TLANAME,CRASHDATE,CRASHDOW,CRASHTIME,MVMT,VEHICLES,CAUSES,OBJECTSSTRUCK,ROADCURVE,ROADWET,LIGHT,WTHRa,JUNCTYPE,TRAFCTRL,ROADMARK,SPDLIM,CRASHFATALCNT,CRASHSEVCNT,CRASHMINCNT,EASTING,NORTHING
Ashburton District,05/04/2014,Sat,2255,PO,CS1E,103A 198A 330A 724B 728B ,,R,W,DN,F , , ,C,100,1,0,0,1522691,5154177
Ashburton District,01/01/2014,Wed,1753,CB,CS1,131A ,TX,R,D,BN,F , ,N,N,100,0,1,0,1478333,5167504
Ashburton District,01/05/2014,Thu,310,DC,CS2,103A 109A ,FT,R,D,DN,F ,T,N,N,70,0,0,1,1499605,5140547
Ashburton District,14/11/2014,Fri,1955,LB,CN14,303B 375B 929 ,,R,D,OF,F ,D,N,C,50,0,0,0,1496973,5136324
Ashburton District,28/07/2014,Mon,1750,FA,VS1C,331A 386A ,,R,D,DN,F , , ,N,100,0,0,0,1481515,5170855
Ashburton District,21/07/2014,Mon,2138,CB,CS1,130A 410A ,P,R,D,DN,F , ,N,C,100,0,0,1,1470313,5141026
Ashburton District,09/11/2014,Sun,1755,DA,CN1,103A 129A 131A ,F,M,D,B ,F , , ,C,100,0,0,0,1471210,5154408
Ashburton District,28/03/2014,Fri,703,FA,CS1C,181A 330A 191B ,,R,W,DN,F , ,N,C,100,0,0,1,1468774,5137851
Ashburton District,25/04/2014,Fri,1625,CB,4N1,129A 358A ,T,R,D,B ,F , , ,C,100,0,0,0,1471772,5144032
Ashburton District,11/08/2014,Mon,530,DA,TS1,111A 131A ,,E,D,DN,F , ,N,C,100,0,0,1,1474720,5161633
Ashburton District,05/09/2014,Fri,2226,CC,CN1,130A 402A 412A ,FP,R,D,DN,F , , ,C,100,0,0,0,1491505,5149417
Ashburton District,10/02/2014,Mon,1815,CC,TS1,112A 129A ,FP,R,D,B ,F , ,N,C,100,0,0,0,1493833,5147489
Ashburton District,07/09/2014,Sun,205,EA,CS1C,103A 129A ,M,R,D,DN,F , , ,C,100,0,0,0,1501584,5135327
Ashburton District,01/01/2014,Wed,950,CB,VS1,410A ,J,R,D,O ,F , , ,C,70,0,0,0,1500990,5139417
Ashburton District,28/05/2014,Wed,1500,MD,EE1C,722A 371B 378B 835 929 ,,R,D,B ,F ,D,N,P,50,0,0,1,1500684,5138169
Ashburton District,20/09/2014,Sat,2011,MO,CS1,130A ,S,R,W,DO,L ,T,G,C,50,0,0,0,1501247,5138691
Ashburton District,22/08/2014,Fri,1055,HA,CS2C,302A 375A ,,R,D,B ,F ,X,G,C,50,0,0,0,1500033,5138224
Ashburton District,23/08/2014,Sat,1307,HA,CN2C,302B 375B ,,R,D,BF,F ,X,G,C,50,0,0,1,1499856,5138060
Ashburton District,06/12/2014,Sat,2000,CA,CN1,103A 130A 433A ,P,R,D,B ,F , , ,C,50,0,0,0,1497050,5135508
Ashburton District,20/08/2014,Wed,855,EA,VW1C,129A 358A ,M,R,D,O ,F ,T,G,R,50,0,0,2,1499925,5137469
Ashburton District,25/10/2014,Sat,219,CB,VE1,103A 130A 433A ,F,R,D,DO,F , , ,N,50,0,0,0,1498752,5139900
Ashburton District,20/07/2014,Sun,1220,DA,CE1,111A 131A ,V,R,D,B ,F ,T,N,C,100,0,0,0,1475307,5135376
Ashburton District,30/05/2014,Fri,1900,CC,CS1,138A 402A ,F,R,D,DN,F , ,N,N,100,0,0,0,1492741,5172552
Ashburton District,01/08/2014,Fri,1800,EA,CS1C,129A ,M,R,D,DO,F , ,N,C,50,0,0,0,1499222,5137497
Ashburton District,10/09/2014,Wed,124,CB,CN1,103A 112A ,P,R,D,DO,F ,X,G,C,50,0,0,0,1499400,5137305
Ashburton District,14/01/2014,Tue,1250,JA,VS1C,308B 375B 926 ,,E,D,B ,F ,D,N,C,50,0,0,0,1499032,5137705
Ashburton District,11/11/2014,Tue,1618,MO,CN1C,371A 386A ,,R,D,B ,F , , ,C,50,0,0,0,1499425,5137961
Ashburton District,17/02/2014,Mon,1218,MO,4S1C,371A 386A ,M,R,D,B ,F , ,N,C,50,0,0,0,1499633,5138154
Ashburton District,14/09/2014,Sun,2022,DB,CE1,131A 410A ,FP,M,D,DN,F , , ,C,100,0,1,0,1493324,5136853
Ashburton District,26/05/2014,Mon,1530,FC,VN1C,181A ,,R,W,OF,L ,T,G,X,50,0,0,2,1497296,5135928
Ashburton District,03/06/2014,Tue,1540,CB,CS1,351A 352A ,E,R,D,B ,F , ,N,N,100,0,1,1,1452650,5179103
Ashburton District,06/02/2014,Thu,1645,DA,CS1,110A 138A 404A ,F,E,D,BN,F , , ,N,100,0,0,0,1482587,5172775
Ashburton District,12/03/2014,Wed,1445,QC,4W1,112A 321A ,N,R,D,B ,F ,X,S,L,100,0,0,1,1518649,5152795
Ashburton District,04/08/2014,Mon,955,MB,CW1C,303B ,,R,D,B ,F , , ,C,50,0,0,0,1499473,5138115
Ashburton District,07/07/2014,Mon,1520,LB,CS1C,303B 375B 930 ,,R,D,BF,F ,D,N,C,50,0,0,0,1499433,5138160
Ashburton District,16/10/2014,Thu,1840,EA,CS1C,129A ,M,R,D,TF,F , , ,C,50,0,0,0,1499020,5138602
Ashburton District,06/12/2014,Sat,1240,MD,CE14,371B 929 ,,R,D,B ,F ,D, ,C,100,0,0,0,1499687,5142152
Ashburton District,27/04/2014,Sun,1730,CB,CE1,130A 801 901 ,CP,R,W,O ,HS, , ,N,100,0,0,0,1503951,5137377
Ashburton District,11/12/2014,Thu,1000,DA,CS1,111A 131A ,V,M,W,ON,M ,X,G,C,50,0,0,0,1488307,5118996
Ashburton District,19/07/2014,Sat,45,NG,CW1E,357A 371A 730B 904 ,,R,D,DO,M , , ,N,50,0,1,0,1490932,5168028
Ashburton District,20/11/2014,Thu,645,JA,VW1C,303B 902 ,,R,D,B ,F ,T,N,C,50,0,0,0,1497003,5136398
Ashburton District,05/10/2014,Sun,330,DA,CN1,135A 645A 802 929 ,CF,R,I,DN,FF,D,N,C,100,0,0,0,1500227,5158187
Ashburton District,14/06/2014,Sat,200,DC,VW2,103A ,T,R,D,DN,F ,T,S,N,100,0,0,0,1520394,5150442
Ashburton District,16/06/2014,Mon,1340,HA,TN2C,301A ,,R,D,O ,F ,X,S,C,100,0,1,1,1491538,5134642
Ashburton District,06/04/2014,Sun,2200,DA,4N1,103A 332A 358A 801 904 ,F,M,W,DN,M , , ,C,100,0,0,1,1481626,5156163
Ashburton District,03/01/2014,Fri,855,CC,4S1,135A 406A 903 ,,R,D,B ,FS, ,N,C,100,0,0,1,1477280,5151687
Ashburton District,01/12/2014,Mon,924,HA,CN2C,301A 375A ,,R,D,B ,F ,X,S,C,50,0,0,0,1499413,5137647
Ashburton District,13/05/2014,Tue,1240,HA,CE1C,321B ,,R,D,O ,F ,X,S,C,50,0,0,0,1499578,5137471
Ashburton District,16/02/2014,Sun,1130,HA,CN1C,302A 335A ,,R,D,B ,F ,X,G,N,50,0,0,0,1500398,5137491
Ashburton District,17/02/2014,Mon,1700,HA,CN1C,113A 302A ,,R,D,B ,F ,X,G,C,50,0,0,0,1500398,5137491
Ashburton District,08/12/2014,Mon,2100,CB,CN1,130A 433A ,CFX,R,D,TN,F , , ,N,100,0,0,2,1520712,5155694
Ashburton District,07/07/2014,Mon,815,QC,TN1,363A 370A 532A 902 ,FNS,R,D,B ,F , ,G,C,50,1,0,0,1502292,5140467
Ashburton District,23/05/2014,Fri,1325,HA,CN2C,302A 834 ,,R,D,B ,F ,X,G,R,50,0,0,0,1499168,5139156
Ashburton District,06/09/2014,Sat,1655,DB,CN1C,103A 111A 131A ,S,M,D,BF,F ,R,G,R,50,0,0,0,1499428,5139421
Ashburton District,19/01/2014,Sun,1440,MO,CW1M,371A ,M,R,D,B ,F , ,N,C,50,0,0,1,1500745,5137649
Ashburton District,06/03/2014,Thu,1630,DA,CN2V,131A 402A ,,R,D,B ,F ,T,G,C,50,0,0,0,1499795,5138305
Ashburton District,04/12/2014,Thu,740,DC,CW1,130A 613A 901 ,S,R,W,O ,H ,X,S,R,100,0,0,0,1482907,5171627
Ashburton District,19/02/2014,Wed,2330,DB,CW1,131A 810 840 ,T,E,W,DN,F , ,N,N,100,0,0,1,1484328,5171280
Ashburton District,14/03/2014,Fri,1126,LB,VE1C,303B 377B 929 ,,R,D,BF,F ,D,N,C,50,0,0,0,1490298,5168751
Ashburton District,14/02/2014,Fri,610,CB,CN1,133A 150A ,FK,R,W,DO,L ,T,G,C,50,0,0,0,1500317,5140168
Ashburton District,17/03/2014,Mon,1030,DA,TS1,129A 350A ,,E,D,BN,F , ,N,C,100,0,0,0,1517723,5157207
Ashburton District,08/11/2014,Sat,1630,CB,4N1,110A 138A 402A ,,R,D,B ,F , , ,N,100,0,0,2,1503232,5128183
Ashburton District,27/05/2014,Tue,630,DB,CW14,410A ,HM,M,D,DO,F ,T,G,C,50,0,0,0,1500519,5139324
Ashburton District,24/01/2014,Fri,15,FA,MW1C,112A 331A 370A ,,R,D,DN,F , , ,C,100,0,0,1,1501452,5138890
Ashburton District,04/04/2014,Fri,345,CB,CS1,134A 358A 402A 407A ,F,R,D,DN,F , , ,C,100,0,0,0,1511903,5136091
Ashburton District,28/03/2014,Fri,1440,MA,TW1C,373B ,,R,D,BN,F , ,N,C,100,0,0,0,1503286,5137923
Ashburton District,20/06/2014,Fri,1705,CB,CW1,129A 501A ,F,R,D,TN,F , ,N,C,100,0,0,1,1506906,5137061
Ashburton District,22/10/2014,Wed,2130,DB,CW1,131A 350A ,V,M,D,DN,F , ,N,C,100,0,0,0,1506899,5125140
Ashburton District,18/04/2014,Fri,1235,BB,CN1C,111A 123A ,,E,W,O ,L , ,N,L,50,1,2,2,1498786,5138298
Ashburton District,31/05/2014,Sat,1555,HA,CN1C,321A 335A ,,R,D,B ,F ,X,S,C,100,3,1,1,1512852,5154761
Ashburton District,07/07/2014,Mon,905,CB,TW1,135A 802 ,F,R,I,ON,F , ,N,C,100,0,1,0,1506860,5155095
Ashburton District,29/07/2014,Tue,2145,DA,CS1,111A 131A ,P,M,D,DN,F , , ,C,100,0,0,0,1520686,5154365
Ashburton District,12/05/2014,Mon,2020,EA,VE1C,386A ,M,R,D,DN,F , ,N,C,100,0,0,0,1490771,5156485
Ashburton District,12/09/2014,Fri,1,DA,CW1,101A 410A ,FS,E,D,DN,F , , ,C,100,0,0,0,1483173,5156363
Ashburton District,14/01/2014,Tue,2000,CC,CE1,101A 129A ,V,R,D,DN,F , ,N,C,100,0,0,0,1499586,5155697
Ashburton District,19/08/2014,Tue,1845,HA,TS24,302A ,,E,D,DN,F ,M,G,C,100,0,0,0,1485650,5145661
Ashburton District,24/08/2014,Sun,1145,DA,CE1,111A 131A 404A ,P,M,D,O ,F ,M,G,C,100,0,0,1,1488583,5145307
Ashburton District,27/08/2014,Wed,820,HA,VW14,301B 363B 902 ,,R,D,B ,F ,X,S,C,100,0,0,2,1468132,5131412
Ashburton District,20/11/2014,Thu,840,PC,CE1E,308A 371A 929 ,,R,D,BF,F ,D,N,C,50,0,0,1,1500594,5137107
Ashburton District,18/12/2014,Thu,745,CA,CW1,112A 130A 813 ,F,R,D,DN,F , , ,N,100,0,0,0,1518715,5154886
Ashburton District,05/09/2014,Fri,1640,MO,CE1C,402A 403A 423A ,M,R,D,O ,F , , ,C,50,0,0,0,1499781,5138051
Ashburton District,26/12/2014,Fri,2100,DA,VS1,103A 111A 131A ,,S,D,TN,F , , ,C,100,0,0,0,1508633,5125224
Ashburton District,07/07/2014,Mon,1439,AC,4N1O,153A 159A ,,R,D,B ,F , , ,C,100,0,1,1,1502567,5135827
Ashburton District,06/09/2014,Sat,1400,MO,4W1CE,371A ,Q,R,D,OF,F , ,N,N,100,0,0,1,1502372,5128899
Ashburton District,19/09/2014,Fri,930,EO,TN1,686A ,X,R,D,BF,F , ,G,C,50,0,0,0,1500135,5138663
Ashburton District,24/05/2014,Sat,910,HA,4S14,302A 375A ,,R,D,B ,F ,R,G,C,50,0,0,1,1500165,5138638
Ashburton District,26/07/2014,Sat,1210,FD,CS1C,132A 358A ,,R,D,B ,F , ,N,P,50,0,0,2,1499957,5138853
Ashburton District,20/06/2014,Fri,910,FD,4E1C,358A 385A ,,R,D,BF,F , ,N,C,50,0,0,0,1500039,5138765
Ashburton District,30/06/2014,Mon,1450,HA,4E1C,302B ,,R,D,BF,F ,X,G,C,50,0,0,0,1499856,5138060
Ashburton District,28/11/2014,Fri,939,DB,CS1,131A 802 901 ,,E,I,O ,H , , ,C,100,0,0,0,1504276,5129614
Ashburton District,14/09/2014,Sun,2300,CA,CN1,130A ,P,R,D,DN,F , , ,N,100,0,1,0,1497544,5147130
Ashburton District,08/11/2014,Sat,2130,CB,CE1,103A 112A 139A 402A ,EX,R,D,DN,F , , ,N,100,0,0,1,1484575,5130657
Ashburton District,23/11/2014,Sun,1308,CC,CE1,112A 130A ,F,R,D,B ,F , , ,N,100,0,0,1,1484429,5130625
Ashburton District,18/01/2014,Sat,214,CB,CS1,130A 412A ,P,R,D,DO,F ,T,S,P,70,0,0,0,1521680,5155078
Ashburton District,20/09/2014,Sat,1650,LB,CS1C,303B 382B ,,R,D,B ,F ,X,S,P,70,0,0,0,1521531,5154726
Ashburton District,26/05/2014,Mon,1605,FD,CS1C,181A ,,R,D,ON,F , ,N,C,100,0,0,0,1520486,5153411
Ashburton District,12/03/2014,Wed,1535,GD,4S1V,387A 144B ,,R,D,B ,F ,X,S,C,100,0,0,0,1519087,5152555
Ashburton District,14/12/2014,Sun,1510,HA,4N2C,301A 382A ,,R,D,BN,F ,X,S,C,100,0,0,1,1519087,5152555
Ashburton District,10/04/2014,Thu,635,DB,CN1,110A 131A ,P,M,W,O ,F ,X,S,C,100,0,0,0,1519087,5152555
Ashburton District,16/03/2014,Sun,1155,EC,4N1,912,W,R,W,O ,H , , ,C,100,0,0,1,1518873,5152425
Ashburton District,04/08/2014,Mon,600,EC,4N1,912,W,R,D,DN,F , , ,C,100,0,0,0,1518660,5152295
Ashburton District,01/09/2014,Mon,1100,DA,CE1,111A 330A 386A ,GPS,M,D,O ,F , ,N,C,100,0,0,0,1515567,5150488
Ashburton District,08/06/2014,Sun,40,CC,CS1,103A 130A 412A 801 ,FP,R,W,DN,L , , ,C,100,0,0,1,1512902,5148789
Ashburton District,08/04/2014,Tue,1450,FA,4S14,331A 370A 817 901 ,,R,W,O ,H , , ,C,100,0,0,0,1510520,5147343
Ashburton District,04/08/2014,Mon,145,CA,CN1,402A 433A ,F,R,D,DN,F ,X,S,C,100,0,0,0,1510221,5147162
Ashburton District,05/06/2014,Thu,1959,KB,4E1C,302B 382B ,,R,D,DN,F ,T,G,C,100,0,0,0,1507575,5145557
Ashburton District,10/12/2014,Wed,900,FA,TN1B,112A 181A 331A 387A 191B 197B 801 ,,R,W,O ,L , , ,C,100,0,0,1,1506701,5144818
Ashburton District,20/06/2014,Fri,635,CB,CN1,135A 802 ,C,R,I,DN,FF, ,N,L,100,0,0,0,1505358,5143563
Ashburton District,04/07/2014,Fri,1520,JA,VN14,302B 377B ,,R,D,BN,F ,T,G,C,100,0,0,1,1502409,5140860
Ashburton District,04/06/2014,Wed,1620,JA,CN1C,301B 375B ,,R,D,B ,F ,T,S,C,100,0,0,2,1501420,5139929
Ashburton District,07/12/2014,Sun,1309,BE,CS1T,103A 133A ,,R,D,BF,F , ,N,C,50,0,0,1,1500877,5139422
Ashburton District,18/05/2014,Sun,715,CB,CS1,130A 410A ,T,R,D,O ,F ,T,N,P,50,0,0,0,1500789,5139342
Ashburton District,27/12/2014,Sat,1155,FD,CS1V4,181A ,,R,D,B ,F , , ,P,50,0,0,0,1500268,5138855
Ashburton District,30/10/2014,Thu,1612,MC,CN14,191A 372B 671B ,,R,D,B ,F ,T,S,C,50,0,0,1,1500194,5138787
Ashburton District,08/11/2014,Sat,1650,HA,CN1C,302A 375A ,,E,D,BF,F ,R,G,R,50,0,0,0,1500107,5138707
Ashburton District,20/04/2014,Sun,2216,HA,CS2C,302A 375A ,,E,W,DO,L ,R,G,R,50,0,0,0,1500093,5138707
Ashburton District,20/02/2014,Thu,1205,FD,CE1TC4,181A 330A 181B ,,R,D,B ,F , ,N,P,50,0,0,0,1500020,5138625
Ashburton District,23/10/2014,Thu,840,FD,TN1C,331A ,,R,D,B ,F , , ,P,50,0,0,0,1499895,5138509
Ashburton District,25/10/2014,Sat,1140,FD,CS1CC,331A 352A ,,R,D,B ,F , ,N,C,50,0,0,0,1499628,5138260
Ashburton District,13/06/2014,Fri,1721,LB,CS1C,303B ,,R,D,DO,F ,X,T,L,50,0,0,0,1499472,5138116
Ashburton District,14/11/2014,Fri,210,FE,TS1C,181A 331A ,,R,D,DO,F ,X,T,C,50,0,0,0,1499472,5138116
Ashburton District,15/02/2014,Sat,1720,FE,CS1C,130A 427A 504A ,,R,D,B ,F ,X,T,C,50,0,0,1,1499472,5138116
Ashburton District,03/07/2014,Thu,1810,LB,CS1C,303B 387B ,,R,D,DO,F ,X,T,C,50,0,0,0,1499208,5137868
Ashburton District,03/07/2014,Thu,1755,LB,CN2C,303B 375B ,,R,D,TO,F ,X,T,C,50,0,0,0,1499208,5137868
Ashburton District,22/11/2014,Sat,930,LB,4N1C,103A 303B 353B ,,R,D,BF,F ,X,T,R,50,0,0,0,1499208,5137868
Ashburton District,27/05/2014,Tue,1600,JA,CE1C,301B 375B ,,M,D,B ,F ,T,S,C,50,0,0,0,1499139,5137766
Ashburton District,24/01/2014,Fri,1624,CB,CN1,129A 134A 500A ,G,R,D,BF,F , ,N,R,50,0,0,1,1499117,5137718
Ashburton District,02/07/2014,Wed,1650,NB,TN1E,713B ,,E,D,O ,F ,T,G,C,50,0,1,0,1499109,5137699
Ashburton District,10/04/2014,Thu,1158,MA,TN1CC,330B 373B ,M,R,W,O ,F , ,N,C,50,0,0,0,1499108,5137698
Ashburton District,23/12/2014,Tue,1156,FD,VN1C,181A 330A ,,R,D,B ,F ,T,G,C,50,0,0,1,1498998,5137567
Ashburton District,09/12/2014,Tue,1130,LB,CW1T,303B 375B ,,R,D,OF,F ,T,G,L,50,0,0,0,1498995,5137564
Ashburton District,23/07/2014,Wed,1220,LB,CN1V,303B 330B ,,R,D,B ,F ,T,G,C,50,0,1,1,1498232,5136976
Ashburton District,12/02/2014,Wed,1750,MC,VS1C,372B ,,R,W,O ,H , , ,C,50,0,0,0,1498001,5136796
Ashburton District,25/08/2014,Mon,830,JA,VS1C,301B 375B ,,R,D,O ,F ,T,S,C,50,0,0,0,1497922,5136734
Ashburton District,13/10/2014,Mon,1024,JA,CW1V,301B 375B ,,R,D,B ,F ,T,S,P,50,0,0,0,1497706,5136565
Ashburton District,03/06/2014,Tue,839,FD,CN1C,181A 363A 902 ,,R,D,B ,F , ,N,C,50,0,0,0,1497598,5136481
Ashburton District,21/01/2014,Tue,1210,JA,CW1C,301B 375B ,,R,D,B ,F ,T,S,C,50,0,0,0,1497482,5136391
Ashburton District,15/11/2014,Sat,1950,HA,CS1C,103B 301B ,H,R,D,BF,F ,X,S,C,50,0,0,1,1497309,5136257
Ashburton District,09/07/2014,Wed,1710,JA,CS1C,301B 375B ,,R,D,OF,F ,T,S,P,50,0,0,0,1497133,5136120
Ashburton District,04/07/2014,Fri,1540,FA,TN1C,132A 387A ,,M,D,O ,F , ,N,C,100,0,0,0,1497075,5136075
Ashburton District,05/06/2014,Thu,1105,CB,CW1T,129A 361A ,M,R,D,B ,F , , ,C,50,0,0,2,1497054,5136059
Ashburton District,22/11/2014,Sat,1730,MC,CW1C,381B 901 903 ,,R,W,O ,HS, , ,C,50,0,0,0,1497039,5136047
Ashburton District,24/11/2014,Mon,830,AO,TW1C,372A 150B 692B ,V,R,D,B ,F , , ,C,100,0,2,0,1491441,5131691
Ashburton District,28/07/2014,Mon,2038,BA,4N1T,129A 205A ,,R,D,DN,F , , ,C,100,1,0,1,1489849,5130456
Ashburton District,28/06/2014,Sat,1453,BA,CN1C,133A ,,R,D,B ,F , , ,L,100,0,0,0,1486499,5127851
Ashburton District,10/01/2014,Fri,1615,FA,CN1CT,331A 197C ,E,R,D,B ,F , , ,C,100,0,0,0,1486317,5127710
Ashburton District,30/01/2014,Thu,2340,AB,CS1T,154A 434A ,,R,D,DN,F , ,N,C,100,0,0,0,1486262,5127668
Ashburton District,05/02/2014,Wed,1420,JA,CN1C,308B 377B 839 922 ,,R,D,B ,F ,D, ,P,70,0,0,2,1485283,5126832
Ashburton District,30/08/2014,Sat,1210,FA,VE1V,181A 331A ,,R,D,B ,F , , ,C,100,0,0,0,1485008,5126617
Ashburton District,18/04/2014,Fri,312,PA,CS1E,722B 724B 901 ,,R,W,DN,H , ,N,C,100,1,0,0,1480283,5124513
Ashburton District,25/12/2014,Thu,1740,CC,CE1,130A 412A ,F,R,D,B ,F ,X,G,C,100,0,0,1,1478588,5123887
Ashburton District,28/08/2014,Thu,1840,QG,4W1,136A 665A ,,R,D,DO,F , ,N,C,100,0,0,0,1477202,5123366
Ashburton District,21/11/2014,Fri,1200,CA,CS1,129A 130A 352A ,V,R,D,B ,F , , ,C,100,0,0,0,1476136,5122961
Ashburton District,17/03/2014,Mon,1740,CB,ON1,129A 330A ,G,R,D,ON,F , ,N,C,100,0,0,0,1473799,5122073
Ashburton District,18/07/2014,Fri,635,CA,4W1,135A 802 ,B,R,I,DN,FF, ,N,C,100,0,0,0,1472495,5121346
Ashburton District,26/04/2014,Sat,250,CB,VN1,103A 133A ,H,R,D,DO,F , , ,C,50,0,0,0,1499140,5137941
Ashburton District,22/05/2014,Thu,1035,HA,CE24,301A ,,R,D,O ,F ,X,S,C,50,0,0,0,1499056,5138030
Ashburton District,12/05/2014,Mon,2245,DA,CN1,103A 410A ,T,E,W,DN,F , ,N,C,100,0,0,0,1497783,5141193
Ashburton District,12/06/2014,Thu,1720,FD,4N1CC,181A ,,R,D,DN,F ,T,G,C,100,0,0,0,1498098,5143290
Ashburton District,05/04/2014,Sat,1813,DB,CN2,103A 111A 131A ,C,R,W,OF,M ,T,S,C,100,0,0,0,1498131,5143490
Ashburton District,15/07/2014,Tue,2115,EC,CN1,912,W,R,D,DN,F , ,N,C,100,0,0,0,1495120,5148345
Ashburton District,12/04/2014,Sat,1115,GE,4N1C,157A 160A 387A ,,R,W,O ,F ,X,S,C,100,0,0,0,1494994,5148501
Ashburton District,12/05/2014,Mon,1845,DC,VN1,335A 404A ,SX,E,D,DN,F ,X,G,C,100,0,0,0,1490671,5156492
Ashburton District,07/06/2014,Sat,1815,DC,CW1,380A 801 904 ,X,M,W,DN,M ,X,G,C,100,0,0,0,1490671,5156492
Ashburton District,02/09/2014,Tue,1009,HA,CW24,302A ,,R,D,B ,F ,X,G,C,50,0,0,1,1490858,5168029
Auckland,07/09/2014,Sun,751,FF,TW1C,181A 191B ,,E,D,BF,F , ,N,N,80,0,0,0,1756842,5919165
Auckland,21/03/2014,Fri,258,DA,TW1,111A 131A ,GT,M,D,DO,F , , ,C,100,1,0,0,1767886,5903891
Auckland,15/06/2014,Sun,740,DA,CS1,101A 131A 412A ,P,E,D,O ,F , , ,C,100,0,0,0,1767836,5903898
Auckland,20/08/2014,Wed,709,AC,TS1C,129A ,,M,W,BF,F , ,N,N,100,0,0,1,1767935,5903888
Auckland,30/09/2014,Tue,1744,FD,4E1CCC,331A 358A ,,R,D,BF,F , ,N,N,80,0,0,0,1756614,5919216
Auckland,20/06/2014,Fri,1615,FD,CE1C,181A ,,R,D,BF,F ,Y,N,R,100,0,0,0,1756460,5919158
Auckland,10/04/2014,Thu,252,BF,CS1T,101A 111A 131A 206A 817 ,,M,D,DO,F , , ,N,80,0,0,0,1756610,5919230
Auckland,16/10/2014,Thu,816,FD,TN14C,111A 331A 358A ,CG,E,D,B ,F , , ,N,100,0,0,0,1767911,5903937
Auckland,18/10/2014,Sat,18,DA,CE1,103A 129A ,G,M,W,DO,H , ,N,N,100,0,0,1,1768104,5903893
Auckland,22/04/2014,Tue,1831,DA,CE1,102A 410A ,G,E,D,DO,F , , ,C,100,0,0,0,1768016,5903915
Auckland,02/04/2014,Wed,1724,MO,MW1,101A 131A ,K,E,D,O ,F , , ,N,50,0,1,0,1752555,5917656
Auckland,27/02/2014,Thu,1132,EA,CW1C,129A 504A ,M,R,D,BF,F , ,N,C,50,0,0,1,1762147,5916088
Auckland,29/01/2014,Wed,709,CB,CE1,130A 645A ,P,R,D,B ,F , , ,C,50,0,0,0,1762711,5916091
Auckland,20/05/2014,Tue,630,MC,CW1C,372B ,,R,D,DO,F , ,N,C,50,0,0,0,1761536,5915966
Auckland,05/09/2014,Fri,552,CA,VW1,132A 330A 632A 901 ,,R,W,DO,H , , ,C,50,0,0,1,1761652,5915995
Auckland,14/01/2014,Tue,1710,JA,CE1C,308B 375B 930 ,,R,D,OF,F ,D,N,C,50,0,0,1,1761701,5916003
Auckland,11/04/2014,Fri,1730,FE,CE1C,331A ,,R,D,TO,F ,X,T,C,50,0,0,0,1763190,5915990
Auckland,20/03/2014,Thu,1306,EA,CW1C,129A ,M,E,D,B ,F , , ,C,50,0,0,0,1762958,5916036
Auckland,17/03/2014,Mon,1520,NA,CW1E,306A 376A ,,R,D,B ,F , , ,X,50,0,0,1,1757054,5930943
Auckland,05/11/2014,Wed,100,DC,CW2,103A 357A 506A 512A ,H,R,W,DO,F ,T,G,C,50,0,0,0,1770097,5914549
Auckland,14/06/2014,Sat,1612,QG,CW1,682A ,F,R,D,B ,F ,T,G,C,50,0,0,0,1761822,5908626
Auckland,21/06/2014,Sat,1119,FB,CE1C,181A 387A ,,E,D,O ,F ,X,T,C,60,0,0,0,1769928,5908142
Auckland,01/04/2014,Tue,705,FB,CN1C,181A ,,R,D,B ,F ,T,G,C,50,0,0,0,1769136,5909159
Auckland,14/06/2014,Sat,2124,KB,CS1C,300B ,,R,D,DO,F ,T,N,C,50,0,0,1,1738918,5928715
Auckland,05/03/2014,Wed,1330,JA,VS1C,145A 301B 387B 901 ,,R,W,O ,H ,T,S,C,50,0,0,0,1738901,5928687
Auckland,11/06/2014,Wed,1820,EA,CE1T,103A 129A ,M,M,D,DO,F , ,N,C,50,0,0,0,1766729,5901398
Auckland,16/02/2014,Sun,1345,PO,CW1E,357A 514A 720B ,,R,D,B ,F , , ,N,50,0,1,0,1766521,5901327
Auckland,22/12/2014,Mon,1309,CA,CS1C,112A 130A 514A ,MP,R,D,B ,F , , ,N,50,0,0,0,1758629,5913526
Auckland,02/03/2014,Sun,100,DB,CW1,131A 402A ,F,M,D,DN,F , ,N,C,80,0,0,0,1746462,5958940
Auckland,17/12/2014,Wed,1430,DB,CE1,111A 131A 801 ,,E,W,O ,L , , ,C,70,0,0,0,1774690,5900154
Auckland,05/10/2014,Sun,700,CA,CW1,112A 129A 130A ,P,R,W,O ,F , , ,C,70,0,0,0,1772626,5899389