TLANAME,CRASHDATE,CRASHDOW,CRASHTIME,MVMT,VEHICLES,CAUSES,OBJECTSSTRUCK,ROADCURVE,ROADWET,LIGHT,WTHRa,JUNCTYPE,TRAFCTRL,ROADMARK,SPDLIM,CRASHFATALCNT,CRASHSEVCNT,CRASHMINCNT,EASTING,NORTHING
Auckland,17/10/2014,Fri,1507,QG,VW1C,402A 687A ,,R,D,O ,F , , ,C,70,0,0,0,1771956,5899141
Auckland,01/01/2014,Wed,615,KA,SW1C,302B 375B ,,R,D,B ,F ,R,G,R,50,0,0,1,1771716,5899043
Auckland,03/02/2014,Mon,1415,JA,CE1C,308B 378B 835 929 ,,E,D,B ,F ,D, ,C,50,0,0,2,1758716,5904717
Auckland,23/12/2014,Tue,900,MC,CE1C,372B ,,R,D,B ,F , ,N,N,50,0,0,0,1756097,5918340
Auckland,29/07/2014,Tue,1803,QB,CN1,428A ,P,R,D,ON,F ,T,G,C,50,0,0,1,1755512,5914257
Auckland,15/07/2014,Tue,820,MO,CW1C,385A ,M,R,D,BF,F , ,N,C,50,0,0,0,1756918,5918244
Auckland,12/08/2014,Tue,1645,NB,CN1E,713B ,,R,W,TF,HS, ,N,C,50,0,0,1,1756516,5926281
Auckland,24/11/2014,Mon,1927,NA,CS1E,194A 713B ,,R,D,O ,F , , ,P,50,0,0,1,1756386,5926411
Auckland,28/11/2014,Fri,1730,JA,CN1C,308B 922 ,,R,D,OF,F ,D,N,P,50,0,0,1,1756002,5926750
Auckland,17/10/2014,Fri,1743,JA,4N14,308B 314B 377B 925 ,,R,D,BF,FS,D,N,P,50,0,0,0,1756036,5926714
Auckland,09/05/2014,Fri,1638,LB,CN1C,303B 375B 927 ,,R,W,O ,F ,D,N,C,50,0,1,0,1756104,5926640
Auckland,28/08/2014,Thu,1732,AA,4N1C,372A ,,R,D,B ,F , , ,C,50,0,0,0,1756177,5926573
Auckland,12/11/2014,Wed,1745,FE,CW1C,181A 191B ,,R,D,OF,F ,T,T,R,50,0,0,0,1755962,5926779
Auckland,26/08/2014,Tue,1712,FA,BN1CC,129A 386A ,,E,D,O ,F , , ,C,50,0,0,0,1756687,5926066
Auckland,23/08/2014,Sat,500,FE,4N1C,181A ,,R,D,DO,F ,T,T,C,50,0,0,0,1757014,5925861
Auckland,27/10/2014,Mon,1538,DB,CN1,131A 504A ,T,E,D,O ,F ,X,S,N,80,0,0,0,1753035,5934560
Auckland,30/05/2014,Fri,2325,LB,4N1C,323B 334B ,,R,D,DO,F ,X,T,C,50,0,0,0,1751629,5934054
Auckland,22/12/2014,Mon,1915,LB,CN1C,303B 382B ,,R,D,TO,F ,X,T,C,50,0,0,0,1751629,5934054
Auckland,11/01/2014,Sat,2323,LB,4W1C,323B ,,R,D,DO,F ,X,T,R,80,0,0,1,1752494,5933313
Auckland,04/09/2014,Thu,1649,FD,CE1C4,112A 181A 331A 801 ,,R,W,O ,L ,T,N,R,50,0,0,0,1752832,5933223
Auckland,04/09/2014,Thu,1005,AC,CE1C,372A 381A 817 ,,E,D,B ,F ,R,G,C,50,0,0,0,1753273,5933085
Auckland,04/07/2014,Fri,1300,AO,CN1C,381A ,,E,D,BF,F ,R,G,R,50,0,0,0,1753257,5933067
Auckland,22/04/2014,Tue,1216,AA,TS1C,372A ,,S,D,BF,F ,R,G,C,50,0,0,0,1753273,5933085
Auckland,12/04/2014,Sat,,GF,CS1C,381A ,,M,D,BF,F ,R,G,R,50,0,0,0,1753262,5933079
Auckland,23/08/2014,Sat,1154,FB,CE14,181A ,,E,D,BF,F ,R,G,R,50,0,0,0,1753258,5933082
Auckland,13/09/2014,Sat,1429,AC,CW1CC,331A 372A ,,R,D,BF,F ,X,T,C,70,0,0,0,1752502,5933324
Auckland,23/05/2014,Fri,1535,HA,CS2C,322A 334A ,,R,D,B ,F ,X,T,R,80,0,0,0,1752502,5933324
Auckland,31/03/2014,Mon,1815,FB,CS1C,331A 387A 357B ,,R,D,B ,F ,X,T,C,50,0,0,0,1752502,5933324
Auckland,31/07/2014,Thu,1750,AA,VW1V,184A 372A ,,R,D,BF,F , ,N,C,70,0,0,0,1753232,5933085
Auckland,14/09/2014,Sun,1300,AA,CW1C,184A 372A ,,R,D,BF,F , ,N,C,70,0,0,0,1753171,5933118
Auckland,11/03/2014,Tue,1328,GB,CE14,173A ,,M,D,B ,F ,R,G,C,80,0,0,0,1753262,5933079
Auckland,08/06/2014,Sun,1726,FE,CW1CC,181A 181B ,,R,D,TO,F ,T,T,C,80,0,0,0,1752142,5933575
Auckland,01/07/2014,Tue,1532,DA,CS1,133A 801 926 ,CV,E,W,ON,H ,D,N,C,50,0,0,0,1751493,5933662
Auckland,08/07/2014,Tue,1805,KB,CS1C,322A 358A 801 ,,R,W,DO,L ,X,T,C,50,0,0,0,1752032,5930706
Auckland,06/10/2014,Mon,1558,FB,VN1C,181A ,,R,D,OF,F ,X,T,C,50,0,0,1,1752032,5930706
Auckland,16/07/2014,Wed,1607,JA,4N1C,323B 334B ,,R,D,DO,F ,X,T,C,50,0,0,0,1752032,5930706
Auckland,12/11/2014,Wed,1634,FD,CN1C,181A 191A 402A 800 ,,R,W,O ,F , , ,C,50,0,0,0,1751180,5931736
Auckland,04/02/2014,Tue,2024,AC,CN14,198A 330A ,,R,D,DO,F , , ,R,50,0,0,0,1752172,5930589
Auckland,04/09/2014,Thu,702,AA,CS14,372A ,,R,D,B ,F , , ,P,50,0,0,0,1751789,5930939
Auckland,25/06/2014,Wed,1138,FE,CN1CC,331A 402A 801 ,,R,W,O ,L ,X,T,R,50,0,0,0,1751894,5930859
Auckland,09/09/2014,Tue,1650,FA,CS1C,331A ,,R,D,TF,F , , ,R,50,0,0,0,1752022,5930718
Auckland,21/08/2014,Thu,633,LB,CS1C,303B 334B ,,R,W,DO,F ,X,T,C,50,0,0,0,1751870,5930883
Auckland,12/09/2014,Fri,1530,FE,4N1C,181A 331A 403A ,,R,D,O ,F ,X,T,C,50,0,1,0,1751629,5934054
Auckland,02/04/2014,Wed,955,FA,CS14,181A ,,R,D,B ,F , , ,P,50,0,0,0,1751543,5933855
Auckland,17/06/2014,Tue,820,FE,CN1C,181A ,,R,W,OF,L , ,T,P,50,0,0,0,1751232,5931425
Auckland,26/09/2014,Fri,1222,GF,CN1C,172A 355A 372A 404A ,,E,D,O ,F ,T,T,C,50,0,0,0,1751223,5931443
Auckland,26/05/2014,Mon,2215,FD,4S14C,331A 355A ,,R,D,DO,F ,R,S,C,50,0,0,0,1751131,5932339
Auckland,18/03/2014,Tue,947,FB,CN1C,181A 387A 191B ,,R,D,B ,F ,R,S,C,50,0,0,0,1751135,5932289
Auckland,26/06/2014,Thu,1718,FD,CS1C,181A 331A ,,R,W,OO,L ,R,G,C,50,0,0,0,1751136,5932274
Auckland,12/03/2014,Wed,1300,JA,CS1C,302B ,,R,D,O ,F ,T,G,R,50,0,0,0,1751584,5931091
Auckland,12/08/2014,Tue,1458,JA,VE1C,302B ,,R,D,O ,F ,T,G,C,50,0,0,0,1751584,5931091
Auckland,20/02/2014,Thu,1600,MC,4S1C,372B ,,R,D,OF,F , ,N,C,50,0,0,0,1752072,5930674
Auckland,21/05/2014,Wed,1715,FD,CS1C,181A ,,R,W,TF,L , , ,C,50,0,0,0,1753365,5929825
Auckland,29/05/2014,Thu,1546,FD,CS1C,331A ,,R,W,O ,F , , ,C,50,0,0,0,1753365,5929825
Auckland,08/09/2014,Mon,1801,LB,MS1C,322A 334A ,,R,D,B ,F ,X,T,N,50,0,1,0,1753387,5929804
Auckland,20/08/2014,Wed,1123,FE,VS1C,181A 331A ,,R,W,O ,F ,X,T,C,50,0,0,0,1753387,5929804
Auckland,31/03/2014,Mon,1011,MC,CW1C,330B 372B ,,M,D,B ,F , ,N,C,70,0,0,0,1753121,5930051
Auckland,01/12/2014,Mon,1550,LB,CS144,303B 353B 375B ,,E,D,BF,F ,T,G,R,70,0,0,0,1753169,5930037
Auckland,07/12/2014,Sun,1930,LB,CE1C,303B ,,E,D,TN,F ,T,G,C,70,0,0,0,1753169,5930037
Auckland,03/11/2014,Mon,2048,LB,CS1B,303B 375B ,,R,D,BF,F ,T,G,C,50,0,0,0,1753169,5930037
Auckland,19/12/2014,Fri,1151,JA,CE1V,302B ,,E,D,B ,F ,T,G,R,50,0,0,2,1753169,5930037
Auckland,08/04/2014,Tue,836,JA,CE1C,302B ,,E,D,B ,F ,T,G,R,70,0,0,1,1753169,5930037
Auckland,27/02/2014,Thu,900,FD,CS1CC,181A ,,R,D,BF,F , ,N,C,50,0,0,0,1751085,5933349
Auckland,18/06/2014,Wed,715,AO,CE1C,357A ,,E,D,TF,F , ,T,N,100,0,0,0,1752023,5930694
Auckland,20/08/2014,Wed,2341,CA,CN1,130A 330A ,G,R,W,DO,L , , ,N,50,0,0,0,1752064,5930745
Auckland,01/01/2014,Wed,1134,DB,CE2,131A 402A 403A ,,R,W,OF,L ,T,G,C,50,0,0,0,1752032,5930706
Auckland,29/11/2014,Sat,30,EA,CW1C,129A ,M,R,D,DO,F , ,N,C,50,0,0,0,1760702,5923208
Auckland,28/03/2014,Fri,1547,MG,CS1C,371B ,,R,D,BF,F , ,N,C,50,0,0,0,1757393,5920924
Auckland,12/06/2014,Thu,2005,LB,CS1C,303B 322B ,,R,W,DO,L ,T,T,C,50,0,0,0,1757400,5920942
Auckland,25/01/2014,Sat,2230,FE,VN1C,331A ,,R,D,DO,F ,X,T,C,50,0,0,1,1757400,5920942
Auckland,29/11/2014,Sat,542,MB,CS1X,303B 375B ,,R,W,DO,F ,T,T,C,50,0,0,0,1757259,5920568
Auckland,17/10/2014,Fri,2253,EA,VS1C,103A 129A ,M,E,D,DO,F , , ,N,50,0,0,0,1757277,5920616
Auckland,03/12/2014,Wed,757,AO,BS1C,671A ,,R,D,BF,F ,X,T,C,50,0,0,0,1757400,5920942
Auckland,09/12/2014,Tue,1645,NF,CW1E,341A 353A 926 ,,R,D,OF,F ,D,N,P,50,0,1,0,1757263,5920577
Auckland,18/09/2014,Thu,930,AA,BN1V,330A 372A 191B ,,R,D,O ,F , , ,N,50,0,0,0,1757270,5920596
Auckland,01/05/2014,Thu,2300,FD,CS1CC,103A 181A ,,R,D,DO,F , ,N,C,50,0,0,0,1757241,5920521
Auckland,26/12/2014,Fri,2135,AO,CN1C,157A 209A ,,R,D,DO,F ,T,G,P,50,0,0,1,1757368,5920856
Auckland,30/10/2014,Thu,1015,MO,CN1C,330B 371B ,,R,D,O ,F ,X,T,C,50,0,0,0,1764863,5910289
Auckland,26/05/2014,Mon,1730,AO,CN1B,381A ,,R,D,DF,F ,X,T,C,50,0,0,0,1757332,5920761
Auckland,12/12/2014,Fri,1020,LB,CS1C,303B 334B ,,R,W,OF,L ,T,T,C,50,0,0,0,1757332,5920761
Auckland,06/07/2014,Sun,1400,FA,CS1V,331A 358A ,,R,D,BF,F , ,N,C,50,0,0,0,1768765,5881496
Auckland,17/12/2014,Wed,1640,NO,BN1E,710B 732B ,,R,D,B ,F ,X,T,C,50,0,0,1,1757227,5920482
Auckland,31/12/2014,Wed,600,AA,XS1M,330A 372A 671A ,,R,D,B ,F ,X,T,C,50,0,0,1,1757159,5920296
Auckland,06/07/2014,Sun,245,FE,CS1V,181A ,,R,W,DO,L ,X,T,C,50,0,0,0,1757152,5920277
Auckland,20/03/2014,Thu,2036,HA,4E2C,302A 375A 112B ,,R,D,DO,F ,X,G,L,50,0,0,1,1757368,5920856
Auckland,25/11/2014,Tue,1650,JA,BN1C,302B 378B 817 838 ,,R,D,BF,F ,X,G,P,50,0,0,0,1757368,5920856
Auckland,24/02/2014,Mon,1635,BB,CW2S,129A ,Q,E,D,BF,F ,X,T,C,50,0,0,1,1757292,5920655
Auckland,05/12/2014,Fri,735,NA,CS1E,711B ,,R,D,B ,F ,T,G,C,50,0,0,0,1753365,5916191
Auckland,24/06/2014,Tue,1945,GA,CS1C,181A ,,R,D,B ,F ,T,N,C,50,0,0,0,1753862,5916899
Auckland,23/04/2014,Wed,1555,NA,CN1E,363A 370A 711B 902 ,,E,D,B ,F ,R,G,R,50,0,0,1,1745695,5917422
Auckland,10/09/2014,Wed,1200,JA,CS1C,308B 927 ,,R,D,B ,F ,D,N,C,50,0,0,0,1745673,5917455
Auckland,16/05/2014,Fri,1600,LB,CS1C4,302A ,,M,D,B ,F ,R,G,C,50,0,0,0,1745717,5917401
Auckland,03/10/2014,Fri,800,HA,CN1S,302A ,,R,D,B ,F ,R,G,R,50,0,0,1,1745717,5917401
Auckland,11/07/2014,Fri,935,MG,4W1V,371B ,,R,W,OF,HS,X,T,C,50,0,0,0,1745342,5917395
Auckland,05/09/2014,Fri,620,KA,CN1V,184B 303B 801 ,,R,W,TO,L ,X,T,C,50,0,0,0,1745342,5917395
Auckland,17/04/2014,Thu,1550,AA,BW14,386A ,,E,W,O ,F , , ,C,50,0,0,0,1745471,5917455
Auckland,21/05/2014,Wed,850,FB,CN1C,181A ,,R,D,B ,F ,R,G,C,50,0,0,0,1745579,5917536
Auckland,30/05/2014,Fri,2330,EA,CW1M,371A ,M,R,D,DO,F , ,N,N,50,0,0,0,1755478,5936389
Auckland,02/08/2014,Sat,2300,DC,CW2,101A 335A ,F,R,D,DO,F ,T,N,N,50,0,0,0,1767001,5908581
Auckland,06/12/2014,Sat,515,DA,CE1,103A 402A 410A ,P,E,W,DO,L , , ,N,50,0,0,1,1766827,5908901
Auckland,11/03/2014,Tue,1515,NA,CN1E,713B ,,R,D,BF,F ,T,N,N,50,0,0,1,1766810,5908070
Auckland,07/06/2014,Sat,134,DA,CN2,111A 131A 514A ,T,R,D,DO,F ,T,N,C,50,0,0,0,1764344,5909233
Auckland,12/09/2014,Fri,1948,EA,CN1C,103A 129A ,M,R,W,DO,H , ,N,C,50,0,0,0,1751271,5917412
Auckland,12/02/2014,Wed,1613,DA,CE2C,111A 131A 430A ,M,R,D,OF,F ,X,S,C,50,0,0,0,1759828,5912260
Auckland,21/07/2014,Mon,728,HA,VN1C,321B 375B ,,R,W,OF,L ,X,S,C,50,0,0,0,1759787,5912748
Auckland,03/06/2014,Tue,2146,BA,CE1C,112A 129A 130A 402A 197B ,G,R,D,DO,F , , ,L,50,0,0,0,1769862,5901231
Auckland,07/02/2014,Fri,2113,CC,CS1,110A 130A 402A 800 801 ,F,R,W,DN,L , , ,C,100,0,1,0,1773868,5902600
Auckland,07/11/2014,Fri,1145,DB,CS1,103A 111A 131A ,FP,M,D,ON,F , ,N,L,100,0,0,0,1773539,5901982
Auckland,18/07/2014,Fri,1220,CB,CE1,358A ,P,R,D,O ,F , , ,C,50,0,0,0,1769325,5901010
Auckland,16/06/2014,Mon,1440,FB,CS2C,331A ,,R,W,O ,L ,T,S,C,50,0,0,0,1769380,5901033
Auckland,07/06/2014,Sat,1514,NA,CE1E,386A ,,R,D,O ,F ,T,N,P,50,0,0,1,1769338,5901015
Auckland,10/04/2014,Thu,630,KB,CE1C,302B ,,R,D,O ,F ,T,G,C,50,0,0,0,1769343,5901017
Auckland,14/07/2014,Mon,1848,FD,CE14,181A 331A ,,R,D,DO,F , , ,C,50,0,0,0,1768944,5900851
Auckland,18/06/2014,Wed,1410,FE,CN2C,331A 357A ,,R,D,B ,F ,X,T,C,50,0,0,0,1768916,5900839
Auckland,15/10/2014,Wed,1912,GD,ME1C,331A 352A 930 ,,R,D,TN,F ,D,N,C,80,0,0,1,1772588,5901553
Auckland,23/02/2014,Sun,1056,GA,CW1C,331A 350A 929 ,,R,D,BN,F ,D,N,L,80,0,0,2,1773275,5901854
Auckland,18/10/2014,Sat,1600,HA,CS2C,302A 375A ,,R,W,OF,L ,R,G,R,80,0,0,0,1772538,5901520
Auckland,22/06/2014,Sun,1702,HA,CN2C,302A 330A ,,R,D,OF,F ,R,G,R,50,0,0,0,1772538,5901520
Auckland,07/01/2014,Tue,1548,GE,CS1C,160A 353A 929 ,PS,R,D,BF,F ,D, ,C,80,0,0,0,1771154,5901490
Auckland,22/12/2014,Mon,725,MD,TW1C,129B 929 ,,R,D,B ,FF,D,N,C,50,0,0,0,1770421,5901465
Auckland,11/12/2014,Thu,815,JA,CW14,302B 377B ,,R,W,O ,L ,T,G,C,50,0,0,0,1770487,5901493
Auckland,26/11/2014,Wed,1619,MA,MW1C,373B ,,R,D,O ,F , , ,P,50,0,0,0,1769517,5901090
Auckland,24/02/2014,Mon,830,JA,CW1C,301B 363B 902 ,,R,D,BF,F ,T,S,C,50,0,0,0,1769656,5901146
Auckland,22/12/2014,Mon,2230,CB,CE1,103A 112A ,FI,R,D,DO,F ,T,N,R,50,0,1,0,1770545,5901517
Auckland,14/01/2014,Tue,1750,HA,CS2C,302A ,,E,D,BF,F ,R,G,R,50,0,0,0,1770896,5901673
Auckland,28/02/2014,Fri,900,BA,CS1C,129A ,,R,D,B ,F , , ,N,50,0,0,0,1760456,5914080
Auckland,08/06/2014,Sun,200,DC,CW1,101A 112A 514A ,C,R,D,DO,F ,T,N,C,50,0,0,0,1780940,5926049
Auckland,26/08/2014,Tue,545,CC,TS1T,130A 412A ,M,R,D,DO,F , , ,C,50,0,0,0,1762404,5906939
Auckland,30/12/2014,Tue,1600,ME,CS1C,181A 387A ,,R,D,B ,F , , ,C,50,0,0,0,1766705,5905850
Auckland,02/11/2014,Sun,415,CC,CN1V,103A 129A 350A ,M,R,D,DO,F ,T,N,N,50,0,0,1,1766447,5905622
Auckland,13/08/2014,Wed,1629,GO,CS1T,158B ,,R,W,TF,L ,T,S,C,50,0,0,0,1766262,5905375
Auckland,31/08/2014,Sun,1030,MF,CN1C,370B 371B 402B ,,R,D,O ,F ,T,S,C,50,0,0,0,1766700,5905843
Auckland,07/12/2014,Sun,50,DA,CS1C,111A 131A ,M,R,D,DO,F ,T,G,N,50,0,0,0,1752654,5916012
Auckland,15/11/2014,Sat,409,DC,CS2C,302A ,M,R,D,DO,F ,T,G,N,50,0,0,0,1752654,5916012
Auckland,30/09/2014,Tue,910,ME,CS1C,371B ,,R,D,BF,F , ,N,N,50,0,0,0,1752914,5916319
Auckland,07/06/2014,Sat,2332,CC,CW1,103A 130A 410A ,T,R,D,DO,F , ,N,C,50,0,0,0,1752978,5916395
Auckland,16/09/2014,Tue,731,HA,CE2C,301B 402B ,,R,W,O ,H ,X,S,N,50,0,0,0,1753043,5916472
Auckland,01/02/2014,Sat,2350,EA,CW1C,129A ,M,R,D,DO,F , ,N,N,50,0,0,0,1752583,5915929
Auckland,10/06/2014,Tue,1705,LB,CS1CC,303B 375B ,,R,W,DO,H ,T,G,C,50,0,0,0,1768171,5909873
Auckland,29/01/2014,Wed,1630,EA,TN1C,386A ,M,R,D,B ,F , ,N,C,50,0,0,0,1764520,5919073
Auckland,03/10/2014,Fri,1800,JA,MW1C,308B 377B 839 930 ,,R, , F,  ,D,N,N,50,0,0,0,1764140,5918703
Auckland,04/07/2014,Fri,2000,DA,VS1,103A 111A 131A ,F,S,D,DO,F , ,N,N,50,0,0,1,1773552,5896872
Auckland,25/08/2014,Mon,1450,MO,TE1C,371A 387A 927 ,Q,R,D,BF,F ,D,N,N,50,0,0,0,1758536,5918627
Auckland,13/07/2014,Sun,2011,AO,4S1C,381A ,,E,W,DO,F ,M,T,R,50,0,0,0,1758389,5917468
Auckland,25/04/2014,Fri,2210,DA,CS2,350A 427A ,,E,D,DO,F ,M,T,R,50,0,0,0,1758389,5917468
Auckland,27/04/2014,Sun,1600,FD,CW1CCC,181A 181B 181C ,,R,D,O ,F , , ,P,50,0,0,0,1758091,5917536
Auckland,26/10/2014,Sun,1107,FD,4W1CC,331A 352A ,,R,D,B ,F , , ,C,50,0,0,0,1758101,5917534
Auckland,23/08/2014,Sat,1030,AA,CW1C,372A ,,R,D,B ,F , , ,C,50,0,0,0,1758101,5917534
Auckland,07/09/2014,Sun,1804,MD,SE14,204A 929 ,,R,D,B ,F ,D,N,N,50,0,0,1,1758140,5917525
Auckland,18/12/2014,Thu,1630,NB,CW1E,711B 712B ,,R,D,BF,F , ,N,N,50,0,0,1,1758169,5917519
Auckland,08/03/2014,Sat,1200,DA,CE2CCC,131A 405A ,IMM,E,D,B ,F ,T,S,R,50,0,0,0,1768030,5912835
Auckland,25/07/2014,Fri,830,PC,VE1,204B 929 ,,R,W,OF,F ,D,N,N,50,0,0,1,1755798,5932371
Auckland,12/06/2014,Thu,750,EA,CE1C,129A 902 ,M,R,D,B ,F , , ,N,50,0,0,1,1759296,5913862
Auckland,04/09/2014,Thu,1713,CC,CW14,410A ,M,R,W,DO,L , , ,N,50,0,0,0,1746482,5919220
Auckland,31/07/2014,Thu,1130,QD,CE1,527A ,F,E, , F,  , ,N,N,50,0,0,0,1730102,5939809
Auckland,09/11/2014,Sun,2127,BA,MS1C,103A 129A ,,R,D,DN,F , ,N,C,80,0,1,0,1739209,5923850
Auckland,07/09/2014,Sun,1900,CB,CS1,103A 129A 407A ,V,R,D,DN,F , , ,C,80,0,0,0,1739209,5923850
Auckland,22/03/2014,Sat,1420,CC,CN1,112A ,C,R,D,BN,F , ,N,C,80,0,0,1,1739200,5923751
Auckland,16/09/2014,Tue,800,BO,4N1B,302A 330A 901 ,,E,W,O ,H ,T,G,C,50,0,0,0,1761678,5915143
Auckland,25/01/2014,Sat,2130,MO,CW1,133A 371A 927 ,P,M,D,DN,F , ,N,C,50,0,0,0,1735248,5911242
Auckland,30/01/2014,Thu,1545,MD,CW1S,308B 929 ,,R,D,B ,F ,D,N,R,50,0,0,1,1765618,5916385
Auckland,15/03/2014,Sat,907,DB,CW2,111A 131A 517A ,P,R,W,OF,H ,T,N,C,50,0,0,0,1758483,5906790
Auckland,16/04/2014,Wed,2020,DA,CE1,111A 131A 901 ,K,S,W,DO,H ,T,G,C,50,0,0,0,1771446,5913762
Auckland,19/09/2014,Fri,926,DB,CS1,104A 131A ,F,M,W,OF,F , ,N,C,50,0,0,1,1770276,5914678
Auckland,28/01/2014,Tue,1613,MO,TS1C,385A 929 ,M,R,D,BF,F ,D,N,C,50,0,0,0,1760821,5911813
Auckland,06/05/2014,Tue,2108,MO,CE1C,371A 929 ,M,R,D,DN,F ,D,N,N,50,0,0,0,1755710,5919818
Auckland,11/01/2014,Sat,205,DB,CW1C,410A 423A ,HKT,M,D,DO,F , , ,C,50,0,0,0,1754304,5912617
Auckland,05/04/2014,Sat,815,CB,CW1,112A ,C,R,D,TN,F , ,N,C,50,0,0,0,1746190,5912048
Auckland,26/06/2014,Thu,1045,FE,TN1C,181A 331A ,,R,W,OF,F ,T,T,C,50,0,0,0,1757935,5920784
Auckland,07/01/2014,Tue,238,DB,CN1,103A 111A 131A ,T,M,D,DO,F , ,N,R,50,0,1,0,1758120,5920443
Auckland,13/02/2014,Thu,1110,GB,VN1C,158A 209A ,,R,D,B ,F ,T,G,P,50,0,0,0,1758003,5920615
Auckland,13/02/2014,Thu,1748,LB,SN1C,303B 370B ,,R,D,B ,F ,T,G,C,50,0,0,1,1758003,5920615
Auckland,13/05/2014,Tue,1246,LB,SN1C,303B 375B ,,R,D,BF,F ,T,G,C,50,0,1,0,1758003,5920615
Auckland,06/12/2014,Sat,1800,MO,CW1C,371A 929 ,M,R,D,BF,F ,D,N,C,50,0,0,0,1755743,5935130
Auckland,28/11/2014,Fri,2055,DA,CN2,111A 131A 800 ,T,R,W,DO,F ,X,T,P,50,0,0,0,1755663,5935133
Auckland,04/09/2014,Thu,2030,MO,CE1C,371A ,M,R,W,DO,L , ,N,N,50,0,0,0,1755819,5935128
Auckland,21/11/2014,Fri,1800,MD,SE1C,386A 929 ,,R,D,BF,F ,D,N,N,50,0,0,0,1757800,5927173
Auckland,17/09/2014,Wed,1017,JA,4E1C,308B 377B 929 ,,R,D,B ,F ,D,N,C,50,0,0,0,1757689,5927105
Auckland,02/12/2014,Tue,1050,AA,CE1C,372A 671A ,M,R,D,BF,F ,X,T,C,50,0,0,0,1757774,5927158
Auckland,24/08/2014,Sun,1500,FB,CN1C,181A 387A ,,R,D,BF,F ,R,G,C,50,0,0,0,1758202,5927424
Auckland,02/03/2014,Sun,1750,LB,CW1S,302A ,,E,D,B ,F ,R,G,R,50,0,0,0,1757991,5927291
Auckland,03/03/2014,Mon,1323,HA,CW1P,302A 375A ,,R,D,BF,F ,R,G,R,50,0,0,1,1757991,5927291
Auckland,07/05/2014,Wed,1550,LB,VW1C,303B ,,E,D,BF,F ,X,T,C,50,0,0,0,1757222,5926964
Auckland,25/03/2014,Tue,340,DB,CN1,103A 111A 131A 402A ,PS,E,D,DO,F ,T,G,L,50,0,1,0,1765129,5917743
Auckland,09/12/2014,Tue,2140,DA,CS1C,410A ,M,E,D,DO,F , ,N,C,50,0,0,1,1764837,5918056
Auckland,09/08/2014,Sat,1039,MC,CS1C,197A 330B 372B 671B ,,R,D,B ,F , , ,C,50,0,0,2,1765397,5916612
Auckland,12/08/2014,Tue,830,HA,CN1V,302A 330A ,,M,D,O ,F ,R,G,R,50,0,0,0,1765361,5916705
Auckland,13/01/2014,Mon,1400,CB,CN1,130A 351A 359A ,,R,D,B ,F , , ,C,50,0,0,0,1765538,5916265
Auckland,14/05/2014,Wed,1000,EA,CS1C,129A 358A 801 ,Q,R,W,B ,L , , ,P,50,0,0,1,1765420,5916564
Auckland,25/07/2014,Fri,1335,MC,CS1C,102B 372B 901 ,,R,W,O ,H , , ,C,50,0,0,0,1765452,5916480
Auckland,05/10/2014,Sun,2228,CB,CS1,136A 631A 801 ,KP,R,W,DO,L , , ,P,50,0,0,0,1765470,5916433
Auckland,21/02/2014,Fri,1910,EA,CN1C,129A ,M,R,D,BF,F , ,N,C,50,0,0,0,1764743,5918169
Auckland,30/09/2014,Tue,1026,KA,CN1CC,130A 308B 375B 402B 925 ,,E,D,B ,F ,D,N,C,50,0,1,1,1765256,5917252
Auckland,26/06/2014,Thu,1840,NA,4N1E,102A 306A 645A ,,R,D,DO,F , , ,C,50,0,0,1,1765264,5917042
Auckland,03/06/2014,Tue,1130,MO,CN1C,386A 929 ,M,R,D,B ,F ,D,N,P,50,0,0,0,1754377,5932269
Auckland,14/02/2014,Fri,2312,EA,CS14,129A 197A ,M,R,D,DO,F , ,N,C,50,0,0,0,1754464,5932172
Auckland,23/10/2014,Thu,1345,FD,CN1C,181A 191B 801 927 ,,R,W,O ,L , , ,C,50,0,0,0,1754575,5932088
Auckland,09/07/2014,Wed,1943,HA,CE2C,103A 302A 375A ,,R,W,DO,F ,R,G,C,50,0,0,0,1754306,5932328
Auckland,27/11/2014,Thu,840,FD,CN1C,181A ,,R,D,BF,F , ,N,C,50,0,0,0,,
Auckland,24/10/2014,Fri,1308,LB,4S1C,314B 353B 925 ,,E,D,O ,F ,D, ,C,50,0,0,0,1754930,5931872
Auckland,16/12/2014,Tue,1240,LB,CS1C,303B 314B 377B 926 ,,R,D,OF,F ,D,N,C,50,0,0,0,1754930,5931872
Auckland,02/12/2014,Tue,1400,EA,CN1C,129A ,M,E,D,B ,F , , ,P,50,0,0,0,1754192,5932876
Auckland,28/04/2014,Mon,1251,JA,CS1C,308B 929 ,,E,D,B ,F ,D,N,C,50,0,0,0,1754187,5932558
Auckland,21/11/2014,Fri,2130,HA,CN1C,302A 375A ,,E,D,DN,F ,R,G,C,50,0,0,0,1754222,5933114
Auckland,31/03/2014,Mon,1515,MO,4N1,330A 423A 926 ,H,R,D,B ,F ,D,N,N,50,0,0,1,1769042,5916658
Auckland,02/11/2014,Sun,1330,MO,CS14,351A 371A 930 ,M,R,D,B ,F ,D, ,C,50,0,0,0,1749151,5912430
Auckland,19/03/2014,Wed,1015,CC,CW1CC,130A 500A ,M,R,D,B ,F , ,N,N,50,0,0,0,1759850,5924144
Auckland,12/08/2014,Tue,1737,KA,CE1C,197A 301B 351B 402B ,,R,W,TO,L ,X,S,C,50,0,0,0,1759727,5924099
Auckland,24/06/2014,Tue,1300,NA,CE1E,711B 712B ,,R,D,BF,F ,T,T,C,50,0,1,0,1763791,5912976
Auckland,17/06/2014,Tue,1730,FD,CE1C,181A 330A ,,R,D,B ,F , ,N,C,50,0,0,0,1763781,5912975
Auckland,07/06/2014,Sat,1437,DB,CW1,111A 131A ,P,E,D,ON,F ,X,S,C,70,0,1,0,1776117,5887559
Auckland,23/05/2014,Fri,1214,DA,CE1,131A 350A 801 ,FV,M,W,O ,L , , ,C,100,0,0,0,1783411,5889077
Auckland,02/10/2014,Thu,1820,DB,CE1,131A 197A 801 ,G,M,W,O ,F , ,N,C,100,0,0,0,1783298,5889075
Auckland,14/08/2014,Thu,2230,DB,CW1,131A 801 901 ,E,M,W,DN,HS, , ,C,100,0,0,0,1783063,5889069
Auckland,28/02/2014,Fri,2140,DB,CW1,111A 132A 800 ,ET,M,W,DN,F , , ,C,100,0,0,1,1783063,5889069
Auckland,28/10/2014,Tue,725,DA,CS1,111A 131A 815 ,C,M,W,OF,F , ,N,C,100,0,0,0,1777128,5886887
Auckland,21/04/2014,Mon,730,DB,CE1,131A 412A 800 818 ,T,M,W,O ,L , , ,C,100,0,0,0,1777909,5886700