TLANAME,CRASHDATE,CRASHDOW,CRASHTIME,MVMT,VEHICLES,CAUSES,OBJECTSSTRUCK,ROADCURVE,ROADWET,LIGHT,WTHRa,JUNCTYPE,TRAFCTRL,ROADMARK,SPDLIM,CRASHFATALCNT,CRASHSEVCNT,CRASHMINCNT,EASTING,NORTHING
Auckland,08/05/2014,Thu,2040,DB,CW1,501A ,V,M,W,DN,L , , ,C,100,0,0,0,1776391,5887458
Auckland,23/02/2014,Sun,628,DB,CE1,111A 131A 402A ,C,M,W,ON,L , ,N,C,100,0,0,0,1782944,5888957
Auckland,20/04/2014,Sun,1612,DB,CW1,111A 131A 800 904 ,T,M,D,O ,M , , ,C,100,0,0,0,1782197,5888831
Auckland,18/03/2014,Tue,1630,DB,CS1,129A 134A ,V,E,D,BN,F , ,N,C,100,0,0,0,1738382,5934537
Auckland,21/12/2014,Sun,2242,DA,CS1,357A 512A ,F,E,D,DO,F , ,N,C,50,0,0,1,1761862,5908494
Auckland,11/12/2014,Thu,1715,MD,CN1S,308B ,,E,D,O ,F , , ,C,50,0,0,1,1761682,5908243
Auckland,13/10/2014,Mon,913,KA,CN1C,308B 377B 839 929 ,,R,D,B ,F ,D, ,C,50,0,0,0,1754528,5927396
Auckland,21/09/2014,Sun,1536,JA,CN1V,301B 375B ,,R,D,O ,F ,T,S,C,50,0,0,1,1754325,5927203
Auckland,15/04/2014,Tue,1814,GD,CE1C,331A 930 ,,R,D,TF,F ,D,N,C,50,0,0,0,1754709,5927566
Auckland,06/11/2014,Thu,1717,JA,CW1VC,309B 314B 927 ,,R,D,B ,F ,D,N,C,50,0,0,1,1755085,5927919
Auckland,11/04/2014,Fri,1604,GB,VW1C,333A 387A 929 ,,R,D,B ,F ,D,N,C,50,0,0,0,1754045,5926884
Auckland,10/01/2014,Fri,1336,JA,CN1C,308B 314B 377B 930 ,,R,D,OF,F ,D,T,C,50,0,0,0,1755513,5928319
Auckland,14/05/2014,Wed,834,HA,CE1C4,322A 902 ,,R,D,B ,F ,X,T,C,50,0,0,1,1755499,5928305
Auckland,28/01/2014,Tue,1205,GD,CS1C,181A 331A 402A ,,R,D,BF,F ,T,N,C,50,0,0,0,1754916,5927760
Auckland,08/04/2014,Tue,1658,FE,CW1C,331A 353A 402A ,,R,D,O ,F ,T,T,C,50,0,0,0,1754993,5927832
Auckland,24/11/2014,Mon,1911,AD,CS1CC,133A 153A 801 ,,R,W,O ,L ,T,G,L,50,0,0,0,1754611,5927474
Auckland,29/08/2014,Fri,1830,EA,TE1C,129A ,M,R,D,TF,F ,T,N,C,50,0,0,0,1754607,5927470
Auckland,22/03/2014,Sat,1255,JA,CW1V,308B 377B 927 ,,R,D,BF,F ,D,N,P,50,0,0,0,1755611,5928412
Auckland,11/11/2014,Tue,2135,HA,CN1C,302A ,,E,D,DO,F ,R,G,R,50,0,0,0,1748468,5914847
Auckland,27/03/2014,Thu,2028,NA,CN1E,129A 130A 370A 412A 710B 724B ,,R,D,DO,F ,T,G,C,50,0,1,0,1748708,5915419
Auckland,03/10/2014,Fri,1430,HA,CS1C,302A 375A ,,R,W,O ,F ,R,G,R,50,0,0,0,1748468,5914847
Auckland,27/02/2014,Thu,2042,HA,CS1M,302A 375A ,,E,D,DO,F ,R,G,R,50,0,0,1,1748468,5914847
Auckland,11/10/2014,Sat,2340,DB,CE1C,103A 111A 131A ,FMT,M,D,DO,F ,T,N,N,50,0,0,1,1768691,5913631
Auckland,07/08/2014,Thu,1845,BC,CN14,121A ,,E,W,DN,F , ,N,N,100,0,0,0,1779342,5897732
Auckland,30/09/2014,Tue,545,CC,CS1,103A 130A 410A ,FPT,R,D,DO,F , , ,R,50,0,0,1,1754874,5920587
Auckland,03/02/2014,Mon,55,DC,CN1,102A 112A 330A 514A ,F,R,D,DO,F , ,N,C,50,0,0,0,1755452,5927562
Auckland,18/02/2014,Tue,1745,EA,CW1C,129A ,M,E,D,BF,F , ,N,N,50,0,0,0,1755721,5934895
Auckland,18/04/2014,Fri,200,EA,CE1C,129A ,M,R, ,DO,F , ,N,N,50,0,0,0,1754256,5921026
Auckland,08/10/2014,Wed,310,DB,CS1,131A 517A ,P,M,D,DO,F ,T,N,C,50,0,0,0,1754058,5920924
Auckland,04/04/2014,Fri,838,KB,CN14,321B ,,E,D,B ,F ,X,S,C,50,0,0,0,1772791,5897187
Auckland,18/08/2014,Mon,1045,QG,VE14,682A 341B ,D,R,D,O ,F ,X,T,C,50,0,0,0,1742835,5919028
Auckland,25/05/2014,Sun,1808,MD,MS1V,101A 308B 371B 830 929 ,,R,D,DO,F ,D,N,N,50,0,1,0,1736785,5983107
Auckland,19/06/2014,Thu,2100,MO,CS1C,371A 929 ,M,E,W,DO,F ,D,N,N,50,0,0,0,1742565,5919742
Auckland,19/05/2014,Mon,2110,DA,CE1,103A 131A ,T,E,D,DO,F , ,N,C,50,0,0,0,1768630,5903585
Auckland,10/04/2014,Thu,900,MO,CS1C,371A 929 ,,R,D,OF,F ,D, ,N,50,0,0,0,1754610,5933869
Auckland,11/05/2014,Sun,4,EA,CW1C,103A 129A 193A ,M,R,D,DO,F , ,N,C,50,0,0,1,1755240,5934749
Auckland,22/10/2014,Wed,1959,AD,CN1BCC,103A 112A 130A ,M,R,D,DO,F , , ,C,50,0,0,0,1754873,5934438
Auckland,19/11/2014,Wed,1840,MO,TN1,371A 929 ,P,R,D,B ,F ,D,N,C,50,0,0,0,1751014,5914235
Auckland,02/03/2014,Sun,1140,KA,CS1C,309B ,,R,D,O ,F ,T,N,N,50,0,0,0,1753747,5932263
Auckland,23/02/2014,Sun,837,HA,CS2C,301A 375A 402A ,T,R,D,B ,F ,X,S,C,50,0,0,1,1759202,5912450
Auckland,06/11/2014,Thu,900,HA,4W14,302B 335B ,F,R,D,B ,F ,X,G,C,50,0,0,1,1742126,5930714
Auckland,04/10/2014,Sat,1447,FA,CE1C,181A 331A ,,R,D,B ,F , , ,N,50,0,0,1,1759355,5912463
Auckland,14/09/2014,Sun,0,HA,CE1C,103A 301A ,,R,W,DO,F ,X,S,C,50,0,0,0,1759405,5912467
Auckland,12/10/2014,Sun,1340,MO,CE1C,371A 927 ,M,E,D,B ,F ,D,N,N,50,0,0,0,1755307,5912693
Auckland,26/07/2014,Sat,1205,LO,SS14,204A 378B 835 929 ,,R,D,B ,F ,D,N,C,50,0,0,1,1760595,5916572
Auckland,25/11/2014,Tue,805,DA,CS1,111A 131A 402A 929 ,FJX,E,D,O ,F ,D,N,L,50,0,0,0,1760568,5916445
Auckland,03/07/2014,Thu,1115,FE,CE1C,181A ,,E,W,O ,F ,T,T,C,50,0,0,0,1760509,5916201
Auckland,21/03/2014,Fri,1100,FD,CN1C,181A ,,R,D,O ,F , , ,C,50,0,0,0,1760639,5916771
Auckland,29/05/2014,Thu,1000,EA,XN1C,386A ,M,R,D,B ,F , ,N, ,50,0,0,0,1760631,5916732
Auckland,13/06/2014,Fri,430,DA,CE1C,104A 111A ,M,R,D,DO,F ,X,T,C,50,0,0,0,1760643,5916791
Auckland,30/09/2014,Tue,830,KB,CE1C,302B 375B ,,R,D,B ,F ,T,G,C,50,0,0,0,1758215,5906825
Auckland,07/06/2014,Sat,804,AO,4E1SS,183A ,,R,D,BF,F , ,N,C,70,0,0,2,1758085,5906841
Auckland,09/09/2014,Tue,705,JA,CW1C,302B 375B ,,R,D,BF,F ,T,G,C,50,0,0,0,1758878,5906739
Auckland,09/03/2014,Sun,900,AO,VN1C,129A ,Q,E,D,BF,F ,T,G,C,50,0,0,0,1749923,5914986
Auckland,27/12/2014,Sat,1418,CB,CW1,130A 410A ,P,R,D,B ,F , ,N,R,50,0,0,0,1750876,5915595
Auckland,28/12/2014,Sun,1030,GF,4S1C,158A 386A ,,R,D,B ,F ,X,T,C,50,0,0,0,1750827,5915586
Auckland,09/11/2014,Sun,1100,AC,CE1C,159A ,,R,D,BF,F ,M,T,R,50,0,0,0,1750818,5915583
Auckland,17/08/2014,Sun,740,MC,CE1C,372B ,,R,D,B ,F , , ,C,50,0,0,0,1750764,5915558
Auckland,05/06/2014,Thu,851,AC,CE1C,372A ,,R,D,B ,F , , ,C,50,0,0,0,1750658,5915500
Auckland,22/08/2014,Fri,1810,AA,VE1C,357A 512A ,,E,D,TF,F ,X,T,C,50,0,0,0,1750837,5915590
Auckland,21/10/2014,Tue,919,GD,VW1CC,331A 929 ,,R,D,O ,F ,D,N,C,50,0,0,2,1750010,5915110
Auckland,16/07/2014,Wed,655,JA,CW1M,301B ,,R,D,TO,F ,T,S,C,50,0,0,1,1750221,5915243
Auckland,28/07/2014,Mon,830,AC,CE1C,372A 197B ,P,R,D,O ,F , , ,N,50,0,0,0,1750387,5915341
Auckland,24/07/2014,Thu,40,AA,CE1C,372A ,,R,D,DO,F , ,N,C,50,0,0,0,1750396,5915346
Auckland,05/02/2014,Wed,1630,EA,CE1C,386A ,M,R,D,B ,F , ,N,C,50,0,0,0,1750396,5915346
Auckland,10/05/2014,Sat,1242,CB,CE1,112A 197A ,T,R,D,BF,F , ,N,C,50,0,1,0,1750310,5915295
Auckland,04/05/2014,Sun,1010,AG,CE1CCC,101A 150A ,,R,D,B ,F ,T,S,C,50,0,0,0,1750353,5915321
Auckland,10/11/2014,Mon,1810,GA,CS1C,331A 386A ,,R,D,B ,F ,T,G,C,50,0,0,0,1765746,5918250
Auckland,06/05/2014,Tue,1000,DA,4S1,111A 131A 191A ,T,M,D,B ,F , , ,P,50,0,0,0,1765556,5918681
Auckland,03/11/2014,Mon,630,JA,CW1C,308B 375B 929 ,,R,D,OF,F ,D,N,N,50,0,0,0,1754673,5928722
Auckland,26/10/2014,Sun,1630,DB,CW2,131A ,FHK,M,D,B ,F ,T,G,C,50,0,0,0,1765993,5908257
Auckland,08/07/2014,Tue,1539,DA,CW2,131A ,KT,E,W,O ,H ,T,G,R,50,0,0,1,1756639,5916724
Auckland,23/01/2014,Thu,1655,CB,TN1,116A 403A 817 ,PT,R,D,BF,F , ,N,C,50,0,0,0,1756720,5916906
Auckland,22/05/2014,Thu,730,MD,4N1C,370A 371B 929 ,,R,D,O ,F ,D, ,C,50,0,0,0,1760809,5908894
Auckland,18/12/2014,Thu,1528,NB,CN1CE,181A 352A 191B 352B 710C ,,E,D,B ,F ,T,G,P,50,0,0,0,1769029,5905124
Auckland,21/10/2014,Tue,845,FA,CS1C,173A 331A ,,E,D,B ,F ,T,G,P,50,0,0,0,1769029,5905124
Auckland,09/09/2014,Tue,1734,KC,CW1C,302B 375B 402B ,,M,D,O ,F ,T,G,R,50,0,0,0,1769189,5905160
Auckland,21/07/2014,Mon,1730,FB,CS1C,181A ,,R,W,DO,H ,T,S,C,50,0,0,0,1753062,5916788
Auckland,15/05/2014,Thu,1955,BA,CN1C,104A 130A 205A ,,R,D,DO,F , , ,C,50,0,0,0,1753568,5917372
Auckland,10/01/2014,Fri,1800,FC,CS1C,181A ,,R,D,BF,F , ,N,X,50,0,0,0,1753506,5917299
Auckland,04/12/2014,Thu,815,JA,MS1C,301B ,,R,D,O ,F ,T,S,P,50,0,0,1,1753491,5917281
Auckland,26/12/2014,Fri,216,CB,CS1,130A 402A 412A ,KT,R,D,DO,F ,T,S,C,50,0,0,1,1749820,5912301
Auckland,04/01/2014,Sat,812,CB,CS1,108A 130A 632A ,T,R,W,OF,L ,T,S,C,50,1,0,0,1749820,5912301
Auckland,23/04/2014,Wed,1705,HA,CN1C,302A 375A ,,E,D,OF,F ,R,G,R,50,0,0,0,1750234,5913173
Auckland,21/02/2014,Fri,1626,FA,4S1B,130A 197A ,,R,D,B ,F ,T,S,C,50,0,0,1,1749979,5912836
Auckland,22/11/2014,Sat,200,DB,CS1C,102A 130A 501A ,M,E,D,DO,F , , ,N,50,0,0,1,1754037,5930452
Auckland,22/08/2014,Fri,1839,JC,CS1C,301A ,,R,D,DO,F ,T,S,C,50,0,0,0,1754056,5930372
Auckland,23/09/2014,Tue,300,EA,CN1CCC,112A 129A ,M,R,D,DO,F , ,N,N,50,0,0,0,1759596,5913027
Auckland,20/02/2014,Thu,800,JA,CN1C,308B 382B 927 ,,R,D,OF,F ,D,N,R,50,0,0,0,1764139,5910287
Auckland,01/09/2014,Mon,1920,LB,TS1C,303B 382B 924 ,,R,W,DO,L ,D,N,C,50,0,0,0,1764241,5909846
Auckland,15/05/2014,Thu,1910,CB,CN1,197A 404A 423A ,P,R,D,DO,F ,X,T,C,50,0,0,0,1764236,5909865
Auckland,27/07/2014,Sun,1228,MC,CW1C,372B ,,R,D,BF,F , ,N,C,50,0,0,0,1765422,5904331
Auckland,09/08/2014,Sat,1600,FE,CS1C,181A ,,R,D,BF,F ,T,T,C,50,0,0,0,1764256,5909783
Auckland,05/12/2014,Fri,1730,LB,CN1C,303B 377B ,,E,D,BF,F ,T,S,C,50,0,0,0,1764195,5910046
Auckland,28/02/2014,Fri,710,LB,CN1C,303B 377B ,,R,D,BF,F ,T,S,C,50,0,0,0,1764195,5910046
Auckland,19/04/2014,Sat,1330,MO,CN1C,371A ,M,R,D,B ,F , , ,C,50,0,0,0,1764295,5909616
Auckland,13/03/2014,Thu,1520,NA,TS1E,711B ,,R,D,BF,F , ,N,P,50,0,1,0,1764293,5909626
Auckland,24/09/2014,Wed,1415,NB,4N1E,370A 711B ,,R,D,B ,F , ,N,C,50,0,0,1,1764214,5909962
Auckland,25/11/2014,Tue,750,LB,CN1C,314B 377B ,,R,D,B ,F ,T,S,P,50,0,0,0,1764219,5909942
Auckland,15/11/2014,Sat,1850,MC,CS1C,372B ,,R,W,O ,L ,T,S,C,50,0,0,0,1764113,5910397
Auckland,03/01/2014,Fri,1238,JC,CW24,301A 357A ,,R,D,BF,F ,T,S,P,50,0,0,0,1764113,5910397
Auckland,08/05/2014,Thu,1430,GA,CN1C,101A 181A 922 ,,R,D,OF,FF,D,S,C,50,0,0,0,1764113,5910397
Auckland,30/08/2014,Sat,2335,FD,TS14,181A ,,R,W,DO,L , ,N,L,50,0,0,0,1764130,5910326
Auckland,19/12/2014,Fri,1130,AC,CS1C,372A ,,E,D,O ,F ,X,T,C,50,0,0,0,1764176,5910126
Auckland,17/04/2014,Thu,930,LB,CN1C,303B 927 ,,R,W,O ,H ,D,N,C,50,0,0,0,1764188,5910072
Auckland,02/10/2014,Thu,1801,AB,CS1C,153A 331A ,,E,D,O ,F , , ,C,50,0,0,1,1747451,5912186
Auckland,26/01/2014,Sun,1934,CB,CE1,103A 110A 130A 801 ,EK,R,W,O ,L , , ,C,50,0,0,0,1747877,5912509
Auckland,09/09/2014,Tue,1900,BF,CE1CC,103A 131A 205A ,,M,W,DO,L , , ,C,50,0,0,2,1747751,5912470
Auckland,19/10/2014,Sun,715,DA,CW1,111A 131A ,F,M,W,O ,F ,T,G,C,50,0,0,0,1747891,5912504
Auckland,01/10/2014,Wed,915,QG,CN1C,130A ,M,R,D,BF,F , ,N,C,50,0,0,0,1747307,5910753
Auckland,21/06/2014,Sat,700,EA,CS1C,129A 358A ,M,E,D,BF,F , ,N,C,50,0,0,0,1747375,5911036
Auckland,28/03/2014,Fri,1200,GD,TN144,331A ,,R,D,B ,F ,T,S,C,100,0,0,0,1766526,5877667
Auckland,17/09/2014,Wed,2001,HA,CN1C,301A ,,E,W,DO,L ,X,S,C,100,0,0,0,1765886,5878541
Auckland,20/02/2014,Thu,1037,GD,CN1C,181A 359A ,,R,D,B ,F ,T,S,N,50,0,0,1,1757825,5927077
Auckland,30/03/2014,Sun,955,QD,CE1C,420A 929 ,FTX,R,D,B ,F ,D, ,C,50,0,0,0,1765202,5919861
Auckland,09/05/2014,Fri,1020,HA,4N2C,302A ,,R,D,B ,F ,R,G,R,50,0,0,0,1764411,5909915
Auckland,02/08/2014,Sat,1455,GB,CW1CC,158A 402A 175B 372B 929 ,,R,D,O ,F ,D, ,C,50,0,0,0,1764736,5909981
Auckland,01/05/2014,Thu,1940,EA,CN1C,129A 130A 404A 501A ,M,E,D,DO,F , , ,P,60,0,0,2,1769726,5914146
Auckland,05/02/2014,Wed,411,EA,CS14,101A 129A 402A ,M,R,D,DO,F , ,N,C,60,0,0,0,1769954,5913221
Auckland,22/06/2014,Sun,1210,EA,CN1C,102A 129A ,M,R,D,BF,F , , ,C,60,0,0,0,1769982,5913028
Auckland,04/04/2014,Fri,2130,CB,CN1,410A ,JT,R,D,DO,F , , ,C,60,0,0,0,1769821,5913532
Auckland,28/07/2014,Mon,1200,FA,CS14,181A 331A ,,E,D,B ,F , , ,P,50,0,0,0,1769760,5914427
Auckland,19/10/2014,Sun,1310,NA,CN1E,306A 404A ,,R,D,B ,F , , ,X,60,0,0,1,1769760,5914427
Auckland,10/10/2014,Fri,1715,CC,CN1CC,410A ,M,R,D,BF,F , ,N,C,50,0,0,1,1769714,5913980
Auckland,09/12/2014,Tue,1737,JA,CS14,103A 301B ,,R,W,O ,L ,T,S,C,60,0,0,1,1769803,5914571
Auckland,06/12/2014,Sat,1150,EA,CN1C,104A 129A 402A 412A ,M,R,D,B ,F , , ,C,50,0,0,0,1769866,5913416
Auckland,10/03/2014,Mon,945,HO,CN1S,370A 370B ,,E,D,O ,F ,X,T,C,50,0,0,0,1769860,5914764
Auckland,22/01/2014,Wed,1130,FB,CN1C,181A ,,E,D,B ,F ,X,T,C,50,0,0,0,1769862,5914774
Auckland,19/12/2014,Fri,325,DA,CN2C,111A 131A ,FHM,R,D,DO,F ,T,N,N,50,0,0,0,1766005,5905735
Auckland,13/05/2014,Tue,800,CB,CE1T,130A 363A ,M,R,W,B ,F , , ,C,50,1,0,0,1749716,5916081
Auckland,28/09/2014,Sun,1115,DA,CE1,111A 131A ,FT,S,W,O ,L , ,N,C,50,0,0,0,1749278,5916206
Auckland,14/09/2014,Sun,1808,DA,CN1C,103A 131A 800 929 ,M,R,W,DO,F ,D, ,C,50,0,0,0,1749040,5911220
Auckland,19/08/2014,Tue,1741,DA,4N1,103A 111A 131A 801 ,F,S,W,DO,L , , ,C,50,0,0,0,1763703,5909066
Auckland,04/06/2014,Wed,840,MG,VN1T,371B ,,E,D,OF,F ,D,N,C,50,0,0,0,1763766,5908912
Auckland,12/03/2014,Wed,1438,MO,CS1C,371A ,,R,D,B ,F , , ,N,50,0,0,0,1763789,5908933
Auckland,14/02/2014,Fri,1615,BC,XS1V,121A ,,M,D,BN,F , ,N,N,80,0,0,0,1788242,5923519
Auckland,16/02/2014,Sun,1640,BF,MW1C,111A 131A ,,M,D,BN,F ,T,N,C,100,0,1,0,1750228,5938430
Auckland,02/04/2014,Wed,1030,MA,CS1C,373B ,,R,D,BF,F , ,N,N,50,0,0,0,1730296,5940250
Auckland,29/07/2014,Tue,815,FB,CE1C,331A 645A ,,R,D,B ,F ,T,S,C,50,0,0,0,1746846,5915256
Auckland,08/12/2014,Mon,1635,MO,CW1C,331A 386A 402A 929 ,,R,D,B ,F ,D,N,C,50,0,0,0,1746550,5915226
Auckland,07/07/2014,Mon,950,EA,BE1C,129A 801 ,M,R,W,O ,L , , ,C,50,0,0,0,1754909,5937293
Auckland,06/11/2014,Thu,1840,DB,CN1,108A 111A 131A ,FP,S,D,BF,F , ,N,C,50,0,0,0,1767929,5906017
Auckland,28/02/2014,Fri,1815,NA,VW1E,713B 727B ,,R,D,OF,F , ,N,C,50,0,0,1,1767900,5906129
Auckland,13/08/2014,Wed,850,DA,CN1,131A 801 ,X,M,W,O ,F , , ,C,100,0,0,1,1744669,5893441
Auckland,04/03/2014,Tue,845,DA,CN1,131A 402A 801 ,C,E,W,O ,L , , ,N,100,0,0,2,1745135,5893926
Auckland,17/10/2014,Fri,1325,DA,4S1,131A ,F,S,D,BF,F ,T,N,C,100,0,0,1,1743688,5888465
Auckland,01/11/2014,Sat,2326,DB,CN1,103A 111A 131A ,C,M,D,DN,F , , ,C,100,0,1,0,1742601,5886452
Auckland,05/12/2014,Fri,2145,DA,CS1,129A 131A ,T,M,D,DN,F , ,N,C,100,0,0,1,1749420,5881421
Auckland,30/06/2014,Mon,530,EC,VS1,801 912 ,W,R,W,DN,L , , ,C,100,0,0,0,1749283,5882765
Auckland,30/06/2014,Mon,540,EC,4S1,904 912 ,W,R,W,DN,M , , ,C,100,0,0,0,1749286,5882775
Auckland,18/10/2014,Sat,1906,DA,CN1,111A 131A ,F,E,W,ON,L ,T,N,C,100,0,0,0,1751017,5878045
Auckland,23/01/2014,Thu,645,DA,CN1,131A 801 ,FS,M,W,O ,L , , ,C,100,0,0,0,1745600,5883673
Auckland,31/08/2014,Sun,1050,DA,VN1,131A 402A 801 ,,M,W,O ,L , , ,C,100,0,0,0,1750964,5878277
Auckland,29/11/2014,Sat,1507,LB,CN1C,103B 303B ,,E,D,B ,F ,T,S,C,70,0,0,0,1751855,5876953
Auckland,19/01/2014,Sun,1046,DA,CN1,131A 504A ,C,M,D,BF,F , ,N,C,100,0,0,1,1742664,5890309
Auckland,05/11/2014,Wed,1807,FB,4E1C,181A 387A 191B ,,R,D,BF,F ,R,G,C,50,0,0,0,1759314,5918702
Auckland,10/08/2014,Sun,1355,GF,CE1M,129A ,,E,D,BF,F ,R,G,R,50,0,0,0,1759319,5918700
Auckland,09/06/2014,Mon,2100,DA,ME1,131A 901 903 ,,E,W,DO,HS,R,G,R,50,0,1,0,1759330,5918706
Auckland,16/06/2014,Mon,1925,FB,CS1C,181A ,,R,D,OF,F ,R,G,C,50,0,0,0,1759314,5918702
Auckland,19/08/2014,Tue,1900,HA,CE1C,302A ,,E,W,OF,L ,R,G,C,50,0,0,0,1759319,5918700
Auckland,30/04/2014,Wed,2030,KA,CN1C,301B ,,R,D,DO,F ,X,S,C,50,0,0,0,1757631,5920566
Auckland,05/06/2014,Thu,1942,AO,CE1C,129A ,,E,D,B ,F ,T,G,R,50,0,0,0,1760666,5907070
Auckland,29/11/2014,Sat,538,JA,4W1C,302B 353B ,,M,W,O ,L ,T,G,C,50,0,0,0,1760676,5907071
Auckland,16/03/2014,Sun,730,DA,CS2,103A 412A ,T,E,D,OF,F ,R,G,R,50,0,1,2,1761014,5907320
Auckland,15/12/2014,Mon,615,BE,CN1C,103A 129A ,,R,D,OF,F , ,N,C,50,0,0,2,1759699,5907818
Auckland,01/01/2014,Wed,2120,KA,CS1C,301B ,,R,D,O ,F ,T,S,N,50,0,0,0,1759820,5907468
Auckland,31/01/2014,Fri,1845,MA,CS1C,373B ,,R,D,OF,F ,T,G,C,50,0,0,0,1759799,5907502
Auckland,11/01/2014,Sat,2230,BF,CS2C,131A ,,R,D,DO,F ,R,G,C,50,0,0,0,1770195,5901259
Auckland,25/01/2014,Sat,1430,AA,CE1C,372A ,,R,D,B ,F , ,N,C,50,0,0,1,1760465,5907044
Auckland,14/11/2014,Fri,2343,CB,CW1,101A 129A ,P,R,D,DO,F , ,N,C,50,0,0,1,1760337,5907049
Auckland,18/04/2014,Fri,1513,KA,VN2C,302B 387B 402B ,,R,D,BF,F ,R,G,C,50,0,0,0,1760386,5907041
Auckland,22/03/2014,Sat,1100,FB,CW1C,181A ,,R,D,BF,F ,T,G,R,50,0,0,0,1759314,5908353
Auckland,04/11/2014,Tue,2310,DB,CE1,101A 111A 131A ,IT,E,D,DO,F , , ,R,50,0,0,0,1760183,5907087
Auckland,24/06/2014,Tue,844,FD,CS1CC,110A 181A 191B ,,R,W,O ,F , ,N,C,50,0,0,0,1760042,5907172
Auckland,22/05/2014,Thu,1915,FD,CN1C,181A ,,R,D,DO,F , ,N,C,50,0,0,0,1760007,5907217
Auckland,04/08/2014,Mon,830,FB,CN1C,181A 330A ,,R,D,B ,F ,R,G,R,50,0,0,0,1760107,5907107
Auckland,23/01/2014,Thu,2315,LB,CN1C,103B 205B 303B ,,R,D,DO,F ,T,N,C,50,0,0,0,1760725,5907099
Auckland,23/04/2014,Wed,626,DB,CS1,111A 131A 514A 801 ,T,E,W,DO,L , , ,C,50,0,0,0,1743203,5919548
Auckland,30/10/2014,Thu,745,FD,CW1C,181A 331A ,,R,W,O ,F , , ,C,50,0,0,0,1765736,5908258
Auckland,07/09/2014,Sun,2029,CC,CN1CC,101A 112A 130A ,FQX,R,D,DO,F , , ,R,50,0,1,0,1766965,5907306
Auckland,06/11/2014,Thu,700,JA,CS1C,302B 375B ,,R,W,O ,F ,T,G,C,50,0,0,0,1766900,5907541
Auckland,03/06/2014,Tue,945,MO,TN1C,371A 671A 929 ,M,R,D,B ,F ,D, ,C,50,0,0,0,1767098,5907175
Auckland,10/06/2014,Tue,1320,JA,CS1CC,302B 375B 801 ,,R,W,O ,L ,T,G,C,50,0,0,0,1767207,5907071
Auckland,30/03/2014,Sun,2136,MC,4S1V,372B ,,R,D,DO,F , ,N,P,50,0,0,0,1766906,5907688
Auckland,28/05/2014,Wed,1145,KB,VS1C,308B 375B 925 ,,R,D,BF,F ,D,T,C,50,0,0,0,1766906,5907688
Auckland,04/06/2014,Wed,850,AA,BS1C,372A ,,R,D,B ,F , , ,C,50,0,0,0,1766907,5907708
Auckland,16/04/2014,Wed,1215,FB,CS1C,181A ,,E,D,BF,F ,X,T,C,50,0,0,0,1766904,5907658
Auckland,15/08/2014,Fri,830,GA,CN1C,181A 331A 801 ,,E,W,O ,L ,X,T,C,50,0,0,0,1766904,5907645
Auckland,03/06/2014,Tue,1610,AA,SS1C,372A ,,R,D,BF,F , ,N,C,50,0,0,0,1767331,5906951
Auckland,08/04/2014,Tue,1812,JA,CN1C,110B 302B 514B 517B ,,E,D,TO,F ,T,G,C,50,0,0,1,1767259,5907021
Auckland,13/06/2014,Fri,1525,FD,VW1CC,181A 330A ,,R,D,O ,F , ,N,C,50,0,0,0,1766105,5908230
Auckland,29/10/2014,Wed,1327,GB,CS2C,172B 330B ,,R,D,O ,F ,R,G,R,50,0,0,0,1753391,5933248
Auckland,25/11/2014,Tue,1630,KA,TN1C,308B 382B 927 ,,E,D,BN,F ,D,N,C,50,0,0,0,1766893,5907841
Auckland,16/12/2014,Tue,1040,FC,CN1C,181A 331A 412A ,,R,D,O ,F ,T,G,R,50,0,0,0,1766888,5907855
Auckland,25/08/2014,Mon,1915,FC,VN1V,181A 331A ,,E,D,DO,F ,T,G,X,50,0,0,0,1766888,5907855
Auckland,17/11/2014,Mon,1725,FD,CE14C4,331A 350A ,,R,D,TF,F , ,N,C,50,0,0,0,1765776,5908275
Auckland,17/05/2014,Sat,1835,LB,CE1C,103A 322A ,,R,D,DO,F ,Y,T,C,50,0,0,0,1765824,5908288
Auckland,12/03/2014,Wed,800,FB,VN1V,112A 181A ,,R,D,B ,F ,T,G,C,50,0,0,0,1766898,5907501
Auckland,20/09/2014,Sat,1515,MC,CS1C,372B 377B ,,R,D,B ,F , , ,C,50,0,0,0,1766787,5907974
Auckland,16/09/2014,Tue,1220,NA,CS1E,712B 727B ,,E,D,B ,F , ,N,C,50,0,1,0,1766816,5907947
Auckland,18/05/2014,Sun,327,CC,CS1,129A 359A ,T,R,W,DO,M , , ,P,50,0,0,0,1766793,5907968
Auckland,14/01/2014,Tue,1230,LB,CN1C,303B 375B ,,R, , F,  ,T,G,C,50,0,0,0,1767551,5906565
Auckland,16/10/2014,Thu,735,FO,CW14,410A ,,R,D,O ,F , , ,C,50,0,0,1,1766572,5908112
Auckland,10/08/2014,Sun,630,EA,CW14C,101A 129A ,M,R,D,DO,F , ,N,P,50,0,0,1,1766591,5908108
Auckland,20/03/2014,Thu,1030,AO,CN1C,129A 150A 930 ,,R,D,B ,F ,D,N,L,50,0,0,0,1766533,5908122
Auckland,22/01/2014,Wed,1450,HA,CS2C,322A 334A ,,R,D,O ,F ,X,T,C,50,0,0,0,1766553,5908117
Auckland,24/02/2014,Mon,1630,FE,CE1C,181A ,,R,D,B ,F ,X,T,C,50,0,0,0,1766553,5908117
Auckland,04/06/2014,Wed,934,GB,CS1C,158A 175B 929 ,,R,D,BF,F ,D,N,C,50,0,0,1,1767372,5906783
Auckland,17/06/2014,Tue,1150,DB,VN1C,111A 131A 801 ,M,M,W,O ,L , , ,P,50,0,0,0,1767387,5906881
Auckland,12/05/2014,Mon,1730,MO,CN1C,371A 514A ,,E,D,B ,F , , ,C,50,0,0,0,1767381,5906900
Auckland,04/08/2014,Mon,610,DB,CN1,103A 111A 131A ,P,M,D,TO,F , , ,C,50,0,0,1,1767357,5906927
Auckland,21/06/2014,Sat,530,AC,CS14,197A ,,R,W,TO,L ,T,G,C,50,0,0,0,1766908,5907759
Auckland,25/03/2014,Tue,1138,FD,CE1V,181A 191B ,,R,D,BF,F , ,N,L,50,0,0,0,1765572,5908189
Auckland,16/10/2014,Thu,1230,FE,CE1C,181A ,,R,D,BF,F ,T,T,C,50,0,0,0,1765545,5908178
Auckland,26/12/2014,Fri,1941,DA,CW1,111A 132A ,S,R,D,BF,F ,T,G,N,50,0,0,0,1752850,5935756
Auckland,20/02/2014,Thu,,DA,CW1,110A 138A ,T,M,D,BN,F , , ,N,100,0,0,0,1737862,5940543