TLANAME,CRASHDATE,CRASHDOW,CRASHTIME,MVMT,VEHICLES,CAUSES,OBJECTSSTRUCK,ROADCURVE,ROADWET,LIGHT,WTHRa,JUNCTYPE,TRAFCTRL,ROADMARK,SPDLIM,CRASHFATALCNT,CRASHSEVCNT,CRASHMINCNT,EASTING,NORTHING
Auckland,01/03/2014,Sat,1807,DB,MS1,129A 330A 804 ,,E,D,TN,F , ,N,N,100,0,0,1,1737279,5940588
Auckland,31/05/2014,Sat,2200,MO,VS1C,103A 371A 929 ,M,R,D,DO,F ,D,N,N,50,0,0,0,1770069,5898722
Auckland,29/07/2014,Tue,2100,KA,CN1C,929,,R,W,DO,L ,D,N,C,50,0,0,0,1762434,5914983
Auckland,29/05/2014,Thu,845,GD,CW1C,386A ,,M,D,B ,F ,X,T,C,50,0,0,0,1758383,5917894
Auckland,01/07/2014,Tue,1025,NB,CE1E,713B ,,R,W,OF,H , ,N,C,50,0,0,1,1755210,5916377
Auckland,19/04/2014,Sat,2030,FE,CW1C,181A ,,R,D,DO,F ,X,T,C,50,0,0,0,1755726,5916227
Auckland,17/12/2014,Wed,1210,AC,CW1C,177A 330A ,,R,W,O ,L ,X,T,C,50,0,0,0,1755726,5916227
Auckland,07/08/2014,Thu,1830,FE,CE1C,181A ,,R,W,DO,L , ,T,C,50,0,0,0,1755701,5916231
Auckland,20/08/2014,Wed,805,MD,4E1V4,130A 191A 197A 308B 423B 191C 197C 929+,,R,W,O ,F ,D,N,R,50,0,0,0,1755648,5916246
Auckland,03/07/2014,Thu,1525,AA,CW14,372A ,,R,D,BF,F , ,N,C,50,0,0,1,1755620,5916255
Auckland,31/03/2014,Mon,1200,MO,CW1C,385A ,M,R,D,BF,F , ,N,C,50,0,0,0,1755620,5916255
Auckland,20/11/2014,Thu,1750,AA,4W1C,184A 372A ,,R,D,B ,F , , ,P,50,0,0,0,1755592,5916266
Auckland,31/03/2014,Mon,1148,FE,CW1X,181A ,,R,D,B ,F ,M,T,C,50,0,0,0,1755716,5916227
Auckland,30/10/2014,Thu,950,GE,CW1C,171B 372B 929 ,,R,D,B ,F ,X,T,C,50,0,0,0,1755716,5916227
Auckland,26/11/2014,Wed,1855,LB,CW1C,303B 375B ,,R,D,OF,F ,X,T,C,50,0,0,0,1755716,5916227
Auckland,10/12/2014,Wed,1834,AC,CE1C,372A ,,R,W,O ,L , , ,C,50,0,0,0,1755366,5916334
Auckland,04/12/2014,Thu,1420,AC,CE1T,184A 184B ,,R,D,O ,F , , ,C,50,0,0,0,1755255,5916365
Auckland,01/08/2014,Fri,1700,FE,CE1C,181A ,,R,D,BF,F , ,T,C,50,0,0,0,1756810,5915905
Auckland,04/03/2014,Tue,1600,FD,CW1C,112A 353A ,,R,D,B ,F , ,N,C,50,0,0,0,1756776,5915915
Auckland,23/02/2014,Sun,15,LB,CN2CC,303B 323B ,,R,D,DO,F ,T,T,C,50,0,0,0,1756824,5915901
Auckland,05/10/2014,Sun,1330,HA,CN2V,309A 845 ,,E,D,O ,F ,X,T,C,50,0,0,0,1756824,5915901
Auckland,20/03/2014,Thu,2234,FE,CW1C,103A 331A ,,R,D,DO,F ,X,T,R,50,0,0,0,1756824,5915901
Auckland,22/07/2014,Tue,1700,KC,CN2C,322B ,,E,D,O ,F ,X,T,R,50,0,0,0,1756824,5915901
Auckland,17/09/2014,Wed,1730,MC,CE1C,372B ,,R,D,TF,F , , ,C,50,0,0,0,1754994,5916435
Auckland,14/11/2014,Fri,2030,MO,CN1C,386B ,M,R,D,OO,F ,X,G,N,50,0,0,0,1770193,5908917
Auckland,11/06/2014,Wed,719,DB,CW1C,133A 430A ,M,E,D,BF,F , ,N,N,50,0,0,0,1748058,5916372
Auckland,06/09/2014,Sat,145,BE,CE1C,103A 125A ,,R,W,DO,H , ,N,C,50,0,0,0,1763654,5914739
Auckland,17/06/2014,Tue,1820,EA,CE1C,386A ,M,R,W,DO,F , , ,C,50,0,0,0,1763681,5914725
Auckland,13/05/2014,Tue,2050,KB,CE1C,301B ,C,R,D,DO,F ,T,S,C,50,0,0,0,1763610,5914761
Auckland,26/09/2014,Fri,2311,EC,CE1C,103A 129A ,M,R,D,DO,F , , ,C,50,0,0,0,1763205,5914966
Auckland,17/12/2014,Wed,1212,NA,4E1E,713B ,,R,W,O ,L ,T,G,C,50,0,0,0,1748829,5948069
Auckland,29/08/2014,Fri,2330,DA,CN2,111A 124A 131A ,T,E,D,DO,F ,T,S,C,50,0,0,0,1768584,5903434
Auckland,10/03/2014,Mon,0,EA,CW1C,129A ,M,R, ,DO,  , ,N,C,50,0,0,0,1753501,5931139
Auckland,12/03/2014,Wed,815,MO,BN1C,386A ,M,R,D,B ,F ,R,G,C,50,0,0,0,1753019,5930808
Auckland,07/06/2014,Sat,1535,FA,CW1C,181A ,,R,D,B ,F ,R,G,C,50,0,0,0,1770209,5908934
Auckland,14/06/2014,Sat,101,DA,CW1,131A ,F,E,D,DO,F ,T,G,C,50,0,0,0,1759282,5925159
Auckland,30/09/2014,Tue,2144,EA,CN1C,101A 108A 129A ,M,R,D,DO,F , , ,N,50,0,0,1,1763968,5914942
Auckland,08/10/2014,Wed,940,MG,CN1C,371B ,,R,D,B ,F ,T,N,N,50,0,0,0,1767299,5904135
Auckland,18/02/2014,Tue,931,LB,CN1C,303B 375B 922 ,,R,D,B ,F ,D,N,C,50,0,0,0,1757494,5926954
Auckland,10/05/2014,Sat,910,JB,CE2C,370A 370B 929 ,,R,D,B ,F ,D,N,C,50,0,0,0,1757483,5926640
Auckland,17/06/2014,Tue,1345,FE,CS1C,331A 801 ,,R,W,O ,L ,T,T,C,50,0,0,0,1757558,5926265
Auckland,17/04/2014,Thu,1629,AO,CN1CC,112A 150A 402A 514A ,,R,D,O ,F , , ,C,50,0,0,1,1757523,5926353
Auckland,24/11/2014,Mon,735,FD,CW1CV,331A 423A ,,R,D,O ,F , , ,C,50,0,1,0,1757523,5926353
Auckland,04/06/2014,Wed,1700,EA,VS1C,129A ,M,R,D,BF,F , ,N,C,50,0,0,0,1757523,5926353
Auckland,14/04/2014,Mon,1235,KB,VW24,322A ,,R,D,OF,F ,T,T,C,50,0,0,0,1757560,5926261
Auckland,27/11/2014,Thu,1720,LB,CS1C,303B 375B ,,R,D,BF,F ,T,G,C,50,0,0,0,1759124,5917635
Auckland,15/06/2014,Sun,51,CC,VS1,103A 130A 410A ,,R,D,DN,F , ,N,N,100,0,0,0,1760421,5881380
Auckland,12/08/2014,Tue,800,PC,CS1E,308A 929 ,,R,D,OF,F ,D,N,N,50,0,0,1,1759088,5917518
Auckland,05/05/2014,Mon,1645,DB,CW1,133A 134A ,K,E,W,TF,L ,R,G,C,50,0,0,1,1759317,5918691
Auckland,01/10/2014,Wed,858,MO,CE1T,358A 929 ,,R,D,B ,F ,D, ,L,80,0,0,1,1748914,5940304
Auckland,31/05/2014,Sat,1355,EA,CE1C,129A 507A ,M,R,D,B ,F , , ,C,50,0,0,0,1752295,5947626
Auckland,17/11/2014,Mon,1000,MD,CE1C,308B 375B 929 ,,S,D,BF,F ,D,N,C,50,0,0,0,1755234,5934226
Auckland,02/05/2014,Fri,1218,MO,CN1T,370A 387B ,,R,D,O ,F , , ,C,50,0,0,0,1759673,5924892
Auckland,12/04/2014,Sat,2246,DA,4W1,101A 112A 132A ,P,R,D,DO,F ,T,N,C,50,0,0,0,1758578,5924282
Auckland,15/10/2014,Wed,1437,DB,CN1T,129A 504A ,M,S,D,B ,F , , ,C,50,0,0,1,1752525,5928933
Auckland,24/03/2014,Mon,908,EA,CE1CC,129A 363A 902 ,M,R,D,B ,F , ,N,C,50,0,0,0,1752328,5929027
Auckland,19/06/2014,Thu,839,MD,ME1T,378A 371B 378B 832 927 ,,R,W,BN,F ,D,N,C,50,0,0,1,1751472,5927240
Auckland,20/06/2014,Fri,1655,FD,CW1CC,331A 352A ,,R,W,TF,F , ,N,C,50,0,0,0,1751744,5927351
Auckland,22/01/2014,Wed,755,KB,CE1S,302A 375A ,,R,D,OF,F ,R,G,R,50,0,0,1,1751622,5927289
Auckland,28/03/2014,Fri,2257,CB,CW1C,195A ,M,R,D,DO,F , ,N,C,50,0,0,0,1750905,5927044
Auckland,15/10/2014,Wed,1432,JA,VE1C,302B ,,R,D,B ,F ,X,G,L,50,0,1,1,1750791,5927005
Auckland,28/05/2014,Wed,644,EA,CE1C,386A ,M,R,W,O ,F , ,N,C,50,0,0,0,1751355,5927200
Auckland,05/09/2014,Fri,731,HA,CS2C,302A 375A ,,R,W,O ,F ,R,G,C,50,0,0,0,1751254,5927156
Auckland,22/10/2014,Wed,2300,EA,CW1C,103A 130A 410A ,M,M,D,TO,F , , ,C,50,0,0,0,1751849,5927407
Auckland,16/04/2014,Wed,1303,QG,TN1,386A 683A ,X,R,D,OF,F , ,N,C,50,0,0,0,1751752,5927355
Auckland,15/11/2014,Sat,2138,EA,VS1C,103A 129A ,M,E,W,DO,L , ,N,C,50,0,0,0,1757367,5931195
Auckland,06/06/2014,Fri,900,EA,4N1C,102A 129A ,M,R,D,OF,F , , ,C,50,0,0,0,1757389,5931323
Auckland,26/11/2014,Wed,2011,EA,CN1C,102A 129A 354A ,M,M,D,DO,F , , ,C,50,0,0,0,1757343,5931027
Auckland,04/09/2014,Thu,900,NB,CE1E,713B ,,R,D,B ,F , ,N,C,50,0,0,1,1758023,5920739
Auckland,26/04/2014,Sat,2325,FE,CW1P,181A ,,R,D,DO,F ,T,T,C,50,0,0,0,1757935,5920784
Auckland,27/05/2014,Tue,2225,BF,CN2PX,103A 129A ,,E,D,DO,F ,Y,T,P,50,0,0,1,1757935,5920784
Auckland,22/10/2014,Wed,1735,AO,CN1C,129A 357A ,,E,D,O ,F , , ,C,50,0,0,0,1755658,5934933
Auckland,09/10/2014,Thu,340,EA,CE1V,103A 129A ,M,R,W,DO,F , ,N,C,50,0,0,0,1772638,5895368
Auckland,03/05/2014,Sat,1809,JA,MN14,302B 375B ,,R,D,TF,F ,T,G,C,50,0,1,1,1755522,5934387
Auckland,13/07/2014,Sun,2159,MG,CW1C,353B 371B ,,R,D,DO,F ,X,T,R,50,0,0,0,1757837,5920803
Auckland,27/05/2014,Tue,900,KA,SE1C,302B 375B 404B ,,R,D,B ,F ,T,G,N,50,0,0,1,1757837,5920803
Auckland,05/03/2014,Wed,920,MC,CN1C,372B ,,R,D,OF,L , ,N,P,50,0,0,1,1755440,5934204
Auckland,17/09/2014,Wed,1200,EA,CN14C,129A ,M,R,D,O ,F , , ,C,50,0,0,0,1755669,5935500
Auckland,02/10/2014,Thu,1645,BF,CS1C,131A 801 ,,M,W,O ,L , , ,C,50,0,0,0,1755663,5935549
Auckland,13/01/2014,Mon,1544,FB,CS1C,131A ,,S,W,B ,F , , ,C,50,0,0,0,1755654,5935598
Auckland,20/05/2014,Tue,1230,FD,CS1C,181A 330A ,,R,D,B ,F ,R,G,C,50,0,0,1,1755672,5935375
Auckland,20/02/2014,Thu,813,AA,TS1C,381A 386A 387B ,,R,D,B ,F ,T,G,C,50,0,0,1,1756914,5932016
Auckland,04/09/2014,Thu,800,GC,CN1V,174B 929 ,,R,D,OF,F ,D, ,C,50,0,0,0,1771745,5895209
Auckland,28/04/2014,Mon,1700,JC,CE1C,322B ,,M,D,B ,F ,X,T,C,50,0,0,0,1771759,5895206
Auckland,29/11/2014,Sat,26,DA,CS1,131A 412A ,HX,E,W,DO,F , , ,P,50,0,0,2,1758204,5920314
Auckland,11/03/2014,Tue,1523,GF,TE1C,129A ,,M,D,B ,F ,T,N,R,50,0,0,0,1758200,5920244
Auckland,05/04/2014,Sat,1820,FE,CW1C,181A 334A ,,R,D,TF,F ,T,T,C,50,0,0,0,1757823,5920799
Auckland,26/03/2014,Wed,1920,FE,VE1C,334A ,,R,D,DO,F ,X,T,L,50,0,0,0,1771759,5895206
Auckland,16/08/2014,Sat,2055,DC,CN1,103A 112A ,X,R,D,DO,F , ,N,C,50,0,0,1,1747691,5922860
Auckland,07/03/2014,Fri,2100,LB,CN1C,303B 325B ,,R,D,DO,F ,X,T,C,50,0,0,0,1755663,5935133
Auckland,15/02/2014,Sat,2359,MO,CS1C,103A 371A ,M,R,D,DO,F , ,N,C,50,0,0,0,1747708,5921922
Auckland,08/04/2014,Tue,1245,AC,TE1C,184A 381A ,,R,D,O ,F ,X,T,C,50,0,0,0,1772720,5895400
Auckland,03/10/2014,Fri,1600,GB,4N1C,175A 372A 903 ,,E,W,O ,LS,X,T,C,50,0,0,0,1772729,5895404
Auckland,04/11/2014,Tue,740,DA,CS1S,131A 501A ,T,M,D,B ,F , , ,L,50,0,0,1,1756472,5933315
Auckland,02/02/2014,Sun,1231,FD,CN1CC,181A 350A ,,R,D,B ,F , ,N,C,50,0,0,1,1755670,5935315
Auckland,04/04/2014,Fri,2127,BE,CS14,103A 130A ,T,R,W,DO,F ,T,G,P,50,0,0,0,1755668,5935265
Auckland,21/05/2014,Wed,747,BF,CN1C,131A ,,E,D,B ,F , , ,C,50,0,0,0,1756635,5937092
Auckland,04/11/2014,Tue,807,LB,MW1V,303B ,,R,D,B ,F ,T,G,R,50,0,0,1,1756045,5934036
Auckland,26/08/2014,Tue,1530,MC,CN1C,372B ,,R,D,BF,F , ,N,C,50,0,0,0,1758114,5920623
Auckland,31/05/2014,Sat,1125,CA,MN1,137A ,,R,D,B ,F , , ,P,50,0,0,1,1758152,5920565
Auckland,08/04/2014,Tue,2000,FD,CS1C,102A 181A 387A ,,R,D,TO,F , ,N,C,50,0,0,1,1758168,5920539
Auckland,16/04/2014,Wed,2235,DA,CN14,129A 407A ,MX,E,W,DO,H , ,N,C,50,0,0,0,1756272,5933815
Auckland,22/08/2014,Fri,1630,JA,CE1C,322A ,,R,D,BN,F ,T,T,C,50,0,0,0,1771607,5895230
Auckland,05/06/2014,Thu,724,GF,TS24,176A 381A ,,E,D,B ,F ,M,T,C,50,0,0,0,1771607,5895230
Auckland,06/11/2014,Thu,1130,KA,CE14,322B 351B 357B ,,M,D,O ,F ,M,T,P,50,0,0,0,1771607,5895230
Auckland,10/12/2014,Wed,1928,DA,CS1,135A 404A ,P,M,W,OF,L ,T,G,L,50,0,0,0,1756645,5937268
Auckland,25/06/2014,Wed,1845,LB,SS14,534A 303B 375B 922 ,,R,W,DO,H ,D,N,P,50,0,1,0,1758208,5920371
Auckland,15/04/2014,Tue,1745,AA,CE1T,386A ,,R,D,TO,F , , ,C,50,0,0,0,1758200,5920259
Auckland,11/04/2014,Fri,939,EA,CS1C,131A 402A ,MP,E,D,O ,F , , ,P,50,0,0,0,1756364,5936352
Auckland,29/05/2014,Thu,1900,MC,CN1C,372B ,,R,W,DO,L ,T,N,C,50,0,0,0,1756332,5936313
Auckland,13/06/2014,Fri,640,KB,BN1C,322A 334A ,,R,D,DO,F ,T,T,P,50,0,0,0,1758068,5920688
Auckland,11/08/2014,Mon,1730,DA,CW2C,133A ,,E,D,DO,F ,T,T,P,50,0,0,0,1758068,5920688
Auckland,07/05/2014,Wed,2045,GA,CS1C,181A 103B 191B ,,E,W,DO,F ,T,T,C,50,0,0,0,1758068,5920688
Auckland,08/05/2014,Thu,1740,LB,CS1C,303B 375B ,,R,W,DO,F ,T,G,P,80,0,0,0,1758182,5920510
Auckland,10/04/2014,Thu,1658,MC,CN1X,372B ,,E,D,TF,F ,T,T,P,50,0,0,0,1758208,5920421
Auckland,24/08/2014,Sun,2100,FE,CS1C,181A ,,R,D,DO,F ,T,T,C,50,0,0,0,1758208,5920421
Auckland,21/08/2014,Thu,1642,AA,CS1C,386A ,,R,D,B ,F ,X,T,C,50,0,0,0,1758208,5920421
Auckland,31/10/2014,Fri,139,DA,CS1,103A 111A 131A ,FX,E,D,DO,F , ,N,C,50,0,0,0,1757192,5931856
Auckland,27/08/2014,Wed,850,MC,CN14,372B ,,R,D,OF,F , ,N,C,50,0,0,0,1756470,5937502
Auckland,27/11/2014,Thu,1245,MA,4N1B,373B ,,R,D,B ,F , , ,C,50,0,0,0,1756433,5937535
Auckland,05/11/2014,Wed,1532,EC,BN1C,129A ,M,R,D,O ,F , , ,C,50,0,0,0,1756396,5937569
Auckland,14/10/2014,Tue,1600,NG,4N1E,371A 730B ,,R,D,B ,F ,R,G,R,50,0,0,1,1756521,5937455
Auckland,09/03/2014,Sun,1039,LB,CS1C,303B 375B 930 ,,E,D,O ,F ,D, ,C,50,0,0,0,1756374,5933749
Auckland,04/07/2014,Fri,1940,DA,CS1,136A 425A ,X,M,D,DO,F , ,N,L,50,0,0,0,1756627,5932556
Auckland,17/08/2014,Sun,100,BO,CN14,129A 330A ,,M,W,DN,L , ,N,N,50,0,0,0,1731141,5909001
Auckland,14/04/2014,Mon,1245,BC,CW2T,122A ,,R,D,B ,F ,T,S,C,50,0,0,0,1754076,5915396
Auckland,08/09/2014,Mon,1045,CA,CS1,410A ,P,R,D,O ,F ,T,N,C,50,0,0,0,1753866,5915075
Auckland,01/05/2014,Thu,732,GA,CN1M,181A 331A ,,R,D,B ,F ,T,G,P,50,0,0,0,1752188,5931251
Auckland,11/07/2014,Fri,1845,MC,VN1V,372B ,,R,W,DO,H ,T,G,C,50,0,0,0,1756234,5920761
Auckland,21/08/2014,Thu,1814,JA,MN1C,301B 378B 834 ,,R,D,DO,F ,T,S,C,50,0,0,1,1756187,5920670
Auckland,15/04/2014,Tue,1100,JA,CS1C,302B ,,R,D,O ,F ,T,G,C,50,0,0,0,1756337,5921000
Auckland,21/04/2014,Mon,30,DB,CN1,104A 111A 131A ,T,M,W,DO,F , , ,R,50,0,0,0,1755678,5930041
Auckland,18/10/2014,Sat,349,EA,CN1C,111A 129A 402A ,M,E,D,DO,F , , ,R,50,0,0,0,1755640,5930087
Auckland,14/11/2014,Fri,45,QD,CN1C,428A ,HM,E,D,DO,F , ,N,R,50,0,0,0,,
Auckland,08/08/2014,Fri,1035,KB,CS1C,302B 375B ,,R,W,O ,F ,T,G,C,50,0,0,0,1755732,5929358
Auckland,12/07/2014,Sat,515,EA,CN1CC,103A 197A ,MM,E,W,DO,L , , ,C,50,0,0,0,1755714,5929502
Auckland,20/07/2014,Sun,956,GD,CS1V,181A 144B ,,E,W,O ,F ,T,N,C,50,0,0,0,1755630,5929837
Auckland,22/02/2014,Sat,1400,CB,CS1,130A ,C,R,W,OF,L , ,N,C,70,0,0,0,1770382,5881804
Auckland,14/02/2014,Fri,1925,CB,CS1,134A 433A ,V,R,D,B ,F , ,N,C,50,0,0,0,1770216,5882046
Auckland,18/03/2014,Tue,1800,BA,CN1C,129A 818 ,,R,D,B ,F , , ,N,50,0,0,0,1759870,5918084
Auckland,01/09/2014,Mon,1913,ND,CN1E,102A 353A 370A 711B 860 900 ,,E,W,DO,L ,T,S,R,50,0,1,0,1756126,5917694
Auckland,02/12/2014,Tue,1140,ME,CW1C,371B ,,R,D,B ,F , , ,N,50,0,0,0,1756006,5917316
Auckland,12/04/2014,Sat,1000,MO,TW1,371A 929 ,P,E,D,O ,F ,D,N,N,50,0,0,0,1761191,5917727
Auckland,22/02/2014,Sat,1630,EA,CE1T,129A ,M,R,D,B ,F , , ,C,50,0,0,0,1754291,5927946
Auckland,29/06/2014,Sun,1845,JA,CN2C,302B 375B ,,R,W,DO,F ,T,G,C,50,0,0,0,1754013,5927831
Auckland,03/02/2014,Mon,1615,FD,CW1C,181A ,,R,D,BF,F , ,N,C,50,0,0,0,1753720,5928034
Auckland,15/11/2014,Sat,1645,JA,CW1C,308B 925 ,,R,W,O ,L ,D,N,C,50,0,0,0,1753811,5927993
Auckland,27/02/2014,Thu,915,MO,TW1C,371A ,M,R,D,BF,F ,T,G,N,50,0,0,0,1767114,5901649
Auckland,05/06/2014,Thu,2330,DA,CS1,101A 111A 131A ,F,E,D,DO,F , , ,N,50,0,0,0,1765393,5911578
Auckland,07/04/2014,Mon,1716,QD,CS1,428A ,F,E,D,B ,F , , ,N,50,0,0,0,1772788,5914387
Auckland,02/08/2014,Sat,2330,CB,CS1,130A ,F,R, ,DO,  , ,N,N,50,0,0,0,1763820,5914289
Auckland,19/10/2014,Sun,457,MG,CN1C,197A 371B 512B 514B ,,R,W,DO,F , , ,C,50,0,0,0,1763885,5914408
Auckland,19/08/2014,Tue,2000,DA,CS1,111A 131A 800 801 ,C,M,W,DN,L , , ,L,100,0,0,1,1735682,5919688
Auckland,15/11/2014,Sat,1735,DB,CN1,137A 195A ,T,M,W,BF,L , ,N,C,50,0,0,0,1735183,5919330
Auckland,14/06/2014,Sat,1115,DA,CS1,131A 358A ,T,S,D,B ,F , , ,C,100,0,0,0,1735329,5919402
Auckland,10/01/2014,Fri,1145,GD,CE1C,333A 929 ,,E,D,BF,F ,D,N,N,100,0,0,0,1731942,5918548
Auckland,17/01/2014,Fri,1550,GE,CW1C,160A 333A 929 ,T,M,D,BF,F ,D, ,L,100,0,0,0,1729361,5917469
Auckland,15/02/2014,Sat,1800,FB,CN1C,181A ,,R,D,BN,F , ,G,N,50,0,0,0,1734153,5918809
Auckland,11/08/2014,Mon,1903,MO,CS1C,101A 386A 402A ,M,R,D,DO,F , , ,N,50,0,0,0,1737397,5920546
Auckland,29/08/2014,Fri,517,DA,CN1CC,131A 929 ,M,E,D,DO,F ,D, ,N,50,0,0,0,1754117,5926092
Auckland,16/08/2014,Sat,1335,BF,CW2B,131A 423A ,FJ,R,D,O ,F ,T,N,N,50,0,0,0,1754141,5926029
Auckland,21/02/2014,Fri,2000,FB,CE1C,181A 330A ,,R,D,TO,F ,T,G,C,50,0,0,0,1750093,5914510
Auckland,21/01/2014,Tue,820,FB,CE1C,181A 330A ,,R,D,B ,F ,T,G,C,50,0,0,0,1750093,5914510
Auckland,05/06/2014,Thu,1630,JA,CS1C,308B 929 ,,E,D,O ,F ,D,N,C,50,0,0,0,1749964,5914523
Auckland,17/05/2014,Sat,2055,BC,CS1C,122A ,,M,D,DO,F ,T,T,C,80,0,0,0,1749878,5914633
Auckland,20/12/2014,Sat,1930,GB,CN1C,158A 387A 929 ,,E,W,O ,L ,D,N,C,50,0,0,0,1749941,5914549
Auckland,19/06/2014,Thu,1015,DA,CS1,131A 402A 801 ,F,R,W,OF,L ,T,S,C,50,0,0,0,1766277,5906106
Auckland,05/11/2014,Wed,2111,KB,CN1C,302B 330B ,,R,D,DO,F ,T,G,R,50,0,0,0,1742351,5919885
Auckland,06/09/2014,Sat,2230,DA,CS1,111A 131A ,CV,E, ,DN,F , ,N,C,80,0,0,0,1742163,5921248
Auckland,07/10/2014,Tue,1228,DB,VS1,108A 111A 532A ,C,S,D,B ,F , ,N,C,100,1,0,0,1742325,5921655
Auckland,27/07/2014,Sun,125,DA,CN1,103A 131A 133A ,FT,R,W,DO,F ,R,G,C,50,0,0,0,1751758,5926521
Auckland,09/01/2014,Thu,1552,DA,VN1,111A 131A ,T,E,W,OF,L , ,N,R,50,0,0,0,1751748,5926739
Auckland,02/02/2014,Sun,1453,LB,MS1T,303B 375B 402B ,,R,D,B ,F ,T,G,C,50,0,1,0,1751748,5926819
Auckland,07/08/2014,Thu,1852,MO,CN1C,102A 386A ,M,R,W,DO,F , , ,C,50,0,0,0,1752069,5925291
Auckland,16/04/2014,Wed,1545,EE,CN1C,374B ,M,R,D,B ,F , , ,C,50,0,0,0,1753942,5924720
Auckland,09/12/2014,Tue,820,MO,CN1C,130A ,M,R,D,O ,F , , ,C,50,0,0,0,1753953,5924681
Auckland,20/02/2014,Thu,1630,FD,CN1CC,331A 350A ,,R,D,O ,F , , ,C,50,0,0,0,1753925,5925044
Auckland,07/12/2014,Sun,250,EA,CS1C,129A 353A 402A ,M,R,D,DO,F , , ,C,50,0,0,0,1753927,5924999
Auckland,16/04/2014,Wed,2000,GD,CN1C,331A 929 ,,R,W,DO,L ,D,N,C,50,0,0,0,1753925,5925059
Auckland,17/03/2014,Mon,1755,MO,CN1T,385A ,M,R,D,BF,F , ,N,P,50,0,0,0,1753972,5924618
Auckland,25/06/2014,Wed,620,MF,SN1C,330B 371B ,,R,D,B ,F , ,N,X,50,0,0,1,1753921,5924786
Auckland,29/10/2014,Wed,1530,JA,CN1C,308B 377B 930 ,,R, , F,  ,D,N,C,50,0,0,0,1753930,5924758
Auckland,30/05/2014,Fri,1200,FB,CN1T,181A 331A ,,R,D,B ,F ,X,T,R,50,0,0,0,1753915,5924806
Auckland,22/02/2014,Sat,727,PO,CS1E,130A 504A 801 ,KP,R,W,O ,L ,X,T,C,50,0,0,2,1753915,5924806
Auckland,10/09/2014,Wed,1545,NC,CW2E,306A ,,M,D,B ,F ,X,T,X,50,0,0,1,1753915,5924806
Auckland,20/02/2014,Thu,1658,FA,CS1C,181A 331A 353A ,,R,D,O ,F ,T,T,C,50,0,0,1,1753910,5925523
Auckland,06/05/2014,Tue,1450,FE,CN1C,181A 331A ,,R,D,B ,F ,T,T,C,50,0,0,0,1753910,5925528
Auckland,30/09/2014,Tue,1018,EA,VS1V,129A 350A ,M,R,D,B ,F , , ,C,50,0,0,1,1753923,5925119
Auckland,11/09/2014,Thu,2210,PO,CE1E,101A 357A 512A 722B ,,R,D,DF,F , , ,N,50,0,0,1,1744408,5919871
Auckland,23/04/2014,Wed,2200,EA,CS1C,129A ,M,R, ,DO,  , ,N,N,50,0,0,0,1755325,5920762
Auckland,15/03/2014,Sat,,EA,CS1C,129A ,M,R, ,DO,  , ,N,N,50,0,0,0,1755903,5930363
Auckland,08/05/2014,Thu,2358,DB,CN14,111A 131A 514A 517A 801 844 ,M,M,W,DO,L , , ,C,50,0,0,0,1771638,5916385
Auckland,21/10/2014,Tue,1955,NB,CN1E,711B ,,R,D,DO,F ,T,N,C,50,0,1,0,1771258,5915470
Auckland,16/07/2014,Wed,2045,CB,CS1C,129A 414A ,M,R,D,DO,F , ,N,C,50,0,0,0,1771401,5915338
Auckland,18/03/2014,Tue,705,FD,MN1CC,181A 331A 402A 181B 331B ,,R,D,B ,F , , ,C,50,0,0,1,1751584,5914624
Auckland,09/11/2014,Sun,120,AC,CS1C,372A 381A ,,R,D,DO,F , ,N,C,50,0,0,0,1751586,5914549
Auckland,15/12/2014,Mon,1708,HA,CE2C,301A ,,R,D,O ,F ,X,S,P,50,0,0,0,1751579,5914776
Auckland,12/03/2014,Wed,810,HA,CS1C,301B 377B ,,R,D,B ,F ,X,S,C,50,0,0,0,1751579,5914776
Auckland,04/04/2014,Fri,1130,HA,CE2C,301A 402A ,,R,D,O ,F ,X,S,C,50,0,0,0,1751579,5914776
Auckland,08/10/2014,Wed,2111,EA,CN1C,129A 358A ,M,R,D,DO,F ,T,N,P,50,0,0,0,1751628,5913194
Auckland,21/02/2014,Fri,733,PC,4W1E,308A 371A 732B 929 ,,R,D,BF,F ,D,N,C,50,0,0,1,1751536,5916148
Auckland,31/10/2014,Fri,1330,FA,CN1C,181A ,,R,D,BF,F , ,N,C,50,0,0,0,1751536,5912452
Auckland,02/12/2014,Tue,1730,KB,BN1V,302B ,,R,D,B ,F ,T,G,C,50,0,0,0,1751538,5912442
Auckland,20/07/2014,Sun,1144,GD,CN1C,385A ,,R,D,OF,L ,T,G,C,50,0,0,1,1751538,5912442
Auckland,24/10/2014,Fri,1210,AA,CN1B,184A 372A ,,R,D,BF,F ,T,S,P,50,0,0,0,1751575,5912099
Auckland,18/03/2014,Tue,2230,HA,VE2C,302A 375A ,,R,D,DO,F ,R,G,R,50,0,0,0,1751547,5912337
Auckland,19/04/2014,Sat,555,HA,CE2C,302A 375A ,,M,D,DO,F ,R,G,R,50,0,0,0,1751547,5912337
Auckland,16/11/2014,Sun,1630,EA,CS1C4,102A 129A 410A ,M,R,D,BF,F , ,N,C,50,0,0,0,1751619,5913472
Auckland,13/02/2014,Thu,1430,JA,CS1C,301B 375B ,,R,D,OF,F ,T,S,C,50,0,0,1,1751613,5913672
Auckland,29/05/2014,Thu,1338,GA,MS1X,181A ,P,M,W,O ,L ,T,S,C,50,0,0,2,1751613,5913672
Auckland,19/11/2014,Wed,,EA,CS1C,386A ,M,R,W,B ,F ,T,N,C,50,0,0,0,1751621,5913418
Auckland,25/01/2014,Sat,1251,AC,CS14,184A 184B ,,R,D,B ,F , , ,C,50,0,0,0,1751575,5914923
Auckland,24/07/2014,Thu,1600,JA,CS1C,302B 375B ,,R,D,B ,F ,T,G,C,50,0,0,0,1751572,5915003
Auckland,02/05/2014,Fri,920,EA,CS1CC,129A 410A ,MM,R,D,ON,F , ,N,X,50,0,0,1,1751610,5913768
Auckland,23/01/2014,Thu,1930,FE,CN1C,181B ,,R,D,BF,F ,M,T,C,50,0,0,0,1751565,5915242
Auckland,29/07/2014,Tue,950,MA,CS1C,373B ,,R,D,BF,F , ,N,C,50,0,0,0,1751571,5915047
Auckland,14/04/2014,Mon,1420,JA,CN1C4,322A 358A ,,E,D,B ,F ,M,T,C,50,0,0,0,1751565,5915247
Auckland,06/05/2014,Tue,537,HA,CN1CC,322A ,,R,W,DO,L ,M,T,X,50,0,0,1,1751565,5915247