TLANAME,CRASHDATE,CRASHDOW,CRASHTIME,MVMT,VEHICLES,CAUSES,OBJECTSSTRUCK,ROADCURVE,ROADWET,LIGHT,WTHRa,JUNCTYPE,TRAFCTRL,ROADMARK,SPDLIM,CRASHFATALCNT,CRASHSEVCNT,CRASHMINCNT,EASTING,NORTHING
Auckland,25/05/2014,Sun,1113,LB,CW2C,206B 303B ,,R,D,B ,F ,M,T,P,50,0,0,0,1751565,5915247
Auckland,09/02/2014,Sun,120,CB,CS1,501A ,P,R,D,DO,F , ,N,L,50,0,0,0,1751579,5914796
Auckland,01/02/2014,Sat,715,BE,CN1V,125A ,,R,D,B ,F , ,N,C,50,0,0,0,1751580,5914746
Auckland,21/02/2014,Fri,615,JA,SS1C,301B 375B ,,R,D,DO,F ,X,S,C,50,0,0,0,1751579,5914776
Auckland,03/05/2014,Sat,1340,HA,CS1C,321B ,,R,D,B ,F ,X,S,C,50,0,0,0,1751579,5914776
Auckland,09/02/2014,Sun,1619,KA,CE2C,301A ,,R,D,BF,F ,X,S,C,50,0,0,1,1751579,5914776
Auckland,25/03/2014,Tue,629,JA,SS14,301B ,,R,D,TO,F ,X,S,C,50,0,0,1,1751579,5914776
Auckland,17/06/2014,Tue,1759,KA,CS1C,137B 375B ,P,R,W,DO,F ,X,S,C,50,0,0,0,1751579,5914776
Auckland,05/06/2014,Thu,1810,KB,VN1C,301B 375B ,,R,D,DO,F ,T,S,C,50,0,0,0,1751641,5912746
Auckland,15/07/2014,Tue,1848,CA,CS1,101A 130A 357A ,KS,R,D,DO,F ,T,S,C,50,0,0,0,1751641,5912746
Auckland,31/05/2014,Sat,1145,FE,CN1C,331A 350A ,,R,D,OF,F ,M,T,C,50,0,0,0,1751565,5915247
Auckland,06/05/2014,Tue,1745,JA,CN1C,302B 375B ,,E,D,TF,L ,T,G,C,50,0,0,0,1751528,5912526
Auckland,30/06/2014,Mon,1630,JA,BN1V,314B 382B 801 ,,R,W,O ,L ,T,G,C,50,0,0,1,1751528,5912526
Auckland,14/07/2014,Mon,2122,EA,CS1C,129A 357A ,M,R,D,DO,F , , ,C,50,0,0,0,1751633,5913006
Auckland,29/06/2014,Sun,1205,MA,CN1C,373B ,,R,D,B ,F , , ,C,50,0,0,1,1751636,5912906
Auckland,07/10/2014,Tue,914,EA,CN1T,386A 500A ,M,R,D,B ,F ,T,N,C,50,0,0,1,1751635,5912956
Auckland,11/11/2014,Tue,1800,AA,CS1C,372A ,,R,D,O ,F , , ,C,50,0,0,0,1751597,5914226
Auckland,12/07/2014,Sat,857,FE,CN1CC,181A ,,R,W,OF,L ,X,T,C,50,0,0,1,1751598,5914171
Auckland,30/03/2014,Sun,200,CC,CS1,112A 130A 431A ,F,R,D,DO,F , ,N,R,50,0,0,0,1751554,5915598
Auckland,25/05/2014,Sun,1154,FD,CN1CC,181B ,,R,D,O ,F ,X,T,C,50,0,0,0,1751597,5914221
Auckland,19/06/2014,Thu,1716,GE,CS1C,160A 333A ,,R,D,DO,F ,X,T,C,50,0,0,0,1751597,5914211
Auckland,14/08/2014,Thu,633,EC,BN1T,386A 444B 683B ,X,R,D,O ,F , , ,C,50,0,0,0,1763580,5914218
Auckland,25/02/2014,Tue,1250,LB,CS1C,303B 375B 929 ,,R,D,BF,F ,D,N,C,50,0,0,0,1751983,5915194
Auckland,26/06/2014,Thu,830,JA,CE1C,301A 375A ,,R,W,OF,F ,T,S,C,50,0,0,0,1750793,5912775
Auckland,04/12/2014,Thu,1510,MO,CW1T,371B ,,R,D,B ,F ,R,G,C,50,0,0,0,1750680,5912796
Auckland,04/06/2014,Wed,1230,MO,400000000000000,371A ,,R,D,B ,F , , ,C,50,0,0,0,1750689,5912794
Auckland,14/04/2014,Mon,1342,MC,PE1C,400A 372B ,,R,D,B ,F , , ,L,50,0,1,1,1750709,5912791
Auckland,26/07/2014,Sat,925,EA,CE1C,129A 331A 353A ,M,R,D,BF,F , ,N,N,50,0,0,0,1755976,5929036
Auckland,12/05/2014,Mon,800,FB,CE1C,181A ,,R,D,BF,F ,T,G,R,50,0,0,0,1756157,5929092
Auckland,06/12/2014,Sat,1300,EA,CN1C,129A ,M,R,D,BF,F , ,N,C,50,0,0,0,1755507,5918622
Auckland,23/07/2014,Wed,800,FE,CN1C,181A 331A ,,R,D,B ,F ,T,T,C,50,0,0,0,1755499,5918640
Auckland,21/06/2014,Sat,2150,FE,XS1M,181A ,,R,D,DO,F ,X,T,C,50,0,0,1,1755716,5917956
Auckland,22/08/2014,Fri,1710,AO,PS14,129A ,,R,D,BF,F ,X,T,C,50,0,0,0,1755717,5917946
Auckland,25/08/2014,Mon,1258,LB,4N1C,301B 375B 402B ,,R,D,B ,F ,T,S,C,50,0,0,0,1755579,5918444
Auckland,24/10/2014,Fri,1840,FD,CE1C,181A ,,R,D,BF,F ,T,G,C,50,0,0,0,1768620,5899472
Auckland,01/02/2014,Sat,33,CB,4S1,103A 108A 130A ,FKS,R,D,DO,F , , ,C,50,0,0,1,1744287,5915769
Auckland,28/03/2014,Fri,725,HA,CE2C,302A ,,E,D,B ,F ,R,G,N,50,0,0,0,1744323,5915709
Auckland,16/08/2014,Sat,650,MD,CS1C,308B 382B 929 ,,R,D,OF,F ,D,N,C,50,0,0,1,1744245,5915822
Auckland,04/10/2014,Sat,1440,CB,CS1,103A 130A ,S,R,W,OF,L ,T,G,C,50,0,0,0,1744048,5916072
Auckland,21/04/2014,Mon,1332,JA,CE1C,302B 375B ,,R,D,BF,F ,T,G, ,50,0,0,2,1757420,5918478
Auckland,10/10/2014,Fri,1245,MO,CW1C,330A 371A ,M,R,D,B ,F , , ,C,50,0,0,0,1757050,5918411
Auckland,19/05/2014,Mon,1410,AO,VW1C,381A ,,R,D,B ,F ,T,N,C,50,0,0,0,1757035,5918411
Auckland,12/08/2014,Tue,1323,KB,TS1C,308B 503B 930 ,,R,D,O ,F ,D,N,P,50,0,0,0,1770551,5912727
Auckland,05/09/2014,Fri,845,FD,CN1CC4,181A 331A 181B 181C ,,R,D,O ,F , , ,C,60,0,0,0,1770395,5912179
Auckland,27/09/2014,Sat,1420,FA,CN1C,181A ,,R,D,O ,F , , ,P,60,0,0,1,1770396,5912279
Auckland,27/06/2014,Fri,1725,FD,CN1CC,181A 181B ,,R,W,DO,L , , ,P,60,0,0,0,1770393,5912009
Auckland,23/06/2014,Mon,1130,FD,CN1CCC,181A 331A 402A ,,R,D,BF,F , , ,C,60,0,0,0,1770390,5911703
Auckland,08/08/2014,Fri,1650,FE,CN1C,181A ,,R,W,OF,L ,X,T,R,60,0,0,0,1770389,5911603
Auckland,17/01/2014,Fri,745,KB,CN1C,308B 382B 801 929 ,T,R,W,O ,L ,D, ,P,50,0,0,0,1770935,5913779
Auckland,20/06/2014,Fri,620,FD,VS1CC,331A 353A ,,R,D,B ,F , ,N,P,60,0,0,0,1770427,5912465
Auckland,11/09/2014,Thu,1600,AA,CN1C,372A ,,R,D,BF,F ,T,T,C,60,0,0,0,1770399,5912318
Auckland,13/01/2014,Mon,1845,AA,CN1C,372A ,,R,D,TF,F , , ,C,50,0,0,0,1770398,5912308
Auckland,11/05/2014,Sun,1155,FA,CS14,181A ,,R,D,B ,F ,R,G,P,50,0,0,0,1770389,5911618
Auckland,27/01/2014,Mon,1350,FD,CS1C,331A 358A ,,R,D,BF,F , , ,C,60,0,0,0,1770389,5911643
Auckland,30/03/2014,Sun,2127,LB,CS1C,322A ,,R,D,DO,F ,X,T,P,60,0,0,0,1770389,5911603
Auckland,16/09/2014,Tue,2217,HA,CS1CC,322B ,,R,W,DO,L ,X,T,R,60,0,0,0,1770339,5911317
Auckland,24/08/2014,Sun,940,HA,CS1C,322A 322B ,,R,D,BF,F ,X,T,C,50,0,0,0,1770339,5911317
Auckland,19/06/2014,Thu,1522,FE,VS1C,331A 350A 801 ,,R,W,O ,L ,X,T,P,60,0,0,0,1770339,5911317
Auckland,12/09/2014,Fri,320,HA,CW2C,322A 801 ,,R,W,DO,L ,X,T,R,60,0,0,1,1770339,5911317
Auckland,30/08/2014,Sat,1735,KA,CN2C,302B 330B ,,M,W,O ,L ,R,G,P,50,0,0,0,1770940,5914317
Auckland,06/09/2014,Sat,715,HA,CN1C,302A 375A ,,E,D,B ,F ,R,G,C,50,0,0,0,1770940,5914317
Auckland,06/03/2014,Thu,1450,AA,TN1CC,181A 331A 386A ,,R,D,B ,F ,T,N,P,50,0,0,0,1770496,5912616
Auckland,23/06/2014,Mon,1155,CC,CN1,501A 504A ,K,R,D,B ,F , , ,C,50,0,0,0,1770478,5912580
Auckland,11/12/2014,Thu,1033,EA,VN1C,386A ,M,R,D,O ,F , ,N,C,50,0,0,0,1752907,5913389
Auckland,15/08/2014,Fri,2152,BE,CE1C,101A 112A 130A 514A 871 ,I,R,D,DO,F ,T,G,R,50,1,1,1,1767907,5905650
Auckland,30/06/2014,Mon,740,JA,CS1C,301B 375B ,,E,D,OF,L ,T,S,C,50,0,0,0,1752818,5913121
Auckland,08/01/2014,Wed,1800,LB,CN1C,303B ,,R,D,B ,F ,T,S,C,50,0,0,0,1752947,5913514
Auckland,18/10/2014,Sat,2100,EA,CE1C,103A 129A 862 ,M,R,W,DO,L , , ,C,50,0,0,0,1768479,5905423
Auckland,20/04/2014,Sun,820,HA,CE1C,302A 375A ,,R,D,BF,F ,X,G,C,50,0,0,0,1768460,5905430
Auckland,03/05/2014,Sat,1515,HA,CN2C,302A 370A ,,R,D,B ,F ,X,G,C,50,0,0,0,1768460,5905430
Auckland,17/10/2014,Fri,800,LB,CE2C,302B ,,R,D,O ,F ,R,G,P,50,0,0,0,1767652,5905759
Auckland,07/06/2014,Sat,1900,DA,CE1,111A 131A ,F,R,D,DO,L ,T,G,P,50,0,0,0,1768065,5905587
Auckland,25/09/2014,Thu,1515,QA,4W1,521A 522A ,,R,D,B ,F , ,N,C,50,0,1,0,1768264,5905508
Auckland,20/02/2014,Thu,1250,MO,VS1C,386A ,M,E,D,B ,F , , ,C,50,0,0,0,1752593,5912422
Auckland,28/03/2014,Fri,759,JA,CN1C,308B 370B 929 ,,R,D,B ,F ,D, ,C,50,0,0,1,1752615,5912503
Auckland,22/03/2014,Sat,1619,FE,4N14,181A ,,R,D,OF,F ,T,T,C,50,0,0,0,1747398,5913695
Auckland,07/01/2014,Tue,1730,FA,CW1C,181A ,,R,D,O ,F ,T,G,C,70,0,0,0,1770558,5914046
Auckland,15/11/2014,Sat,1130,DA,CE1,197A ,,M,D,OF,F , ,N,C,50,0,0,1,1755270,5914098
Auckland,19/08/2014,Tue,1923,LB,CS1C,302A ,,S,W,DO,L ,T,G,C,50,0,0,0,1765008,5904790
Auckland,10/12/2014,Wed,1225,LB,CN2C,302B ,,R,D,B ,F ,T,G,C,50,0,0,0,1765008,5904790
Auckland,14/09/2014,Sun,330,CC,CW1,130A 801 ,F,R,W,DO,L ,T,N,C,50,0,0,0,1758672,5906421
Auckland,01/09/2014,Mon,725,DA,CS1,135A 801 901 ,FP,E,W,OF,H ,R,G,C,50,0,0,0,1746013,5926069
Auckland,15/03/2014,Sat,1920,MG,CS1B,371B ,,R,W,TO,L , , ,C,100,0,0,0,1745917,5926120
Auckland,17/09/2014,Wed,830,HA,CN1S,312B 382B ,,R,W,OF,L , ,N,C,70,0,0,1,1745759,5926171
Auckland,04/06/2014,Wed,2120,DA,CW1,103A 138A 817 ,FT,M,D,DN,F , ,N,L,80,0,0,0,1744672,5926350
Auckland,13/04/2014,Sun,1140,MO,CN1C,387A 387B ,,R,D,B ,F , , ,C,50,0,0,0,1759131,5919287
Auckland,11/03/2014,Tue,2230,EA,CS1C,129A ,M,R,D,DO,F , , ,C,50,0,0,0,1759063,5919339
Auckland,13/03/2014,Thu,1738,MB,CN1CC,303B ,M,E,D,B ,F , , ,C,50,0,0,0,1759235,5919209
Auckland,28/07/2014,Mon,915,FB,CN1C,181A ,,R,D,BF,F ,T,G,L,50,0,0,0,1759051,5919348
Auckland,04/08/2014,Mon,1150,CB,CE1,130A 423A ,F,R,D,B ,F ,T,N,C,50,0,0,0,1754941,5945085
Auckland,21/06/2014,Sat,1016,LB,CE1C,303B 375B ,,R,D,B ,F ,X,S,R,50,0,0,0,1755455,5945130
Auckland,15/06/2014,Sun,1749,HA,CW1C,301B 375B ,,R,D,DO,F ,X,S,C,50,0,0,0,1755455,5945130
Auckland,10/10/2014,Fri,1120,HA,CW1C,301B ,,R,D,O ,F ,X,S,C,50,0,0,0,1755455,5945130
Auckland,18/12/2014,Thu,1600,HA,CW1C,301B 375B ,,R,D,B ,F ,X,S,C,50,0,0,0,1755455,5945130
Auckland,10/06/2014,Tue,2000,EA,CE14,129A ,M,R,W,DO,HS, ,N,N,50,0,0,0,1754533,5945284
Auckland,15/08/2014,Fri,940,CA,CW1,501A ,IS,R,D,B ,F , , ,R,50,0,0,1,1772912,5896400
Auckland,21/04/2014,Mon,944,AC,CS1B,372A ,,R,D, F,F , ,N,L,50,0,0,0,1758388,5917651
Auckland,28/02/2014,Fri,1620,JA,SN1C,112A 204A 378B 922 ,,R,D,B ,F ,D,N,C,50,0,0,1,1758389,5917601
Auckland,15/07/2014,Tue,1600,FD,CN1CC,181A ,,R,D,BF,F , ,N,C,50,0,0,2,1758503,5918353
Auckland,06/03/2014,Thu,700,MO,CS1M,371A 386A ,M,R,D,B ,F ,T,N,C,50,0,0,0,1758495,5918330
Auckland,23/05/2014,Fri,1000,AC,CN1C,372A ,,R,D,OF,F ,T,T,C,50,0,0,0,1758495,5918330
Auckland,13/07/2014,Sun,2000,MC,XS1C,372B ,,R,D,DO,F , ,N,P,50,0,0,0,1758474,5918227
Auckland,10/02/2014,Mon,1948,AO,CS1CB,330A ,,R,D,BF,F ,M,T,C,50,0,0,0,1758389,5917468
Auckland,01/07/2014,Tue,446,DC,CS1,103A 335A 410A ,IP,E,W,DO,F ,M,T,R,50,0,0,1,1758389,5917468
Auckland,19/08/2014,Tue,1800,BB,CS2C,124A ,,R,D,DO,F ,X,T,C,50,0,0,0,1772771,5896429
Auckland,13/05/2014,Tue,930,FE,CW1C,181A 331A 353A ,,R,W,B ,F ,T,T,C,50,0,0,0,1772771,5896429
Auckland,27/12/2014,Sat,1708,MO,CW1C,386A ,M,R,D,B ,F , ,N,C,50,0,0,0,1758603,5918677
Auckland,24/07/2014,Thu,1150,FA,CN1C,181A 350A ,,R,W,O ,F ,T,N,P,50,0,0,0,1758603,5918677
Auckland,02/01/2014,Thu,1725,FD,CN1C,181A ,,R,D,B ,F ,T,N,C,50,0,0,0,1758585,5918653
Auckland,15/10/2014,Wed,1035,DA,CW1,131A 501A ,CHS,E,D,BF,F ,T,T,R,50,0,0,0,,
Auckland,04/08/2014,Mon,1930,MA,CS1C,386B ,,R,W,DO,F , , ,C,50,0,0,0,1758443,5918112
Auckland,17/01/2014,Fri,1203,MA,BS1C,381A 373B ,,R,D,B ,F , ,N,C,50,0,0,0,1758452,5918141
Auckland,07/05/2014,Wed,1825,NA,CS1E,105B 712B 713B ,,R,D,TO,F , ,N,R,50,0,0,1,1758452,5918141
Auckland,21/11/2014,Fri,300,MO,4S1O,103A 371A ,M,R,D,DO,F ,Y,T,C,50,0,0,0,1758432,5918074
Auckland,27/11/2014,Thu,1610,NA,XN1E,370A 712B 714B ,,R,D,B ,F , , ,P,50,0,0,1,1758432,5918074
Auckland,30/11/2014,Sun,2225,FE,CS1C,181A ,,R,W,DO,L ,T,T,C,50,0,0,0,1758437,5918093
Auckland,20/12/2014,Sat,1410,AO,CS1C,372A ,,R,W,OF,L ,T,T,C,50,0,0,0,1758389,5917468
Auckland,06/05/2014,Tue,1500,FA,CN1C,101A ,,R,D,B ,F ,T,N,C,50,0,0,0,1758455,5918152
Auckland,08/11/2014,Sat,400,DA,CE1V,101A 131A ,MT,E,D,DN,F , ,N,N,100,0,0,0,1744725,5893180
Auckland,30/03/2014,Sun,245,DA,CE1,130A 198A ,GP,E,D,DN,M , ,N,C,100,0,0,0,1774154,5903022
Auckland,15/09/2014,Mon,740,DA,CN1,131A 350A ,F,E,D,O ,F , , ,C,100,0,0,0,1774324,5903103
Auckland,01/10/2014,Wed,1625,DA,CW1,131A 195A ,V,E,D,BN,F , ,N,C,100,0,0,0,1776031,5903617
Auckland,22/02/2014,Sat,1740,DA,CN1,110A 131A ,FP,M,W,O ,F , ,N,C,100,0,0,1,1776659,5904086
Auckland,29/12/2014,Mon,2315,DB,CN1,111A 131A 351A 402A ,S,M,D,DN,F ,T,S,C,100,0,0,1,1777275,5906157
Auckland,28/07/2014,Mon,1920,CC,VW1,129A ,C,R,D,DN,F , ,N,C,100,0,1,0,1755260,5881205
Auckland,29/10/2014,Wed,2330,EC,CW1,821,X,R,W,DN,L , ,N,L,100,0,0,0,1754354,5881429
Auckland,03/04/2014,Thu,2250,EA,PE1C,101A 129A ,M,R,W,DO,F , ,N,N,50,0,0,0,1755507,5919660
Auckland,08/03/2014,Sat,1700,MO,CE1C,371A ,M,R,D,B ,F ,T,N,C,50,0,0,0,1755689,5919692
Auckland,23/11/2014,Sun,455,DA,CN1,101A 131A 410A ,G,M,D,DO,F , ,N,C,50,0,0,0,1755359,5934060
Auckland,17/12/2014,Wed,1745,CC,4S1,130A 358A ,T,R,W,OF,L , ,N,C,50,0,0,0,1756081,5934963
Auckland,31/05/2014,Sat,2205,DA,CW1C,133A 195A ,FMT,E,D,DN,F , ,N,C,50,0,0,0,1756195,5935023
Auckland,18/06/2014,Wed,916,KB,CS1CC,308B 375B 930 ,,R,W,BF,H ,D,N,C,50,0,0,0,1755744,5934578
Auckland,05/01/2014,Sun,1456,HA,CE2B,302A 375A ,,E,W,OF,H ,X,G,C,50,0,0,0,1755910,5934857
Auckland,07/10/2014,Tue,2015,GD,CW14,181A ,,R,D,B ,F ,T,N,C,50,0,0,0,1765951,5901523
Auckland,10/02/2014,Mon,1710,NA,CW1E,713B ,,R, , F,  , ,N,P,50,0,0,0,1766146,5901603
Auckland,24/02/2014,Mon,1304,FE,TE1C,110A 331A ,,R,D,B ,F ,T,T,C,50,0,0,1,1767012,5901954
Auckland,25/04/2014,Fri,1050,JA,CE1C,322A 334A 353A ,,R,D,BF,F ,T,T,C,50,0,0,0,1767012,5901954
Auckland,29/08/2014,Fri,1818,JA,CE1C,308B 330B 927 ,,R,D,TO,F ,D, ,C,50,0,0,0,1765787,5901457
Auckland,13/07/2014,Sun,1800,LB,CE14,303B 927 ,,R,W,DO,L ,D,N,R,50,0,0,1,1765801,5901463
Auckland,07/05/2014,Wed,810,FD,CE1CC,181A ,,R,D,OF,F ,T,G,C,50,0,0,0,1766835,5901882
Auckland,28/10/2014,Tue,830,AO,CW1C,129A 158A ,,R,D,O ,F ,T,T,C,50,0,0,0,1766821,5901877
Auckland,05/03/2014,Wed,900,AO,CE1C,357A 434A ,,R,D,BF,F ,T,G,C,50,0,0,0,1766825,5901878
Auckland,16/05/2014,Fri,1724,FD,CW1CC,112A 517A ,,R,D,TF,F ,T,G,P,50,0,0,1,1766825,5901878
Auckland,16/05/2014,Fri,1730,GB,VW1C,172B 387B ,,R,D,BF,F ,T,G,C,50,0,0,0,1766825,5901878
Auckland,06/11/2014,Thu,645,FB,CE1CC,181A 181B ,,E,D,B ,F ,X,T,C,80,0,0,0,1768189,5902430
Auckland,25/01/2014,Sat,1810,FO,CE1C,330A ,,R,D,TF,F ,X,T,C,50,0,0,0,1768189,5902430
Auckland,22/02/2014,Sat,2046,JA,CW1CC,111A 302A 514A ,,R,D,DO,F ,T,G,P,50,0,1,3,1768017,5902359
Auckland,13/11/2014,Thu,1929,JA,CW1V,302B 375B ,,E,W,TF,L ,T,G,C,50,0,0,1,1768017,5902359
Auckland,07/08/2014,Thu,747,LB,CW1C,377A 303B 330B ,,R,D,B ,F ,T,G,P,50,0,0,1,1767056,5901972
Auckland,10/07/2014,Thu,1705,MC,CE1C,330B 372B ,,R,D,O ,F , , ,C,50,0,0,0,1765717,5901429
Auckland,31/05/2014,Sat,1210,FB,TW1C,331A 353A ,,M,D,BF,F ,X,T,N,50,0,0,0,1765662,5901407
Auckland,28/12/2014,Sun,1135,CB,CE1,414A ,P,R,D,BF,F , ,N,C,50,0,0,0,1766418,5901713
Auckland,02/09/2014,Tue,840,FD,CE1C,181A 331A ,,R,W,O ,F , , ,C,50,0,0,1,1766714,5901833
Auckland,29/11/2014,Sat,1030,FE,CW14,181A 352A ,,R,D,B ,F ,X,T,C,50,0,0,0,1766779,5901859
Auckland,28/06/2014,Sat,1500,MO,SW1C,204A 370B ,,R,D,O ,F , , ,C,50,0,0,1,1767516,5902157
Auckland,08/03/2014,Sat,1425,EA,CE1C,102A 108A 512A ,M,R,D,B ,F , ,N,C,40,0,0,0,1767488,5902146
Auckland,18/06/2014,Wed,1520,GF,CW1C,175A ,,R,D,O ,F ,T,G,C,50,0,0,0,1767608,5902195
Auckland,28/03/2014,Fri,1553,EA,CN1CC,129A 130A 504A ,M,R,D,BF,F , ,N,C,50,0,0,0,1745296,5915894
Auckland,27/05/2014,Tue,935,LB,CE1C,303B 375B ,,R,D,B ,F ,T,S,P,50,0,0,1,1744860,5915297
Auckland,12/06/2014,Thu,850,AO,TS1X,103A 381A 671A ,,M,D,BF,F ,T,S,C,50,0,0,0,1744421,5914603
Auckland,22/05/2014,Thu,620,DA,CE1,111A 131A 517A ,FS,M,W,DO,F , ,N,P,50,0,0,0,1745365,5915981
Auckland,10/05/2014,Sat,840,MC,CW1C,372B ,,R,D,BF,F , ,N,C,50,0,0,0,1745332,5915944
Auckland,18/01/2014,Sat,310,DA,CN1,103A 111A 131A 514A ,GX,S,D,DO,F ,T,G,R,50,0,1,0,1745394,5915987
Auckland,28/07/2014,Mon,830,BB,CE14,124A 363A 902 ,,R,D,B ,F ,X,G,C,50,0,0,0,1768191,5910440
Auckland,05/10/2014,Sun,2256,DA,CS1C,103A 130A ,M,E,W,DO,F , , ,N,50,0,0,0,1769895,5898634
Auckland,05/01/2014,Sun,36,DA,CN2,103A 111A 131A ,F,E,D,DO,F ,R,G,R,50,0,0,1,1769987,5898429
Auckland,11/08/2014,Mon,1250,MC,CN1C,371B ,,R,D,BF,F , ,N,C,50,0,0,0,1766595,5905576
Auckland,19/12/2014,Fri,807,CB,CS1,136A 631A ,PT,R,D,BF,F , ,N,C,50,0,0,0,1763182,5906601
Auckland,26/04/2014,Sat,2040,CC,CS1,103A 130A 402A ,T,R,D,DO,F , , ,C,50,0,0,1,1763004,5906691
Auckland,11/04/2014,Fri,1800,JA,CN1C,112A 204B 302B ,F,R,D,B ,F ,T,G,C,50,0,0,0,1763093,5906646
Auckland,23/03/2014,Sun,1523,DA,CN1,103A 111A 136A 632A ,PT,E,W,BF,F , ,N,C,70,0,0,0,1770023,5879146
Auckland,22/12/2014,Mon,640,FE,CW1C,181A ,,E,D,BF,F ,X,T,C,50,0,0,0,1762276,5907059
Auckland,06/04/2014,Sun,1230,LB,CW14,303B ,,R,D,B ,F ,T,G,R,50,0,0,0,1763533,5906424
Auckland,21/09/2014,Sun,1035,LB,CW1C,303B 382B ,,E,W,O ,H ,T,G,C,50,0,0,0,1763533,5906424
Auckland,29/03/2014,Sat,1435,JC,CN2C,302A 375A ,,R,D,BF,F ,T,G,C,50,0,0,1,1762647,5906872
Auckland,28/07/2014,Mon,2025,FB,4W1C,181A 330A ,,E,D,O ,F ,R,G,C,50,0,0,0,1761011,5907336
Auckland,05/04/2014,Sat,1345,HA,CN2C,302A ,,M,D,B ,F ,R,G,R,50,0,0,0,1761008,5907306
Auckland,10/12/2014,Wed,1515,GB,CW1C,172B ,,E,D,B ,F ,R,G,C,50,0,0,0,1761007,5907333
Auckland,13/09/2014,Sat,1400,MC,CE1C,372B 410B ,K,R,W,O ,L , ,N,C,50,0,0,2,1761915,5907240
Auckland,02/11/2014,Sun,400,DA,CE1,103A 131A ,T,E,D,DO,F , ,N,C,50,0,1,0,1761274,5907528
Auckland,07/11/2014,Fri,2130,LB,CE1C,303B 382B ,,M,D,DO,F ,T,G,R,50,0,0,0,1761470,5907516
Auckland,30/11/2014,Sun,2120,LB,CE1C,303B 375B ,,R,W,DO,L ,T,G,P,50,0,0,0,1761470,5907516
Auckland,30/01/2014,Thu,1315,AD,CS1C,386A ,,R,D,B ,F ,X,G,C,50,0,0,0,1770831,5878334
Auckland,06/11/2014,Thu,1740,FD,CN1C4,181A 331A 102B 181B ,,R,D,B ,F , , ,P,50,0,0,1,1770023,5915368
Auckland,11/04/2014,Fri,1525,FD,CN1CC,181A 331A 181B ,,R,W,O ,L , , ,P,60,0,0,0,1770013,5915329
Auckland,08/01/2014,Wed,845,MC,CS1C,372B ,,R,D,OF,F ,T,N,C,50,0,0,0,1769987,5915227
Auckland,18/02/2014,Tue,1230,PO,BS1E,722B 732B ,,R,D,B ,F ,T,S,C,50,0,1,0,1769978,5917611
Auckland,05/04/2014,Sat,1855,LB,CS1C,101B 303B 375B ,,R,D,B ,F ,T,S,C,50,0,0,1,1769978,5917611
Auckland,30/06/2014,Mon,1800,HA,CE2C,302A 375A ,,E,W,DO,H ,R,G,C,50,0,0,0,1770105,5915657
Auckland,06/09/2014,Sat,1430,GB,VN1CC,387A 175B 929 ,M,R,W,O ,F ,D, ,C,50,0,0,0,1770046,5917239
Auckland,28/02/2014,Fri,1020,MG,CN1V,371B ,,R,D,BF,F , ,N,C,50,0,0,0,1770369,5916763
Auckland,09/07/2014,Wed,1815,MO,VS1C,385A ,M,R,W,DO,L , ,N,C,50,0,0,0,1770365,5916748
Auckland,03/09/2014,Wed,1715,AA,CN1C,197A 372A ,,R,W,BF,L , ,N,C,50,0,0,0,1769868,5914793
Auckland,02/12/2014,Tue,820,AO,CS1C,129A 330A 386A ,,R,D,TF,F , , ,C,50,0,0,0,1769883,5914851
Auckland,03/12/2014,Wed,1520,FD,CS1C,181A ,,R,D,BF,F , ,N,C,50,0,0,0,1769888,5914871
Auckland,01/03/2014,Sat,1125,FB,TE2C,181A ,,E,D,B ,F ,X,T,N,60,0,0,0,1769862,5914774
Auckland,17/06/2014,Tue,1625,FB,4S1V,181A 331A ,,E,D,B ,F ,X,T,C,50,0,0,0,1769862,5914774
Auckland,04/05/2014,Sun,1315,FE,CS1C,181A 331A ,,E,D,O ,F ,X,T,C,50,0,0,0,1769862,5914774
Auckland,20/06/2014,Fri,2300,EA,CN14,112A 129A 402A ,M,R,D,DO,F , , ,C,50,0,0,1,1770163,5915934
Auckland,10/03/2014,Mon,1730,CB,CN1,130A 632A ,KT,R,D,B ,F , , ,P,50,0,0,0,1770166,5915944
Auckland,14/02/2014,Fri,1630,FD,CS1C,181A 331A ,,E,D,B ,F , ,N,C,50,0,0,0,1770168,5915953
Auckland,22/07/2014,Tue,755,JA,CN1C,301B ,,R,W,O ,F ,T,S,P,50,0,0,0,1770143,5915853
Auckland,03/03/2014,Mon,515,NF,CE2E,341A 377A 715B ,,R,D,BF,F ,T,S,P,50,0,0,1,1770143,5915853
Auckland,18/06/2014,Wed,1850,EA,4N1C,129A 410A ,M,R,D,DO,F , ,N,C,50,0,0,0,1770088,5917081
Auckland,14/06/2014,Sat,2305,EA,CN1CC,129A ,M,R,D,DO,F , , ,C,50,0,0,0,1770317,5916555
Auckland,12/02/2014,Wed,1840,QD,TS1,428A ,F,R,D,BF,F ,T,G,C,50,0,0,0,1769934,5917792
Auckland,17/06/2014,Tue,1839,CB,CN1C,410A 801 ,M,R,W,DO,L , , ,C,50,0,0,0,1757144,5913879
Auckland,14/06/2014,Sat,2215,EA,4W1T,129A 353A ,M,R,D,DO,F , ,N,C,50,0,1,0,1766382,5901188
Auckland,21/11/2014,Fri,410,CC,CW1,130A 195A ,FH,R,D,DO,F ,X,G,C,50,0,0,0,1766295,5901153
Auckland,02/11/2014,Sun,725,DA,CN1,131A 517A ,F,R,D,B ,F ,T,G,R,60,0,0,0,1765775,5901104
Auckland,20/12/2014,Sat,1729,DA,CW1,103A 131A 433A ,,E,W,O ,L , , ,N,50,0,0,0,1767156,5900386
Auckland,28/09/2014,Sun,1345,CC,CE1,371A 405A 423A ,P,R,D,O ,F , ,N,N,50,0,0,0,1755710,5917139
Auckland,19/06/2014,Thu,1830,MO,CE1C,371A 926 ,M,R,W,ON,H ,D,G,C,50,0,0,0,1755946,5917073
Auckland,15/04/2014,Tue,1608,MO,CW1CC,353A 386A 402A ,M,R,D,B ,F , , ,C,50,0,0,0,1755200,5917278
Auckland,24/04/2014,Thu,1525,MD,ME1C,103A 308B 377B 839 929 ,,R,D,O ,F ,D, ,N,50,0,0,1,1755489,5917199
Auckland,08/08/2014,Fri,1318,FE,CS1CC,181A 181B ,,R,D,O ,F ,T,T,C,50,0,0,1,1758195,5926451
Auckland,02/08/2014,Sat,745,CA,CS1C,129A 130A ,KM,R,W,O ,F ,T,N,C,50,0,0,0,1769315,5911846
Auckland,20/12/2014,Sat,1345,HA,CS1C,308B 375B 927 ,,R,W,O ,L ,D,G,C,50,0,0,0,1768769,5911762