TLANAME,CRASHDATE,CRASHDOW,CRASHTIME,MVMT,VEHICLES,CAUSES,OBJECTSSTRUCK,ROADCURVE,ROADWET,LIGHT,WTHRa,JUNCTYPE,TRAFCTRL,ROADMARK,SPDLIM,CRASHFATALCNT,CRASHSEVCNT,CRASHMINCNT,EASTING,NORTHING
Auckland,19/02/2014,Wed,555,DA,CN1,111A 131A 410A ,C,M,D,DN,F , ,N,C,100,0,0,0,1772491,5890348
Auckland,04/09/2014,Thu,1500,EA,CE1C,129A ,M,R,D,OF,F , ,N,C,50,0,0,0,1765676,5900454
Auckland,21/12/2014,Sun,1850,DC,CW1C,133A 423A ,FM,R,D,BF,F , ,N,L,50,0,0,0,1765034,5900195
Auckland,13/09/2014,Sat,350,CB,CW1,112A 517A ,FH,R,W,DO,H ,T,N,C,50,0,0,0,1765448,5900361
Auckland,02/10/2014,Thu,1655,GB,CN2C,172B ,,M,W,BF,L ,R,G,C,50,0,0,0,1743666,5919379
Auckland,01/08/2014,Fri,914,GF,4W1C,330B 387B ,,S,W,O ,M ,M,T,R,50,0,0,0,1745063,5917751
Auckland,14/06/2014,Sat,1642,BE,4W1C,129A 358A ,,R,W,TF,F , ,N,C,50,0,0,1,1745187,5917850
Auckland,24/07/2014,Thu,1815,LB,CE1C,301A 387A ,,R,W,DO,L ,X,S,C,50,0,0,0,1745209,5917870
Auckland,02/07/2014,Wed,1630,MG,CW1C,330B 371B ,,R,D,O ,F ,X,S,C,50,0,0,0,1745209,5917870
Auckland,10/03/2014,Mon,749,GD,CS14C,331A 363A 181C 929 ,,R,D,BF,F ,D,N,C,50,0,0,1,1752427,5933238
Auckland,26/07/2014,Sat,1320,FE,CN1CC,181A 331A 351A ,,R,W,B ,F ,X,T,C,50,0,0,1,1752494,5933313
Auckland,16/07/2014,Wed,914,DA,CS2,111A 131A ,S,M,D,BF,F ,X,T,C,50,0,0,0,1752494,5933313
Auckland,14/11/2014,Fri,1036,FE,CN1C,112A 331A 402A ,,R,D,O ,F ,X,T,C,50,0,0,0,1752494,5933313
Auckland,28/04/2014,Mon,1015,DA,TE1C,385A 929 ,M,R,D,OF,F ,D,N,N,50,0,0,0,1752061,5930910
Auckland,01/05/2014,Thu,730,GB,CW1T,387A 140B 330B 372B 927 ,,E,D,B ,F ,D, ,C,50,0,0,0,1751987,5930919
Auckland,08/08/2014,Fri,26,CB,CS1,103A 112A ,V,R,W,DO,L ,T,N,C,50,0,0,0,1752442,5933253
Auckland,04/09/2014,Thu,1844,FD,CS1CC,181A 330A ,,R,W,DO,F ,T,N,C,50,0,0,0,1752130,5932681
Auckland,28/04/2014,Mon,1640,CA,CS1C,130A 402A 801 ,M,R,W,O ,L , , ,C,50,0,0,0,1752165,5932393
Auckland,19/08/2014,Tue,825,BF,CE2C,111A 131A ,,R,D,O ,F ,X,T,P,50,0,0,0,1752152,5932472
Auckland,14/02/2014,Fri,1750,DA,CS1,111A 131A ,C,E,D,B ,F ,X,T,R,50,0,0,1,1767064,5910534
Auckland,12/05/2014,Mon,1700,MG,CS1C,371B ,,R,D,BF,F ,X,T,C,50,0,0,0,1767064,5910534
Auckland,07/08/2014,Thu,754,JA,VN1C,308B 377B 839 924 ,,R,D,OF,F ,D,N,C,50,0,0,0,1767026,5910374
Auckland,17/06/2014,Tue,1205,MO,VE1C,385A ,M,R,D,OF,F ,T,G,C,50,0,0,0,1756122,5935382
Auckland,07/11/2014,Fri,2044,NA,CW1E,712B 713B ,,R,D,DO,F , ,N,R,50,0,0,1,1756117,5935382
Auckland,21/08/2014,Thu,1010,MO,CS1V,371A ,M,R,D,B ,F , ,N,C,50,0,0,0,1756102,5935383
Auckland,17/01/2014,Fri,1200,MA,CW1C,371B ,,R,D,B ,F , , ,C,50,0,0,0,1756092,5935383
Auckland,09/12/2014,Tue,3,CC,CE1,133A ,FM,R,D,DO,F , , ,C,50,0,0,0,1768938,5914800
Auckland,11/08/2014,Mon,830,KB,CE1C,302B 330B ,,R,D,B ,F ,T,G,C,50,0,0,0,1768805,5914833
Auckland,15/11/2014,Sat,1323,KA,CN2V,302A ,,E,W,O ,L ,R,G,R,50,0,0,2,1773121,5895259
Auckland,26/12/2014,Fri,1523,GD,VE1C,331A 350A 926 ,,R,D,B ,F ,D,N,N,50,0,0,0,1758032,5926838
Auckland,28/04/2014,Mon,1401,EA,CS1C,129A 330A ,M,R,D,B ,F , , ,N,50,0,0,0,1760446,5914665
Auckland,25/04/2014,Fri,645,EA,CW1C,129A 130A 517A 904 ,M,R,W,TN,M , , ,N,50,0,0,0,1765721,5914571
Auckland,18/07/2014,Fri,1620,MF,CW1C,371B 377B 839 ,,R,D,O ,F , ,N,C,50,0,0,0,1754742,5915709
Auckland,19/07/2014,Sat,230,CB,CE14C,195A ,MM,R,D,DO,F , ,N,C,50,0,0,0,1760166,5922642
Auckland,01/04/2014,Tue,1829,KC,CW1C,302A ,,M,D,B ,F ,T,G,C,50,0,0,0,1760242,5922655
Auckland,24/04/2014,Thu,1620,MG,ME1C,357B 512B ,,R,D,BF,F , ,N,C,50,0,0,1,1759334,5922665
Auckland,18/03/2014,Tue,1235,CB,CN1,103A 514A 517A ,H,R,D,B ,F , ,N,C,50,0,0,0,1760446,5908011
Auckland,03/10/2014,Fri,1600,NB,CE1E,370A 711B ,,M,D,O ,F ,R,G,R,50,1,0,0,1753471,5930699
Auckland,27/02/2014,Thu,846,MD,CE1C,371B 929 ,,R,D,BF,F ,D,N,N,50,0,0,0,1767215,5901339
Auckland,30/08/2014,Sat,2208,EA,VN1C,101A 129A 645A 801 ,M,R,W,DO,L , , ,N,50,0,0,0,1761035,5922864
Auckland,06/06/2014,Fri,2149,DB,CS1C,103A 111A 131A ,M,S,W,DO,L ,T,G,C,50,0,0,0,1743146,5918908
Auckland,22/07/2014,Tue,1625,GD,CS1C,144B ,,R,D,BF,F ,T,N,C,50,0,0,0,1773849,5896813
Auckland,14/09/2014,Sun,2015,CC,CS1,195A ,P,R,D,DN,F , , ,N,50,0,0,0,1762455,5903714
Auckland,03/02/2014,Mon,1750,EA,CE1C,386A ,M,R,D,B ,F , ,N,C,50,0,0,0,1758230,5916134
Auckland,20/01/2014,Mon,1311,FE,CN1C,420B ,,R,D,BF,F ,T,T,C,50,0,0,0,1760283,5915373
Auckland,21/04/2014,Mon,1600,KB,CS1C,303B ,,E,W,O ,L ,T,T,C,70,0,0,0,1760285,5915378
Auckland,06/06/2014,Fri,1105,PC,VS1E,350A 730B 731B 929 ,,R,D,O ,F ,D, ,C,50,0,0,1,1759591,5914419
Auckland,04/12/2014,Thu,2109,JA,CW1C,308B 377B 839 929 ,,R,D,DO,F ,D,N,C,50,0,0,0,1758307,5913459
Auckland,04/06/2014,Wed,1704,FC,CE1C,181A 331A 402A ,,M,D,DO,F ,R,G,X,50,0,0,0,1758236,5913424
Auckland,12/09/2014,Fri,750,FD,CE1C,181A ,,R,W,B ,L , , ,C,50,0,0,0,1759190,5913963
Auckland,06/12/2014,Sat,755,HA,CW1S,302A ,,S,D,B ,F ,M,G,R,50,0,0,1,1758236,5913424
Auckland,02/12/2014,Tue,1750,LB,VW1S,302A 375A ,,R,D,B ,F ,R,G,C,50,0,0,1,1758874,5913783
Auckland,27/11/2014,Thu,110,DA,CE1,111A 131A 517A ,FKT,E,D,DO,F ,R,G,R,50,0,0,0,1758873,5913791
Auckland,25/07/2014,Fri,900,CA,PN1,132A ,,R,W,OF,H , ,N,R,50,0,0,1,1759410,5914142
Auckland,21/08/2014,Thu,120,HA,CW2V,302A 357A 375A 901 ,,R,W,DN,H ,X,G,R,50,0,0,0,1759437,5914185
Auckland,25/10/2014,Sat,1046,FD,CS1CC,181A ,,R,D,BF,F ,T,G,C,50,0,0,0,1759506,5914290
Auckland,26/11/2014,Wed,1800,FD,CW1CV,331A 410A ,,R,D,O ,F , ,N,C,50,0,0,1,1759484,5914257
Auckland,15/03/2014,Sat,2040,DB,CW1,131A ,G,E,W,DO,L ,T,S,C,50,0,0,1,1760192,5915186
Auckland,25/09/2014,Thu,1652,JA,CN1C,308B 314B 929 ,,R,D,B ,F ,D,N,P,50,0,0,0,1760195,5915190
Auckland,29/08/2014,Fri,740,JA,CS1C,301B 330B ,,E,D,B ,F ,X,S,C,50,0,0,0,1750263,5915496
Auckland,13/12/2014,Sat,1800,DB,CE1CC,131A 801 ,FM,M,W,TO,L , , ,C,50,0,0,0,1753673,5911347
Auckland,27/06/2014,Fri,1745,DB,CW1C,111A 131A 901 ,CM,M,W,DO,H ,T,N,N,50,0,0,0,1753536,5911342
Auckland,28/12/2014,Sun,1807,AO,CS1M,103A 150A 381A ,V,R,D,O ,F , ,N,C,70,0,1,0,1741618,5918248
Auckland,23/08/2014,Sat,1955,DA,CS1,103A 111A 131A ,E,E,D,DN,F , , ,C,50,0,0,1,1741807,5917581
Auckland,26/04/2014,Sat,1039,QO,40,129A ,E,R,W,ON,F , ,N,N,100,0,0,0,1824425,5976700
Auckland,19/09/2014,Fri,530,HA,CN2V,302B 353B ,,E,D,DO,F ,R,G,R,50,0,0,0,1768986,5882220
Auckland,23/09/2014,Tue,1213,HA,CN2C,302B ,,R,D,B ,F ,X,G,C,50,0,0,0,1769207,5882268
Auckland,31/08/2014,Sun,1117,HA,CS1C,302B ,,R,D,O ,F ,T,G,C,50,0,0,0,1769207,5882268
Auckland,13/11/2014,Thu,740,DA,4N1,195A ,F,M,W,ON,L , ,N,C,100,0,0,0,1769677,5883079
Auckland,17/06/2014,Tue,1433,BF,CN1C,131A 402A 801 ,F,M,W,O ,LS, , ,C,100,0,0,0,1769677,5883079
Auckland,12/02/2014,Wed,920,DB,CS1,135A 800 806 901 ,,E,W,O ,H , , ,C,50,0,0,0,1769730,5883363
Auckland,31/07/2014,Thu,605,DB,CN1,131A 815 844 904 ,F,S,W,DN,M , , ,C,100,0,0,0,1769730,5883363
Auckland,17/12/2014,Wed,1523,DB,CN1,129A 131A 801 ,V,M,W,O ,L , , ,C,100,0,0,0,1769739,5883382
Auckland,14/02/2014,Fri,745,DB,CN1,135A 330A 806 ,F,M,W,B ,L , ,N,C,100,0,0,0,1769727,5883454
Auckland,25/06/2014,Wed,1650,DA,VS1,135A 801 ,F,E,W,ON,H , ,N,C,100,0,0,0,1769703,5883747
Auckland,23/08/2014,Sat,1627,HA,CW2C,302A ,,R,D,B ,F ,X,G,R,50,0,0,0,1769207,5882268
Auckland,05/03/2014,Wed,828,HA,CS1C,302B 375B ,,R,D,OF,F ,X,G,C,50,0,0,0,1769207,5882268
Auckland,14/07/2014,Mon,1430,HA,CS1C,302B 375B ,,R,D,BF,F ,X,G,C,50,0,0,0,1769207,5882268
Auckland,10/04/2014,Thu,1540,DA,VN1,111A 131A ,F,M,W,ON,L , ,N,C,100,0,0,0,1769629,5883612
Auckland,17/03/2014,Mon,2202,QD,CN1,428A 611A 652A ,,R,D,DO,F , ,N,N,50,0,0,0,1755275,5935545
Auckland,21/10/2014,Tue,2330,EA,CN1C,129A ,M,R,D,DO,F , ,N,C,50,0,0,0,1747192,5912752
Auckland,07/07/2014,Mon,1814,DA,CN1,111A 131A 402A 801 903 ,F,R,W,DO,LS,T,N,N,50,0,0,0,1747184,5912781
Auckland,30/05/2014,Fri,1746,GB,CS1T,158A 372B ,,R,D,TO,F ,X,T,C,50,0,0,0,1760416,5911816
Auckland,09/12/2014,Tue,1430,DA,CN1C,111A 131A 801 ,P,R,W,O ,L ,T,G,C,50,0,0,0,1770182,5909922
Auckland,21/06/2014,Sat,525,CB,CS1,129A 410A ,T,R,W,DO,L ,T,N,C,50,0,0,1,1764391,5913373
Auckland,18/12/2014,Thu,1028,BF,CS1C,111A 131A ,,M,W,O ,L ,T,S,C,50,0,0,0,1764392,5913363
Auckland,17/04/2014,Thu,1020,LB,CN1C,303B ,,R,W,O ,H ,X,T,C,50,0,0,0,1764500,5912835
Auckland,17/04/2014,Thu,1355,LB,CS1C,303B 375B 925 ,,R,D,B ,F ,D,N,C,50,0,0,0,1764520,5912730
Auckland,27/01/2014,Mon,1930,CB,CS1,197A 423A ,T,R,D,BF,F , ,N,C,50,0,0,1,1764538,5912639
Auckland,14/10/2014,Tue,645,FE,CS1C4,181A 181B ,,R,D,B ,F ,T,T,C,50,0,0,0,1764557,5912541
Auckland,24/04/2014,Thu,1138,JA,VN1C,322A 801 ,,R,W,O ,L ,T,T,C,50,0,0,0,1764557,5912541
Auckland,26/05/2014,Mon,750,FE,CS1M,130A 350A ,,E,W,O ,L ,T,T,C,40,0,0,0,1764996,5911741
Auckland,11/03/2014,Tue,2115,DB,CW2,111A 131A 423A ,P,M,D,DO,F ,X,T,C,50,0,0,0,1764350,5913591
Auckland,06/07/2014,Sun,1614,GF,CW2C,381A 381B ,,R,D,BF,F ,X,T,C,50,0,0,0,1764478,5912940
Auckland,20/10/2014,Mon,2005,DA,CW1,111A 131A 402A ,FJ,M,D,TF,F , , ,C,50,0,0,0,1774643,5897285
Auckland,21/05/2014,Wed,737,KB,CS1M,302A 375A ,,M,D,BF,F ,R,G,C,50,0,0,1,1753482,5930706
Auckland,16/09/2014,Tue,930,NA,CN1E,710B ,,R,D,O ,F , , ,C,50,0,0,1,1753642,5930314
Auckland,04/09/2014,Thu,1620,FB,CN1C,181A 331A 801 ,,R,W,O ,L ,T,G,C,50,0,0,0,1753683,5931246
Auckland,29/05/2014,Thu,1138,LB,CE1C,302A 375A ,,E,D,B ,F ,R,G,R,50,0,0,0,1753822,5930211
Auckland,20/11/2014,Thu,1800,NB,CN1E,711B ,,R,D,BF,F ,T,S,C,50,0,0,1,1758375,5920146
Auckland,02/12/2014,Tue,1800,AO,CE1C,129A 818 ,,R,D,TF,F , , ,L,50,0,0,0,1755780,5935746
Auckland,14/02/2014,Fri,1900,FA,VW1C,181A ,,R,D,B ,F , ,N,C,50,0,0,0,1754343,5935996
Auckland,05/05/2014,Mon,1800,LB,CW1C,303B ,,R,W,DO,H ,M,T,C,50,0,0,0,1754323,5935992
Auckland,13/02/2014,Thu,950,GA,CE1C,181A 331A 929 ,P,R,D,BF,F ,D, ,C,50,0,0,0,1755398,5935929
Auckland,02/09/2014,Tue,1934,FA,CE1C,181A ,,R,D,DO,F , , ,C,50,0,0,0,1755167,5935912
Auckland,05/12/2014,Fri,1836,KA,BW2C,302B ,,R,D,B ,F ,T,G,C,50,0,0,0,1755422,5935924
Auckland,18/10/2014,Sat,1530,FB,CN1C,181A ,,R,W,O ,L ,T,G,P,50,0,0,0,1755422,5935924
Auckland,30/06/2014,Mon,2100,EA,VW1C,129A ,M,R,D,DO,L , ,N,C,50,0,0,0,1755123,5935895
Auckland,30/06/2014,Mon,1645,EA,VW1C,129A 386A ,M,R,W,DO,F , ,N,C,50,0,0,0,1755123,5935895
Auckland,30/08/2014,Sat,1350,EA,VE1C,129A 358A ,M,R,W,OF,L , ,N,C,50,0,0,0,1754923,5935904
Auckland,30/06/2014,Mon,1409,JA,CE1C,133B 301B 423B ,,R,D,OF,F ,T,S,C,50,0,0,0,1754615,5935948
Auckland,26/04/2014,Sat,1200,MO,CE1C,371A ,M,R,D,B ,F , ,N,C,50,0,0,0,1771342,5907860
Auckland,14/06/2014,Sat,2343,LB,ME1X,303B 929 ,,R,D,DO,F ,D,N,N,50,0,1,0,1757429,5918868
Auckland,29/07/2014,Tue,1734,JA,CE1M,201B 303B 330B 402B ,,R,D,DO,F ,T,N,C,50,0,1,0,1758432,5918583
Auckland,20/02/2014,Thu,1020,JA,CE1C,301B ,,R,D,B ,F ,T,S,C,50,0,0,0,1758119,5918671
Auckland,14/02/2014,Fri,800,MC,ME1C,372B 671B ,,R,D,O ,F , , ,C,50,0,0,0,1758216,5918644
Auckland,12/09/2014,Fri,1813,FA,CE1CC,181A 191B ,M,R,W,DO,L , , ,P,50,0,0,0,1758407,5918590
Auckland,01/06/2014,Sun,1645,MO,CE1C,428A ,M,R,D,O ,F , , ,C,50,0,0,0,1757893,5918735
Auckland,28/09/2014,Sun,3,CC,CE1C4C,103A 112A ,,R,W,DO,F , ,N,C,50,0,0,0,1757922,5918727
Auckland,07/03/2014,Fri,1720,MO,CE1C,371A 929 ,M,R,D,B ,F ,D,N,N,30,0,0,0,1747396,5926217
Auckland,11/01/2014,Sat,1340,CB,CN1,129A 358A ,T,R,D,B ,F ,R,G,R,50,0,0,0,1767288,5897913
Auckland,19/08/2014,Tue,1100,BA,CS1T,129A ,,R,D,OF,F , ,N,N,50,0,0,0,1751308,5935011
Auckland,17/07/2014,Thu,1701,JA,CW1C,308B 375B 926 ,,R,D,BF,F ,D,N,C,50,0,0,0,1756075,5913297
Auckland,16/06/2014,Mon,1600,JC,CS1C,301A 375A ,,R,W,O ,F ,T,S,C,50,0,0,0,1756032,5913321
Auckland,27/01/2014,Mon,1250,GA,CW1C,331A 927 ,,R,D,B ,F ,D,N,C,50,0,0,0,1756570,5913114
Auckland,08/09/2014,Mon,1630,AO,TE1C,129A ,K,R,D,O ,F ,R,G,C,50,0,0,0,1756254,5913196
Auckland,08/08/2014,Fri,1910,HA,4W1C,113A 302A ,,E,W,DO,F ,R,G,N,50,0,0,0,1756280,5913182
Auckland,20/12/2014,Sat,1230,GA,CE1C,333A 929 ,,R,D,BF,F ,D,G,C,50,0,0,0,1769391,5905921
Auckland,05/01/2014,Sun,1320,EA,CE1C,385A ,M,R,W,OF,L , ,N,N,50,0,0,0,1769459,5905905
Auckland,05/08/2014,Tue,1430,EA,CE1C,129A ,M,R,D,O ,F , , ,N,50,0,0,0,1769565,5905868
Auckland,11/01/2014,Sat,903,CB,CS1,410A ,JP,R,D,O ,F , , ,C,50,0,0,0,1752665,5916804
Auckland,18/08/2014,Mon,1015,EC,SN1,330A 341A ,R,R,D,B ,F , ,N,C,50,0,0,1,1752470,5917332
Auckland,08/03/2014,Sat,1740,FD,CN1C,331A 517A ,,R,D,B ,F , , ,C,50,0,0,0,1752401,5918071
Auckland,08/01/2014,Wed,2150,KB,CN1C,308B 927 ,,R,D,DO,F ,D, ,R,50,0,0,0,1752402,5918061
Auckland,23/07/2014,Wed,1630,JA,TN1C,308B 387B 930 ,,R,D,TF,F ,D,N,C,50,0,0,1,1752541,5916990
Auckland,20/06/2014,Fri,1200,FD,CN1CCC,181A 331A 181B 181C ,,R,D,B ,F ,T,T,C,50,0,0,0,1752538,5917000
Auckland,31/10/2014,Fri,1720,FD,CN1CC,331A ,,R,D,O ,F ,T,G,C,50,0,0,1,1752428,5917614
Auckland,24/07/2014,Thu,1450,LB,MN1CC,370A 377A 303B 314B 927 ,,R,D,O ,F ,D,S,C,50,0,0,0,1752426,5917653
Auckland,16/09/2014,Tue,1652,KB,VN1C,691A 101B 308B 313B 330B 927 ,,R,D,B ,F ,D, ,P,50,0,0,1,1752421,5917723
Auckland,30/05/2014,Fri,1640,FA,CS1C,181A 331A ,,R,D,B ,F , , ,C,50,0,0,0,1752408,5917951
Auckland,20/10/2014,Mon,1018,FD,CS1CC,181A 191A 181B ,,R,W,O ,H , , ,P,50,0,0,0,1752408,5917961
Auckland,21/03/2014,Fri,730,AC,TN1V,372A 671A ,,R,D,BF,F , ,N,L,50,0,0,0,1752404,5918031
Auckland,27/04/2014,Sun,1230,FD,CS1CC,181A ,,R,D,BF,F , ,N,X,50,0,0,0,1752413,5917871
Auckland,26/03/2014,Wed,1445,AA,CW1C,381A ,,R,D,BF,F , ,N,P,50,0,0,0,1752415,5917831
Auckland,28/04/2014,Mon,1511,FD,CE1V,181A 358A ,,R,D,O ,F , ,N,C,50,0,0,0,1766274,5905366
Auckland,09/11/2014,Sun,954,EA,CE1C,103A 129A 412A ,PQ,R,D,B ,F , , ,P,50,0,1,1,1765807,5905706
Auckland,27/09/2014,Sat,2100,CA,CE1,103A 130A ,I,R,D,DO,F ,T,G,R,50,0,0,0,1765726,5905765
Auckland,24/03/2014,Mon,804,HA,VN1C,301B 382B ,,R,D,BF,F ,X,S,C,50,0,0,0,1766262,5905375
Auckland,13/02/2014,Thu,1800,FE,CS1C,371B ,,R,D,O ,F ,X,T,C,50,0,0,0,1766419,5905257
Auckland,18/02/2014,Tue,822,FD,CN1CCC,331A 402A 501A ,,R,D,O ,F , , ,C,50,0,0,2,1765751,5905747
Auckland,13/10/2014,Mon,650,LB,CW1V,302A 375A ,,R,D,O ,F ,R,G,N,50,0,0,0,1765590,5905865
Auckland,10/05/2014,Sat,2330,DA,VS1,103A 131A ,P,E,D,DN,F , ,N,C,70,0,0,0,1743910,5912884
Auckland,15/11/2014,Sat,2230,JO,CW2C,124A 357A 386A ,,R,W,DO,F ,T,G,C,50,0,0,0,1744206,5921720
Auckland,17/02/2014,Mon,815,JA,BN1C,302B 377B ,,R,D,B ,F ,T,G,C,50,0,0,0,1768851,5914020
Auckland,22/03/2014,Sat,810,CB,SE1,129A ,K,R,D,OF,F , ,N,P,50,0,0,1,1770001,5912889
Auckland,15/04/2014,Tue,1525,FD,CE1C,181A 351A ,,R,D,O ,F ,R,G,C,50,0,0,0,1769938,5912904
Auckland,16/05/2014,Fri,1729,FD,CE1C,331A ,,R,D,DO,F , , ,C,50,0,0,1,1769909,5912905
Auckland,07/02/2014,Fri,1820,DA,CS2CC,111A 131A ,,E,W,OF,L ,R,G,P,50,0,0,1,1769989,5912919
Auckland,01/02/2014,Sat,1100,JA,CS1C,308B 375B 839 929 ,,R,D,BF,F ,D,N,P,50,0,0,0,1769430,5913103
Auckland,12/01/2014,Sun,150,DA,CN1,103A 131A 402A ,HP,E,D,DO,F , , ,C,60,0,2,2,1769417,5913119
Auckland,01/05/2014,Thu,1036,AO,SW1T,330A 386A ,,R,D,B ,F , ,N,C,50,0,1,0,1770099,5912857
Auckland,13/02/2014,Thu,1550,FD,CE1C,331A 350A ,,R,D,B ,F , , ,C,60,0,0,0,1770525,5912724
Auckland,04/03/2014,Tue,1100,FE,CE1C,181A ,,R,D,O ,F ,T,T,C,50,0,0,0,1770543,5912714
Auckland,24/05/2014,Sat,2130,EA,CE14,129A 350A ,M,R,W,DO,L ,T,N,C,50,0,0,0,1769776,5912936
Auckland,11/03/2014,Tue,840,AO,VN1C,129A ,,R,D,B ,F , , ,P,50,0,0,0,1768794,5914105
Auckland,21/03/2014,Fri,1120,MC,CE1C,372B ,,R,D,BF,F , ,N,C,60,0,0,0,1770317,5912802
Auckland,27/03/2014,Thu,540,CB,CN1C,129A 350A ,M,R,D,DO,F , ,N,C,50,0,0,0,1768954,5913825
Auckland,16/11/2014,Sun,1600,EA,CS1C,129A ,M,R,D,O ,F , , ,C,50,0,0,0,,
Auckland,02/04/2014,Wed,1435,EA,TW1B,129A 350A ,Q,R,D,O ,F , , ,P,50,0,0,0,1748555,5911249
Auckland,21/07/2014,Mon,1203,BE,CS1X,130A 191A 630A ,,R,W,O ,F , , ,C,50,0,0,0,1757672,5930488
Auckland,03/11/2014,Mon,943,JA,TS1C,302B 375B 507B ,,E,D,O ,F ,T,G,C,50,0,0,1,1756802,5930168
Auckland,11/10/2014,Sat,1825,CC,CE1,103A 130A 357A ,T,R,D,B ,F , , ,C,50,0,0,1,1769592,5915176
Auckland,11/10/2014,Sat,104,DA,CS1C,103A 631A ,M,E,D,DO,F , ,N,N,50,0,0,0,1763418,5905313
Auckland,03/03/2014,Mon,2200,DB,CE1,103A 111A 131A ,C,M,W,DN,L , ,N,C,50,0,0,0,1763351,5905180
Auckland,24/01/2014,Fri,2217,DA,CS1,111A 131A 402A ,EP,E,D,DN,F , ,N,N,100,0,0,0,1734064,5920800
Auckland,05/05/2014,Mon,1346,EC,TS1,820,J,E,W,ON,L , ,N,R,50,0,0,0,1781368,5925592
Auckland,12/04/2014,Sat,1537,MC,CW1C,372B ,,R,D,B ,F ,T,G,C,50,0,0,0,1766066,5904528
Auckland,21/08/2014,Thu,1450,FB,CS1C,331A ,,R,D,BF,F ,T,S,C,50,0,0,0,1766062,5904526
Auckland,18/06/2014,Wed,1400,FD,4W1CC,181A 181B ,,R,D,B ,F , , ,R,50,0,0,1,1767303,5904859
Auckland,26/08/2014,Tue,1645,LB,CN1V,303B 927 ,,R,D,BF,F ,D,N,R,50,0,0,0,1767403,5904924
Auckland,25/06/2014,Wed,752,FD,VW1VC,181A ,,R,W,BF,L , ,N,R,60,0,0,0,1767419,5904918
Auckland,11/07/2014,Fri,1010,BO,CE1C,205A 370B 927 ,,R,D,B ,F ,D, ,R,60,0,0,0,1767385,5904916
Auckland,24/12/2014,Wed,1322,FD,BW1C4,181A 331A 181B ,,R,D,B ,F , , ,R,60,0,0,0,1767382,5904902
Auckland,28/12/2014,Sun,1940,HA,CE1CV,322B 334B ,,R,D,TO,F ,M,T,C,50,0,0,1,1767430,5904936
Auckland,29/10/2014,Wed,1445,JA,CE1C,308B 929 ,,R,D,O ,F ,D,T,C,70,0,0,0,1767430,5904936
Auckland,30/06/2014,Mon,1802,HA,CE1CC,322B 334B 801 ,,R,W,DO,L ,X,T,R,50,0,0,0,1767430,5904936
Auckland,26/02/2014,Wed,930,KA,CE1C,302B 377B ,,R,D,BF,F ,T,G,R,60,0,0,0,1767032,5904739
Auckland,21/03/2014,Fri,840,AA,VE1C,372A ,,R,D,BF,F , ,N,R,60,0,0,0,1766762,5904689
Auckland,20/05/2014,Tue,1250,MC,CE1C,370B 372B 927 ,,R,D,B ,F ,D, ,P,50,0,0,0,1766802,5904695
Auckland,23/08/2014,Sat,2109,MC,CW1C,372B ,,R,D,DO,F , , ,R,60,0,0,0,1766833,5904687
Auckland,19/04/2014,Sat,1037,AA,CW1M,372A 381A ,,R,D,O ,F , ,N,P,60,0,0,1,1766853,5904690
Auckland,20/07/2014,Sun,1625,KA,CW1C,308B 375B 402B 925 ,,R,D,O ,F ,D,N,R,50,0,0,0,1766873,5904693
Auckland,28/12/2014,Sun,1030,GD,CW1C,927,,R,D,B ,F ,D,N,R,60,0,0,0,1766903,5904698
Auckland,08/12/2014,Mon,1400,MG,CE1C,371B ,,R,D,BF,F ,X,T,C,50,0,0,0,1766712,5904676
Auckland,16/07/2014,Wed,1240,JA,VE14,308B 314B 377B 925 ,,R,D,B ,F ,D, ,P,60,0,0,1,1766575,5904646
Auckland,20/04/2014,Sun,1145,FB,CE1C,181A ,,R,W,OF,L ,X,T,R,50,0,0,0,1766722,5904676
Auckland,16/02/2014,Sun,1952,HA,CW1X,322A ,,R,D,B ,F ,X,T,P,60,0,0,1,1766735,5904672
Auckland,13/11/2014,Thu,840,FB,CN1C,181A ,,E,W,O ,L ,X,T,L,50,0,0,0,1766722,5904676
Auckland,12/03/2014,Wed,1710,JA,CE1C,314B 377B 927 ,,R,D,B ,F ,D, ,C,50,0,0,2,1765813,5904361
Auckland,31/12/2014,Wed,2030,AO,CS1C,330A 381A ,,R,D,DO,F ,X,T,R,50,0,0,0,1764787,5903714
Auckland,31/12/2014,Wed,2110,FE,CS1C,181A ,,R,W,DO,F ,M,T,C,50,0,0,0,1764783,5903705
Auckland,11/07/2014,Fri,2250,GF,CW2C,381A ,,M,W,DO,L ,X,T,C,60,0,0,0,1764771,5903711
Auckland,18/08/2014,Mon,2105,FE,CN1C,181A 331A ,,E,D,TO,F ,X,T,C,60,0,0,1,1764816,5903800
Auckland,08/06/2014,Sun,1715,JA,CW1C,302A ,,R,D,DO,F ,T,G,C,20,0,0,0,1767113,5904755
Auckland,23/12/2014,Tue,1355,FB,CN2C,181A 387A ,,R,D,B ,F ,T,G,R,60,0,0,0,1767113,5904755
Auckland,08/06/2014,Sun,1740,JA,CW14,613A ,,R,W,TO,L ,T,G,R,50,0,0,3,1767113,5904755
Auckland,16/10/2014,Thu,1330,KC,CS1C,322A ,,R,D,B ,F ,X,T,C,50,0,0,0,1766735,5904672
Auckland,01/12/2014,Mon,1420,HA,CE1C,322A ,,E,D,B ,F ,X,T,C,50,0,0,0,1766733,5904684
Auckland,21/11/2014,Fri,1440,FE,TE1C,150A 334A 353A ,,R,D,B ,F , ,T,C,100,0,0,1,1764974,5903755
Auckland,28/10/2014,Tue,1015,GE,CN1C,160A 330A 801 929 ,,M,W,O ,L ,D, ,C,50,0,0,0,1757419,5916784
Auckland,08/10/2014,Wed,110,EA,4W14,195A ,M,R,D,DO,F , ,N,C,50,0,0,0,1754863,5944878
Auckland,14/09/2014,Sun,2005,MO,CE1,929,F,R,W,DN,F ,D,N,C,50,0,0,0,1767260,5903299
Auckland,04/07/2014,Fri,2210,FO,CN1C,181A 201A 201B ,,E,W,DO,F , , ,N,50,0,0,0,1758370,5919225
Auckland,24/05/2014,Sat,1210,CA,PN1,102A 403A ,,R,D,BN,F , ,N,C,50,0,0,1,1737153,5982240
Auckland,30/04/2014,Wed,1540,CC,CE1,137A 407A 423A ,FX,R,D,BF,F , ,N,C,50,0,0,0,1766058,5906233
Auckland,27/06/2014,Fri,1212,LB,MW1C,112A 208A 330A 370B 402B 922 ,,R,W,O ,F ,D, ,C,50,0,1,0,1745396,5920370
Auckland,22/11/2014,Sat,930,LB,CW1C,303B 377B 922 ,,R,W,OF,L ,D,N,C,50,0,0,0,1745424,5920359