TLANAME,CRASHDATE,CRASHDOW,CRASHTIME,MVMT,VEHICLES,CAUSES,OBJECTSSTRUCK,ROADCURVE,ROADWET,LIGHT,WTHRa,JUNCTYPE,TRAFCTRL,ROADMARK,SPDLIM,CRASHFATALCNT,CRASHSEVCNT,CRASHMINCNT,EASTING,NORTHING
Auckland,11/03/2014,Tue,658,LB,VW1C,303B 377B 927 ,,R,D,TO,F ,D,N,C,50,0,0,1,1745471,5920341
Auckland,11/06/2014,Wed,1720,JA,4W1C,308B 922 ,,R,D,O ,F ,D,T,C,50,0,0,0,1745378,5920378
Auckland,08/08/2014,Fri,939,KA,VE1C,322B 375B ,,E,D,B ,F ,X,T,C,50,0,0,0,1745378,5920378
Auckland,29/08/2014,Fri,1447,EA,VN1V,129A 386A ,M,R,D,B ,F , , ,C,50,0,0,0,1745961,5919939
Auckland,28/11/2014,Fri,18,AO,CS1C,103A 112A 130A 514A ,,R,D,DO,F , ,N,R,50,0,0,0,1745929,5918758
Auckland,05/05/2014,Mon,1850,EA,CN14,103A ,M,R,W,DO,L , ,N,C,50,0,0,0,1745947,5918392
Auckland,11/06/2014,Wed,1838,MO,CS1C,385A ,M,R,D,DO,F , ,N,L,50,0,0,0,1745744,5919215
Auckland,04/03/2014,Tue,600,JA,SE1C,302B 382B ,,R,W,DO,L ,T,G,C,50,0,1,0,1745807,5920218
Auckland,28/11/2014,Fri,1002,FD,4N1V,331A 403A 801 ,,R,W,O ,L , , ,C,50,0,0,0,1745930,5919771
Auckland,22/08/2014,Fri,2057,EA,CN1C,129A ,M,R,D,DO,F , , ,C,50,0,0,0,1745932,5919781
Auckland,15/10/2014,Wed,1928,FD,CS1C,331A ,,R,D,O ,F , , ,C,50,0,0,0,1745882,5919661
Auckland,03/04/2014,Thu,1240,EA,VS1CCC,129A 137A ,M,R,D,B ,F ,X,G,C,50,0,0,1,1745964,5919989
Auckland,03/10/2014,Fri,1424,NG,CS1E,330A 371A 730B ,,R,W,O ,F , , ,P,50,0,1,0,1755541,5917930
Auckland,13/10/2014,Mon,720,JA,SN1C,309B 377B 839 ,,R,D,B ,F ,T,N,C,50,0,1,0,1755515,5918072
Auckland,15/11/2014,Sat,1937,MD,VN1C,371B 929 ,,R,D,BF,F ,D,N,N,50,0,0,0,1755502,5918140
Auckland,17/06/2014,Tue,1524,KB,CN1C,302A ,,E,D,B ,F ,R,G,R,50,0,0,0,1751318,5949757
Auckland,25/11/2014,Tue,815,HA,CN1C,302A 375A ,,R,D,OF,F ,R,G,R,50,0,0,0,1751318,5949757
Auckland,10/10/2014,Fri,1623,EA,CS1C,129A ,M,R,D,B ,F , , ,P,50,0,0,0,1751452,5949385
Auckland,23/05/2014,Fri,830,FC,CS14,181A ,,R,D,BF,F , ,N,C,50,0,0,0,1751470,5949337
Auckland,11/08/2014,Mon,1520,EA,CS1C,129A ,M,R,D,BF,F , ,N,C,50,0,0,0,1751664,5948798
Auckland,13/06/2014,Fri,2020,HA,CN1C,302A 375A ,,R,D,DO,F ,R,G,C,50,0,0,0,1751159,5950216
Auckland,22/12/2014,Mon,1030,DA,CS2C,111A 131A 402A ,M,R,D,B ,F ,X,S,C,50,0,0,0,1751579,5914776
Auckland,15/08/2014,Fri,1800,FB,4E1C,181A ,,R,D,BF,F ,T,S,C,50,0,0,0,1751579,5914776
Auckland,28/12/2014,Sun,1640,EA,CE1C,103A 350A ,M,R,D,B ,F , ,N,C,50,0,0,0,1751284,5914822
Auckland,26/02/2014,Wed,1930,EA,CW1C,386A ,M,E,D,O ,F ,T,N,N,50,0,0,0,1757752,5920579
Auckland,12/05/2014,Mon,1058,FE,TN1C,181A ,,R,D,B ,F ,X,T,C,60,0,0,0,1769928,5908142
Auckland,03/04/2014,Thu,745,FD,CS1CCV,197A 331A 358A 402A ,,R,D,BF,F , , ,C,50,0,0,0,1770500,5910515
Auckland,04/03/2014,Tue,835,FD,CN1CC,181A 331A 181B ,,R,W,O ,F , , ,P,60,0,0,0,1770456,5910340
Auckland,04/04/2014,Fri,1340,MO,CS1C,371A ,,R,D,O ,F , , ,P,50,0,0,0,1770248,5909494
Auckland,27/11/2014,Thu,1550,FD,CS1CC,181A 331A ,,R,D,B ,F ,T,G,P,60,0,0,0,1770174,5909182
Auckland,04/02/2014,Tue,1745,FD,CN1C,181A ,,R,D,B ,F , ,N,C,70,0,0,0,1770188,5909240
Auckland,10/11/2014,Mon,950,FD,CS1CC,112A 331A 358A ,,R,D,B ,F ,T,G,C,60,0,0,1,1769996,5908430
Auckland,11/04/2014,Fri,1500,GA,CS1V,181A ,,M,W,O ,F ,T,G,P,60,0,0,0,1769999,5908440
Auckland,14/05/2014,Wed,810,FD,CS1CCC,181A 181B 181C ,,R,W,B ,F ,T,G,C,60,0,0,0,1769999,5908440
Auckland,05/05/2014,Mon,1850,BA,CS1C,129A 129B ,,R,W,DO,F ,T,G,P,60,0,0,0,1769999,5908440
Auckland,19/09/2014,Fri,2005,DA,CW2C,111A 131A 632A ,KM,R,W,DO,L ,T,T,P,60,0,0,0,1769534,5906555
Auckland,16/08/2014,Sat,1015,JA,VS1C,302B 377B ,,R,D,O ,F ,T,G,P,60,0,0,0,1770148,5909069
Auckland,17/03/2014,Mon,1500,FD,TS1CC,181A 331A 181B ,,R,D,B ,F , , ,C,50,0,0,0,1771027,5911674
Auckland,13/01/2014,Mon,1110,EA,XN1X,331A 351A ,Q,R,D,B ,F ,T,G,P,60,0,0,1,1769568,5906692
Auckland,21/05/2014,Wed,1500,JA,CN1C,103B 302B 382B ,,R,D,BF,F ,T,G,C,60,0,0,0,1769566,5906683
Auckland,28/09/2014,Sun,1930,AA,VN1C,372A ,,R,D,DO,F , , ,C,60,0,0,0,1769728,5907338
Auckland,09/12/2014,Tue,805,MB,CN1V,370B ,,R,D,O ,F , , ,P,50,0,0,0,1769714,5907280
Auckland,31/12/2014,Wed,1900,NA,BN1,711B ,,R,D,OF,F , ,N,R,50,0,0,1,1769685,5907164
Auckland,18/05/2014,Sun,1500,NA,CE1E,101A 722B 926 ,,R,D,BF,F ,D,N,C,50,0,0,1,1769685,5907164
Auckland,30/08/2014,Sat,2210,FE,CN1V,181A ,,R,D,DO,F ,X,T,C,50,0,0,0,1769733,5907358
Auckland,26/06/2014,Thu,1820,JC,CW2C,302A 375A ,,R,D,DO,F ,T,G,C,60,0,0,0,1771562,5912238
Auckland,25/07/2014,Fri,800,FA,CN1C,181A 386A 191B ,,R,W,O ,F , ,N,N,60,0,0,0,1769918,5908103
Auckland,19/08/2014,Tue,1745,FD,CN14C,181A ,,R,W,DN,L , ,N,C,60,0,0,0,1769904,5908045
Auckland,24/02/2014,Mon,420,BA,4N1C,103A 129A 410A ,,R,D,DN,F , ,N,C,60,1,0,1,1769904,5908045
Auckland,22/07/2014,Tue,1530,FF,CE1C,181A ,,R,D,BF,F , ,N,C,60,0,0,0,1771434,5912140
Auckland,25/03/2014,Tue,1500,FD,CN1C,181A 817 ,,R,D,O ,F , , ,N,70,0,0,0,1770627,5911213
Auckland,16/04/2014,Wed,820,MA,PN1X,373B ,,R,D,BF,F , ,N,P,50,0,0,1,1770615,5911181
Auckland,13/09/2014,Sat,1640,DB,CN1,111A 131A ,F,M,D,O ,F ,X,T,R,60,0,0,0,1770634,5911226
Auckland,09/11/2014,Sun,1000,FE,CN1C,181A 330B ,,R,D,B ,F ,X,T,R,50,0,0,0,1770634,5911226
Auckland,23/09/2014,Tue,1530,FE,CN1C,386A ,,R,D,O ,F ,X,T,C,50,0,0,0,1770520,5910600
Auckland,01/06/2014,Sun,540,CC,CN1,102A 410A ,T,R,D,DO,F , ,N,C,50,0,0,1,1770514,5910576
Auckland,19/01/2014,Sun,1230,EA,TS1C,663A ,M,E,D,B ,F , , ,C,50,0,0,0,1770158,5902058
Auckland,12/04/2014,Sat,1313,FF,CN1C,181A 352A 817 ,,R,D,BF,F , ,N,N,50,0,0,0,1756471,5918690
Auckland,26/01/2014,Sun,1800,EA,CN1C,386A ,M,M,W,TO,F ,T,N,C,50,0,0,0,1768287,5904936
Auckland,22/10/2014,Wed,1520,DB,CN2,111A 131A ,F,M,W,OF,L ,T,G,N,50,0,0,0,1768420,5904843
Auckland,27/11/2014,Thu,1531,LB,CN1C,303B 330B ,,R,D,B ,F ,T,G,P,50,0,0,0,1754338,5927965
Auckland,15/09/2014,Mon,1223,LB,TN14,303B 375B ,,R,D,B ,F ,T,G,C,50,0,0,0,1754338,5927965
Auckland,31/05/2014,Sat,1747,LB,CN1C,303B 377B 402B ,,R,D,DO,F ,T,G,R,50,0,0,1,1754338,5927965
Auckland,30/01/2014,Thu,1453,LB,CN1C,303B 375B ,,R,D,B ,F ,T,G,C,50,0,0,1,1754338,5927965
Auckland,15/08/2014,Fri,1855,LB,PN1C,102B 303B ,,R,D,DO,F ,T,G,R,50,0,0,1,1754338,5927965
Auckland,06/10/2014,Mon,1400,JA,CN1C,302B 386B ,,R,D,B ,F ,T,G,R,50,0,0,0,1754338,5927965
Auckland,16/03/2014,Sun,2003,LB,CN1C,303B 377B ,,E,W,DO,L ,T,G,C,50,0,0,1,1754338,5927965
Auckland,21/09/2014,Sun,1144,KA,CN1C,302B 375B 839 ,,R,W,O ,F ,T,G,C,50,0,0,0,1754547,5927706
Auckland,11/10/2014,Sat,1016,GD,CN1C,331A 358A 402A ,,R,D,B ,F ,T,N,C,50,0,0,0,1754452,5927809
Auckland,30/09/2014,Tue,1240,NA,CS1E,727B ,,R,D,B ,F , , ,N,50,0,0,1,1761809,5908001
Auckland,12/12/2014,Fri,1755,FB,4N1C,181A 331A ,,R,D,O ,F ,T,G,C,50,0,0,0,1755695,5928108
Auckland,17/11/2014,Mon,1900,KB,CN1C,308B 929 ,,R,D,OF,FS,D,N,C,50,0,0,0,1758583,5919787
Auckland,13/11/2014,Thu,1830,HA,4S1C,301B 320B ,,R,D,B ,F ,X,S,C,50,0,0,0,1766451,5919424
Auckland,29/12/2014,Mon,2140,DA,CN1,103A 131A ,FK,E,D,DO,F , , ,C,50,0,0,0,1771670,5894935
Auckland,17/06/2014,Tue,2050,CB,CS1V,112A 130A 801 ,FJM,R,W,DO,L , , ,C,50,0,0,0,1772017,5894204
Auckland,18/01/2014,Sat,2230,EA,CW1C,112A 129A 517A ,M,R,D,DO,F , ,N,C,50,0,0,0,1766300,5917109
Auckland,02/07/2014,Wed,1525,MC,CE1C,387A 372B 402B 801 ,,R,W,O ,L , , ,C,50,0,0,1,1754358,5928163
Auckland,27/06/2014,Fri,822,GO,MS1C,129A 180A 205A 372B ,,R,W,OF,L ,T,N,C,50,0,0,0,1754022,5928293
Auckland,16/08/2014,Sat,1800,MO,CE1X,371B ,,R,D,OF,F , ,N,C,50,0,0,0,1754279,5928180
Auckland,18/10/2014,Sat,1505,FE,CW1C,181A ,,R,W,O ,L ,X,T,P,50,0,0,0,1754299,5928176
Auckland,25/08/2014,Mon,1832,AD,CE1,137A 150A ,FHK,R,D,DO,F ,T,N,C,50,0,0,0,1754869,5928054
Auckland,05/09/2014,Fri,2135,MO,CE1,330A 423A ,P,M,D,DO,F , ,N,C,50,0,0,0,1753795,5928503
Auckland,03/03/2014,Mon,832,MC,CE1V,372B ,,R,D,BF,F , ,N,C,50,0,0,0,1753845,5928502
Auckland,08/08/2014,Fri,10,DA,VE1,131A 412A 801 ,F,E,W,DO,L , , ,C,50,0,0,0,1753865,5928502
Auckland,28/03/2014,Fri,728,KC,CS2C,302A 375A ,,E,D,OF,F ,T,G,C,50,0,0,0,1753745,5928505
Auckland,15/08/2014,Fri,1630,NA,CN1E,712B 713B 727B ,,R,D,BF,F , ,N,C,50,0,0,1,1769202,5899710
Auckland,03/11/2014,Mon,1830,MO,XS1C,386A ,M,R,D,B ,F , , ,C,50,0,0,0,1769128,5899863
Auckland,10/04/2014,Thu,905,AA,CN1T,184B ,,R,D,O ,F , , ,C,80,0,0,0,1765441,5914429
Auckland,19/03/2014,Wed,700,KA,CW2C,302A ,,M,D,TF,F ,R,G,R,50,0,0,0,1765453,5914484
Auckland,17/05/2014,Sat,830,FD,TN1C,181A ,,R,D,OF,F , ,N,C,50,0,0,0,1765393,5914087
Auckland,07/03/2014,Fri,1500,GD,CS1C,181A 929 ,,R,D,BF,F ,D,N,C,50,0,0,2,1765393,5914087
Auckland,15/08/2014,Fri,1954,FD,CN1CC,181A 358A 181B ,,E,D,DO,F ,T,G,C,50,0,0,1,1765377,5914185
Auckland,16/04/2014,Wed,838,FD,CE1CT,331A 358A ,,R,D,B ,F , , ,C,50,0,0,2,1759888,5912267
Auckland,21/05/2014,Wed,1255,BE,CW1CV,130A 410A ,M,R,W,O ,L , , ,C,50,0,0,1,1759927,5912271
Auckland,22/07/2014,Tue,946,HA,CE1C,301B 353B ,,R,D,B ,F ,X,S,C,50,0,0,0,1759828,5912260
Auckland,18/01/2014,Sat,1800,EA,CN1C,129A ,M,R,D,TO,F ,R,G,R,50,0,0,0,1764408,5909930
Auckland,15/10/2014,Wed,2324,JA,CE1C,308B 377B 924 ,,R,D,DO,F ,D, ,C,50,0,0,2,1761697,5912468
Auckland,27/02/2014,Thu,1632,FD,VW1CVC,331A 352A ,,R,D,BF,F , ,N,P,50,0,0,1,1760413,5912327
Auckland,12/11/2014,Wed,1435,EA,CN1CC,129A 130A 330A ,M,R,W,O ,L , , ,C,50,0,0,0,1764512,5909481
Auckland,31/07/2014,Thu,1319,FA,CE1V,181A 387A ,,R,D,B ,F , , ,C,50,0,0,0,1762577,5912566
Auckland,09/08/2014,Sat,2230,DB,CE1,386A 504A ,I,S,D,DO,F ,T,T,R,50,0,0,0,1762676,5912577
Auckland,06/05/2014,Tue,1205,GD,CE1C,386A ,,E,D,B ,F ,T,T,C,50,0,0,0,1762676,5912577
Auckland,02/05/2014,Fri,1545,AA,OE1V,386A ,,R,D,O ,F ,T,T,C,50,0,0,0,1762676,5912577
Auckland,20/12/2014,Sat,502,DB,CS1,103A 111A 131A ,I,R,D,DO,F ,R,G,R,50,0,0,0,1764475,5909641
Auckland,29/11/2014,Sat,940,HA,SW1C,301B 375B ,,R,D,O ,F ,X,S,R,50,0,0,1,1758623,5912156
Auckland,19/06/2014,Thu,1025,HA,CN2C,301A 375A ,,R,W,BF,L ,X,S,C,50,0,0,0,1758623,5912156
Auckland,08/09/2014,Mon,712,KA,TW1C,322B 351B ,,R,D,O ,F ,X,T,R,50,0,0,0,1762103,5912509
Auckland,10/02/2014,Mon,1715,BF,CN2CC,111A 131A 817 ,,M,D,BF,F ,X,T,C,50,0,0,0,1762103,5912509
Auckland,26/07/2014,Sat,1025,FE,4W1V,181A ,,R,D,B ,F ,X,T,C,50,0,0,0,1762103,5912509
Auckland,28/11/2014,Fri,1511,FE,VW1T,410A 500A ,,R,D,B ,F ,X,T,R,50,0,1,0,1762103,5912509
Auckland,16/07/2014,Wed,1250,CC,CE1CC,501A ,HMX,R,D,BF,F , ,N,C,50,0,0,1,1761298,5912425
Auckland,21/06/2014,Sat,1750,MC,CE1C,353A 370A 372B 691B 801 ,,R,W,TO,L , , ,P,50,0,0,0,1761109,5912405
Auckland,16/04/2014,Wed,1530,EA,CW1C,129A 130A ,M,R,D,OF,F , ,N,C,50,0,0,0,1760128,5912295
Auckland,20/03/2014,Thu,1830,AC,CE1C,184A 184B 357B ,,R,D,O ,F , , ,C,50,0,0,0,1761617,5912460
Auckland,20/05/2014,Tue,1100,AA,CE1T,158A 184A 330A ,,R,D,B ,F , , ,R,50,0,0,0,1762024,5912501
Auckland,30/12/2014,Tue,1055,MC,CE1V,372B ,,R,D,B ,F , ,N,P,50,0,0,0,1761904,5912490
Auckland,22/10/2014,Wed,1730,KB,SN1C,204A 308B 378B 929 ,,R,D,B ,F ,D,N,N,50,0,0,1,1764360,5910131
Auckland,07/09/2014,Sun,1300,EA,CN1C,129A ,M,R,D,BF,F , ,N,C,50,0,0,0,1764383,5910034
Auckland,23/09/2014,Tue,1110,FB,CS14,330A 371A 181B 331B ,,R,D,B ,F ,X,T,C,50,0,0,0,1764351,5910170
Auckland,15/08/2014,Fri,757,NC,CS1E,713B ,,R,D,OF,F ,T,T,C,50,0,0,0,1764351,5910170
Auckland,19/11/2014,Wed,1530,MO,TN1V,371A ,M,R,D,B ,F , , ,C,50,0,0,0,1764605,5909086
Auckland,11/10/2014,Sat,1105,MD,CW1C,371B 926 ,,R,D,BF,F ,D,N,C,50,0,0,0,1758837,5912173
Auckland,07/09/2014,Sun,1322,LB,CW1C,303B 402B ,,R,D,B ,F ,X,T,C,50,0,0,0,1758822,5912172
Auckland,06/07/2014,Sun,1040,HA,CE1C,321B ,,R,D,O ,F ,X,S,C,50,0,0,0,1759626,5912242
Auckland,27/08/2014,Wed,1930,MO,CN1C,371A 386A 926 ,,R,D,B ,F ,D,N,N,50,0,0,0,1768557,5900514
Auckland,07/06/2014,Sat,2200,BO,4S1C,124B 205B ,,R,D,DO,F ,T,G,C,50,0,0,0,1768743,5900079
Auckland,17/08/2014,Sun,1800,MO,VN1C,371A 371B 929 ,,R,D,BF,F ,D,N,C,50,0,0,0,1768501,5900644
Auckland,21/10/2014,Tue,2155,BC,CW2C,103A 111A 131A ,,R,D,DO,F ,T,G,C,50,0,0,0,1768493,5900662
Auckland,01/11/2014,Sat,106,DB,SS2C,131A ,M,S,D,DO,F ,T,N,P,50,0,0,1,1758097,5920076
Auckland,30/07/2014,Wed,2115,EA,CN1C,129A ,M,R,D,DO,F , ,N,C,50,0,0,0,1758725,5920147
Auckland,24/01/2014,Fri,1530,MO,CE1C,371A ,M,R,D,B ,F ,T,N,C,50,0,0,0,1757150,5919569
Auckland,25/01/2014,Sat,2250,JA,VE1C,308B 375B 926 ,,R,D,DO,F ,D,N,N,50,0,0,0,1757131,5919575
Auckland,20/12/2014,Sat,30,HA,4N1M,302A ,,R,W,DO,L ,X,G,C,50,0,0,0,1757169,5919562
Auckland,19/08/2014,Tue,1445,KB,CN2C,302A 801 ,,E,W,O ,L ,R,G,C,50,0,0,0,1752873,5934211
Auckland,22/05/2014,Thu,1700,EA,CE1C,101A 331A ,M,R,D,DO,F , ,N,C,50,0,0,0,1760291,5922399
Auckland,27/05/2014,Tue,1000,NA,CE1E,711B 732B ,,R, , F,  ,X,G,C,50,0,0,0,1760305,5922392
Auckland,05/03/2014,Wed,1015,JA,CW1C,308B 922 ,,R,D,O ,F ,D,N,C,50,0,0,0,1750241,5913800
Auckland,10/04/2014,Thu,1338,LB,CW1C,303B 925 ,,R,D,OF,F ,D,T,R,50,0,0,3,1750222,5913805
Auckland,28/05/2014,Wed,1920,ND,VS2E,101A 144A 341A ,,R,D,DO,F ,T,N,C,50,0,0,1,1768116,5901902
Auckland,04/04/2014,Fri,1710,JA,CW1C,150A 308B 922 ,,R,D,B ,F ,D,N,P,50,0,0,0,1750634,5913713
Auckland,26/10/2014,Sun,121,DA,CE1,103A 111A 131A 402A ,S,E,D,DO,F ,T,N,P,50,0,0,1,1750608,5913725
Auckland,14/03/2014,Fri,2044,JA,CW14,308B 382B 922 ,,E,D,DO,F ,D,N,P,50,0,0,0,1750522,5913727
Auckland,05/12/2014,Fri,855,LB,SE1C,303B 375B 922 ,,R,D,BF,F ,D,N,C,50,0,0,1,1750513,5913734
Auckland,10/07/2014,Thu,820,FD,VW1CC,427A 801 ,,E,W,O ,L , , ,C,50,0,0,1,1750531,5913722
Auckland,11/11/2014,Tue,1350,FE,CE1C,331A ,,E,D,B ,F ,X,T,C,50,0,0,0,1750493,5913737
Auckland,19/11/2014,Wed,510,CA,CW1,414A ,IT,R,D,DO,F , , ,R,50,0,0,0,1749986,5913822
Auckland,25/09/2014,Thu,1215,BF,CE1CC,111A 131A ,,E,D,BN,F , ,N,P,50,0,0,2,1749817,5913762
Auckland,26/05/2014,Mon,1050,FE,TW1V,181A ,,R,D,O ,F ,X,T,C,50,0,0,0,1749958,5913811
Auckland,21/07/2014,Mon,1930,EA,CW1C,129A ,M,R,D,DO,L , ,N,C,50,0,0,0,1767911,5901856
Auckland,06/08/2014,Wed,1600,LB,CE1C,303B 334B 402B ,,R,D,OF,F ,T,T,C,50,0,0,0,1750380,5913767
Auckland,15/04/2014,Tue,814,DA,CE1,111A 131A ,V,M,D,B ,F , ,N,C,100,0,0,0,1753261,5888428
Auckland,08/10/2014,Wed,2016,DC,CS1,111A 131A 402A ,V,S,D,DN,F ,T,G,C,100,0,0,0,1752339,5888024
Auckland,05/03/2014,Wed,1145,EA,CN1C,129A ,M,R,W,OF,F , ,N,C,50,0,0,0,1769321,5901189
Auckland,23/10/2014,Thu,1100,MO,4W1C,371A 929 ,M,R,D,B ,F ,D, ,C,50,0,0,0,1747419,5913862
Auckland,06/09/2014,Sat,430,DA,CS1,103A 111A ,P,M,W,DO,L ,T,G,C,50,0,1,0,1768933,5899317
Auckland,06/05/2014,Tue,808,DA,CN1,129A ,V,S,W,BF,L , ,N,C,50,0,0,0,1764093,5912314
Auckland,25/03/2014,Tue,803,DA,CE1,135A 402A 801 ,C,M,W,BF,F , ,N,C,50,0,0,0,1764004,5912197
Auckland,22/07/2014,Tue,1100,DA,VN1,111A 131A ,CV,M,D,B ,F , , ,P,50,0,0,0,1764007,5912207
Auckland,28/11/2014,Fri,1230,DC,CW2,113A 402A ,P,R,D,BF,F ,T,G,C,50,0,0,0,1765365,5904433
Auckland,24/10/2014,Fri,2255,CB,CW1,104A 112A 130A ,FPT,R,D,DO,F , , ,C,50,0,0,0,1774104,5897181
Auckland,20/11/2014,Thu,1420,EA,TW1C,129A 354A ,M,R,D,B ,F , , ,P,50,0,0,0,1773683,5896844
Auckland,05/02/2014,Wed,825,JA,SW1C,302B 375B ,,R,D,BF,F ,T,G,C,50,0,0,2,1773887,5897008
Auckland,06/05/2014,Tue,830,JA,CS1C,302B ,,E,D,B ,F ,T,G,C,50,0,0,0,1773887,5897008
Auckland,24/11/2014,Mon,1718,BA,VS1V,125A 351A ,,R,W,OF,L ,T,G,C,50,0,0,0,1773887,5897008
Auckland,29/03/2014,Sat,1354,FD,CW1C,181A ,,R,D,B ,F , , ,C,50,0,0,0,1773205,5896456
Auckland,01/09/2014,Mon,1810,JA,CE1C,302B 517B ,,R,W,DO,L ,T,G,X,50,0,0,0,1773135,5896434
Auckland,14/02/2014,Fri,1558,BC,CE1C,122A 620A ,,E,D,B ,F ,T,G,P,50,0,0,0,1773135,5896434
Auckland,31/01/2014,Fri,,HA,4W1C,113A 302A 375A ,,M,D,B ,F ,R,G,R,50,0,1,0,1773179,5896437
Auckland,21/01/2014,Tue,730,DA,CW1,111A 131A ,V,M,W,ON,L , ,N,C,100,0,0,1,1784525,5906002
Auckland,18/10/2014,Sat,1905,DA,CE1,111A 131A 901 ,T,S,W,DN,H , , ,C,100,0,1,0,1784525,5906002
Auckland,02/11/2014,Sun,1725,DB,CW1,111A 131A ,V,E,D,O ,F , , ,C,100,0,0,0,1784240,5906037
Auckland,16/01/2014,Thu,1824,DA,MN1,111A 131A 402A ,F,M,D,O ,F , , ,C,70,0,0,1,1782741,5905213
Auckland,09/03/2014,Sun,1125,JA,CS14,304A ,,M,D,B ,F ,T,G,C,100,0,1,4,1785478,5905574
Auckland,09/12/2014,Tue,1535,DB,VW1,111A 131A ,C,M,W,O ,L , , ,C,100,0,0,0,1784199,5906044
Auckland,29/07/2014,Tue,1200,CA,CW1,130A 410A ,FKP,R,D,O ,F , , ,C,50,0,0,0,1781433,5904162
Auckland,27/07/2014,Sun,40,DA,CS1,111A 131A 433A 927 ,FKV,E,D,DO,F ,D,N,P,50,0,0,0,1781586,5904280
Auckland,30/05/2014,Fri,640,DA,CE1,131A 801 ,C,E,W,O ,L , , ,C,100,0,0,1,1789612,5908786
Auckland,02/10/2014,Thu,1748,DA,CE1,111A 131A 902 ,P,E,W,O ,HS, ,N,C,100,0,0,0,1788654,5908607
Auckland,16/02/2014,Sun,1509,DA,CW1,111A 131A ,,S,D,B ,F , ,N,C,100,0,0,0,1791105,5908878
Auckland,15/03/2014,Sat,1320,DA,VW1,135A 801 901 ,TX,S,W,ON,HS, ,N,C,100,0,0,0,1791475,5908807
Auckland,11/07/2014,Fri,1925,MO,CW14,103A 197A 370B 801 ,,R,W,DN,L , , ,C,100,0,0,0,1777149,5901282
Auckland,11/07/2014,Fri,850,DB,CE1,129A 350A ,P,E,D,ON,F , ,N,C,100,0,0,1,1778695,5901981
Auckland,07/11/2014,Fri,1130,EA,TW1C,129A ,M,R,D,B ,F , , ,C,50,0,0,0,1759184,5920102
Auckland,23/01/2014,Thu,205,CC,CS1,110A 135A 801 806 ,,R,W,DN,L , ,N,C,80,0,0,0,1776650,5910867
Auckland,23/06/2014,Mon,1820,NB,CE1E,711B 731B ,,R,D,DN,F , , ,C,50,0,0,1,1757589,5917870
Auckland,06/08/2014,Wed,840,NB,CN1E,715B 726B ,,R,W,O ,F , , ,C,50,0,1,0,1760093,5916613
Auckland,12/03/2014,Wed,1537,DC,CS1C,423A 926 ,GM,R,D,B ,F ,D,N,C,50,0,0,1,1758376,5917738
Auckland,03/07/2014,Thu,1300,MF,CS1C,371B ,,R,W,O ,F , , ,C,50,0,0,0,1756136,5935224
Auckland,14/07/2014,Mon,1630,NB,CN1E,711B ,,E,D,O ,F ,T,G,R,50,0,0,1,1756164,5935512
Auckland,05/01/2014,Sun,1512,MA,4S1CC,373B ,M,E,W,OF,L , ,N,C,50,0,0,1,1756161,5935492
Auckland,02/02/2014,Sun,1740,NA,CS1E,711B ,,R,D,B ,F ,T,N,C,50,0,0,0,1756151,5935007
Auckland,02/04/2014,Wed,1040,MO,4N1T,371A 386A ,M,R,D,B ,F , , ,C,50,0,0,0,1756147,5935411
Auckland,28/12/2014,Sun,1930,MO,CS1C,371A ,,R,D,O ,F , ,N,C,50,0,0,0,1756133,5935149
Auckland,21/05/2014,Wed,1640,JO,SE1V,204A 378B 927 ,,R,D,B ,F ,D,N,N,50,0,0,0,1771920,5913032
Auckland,06/04/2014,Sun,1251,DA,4N1,135A 812 ,C,M,D,BN,F , ,N,N,100,0,0,1,1744070,5997849
Auckland,12/04/2014,Sat,1515,DB,CN1,111A 131A 402A ,EF,S,D,B ,F , , ,N,50,0,0,1,1726935,5925411
Auckland,26/04/2014,Sat,1746,DA,CN1,111A 131A 813 ,V,M,D,TN,F , , ,N,50,0,0,0,1727643,5924174
Auckland,17/02/2014,Mon,1020,DA,4N1,131A 813 ,,M,D,B ,F , , ,N,50,0,0,0,1727300,5924635
Auckland,09/08/2014,Sat,1520,FD,CE1C,181A ,,R,D,BF,F , ,N,N,50,0,0,1,1765438,5915292
Auckland,28/01/2014,Tue,2307,DB,VW1,101A 111A ,C,M,D,DO,F , ,N,C,80,0,0,0,1743097,5931553
Auckland,01/11/2014,Sat,1515,MC,MS1C,330B 372B ,,R,D,B ,F , , ,C,80,0,0,0,1748832,5935795
Auckland,29/10/2014,Wed,1847,FB,CE1C,181A ,,R,D,O ,F ,T,G,C,80,0,0,1,1748984,5935924
Auckland,19/07/2014,Sat,441,DA,CN1,131A 350A ,FT,E,W,DO,MF,T,G,C,60,0,0,0,1742068,5931064
Auckland,28/03/2014,Fri,1620,CA,CN1CC,410A ,MS,R,D,B ,F ,T,G,C,60,0,0,1,1742021,5930699
Auckland,29/11/2014,Sat,1153,GD,CW1C,331A 352A 927 ,,M,D,OF,L ,D,N,C,80,0,0,1,1746344,5935253
Auckland,04/05/2014,Sun,1033,FD,CE1CC,181A ,,R,D,BF,F , ,N,C,70,0,0,0,1746364,5935249
Auckland,27/08/2014,Wed,152,MC,VN1V,371A 514A 517A ,FP,E,D,DN,F , ,N,C,80,0,0,1,1745451,5934306
Auckland,14/12/2014,Sun,1905,DB,CE1,111A 135A 801 901 ,G,S,W,ON,H , ,N,C,80,0,0,0,1746740,5935370
Auckland,13/03/2014,Thu,230,DA,CS1,111A 131A ,T,M,D,DN,F , ,N,C,80,0,0,0,1744519,5932383
Auckland,21/04/2014,Mon,722,BF,TS1C,131A 800 ,,E,W,ON,L , , ,L,80,1,0,0,1741579,5928512
Auckland,24/05/2014,Sat,2330,DA,CS1,103A 111A 131A ,C,M,W,DN,HS, , ,C,80,0,0,0,1741662,5929719
Auckland,17/04/2014,Thu,915,DB,CN1,131A 403A 801 ,,M,W,O ,HS, , ,C,80,0,0,0,1743994,5931385
Auckland,16/06/2014,Mon,1743,DA,CS1,111A 131A ,V,M,W,DN,H , ,N,C,80,0,1,2,1748367,5935669
Auckland,17/02/2014,Mon,1430,JA,4N1V,308B 375B 402B 930 ,,R,D,B ,F ,D,N,L,80,0,0,0,1741312,5927525
Auckland,09/12/2014,Tue,1630,FD,TN1CC,331A 832 ,,R,D,OF,F ,T,N,L,50,0,0,2,1741658,5929647
Auckland,23/11/2014,Sun,327,DA,CN1,111A 131A 800 801 ,C,M,W,DO,L , , ,C,100,0,0,1,1745893,5935197