TLANAME,CRASHDATE,CRASHDOW,CRASHTIME,MVMT,VEHICLES,CAUSES,OBJECTSSTRUCK,ROADCURVE,ROADWET,LIGHT,WTHRa,JUNCTYPE,TRAFCTRL,ROADMARK,SPDLIM,CRASHFATALCNT,CRASHSEVCNT,CRASHMINCNT,EASTING,NORTHING
Auckland,18/12/2014,Thu,945,DA,CN1,131A 407A ,G,S,W,O ,L , , ,C,80,0,0,0,1745743,5935077
Auckland,31/08/2014,Sun,842,DA,CN1,131A 801 ,G,S,W,O ,L , , ,C,80,0,0,0,1745706,5935048
Auckland,19/02/2014,Wed,1737,DA,4N1,111A 131A ,,M,W,ON,L , ,N,C,80,0,0,0,1745706,5934949
Auckland,03/08/2014,Sun,1220,DA,CN1,131A ,G,S,W,OF,L , ,N,C,80,0,0,1,1745753,5935077
Auckland,07/02/2014,Fri,1220,BF,CN1C,135A 801 ,,M,W,ON,L , ,N,C,80,0,0,0,1745706,5934949
Auckland,22/04/2014,Tue,730,DA,CS1,111A 131A 411A ,,M,W,BF,F ,T,S,L,80,0,0,0,1744751,5932719
Auckland,21/02/2014,Fri,630,EA,CS1C,129A ,M,R,D,DO,F , ,N,N,50,0,0,0,1748549,5915689
Auckland,03/09/2014,Wed,2203,DA,CS1T,103A 111A 131A ,M,E,D,DO,F , ,N,C,50,0,0,1,1748590,5915991
Auckland,18/10/2014,Sat,1550,FB,CW1C,181A ,,R,W,OF,L ,T,G,C,50,0,0,0,1767207,5907071
Auckland,06/03/2014,Thu,800,LB,SN14,204A 375A ,,R,D,BF,F ,T,S,C,50,0,0,1,1772475,5896956
Auckland,19/09/2014,Fri,958,KC,CE1B,302A 375A ,,E,W,B ,F ,M,G,C,50,0,0,0,1751918,5933777
Auckland,02/12/2014,Tue,1600,HA,CE1S,300B ,,R,D,B ,F ,X,G,C,50,0,0,0,1756132,5920539
Auckland,08/10/2014,Wed,1350,FB,CW1C,181A ,,R,D,B ,F ,T,N,C,50,0,0,0,1755868,5920511
Auckland,02/04/2014,Wed,1618,LB,VW1C,112A 382B 402B ,,R,D,O ,F ,T,G,C,50,0,0,2,1755878,5920510
Auckland,28/04/2014,Mon,2320,MC,CE1C,372B ,,R,W,DO,F , ,N,C,50,0,0,0,1755605,5920627
Auckland,19/11/2014,Wed,1821,NA,CN1E,194A 711B ,,R,D,B ,F , , ,C,50,0,0,1,1756622,5926410
Auckland,29/09/2014,Mon,1240,EA,CW1C,129A ,M,R,D,B ,F , , ,C,50,0,0,0,1756014,5925844
Auckland,29/03/2014,Sat,1323,GE,CW1C,157A 160A ,,R,D,B ,F ,T,N,C,50,0,0,0,1755970,5925804
Auckland,19/03/2014,Wed,1130,BA,CN1C,125A ,,R,D,BF,F , ,N,C,50,0,0,0,1755741,5925586
Auckland,20/03/2014,Thu,1600,FB,CN1C,331A ,,R,D,B ,F ,R,G,R,50,0,0,0,1764029,5916903
Auckland,17/12/2014,Wed,1203,JA,MN1C,302B 375B ,,R,W,O ,L ,T,G,C,50,0,1,0,1764772,5916037
Auckland,22/09/2014,Mon,1815,EA,SW1C,129A 353A ,M,M,D,DN,F , ,N,C,50,0,1,0,1764683,5915964
Auckland,27/04/2014,Sun,1722,DB,CN1,111A 131A 402A 634A ,CF,M,D,O ,F , , ,C,100,0,0,0,1755152,5877020
Auckland,24/09/2014,Wed,2015,DB,CN1C,131A 501A ,FMP,E,D,DO,F , ,N,C,50,0,0,0,1754764,5876437
Auckland,26/05/2014,Mon,1416,HA,CN2V,301A 375A ,,R,D,OF,F ,X,S,C,50,0,0,1,1753862,5874750
Auckland,10/05/2014,Sat,1730,DB,CW1,111A 131A ,F,M,D,TO,F ,T,G,C,50,0,0,0,1755257,5875981
Auckland,29/03/2014,Sat,940,KC,CE2C,314A 315A 377A ,,R,D,OF,F ,T,T,R,50,0,0,0,1771523,5897825
Auckland,12/11/2014,Wed,420,DB,CE1,103A 111A 131A ,F,M,W,DO,L , , ,C,50,0,0,0,1745409,5921995
Auckland,17/09/2014,Wed,1525,PD,CE1E,722B 727B ,,R,D,O ,F , ,N,C,50,0,0,1,1760408,5917764
Auckland,05/03/2014,Wed,1815,AC,CN1B,372A 381A ,,R,D,B ,F ,T,N,C,50,0,0,0,1757638,5920868
Auckland,23/02/2014,Sun,120,DA,VW1,103A 130A 929 ,,R,D,DO,F ,D,N,C,50,0,0,0,1763206,5913659
Auckland,10/05/2014,Sat,733,EA,CE1T,129A 363A 902 ,M,R,W,B ,F , , ,N,50,0,0,0,1763050,5913593
Auckland,03/05/2014,Sat,1617,GF,CW1C,372A ,,R,D,B ,F ,T,S,C,50,0,0,0,1757825,5927077
Auckland,16/05/2014,Fri,1515,EA,CE14,129A ,M,R,D,OF,  , ,N,N,50,0,0,0,1754768,5926444
Auckland,05/08/2014,Tue,100,EA,CN1C,129A 517A ,M,R,D,DO,F , ,N,N,50,0,0,0,1750810,5912306
Auckland,20/09/2014,Sat,53,FB,CN1C,423A 801 ,,R,W,DO,L ,X,G,P,50,0,0,0,1750877,5912076
Auckland,05/05/2014,Mon,1131,DB,CS2,131A 423A 901 ,V,E,W,O ,H ,T,G,C,100,0,0,2,1752143,5875150
Auckland,25/09/2014,Thu,1600,DB,CW1,111A 131A 632A ,C,S,D,O ,F ,M,G,C,100,0,1,0,1751905,5874982
Auckland,10/06/2014,Tue,1615,LB,VS1C,303B 350B 402B 901 ,,R,W,O ,H ,T,N,C,50,0,0,0,1753165,5875960
Auckland,29/01/2014,Wed,2226,MC,CN1C,372B ,,R,D,DO,F , , ,C,50,0,0,1,1754990,5931852
Auckland,12/12/2014,Fri,1320,AC,CE1C,372A ,,R,D,BF,F , ,N,C,50,0,0,0,1754914,5931804
Auckland,18/06/2014,Wed,1400,LB,CE1C,303B 314B 924 ,,R,D,B ,F ,D,N,R,50,0,0,0,1754914,5931804
Auckland,21/08/2014,Thu,1545,KA,400000000000000,370A 308B 924 ,,R,D,B ,F ,D, ,C,50,0,0,0,1754889,5931788
Auckland,20/03/2014,Thu,1925,FE,CN1C,130A 350A 427A ,,R,D,DO,F ,X,T,C,50,0,0,0,1754957,5931830
Auckland,13/10/2014,Mon,1000,FE,CE1C,181A ,,R,D,O ,F ,X,T,C,50,0,0,0,1754957,5931830
Auckland,25/11/2014,Tue,1635,KA,CN1C,173A 314B 316B 375B ,,R,D,B ,F ,T,G,C,50,0,0,0,1754822,5931746
Auckland,07/04/2014,Mon,1550,LB,MW1V,303B 314B 927 ,,R,D,B ,F ,D,N,C,80,0,0,1,1754686,5931665
Auckland,28/11/2014,Fri,,LB,CE1C,303B 375B ,,R,D,OF,F ,T,G,P,50,0,0,0,1754704,5931676
Auckland,26/06/2014,Thu,901,FD,MW1C,331A 353A 800 ,,R,W,O ,F , , ,R,50,0,0,1,1755262,5932017
Auckland,15/10/2014,Wed,520,FE,CE1C,181A ,,R,D,B ,F ,T,T,N,50,0,0,0,1755277,5932022
Auckland,07/02/2014,Fri,936,FD,4W1C,181A 350A ,,E,D,O ,F , ,N,P,50,0,0,0,1754361,5931483
Auckland,19/02/2014,Wed,1615,KA,BS24,302B 375B ,,R,D,OF,F ,T,G,C,50,0,0,0,1754343,5931475
Auckland,16/04/2014,Wed,1724,LB,CE1C,303B 922 ,,R,D,TO,F ,D,N,C,50,0,0,0,1754593,5931610
Auckland,08/09/2014,Mon,1200,JC,4S2C,302A 375A ,,E,D,B ,F ,T,G,C,50,0,0,0,1754584,5931605
Auckland,03/10/2014,Fri,2030,JA,CE1C,302B 375B ,,R,W,OF,L ,T,G,C,50,0,0,0,1754584,5931605
Auckland,24/10/2014,Fri,300,EA,CN1V,129A ,M,R,D,DO,F , , ,N,70,0,0,0,1765167,5910740
Auckland,26/08/2014,Tue,639,MD,CE1T,371B 927 ,,R,D,B ,F ,D,N,C,50,0,0,0,1756872,5920148
Auckland,04/04/2014,Fri,2205,AA,CE1C,372A ,,R,D,DO,F , ,N,C,50,0,0,0,1756853,5920155
Auckland,30/11/2014,Sun,1720,MA,CE1V,372A ,,R,D,B ,F , , ,C,50,0,0,0,1756816,5920169
Auckland,03/01/2014,Fri,1350,AO,CE1C,381A 817 ,,R,D,BF,F ,X,T,C,50,0,0,0,1756900,5920138
Auckland,27/09/2014,Sat,2330,HA,CS2C,322A ,,R,W,DO,L ,X,T,P,50,0,0,0,1756900,5920138
Auckland,29/01/2014,Wed,1440,JA,CE1C,301B 407B ,,R,D,B ,F ,T,S,C,50,0,0,0,1756594,5920255
Auckland,26/11/2014,Wed,1850,KA,CE1CC,314B 377B ,,R,D,B ,F ,T,S,C,50,0,0,1,1756594,5920255
Auckland,09/12/2014,Tue,1850,QD,CW1C,428A ,M,R,D,O ,F , , ,C,50,0,0,0,1756737,5920199
Auckland,18/04/2014,Fri,1030,FE,VW1CC,423A 181B ,,R,D,O ,F ,X,T,C,50,0,0,0,1756774,5920184
Auckland,02/06/2014,Mon,250,DB,CE1,103A 131A ,IKP,M,D,DO,F ,T,G,R,50,0,0,0,1756440,5920310
Auckland,17/03/2014,Mon,2300,MO,CW1C,371A ,M,R,D,DO,F , ,N, ,50,0,0,0,1756945,5920122
Auckland,07/11/2014,Fri,30,EA,TE1CCC,818,MT,E,D,DO,F , ,N,N,50,0,0,0,1756309,5918734
Auckland,08/06/2014,Sun,1505,MO,CN1,130A 501A 929 ,P,R,D,O ,F ,D,N,N,50,0,1,0,1765997,5914747
Auckland,05/07/2014,Sat,1054,HA,CN2C,302A 334A 375A ,,R,D,BF,F ,X,G,C,50,0,0,0,1752344,5934465
Auckland,23/12/2014,Tue,1313,FB,CW1C,331A 352A ,,R,D,BF,F ,R,G,C,50,0,0,0,1752868,5933823
Auckland,08/12/2014,Mon,1130,DA,ME1C,131A 197A 331A ,G,M,D,B ,F ,R,G,N,50,0,0,0,1752872,5933325
Auckland,28/04/2014,Mon,250,DB,CN1,110A 134A ,,S,W,DN,F , ,N,C,50,0,0,0,1742636,5902778
Auckland,12/01/2014,Sun,1154,MO,SE14,112A 204A 308B 378B 830 929 ,,R,D,O ,F ,D, ,C,50,0,0,1,1754715,5927057
Auckland,10/05/2014,Sat,1850,FB,CN1C,103A 181A 387A ,,E,D,DO,F ,R,G,R,50,0,0,0,1759516,5908853
Auckland,23/01/2014,Thu,1850,EA,4N1C,101A 129A ,M,S,D,B ,F , , ,L,50,0,0,0,1759268,5909532
Auckland,15/04/2014,Tue,722,JA,TW1C,308B 830 929 ,,R,D,O ,F ,D,N,C,50,0,0,0,1753904,5926806
Auckland,24/10/2014,Fri,2349,HA,CW2B,103A 302A 412A ,FH,E,D,DO,F ,X,G,L,50,0,0,1,1759243,5909586
Auckland,06/08/2014,Wed,1011,JC,CN2C,301A 377A 801 ,,R,W,O ,L ,T,S,C,50,0,0,0,1755132,5927164
Auckland,29/04/2014,Tue,1210,MF,CS1V,371B ,,R,D,OF,F , ,N,C,50,0,0,0,1759153,5910022
Auckland,14/05/2014,Wed,1820,FD,CN1C,181A ,,R,W,DO,H , ,N,C,50,0,0,0,1759153,5910022
Auckland,10/06/2014,Tue,1900,HA,CW2C,302A ,,R,D,TO,F ,R,G,R,80,0,0,0,1759172,5909967
Auckland,16/02/2014,Sun,1430,NA,CE1E,711B 713B ,,M,D,BF,F , ,N,C,50,0,0,1,1754262,5926886
Auckland,10/11/2014,Mon,5,DB,CW1,111A 131A ,FKX,R,D,DO,F ,T,N,C,50,0,0,0,1754341,5926946
Auckland,21/07/2014,Mon,910,FD,CW1C,427A ,,R,W,B ,F , , ,C,50,0,0,0,1764734,5905921
Auckland,11/03/2014,Tue,1510,FD,CS1CC,181A ,,R,D,BF,F ,T,G,C,50,0,0,0,1759462,5909064
Auckland,23/01/2014,Thu,437,CC,CN1,130A 204A 205A 501A ,P,R,D,DO,F ,T,N,C,50,0,0,0,1755314,5927258
Auckland,12/09/2014,Fri,2150,DB,CS1,103A 111A 131A ,IP,E,W,DO,L ,X,T,R,50,0,0,0,1759428,5908632
Auckland,26/11/2014,Wed,1710,FB,CS1C,181A ,,E,D,B ,F ,X,T,L,50,0,0,0,1759428,5908632
Auckland,23/01/2014,Thu,904,DA,CN1,111A 131A ,F,E,D,OF,F , ,N,N,50,0,0,1,1759359,5907599
Auckland,12/05/2014,Mon,29,QO,CE1C,517A 522A ,Q,E,D,DO,F , ,N,N,50,0,0,0,1759454,5907480
Auckland,30/11/2014,Sun,2220,MG,CW1C,357A 357B 512B ,,R,W,DO,F , , ,N,50,0,0,0,1769922,5911935
Auckland,01/03/2014,Sat,1658,MD,CN14,308B 375B 929 ,,R,D,BN,F ,D,N,C,70,0,0,0,1773847,5898015
Auckland,12/07/2014,Sat,1530,JA,CN1C,302B 375B ,,R,W,OF,F ,T,G,C,50,0,0,0,1773985,5897651
Auckland,03/06/2014,Tue,1635,CB,CS1,129A 363A 902 ,V,R,D,BN,F , ,N,C,80,0,0,0,1773697,5898414
Auckland,16/12/2014,Tue,40,DA,CW1,111A 131A 433A ,K,M,D,DO,F ,T,G,C,50,0,0,0,1756077,5937480
Auckland,30/05/2014,Fri,945,GA,VS1C,129A ,,E,D,B ,F ,R,G,R,50,0,0,0,1760388,5907058
Auckland,10/02/2014,Mon,900,EO,TS1,330A 386A ,T,M,D,B ,F , ,N,N,50,0,0,1,1792076,5925162
Auckland,09/04/2014,Wed,800,GD,CN1C,181A 359A ,,R,D,O ,F ,T,G,C,50,0,0,1,1768607,5899173
Auckland,09/04/2014,Wed,815,FD,CN1CC,331A 377A ,,R,D,OF,F , ,N,C,50,0,0,0,1768546,5899327
Auckland,15/02/2014,Sat,2259,DA,CS1,111A 131A ,KX,E,D,DO,F , , ,C,50,0,0,0,1768433,5899551
Auckland,28/08/2014,Thu,840,LB,CS1C,303B ,,E,D,B ,F ,T,G,C,50,0,0,0,1768343,5899629
Auckland,20/01/2014,Mon,2230,DB,CS1,111A 131A 402A ,KP,E,W,DO,L ,T,G,C,50,0,0,0,1768343,5899629
Auckland,27/07/2014,Sun,2100,EA,CS1C,129A ,M,R,D,DO,F , ,N,C,50,0,0,0,1762872,5905894
Auckland,18/12/2014,Thu,2122,LB,CE1C,103B 303B 929 ,,E,D,DO,F ,D,N,N,50,0,0,0,1761144,5907965
Auckland,04/02/2014,Tue,1500,MD,4S1C,308B 371B 929 ,,R,D,B ,F ,D, ,C,50,0,0,0,1759397,5910047
Auckland,13/09/2014,Sat,2215,DB,CE1,111A 131A 330A 901 ,F,M,W,DN,H , , ,C,100,0,0,0,1749304,5880403
Auckland,04/02/2014,Tue,825,CC,MS1,403A ,H,R,D,BN,F , ,N,C,50,0,1,0,1772979,5891831
Auckland,20/08/2014,Wed,1630,GB,SS1C,159B 176B 929 ,,R,D,O ,F ,D,N,P,50,0,0,1,1755249,5929412
Auckland,29/12/2014,Mon,1600,MO,CN1C,371A 386A 371B ,,R,D,B ,F , ,N,N,30,0,0,0,1755254,5929403
Auckland,11/10/2014,Sat,2240,QD,CN1,101A 130A 428A 929 ,T,S,D,DO,F ,D,N,C,50,0,0,0,1769967,5881464
Auckland,20/09/2014,Sat,620,EA,CE1C,102A 129A ,M,R,W,DO,L , , ,N,50,0,0,0,1746807,5916784
Auckland,13/05/2014,Tue,1710,FB,4W1C,181A 331A ,,R,D,O ,F ,T,G,C,50,0,0,0,1768707,5910125
Auckland,05/03/2014,Wed,1150,MG,CW1C,371B ,,R,W,O ,F , ,N,N,50,0,0,0,1756895,5919375
Auckland,10/01/2014,Fri,2248,DB,CW1C,111A 131A ,HM,R,D,DO,F ,T,G,R,80,0,0,0,1760534,5905829
Auckland,14/09/2014,Sun,4,EA,CS1C,386A ,M,R,D,DN,F ,T,N,C,50,0,0,0,1760479,5905673
Auckland,20/12/2014,Sat,1330,KB,CN1C,302B 375B ,,R,D,OF,F ,T,G,C,50,0,0,0,1758228,5918314
Auckland,15/11/2014,Sat,1300,BF,CS144,130A 514A ,,R,D,O ,F , , ,P,50,0,0,0,1758246,5918382
Auckland,17/09/2014,Wed,950,EE,CS1V,129A ,M,R,D,B ,F , , ,P,50,0,0,0,1758239,5918354
Auckland,22/08/2014,Fri,845,FE,CN1C,181A ,,R,D,BF,F ,T,T,C,50,0,0,0,1758212,5918222
Auckland,21/01/2014,Tue,1348,DB,CN1,111A 132A ,T,M,W,O ,F , ,N,N,50,0,0,0,1742243,5920091
Auckland,10/06/2014,Tue,1058,DB,CN2,111A 131A 402A 801 ,V,S,W,O ,L ,T,G,C,50,0,0,0,1742253,5920138
Auckland,12/11/2014,Wed,302,EA,CE1C,386A ,M,R,D,DO,F , ,N,C,40,0,0,0,1756275,5916573
Auckland,30/01/2014,Thu,1958,FA,4N14,101A 181A 103B 191B ,,R,D,O ,F , ,N,C,50,0,0,0,1748488,5913080
Auckland,09/07/2014,Wed,650,HA,CW1C,321B 375B ,,R,D,ON,FS,X,S,N,50,0,0,0,1755051,5918599
Auckland,22/03/2014,Sat,152,EA,CS1CC,101A 130A 359A ,M,R,D,DO,F ,X,S,C,50,0,0,1,1755051,5918599
Auckland,19/02/2014,Wed,816,HA,CN2C,301A 377A 839 ,,R,D,B ,F ,X,S,C,50,0,0,0,1755856,5919202
Auckland,12/09/2014,Fri,1324,DB,TW1,121A 134A ,,M,W,O ,F ,T,N,C,50,0,0,1,1768160,5911121
Auckland,21/09/2014,Sun,1030,DA,CE1,133A 423A ,KX,E,W,OF,H , ,N,C,60,0,0,0,1768888,5911209
Auckland,29/08/2014,Fri,700,EA,CW1C,129A 358A ,M,R,D,B ,F , , ,C,50,0,0,0,1768802,5911194
Auckland,15/08/2014,Fri,1752,AA,CE14,184A ,,R,D,OF,F , ,N,C,50,0,0,0,1755320,5921880
Auckland,19/02/2014,Wed,810,AA,CN1C,372A ,,R,D,O ,F , ,N,C,50,0,0,0,1755152,5921009
Auckland,16/01/2014,Thu,1459,HA,CN1C,301B 375B ,,R,D,B ,F ,X,S,P,50,0,0,0,1755106,5921368
Auckland,09/08/2014,Sat,1330,HA,CN1C,321A ,,R,D,B ,F ,X,S,C,50,0,0,0,1760003,5913033
Auckland,27/06/2014,Fri,2355,AO,BE1C,381A 671A ,,R,W,DO,  ,X,T,C,50,0,0,0,1757630,5920862
Auckland,05/03/2014,Wed,1635,AO,BW1C,385A ,,E,D,BF,F ,X,T,C,50,0,0,0,1757630,5920862
Auckland,25/09/2014,Thu,1315,AA,CW1C,330A 372A ,,R,D,B ,F ,X,T,C,50,0,0,0,1757630,5920862
Auckland,02/09/2014,Tue,1957,NA,XW1E,713B ,,R,D,DO,F ,X,T,C,50,0,0,1,1757630,5920862
Auckland,07/07/2014,Mon,1400,AO,CW1C,381A ,,R,W,OF,L ,X,T,R,50,0,0,0,1757630,5920862
Auckland,16/09/2014,Tue,945,AO,BW1V,381A 671A ,,R,W,OF,L ,X,T,C,50,0,0,0,1757630,5920862
Auckland,18/03/2014,Tue,1623,MG,CE1C,371B ,,R,D,BF,F ,X,T,C,50,0,0,0,1757813,5920800
Auckland,12/07/2014,Sat,1740,HA,CE1C,322A 361A ,,R,W,DO,F ,X,T,C,50,0,0,0,1757715,5920833
Auckland,21/12/2014,Sun,1258,NB,CE1E,713B ,,R,D,O ,F , , ,C,50,0,0,1,1757414,5920937
Auckland,22/03/2014,Sat,1850,AO,CW1C,333A ,,R, , F,  , ,N,C,50,0,0,0,1757419,5920936
Auckland,28/08/2014,Thu,1520,MG,CE1C,371B ,,R,D,OF,F ,X,T,C,50,0,0,0,1757232,5921006
Auckland,14/12/2014,Sun,417,GF,CW1C,176A ,,E,W,DO,F ,X,T,C,50,0,0,0,1757252,5920999
Auckland,27/09/2014,Sat,1515,EE,SE1C,374B ,M,R,D,B ,F , , ,C,50,0,0,1,1757163,5921030
Auckland,03/10/2014,Fri,1815,MA,CE1C,373B ,,R,D,O ,F ,T,S,C,50,0,0,0,1757095,5921053
Auckland,05/06/2014,Thu,910,EA,BE14,386A ,M,E,D,O ,F ,X,G, ,50,0,0,0,1757509,5920904
Auckland,06/08/2014,Wed,1456,AO,CE1C,381A ,,R,D,OF,F ,X,T,C,50,0,0,0,1757505,5920905
Auckland,29/03/2014,Sat,1420,GO,BE1C,179A ,,R,D,BF,F ,X,T,C,50,0,0,0,1757514,5920902
Auckland,20/03/2014,Thu,1645,AO,BE1X,381A 671A ,,R,D,BF,F ,X,T,C,50,0,0,0,1757514,5920902
Auckland,08/06/2014,Sun,1217,FD,SE1C,331A 191B ,,R,D,B ,F , , ,C,50,0,0,1,1757256,5920998
Auckland,02/03/2014,Sun,233,DA,CE1,103A 131A 632A ,KX,E,D,DO,F ,T,G,C,50,0,0,0,1757285,5920988
Auckland,15/09/2014,Mon,1515,MD,CW1C,371B 929 ,M,R,D,BF,F ,D,N,C,50,0,0,0,1760492,5905848
Auckland,03/03/2014,Mon,752,LB,CN1C,302B 375B ,,M,W,BF,F ,Y,G,P,50,0,0,0,1747170,5911576
Auckland,19/04/2014,Sat,2144,DA,CS1,103A 111A 131A ,CFT,E,W,DO,F , ,N,C,50,0,0,1,1766358,5901286
Auckland,11/11/2014,Tue,1815,CB,CN1,102A 150A 501A 801 ,FV,R,W,O ,L , , ,L,100,0,0,1,,
Auckland,01/08/2014,Fri,1718,CB,CN1,363A 902 ,X,R,D,BN,F , ,N,C,100,0,0,0,1747060,5939467
Auckland,06/12/2014,Sat,1127,HA,CE24,301A 330A 375A ,,R,D,B ,F ,X,S,C,100,0,0,3,1746356,5940017
Auckland,28/10/2014,Tue,1740,JA,4N1C,302B 375B 402B 801 ,,R,W,O ,L ,T,G,C,80,0,0,0,1748984,5935924
Auckland,10/11/2014,Mon,1749,LB,4N1V,303B 314B ,,R,D,B ,F ,R,G,C,80,0,0,1,1748984,5935924
Auckland,16/04/2014,Wed,708,LB,CN1T,303B ,,E,D,O ,L ,T,G,C,80,0,0,0,1748984,5935924
Auckland,22/06/2014,Sun,1311,MC,CN1C,372B 402B ,,R,D,B ,F , , ,L,100,0,0,3,1748853,5936305
Auckland,15/07/2014,Tue,559,DB,CN1,111A 131A ,FG,M,D,DN,F , ,N,L,100,0,1,0,1748824,5936446
Auckland,15/03/2014,Sat,1716,BF,CN1C4,111A 131A 402A 197B 801 804 903 ,G,M,W,O ,LS, , ,C,80,0,0,1,1748719,5936655
Auckland,23/06/2014,Mon,200,EA,CS1V,129A ,M,R,D,DO,F , ,N,C,50,0,0,0,1751286,5934400
Auckland,13/04/2014,Sun,2340,CC,CW1,102A 410A ,FX,R,W,DO,L , , ,C,100,0,0,0,1748701,5938618
Auckland,24/10/2014,Fri,1629,BF,CN1T,137A 197A 402A ,,M,D,B ,F , ,N,C,100,1,0,2,1746730,5942536
Auckland,27/08/2014,Wed,805,AA,TS14,372A ,,R,D,O ,F ,T,G,C,50,0,0,0,1751335,5934352
Auckland,19/07/2014,Sat,1149,JA,4N14,301B 375B ,,R,D,OF,F ,T,S,C,50,0,0,0,1751332,5934356
Auckland,08/04/2014,Tue,749,LB,MS14,158A 330A 402A 314B 922 ,P,R,D,B ,F ,D,S,C,50,0,1,0,1751332,5934356
Auckland,30/01/2014,Thu,1620,AO,4N1C,157A 158A 184A ,,R,D,BF,F ,T,T,N,50,0,0,0,1751623,5934077
Auckland,31/03/2014,Mon,1544,LB,CN14,102B 303B 350B 375B 929 ,,E,D,B ,F ,D,N,C,100,0,0,2,1747716,5944450
Auckland,28/10/2014,Tue,2128,DB,4S1,111A 131A 901 ,G,E,W,DN,H , , ,L,80,0,0,0,1748816,5937112
Auckland,29/09/2014,Mon,815,EA,CS1C,330A 351A 378A 801 831 ,M,M,W,O ,L , , ,C,100,0,0,1,1748748,5936550
Auckland,22/07/2014,Tue,950,AA,CE1T,381A ,,R,D,BF,F ,R,G,R,80,0,0,0,1748563,5945402
Auckland,24/05/2014,Sat,1137,CB,TW1,103A ,V,R,D,O ,F , , ,L,80,0,0,0,1750791,5934687
Auckland,28/11/2014,Fri,1910,DB,CE1,131A ,FH,M,D,BF,L , ,N,L,80,0,0,1,1750430,5934606
Auckland,12/04/2014,Sat,2136,AO,CN1C,129A 386A 817 ,,E,D,DO,F ,R,G,R,50,0,0,0,1753266,5933048
Auckland,07/12/2014,Sun,1254,MA,CS1C,330B 373B ,,R,D,B ,F , ,N,L,80,0,0,1,1751119,5934563
Auckland,11/12/2014,Thu,1106,DA,CE2,504A ,F,R,D,BF,F ,T,G,C,50,0,0,1,1751076,5934604
Auckland,22/11/2014,Sat,223,CB,CN1,104A 112A ,FV,R,D,DN,F , ,N,C,100,0,0,1,1747070,5943422
Auckland,07/10/2014,Tue,1812,NB,CS1E,713B ,,R,D,TN,F , , ,N,50,0,1,0,1756409,5920894
Auckland,19/03/2014,Wed,1715,HA,CW1CCC,101B 301B 902 ,M,R,D,B ,F ,X,S,C,50,0,0,0,1756434,5920966
Auckland,23/02/2014,Sun,1915,HA,CE2CC,321B 375B ,,R,D,DF,F ,X,S,C,50,0,0,0,1756434,5920966
Auckland,03/08/2014,Sun,1055,CC,CS1,410A ,FK,R,W,O ,L , , ,C,50,0,0,0,1767001,5901982
Auckland,30/08/2014,Sat,1045,FA,CN1C,181A ,,R,D,BF,F , ,N,C,50,0,0,0,1766974,5902047
Auckland,05/02/2014,Wed,1650,KB,CS1V,308B 375B 927 ,,R,D,O ,F ,D,N,C,50,0,0,0,1766956,5902093
Auckland,15/12/2014,Mon,1427,MA,CS1C,373B ,,R,D,B ,F , , ,C,50,0,0,0,1766918,5902186
Auckland,05/09/2014,Fri,745,GB,CS1T,158A 333A 927 ,,E,D,O ,F ,D, ,C,50,0,0,0,1766944,5902121
Auckland,03/11/2014,Mon,1550,FA,CS1C,331A 351A ,,E,D,B ,F ,T,T,L,50,0,0,0,1767012,5901954
Auckland,09/04/2014,Wed,1234,EA,CW14,412A ,M,R,D,B ,F , , ,C,50,0,0,0,1766895,5902244
Auckland,12/07/2014,Sat,1635,FE,CN1C,181A 387A ,,R,W,OF,L ,T,T,C,60,0,0,0,1766708,5902708
Auckland,04/07/2014,Fri,5,CC,CE14,103A 386A ,M,R,W,DN,F , ,N,N,50,0,0,0,1769877,5915409
Auckland,26/02/2014,Wed,815,BB,CW2C,124A 130A 350A ,,R,D,B ,F ,T,G,C,50,0,0,2,1769058,5901978
Auckland,01/08/2014,Fri,1616,NF,CN1E,711B 732B ,,R,D,B ,F ,T,S,C,50,0,0,1,1768777,5902665
Auckland,23/10/2014,Thu,1410,FB,CN14,181A ,,R,D,BF,F ,T,G,C,50,0,0,0,1767048,5904496
Auckland,04/12/2014,Thu,1245,FB,CE1C,181A ,,R,D,OF,F ,X,G,C,50,0,0,0,1769296,5905572
Auckland,13/12/2014,Sat,653,CB,CS1,130A 517A ,FJ,R,D,BF,F , ,N,C,50,0,0,0,1768089,5906690
Auckland,18/07/2014,Fri,1430,GD,CW1C,181A 330A 929 ,,R,D,B ,F ,D,N,C,50,0,0,2,1769080,5905738
Auckland,24/09/2014,Wed,650,JA,4N1V,302B ,,M,D,TO,F ,T,G,R,50,0,0,0,1768566,5906134
Auckland,01/10/2014,Wed,1831,MO,VW1C,371A 929 ,,R,D,B ,F ,D, ,C,50,0,0,0,1768768,5905978
Auckland,17/02/2014,Mon,905,JA,CS1V,112A 402A 308B 314B 402B 930 ,,R,D,B ,F ,D, ,P,50,0,0,1,1768712,5906021
Auckland,11/06/2014,Wed,835,FD,CN14,181A ,,R,D,B ,F , , ,N,50,0,0,0,1768001,5906822
Auckland,02/09/2014,Tue,1440,FE,CW1C,181A ,,R,D,BF,F ,X,T,C,50,0,0,0,1768917,5905863
Auckland,23/10/2014,Thu,1640,FE,VE1CC,103A 181A ,,R,D,BF,F ,M,T,C,50,0,0,0,1768906,5905871
Auckland,11/07/2014,Fri,2200,BO,CN2C,124A 801 ,,M,W,DO,L ,T,G,C,50,0,0,0,1756543,5937375
Auckland,05/07/2014,Sat,352,EA,4N1C,101A 105A 111A 130A 801 ,M,E,W,DO,L ,T,N,C,50,0,0,0,1755879,5936297
Auckland,25/01/2014,Sat,100,EA,CN1CC,129A 350A ,M,R,D,DO,F ,T,N,C,50,0,0,0,1755887,5936303
Auckland,03/05/2014,Sat,1510,AA,BS1V,372A ,,R,D,BF,F ,T,G,C,50,0,0,0,1756287,5936944
Auckland,07/03/2014,Fri,1430,MF,XN14,371B ,,R,D,B ,F ,T,N,C,50,0,0,0,1749912,5914083
Auckland,01/07/2014,Tue,1430,BA,CE1CC,129A 197B ,M,R,W,O ,F ,T,N,C,50,0,0,0,1750232,5914649
Auckland,29/06/2014,Sun,1337,JA,PS1C,301B 375B ,,R,D,B ,F ,T,S,C,50,0,0,1,1750066,5914440
Auckland,05/02/2014,Wed,800,AO,CW1C,381A ,,E,D,BF,F ,R,G,R,50,0,0,0,1755029,5913742
Auckland,25/08/2014,Mon,1445,FB,CE14,331A ,,R,D,BF,F ,R,S,C,50,0,0,0,1755006,5913748
Auckland,03/02/2014,Mon,1530,FB,CE1C,181A 331A ,,E,D,B ,F ,R,G,R,50,0,0,0,1755006,5913748