TLANAME,CRASHDATE,CRASHDOW,CRASHTIME,MVMT,VEHICLES,CAUSES,OBJECTSSTRUCK,ROADCURVE,ROADWET,LIGHT,WTHRa,JUNCTYPE,TRAFCTRL,ROADMARK,SPDLIM,CRASHFATALCNT,CRASHSEVCNT,CRASHMINCNT,EASTING,NORTHING
Auckland,17/09/2014,Wed,400,CC,CW1,103A 112A 130A ,CIP,R,D,DO,F ,R,G,R,50,0,1,0,1755307,5913659
Auckland,15/12/2014,Mon,1620,HA,CE1C,102B 301B 377B ,,R,D,OF,F ,X,S,P,50,0,0,1,1755142,5913710
Auckland,20/11/2014,Thu,2059,HA,CW1C,321B 375B ,,R,W,DO,L ,X,S,C,50,0,0,0,1755142,5913710
Auckland,12/08/2014,Tue,1120,MO,CW1C,385A ,M,R,D,BF,FS, ,N,N,50,0,0,0,1758730,5919747
Auckland,23/04/2014,Wed,2305,DA,CS1,103A 111A 131A ,P,M,D,DO,F , , ,C,50,0,0,1,1769158,5901721
Auckland,09/04/2014,Wed,1530,MO,CN1C,371A ,M,R,D,BF,F , ,N,N,50,0,0,0,1769103,5901892
Auckland,18/08/2014,Mon,1525,JA,CE1O,308B 375B 927 ,,R,D,BF,F ,D,N,C,50,0,0,0,1768766,5881123
Auckland,18/05/2014,Sun,1500,DB,BE1E,131A 386A ,,M,D,B ,F ,T,N,C,50,0,0,1,1769441,5918483
Auckland,23/09/2014,Tue,1700,EA,CS1C,129A ,M,R,D,OF,F , ,N,N,50,0,0,0,1756690,5918810
Auckland,11/07/2014,Fri,2240,EA,CN1C,103A 111A 130A 901 ,M,M,W,DO,H , , ,C,50,0,0,0,1754406,5928295
Auckland,21/12/2014,Sun,1420,NA,TN1E,711B 839 ,,E,D,O ,F , ,N,C,50,0,0,1,1754490,5928435
Auckland,21/01/2014,Tue,953,GD,BN1C,191A 801 ,,E,W,O ,L ,T,N,C,50,0,0,0,1754518,5928476
Auckland,28/10/2014,Tue,1600,GD,CS1C,181A 331A 386A 801 ,,E,W,O ,L ,T,G,C,50,0,0,0,1754363,5928264
Auckland,18/03/2014,Tue,1540,JA,MS1C,308B 375B 927 ,,E,D,B ,F ,D, ,C,50,0,1,0,1755095,5928954
Auckland,24/06/2014,Tue,945,EC,CS1C,129A 330A ,M,R,D,B ,F , , ,C,50,0,0,0,1754981,5928870
Auckland,06/01/2014,Mon,1100,EA,CW1C,129A 386A ,M,R,D,B ,F , , ,C,50,0,0,0,1754896,5928841
Auckland,27/07/2014,Sun,338,DA,CW1,103A 131A ,FG,E,W,DO,L , ,N,C,50,0,0,0,1755099,5928963
Auckland,17/10/2014,Fri,1639,DA,CE2CC,131A 133A 423A 801 ,CX,M,W,O ,L ,T,T,R,50,0,0,1,1755159,5929100
Auckland,27/03/2014,Thu,1716,KA,CN1CC,308B 507B 927 ,FH,R,D,BF,F ,D, ,N,50,0,0,0,1759006,5917429
Auckland,19/08/2014,Tue,740,LB,PW1C,303B 377B ,,R,D,BF,F ,T,G,C,50,0,0,1,1759064,5917510
Auckland,28/11/2014,Fri,905,DA,CS1C,111A 131A 514A 801 ,FM,M,W,O ,L , , ,C,50,0,0,0,1765257,5919679
Auckland,27/08/2014,Wed,1400,EA,CN1C,129A ,M,R,D,BF,F , ,N,C,50,0,0,0,1768173,5904970
Auckland,09/08/2014,Sat,1840,JA,CN1C,300B 377B 839 ,,R,D,DO,F ,T,N,N,50,0,0,0,1768196,5904709
Auckland,19/09/2014,Fri,730,MO,CW1C,103A 330A 371A 929 ,P,R,D,DO,F ,D, ,C,50,0,0,0,1756964,5916486
Auckland,20/10/2014,Mon,1435,MO,CN2C,386A ,,R,D,B ,F ,T,G,C,50,0,0,0,1767815,5899655
Auckland,01/05/2014,Thu,930,MF,CS1V,371B ,,R,D,BF,F , ,N,N,50,0,0,0,1757609,5928641
Auckland,05/06/2014,Thu,1200,FC,CE1C,331A ,,R,D,B ,F ,T,N,C,50,0,0,0,1757831,5918968
Auckland,09/07/2014,Wed,1812,FE,CW1C,110A 427A 801 ,,R,W,DO,L ,T,T, ,50,0,0,0,1754953,5913508
Auckland,22/04/2014,Tue,1801,FD,CW1C,331A ,,R,D,TO,F , , ,N,100,0,0,0,1754915,5913540
Auckland,24/07/2014,Thu,1255,FD,4N1C,181A ,,R,W,BF,F , ,N,C,50,0,0,0,1755720,5916247
Auckland,27/08/2014,Wed,1700,FD,CS1C,331A 358A ,,R,D,O ,F , ,N,C,50,0,0,0,1755737,5916305
Auckland,06/01/2014,Mon,,MO,CN1C,386A ,M,E,D,B ,F , , ,N,50,0,0,0,1755713,5916213
Auckland,01/04/2014,Tue,2322,MO,VN1C,103A 385A ,M,R,D,DO,F , ,N,C,50,0,0,0,1755702,5916179
Auckland,06/08/2014,Wed,1815,FF,CN1C,191B 357B 510B ,,R,D,DO,F , ,N,C,50,0,0,0,1755702,5916179
Auckland,24/11/2014,Mon,1200,MA,CN1C,373B ,,R,D,OF,L , ,N,C,50,0,0,0,1755702,5916179
Auckland,11/06/2014,Wed,1523,AO,VN1C,129A 386A ,,R,D,O ,F ,X,T,C,50,0,0,0,1755716,5916227
Auckland,13/05/2014,Tue,1400,MC,CN1C,372B ,,R,D,B ,F ,X,T,C,50,0,0,0,1755716,5916227
Auckland,22/04/2014,Tue,1535,JA,CE2C,334A 334B ,,R,D,B ,F ,X,T,C,50,0,0,0,1755716,5916227
Auckland,13/11/2014,Thu,756,LB,CN1CC,303B 375B 801 ,,R,W,O ,L ,T,S,P,50,0,0,1,1756126,5917694
Auckland,17/09/2014,Wed,1720,NA,CS1E,370A 715B ,,M,D,O ,F , , ,L,50,0,0,1,1755947,5917057
Auckland,07/02/2014,Fri,755,NB,CS1E,129A 386A 714B ,,R,D,O ,F , ,N,C,80,0,0,1,1755941,5917033
Auckland,27/02/2014,Thu,900,GB,PN1C,158A ,P,R,D,OF,F ,T,S,P,50,0,1,0,1755951,5917072
Auckland,24/03/2014,Mon,818,LB,PN1C,209A 314B 377B ,,R,D,B ,F ,T,S,P,50,0,0,1,1755951,5917072
Auckland,23/09/2014,Tue,1420,EA,CN1C,129A 358A ,M,R,D,B ,F ,T,G,C,50,0,0,0,1755513,5915505
Auckland,26/05/2014,Mon,929,JA,CN1CB,321B 505B ,,R,D,O ,F ,T,S,C,50,0,0,0,1755510,5915495
Auckland,04/01/2014,Sat,415,EA,CS1C,103A 129A ,M,R,D,DO,F , ,N,C,50,0,0,0,1755075,5913940
Auckland,18/06/2014,Wed,745,FD,VS1C,181A ,,R,D,B ,F , , ,C,50,0,0,0,1755061,5913892
Auckland,01/08/2014,Fri,1840,FD,CS1CC,181A 330A ,,R,D,DO,F , ,N,C,50,0,0,0,1755053,5913863
Auckland,06/06/2014,Fri,1150,FC,CN1C,331A 350A ,,R,D,B ,F ,X,G,C,50,0,0,0,1755025,5913763
Auckland,09/07/2014,Wed,1700,AC,CN1C,129A ,,E,D,O ,F ,R,G,C,50,0,0,0,1755016,5913730
Auckland,30/06/2014,Mon,1440,FC,CN1C,181A ,,R,W,OF,H , ,N,C,50,0,0,0,1755013,5913721
Auckland,14/10/2014,Tue,,GF,TN1C,381A 671A ,,M,D,BF,F ,R,G,R,50,0,0,0,1755017,5913735
Auckland,06/11/2014,Thu,1523,AC,TN1V,386A ,,R,D,B ,F ,R,G,R,50,0,0,0,1755028,5913749
Auckland,03/06/2014,Tue,903,KC,TS1C,129A ,,E,D,O ,F ,R,G,R,50,0,0,0,1755022,5913754
Auckland,29/01/2014,Wed,1330,AA,TN1C,372A ,,M,D,B ,F ,R,G,R,50,0,0,0,1755028,5913749
Auckland,09/06/2014,Mon,1700,AO,TN1C,386A ,,R,W,TO,L ,R,G,R,50,0,0,0,1755017,5913735
Auckland,11/08/2014,Mon,835,AC,CN1C,372A 381A ,,R,W,BF,F ,R,G,R,50,0,0,0,1755028,5913749
Auckland,12/06/2014,Thu,1650,LB,CN1S,302A 375A ,,M,D,O ,F ,R,G,C,50,0,0,1,1755022,5913754
Auckland,29/08/2014,Fri,938,GO,4N1C,179A 381A ,,E,D,B ,F ,R,G,C,50,0,0,0,1755017,5913735
Auckland,24/05/2014,Sat,900,AC,CW2C,159A ,,E,W,O ,L ,R,G,R,50,0,0,0,1755015,5913753
Auckland,28/03/2014,Fri,1346,AO,BN1C,129A ,,R,D,B ,F ,R,G,P,50,0,0,0,1755017,5913735
Auckland,11/02/2014,Tue,1858,GO,CN1C,122A 381A ,,R,D,B ,F ,R,G,C,50,0,0,0,1755017,5913735
Auckland,25/07/2014,Fri,1830,KA,CN1C,302B ,,R,D,OF,F ,R,G,P,50,0,0,0,1755029,5913742
Auckland,09/06/2014,Mon,718,AO,BN1C,671A ,,R,W,DO,  ,R,G,C,50,0,0,0,1755017,5913735
Auckland,26/09/2014,Fri,1000,AO,TN14,381A ,,E,D,B ,F ,R,G,R,50,0,0,0,1755017,5913735
Auckland,22/05/2014,Thu,15,DA,CN1,131A 404A ,KP,M,W,DO,L ,R,G,R,50,0,0,0,1755028,5913749
Auckland,07/04/2014,Mon,1200,GO,TN1C,179A ,,M,D,B ,F ,R,G,C,50,0,0,0,1755017,5913735
Auckland,01/06/2014,Sun,1800,FD,VS1C,181A ,,R,D,DO,F , ,N,C,50,0,0,0,1755787,5916481
Auckland,11/12/2014,Thu,2109,EA,CS1X,129A 359A ,Q,R,D,DO,F , ,N,P,50,0,0,1,1755790,5916491
Auckland,16/05/2014,Fri,1856,LB,MS1C,303B ,,R,D,TO,F ,T,N,C,50,0,0,1,1755777,5916443
Auckland,10/09/2014,Wed,1835,LB,CS1C,303B ,,R,D,DO,F ,T,S,C,50,0,0,0,1755777,5916443
Auckland,25/02/2014,Tue,1915,LB,CS1C,209A 314B 377B ,,R,D,O ,F ,T,S,C,50,0,0,0,1755777,5916443
Auckland,24/09/2014,Wed,1650,FE,VW2V,181A ,,R,D,OF,F ,X,T,L,50,0,0,0,1754953,5913508
Auckland,05/12/2014,Fri,1400,GF,CN2C,122A 386A ,,E,D,B ,F ,X,T,C,50,0,0,0,1754953,5913508
Auckland,16/12/2014,Tue,1100,EA,CS1C,129A ,M,R,D,BF,F , ,N,C,50,0,0,0,1754925,5913407
Auckland,27/08/2014,Wed,210,LB,CS1C,322A 517A ,,R,D,DO,F ,X,T,R,50,0,0,0,1754979,5913599
Auckland,18/04/2014,Fri,1400,JA,CN1C,101B 308B 412B 929 ,,R,D,B ,F ,D, ,P,50,0,0,1,1755317,5914808
Auckland,12/05/2014,Mon,1643,AA,CS1P,190A 372A ,,R,D,DO,F , , ,P,50,0,0,2,1755722,5916256
Auckland,21/03/2014,Fri,2150,GD,CS1C,331A ,,R,D,DO,F ,T,S,C,50,0,0,0,1755734,5916294
Auckland,18/05/2014,Sun,114,EA,CN1C,103A 129A 645A ,M,R,D,DO,M , , ,C,50,0,0,1,1774951,5897040
Auckland,22/09/2014,Mon,915,EC,CN1,821 901 903 ,X,M,W,O ,HS,T,G,C,50,0,0,0,1774952,5896965
Auckland,22/05/2014,Thu,2030,MA,CN1C,373B ,,R,D,DO,F , ,N,C,50,0,0,0,1755997,5917231
Auckland,28/03/2014,Fri,1545,FD,CS1X,102A 181A ,,R,D,BF,F , ,N,P,50,0,0,0,1755999,5917236
Auckland,30/05/2014,Fri,1730,LB,SS1C,303B 375B ,,R,D,TF,F ,T,S,C,50,0,0,1,1755993,5917217
Auckland,11/06/2014,Wed,1613,LB,PS1C,303B 377B 927 ,,R,D,BF,F ,D,N,C,50,0,0,1,1756144,5917756
Auckland,02/01/2014,Thu,1130,LB,CN1C,303B 330B ,,R,D,B ,F ,T,G,C,50,0,0,0,1756171,5917852
Auckland,20/08/2014,Wed,1850,EA,CN1C,129A ,M,R,D,BF,F , ,N,C,50,0,0,0,1754637,5911808
Auckland,01/12/2014,Mon,1510,GD,CS1C,181A 331A ,,R,D,O ,F ,T,S,C,50,0,0,1,1754631,5911709
Auckland,03/02/2014,Mon,1225,AC,TN1C,381A ,,R,D,B ,F , ,N,C,50,0,0,0,1755346,5914913
Auckland,22/01/2014,Wed,400,CC,CS1,101A 410A ,H,R,D,DO,F , ,N,P,50,0,0,1,1755543,5915613
Auckland,23/03/2014,Sun,2017,GD,CS1C,103A 333A ,,R,D,DO,F ,T,S,C,50,0,0,0,1755537,5915594
Auckland,09/06/2014,Mon,1530,FD,CS1C,181A 331A 801 ,,R,W,O ,L , , ,C,50,0,0,0,1755394,5915079
Auckland,28/07/2014,Mon,1745,NA,CS1E,713B ,,R,D,B ,F ,T,N,C,50,0,0,1,1755854,5916724
Auckland,24/12/2014,Wed,1625,EA,BS1C,129A ,M,R,D,B ,F , , ,C,50,0,0,0,1755229,5914488
Auckland,18/02/2014,Tue,1720,FD,CS1CC,181A 359A ,,R,D,BF,F , ,N,R,50,0,0,0,1755219,5914454
Auckland,10/04/2014,Thu,1232,LB,CS1C,303B 375B ,,R,W,OF,H ,T,G,C,50,0,0,0,1755223,5914469
Auckland,26/03/2014,Wed,1345,AA,TN1C,381A ,,R,D,BF,F , ,N,C,50,0,0,0,1755951,5917073
Auckland,19/07/2014,Sat,504,CB,CS1,410A ,P,R,D,DO,F , , ,C,50,0,0,0,1755377,5915018
Auckland,25/03/2014,Tue,745,FD,CN1C,181A ,,R,D,BF,F , ,N,C,50,0,0,2,1755451,5915280
Auckland,12/10/2014,Sun,100,CB,CS1,101A 129A ,S,R,W,DO,F ,T,N,P,50,0,0,0,1755438,5915237
Auckland,08/04/2014,Tue,750,LB,CN1C,303B 377B 927 ,,R,D,O ,F ,D,N,C,50,0,0,0,1756150,5917777
Auckland,26/08/2014,Tue,1535,FD,VN1C,181A ,,R,D,BF,F , ,N,P,50,0,0,0,1756139,5917739
Auckland,26/11/2014,Wed,1725,FD,CN1C,352A ,Q,R,D,OF,F ,T,N,C,50,0,0,0,1756145,5917758
Auckland,14/05/2014,Wed,1325,KA,SN1V,209A 302B 375B 801 ,,E,W,O ,L ,T,G,C,50,0,0,1,1755283,5914678
Auckland,26/08/2014,Tue,1840,FE,CS1CCC,181A 181C 181D ,,R,D,DO,F , ,T,C,50,0,0,0,1755577,5915734
Auckland,04/09/2014,Thu,900,FD,CS1C,181A 331A ,,R,D,O ,F , , ,C,50,0,0,0,1755578,5915739
Auckland,14/05/2014,Wed,1845,FD,CN1C,181A ,,R,W,DO,L , , ,P,50,0,0,1,1755569,5915705
Auckland,11/07/2014,Fri,1915,FE,CN1C,181A ,,R,W,DO,H ,T,T,C,50,0,0,0,1755573,5915719
Auckland,11/01/2014,Sat,1,EA,CS1C,129A ,M,R,D,DO,F , ,N,C,50,0,0,0,1754519,5912071
Auckland,02/03/2014,Sun,620,EA,CS1C,129A ,M,R,D,OF,F , ,N,C,50,0,0,1,1755106,5914055
Auckland,09/06/2014,Mon,1729,CA,MN1B,137A 191A 209A 901 ,,R,W,DO,H ,X,G,P,50,0,0,1,1755120,5914103
Auckland,25/05/2014,Sun,1430,BB,CE24,129A 357A ,,R,D,BF,F ,X,S,C,50,0,2,0,1755120,5914103
Auckland,01/10/2014,Wed,1700,LB,SN14,209A 303B 377B ,,R,D,BF,F ,X,T,C,50,0,1,0,1755120,5914103
Auckland,04/06/2014,Wed,1840,LB,PS1CC,303B 377B ,,R,D,DO,F ,T,S,C,50,0,0,1,1755891,5916856
Auckland,30/05/2014,Fri,858,LB,CN1M,209A 303B 927 ,,R,W,O ,F ,D,N,C,50,0,1,0,1755824,5916616
Auckland,01/09/2014,Mon,1900,FD,CW1C,181A ,,R,W,TO,L , ,N,L,50,0,0,0,1755819,5916597
Auckland,22/03/2014,Sat,2105,LB,CS1C,101A 112A 514A 303B 375B ,,R,D,DO,F ,T,G,C,50,0,2,1,1755827,5916625
Auckland,05/02/2014,Wed,720,FE,CS1C,331A ,,R,D,B ,F ,X,T,C,50,0,0,0,1755177,5914305
Auckland,30/04/2014,Wed,852,AA,CN1T,159A ,,R,D,O ,F , , ,P,50,0,0,0,1755159,5914243
Auckland,26/05/2014,Mon,915,GB,VN1C,158A 209A 333A 929 ,,R,D,B ,F ,D, ,C,50,0,0,0,1755148,5914204
Auckland,28/08/2014,Thu,800,FE,CN1C,181A ,,R,D,BF,F ,X,T,C,50,0,0,0,1755173,5914291
Auckland,10/02/2014,Mon,1100,FE,CN1C,181A ,,R,D,B ,F ,X,T,C,50,0,0,0,1755173,5914291
Auckland,28/04/2014,Mon,1100,FE,CN1C,181A ,,R,D,B ,F ,X,T,C,70,0,0,0,1755173,5914291
Auckland,23/12/2014,Tue,1721,FD,CS1VC,331A 352A ,,R,D,B ,F , , ,C,50,0,0,0,1755799,5916523
Auckland,17/06/2014,Tue,1907,FD,CS1CC,181A 181B ,,R,W,DO,F ,T,G,C,50,0,0,0,1755804,5916542
Auckland,06/01/2014,Mon,855,CC,CS1,112A ,FK,R,D,B ,F ,T,N,C,50,0,0,0,1774896,5896851
Auckland,28/07/2014,Mon,535,EA,VN1V,358A ,M,R,W,DO,F , ,N,C,50,0,0,0,1774890,5896822
Auckland,03/08/2014,Sun,1105,JA,CN1C,308B 377B 839 929 ,,R,W,OF,H ,D,N,C,50,0,0,0,1755360,5914960
Auckland,18/08/2014,Mon,1748,LB,CS1C,209A 314B 377B ,IS,R,D,B ,F ,T,S,R,50,0,0,1,1755957,5917092
Auckland,17/03/2014,Mon,1345,FE,CN1CC,112A 331A 358A ,,R,D,B ,F ,T,T,C,50,0,0,0,1755633,5915937
Auckland,21/02/2014,Fri,140,CB,CS1,414A ,FJP,R,D,DO,F ,R,G,C,50,0,0,0,1754669,5912561
Auckland,20/05/2014,Tue,250,DA,CS1,358A ,P,E,D,DO,F , , ,C,50,0,0,0,1754720,5912670
Auckland,28/09/2014,Sun,1600,FB,CS14,181A ,,R,D,OF,F ,R,G,C,50,0,0,0,1754663,5912548
Auckland,28/05/2014,Wed,1940,KA,CN1C,302B ,,E,D,DN,F ,R,G,C,50,0,0,0,1754662,5912527
Auckland,26/05/2014,Mon,1800,LB,MS1C,303B 314B 353B ,,R,D,DO,F ,T,G,C,50,0,0,0,1755675,5916087
Auckland,02/05/2014,Fri,1450,EA,CN1C,129A 386A ,M,R,D,B ,F ,T,N,C,50,0,0,0,1755675,5916087
Auckland,24/10/2014,Fri,2000,EA,CS1C,129A ,MK,R,D,DO,F , , ,C,50,0,0,0,1755493,5915433
Auckland,29/10/2014,Wed,1820,JA,CS1C,301B 375B ,,R,D,OF,F ,T,S,P,50,0,0,0,1755499,5915452
Auckland,06/03/2014,Thu,120,EA,CS1C,103A 129A ,Q,R,D,DO,F , ,N,C,50,0,0,2,1755850,5916713
Auckland,25/07/2014,Fri,2053,KA,CN1C,301B 375B ,,R,D,DO,F ,T,S,C,70,0,0,0,1755845,5916693
Auckland,22/02/2014,Sat,1500,EA,CN1C,129A ,M,R,D,BF,F , ,N,C,50,0,0,0,1756204,5917970
Auckland,10/06/2014,Tue,900,AO,CN1C,350A 386A ,,R,D,B ,F , ,N,C,50,0,0,0,1755603,5915826
Auckland,07/10/2014,Tue,740,MA,VN1B,373B ,,R,D,O ,F , , ,N,50,0,0,0,1756063,5917467
Auckland,08/07/2014,Tue,1518,MA,CS1C,373B ,,R,D,ON,FS, ,N,L,50,0,0,0,1756080,5917529
Auckland,10/07/2014,Thu,1541,NA,CN1E,711B 712B ,,R,D,O ,F , , ,C,50,0,1,0,1756085,5917549
Auckland,18/06/2014,Wed,1245,HA,SE24,322B ,,R,D,O ,F ,X,T,C,50,0,0,1,1756059,5917452
Auckland,17/07/2014,Thu,1123,BC,TS1C,122A 330A ,,R,D,B ,F ,X,T,C,50,0,0,0,1756059,5917452
Auckland,07/09/2014,Sun,1955,NA,CS1E,722B 727B ,,R,D,DO,F ,T,T,C,50,0,0,1,1756182,5917891
Auckland,04/06/2014,Wed,1715,FE,4S1X,181A ,,R,D,BF,F ,T,T,L,50,0,0,0,1756179,5917881
Auckland,15/09/2014,Mon,930,LB,BN1C,303B 375B ,,R,D,O ,F ,X,T,C,50,0,0,0,1756179,5917881
Auckland,06/07/2014,Sun,105,MC,CS1C,350B 377B ,,R,D,DO,F , , ,C,50,0,0,0,1756063,5917467
Auckland,03/06/2014,Tue,1600,MO,CN1C,371A ,M,R,D,B ,F , , ,C,50,0,0,0,1756077,5917520
Auckland,29/08/2014,Fri,2130,MA,CS1C,373B ,,R,D,DO,F , ,N,C,50,0,0,0,1756032,5917356
Auckland,03/04/2014,Thu,2310,MG,CN1C,371B ,,R,W,DO,L , , ,P,50,0,0,0,1755685,5916123
Auckland,25/01/2014,Sat,940,FA,CN1C,181A ,,R,D,O ,F ,T,N,C,50,0,0,0,1754874,5913225
Auckland,24/08/2014,Sun,50,EA,CE1C,129A ,M,R,D,DO,F , ,N,C,50,0,0,0,1757057,5926979
Auckland,04/04/2014,Fri,1534,FC,CS1C,331A 352A ,,R,D,B ,F , ,P,X,50,0,0,1,1743537,5920460
Auckland,01/11/2014,Sat,1950,DB,CN1,103A 111A 131A ,CKS,M,D,TN,F , , ,C,50,0,0,1,1743617,5920203
Auckland,15/11/2014,Sat,1405,AA,4N1C,177A 372A ,,M,D,O ,F ,R,G,C,50,0,0,0,1743334,5923695
Auckland,18/10/2014,Sat,1059,CB,VS1,129A 130A 330A ,HIS,R,D,BF,F , ,N,R,50,0,0,0,1742895,5921434
Auckland,01/11/2014,Sat,45,DB,CN1,102A 111A 524A ,CF,M,D,DO,F , ,N,R,50,0,0,1,1742888,5921440
Auckland,03/01/2014,Fri,1300,LB,CE1C,303B ,,R,D,B ,F ,T,S,C,50,0,0,0,1742941,5921394
Auckland,04/02/2014,Tue,730,FA,TN1C,111A 331A ,,M,D,O ,F , , ,C,50,0,0,1,1743523,5919774
Auckland,09/06/2014,Mon,611,JA,CN1C,602A 302B ,,R,D,DO,F ,T,G,C,50,0,0,0,1743489,5919588
Auckland,22/03/2014,Sat,340,DA,CN1,111A 131A ,FP,E,D,DO,F ,T,G,C,50,0,0,0,1743489,5919588
Auckland,06/08/2014,Wed,1140,JA,CN1C,302B 387B ,,E,W,OF,L ,T,G,R,50,0,0,0,1743489,5919588
Auckland,16/04/2014,Wed,1707,MC,CN1C,372B ,,R,W,DO,L , ,N,C,50,0,0,0,1742863,5922142
Auckland,22/02/2014,Sat,1125,AO,TS1C,381A ,,R,W,OF,L ,R,G,C,50,0,0,0,1742810,5922057
Auckland,02/10/2014,Thu,2022,CA,CN1C,103A 130A 801 ,I,R,W,DO,L ,R,G,R,50,0,0,0,1742813,5922043
Auckland,11/10/2014,Sat,1920,FB,4N14,103A 331A ,,M,D,TO,F ,R,G,R,50,0,0,0,1742812,5922061
Auckland,20/09/2014,Sat,2300,CC,CS1,103A 402A ,I,R,W,DO,H ,R,G,R,50,0,0,0,1742813,5922043
Auckland,10/10/2014,Fri,2043,LB,CS1C,302A 387A ,,M,D,DO,F ,R,G,R,50,0,0,0,1742810,5922057
Auckland,24/01/2014,Fri,1640,AA,CS1T,372A ,,E,D,B ,F ,R,G,C,50,0,0,0,1743192,5922656
Auckland,02/12/2014,Tue,810,HA,CS1C,302A 358A 375A ,,E,D,BF,F ,R,G,R,50,0,0,0,1743194,5922646
Auckland,05/06/2014,Thu,1720,FD,VS1C,181A 331A ,,R,D,TO,F , , ,P,50,0,0,0,1743378,5923276
Auckland,30/11/2014,Sun,1845,DB,VE2V,504A ,M,M,D,OF,F ,R,G,P,50,0,0,1,1743668,5919381
Auckland,02/06/2014,Mon,1400,AC,CE1CC,111A 131A 514A 517A ,Q,S,D,O ,L ,R,G,P,50,0,0,0,1743681,5919384
Auckland,09/04/2014,Wed,835,FA,CN1C,331A 350A ,,R,D,B ,F , , ,C,50,0,0,0,1743065,5922457
Auckland,12/04/2014,Sat,220,MC,CN1C,372B ,,R,W,DO,F , ,N,P,50,0,0,0,1743081,5922482
Auckland,30/09/2014,Tue,1110,CB,CS1,129A 130A 402A ,F,R,D,B ,F , , ,R,50,0,0,0,1743118,5922541
Auckland,09/05/2014,Fri,1130,KA,CS1C,111B 308B 330B 922 ,,E,D,B ,F ,D, ,C,50,0,0,0,1742958,5922290
Auckland,29/06/2014,Sun,932,LB,CS1S,302A 375A ,,R,D,B ,F ,R,G,R,50,0,0,1,1742979,5922312
Auckland,15/08/2014,Fri,715,JA,CS1C,308B 924 ,,R,D,O ,F ,D,N,C,50,0,0,0,1743604,5919458
Auckland,30/10/2014,Thu,820,GF,BS1C,381A ,,R,D,O ,F ,R,G,C,50,0,0,0,1743670,5919383
Auckland,04/08/2014,Mon,1050,LB,CS1C,302A 375A ,,E,D,BF,F ,R,G,R,50,0,0,0,1743370,5923420
Auckland,09/09/2014,Tue,1730,NB,CS1E,376A 925 ,,E,D,B ,F ,D,N,C,30,0,0,1,1752246,5934039
Auckland,13/03/2014,Thu,1801,HA,4W1C,302A 375A ,,M,D,B ,F ,R,G,C,50,0,0,0,1752352,5934226
Auckland,26/08/2014,Tue,949,HA,4S1C,302A 370A ,,M,D,B ,F ,R,G,R,50,0,0,0,1752873,5934236
Auckland,15/05/2014,Thu,1218,AO,4S1C,184A 184B ,,R,D,O ,F ,R,G,C,50,0,0,0,1752255,5933790
Auckland,12/04/2014,Sat,1125,MO,CS1C,371A 926 ,,R,D,B ,F ,D,N,N,50,0,0,0,1752258,5933792
Auckland,27/11/2014,Thu,1412,ED,CS1T,330A 386A 817 ,M,R,D,B ,F , , ,C,50,0,0,0,1752726,5933673
Auckland,11/04/2014,Fri,2006,FB,CS1C,101A 387A ,,R,D,DO,F ,R,G,C,50,0,0,0,1752869,5934239
Auckland,16/10/2014,Thu,1150,KB,CS1P,302A 375A ,,E,D,O ,F ,R,G,C,50,0,0,0,1752873,5934236
Auckland,07/11/2014,Fri,1842,HA,CE1C,302A 375A ,,E,D,OF,F ,R,G,C,50,0,0,0,1752554,5933604
Auckland,15/01/2014,Wed,1130,MG,CN1C,371B ,,R,D,B ,F ,R,G,R,50,0,0,0,1752571,5933587
Auckland,19/04/2014,Sat,1056,HA,CN2B,302A 375A ,,E,D,BF,F ,R,G,C,50,0,0,0,1752571,5933587
Auckland,29/11/2014,Sat,1135,KA,CN1C,302B 375B ,,M,D,OF,F ,R,G,R,50,0,0,0,1752571,5933621
Auckland,26/07/2014,Sat,1345,HA,CW1C,302A ,,E,D,B ,F ,R,G,R,50,0,0,0,1752554,5933604
Auckland,20/05/2014,Tue,1618,GC,CW1C,171B 372B 402B ,,R,D,O ,F ,R,G,C,50,0,0,0,1752572,5934362
Auckland,14/05/2014,Wed,1515,MA,VS1C,373B 402B ,,R,D,OF,F , ,P,C,50,0,0,0,1780987,5925404
Auckland,14/08/2014,Thu,1641,DA,CN1,111A 138A ,PT,E,W,O ,LS, ,N,N,80,0,0,0,1736925,5901715
Auckland,10/03/2014,Mon,1700,FC,CW1C,181A ,,R, , F,  , ,N,X,50,0,0,0,1751611,5912363
Auckland,12/09/2014,Fri,840,LB,ME1C,303B 377B 929 ,,R,W,OF,L ,D,N,C,50,0,0,1,1751709,5912381
Auckland,07/04/2014,Mon,1543,FD,CW1VC,181A 331A 351A ,,R,D,B ,F ,T,G,P,50,0,0,2,1752243,5912424
Auckland,16/04/2014,Wed,14,FA,CW1C,357A 512A ,,E,D,DO,F ,T,N,C,50,0,0,0,1752394,5912400
Auckland,27/02/2014,Thu,735,KA,ME1C,302B ,,R,D,B ,F ,T,G,C,50,0,0,1,1752374,5912403
Auckland,16/04/2014,Wed,753,LB,PE1C,303B 314B 370B ,,R,D,B ,F ,T,G,C,50,0,0,1,1751946,5912426
Auckland,20/01/2014,Mon,837,MO,CE1C,371A ,M,R,D,B ,F , ,N,N,50,0,0,0,1744622,5921316
Auckland,03/02/2014,Mon,2031,FA,VW1C,387A 410A 512A ,,R,D,TO,F , ,N,P,50,0,0,0,1745399,5916800
Auckland,12/04/2014,Sat,950,JC,CW1C,302A 375A ,,R,D,B ,F ,T,G,C,50,0,0,0,1745379,5916799
Auckland,10/04/2014,Thu,1,EA,CE1CC,103A 112A 130A ,M,R,D,DN,F , , ,N,50,0,0,0,1755578,5919746
Auckland,09/11/2014,Sun,2325,QO,CW1CVC,420A ,MM,E,D,DO,F , ,N,N,50,0,0,0,1762141,5917631
Auckland,08/07/2014,Tue,1040,GA,VS1C,181A 197A 331A 801 929 ,,E,W,O ,L ,D, ,C,50,0,0,0,1753950,5927755
Auckland,24/12/2014,Wed,1645,FD,CE1C,181A ,,E,D,B ,F ,T,S,C,50,0,0,0,1753999,5927811
Auckland,18/06/2014,Wed,1310,MO,CW1C,371A ,,R,D,O ,F , , ,C,50,0,0,0,1753861,5927760
Auckland,22/12/2014,Mon,1420,MO,CW1C,371B ,,R,D,B ,F ,T,T,C,50,0,0,0,1753616,5927762
Auckland,05/09/2014,Fri,1140,CB,CE1B,358A ,M,R,D,BF,F , ,N,C,50,0,0,0,1753800,5927773
Auckland,18/04/2014,Fri,1232,EA,CN1C,130A 354A ,M,R,D,B ,F , , ,N,50,0,0,0,1767201,5903233
Auckland,22/08/2014,Fri,1835,FB,CS1C,331A 350A ,,R,D,DO,F ,X,G,R,50,0,0,0,1767316,5902959