TLANAME,CRASHDATE,CRASHDOW,CRASHTIME,MVMT,VEHICLES,CAUSES,OBJECTSSTRUCK,ROADCURVE,ROADWET,LIGHT,WTHRa,JUNCTYPE,TRAFCTRL,ROADMARK,SPDLIM,CRASHFATALCNT,CRASHSEVCNT,CRASHMINCNT,EASTING,NORTHING
Auckland,14/05/2014,Wed,1640,FD,CS1C,181A ,,R,W,DO,L ,X,G,C,60,0,0,0,1767314,5902964
Auckland,23/09/2014,Tue,1725,FD,CS1CCC,112A 181A 331A ,,R,D,B ,F ,T,G,R,60,0,0,0,1767312,5902968
Auckland,11/09/2014,Thu,1600,FB,CS1C,181A 330A ,,R,D,B ,F ,X,G,C,50,0,0,1,1767318,5902955
Auckland,17/04/2014,Thu,945,FB,4S1C,181A 331A ,,R,W, N,H ,X,G,C,50,0,0,0,1767318,5902955
Auckland,24/02/2014,Mon,1812,BE,CS1C,112A 130A 205A 350A 197B ,,R,D,O ,F , , ,R,50,0,0,0,1767077,5903538
Auckland,29/07/2014,Tue,1945,NE,CS1E,713B ,,M,D,DO,F ,T,N,N,50,0,1,0,1767086,5903515
Auckland,03/09/2014,Wed,530,KB,CN1C,302B 375B ,,R,W,DO,L ,T,G,R,60,0,0,0,1767086,5903515
Auckland,07/11/2014,Fri,743,GB,SS1C,175B 381B ,,M,D,B ,F ,T,G,R,50,0,0,1,1767086,5903515
Auckland,22/09/2014,Mon,1840,FE,CN1C,331A 387A ,,R,D,DO,F ,X,T,C,50,0,0,0,1766971,5903712
Auckland,30/05/2014,Fri,1830,MO,TN1C,129A 386A 927 ,M,R,D,DO,F ,D, ,N,50,0,0,0,1767148,5903363
Auckland,02/12/2014,Tue,800,FB,CN1C,181A 331A ,,E,D,TF,F ,T,G,N,60,0,0,0,1766967,5903715
Auckland,05/05/2014,Mon,755,CC,CS1,195A ,CF,R,W,O ,F , , ,C,80,0,0,0,1775783,5890371
Auckland,03/02/2014,Mon,743,FE,CS1C,181A ,T,R,D,BF,F , ,T,C,100,0,0,0,1773023,5891488
Auckland,19/12/2014,Fri,715,CC,CS1V,112A 130A ,,R,D,BF,F ,X,T,R,70,0,0,0,1773023,5891488
Auckland,14/11/2014,Fri,450,DC,CE2,130A 517A ,S,R,D,DO,F ,T,G,C,50,0,0,0,1754864,5919055
Auckland,16/07/2014,Wed,320,EA,CN1C,129A 645A ,M,R,W,DO,F , , ,C,50,0,0,0,1754810,5919492
Auckland,22/12/2014,Mon,110,DA,CE1,103A 111A 131A ,T,M,D,DN,F , , ,C,80,0,0,0,1753525,5944298
Auckland,12/09/2014,Fri,2016,DA,CE1,131A 363A ,V,S,W,DN,L , , ,L,80,0,0,0,1751824,5944542
Auckland,26/11/2014,Wed,2300,EA,CS1C,129A ,M,M,D,DO,F , ,N,N,50,0,0,0,1755735,5925353
Auckland,07/11/2014,Fri,1720,BF,MS1C,111A 131A ,,E,D,BF,F , ,N,C,50,0,0,1,1760920,5906337
Auckland,16/10/2014,Thu,745,CB,VW1C,504A ,M,R,D,OF,F , ,N,C,50,0,0,1,1755357,5914839
Auckland,16/08/2014,Sat,2100,EA,CW1V,129A ,M,E,D,DO,F , ,N,C,50,0,0,0,1755937,5914685
Auckland,27/02/2014,Thu,930,HA,CW1C,302A 375A ,,R,D,OF,F ,R,G,C,50,0,0,0,1755874,5914699
Auckland,16/06/2014,Mon,1710,DA,CE2C,131A ,M,S,D,O ,F ,R,G,R,50,0,0,0,1754537,5915668
Auckland,25/08/2014,Mon,1300,CA,CN1C,120A 130A ,M,R,D,BF,F , ,N,X,50,0,0,0,1754424,5915492
Auckland,26/02/2014,Wed,800,EA,CN1C,129A ,M,R,D,B ,F , , ,N,50,0,0,0,1756867,5918719
Auckland,17/02/2014,Mon,802,GC,CN2S,372B ,,E,D,O ,F ,T,G,C,50,0,0,0,1759102,5916344
Auckland,01/08/2014,Fri,2350,EA,4N1C,103A 129A 330A ,M,R,D,DO,F , , ,C,50,0,0,0,1766337,5915009
Auckland,29/05/2014,Thu,1300,EA,CE1C,129A ,M,R,D,B ,F , , ,N,50,0,0,0,1765070,5914745
Auckland,07/01/2014,Tue,819,KB,CW1C,193B 338B ,,E,D,B ,F ,X,G,N,50,0,0,0,1758603,5920118
Auckland,28/07/2014,Mon,1846,NA,CN1E,712B 713B ,,R,D,DO,F , , ,N,50,0,0,1,1763335,5907327
Auckland,20/08/2014,Wed,1245,MO,VS1V,371A ,M,R,D,B ,F , , ,C,50,0,0,0,1756737,5930411
Auckland,29/11/2014,Sat,945,LB,SS1C,303B 375B ,,R,D,OF,F ,T,G,C,50,0,0,1,1755498,5932425
Auckland,03/08/2014,Sun,1830,MC,CS1C,372B ,,R,D,DO,F ,T,G,C,60,0,0,0,1755498,5932425
Auckland,13/04/2014,Sun,1515,LB,CS1C,158A 929 ,,R,D,B ,F ,D,N,P,50,0,0,0,1754806,5933548
Auckland,16/05/2014,Fri,1803,AA,CN1C,372A ,,R,D,DO,F , , ,C,50,0,0,0,1754822,5933472
Auckland,15/05/2014,Thu,1621,NA,BN1E,711B 732B ,,E,D,O ,F , ,N,P,50,0,1,0,1754816,5933433
Auckland,23/09/2014,Tue,1145,BA,CN1C,129A ,,R,D,B ,F , , ,C,50,0,0,0,1754816,5933433
Auckland,18/05/2014,Sun,1202,MC,MS1C,372B ,,R,D,O ,F , , ,C,50,0,0,1,1754296,5936033
Auckland,27/10/2014,Mon,2030,FA,CN1C,181A 331A 901 ,,R,W,OO,H , , ,C,50,0,0,0,1754333,5935884
Auckland,02/03/2014,Sun,812,AO,CS1C,150A 357A ,,R,D,B ,F ,X,T,C,50,0,0,0,1754323,5935992
Auckland,26/06/2014,Thu,1041,GF,TN1B,387A 179B 402B 403B ,,R,W,OF,L ,X,T,C,50,0,0,0,1754323,5935992
Auckland,09/06/2014,Mon,1521,LB,CS1C,303B 375B 901 ,,E,W,O ,H ,Y,G,C,50,0,0,0,1756802,5930168
Auckland,23/01/2014,Thu,1535,AA,CN1C,313A 372A 691B ,,E,D,B ,F , , ,C,50,0,0,0,1755278,5932041
Auckland,26/08/2014,Tue,1650,FD,CN14,181A 929 ,,R,D,OF,F ,D,N,C,50,0,0,0,1755279,5931992
Auckland,08/05/2014,Thu,553,LB,CN1C,303B 323B ,,R,W,DO,F ,T,T,C,50,0,0,1,1755277,5932022
Auckland,08/05/2014,Thu,945,FE,CS1C,181A ,,R,D,B ,F ,T,T,C,50,0,0,0,1755277,5932022
Auckland,14/05/2014,Wed,1535,LB,CN1C,303B 323B ,,S,W,O ,H ,T,T,R,50,0,0,0,1755277,5932022
Auckland,13/05/2014,Tue,703,JA,SS1C,302B 645B ,,R,D,O ,F ,T,G,C,50,0,0,1,1756759,5929961
Auckland,20/12/2014,Sat,1849,DA,CN1,131A 330A 801 ,FP,M,W,O ,L ,R,G,P,50,0,0,0,1756300,5930755
Auckland,15/03/2014,Sat,1140,DA,4N1,135A 810 ,K,M,W,O ,F ,R,G,R,50,0,0,0,1756313,5930720
Auckland,09/02/2014,Sun,1250,DA,MW1,131A ,,M,D,B ,F ,R,G,C,50,0,0,0,1756313,5930720
Auckland,06/09/2014,Sat,235,DA,CN1,103A 111A 131A ,S,E,W,DO,L ,T,G,C,50,0,0,0,1754057,5936391
Auckland,13/10/2014,Mon,1000,GF,CE1C,129A 129B ,,E,D,O ,F ,T,T,C,50,0,0,0,1754304,5933949
Auckland,08/01/2014,Wed,1751,DA,MN1,135A 800 ,,E,W,ON,F , ,N,C,50,0,0,1,1751685,5939089
Auckland,09/09/2014,Tue,749,DB,CN1,501A ,JKT,E,D,B ,F , , ,C,50,0,1,0,1755556,5932587
Auckland,05/03/2014,Wed,710,FD,CS14,181A ,,R,D,OF,F , ,N,C,50,0,0,1,1755553,5932617
Auckland,17/05/2014,Sat,1755,FD,CN1CC4,181A 181B 181C ,,E,D,DO,F , , ,C,50,0,0,0,1755553,5932547
Auckland,25/10/2014,Sat,915,GC,CS14,197A 372B 378B 671B 832 929 ,,R,D,B ,F ,D, ,C,100,0,0,0,1749229,5942206
Auckland,19/06/2014,Thu,1500,DA,CN1,131A 410A ,FP,E,W,OF,L , ,N,L,80,0,0,0,1752470,5937843
Auckland,03/03/2014,Mon,1440,EA,CN1C,129A ,M,R,D,OF,F , ,N,C,50,0,0,1,1756758,5930317
Auckland,09/06/2014,Mon,1501,ND,VN1E,713B 725B 929 ,,R,W,OF,H ,D,N,C,50,0,0,0,1755323,5932140
Auckland,20/03/2014,Thu,1613,EE,CN1V,374B ,M,R,D,B ,F , , ,C,50,0,0,0,1756751,5929925
Auckland,28/07/2014,Mon,700,FD,CS1C,181A 330A ,,R,W,O ,F ,T,N,N,80,0,0,0,1755377,5932232
Auckland,12/09/2014,Fri,736,FD,CS1C,181A ,,R,W,OF,L , ,N,C,50,0,0,1,1755385,5932245
Auckland,08/12/2014,Mon,754,FD,CS1CCC,331A 350A ,,R,D,BF,F ,T,G,C,50,0,0,1,1755370,5932219
Auckland,26/03/2014,Wed,1615,JA,CS1C,302B 314B 377B ,,R,D,OF,F ,T,G,C,50,0,0,0,1755375,5932228
Auckland,09/05/2014,Fri,835,ND,CW2E,306A ,,R,W,OF,L ,T,G,C,50,0,0,0,1755375,5932228
Auckland,11/03/2014,Tue,645,LB,SS1C,303B 377B ,,R,D,BF,F ,T,G,C,80,0,0,1,1755375,5932228
Auckland,20/11/2014,Thu,1000,AA,VS1T,381A ,,R,D,BF,F ,T,G,C,50,0,0,0,1753972,5934748
Auckland,05/05/2014,Mon,821,JA,CS1C,308B 377B 929 ,,R,W,O ,F ,D,N,P,50,0,0,0,1753944,5934662
Auckland,04/12/2014,Thu,1723,AC,TN1C,671A ,,E,D,BF,F ,T,S,P,50,0,0,0,1755476,5932726
Auckland,14/01/2014,Tue,1700,GB,CN1C,372B 929 ,,E,D,BF,F ,D,N,C,80,0,0,1,1753413,5937255
Auckland,28/08/2014,Thu,1720,GD,4W1C,181A 333A 929 ,,E,D,O ,F ,D, ,C,80,0,0,0,1753231,5937365
Auckland,23/09/2014,Tue,417,DB,CN1,103A 110A 130A ,FKV,E,D,DO,F , , ,P,50,0,0,1,1754330,5935973
Auckland,21/07/2014,Mon,745,AC,CS1T,159A 173A ,,R,D,O ,F ,X,T,C,50,0,0,0,1754323,5935992
Auckland,12/07/2014,Sat,1850,BF,CN1C,111A 131A 904 ,,E,W,DO,M ,T,G,P,100,0,0,1,1752368,5938615
Auckland,03/11/2014,Mon,1703,EA,CS1C,129A ,M,E,D,B ,F , , ,P,50,0,0,0,1754046,5935246
Auckland,03/04/2014,Thu,1715,JA,CE1C,302B 387B 801 ,,R,W,B ,L ,T,G,C,50,0,0,0,1757143,5929288
Auckland,20/12/2014,Sat,1050,AO,CS1SV,386A ,M,R,W,O ,L ,T,S,C,50,0,1,0,1756743,5929884
Auckland,20/06/2014,Fri,720,MO,TS1C,371A 386A ,M,R,W,O ,L ,T,N,C,50,0,0,0,1756740,5929869
Auckland,06/04/2014,Sun,840,ME,SS1C,303B 375B ,,R,D,O ,F , , ,C,50,0,0,1,1756736,5929850
Auckland,04/07/2014,Fri,1846,EA,CS1C,103A 129A ,M,E,D,DO,F , , ,R,50,0,0,0,1753892,5934503
Auckland,25/06/2014,Wed,246,EA,VS1C,102A 129A 359A 801 ,M,E,W,DO,L , , ,C,50,0,0,0,1753923,5934598
Auckland,19/07/2014,Sat,1730,JA,CN14,302B 375B ,,E,W,OF,H ,T,G,C,50,0,0,0,1753902,5934309
Auckland,28/03/2014,Fri,813,JA,CN1C,308B 375B 929 ,,E,D,B ,F ,D,N,P,50,0,0,0,1753892,5934503
Auckland,12/07/2014,Sat,1723,JA,CS1C,301B ,,R,W,TN,F ,T,S,C,100,0,0,1,1749276,5943680
Auckland,31/10/2014,Fri,1530,FD,CN1C,181A 197A 331A ,,E,D,O ,F , , ,P,50,0,0,0,1756108,5931214
Auckland,22/10/2014,Wed,805,AC,VS1C,372A ,,E,D,O ,F , , ,P,50,0,0,0,1755002,5932976
Auckland,06/04/2014,Sun,1335,FE,CN1C,181A 387A ,,R,D,B ,F ,T,T,C,50,0,0,0,1755091,5932929
Auckland,07/06/2014,Sat,1923,DA,CS1,111A 131A 402A 514A 517A ,FPT,E,D,DO,F , , ,C,50,0,0,0,1755332,5931879
Auckland,20/12/2014,Sat,2216,FA,CS1C,181A 387A ,,M,W,DO,L ,R,G,R,50,0,0,0,1755345,5931857
Auckland,19/05/2014,Mon,1650,LB,CN1C,302A 370A ,,R,D,TF,F ,R,G,P,50,0,0,0,1755345,5931857
Auckland,12/06/2014,Thu,1615,LB,VS1CB,303B ,,R,W,O ,L ,T,G,R,80,0,0,0,1749560,5945448
Auckland,15/10/2014,Wed,700,LB,CS1CC,303B ,,E,D,O ,F ,T,G,R,80,0,0,0,1749560,5945448
Auckland,27/11/2014,Thu,823,LB,CN1C,303B 353B 402B ,,E,D,B ,F ,T,G,R,80,0,0,1,1749560,5945448
Auckland,11/11/2014,Tue,2345,CB,CS1C,112A ,HMS,R,W,DO,L , ,N,C,50,0,0,1,1754219,5935629
Auckland,03/07/2014,Thu,1944,DB,CS1,131A 407A 800 801 ,C,E,W,DN,L , , ,C,80,0,0,1,1749448,5941432
Auckland,01/11/2014,Sat,1050,FF,CN1C,181A 195B ,,R,D,BN,F , ,N,C,80,0,0,1,1749553,5941355
Auckland,07/04/2014,Mon,727,CB,CN1,410A ,CV,R,D,B ,F , , ,L,80,0,0,1,1749553,5941355
Auckland,27/04/2014,Sun,719,DB,CN1,103A 111A ,CF,E,D,B ,F , ,N,C,100,0,0,1,1749911,5941015
Auckland,15/05/2014,Thu,225,KB,CN1T,602A 308B 377B 862 901 929 ,,R,W,ON,H ,D, ,C,80,0,0,0,1750038,5940799
Auckland,29/04/2014,Tue,2037,CB,CN1,130A 402A 500A ,G,R,W,DN,F , , ,C,100,0,1,0,1750556,5940133
Auckland,06/03/2014,Thu,2155,ME,CN1C,103B 371B ,,R,D,DO,F ,T,G,R,50,0,0,0,1756696,5919465
Auckland,11/08/2014,Mon,1850,FA,4S1C,331A 378A 832 ,,R,D,DO,F , , ,P,50,0,0,0,1769561,5881310
Auckland,18/09/2014,Thu,1723,HA,CN1C,322B ,,R,D,BF,F ,T,T,C,50,0,0,1,1772480,5896524
Auckland,27/09/2014,Sat,1935,BB,CW2C,124A 322A ,,R,W,DO,L ,X,T,C,50,0,0,0,1772480,5896524
Auckland,05/07/2014,Sat,2325,CC,VE1,103A 130A ,CIS,R,W,DO,F ,T,G,R,50,0,0,0,1770108,5881518
Auckland,19/06/2014,Thu,1315,HA,CN14,321A 375A ,,R,W,OF,L ,T,S,C,50,0,0,0,1772688,5895993
Auckland,01/05/2014,Thu,1651,HA,CW2C,302B 370B ,,R,D,B ,F ,X,G,C,50,0,0,0,1772688,5895993
Auckland,22/09/2014,Mon,910,HA,XN1T,321B 375B 801 ,,E,W,O ,L ,X,S,R,50,0,0,0,1772706,5896112
Auckland,12/04/2014,Sat,1425,HA,CN2C,102B 322B ,,R,D,O ,F ,X,T,R,50,0,0,0,1769238,5908850
Auckland,14/05/2014,Wed,545,LB,CE1C,303B 323B ,,R,W,DO,F ,X,T,C,50,0,0,0,1766904,5907658
Auckland,15/04/2014,Tue,830,MO,CN2C,350A 370A 386A 440B 691B ,,E,D,O ,F ,X,T,C,50,0,0,0,1766904,5907645
Auckland,17/04/2014,Thu,1635,FE,CW1C,331A ,,R,D,O ,F ,X,T,C,50,0,0,0,1766904,5907645
Auckland,07/10/2014,Tue,2100,KC,CS2C,375A ,,M,D,TO,F ,X,T,C,60,0,0,0,1766904,5907645
Auckland,01/06/2014,Sun,420,CC,CN1,101A 112A ,G,R,D,DO,F , ,N,P,60,0,0,0,1768300,5908378
Auckland,13/07/2014,Sun,910,CB,CS1,410A ,P,R,D,B ,F , , ,C,60,0,0,0,1768241,5908125
Auckland,04/12/2014,Thu,1600,LB,CS1C,303B ,,R,D,OF,F ,T,T,C,50,0,1,1,1768280,5908290
Auckland,09/12/2014,Tue,1113,FE,CW2C,181A ,,R,D,O ,F ,T,T,C,50,0,0,0,1768280,5908290
Auckland,01/07/2014,Tue,1028,GB,VE2C,191A 372B 402B ,,R,W,OF,L ,R,G,C,50,0,0,0,1746808,5918826
Auckland,31/10/2014,Fri,2320,AC,CW1CV,372A ,,R,D,DO,F , ,N,R,50,0,0,0,1767278,5907637
Auckland,15/11/2014,Sat,850,GA,SE14,181A 386A 929 ,,R,D,B ,F ,D,N,R,50,0,0,1,1767225,5907651
Auckland,07/02/2014,Fri,1815,FE,CW1C,181A 331A 387A 801 ,,R,W,TO,L ,X,T,R,50,0,0,0,1767428,5907637
Auckland,30/01/2014,Thu,1404,CB,CW1,129A 354A ,P,R,D,B ,F ,T,T,R,50,0,0,0,1766712,5907635
Auckland,11/09/2014,Thu,1430,MA,CE1C,373B ,,R,D,OF,F , ,N,N,50,0,0,0,1765566,5906996
Auckland,02/06/2014,Mon,1445,FF,CE1C,181A 191B ,,R,D,BF,F , ,N,C,50,0,0,0,1765566,5906996
Auckland,22/10/2014,Wed,1730,JA,CE1C,308B 927 ,,R,D,O ,F ,D, ,C,50,0,0,0,1765596,5907014
Auckland,05/10/2014,Sun,645,EA,CE14,102A 410A ,M,R,D,DO,F , , ,R,60,0,0,0,1767617,5907701
Auckland,19/02/2014,Wed,1745,FE,CE1C,181A ,,R,D,BF,F ,T,T,R,60,0,0,0,1767694,5907722
Auckland,05/07/2014,Sat,1240,LB,CE1C,303B 402B ,,R,D,OO,F ,X,T,C,60,0,0,0,1766069,5907295
Auckland,18/11/2014,Tue,1308,HA,CN2C,322B ,,R,D,B ,F ,X,T,C,50,0,0,2,1766069,5907295
Auckland,02/12/2014,Tue,853,LB,CE1V,303B 382B ,,R,D,BF,F ,X,T,C,50,0,0,2,1766069,5907295
Auckland,03/08/2014,Sun,700,JA,CW1V,103A 322A ,,R,W,DO,L ,X,T,C,50,0,0,0,1766069,5907295
Auckland,06/12/2014,Sat,655,HA,4N24,322B 350B ,,R,D,OF,F ,X,T,C,50,0,0,1,1766069,5907295
Auckland,28/02/2014,Fri,2035,GB,CW1C,313A 387A ,,R,D,DO,F ,X,T,C,50,0,0,0,1766069,5907295
Auckland,01/08/2014,Fri,515,CC,CS1,130A 412A ,GJP,R,W,DO,L , ,N,P,60,0,0,0,1768364,5908563
Auckland,06/03/2014,Thu,1150,AO,TN1C,129A ,,R,D,B ,F , , ,C,50,0,0,0,1768337,5908517
Auckland,28/08/2014,Thu,1545,FD,CE1CT,181A 330A ,,R,D,B ,F , ,N,C,60,0,0,0,1768328,5908483
Auckland,18/02/2014,Tue,1630,GD,CW1C,181A 331A ,,R,D,B ,F ,T,N,C,50,0,0,1,1765605,5907019
Auckland,09/11/2014,Sun,1430,MG,CN2C,371B ,,R,D,B ,F ,T,N,C,50,0,0,0,1765605,5907019
Auckland,17/01/2014,Fri,855,LB,CW1T,179B 303B ,,R,D,O ,F ,T,N,C,50,0,0,1,1765605,5907019
Auckland,05/02/2014,Wed,2014,LB,CW14,303B ,,R,D,B ,F ,T,N,C,50,0,0,0,1765605,5907019
Auckland,23/01/2014,Thu,1800,AA,CW1C,129A ,,R,D,B ,F , , ,C,50,0,0,0,1765811,5907142
Auckland,24/07/2014,Thu,2030,LB,CE1V,322A 334A 352A ,,R,W,DO,F ,T,T,C,60,0,0,0,1766628,5907643
Auckland,06/09/2014,Sat,720,JA,CE1C,322A ,,R,D,OF,F ,T,T,C,60,0,0,0,1766628,5907643
Auckland,30/06/2014,Mon,915,AA,CS2C,177A ,,R,W,OF,L ,T,T,L,50,0,0,0,1766628,5907643
Auckland,19/06/2014,Thu,1450,FE,CE1V,331A 901 ,,R,W,O ,H ,X,T,C,50,0,0,0,1766334,5907567
Auckland,01/11/2014,Sat,2128,JA,VE1V,322A ,,R,D,DO,F ,X,T,R,50,0,0,0,1766338,5907570
Auckland,01/12/2014,Mon,1053,HA,4S2C,322B 334B 402B ,,R,D,B ,F ,X,T,C,50,0,0,0,1766338,5907570
Auckland,29/11/2014,Sat,1015,AO,CN1C,129A 330A ,,R,D,B ,F , , ,C,80,0,0,0,1766203,5907441
Auckland,20/04/2014,Sun,1600,FD,CE14,181A ,,R,W,O ,F , , ,R,50,0,0,0,1766146,5907379
Auckland,16/10/2014,Thu,1800,FE,CE1C,181A ,,R,D,O ,F ,T,T,C,50,0,0,0,1766346,5907561
Auckland,10/12/2014,Wed,1615,AA,TW1C,184A ,,R,W,O ,F ,X,T,C,50,0,0,0,1766474,5907622
Auckland,02/10/2014,Thu,1930,AO,TE1C,129A 330A ,,E,D,DO,F , , ,C,60,0,0,1,1766428,5907627
Auckland,04/11/2014,Tue,1614,AC,VE1C,372A ,,E,D,O ,F , , ,C,50,0,0,0,1766428,5907627
Auckland,18/01/2014,Sat,100,AO,TE1C,386A ,,E,D,DO,F , , ,C,50,0,0,0,1766428,5907627
Auckland,07/05/2014,Wed,1415,MO,CE1C,371A 922 ,,R,D,B ,F ,D,N,N,50,0,0,0,1766414,5907622
Auckland,28/05/2014,Wed,1900,MG,CW1C,371B ,,R,D,TO,F , , ,R,50,0,0,0,1766399,5907599
Auckland,09/04/2014,Wed,819,LB,MW1C,308B 375B 922 ,,R,D,O ,F ,D,N,R,60,0,1,0,1766444,5907620
Auckland,01/09/2014,Mon,5,CC,CW1,512A 514A ,K,R,W,DO,L ,T,T,R,60,0,0,0,1766444,5907620
Auckland,08/07/2014,Tue,1440,LB,CE1C,323B 334B ,,R,D,O ,F ,T,T,C,60,0,0,0,1766442,5907632
Auckland,18/01/2014,Sat,1400,LB,TW1C,303B ,,R,D,B ,F ,T,T,R,60,0,0,0,1766444,5907620
Auckland,19/12/2014,Fri,1530,JA,CS1C,308B 929 ,,E,D,B ,F ,D,N,C,60,0,0,0,1768183,5907892
Auckland,26/02/2014,Wed,1615,FD,VN1C,331A 352A ,,R,D,B ,F , , ,R,60,0,0,0,1768133,5907845
Auckland,01/01/2014,Wed,30,FF,CW1C,330A 350A ,,E,D,DO,F ,T,T,C,50,0,0,0,1768145,5907841
Auckland,07/11/2014,Fri,1215,MA,CW1C,197A 373B ,,E,D,B ,F , , ,P,50,0,0,0,1768145,5907841
Auckland,26/02/2014,Wed,1325,NA,CE1E,711B ,,R,D,B ,F ,T,N,R,60,0,0,1,1768138,5907846
Auckland,23/04/2014,Wed,1723,FD,CW1CC,181A ,,R,D,DO,F , ,N,C,60,0,0,0,1768066,5907811
Auckland,30/08/2014,Sat,2030,CB,CE1,330A 407A ,IP,R,W,DO,F , ,N,R,60,0,0,0,1767965,5907796
Auckland,23/06/2014,Mon,215,DB,CN2,101A 111A 131A ,I,E,D,DO,F ,T,T,R,50,0,0,1,1768156,5907851
Auckland,30/04/2014,Wed,1536,GF,TE1C,381A 671A ,,M,D,OF,F ,T,T,C,60,0,0,0,1768156,5907851
Auckland,20/11/2014,Thu,1220,GF,CW1C,372A ,,R,D,BF,F ,T,G,P,50,0,0,0,1768156,5907851
Auckland,07/04/2014,Mon,650,GF,CN1C,176A 381A ,,R,D,TO,F ,T,T,P,60,0,0,0,1768156,5907851
Auckland,15/11/2014,Sat,1035,FB,CE1C,181A ,,R,W,O ,F ,T,G,C,50,0,0,0,1768156,5907851
Auckland,06/08/2014,Wed,915,GD,CE1T,333A 927 ,,R,D,O ,F ,D, ,C,60,0,0,0,1768739,5908624
Auckland,17/02/2014,Mon,1900,FE,CW1V,103A 331A ,,M,D,TF,F ,T,T,C,60,0,0,1,1768350,5908566
Auckland,14/12/2014,Sun,920,GE,CE1C,372B 671B 922 ,,R,D,O ,L ,D,N,P,50,0,0,0,1765826,5907151
Auckland,23/01/2014,Thu,1100,KB,CE1C,301B ,,R,D,O ,F ,T,S,P,50,0,0,0,1765912,5907202
Auckland,25/12/2014,Thu,1030,PO,V,722A ,Q,R,D,BF,F , ,N,C,50,0,0,1,1753029,5928661
Auckland,21/02/2014,Fri,1625,PC,CE1E,378A 727B 929 ,,R,D,O ,F ,D, ,C,50,0,0,1,1754994,5926292
Auckland,02/03/2014,Sun,2229,BC,CS2C,103A 122A ,,S,D,DO,F ,T,N,C,50,0,0,2,1755085,5926299
Auckland,22/03/2014,Sat,1020,MO,4E1V,371A 385A 929 ,M,R,D,BF,F ,D,N,C,50,0,0,0,1766361,5908764
Auckland,25/04/2014,Fri,2338,EA,CS1X,101A 112A 331A ,M,R,D,DO,F , ,N,C,50,0,0,0,1758037,5920446
Auckland,02/05/2014,Fri,1435,MO,CE1C,371A 371B 929 ,,M,D,O ,F ,D,N,N,50,0,0,0,1758271,5917656
Auckland,26/08/2014,Tue,1750,AD,MS1,111A 131A ,K,M,D,B ,F , , ,C,50,0,0,1,1766774,5912044
Auckland,05/07/2014,Sat,1615,GD,CS1C,333A 929 ,,R,D,O ,F ,D, ,C,50,0,0,0,1769002,5881835
Auckland,16/09/2014,Tue,2042,CB,CW1,101A 108A 386A ,J,R,D,DO,F ,R,G,R,50,0,0,0,1768950,5881177
Auckland,26/02/2014,Wed,808,NB,CN1,705B 929 ,,R,D,BF,F ,D,N,N,50,0,1,0,1764336,5918263
Auckland,12/03/2014,Wed,1515,FB,CN1C,181A ,,E,D,O ,F ,R,G,N,50,0,0,0,1745728,5917383
Auckland,08/08/2014,Fri,1912,FB,CN1C,181A ,,R,W,DO,L ,R,G,C,50,0,0,0,1745728,5917383
Auckland,28/05/2014,Wed,1628,FD,CE1CC,331A ,,R,D,B ,F , , ,P,50,0,0,1,1746622,5918789
Auckland,18/03/2014,Tue,1530,AC,TN1X,184A ,,E,D,O ,F ,T,T,C,50,0,0,0,1746078,5918142
Auckland,06/11/2014,Thu,2240,FD,XN1CC,331A 350A ,,R,D,DO,F , ,N,C,50,0,0,0,1746069,5917790
Auckland,22/08/2014,Fri,720,KA,SW1C,308B 925 ,,R,D,B ,F ,D,G,R,50,0,0,1,1746778,5918821
Auckland,25/06/2014,Wed,220,DB,CS1,103A 410A 801 ,IP,M,W,DO,L ,X,T,R,50,0,0,0,1745733,5917225
Auckland,01/05/2014,Thu,1100,FB,CS1C,181A ,,E,D,BF,F ,X,S,C,50,0,0,0,1745733,5917225
Auckland,10/10/2014,Fri,1307,FB,CS1P,181A 330A ,,E,D,B ,F ,X,T,R,50,0,0,1,1745733,5917225
Auckland,13/09/2014,Sat,2207,DA,CW2,103A 131A 402A ,F,S,W,DO,F ,X,T,C,50,0,0,0,1745733,5917225
Auckland,13/10/2014,Mon,1550,FB,CS1C,181A 350A ,,M,D,B ,F ,M,G,C,50,0,0,1,1745733,5917225
Auckland,18/11/2014,Tue,55,DA,CS1,111A 131A ,FX,M,D,DO,F , ,N,C,50,0,0,1,1745911,5917524
Auckland,05/02/2014,Wed,1810,FD,CW1C,181A ,,R,D,O ,F ,R,G,C,50,0,0,0,1746798,5918824
Auckland,22/08/2014,Fri,730,JA,SW1C,204A 308B 375B 925 ,,R,D,BF,F ,D,N,C,50,0,0,0,1746769,5918819
Auckland,04/12/2014,Thu,1220,CA,CW1E,103A 370A ,,R,D,B ,F , ,N,C,50,0,0,1,1745535,5916996
Auckland,16/04/2014,Wed,1345,JA,CN1C,308B 375B 925 ,,R,D,BF,F ,D, ,P,50,0,0,0,1745724,5917176
Auckland,31/05/2014,Sat,1200,AC,CE1C,372A ,,R,D,BF,F ,R,G,C,50,0,0,0,1745654,5916998
Auckland,31/01/2014,Fri,1638,CB,CW1,137A 402A ,P,R,D,BF,F , ,N,N,50,0,0,0,1744803,5918600
Auckland,07/03/2014,Fri,1515,ND,CN2E,376A ,,R,D,B ,F ,T,S,C,50,0,0,0,1744494,5918643
Auckland,23/09/2014,Tue,2300,MO,CW1C,371A ,M,R,D,DN,F , ,N,C,50,0,0,0,1754546,5919259
Auckland,01/09/2014,Mon,1458,CC,CW14,129A 410A ,M,R,W,OF,L , ,N,N,50,0,0,0,1759420,5924959
Auckland,28/02/2014,Fri,1620,LB,ME1C,303B 375B ,,R,D,O ,F ,T,N,C,50,0,1,0,1749012,5970676
Auckland,03/11/2014,Mon,1520,FC,CE1C,331A ,,M,D,B ,F ,T,G,C,50,0,0,0,1749144,5970617
Auckland,02/11/2014,Sun,1807,DA,MW1C,102A 111A 131A ,M,M,D,O ,F ,T,N,C,50,0,1,0,1756278,5936606
Auckland,25/03/2014,Tue,1414,BE,CW1C,131A 504A ,,E,D,B ,F , , ,C,50,0,0,0,1762076,5914816
Auckland,01/05/2014,Thu,430,BE,CE1T,125A 410A ,,R,D,DO,F , ,N,P,50,0,0,1,1762306,5914832
Auckland,30/07/2014,Wed,1514,FD,CE1C,181A ,,R,D,BF,F , ,N,C,50,0,0,1,1763821,5915070
Auckland,21/11/2014,Fri,1056,GA,CW1C,333A 929 ,,R,D,BF,F ,D,N,C,50,0,0,0,1763851,5915071
Auckland,05/04/2014,Sat,1210,FD,CE1CC,181A ,,R,D,B ,F , ,N,C,50,0,0,0,1763776,5915069