TLANAME,CRASHDATE,CRASHDOW,CRASHTIME,MVMT,VEHICLES,CAUSES,OBJECTSSTRUCK,ROADCURVE,ROADWET,LIGHT,WTHRa,JUNCTYPE,TRAFCTRL,ROADMARK,SPDLIM,CRASHFATALCNT,CRASHSEVCNT,CRASHMINCNT,EASTING,NORTHING
Auckland,14/06/2014,Sat,1855,GA,CW1V,181A 358A 929 ,,R,D,DO,F ,D,N,C,50,0,0,0,1763776,5915069
Auckland,13/11/2014,Thu,1840,FD,CW1CC,331A 350A ,,R,D,O ,F ,T,N,C,50,0,0,1,1762870,5914987
Auckland,19/01/2014,Sun,1420,AC,CW1MC,372A ,,R,D,OF,F ,T,S,C,50,0,0,1,1762850,5914981
Auckland,21/09/2014,Sun,1238,GD,CW1C,331A 350A ,,R,D,OF,L ,T,N,C,50,0,0,1,1762850,5914981
Auckland,10/04/2014,Thu,855,FD,CW1C,181A 358A ,,R,D,OF,F , ,N,C,50,0,0,0,1762157,5914772
Auckland,18/02/2014,Tue,1615,DA,CE1,131A ,C,E,D,B ,F , ,N,C,50,0,0,0,1761990,5914771
Auckland,12/07/2014,Sat,255,DA,CE1,103A 111A 131A ,FG,E,W,DO,L , ,N,P,50,0,0,0,1761980,5914771
Auckland,03/05/2014,Sat,1445,AA,CW1C,372A ,,R,D,BN,F , ,N,C,50,0,0,0,1764889,5914753
Auckland,21/07/2014,Mon,1315,MD,SE1C,204A 330A 371B 927 ,,R,D,B ,F ,D, ,C,50,0,0,1,1764636,5914834
Auckland,19/06/2014,Thu,1325,GC,TE1C,181A 925 ,,R,W,OF,L ,D,N,P,50,0,0,0,1764584,5914851
Auckland,19/01/2014,Sun,100,CC,CE1,110A 400A 691A 817 ,K,R,D,DO,F ,T,T,R,50,0,0,0,1764651,5914829
Auckland,03/04/2014,Thu,2215,LB,CE1B,322A 410A ,,R,W,DO,H ,T,T,R,50,0,0,0,1764651,5914829
Auckland,22/04/2014,Tue,1100,LB,CE1C,303B ,,E,D,O ,F ,T,G,C,50,0,0,0,1763273,5915010
Auckland,24/02/2014,Mon,1120,KA,VE1C,302B 375B ,,R,D,BF,F ,T,G,R,50,0,0,0,1763273,5915010
Auckland,17/03/2014,Mon,1035,CC,CW1,197A ,R,R,D,B ,F , , ,R,50,0,0,0,1764891,5914753
Auckland,05/12/2014,Fri,1456,MG,CW1V,371B 386B ,,R,D,B ,F ,T,N,C,50,0,0,0,1764077,5915014
Auckland,08/05/2014,Thu,1940,KB,CE1C,322A 801 927 ,,R,W,DO,L ,D,T,C,50,0,0,0,1764210,5914970
Auckland,08/01/2014,Wed,740,LB,CE1C,303B 353B ,,R,D,BF,F ,X,T,C,50,0,0,0,1764068,5915017
Auckland,27/07/2014,Sun,1630,LB,4E1C,303B 334B ,,R,D,OF,F ,M,T,C,50,0,0,0,1761787,5914696
Auckland,30/01/2014,Thu,1845,JA,CE1C,322A ,,R,D,BF,F ,X,T,R,50,0,0,0,1761787,5914696
Auckland,24/10/2014,Fri,920,JA,CE1C,322A ,,R,D,BF,F ,X,T,R,50,0,0,0,1761835,5914717
Auckland,29/08/2014,Fri,715,FD,CW1C,331A ,,R,D,O ,F , , ,L,50,0,0,0,1764476,5914884
Auckland,12/04/2014,Sat,1504,LB,CW1C,303B 314B 377B 924 ,,R,D,BN,F ,D,N,R,50,0,0,0,1764524,5914869
Auckland,05/09/2014,Fri,1611,JA,PW14,308B 377B 926 ,,R,W,OF,L ,D,N,C,50,0,0,1,1764562,5914858
Auckland,13/07/2014,Sun,1230,EA,CE1C,129A ,M,R,D,B ,F , , ,R,50,0,0,0,1764619,5914840
Auckland,05/08/2014,Tue,1827,LB,CW1C,322A 334A ,,R,D,DO,F ,T,T,C,50,0,0,0,1764428,5914898
Auckland,08/11/2014,Sat,1210,GD,CE1C,410A 420A ,,R,D,B ,F ,T,T,C,50,0,0,0,1764428,5914898
Auckland,18/12/2014,Thu,852,AA,CE1V,333A ,,R,W,OF,L , ,T,C,50,0,0,0,1764319,5914933
Auckland,14/09/2014,Sun,2200,KA,VE1C,302B 375B ,,R,D,DO,F ,T,G,C,50,0,0,0,1764305,5914937
Auckland,28/04/2014,Mon,1850,KB,CW1C,301B 375B ,,E,W,DO,F ,X,S,C,50,0,0,0,1763017,5915001
Auckland,26/04/2014,Sat,1500,KA,CW1C,303B ,,R,D,O ,F ,T,T,C,70,0,0,0,1761737,5914674
Auckland,16/06/2014,Mon,1736,FB,CE1C,331A 901 ,,R,W,OO,H ,T,G,C,50,0,0,0,1754769,5929669
Auckland,19/04/2014,Sat,701,DA,CS1,110A 131A ,T,E,W,DN,F ,T,G,R,50,0,0,0,1754774,5929671
Auckland,03/12/2014,Wed,818,GB,CE1TC,158A 181A 333A 387A 179B 372B 839 929+,M,R,D,B ,F ,D,N,P,50,0,0,0,1754506,5929652
Auckland,19/03/2014,Wed,1953,EA,CS1C,129A 197A 351A ,M,E,D,DO,F , , ,C,50,0,0,0,1771768,5895305
Auckland,13/04/2014,Sun,930,FD,XS1V,181A 331A ,,R,D,BF,F ,X,T,C,50,0,0,0,1771759,5895206
Auckland,02/03/2014,Sun,1550,BF,CE2C,136A 621A ,I,R,D,BF,F ,R,G,R,50,0,0,1,1759016,5912189
Auckland,16/12/2014,Tue,637,LB,CN2V,200B 303B ,,R,D,O ,F ,X,T,C,50,0,0,1,1772561,5896382
Auckland,30/11/2014,Sun,1415,EA,CW1T,501A ,M,R,D,O ,F , , ,C,50,0,0,0,1771668,5914336
Auckland,02/03/2014,Sun,1830,EA,4S1C,103A 341A ,M,R,D,BF,F , ,N,C,50,0,0,1,1771792,5895940
Auckland,23/08/2014,Sat,1700,DB,CW1,111A 131A 433A 927 ,FK,E,D,B ,F ,D, ,C,50,0,0,0,1772119,5896127
Auckland,04/03/2014,Tue,820,GD,CN1C,181A 333A ,,R,W,OF,F ,T,G,C,50,0,0,0,1771735,5895430
Auckland,13/09/2014,Sat,2311,DB,4S1,103A 131A 402A 801 ,T,M,W,DO,L , , ,C,50,0,0,0,1771546,5914391
Auckland,21/09/2014,Sun,123,BF,CS1C,111A 131A ,K,E,D,DO,F , , ,C,50,0,0,0,1771456,5914433
Auckland,29/11/2014,Sat,1150,CB,CE1CC,501A ,MM,R,D,BF,F ,T,G,C,50,0,0,0,1772431,5896308
Auckland,28/02/2014,Fri,1630,JC,CS2C,301A 375A ,,E,D,BF,F ,X,S,C,50,0,0,0,1772423,5896303
Auckland,28/06/2014,Sat,1140,MD,CS1C,371B 929 ,,R,D,B ,F ,D,N,C,50,0,0,0,1753465,5913094
Auckland,15/09/2014,Mon,1520,MO,CS1,103A 926 ,F,R,D,B ,F ,D,N,C,50,0,0,0,1754548,5876683
Auckland,06/12/2014,Sat,807,NA,SS1E,711B 725B ,,E,D,OF,F , ,N,C,50,0,1,1,1766436,5917428
Auckland,29/07/2014,Tue,2035,HA,CS1M,302A 375A ,,R,D,DO,F ,R,G,R,50,0,0,0,1766338,5917009
Auckland,12/03/2014,Wed,1315,MA,CN1V,371B ,,R,D,BF,F , ,N,C,50,0,0,0,1757798,5920654
Auckland,01/11/2014,Sat,1645,FA,4S14,181A 331A 402A 352B ,,E,D,B ,F , , ,N,50,0,0,0,1769876,5898354
Auckland,11/06/2014,Wed,1903,MF,CN1C,371B ,,R,W,DO,F ,T,N,C,50,0,0,0,1757091,5918237
Auckland,23/09/2014,Tue,1250,EA,TE1C,129A ,M,R,D,BF,F , ,N,N,50,0,0,0,1757245,5918173
Auckland,03/09/2014,Wed,2215,MO,CN1C,371A 308B 375B 929 ,,R,W,DO,L ,D,N,N,50,0,0,0,1768649,5913017
Auckland,03/01/2014,Fri,1248,DA,400,131A 504A ,T,R,D,BN,F ,T,N,N,50,0,0,1,1760969,5908342
Auckland,02/07/2014,Wed,1123,DB,CN2,131A 801 ,FT,S,W,O ,L ,T,G,C,50,0,0,0,1745754,5918545
Auckland,16/08/2014,Sat,1450,MG,TS1C,371B ,,R,D,O ,F ,T,G,C,40,0,0,0,1765572,5906866
Auckland,14/08/2014,Thu,1250,DB,CW2,111A 131A ,T,R,W,O ,L ,X,S,C,50,0,0,0,1766160,5916256
Auckland,16/10/2014,Thu,1702,JA,CW14,308B 378B 929 ,,E,D,O ,F ,D,N,C,50,0,0,0,1753769,5926012
Auckland,17/09/2014,Wed,21,DA,CS2,103A 111A 131A ,F,M,W,DO,F ,T,T,C,50,0,0,0,1753789,5926015
Auckland,12/01/2014,Sun,524,DB,4S1,131A 410A ,F,E,D,DO,F ,T,G,R,50,0,0,0,1753317,5925964
Auckland,05/06/2014,Thu,740,KA,SW1C,302B ,,E,D,B ,F ,R,G,C,50,0,0,0,1752324,5926698
Auckland,20/01/2014,Mon,1233,DA,40,111A 131A 407A 801 ,C,E,W,O ,L ,T,G,C,50,0,0,2,1752888,5926290
Auckland,16/03/2014,Sun,733,DB,CS1,111A 131A ,G,M,W,BF,F , ,N,N,80,0,0,0,1757183,5925940
Auckland,19/12/2014,Fri,815,FD,4W1C,181A 423A ,,R,D,B ,F , , ,R,60,0,0,1,1757597,5926275
Auckland,10/11/2014,Mon,1555,GD,CW1C,110A 181A 191B ,,R,D,B ,F ,T,T,R,50,0,0,1,1757560,5926261
Auckland,13/04/2014,Sun,2050,LB,CN1C,303B 323B 334B ,,R,D,DO,F ,M,T,C,50,0,0,0,1757560,5926261
Auckland,26/03/2014,Wed,1941,LB,CE1C,322A ,,E,D,DO,F ,T,T,R,50,0,0,0,1757560,5926261
Auckland,10/11/2014,Mon,1600,LB,CE1C,322A ,,R,D,OF,F ,T,T,R,50,0,0,0,1757560,5926261
Auckland,08/03/2014,Sat,1740,FD,CW1C,181A 512A ,,R,D,B ,F , , ,R,50,0,0,0,1757724,5926306
Auckland,28/04/2014,Mon,1130,FE,CE1C,181A ,,R,D,BF,F ,T,T,C,50,0,0,0,1758195,5926451
Auckland,23/06/2014,Mon,1730,FD,CE1CC,181A 351A 181B ,,R,D,DO,F , , ,C,50,0,0,0,1758152,5926424
Auckland,07/02/2014,Fri,2042,FE,CW1C,331A 350A 645A 901 ,,R,W,DO,H ,T,T,C,50,0,0,0,1757485,5926211
Auckland,01/02/2014,Sat,1044,FD,CW1C4C,181A 181B ,,R,D,B ,F , , ,R,60,0,0,2,1757493,5926217
Auckland,09/03/2014,Sun,1753,FE,CW1C,112A 334A ,,R,D,B ,F ,M,T,C,60,0,0,0,1757481,5926208
Auckland,13/12/2014,Sat,1929,FE,CW1C,331A 359A ,,R,W,OF,L ,T,T,R,50,0,0,1,1757481,5926208
Auckland,18/10/2014,Sat,1227,FE,VS1C,112A 331A 355A 801 ,,R,W,O ,L ,T,T,C,60,0,0,1,1757481,5926208
Auckland,31/05/2014,Sat,1320,LB,CE1C,303B 323B ,,R,D,BF,F ,T,T,R,50,0,0,0,1757481,5926208
Auckland,23/03/2014,Sun,134,AO,XE1X,351A 525A ,,R,D,DO,F ,X,T,C,50,0,0,0,1757481,5926208
Auckland,30/04/2014,Wed,2230,JA,CW1C,322A ,,R,D,DO,F ,T,T,C,50,0,0,0,1757481,5926208
Auckland,30/07/2014,Wed,1041,FE,CW1C,181A ,,R,D,BF,F ,T,T,C,50,0,0,0,1757481,5926208
Auckland,23/10/2014,Thu,2142,KB,CS1C,322A 334A ,,E,D,DO,F ,T,T,C,50,0,0,0,1757481,5926208
Auckland,12/06/2014,Thu,1217,FE,CW1C,331A 350A ,,R,D,BF,F ,T,T,C,50,0,0,0,1757481,5926208
Auckland,18/11/2014,Tue,2118,DB,VN2,111A 131A ,IKS,E,D,DO,F ,T,T,R,50,0,0,0,1758415,5926590
Auckland,12/11/2014,Wed,1822,DB,VN2,111A 131A ,,M,D,OF,F ,T,T,C,50,0,0,0,1758415,5926590
Auckland,06/06/2014,Fri,830,JA,CN14,308B 377B 839 930 ,,R,W,O ,F ,D, ,R,50,0,0,1,1756860,5917759
Auckland,09/08/2014,Sat,340,CA,CE1,103A 130A ,C,R,W,DO,F , ,N,N,50,0,0,1,1766134,5898243
Auckland,18/05/2014,Sun,2130,EA,CE1C,129A ,M,R,D,DO,F , ,N,N,50,0,0,0,1771066,5915810
Auckland,04/01/2014,Sat,1140,DB,CS1,101A 134A ,T,M,D,O ,F , ,N,C,50,0,0,0,1765710,5898961
Auckland,28/05/2014,Wed,1735,FF,CE1T,181A ,,E,D,DO,F , ,N,C,50,0,0,0,1765632,5898921
Auckland,29/07/2014,Tue,46,DA,CE1V4,111A 131A 517A ,HM,E,D,DO,F , , ,C,50,0,0,0,1765853,5899013
Auckland,29/06/2014,Sun,1220,QG,CS14,665A 666A 682A ,,M,D,B ,F , , ,C,50,0,0,1,1769059,5902943
Auckland,09/08/2014,Sat,2212,DB,CN1C,131A 358A ,MT,E,D,DO,F ,T,G,C,50,0,1,0,1768952,5902822
Auckland,01/01/2014,Wed,2327,EA,CE1C,129A 357A ,M,R,D,DO,F , ,N,C,50,0,0,0,1747459,5913349
Auckland,05/12/2014,Fri,1039,CB,4S1,101A 129A ,C,R,D,BN,F , ,N,N,100,0,1,0,1724202,5942714
Auckland,17/02/2014,Mon,1130,EA,TS1C,129A 386A ,M,E,D,O ,F , ,N,C,50,0,0,0,1768853,5903177
Auckland,08/06/2014,Sun,1400,DB,CS1C,134A 410A ,M,R,D,B ,F ,T,N,C,50,0,0,0,1768883,5903129
Auckland,19/12/2014,Fri,1423,CC,4S1CC,102A 410A ,HM,R,D,B ,F ,T,G,C,50,0,0,2,1768570,5903666
Auckland,16/09/2014,Tue,1100,EA,CS1V,129A ,M,R,W,OF,L , ,N,C,50,0,0,0,1768812,5904083
Auckland,28/07/2014,Mon,907,JC,CN1C,302B 330B ,,M,D,B ,F ,T,G,C,50,0,0,0,1768832,5904261
Auckland,26/11/2014,Wed,630,FE,CN1C,331A ,,R,D,O ,F ,X,T,C,50,0,0,0,1768752,5904537
Auckland,13/06/2014,Fri,1630,LB,CN1C,303B 929 ,,R,D,B ,F ,D,N,C,50,0,0,0,1768772,5904449
Auckland,05/03/2014,Wed,1930,NA,CS1K,713B ,,R,D,TF,F ,X,T,C,50,0,0,1,1768750,5904546
Auckland,09/11/2014,Sun,1824,DA,CE2,111A 131A ,X,R,D,B ,F ,T,S,N,50,0,0,0,1766815,5907334
Auckland,29/03/2014,Sat,421,EA,CN14,103A 386A ,M,R,D,DO,F ,X,G,N,50,0,0,0,1759081,5925335
Auckland,15/11/2014,Sat,1045,MO,CS1C,386A ,M,R,D,O ,FS, , ,N,50,0,0,0,1759148,5925433
Auckland,29/04/2014,Tue,1720,EA,VS1C,129A ,M,E,D,O ,F , , ,N,50,0,0,0,1763114,5908105
Auckland,10/03/2014,Mon,1659,MO,CE14,371A ,M,R,D,B ,F , ,N,C,50,0,0,0,1760174,5922937
Auckland,06/12/2014,Sat,308,EA,CE1C,103A 129A ,M,R,D,DO,F , ,N,N,50,0,0,0,1752029,5912536
Auckland,22/10/2014,Wed,1835,JA,VE1C,302B 375B ,,R,D,O ,F ,T,G,C,50,0,0,0,1755705,5925551
Auckland,22/08/2014,Fri,1715,GE,CW1C,160A 333A ,,R,D,OF,F ,Y,G,C,50,0,0,0,1755705,5925551
Auckland,14/01/2014,Tue,1658,EA,CW1C,129A ,FM,R,D,OF,F , ,N,C,50,0,0,0,1756359,5925263
Auckland,01/10/2014,Wed,1645,EC,CE1,129A 402A ,X,R,D,B ,F , , ,C,50,0,0,0,1756350,5925267
Auckland,02/12/2014,Tue,840,AB,CS1C,153A 377A 839 ,,R,D,BF,F , ,N,C,50,0,0,0,1756752,5918592
Auckland,15/03/2014,Sat,1150,MD,CS1C,371B 929 ,,R,W,BF,L ,D,N,N,50,0,0,0,1756814,5918811
Auckland,31/05/2014,Sat,1540,DC,CE1,405A 407A 423A ,P,E,D,B ,F ,T,N,N,70,0,0,0,1767194,5880484
Auckland,11/04/2014,Fri,1540,AO,BW1V,381A 671A ,,R, , F,  ,T,G,C,50,0,0,0,1764361,5909335
Auckland,03/11/2014,Mon,825,MO,CS1C,308B 377B 930 ,,R,D,O ,F ,D,G,C,50,0,0,1,1744883,5918590
Auckland,08/04/2014,Tue,1200,BA,CS1C,357A 512A ,,R,D,B ,F , ,N,C,50,0,0,0,1753086,5935153
Auckland,05/02/2014,Wed,1945,JA,MS1C,102A 302B ,,M,D,O ,F ,T,G,N,50,0,0,1,1783712,5923620
Auckland,20/11/2014,Thu,700,DB,CW1C,131A 402A 404A ,FHX,R,D,B ,F ,T,G,C,50,0,0,0,1765144,5905382
Auckland,27/09/2014,Sat,1130,AO,BE1C,125A 818 ,M,R,D,BF,F , ,N,N,50,0,0,0,1762889,5918066
Auckland,27/11/2014,Thu,504,AC,CE1C,112A 159A 514A ,,R,D,DO,F , ,N,R,80,0,0,0,1756390,5920847
Auckland,13/06/2014,Fri,740,FE,CE1C,181A 331A ,,R,D,O ,F ,T,T,C,50,0,0,0,1756373,5920853
Auckland,08/11/2014,Sat,31,CC,CE1,129A 353A ,IPS,R,D,DO,F , ,N,R,50,0,1,0,1756364,5920856
Auckland,11/03/2014,Tue,2230,LB,BE1C,303B ,,M,D,DO,F ,T,T,C,50,0,0,0,1756392,5920846
Auckland,05/02/2014,Wed,1739,FE,CW1CC,331A 353A ,,R,D,B ,F ,X,T,R,50,0,0,2,1756610,5920757
Auckland,19/03/2014,Wed,913,GF,CE1C,171A ,,M,D,O ,F ,M,T,N,50,0,0,0,1756608,5920771
Auckland,26/09/2014,Fri,2353,LB,CW1C,303B 375B ,,R,D,DO,F ,X,T,C,50,0,0,0,1756610,5920757
Auckland,01/11/2014,Sat,1332,HA,XW1C,322B ,,R, , F,  ,T,T,C,50,0,0,0,1757210,5920927
Auckland,20/06/2014,Fri,2150,HA,CW1X,322A ,,R,D,DO,F ,M,T,C,50,0,0,0,1757210,5920927
Auckland,25/07/2014,Fri,2245,FE,CW1C,181A 330A ,,R,W,DO,F ,M,T,L,50,0,0,0,1757017,5920824
Auckland,17/07/2014,Thu,1111,FE,VE1C,331A 423A ,,R,D,B ,F ,X,T,R,50,0,0,1,1757017,5920824
Auckland,11/04/2014,Fri,730,AA,BE1C,372A 671A ,,R,D,OF,F , ,N,C,50,0,0,0,1756875,5920796
Auckland,09/10/2014,Thu,1250,KA,CE1C,308B 927 ,,R,D,B ,F ,D, ,C,50,0,0,0,1752377,5917285
Auckland,29/04/2014,Tue,1750,NA,CN1E,377A 713B 727B ,,R,D,DO,F , , ,C,50,0,0,1,1762301,5908174
Auckland,19/10/2014,Sun,2028,EA,CE1CC,129A ,MM,R,D,DO,F , ,N,C,50,0,0,0,1762330,5908222
Auckland,30/11/2014,Sun,802,CB,CS1,103A 130A ,P,R,D,BF,F ,T,G,C,50,0,0,0,1765644,5917735
Auckland,01/10/2014,Wed,1630,MO,CN1C,371A 386A 926 ,M,R,D,O ,F , ,N,C,50,0,0,0,1765939,5917429
Auckland,10/03/2014,Mon,1107,CB,CW1C,414A ,M,R,D,BF,F , ,N,C,50,0,0,1,1760720,5909077
Auckland,31/03/2014,Mon,1720,JA,CW14,302B 353B 377B ,,R,D,BF,F ,T,G,C,60,0,0,0,1761068,5909256
Auckland,12/06/2014,Thu,715,JA,CW1V,302B 377B ,,R,W,O ,F ,T,G,C,60,0,0,0,1761068,5909256
Auckland,09/05/2014,Fri,1311,KA,4W1C,308B 377B 402B 839 929 ,,M,D,B ,F ,D, ,C,60,0,0,0,1761339,5909353
Auckland,24/07/2014,Thu,1640,JA,CE1C,302B ,,E,D,TF,F ,T,G,C,50,0,0,0,1761427,5909373
Auckland,18/06/2014,Wed,1450,AA,CW1V,357A 372A ,,R,D,BF,F , ,N,C,60,0,0,0,1760479,5908931
Auckland,28/01/2014,Tue,145,DB,CS1,103A ,P,M,D,DO,F ,T,N,N,50,0,0,0,1768206,5907347
Auckland,26/10/2014,Sun,2350,NA,CN1E,376A ,,R,D,DN,F , ,N,N,50,0,0,1,1757154,5920530
Auckland,07/05/2014,Wed,2130,FE,CN1C,181A 331A ,,R,D,DO,F ,T,T,N,50,0,0,0,1757142,5920497
Auckland,05/07/2014,Sat,15,FE,CN1C,181A ,,R,D,DO,F , ,T,C,50,0,0,0,1757140,5920493
Auckland,20/07/2014,Sun,920,MO,VN1C,427A 927 ,M,R,D,B ,F ,D,N,N,50,0,0,0,1757038,5920213
Auckland,21/01/2014,Tue,1800,NB,CN1E,712B 713B ,,R,D,TF,F ,X,G,C,50,0,0,1,1765897,5901158
Auckland,12/03/2014,Wed,2220,CB,CS1C,514A 517A ,FM,R,D,DO,F , ,N,N,50,0,0,0,1764996,5916817
Auckland,09/11/2014,Sun,1700,EA,CE1C,129A ,M,R,D,B ,F , , ,C,50,0,0,0,1764591,5917724
Auckland,11/04/2014,Fri,1345,HA,CS2C,302A 370A 801 ,,M,W,O ,L ,R,G,C,50,0,0,2,1772126,5914949
Auckland,15/09/2014,Mon,1400,KB,CN1C,308B 375B 929 ,,R,D,B ,F ,D, ,N,50,0,0,0,1750052,5948052
Auckland,04/04/2014,Fri,1300,FA,VN1C,181A 353A ,,R,D,B ,F , ,N,C,50,0,0,0,1767472,5907547
Auckland,10/01/2014,Fri,630,JC,4E2C,302A ,,R,D,O ,F ,T,G, ,50,0,0,0,1763479,5905531
Auckland,30/01/2014,Thu,815,EA,CE14,205B 444B ,M,E,D,O ,F ,T,N,N,50,0,0,0,1763765,5905118
Auckland,19/07/2014,Sat,1750,GE,CS1C,157A 160A ,,R,D,DO,F ,T,N,C,50,0,0,0,1763765,5905118
Auckland,26/12/2014,Fri,2115,GB,CN1C,387A 929 ,,R,D,OF,F ,D,N,C,50,0,0,0,1763594,5905428
Auckland,29/06/2014,Sun,930,FF,CN1M,132A ,,R,D,BF,F , ,N,C,50,0,0,0,1743559,5923795
Auckland,03/12/2014,Wed,1404,MO,CS1C,371A ,M,R,D,B ,F ,R,G,C,50,0,0,0,1743692,5923588
Auckland,11/04/2014,Fri,1059,HA,CS14,321B 355B ,,R,D,O ,F ,X,S,C,50,0,0,1,1757631,5920566
Auckland,18/09/2014,Thu,1130,MC,CN1C,372B 381B ,,R,W,B ,F ,T,N,N,50,0,0,0,1768892,5899424
Auckland,15/03/2014,Sat,55,DA,VS2C,101A 131A 801 ,M,E,W,DO,L ,T,N,N,50,0,0,0,1772233,5898419
Auckland,24/12/2014,Wed,1830,EA,CN1C,386A ,M,E,D,B ,F , ,N,C,70,0,0,0,1755239,5936114
Auckland,18/04/2014,Fri,521,CB,CN1C,103A 112A 130A ,HX,R,D,DO,F , , ,C,50,0,0,1,1765223,5900836
Auckland,25/07/2014,Fri,1750,FB,CS1C,181A ,,R,W,BF,L ,R,G,R,50,0,0,0,1765454,5899420
Auckland,14/12/2014,Sun,630,DB,CN1,103A 110A 131A 901 ,F,E,W,DO,H , , ,C,50,0,0,0,1765465,5899946
Auckland,19/08/2014,Tue,740,GF,TN1C,671A ,,R,D,BF,F ,T,S,C,50,0,0,0,1773103,5891785
Auckland,15/05/2014,Thu,1214,GB,SN1C,175B 370B 929 ,,R,D,B ,F ,D, ,C,50,0,0,1,1767606,5914852
Auckland,20/06/2014,Fri,1000,JA,CS1C,302A 375A ,,R,D,BF,F ,T,G,C,50,0,0,0,1767305,5914337
Auckland,28/05/2014,Wed,1600,FD,4E1C,181A ,,R,D,BN,F , ,N,C,80,0,0,1,1775232,5889889
Auckland,21/05/2014,Wed,920,LB,CS1C,303B 382B ,,R,D,OF,F ,T,G,C,50,0,0,1,1746674,5919162
Auckland,08/08/2014,Fri,815,KA,CS1C,302B 386B ,,E,D,B ,F ,R,G,R,50,0,0,0,1746828,5918838
Auckland,11/11/2014,Tue,1056,JA,CN1C,101B 301B 330B ,,R,D,B ,F ,T,S,C,50,0,0,2,1746697,5919103
Auckland,16/03/2014,Sun,1249,HA,4N2C,302A 375A ,,R,D,OF,L ,X,G,C,50,0,0,0,1767901,5906152
Auckland,12/04/2014,Sat,2233,GD,TE1V,103A 331A ,,R,D,DO,F ,T,N,C,50,0,0,1,1768345,5906128
Auckland,09/05/2014,Fri,1740,LB,SE1C,303B 375B ,,R,D,DO,F ,T,G,C,50,0,0,0,1767494,5906223
Auckland,28/02/2014,Fri,2225,DB,CW1,111A 350A ,S,R,W,DO,L ,R,G,R,50,0,0,0,1770285,5906365
Auckland,01/10/2014,Wed,1320,CB,CW1,129A 358A ,V,R,D,B ,F , ,N,C,100,0,0,0,1772315,5905816
Auckland,28/01/2014,Tue,230,EA,CS1CC,103A ,MM,E,D,DO,F ,T,N,C,50,0,0,0,1756557,5918819
Auckland,09/05/2014,Fri,1650,JO,SE1C,204A 301B ,,R,W,O ,F ,X,S,C,50,0,0,0,1756583,5918905
Auckland,23/03/2014,Sun,110,CB,CS1,103A 130A ,K,R,D,DO,F ,T,G,C,50,0,0,0,1769376,5900917
Auckland,20/06/2014,Fri,1340,JA,CW1C,308B 925 ,,R,D,O ,F ,D, ,C,50,0,0,0,1751599,5949797
Auckland,10/08/2014,Sun,1040,MD,CN1C,308B 929 ,,R,D,OF,F ,D,N,C,50,0,0,0,1756889,5918478
Auckland,27/11/2014,Thu,1308,DB,CS1,111A 131A ,C,M,D,B ,F ,T,S,C,100,0,0,0,1748854,5936290
Auckland,24/05/2014,Sat,1842,EC,VN1,103A 385A 402A 927 ,X,R,D,DO,F ,D, ,N,50,0,0,1,1749808,5916295
Auckland,27/01/2014,Mon,2340,CA,SW1,105A 109A 350A ,,R,W,DO,F , ,N,N,50,1,0,0,1767798,5914658
Auckland,02/05/2014,Fri,1800,DB,CE1,131A 402A ,F,M,D,DN,F , ,N,N,80,0,0,0,1724110,5940203
Auckland,13/09/2014,Sat,1600,DB,CN1V,197A ,M,E,W,O ,L ,R,G,R,50,0,0,0,1744238,5915326
Auckland,23/11/2014,Sun,1240,FF,CN1C,428B 521B ,,R,D,BF,F ,X,G,R,50,0,0,0,1744336,5915706
Auckland,31/03/2014,Mon,2115,FB,CN1C,181A ,,R,D,DO,F ,R,G,R,50,0,0,0,1744335,5915701
Auckland,07/02/2014,Fri,2237,DB,CN1,103A 111A ,FS,M,W,DN,L , ,N,C,50,0,0,0,1743304,5914052
Auckland,03/03/2014,Mon,1000,DB,TE1,111A 131A ,FV,S,W,ON,L , ,N,N,80,0,0,0,1743648,5914520
Auckland,15/05/2014,Thu,919,DA,CN2,131A ,F,E,D,B ,F ,R,G,R,50,0,0,0,1743927,5914980
Auckland,29/12/2014,Mon,1800,HA,CS2C,302A 375A ,,R,D,BF,F ,R,G,C,50,0,0,0,1743921,5914979
Auckland,21/05/2014,Wed,1742,PO,VN1E,129A 205A ,,R,W,DO,L ,T,N,P,50,1,0,0,1756161,5929082
Auckland,01/05/2014,Thu,1715,MA,CS1CC,373B ,,R,D,TF,F , , ,P,50,0,0,0,1756012,5929576
Auckland,19/06/2014,Thu,1530,GD,CN1C,331A 352A 929 ,,R,D,BF,F ,D,N,C,50,0,0,0,1756018,5929636
Auckland,21/10/2014,Tue,835,KB,CS1C,302B ,,R,D,B ,F ,T,G,C,50,0,0,0,1756008,5929536
Auckland,23/05/2014,Fri,820,JA,CN14,302B 377B ,,M,D,B ,F ,T,G,C,50,0,0,0,1756008,5929536
Auckland,20/05/2014,Tue,1330,KA,CW2C,302B 386B 502B ,,R,D,B ,F ,R,G,R,50,0,0,0,1763710,5907700
Auckland,29/07/2014,Tue,825,JA,CS1C,302B 387B ,,R,D,BF,F ,T,G,C,50,0,0,0,1756175,5929042
Auckland,19/07/2014,Sat,1630,AA,CS1C,170A 801 ,,R,W,O ,L ,T,T,C,50,0,0,0,1756175,5929042
Auckland,24/06/2014,Tue,1330,HA,CW2C,302A 375A 929 ,,R,D,O ,F ,D,G,C,50,0,0,1,1756184,5928162
Auckland,10/01/2014,Fri,1205,DA,CS1,130A 359A 929 ,T,R,D,BF,F ,D,N,C,50,0,0,0,1756043,5929873
Auckland,13/06/2014,Fri,1000,GD,CN1C,181A 331A ,,R,D,B ,F ,T,G,C,50,0,0,0,1756061,5929971
Auckland,22/04/2014,Tue,858,LB,CS1C,303B 314B 377B ,,R,D,BF,F ,T,G,C,50,0,0,0,1756069,5929361
Auckland,23/10/2014,Thu,1630,EE,4S1C,129A ,M,R,D,O ,F , , ,C,50,0,0,0,1756087,5929305
Auckland,05/11/2014,Wed,846,FD,CS1CC,181A 331A 402A 801 ,,R,W,O ,L , , ,P,50,0,0,0,1756087,5929305
Auckland,14/08/2014,Thu,1053,MD,CN1T,371B 929 ,,R,W,O ,F ,D,N,L,50,0,0,0,1756125,5929191
Auckland,25/07/2014,Fri,1150,JA,CN1C,301B 377B 839 ,,R,D,BF,F ,T,S,C,50,0,0,0,1764345,5909404
Auckland,15/09/2014,Mon,846,KB,VW14,375B ,,R,D,B ,F ,T,G,C,50,0,0,0,1757589,5920741
Auckland,01/04/2014,Tue,822,GF,CW1C,129A 386A ,,R,D,O ,F ,R,G,R,50,0,0,0,1769053,5914793
Auckland,31/08/2014,Sun,940,DA,CE2,131A 801 ,P,R,W,O ,L ,R,G,R,50,0,0,0,1769032,5914792