TLANAME,CRASHDATE,CRASHDOW,CRASHTIME,MVMT,VEHICLES,CAUSES,OBJECTSSTRUCK,ROADCURVE,ROADWET,LIGHT,WTHRa,JUNCTYPE,TRAFCTRL,ROADMARK,SPDLIM,CRASHFATALCNT,CRASHSEVCNT,CRASHMINCNT,EASTING,NORTHING
Auckland,30/04/2014,Wed,1215,GB,CN1C,150B 175B 929 ,,R,D,B ,F ,D,N,C,50,0,0,0,1769061,5914729
Auckland,17/02/2014,Mon,334,DB,CS1,102A 131A 412A ,V,E,W,DN,F , , ,C,80,0,0,0,1734921,5928895
Auckland,28/10/2014,Tue,1002,JA,4W1C,308B 330B 927 ,,R,D,O ,F ,D,N,C,50,0,0,0,1750338,5945677
Auckland,02/11/2014,Sun,1000,EA,CE1C,129A ,M,R,D,BN,F , ,N,N,50,0,0,0,1754868,5918172
Auckland,13/11/2014,Thu,1330,EB,CN1C,197A ,M,R,W,OF,H , ,N,C,50,0,0,0,1754389,5916146
Auckland,21/07/2014,Mon,930,JA,CN1C,321B ,,R,D,B ,F ,T,S,R,50,0,0,0,1754426,5916277
Auckland,09/11/2014,Sun,2353,CC,CE1VC,410A ,M,R,D,DO,F , , ,N,50,0,0,1,1758455,5925668
Auckland,16/12/2014,Tue,945,BF,CS1C,133B 433B 517B 903 ,K,M,D,B ,FS,T,G,N,50,0,0,0,1769416,5906778
Auckland,15/03/2014,Sat,655,HA,CW2C,302A 375A ,,R,W,DO,F ,T,G,C,50,0,0,0,1765178,5910082
Auckland,25/12/2014,Thu,2146,MO,CN1C,103A 357A 512A 929 ,M,R,D,DO,F ,D,N,N,50,0,0,0,1765236,5909837
Auckland,22/03/2014,Sat,2222,GA,CS14,103A 181A 331A 402A ,,R,D,DO,F ,X,T,C,50,0,0,0,1765129,5910299
Auckland,24/03/2014,Mon,745,HA,CS1C,301A ,,M,D,B ,F ,M,S,C,50,0,0,0,1780529,5926732
Auckland,18/12/2014,Thu,2035,FC,CN1C,181A ,,R,D,DO,F ,X,G,X,50,0,0,0,1756093,5920336
Auckland,26/08/2014,Tue,1613,HA,CS2C,103A 302A 330A ,,R,D,O ,F ,X,G,C,50,0,0,0,1756093,5920336
Auckland,03/06/2014,Tue,1940,FE,CW1C,181A ,,M,D,DO,F ,T,T,P,50,0,0,0,1755608,5919957
Auckland,28/11/2014,Fri,2121,LB,4S1C,303B ,,R,D,DO,F ,T,G,P,50,0,0,0,1755922,5920179
Auckland,14/12/2014,Sun,450,DA,CN2,111A 131A 801 ,P,M,W,DO,H ,T,N,N,50,0,0,0,1767001,5908581
Auckland,23/06/2014,Mon,2230,EA,CE1C,386A ,M,R,D,DO,F , ,N,C,50,0,0,0,1768429,5915121
Auckland,11/11/2014,Tue,710,FD,CS1CC,181A 331A ,,R,D,B ,F , , ,C,80,0,0,1,1743168,5923835
Auckland,14/07/2014,Mon,1615,GA,CN1C,333A 350A 929 ,,R,D,BF,F ,D,N,L,50,0,0,0,1743029,5923978
Auckland,19/03/2014,Wed,1630,AO,TW1C,381A 671A ,,M,D,OF,F ,R,G,R,50,0,0,0,1743369,5923725
Auckland,11/02/2014,Tue,1618,LB,4N1CC,193B 303B 929 ,M,R,D,B ,F ,D,N,C,80,0,0,1,1742855,5924174
Auckland,19/05/2014,Mon,1930,GB,TN1C,387A 142B 175B 351B 355B 402B ,,R,D,DO,F ,T,G,L,80,0,0,1,1742924,5924102
Auckland,04/02/2014,Tue,1620,FD,CW1C,181A 330A 927 ,,R,D,B ,F , ,N,C,80,0,0,0,1743597,5923832
Auckland,15/09/2014,Mon,625,FD,4N1C,181A 330A 132B ,,R,D,O ,F , ,N,C,80,0,0,0,1742442,5925905
Auckland,10/12/2014,Wed,520,CB,CN1,137A ,P,R,D,TF,F , , ,C,80,0,0,0,1742438,5925945
Auckland,05/04/2014,Sat,1440,AC,CN1C,357A 372A 357B ,,R,D,B ,F , ,N,R,50,0,0,0,1742384,5926437
Auckland,21/02/2014,Fri,1527,MC,CN1C,372B ,,E,D,BF,F ,T,T,C,50,0,0,0,1757230,5926946
Auckland,16/05/2014,Fri,1354,MO,CW1C,111A 386A 514A 517A ,,E,D,B ,F , , ,C,50,0,0,0,1757182,5912072
Auckland,28/01/2014,Tue,1630,MO,CN1,423A 929 ,F,E,D,B ,F ,D,N,C,50,0,0,0,1754502,5913467
Auckland,25/01/2014,Sat,1745,JA,SS1C,103B 308B 375B 926 ,,R,D,BF,F ,D,N,R,50,0,0,1,1767182,5904897
Auckland,29/07/2014,Tue,1000,MO,CW1C,371A 926 ,M,R,D,BF,F , ,N,N,50,0,0,0,1767119,5904906
Auckland,22/03/2014,Sat,2210,EA,VW1CC,103A 512A 514A ,M,M,D,DO,F , ,N,C,50,0,0,0,1754722,5914929
Auckland,19/02/2014,Wed,1236,GC,CN1C,372B ,,R,D,B ,F ,T,G,R,50,0,0,0,1768062,5899389
Auckland,29/10/2014,Wed,1740,EC,CS1,129A 350A ,I,R,D,B ,F , , ,R,50,0,0,0,1767959,5899627
Auckland,05/08/2014,Tue,1650,LB,CN1C,303B 375B ,,R,D,OF,F ,T,G,R,50,0,0,0,1767922,5899701
Auckland,20/11/2014,Thu,730,FA,CS1C,350A 402A 929 ,,R,D,O ,F ,D,N,L,50,0,0,0,1767692,5900211
Auckland,27/05/2014,Tue,1121,EA,CN1C,129A ,M,R,D,B ,F , , ,C,50,0,0,0,1767763,5900046
Auckland,24/02/2014,Mon,744,EA,PE1C,129A 363A 902 ,M,R,D,BF,F , ,N,C,50,0,0,1,1761036,5906515
Auckland,10/12/2014,Wed,1505,MC,VW1C,372B ,,R,D,OF,F , ,N,C,50,0,0,0,1760910,5906549
Auckland,09/04/2014,Wed,745,FB,CS1C,181A ,,R,D,BF,F ,X,S,C,50,0,0,0,1761324,5906206
Auckland,06/08/2014,Wed,740,EA,CS1C,112A 132A 402A ,M,R,D,BF,F , ,N,C,50,0,0,0,1765786,5900728
Auckland,08/11/2014,Sat,330,CB,VS1,104A 129A 357A ,T,R,D,DO,F ,T,N,C,50,0,1,0,1765858,5900547
Auckland,21/07/2014,Mon,1150,EA,CS1CC,129A 350A ,M,R,D,B ,F , ,N,C,50,0,0,1,1755824,5913567
Auckland,11/12/2014,Thu,1215,MC,CE1C,372B ,,R,D,O ,F ,X,G,N,50,0,0,0,1769607,5907262
Auckland,12/09/2014,Fri,1753,CC,CW1C,129A 134A ,M,R,W,O ,F , ,N,C,50,0,0,0,1761054,5908340
Auckland,17/05/2014,Sat,55,MO,CE1C,103A ,M,R,D,DO,F , ,N,N,50,0,0,0,1756656,5919370
Auckland,13/10/2014,Mon,320,BB,CE1CC,101A 112A 514A 124B 512B 512C ,,R,D,DO,F ,T,N,N,50,0,0,0,1756722,5919395
Auckland,10/07/2014,Thu,413,DA,CS2,111A 131A 191A 801 903 ,K,S,W,DO,LS,T,N,N,50,0,0,1,1756722,5919395
Auckland,29/11/2014,Sat,1300,NB,CS1E,713B ,,R,D,B ,F , , ,C,50,0,0,1,1759224,5912222
Auckland,23/04/2014,Wed,1300,EA,TN1C,129A ,M,R,D,B ,F , , ,N,50,0,0,0,1759234,5912107
Auckland,22/11/2014,Sat,1907,MO,CE1C,133A 423A ,M,R,D,OF,L , ,N,N,50,0,0,0,1757680,5920898
Auckland,01/10/2014,Wed,820,FA,SW1C,112A 331A 371B ,,R,D,B ,F ,T,S,N,30,0,0,0,1757707,5920888
Auckland,09/10/2014,Thu,810,GF,TS1C,172A ,,E,D,O ,F ,X,G,C,50,0,0,0,1759262,5911766
Auckland,14/01/2014,Tue,1723,GF,TN1C,142A 387B ,,S,D,B ,F ,X,G,C,50,0,0,0,1759262,5911766
Auckland,03/03/2014,Mon,805,HA,CN2C,301B ,,R,W,O ,F ,X,S,C,50,0,0,0,1749547,5912979
Auckland,20/05/2014,Tue,1345,EA,CW1M,129A ,M,R,D,BF,F , ,N,C,50,0,0,0,1758392,5915035
Auckland,28/04/2014,Mon,1750,NA,CS1E,711B ,,R,W,TF,L , ,N,N,50,0,1,0,1760333,5914781
Auckland,12/06/2014,Thu,315,EA,CS1C,103A 129A 130A 801 ,M,R,W,DO,L , , ,P,50,0,0,0,1753670,5919303
Auckland,02/06/2014,Mon,200,CB,CN1,103A 112A 817 ,FKT,R,D,DN,F ,R,G,C,50,0,0,0,1753333,5919779
Auckland,02/06/2014,Mon,415,CB,CN1,103A 112A ,F,R,D,DO,F ,R,G,C,50,0,0,0,1753333,5919779
Auckland,05/02/2014,Wed,1325,DC,TE1,112A 130A 514A ,H,R,D,BF,F , ,N,N,50,0,0,0,1765928,5901418
Auckland,03/03/2014,Mon,6,DA,CN1,131A 358A ,P,M,D,DO,F , ,N,C,50,0,0,0,1761495,5907714
Auckland,28/04/2014,Mon,1035,MF,CE1C,371B ,,R,D,BF,F , ,N,C,50,0,0,1,1761526,5907696
Auckland,15/03/2014,Sat,2220,CB,CW1,103A 112A ,F,R,W,DO,L , ,N,C,50,0,0,0,1761500,5907711
Auckland,04/07/2014,Fri,1810,AC,4W1C,372A 671A 158B 801 ,,R,W,TO,L , , ,C,50,0,0,0,1756351,5920995
Auckland,18/05/2014,Sun,1720,HA,CS1C,301A 375A ,,R,D,TO,F ,M,S,C,50,0,0,0,1756434,5920966
Auckland,27/08/2014,Wed,1654,DB,CN1,129A 352A ,TX,E,D,OF,F , ,N,L,50,0,0,1,1761907,5914323
Auckland,22/04/2014,Tue,324,DA,CS2,111A 131A 514A ,FH,M,W,DO,L ,T,G,C,50,0,0,0,1761891,5914335
Auckland,17/04/2014,Thu,1400,EA,CN1T,129A 386A ,M,R,D,B ,F , ,N,C,50,0,0,0,1762067,5913965
Auckland,10/06/2014,Tue,1515,HA,CS1V,302A 382A ,,R,W,OF,L ,X,G,C,50,0,0,0,1762273,5913761
Auckland,04/10/2014,Sat,925,MO,CE1C,371B ,,R,D,B ,F , , ,C,50,0,0,0,1761649,5914507
Auckland,14/03/2014,Fri,1220,KB,CS1C,308B 929 ,,R,D,B ,F ,D,N,N,50,0,0,0,1751292,5915044
Auckland,28/03/2014,Fri,1750,JA,MN1C,197A 308B 378B 831 929 ,V,M,D,O ,F ,D, ,C,100,0,1,0,1783959,5889939
Auckland,21/12/2014,Sun,15,DA,CS1,111A 131A ,K,E,W,DO,L ,R,G,R,60,0,0,0,1759070,5903782
Auckland,21/09/2014,Sun,935,KB,XN1S,302A 353A 801 ,,R,W,O ,L ,R,G,R,50,0,0,1,1759058,5903779
Auckland,20/07/2014,Sun,515,DB,CN1,135A 801 872 ,K,M,W,DO,LS,R,G,R,50,0,0,0,1759045,5903782
Auckland,08/07/2014,Tue,2030,DA,CN1,111A 402A 632A ,,E,W,DO,L ,R,G,R,60,0,0,0,1759045,5903825
Auckland,28/10/2014,Tue,800,DA,CN1,131A 407A 632A 800 801 ,K,R,W,O ,L ,R,G,C,50,0,0,0,1759045,5903825
Auckland,12/05/2014,Mon,1820,GB,CS1C,172B 402B ,,E,D,DO,F ,R,G,R,50,0,0,0,1759079,5903791
Auckland,21/05/2014,Wed,1245,FD,CN1CC,181A ,,R,W,OF,L , ,N,P,50,0,0,1,1759188,5903496
Auckland,02/03/2014,Sun,1245,AC,TN1C,372A ,,R,D,OF,F , ,N,C,50,0,0,0,1759177,5903524
Auckland,24/03/2014,Mon,610,LB,CN14C,322B ,,R,D,DO,F ,X,T,C,50,0,0,2,1759206,5903430
Auckland,20/03/2014,Thu,1800,JC,XN1V,120A ,,R,D,OF,F ,X,T,P,50,0,0,0,1759206,5903430
Auckland,18/01/2014,Sat,1200,EA,CW1C,129A ,M,R,D,B ,F ,T,N,C,50,0,0,0,1770818,5878327
Auckland,23/05/2014,Fri,1535,GE,CN1C,160A 350A 929 ,,R,D,O ,F ,D, ,C,50,0,0,0,1762005,5906743
Auckland,11/03/2014,Tue,1815,MD,SN1C,929,,R,D,B ,F ,D,N,N,50,0,0,0,1756043,5918113
Auckland,17/09/2014,Wed,1819,DB,CN1,133A ,FP,M,D,TO,F , , ,N,50,0,0,0,1774025,5896280
Auckland,04/07/2014,Fri,2302,QD,CN1C,428A 514A 611A ,,R,D,DO,F , ,N,C,50,0,0,0,1767819,5912816
Auckland,24/08/2014,Sun,1800,EA,CW1C,129A ,M,R, ,DO,  , ,N,N,50,0,0,0,1758695,5919704
Auckland,12/03/2014,Wed,850,EA,4E1C,129A ,M,R,D,OF,F , ,N,C,50,0,0,0,1754920,5914374
Auckland,12/10/2014,Sun,2115,DA,CS1,101A 111A 517A ,,R,D,DO,F ,T,S,P,50,0,0,0,1754952,5914350
Auckland,28/01/2014,Tue,1855,BB,CW1C,123A ,,M,D,B ,F , ,N,C,50,0,0,0,1754618,5914479
Auckland,06/06/2014,Fri,800,LB,CN1V,303B 382B 927 ,,R,D,O ,F ,D, ,C,50,0,0,0,1754311,5914774
Auckland,09/07/2014,Wed,817,BE,CE1C,103A 130A ,,R,D,DF,F , , ,C,50,0,0,0,1764077,5904655
Auckland,24/03/2014,Mon,2205,EA,CS1C,129A ,M,R,D,DO,F , ,N,C,50,0,0,0,1754422,5918855
Auckland,17/11/2014,Mon,1330,DA,CW1,103A 131A 801 ,FK,E,W,O ,L ,T,G,C,50,0,0,0,1766168,5908235
Auckland,04/12/2014,Thu,210,DA,CE1,514A 517A ,P,M,D,DO,F ,T,N,C,50,0,0,0,1766627,5908917
Auckland,22/02/2014,Sat,1925,LB,CS1CC,303B 375B ,QQ,R,D,OF,F ,T,N,N,50,0,0,1,1766463,5908739
Auckland,08/07/2014,Tue,154,DC,CE1,112A 130A 402A 514A ,C,R,D,DO,F ,T,N,C,50,0,0,0,1757908,5917810
Auckland,22/09/2014,Mon,1349,DB,CW1C,111A 131A 407A ,MH,M,D,B ,F ,T,S,P,50,0,0,0,1752659,5912419
Auckland,20/11/2014,Thu,1325,GF,XW2T,129A 386A ,,R,D,B ,F ,T,T,C,50,0,0,0,1758071,5917541
Auckland,05/09/2014,Fri,1018,AC,VN1T,159A 381A ,,M,D,B ,F ,X,T,C,50,0,0,0,1758071,5917541
Auckland,15/02/2014,Sat,1406,JA,CN1C,302B ,,R,D,B ,F ,T,G,C,50,0,0,0,1757951,5917021
Auckland,18/06/2014,Wed,920,FB,CN1C,181A ,,R,D,OF,F ,T,G,C,50,0,0,0,1757951,5917021
Auckland,08/05/2014,Thu,1715,LB,CS1C,303B 926 ,,R,D,O ,F ,D,N,L,50,0,0,0,1758205,5918098
Auckland,24/10/2014,Fri,1700,NE,CW2E,307A 330A ,,R,D,B ,FS,X,T,C,50,0,0,1,1757868,5916665
Auckland,31/08/2014,Sun,1600,KA,CN1C,302B 330B ,,R,D,O ,F ,T,G,C,50,0,0,0,1758149,5917883
Auckland,06/04/2014,Sun,1500,MG,CS1C,371B ,,R,D,BF,F ,Y,T,R,50,0,0,0,1758130,5917794
Auckland,24/03/2014,Mon,1531,LB,4N1C,322B 370B ,,R,D,B ,F ,T,T,L,50,0,0,1,1758130,5917794
Auckland,24/01/2014,Fri,1553,FD,CS1C,181A ,,R,D,BF,F , ,N,X,50,0,0,2,1757792,5916185
Auckland,03/10/2014,Fri,800,EA,CS1C,129A ,M,R,D,DO,F , ,N,C,50,0,0,0,1757757,5916046
Auckland,28/02/2014,Fri,1215,EC,TS1,386A 420A ,X,R,D,B ,F , , ,C,50,0,0,0,1757764,5916075
Auckland,02/10/2014,Thu,1825,JA,CS1C,191A 302B 402B ,,R,W,O ,L ,T,G,C,50,0,0,0,1757957,5917047
Auckland,18/08/2014,Mon,1635,GE,VN1C,160A ,,R,D,BF,F ,T,G,C,50,0,0,0,1757957,5917047
Auckland,28/11/2014,Fri,2300,KA,BS1C,302B 375B ,T,R,W,DO,L ,T,G,C,50,0,0,0,1757957,5917047
Auckland,23/05/2014,Fri,1247,FE,CS1C,181A ,,R,W,OF,L ,T,T,C,50,0,0,1,1758198,5918075
Auckland,27/04/2014,Sun,1930,BA,CS1C,205A ,,R,D,DO,F , , ,C,50,0,0,0,1758143,5917858
Auckland,05/11/2014,Wed,1610,JO,TN1C,129A 386A ,,R,D,O ,F ,T,N,C,50,0,0,0,1758165,5917956
Auckland,07/04/2014,Mon,820,LB,MN1C,303B 382B ,,R,D,B ,F ,T,N,C,50,0,0,1,1758165,5917956
Auckland,29/08/2014,Fri,2130,EA,CS1C,341A ,M,R,D,DO,F , ,N,C,50,0,0,0,1757978,5917137
Auckland,11/07/2014,Fri,900,AO,TS1C,129A 386A ,,R,D,O ,F ,X,T,C,50,0,0,0,1757985,5917166
Auckland,04/09/2014,Thu,1853,LB,CN1C,303B ,,R,W,DO,L ,X,T,C,50,0,0,0,1757985,5917166
Auckland,21/08/2014,Thu,914,LB,CS1C,303B ,,R,D,B ,F ,X,T,C,50,0,0,0,1757985,5917166
Auckland,18/07/2014,Fri,1350,AC,CS1C,140A 372A ,,R,D,BF,F ,X,T,C,50,0,0,0,1757985,5917166
Auckland,27/09/2014,Sat,210,CB,CS1,103A 410A ,S,R,D,DO,F ,X,T,C,50,0,0,1,1757985,5917166
Auckland,31/08/2014,Sun,2129,LB,4N1C,303B ,,R,W,DO,H ,X,T,C,50,0,0,0,1757985,5917166
Auckland,23/10/2014,Thu,2035,LB,CS1C,303B 375B ,,R,D,DO,F ,X,T,C,50,0,0,1,1757985,5917166
Auckland,13/08/2014,Wed,815,JA,SN1C,301B ,,E,W,O ,L ,T,S,C,50,0,0,1,1758221,5918177
Auckland,07/06/2014,Sat,1805,KB,CN1C,302B ,,E,D,DO,F ,T,G,C,50,0,0,0,1758130,5917794
Auckland,03/11/2014,Mon,1109,AO,CS14C,112A 158A 386A 801 ,G,R,W,O ,L , , ,C,80,0,0,1,1758056,5917927
Auckland,21/11/2014,Fri,1715,FD,CS1CCC,112A 181A 331A ,,R,D,B ,F ,T,T,C,50,0,0,2,1758140,5917844
Auckland,02/09/2014,Tue,1830,AA,XN1C,372A 381A ,,R,D,BF,F , ,T,C,50,0,0,0,1757957,5918008
Auckland,13/11/2014,Thu,1600,HA,CN2C,302A 330A ,,M,D,B ,F ,X,G,R,60,0,0,0,1770012,5915681
Auckland,04/06/2014,Wed,1520,GF,TW1C,179A 386A ,,E,D,O ,F ,T,S,C,50,0,0,0,1751276,5934411
Auckland,30/09/2014,Tue,1046,DB,CS1,111A 131A 402A ,K,M,D,B ,F , , ,N,100,0,0,0,1751432,5935583
Auckland,30/09/2014,Tue,915,DB,CS1,111A 131A ,JX,M,D,B ,F , , ,N,80,0,0,0,1751399,5935498
Auckland,07/09/2014,Sun,2300,EA,CW1C,129A ,M,R,D,DO,F ,Y,N,C,50,0,0,0,1769425,5915518
Auckland,16/11/2014,Sun,1109,AA,ME14,381A 510A 150B ,,R,D,B ,F , , ,C,50,0,0,1,1751557,5935106
Auckland,21/04/2014,Mon,202,DB,CS2,108A 111A 131A ,F,E,W,DO,F ,T,N,C,50,0,0,0,1750717,5926491
Auckland,31/01/2014,Fri,507,CB,CN1,103A 129A ,T,R,D,DO,F , ,N,C,50,0,1,0,1759258,5919992
Auckland,03/04/2014,Thu,1835,LB,CE1C,303B 314B 377B 929 ,,R,W,OF,L ,D,N,C,50,0,0,0,1759080,5920420
Auckland,26/05/2014,Mon,812,JA,SS1C,302B 375B ,,R,W,O ,F ,T,G,C,50,0,0,1,1759237,5920094
Auckland,24/10/2014,Fri,845,MD,CN14,377A 308B 377B 927 ,,R,D,B ,F ,D, ,C,50,0,0,1,1754949,5924787
Auckland,04/07/2014,Fri,300,EA,CE1C,129A ,M,R, ,DO,  , ,N,C,50,0,0,0,1759011,5920418
Auckland,21/03/2014,Fri,1020,LB,CS1C,302B 375B ,,E,D,BF,F ,X,G,C,50,0,0,0,1759327,5919539
Auckland,19/05/2014,Mon,2227,EC,CS1,101A 330A ,X,R,D,DO,F , , ,C,50,0,0,0,1753148,5928560
Auckland,30/09/2014,Tue,45,DA,CE1,111A 131A ,K,M,D,DO,F , , ,C,50,0,0,0,1755286,5936937
Auckland,14/01/2014,Tue,1830,GE,CW1C,160A 333A 929 ,,R,D,BF,F ,D,N,C,50,0,0,0,1755648,5936905
Auckland,06/04/2014,Sun,850,BC,PS2C,113A 122A 402A ,,E,D,B ,F ,T,G,C,50,0,0,1,1754057,5936391
Auckland,10/08/2014,Sun,1445,EA,4E1C,129A ,M,E,D,B ,F , , ,C,50,0,0,0,1754329,5936471
Auckland,20/08/2014,Wed,1930,EA,CN1V,129A ,M,M,W,DO,L , ,N,C,50,0,0,0,,
Auckland,06/07/2014,Sun,1145,MO,CS1C,385A ,M,R,D,OF,F , ,N,N,50,0,0,0,1757722,5918888
Auckland,02/11/2014,Sun,1004,CC,CE1CC,130A 358A ,MM,R,D,B ,F , , ,C,50,0,0,0,1765142,5905959
Auckland,22/06/2014,Sun,900,EA,CS1C,129A ,M,R,D,O ,F ,T,G,C,50,0,0,0,1755889,5935136
Auckland,20/02/2014,Thu,1940,FA,CW1C,181A ,,R,D,OF,F ,X,G,C,50,0,0,0,1743201,5919598
Auckland,31/05/2014,Sat,2132,DA,CE1,111A 402A ,KP,M,D,DO,F ,T,G,C,50,0,0,0,1743489,5919588
Auckland,30/06/2014,Mon,830,BB,CS14,110A 124A 131A 514A 800 ,FKP,E,W,O ,  ,T,G,R,50,0,0,2,1743489,5919588
Auckland,16/05/2014,Fri,2245,BB,4E1C,124A 129A ,,M,D,DO,F ,X,G,C,50,0,0,0,1743489,5919588
Auckland,31/08/2014,Sun,1300,MF,CS14,371B ,,R,W,OF,L , ,N,C,50,0,0,0,1755895,5935287
Auckland,18/12/2014,Thu,700,BF,CN1C,103A 110A 131A 801 ,,E,W,O ,L , , ,C,50,0,0,3,1742935,5920001
Auckland,03/04/2014,Thu,2104,CA,VN1CC,108A 130A ,MM,R,W,DO,L , ,N,N,50,0,0,0,1753224,5929449
Auckland,17/07/2014,Thu,150,DA,CS1,121A ,C,E,D,DN,F , ,N,C,80,0,0,1,1755882,5881313
Auckland,25/03/2014,Tue,1110,DA,CN1,129A 131A ,C,E,D,O ,F , , ,C,100,0,0,1,1766382,5887557
Auckland,30/03/2014,Sun,1528,DA,CE1,131A 354A ,F,E,D,BN,F , ,N,C,100,0,0,1,1766447,5887582
Auckland,05/03/2014,Wed,1100,GD,CW1X,331A ,,E,D,B ,F ,T,S,C,100,0,0,4,1766232,5887410
Auckland,12/02/2014,Wed,1245,GE,CW1C,387A 144B ,,E,D,OF,F ,T,S,C,100,0,0,0,1766232,5887410
Auckland,26/08/2014,Tue,1810,AC,CN1C,177A 330A ,,E,D,DN,F , , ,C,100,0,0,0,1757781,5883357
Auckland,29/03/2014,Sat,1948,EC,CS1,912,W,R,D,DO,F , ,N,C,80,0,0,0,1756150,5882153
Auckland,02/06/2014,Mon,1814,CB,CE1,129A 198A ,,R,D,DN,F , , ,C,100,0,0,0,1760647,5885058
Auckland,09/11/2014,Sun,440,DA,CW1,103A 131A ,C,M,D,DN,F , ,N,C,100,0,0,0,1761342,5885143
Auckland,29/05/2014,Thu,1611,CB,CW1,137A 333A ,C,R,D,ON,F , ,N,C,100,0,0,0,1758503,5884056
Auckland,11/05/2014,Sun,1255,LB,CS1T,303B 375B 929 ,,R,D,B ,F ,D,N,C,100,0,0,0,1767158,5888061
Auckland,05/02/2014,Wed,1330,DA,CS1,111A 131A 134A 804 ,C,E,D,ON,F , ,N,C,100,0,0,0,1757471,5882969
Auckland,12/03/2014,Wed,917,GD,TW1V,197A 331A 363A 902 ,,R,D,B ,F ,T,N,C,100,0,0,0,1756773,5882703
Auckland,27/03/2014,Thu,1103,DA,CE1,133A ,FS,S,D,B ,F , , ,C,100,0,0,0,1758653,5880481
Auckland,27/07/2014,Sun,2335,CC,CS1C,195A ,CM,R,D,DN,F , ,N,C,100,0,0,1,1755289,5877748
Auckland,03/12/2014,Wed,1220,DA,CS1,410A ,F,E,D,B ,F , , ,C,100,0,0,0,1755229,5877484
Auckland,14/09/2014,Sun,2200,DB,CS1,110A 131A ,F,M,W,DO,F ,T,N,L,100,0,0,0,1754907,5879751
Auckland,12/12/2014,Fri,2220,EC,CS1,191A 195A 912 ,W,R,D,DN,F , , ,C,100,0,0,5,1755142,5878867
Auckland,27/03/2014,Thu,2215,DA,CS1,130A 410A ,P,E,D,DN,F , ,N,C,100,0,0,0,1755143,5878858
Auckland,06/07/2014,Sun,1900,DB,VN1,131A 420A ,CF,E,W,DN,F , , ,C,100,0,0,0,1755293,5877762
Auckland,24/12/2014,Wed,2030,LB,CW1C,303B 375B ,,R,D,B ,F ,T,G,C,50,0,0,0,1755095,5934937
Auckland,19/09/2014,Fri,1759,MO,CE1CC,110A 133A 507A 927 ,MPQ,R,D,TF,F ,D, ,C,50,0,0,3,1746997,5913779
Auckland,10/08/2014,Sun,1153,CB,CS1CCC,130A 501A ,M,R,D,O ,F , , ,C,50,0,0,2,1746908,5913036
Auckland,09/10/2014,Thu,1206,MO,CN1E,371A 930 ,,E,D,B ,F ,D,N,C,50,0,0,0,1746843,5913606
Auckland,14/08/2014,Thu,2100,MO,CN1C,386A ,M,R,W,DO,M , , ,C,70,0,0,0,1746943,5912768
Auckland,19/02/2014,Wed,1822,JA,CN1C,301B 375B 402B ,,M,W,OF,F ,T,S,C,50,0,0,0,1746936,5913718
Auckland,17/02/2014,Mon,1942,NA,4N1E,194A ,,R,D,OF,F , ,N,C,50,0,0,0,1753060,5929586
Auckland,26/07/2014,Sat,2048,LB,XS1C,303B ,,R,W,DO,L ,T,T,C,50,0,0,0,1753629,5928076
Auckland,12/09/2014,Fri,2240,LB,CS1C,303B 375B ,,R,W,DO,H ,T,T,C,50,0,0,0,1753629,5928076
Auckland,24/05/2014,Sat,140,DA,CN1,102A 111A 131A 402A ,CP,R,D,DO,F ,T,G,L,50,0,0,0,1753700,5928234
Auckland,06/05/2014,Tue,2020,FA,CS1C,501A ,,R,D,DO,F , , ,P,50,0,0,0,1753808,5926546
Auckland,15/03/2014,Sat,1415,HA,CS1C,302A 375A ,,R,W,OF,L ,R,G,R,50,0,0,0,1753833,5926744
Auckland,07/06/2014,Sat,1630,LB,CS1C,302A 375A ,,S,D,OF,SS,X,G,R,50,0,0,0,1753833,5926744
Auckland,14/08/2014,Thu,915,FE,CN1C,331A ,,R,D,BF,F ,R,G,R,50,0,0,0,1753833,5926744
Auckland,03/03/2014,Mon,548,LB,CS1S,302A 382A ,,R,D,DO,F ,R,G,R,50,0,0,1,1753833,5926744
Auckland,02/12/2014,Tue,1220,LB,4N1M,302A 330A ,,R,D,B ,F ,R,G,C,50,0,1,0,1753833,5926744
Auckland,16/04/2014,Wed,2139,LB,CN1C,323B 350B 404B 901 ,,M,W,DO,H ,T,T,C,50,0,0,1,1753789,5926015
Auckland,05/02/2014,Wed,900,AA,VS1C,372A ,,R,D,B ,F , , ,C,50,0,0,0,1753686,5928604
Auckland,01/08/2014,Fri,,AA,VS1V,184A 330A ,,E,D,B ,F ,T,G,C,50,0,0,0,1753595,5927257
Auckland,10/04/2014,Thu,1026,HA,CW2T,322B 334B ,,E,D,B ,F ,M,T,R,50,0,0,1,1753599,5928808
Auckland,21/08/2014,Thu,830,FE,CN1C,331A ,,R,D,BF,F ,X,T,C,50,0,0,0,1753599,5928808
Auckland,30/05/2014,Fri,1734,FD,CS1CCC,110A 331A 402A ,,R,D,B ,F , , ,C,50,0,0,0,1753521,5929484
Auckland,28/10/2014,Tue,,KB,CS1C,103B 302B ,,E,D,OF,F ,T,G,C,50,0,0,0,1753534,5929435
Auckland,24/10/2014,Fri,1025,NB,CS1E,713B ,,R,D,O ,F ,X,T,C,50,0,0,1,1753568,5927947
Auckland,11/12/2014,Thu,1830,EA,SS1C,374B ,Q,R,D,TF,F , ,N,C,50,0,0,1,1753581,5927974
Auckland,15/12/2014,Mon,2150,HA,CE2C,322B ,,R,D,DO,F ,T,T,C,50,0,0,0,1753559,5927929
Auckland,09/02/2014,Sun,2212,KC,CE2C,302A ,,R,D,DO,F ,T,G,C,50,0,0,0,1753559,5927929
Auckland,11/06/2014,Wed,758,JA,CN1CC,841,,E,D,OF,F ,T,T,P,50,0,0,0,1753559,5927929
Auckland,06/06/2014,Fri,1230,JA,CN1C,322A 334A 402A ,,R,D,O ,F ,T,T,C,50,0,0,0,1753559,5927929
Auckland,15/09/2014,Mon,1903,LB,CN14,322B 334B 801 ,,M,W,DO,L ,X,T,R,50,0,0,1,1753599,5928808
Auckland,09/04/2014,Wed,840,LB,CS1C,314B 377B ,,R,D,B ,F ,T,S,C,50,0,0,0,1753862,5925755
Auckland,26/12/2014,Fri,1645,MD,CN1C,308B 375B 929 ,,E,D,B ,F ,D,N,C,50,0,0,0,1753862,5925755
Auckland,04/12/2014,Thu,1205,EA,4S1CC,350A 620A ,M,E,D,B ,F , ,N,C,50,0,0,0,1753724,5926885
Auckland,14/05/2014,Wed,2100,DA,4N1,111A 131A ,C,M,D,DO,F , , ,C,50,0,0,0,1753549,5927157