TLANAME,CRASHDATE,CRASHDOW,CRASHTIME,MVMT,VEHICLES,CAUSES,OBJECTSSTRUCK,ROADCURVE,ROADWET,LIGHT,WTHRa,JUNCTYPE,TRAFCTRL,ROADMARK,SPDLIM,CRASHFATALCNT,CRASHSEVCNT,CRASHMINCNT,EASTING,NORTHING
Auckland,10/08/2014,Sun,2319,CC,CN1,103A 410A ,C,R,D,DO,F , ,N,C,50,0,0,0,1753809,5926554
Auckland,18/03/2014,Tue,1710,JA,CS1C,308B 375B 926 ,,R,D,O ,F ,D,N,R,50,0,0,0,1753672,5929235
Auckland,30/10/2014,Thu,1745,AO,CN1C,385A ,,E,D,OF,F , ,N,R,50,0,0,0,1753471,5929662
Auckland,17/04/2014,Thu,754,FB,CW2C,181A 387A ,,E,W,O ,HS,T,G,C,50,0,0,0,,
Auckland,29/06/2014,Sun,133,DA,CS1,103A 130A 402A ,I,E,D,DO,F , , ,R,50,0,0,0,1753658,5929298
Auckland,17/10/2014,Fri,1354,FA,CN1C,181A 331A 387A ,,R,D,B ,F , , ,C,50,0,0,1,1753540,5929426
Auckland,22/09/2014,Mon,1330,LB,4S1C,303B ,,M,D,B ,F ,T,T,C,50,0,0,0,1753681,5929289
Auckland,24/04/2014,Thu,620,EA,CE1C,129A ,M,R,W,DO,F , ,N,C,50,0,0,0,1746663,5912755
Auckland,15/03/2014,Sat,448,DA,CW1,111A 131A 800 801 ,F,E,W,DO,L , , ,C,50,0,0,0,1746759,5912729
Auckland,16/02/2014,Sun,1803,JA,CE1C,102B 302B ,,R,D,BF,F ,T,G,C,50,0,0,2,1746644,5912761
Auckland,13/10/2014,Mon,822,BE,4N1C,129A 386A ,,R,D,B ,F , ,N,C,50,0,0,2,1745495,5912733
Auckland,30/07/2014,Wed,838,CB,CW1,133A 403A ,F,R,W,O ,F , , ,C,50,0,0,1,1746553,5912788
Auckland,11/02/2014,Tue,1900,LB,4S14,303B 382B ,,R,D,TF,F ,T,G,L,50,0,0,3,1768025,5914096
Auckland,03/07/2014,Thu,2000,FE,CS1C,181A ,,R,W,OF,F , ,T,C,50,0,0,0,1767927,5913702
Auckland,29/07/2014,Tue,750,NA,CS1E,370A 712B ,,R,D,B ,F , ,N,C,50,0,0,0,1768000,5913996
Auckland,07/03/2014,Fri,1305,MC,CN1C,303B 372B ,,R,D,BF,F ,T,S,C,50,0,0,1,1768010,5914035
Auckland,03/06/2014,Tue,1850,KB,VS14,301B ,,R,D,DO,F ,T,S,C,50,0,0,0,1768010,5914035
Auckland,15/11/2014,Sat,2035,CB,4W1O,130A 195A ,M,R, ,TF,  , ,N,C,50,0,0,0,1755967,5937801
Auckland,30/05/2014,Fri,1706,DA,CW1,111A 131A 351A ,P,E,D,BF,F ,T,G,C,50,0,0,0,1753781,5936736
Auckland,08/10/2014,Wed,815,GA,CS1C,181A 331A ,,R,D,B ,F ,T,G,C,50,0,0,0,1753781,5936736
Auckland,14/02/2014,Fri,2230,FE,CN1C,420B ,,R,D,DO,F ,X,T,C,50,0,0,0,1747481,5914715
Auckland,11/05/2014,Sun,207,EA,CS1C,103A 423A ,M,R,D,DO,F , ,N,C,50,0,0,1,1747406,5914595
Auckland,14/02/2014,Fri,315,CC,CN1,110A 112A ,FP,R,W,DO,F , ,N,C,50,0,0,0,1747372,5914528
Auckland,04/03/2014,Tue,1714,FD,CS1CC,181A ,,R,D,BF,F , ,N,P,50,0,0,0,1747175,5913929
Auckland,10/01/2014,Fri,1430,FD,CS1C,181A ,,E,D,B ,F , , ,C,50,0,0,0,1747185,5913813
Auckland,01/01/2014,Wed,757,HA,MS1C,322A 370A 322B 370B ,,R,D,O ,F ,X,T,C,50,0,1,0,1758766,5911767
Auckland,26/10/2014,Sun,1000,DA,CE1,103A 131A 402A ,P,E,D,B ,F , , ,C,50,0,0,0,1767772,5901313
Auckland,12/05/2014,Mon,1800,MA,CW1C,371B ,,E,D,DO,F ,T,G,C,50,0,0,0,1754257,5913378
Auckland,14/11/2014,Fri,815,FC,CE14,112A 181A ,,R,D,O ,L , ,P,P,50,0,0,0,1749228,5911433
Auckland,26/07/2014,Sat,110,DB,CN1,105A 111A 131A 402A 801 ,FK,E,W,DO,L ,T,G,C,50,0,0,0,1750421,5911741
Auckland,06/01/2014,Mon,2215,DA,CS1,131A 402A ,F,M,D,DO,F ,T,N,C,50,0,0,0,1750425,5911744
Auckland,05/03/2014,Wed,843,GE,ME1C,151A 333A 929 ,,M,D,ON,F ,D,N,P,50,0,1,0,1748645,5911289
Auckland,06/03/2014,Thu,1818,MA,VW1C,373B ,,R,D,B ,F , , ,C,50,0,0,0,1749619,5911527
Auckland,13/12/2014,Sat,1900,DA,CW1,131A 135A 806 810 ,C,M,W,O ,F , ,N,C,50,0,0,0,1748005,5911365
Auckland,31/01/2014,Fri,1600,GA,CE1C,181A 331A 929 ,,R,D,B ,F ,D,N,P,50,0,0,0,1750079,5912299
Auckland,08/11/2014,Sat,1815,DB,MN1,131A 631A ,,S,D,B ,F ,T,G,R,50,0,0,1,1749822,5912144
Auckland,01/12/2014,Mon,540,MO,VW1C,512A 514A 517A ,,R,W,DO,L ,T,N,N,50,0,0,0,1758431,5914774
Auckland,04/11/2014,Tue,2150,DA,CE1C,131A 402A 420A ,M,E,D,DO,F , , ,P,50,0,0,0,1750154,5912344
Auckland,13/02/2014,Thu,1613,NB,CE1E,713B 930 ,,R,D,O ,F ,D,N,C,50,0,0,1,1748139,5912048
Auckland,16/08/2014,Sat,448,DA,CN1CC,103A 129A ,M,E,D,DO,F , ,N,C,50,0,0,0,1769992,5911734
Auckland,26/01/2014,Sun,2230,DA,CS1,131A 410A ,JX,E,W,DO,F , ,N,C,50,0,0,0,1770040,5912300
Auckland,19/10/2014,Sun,957,BO,MS1C,357A 434A 512A ,,R,D,B ,F , , ,C,50,0,0,0,1756282,5911913
Auckland,09/07/2014,Wed,2030,CB,CW1,130A ,X,R,W,DO,L ,T,S,N,50,0,0,0,1772252,5894466
Auckland,04/12/2014,Thu,715,DA,CE2,111A 131A ,X,R,D,OF,F ,T,S,C,50,0,0,1,1772252,5894466
Auckland,18/04/2014,Fri,700,EA,CE1C,129A 130A ,M,R,W, O,L , , ,N,50,0,0,0,1764075,5910017
Auckland,27/06/2014,Fri,45,NF,CW2E,105B 713B 732B 801 ,,M,W,DO,L ,X,T,C,50,0,0,1,1757715,5920833
Auckland,10/11/2014,Mon,1630,EA,CN1C,129A ,M,R,D,BF,F , ,N,C,50,0,0,0,1757681,5920735
Auckland,06/05/2014,Tue,1815,MO,VN1C,371A 371B ,,R,D,DO,F , , ,N,50,0,0,0,1757684,5920744
Auckland,22/12/2014,Mon,1400,BB,CW2C,201A ,,R,D,BF,F ,T,N,N,50,0,0,0,1757676,5920721
Auckland,17/11/2014,Mon,1700,MC,CS1V,386B ,,R,D,O ,F ,T,S,C,50,0,0,0,1770605,5913905
Auckland,16/06/2014,Mon,605,NA,CS1E,306A ,,R,D,DO,F , , ,X,50,0,0,1,1768333,5913230
Auckland,27/11/2014,Thu,1305,FB,CN1C,181A 331A ,,R,D,B ,F ,X,G,C,50,0,0,0,1768181,5912461
Auckland,08/11/2014,Sat,1845,EA,CS1C,103A 129A ,M,R,D,O ,F , , ,C,50,0,0,0,1768275,5913030
Auckland,07/03/2014,Fri,855,GD,VS1C,181A 331A 351A ,,R,D,B ,F ,T,G,C,50,0,0,0,1768345,5913721
Auckland,09/04/2014,Wed,2230,DB,CS1CC,103A 131A ,M,E,D,DO,F , ,N,C,50,0,0,0,1768288,5912898
Auckland,26/03/2014,Wed,410,DB,CN1,131A 402A ,T,E,W,DO,F , ,N,C,50,0,0,0,1768086,5912130
Auckland,26/08/2014,Tue,842,FB,CS1C,181A ,,E,D,B ,F ,X,G,C,50,0,0,0,1767892,5911916
Auckland,30/12/2014,Tue,1630,FB,CS1C,181A 331A ,,M,D,B ,F ,X,G,R,60,0,0,0,1767892,5911916
Auckland,09/05/2014,Fri,1345,EA,CS1CC,112A 402A ,M,R,D,B ,F ,T,N,C,50,0,0,0,1771536,5907809
Auckland,04/08/2014,Mon,1515,KB,4E1C,302A 352A ,,E,D,B ,F ,R,G,R,50,0,0,0,1770372,5909019
Auckland,29/04/2014,Tue,2240,BA,CN1C,101A 129A ,,R,D,DN,F , ,N,C,50,0,0,1,1771534,5907802
Auckland,03/08/2014,Sun,2013,LB,BS14,102B 303B 334B ,,R,W,DO,F ,X,T,C,50,0,0,0,1757506,5919158
Auckland,10/01/2014,Fri,1930,FE,CW1C,181A ,,R,D,BF,F ,X,T,C,50,0,0,0,1757215,5919382
Auckland,22/08/2014,Fri,1819,FD,CS1CC,331A 353A ,,E,D,DO,F ,Y,N,N,80,0,0,0,1757297,5918898
Auckland,27/07/2014,Sun,1904,LB,CS1C,303B 375B 929 ,,M,D,DO,F ,D,N,C,50,0,0,0,1757321,5918915
Auckland,01/07/2014,Tue,1745,AA,CS1M,372A ,,R,W,OF,L ,T,G,C,50,0,0,0,1757315,5918901
Auckland,13/07/2014,Sun,1614,JA,CS1C,308B 375B 930 ,,R,W,OF,L ,D,N,C,50,0,0,0,1757595,5919266
Auckland,17/09/2014,Wed,910,KA,CS1C,303B ,,M,D,B ,F ,X,G,C,50,0,0,0,1757865,5919885
Auckland,17/12/2014,Wed,1122,BF,VS1C,131A 404A 801 ,,E,W,O ,L ,X,T,C,50,0,0,0,1757761,5919611
Auckland,09/07/2014,Wed,835,AA,4S1C,197A 381A 839 ,,R,W,OF,L , ,N,C,50,0,0,0,1757497,5919147
Auckland,31/07/2014,Thu,1800,FD,CN1CC,181A 331A 181B ,,E,D,DO,F , , ,C,50,0,0,0,1757275,5918782
Auckland,24/12/2014,Wed,1205,CC,CS1C,130A 501A ,M,R,D,B ,F , , ,C,50,0,0,1,1762213,5916226
Auckland,18/11/2014,Tue,1420,KB,CW1C,302B 377B ,KX,E,D,B ,F ,X,G,R,50,0,0,0,1750394,5949538
Auckland,21/09/2014,Sun,1836,DA,CE1,131A 410A ,EX,E,D,TO,F , ,N,P,50,0,0,0,1749976,5949374
Auckland,22/09/2014,Mon,9,CC,VW1,133A 407A ,P,R,W,DO,L , , ,R,50,0,0,0,1749012,5949559
Auckland,10/11/2014,Mon,1635,MC,CE1C,372B ,,R,D,BF,F , ,N,C,50,0,0,0,1762813,5916987
Auckland,27/02/2014,Thu,5,CB,CE1,130A 651A ,F,R,D,DO,F , , ,R,50,0,0,0,1750733,5949834
Auckland,10/04/2014,Thu,1638,LB,CN1CV,303B 375B ,,R,D,O ,F ,T,N,C,50,0,0,0,1762347,5916475
Auckland,31/05/2014,Sat,705,DA,CN1,501A ,GIS,M,D,B ,F ,T,N,R,50,0,0,0,1769438,5901890
Auckland,22/10/2014,Wed,1758,DA,CE1C,131A 410A ,M,E,D,OF,F , ,N,C,50,0,0,1,1768799,5902040
Auckland,12/11/2014,Wed,1600,MO,CW1C,386A ,M,R,D,B ,F , , ,N,50,0,0,0,1749143,5912213
Auckland,15/10/2014,Wed,730,MO,CE1T,371B 671B 927 ,,R,D,B ,F ,D, ,N,50,0,0,0,1755946,5916938
Auckland,03/06/2014,Tue,830,BB,CN1C,123A ,,R,D,ON,F ,T,G,C,50,0,0,0,1755917,5916946
Auckland,13/04/2014,Sun,1630,JA,CW1C,301B ,,M,D,B ,F ,T,S,C,50,0,0,0,1756535,5916758
Auckland,15/04/2014,Tue,1230,LB,CS1C,303B 375B ,,E,D,OF,F ,T,G,C,50,0,0,2,1773235,5914797
Auckland,23/01/2014,Thu,1609,CC,CE1,129A ,V,R,D,BF,F , ,N,N,50,0,0,1,1740609,5914679
Auckland,12/10/2014,Sun,319,CC,CS1CC,104A 130A 412A ,M,R,D,DO,F , , ,C,50,0,0,1,1763884,5907112
Auckland,29/03/2014,Sat,2000,EA,CN14,101A 129A ,M,R,D,DO,F , ,N,C,50,0,0,0,1763858,5906863
Auckland,24/03/2014,Mon,1730,FB,CN1C,181A 133B 191B ,,R,D,B ,F ,T,N,C,50,0,0,0,1763879,5907062
Auckland,26/04/2014,Sat,2350,DA,CW1,103A 131A ,P,E,D,DO,F , ,N,C,50,0,0,1,1763135,5907868
Auckland,24/02/2014,Mon,750,NA,CE1E,306A 363A 902 ,,R,D,BF,F , ,N,X,50,0,0,0,1763600,5907477
Auckland,17/09/2014,Wed,1430,JC,CS2C,302A 375A ,,E,D,BF,F ,T,G,C,50,0,0,0,1763451,5907537
Auckland,17/04/2014,Thu,1614,AC,CS1C,372A ,,R,D,OF,F ,X,T,C,50,0,0,0,1745334,5917407
Auckland,16/06/2014,Mon,1830,MB,CS1C,303B ,,R,W,DO,H , , ,R,50,0,0,0,1745359,5917370
Auckland,21/02/2014,Fri,845,BE,CS1C,501A ,,R,D,BF,F , ,N,C,50,0,0,0,1751687,5917067
Auckland,29/07/2014,Tue,1730,JC,CN2C,113A 321A ,,R,D,TO,F ,T,S,C,50,0,0,0,1748366,5913968
Auckland,28/09/2014,Sun,1530,FE,CW1C,423A 903 ,,R,D,B ,FS,T,T,C,50,0,0,0,1748159,5914112
Auckland,25/06/2014,Wed,,CC,CS1,101A 410A 801 ,I,R,W,DO,L , , ,R,50,0,0,0,1748144,5914132
Auckland,23/08/2014,Sat,1425,JA,CS1C,308B 314B 377B 925 ,,R,D,OF,F ,D,N,C,50,0,0,0,1748116,5914167
Auckland,07/10/2014,Tue,1705,FE,CN1C,331A 363A 902 ,,R,D,B ,F ,T,T,C,50,0,0,0,1748161,5914108
Auckland,31/03/2014,Mon,2010,LB,CE1C,303B ,,R,D,DO,F ,T,T,P,50,0,0,0,1748153,5914120
Auckland,14/01/2014,Tue,850,LB,CS1C,303B 382B ,,R,D,O ,F ,T,T,R,50,0,0,1,1748153,5914120
Auckland,28/06/2014,Sat,1104,JA,CN1C,301B 382B ,,E,D,O ,F ,T,S,P,50,0,0,2,1755718,5918747
Auckland,14/12/2014,Sun,117,HA,CN1C,113A 302A 517A ,,R,W,DO,LS,X,G,C,50,0,0,0,1742126,5930714
Auckland,27/02/2014,Thu,1920,JA,CS14,322B ,,R,D,OF,F ,T,T,C,50,0,0,0,1751096,5915767
Auckland,18/11/2014,Tue,2025,DA,CE2,111A 131A ,KS,E,D,DO,L ,Y,T,R,50,0,0,0,1751096,5915767
Auckland,12/06/2014,Thu,1835,FD,CS1CC,181A 353A ,,R,W,DO,F , ,N,C,50,0,0,0,1751540,5916453
Auckland,17/03/2014,Mon,700,AO,ME1C,129A 386A ,,R,D,OF,F , ,N,C,50,0,0,0,1751512,5916385
Auckland,28/07/2014,Mon,1819,FD,CW1CC,181A ,,R,D,DO,F , ,N,C,50,0,0,1,1751404,5916247
Auckland,03/12/2014,Wed,1310,FE,CN1C,181A 330A ,,R,D,B ,F ,T,T,C,50,0,0,0,1751527,5916405
Auckland,16/08/2014,Sat,915,DA,CN2,131A ,P,M,D,O ,F ,T,T,C,50,0,0,0,1755499,5918640
Auckland,03/10/2014,Fri,700,JA,CS1C,308B 925 ,,R,D,O ,F ,D,N,N,50,0,0,0,1747845,5914401
Auckland,30/08/2014,Sat,647,CC,CE1,102A 410A ,P,R,D,TO,F , ,N,C,50,0,0,1,1747860,5914388
Auckland,18/09/2014,Thu,934,JA,CE1C,308B 925 ,,R,D,B ,F ,D,N,L,50,0,0,1,1747853,5914395
Auckland,11/12/2014,Thu,1530,FD,CW1C,181A 410A ,,R,D,B ,F , , ,P,50,0,0,0,1747845,5914401
Auckland,25/08/2014,Mon,1327,KA,CE1C,308B 925 ,,R,D,B ,F ,D,T,N,50,0,0,0,1747876,5914375
Auckland,11/12/2014,Thu,1135,AO,CW1C,129A ,,R,D,BF,F ,T,T,C,50,0,0,0,1747876,5914375
Auckland,13/12/2014,Sat,1545,MC,4W1C,372B ,,R,D,B ,F ,T,S,P,80,0,0,1,1754250,5918539
Auckland,20/01/2014,Mon,1800,JA,4E1C,301B ,,R,D,O ,F ,T,S,L,50,0,0,0,1754254,5918542
Auckland,12/09/2014,Fri,1910,JA,CE14,301B 375B ,,R,W,DO,H ,X,S,P,50,0,0,1,1754254,5918542
Auckland,11/02/2014,Tue,1433,JA,CN1C,301B 375B ,,R,D,B ,F ,T,S,R,50,0,0,0,1754254,5918542
Auckland,30/04/2014,Wed,750,JA,CE1C,301B 377B ,,R,D,OF,F ,T,S,C,50,0,0,0,1754254,5918542
Auckland,16/07/2014,Wed,2152,JA,CE1C,301B 377B 382B 830 ,,R,D,DO,F ,T,S,C,50,0,0,0,1754254,5918542
Auckland,07/12/2014,Sun,1300,JA,CE1C,301B 375B ,,R,D,B ,F ,T,S,C,50,0,0,0,1754254,5918542
Auckland,21/03/2014,Fri,2004,JA,CE1C,301B 353B 375B ,,R,D,DO,F ,T,S,P,50,0,0,0,1754254,5918542
Auckland,13/03/2014,Thu,650,JA,TE1C,301B 375B ,,R,D,BF,F ,T,S,C,50,0,0,0,1754254,5918542
Auckland,08/05/2014,Thu,1113,JA,CE1C,301B 377B 830 ,,M,D,B ,F ,X,S,C,50,0,0,0,1754254,5918542
Auckland,16/08/2014,Sat,1930,FE,CN1C,181A ,,R,D,DO,F ,M,T,C,50,0,0,0,1745063,5917751
Auckland,09/07/2014,Wed,2225,MA,CW1C,373B 801 ,,R,W,DO,L , ,T,X,50,0,0,1,1752494,5918147
Auckland,15/12/2014,Mon,815,FD,CE1CC,111A 181A 331A ,,E,D,B ,F , , ,R,50,0,0,0,1752355,5918068
Auckland,02/09/2014,Tue,1006,AA,CE14,372A ,,R,D,B ,F , , ,C,50,0,0,0,1752057,5918057
Auckland,13/03/2014,Thu,2015,HA,BN24,322B 334B 801 ,,R,W,DO,L ,X,T,C,50,0,0,4,1752400,5918091
Auckland,21/12/2014,Sun,924,LB,ME1C,101A 322A 350A 102B ,,R,D,BF,F ,X,T,P,50,0,0,1,1752400,5918091
Auckland,13/04/2014,Sun,2040,HA,CE1C,322A 352A ,,R,W,DO,L ,X,T,C,50,0,0,0,1752400,5918091
Auckland,21/12/2014,Sun,847,JA,CW1C,322A 353A ,,R,D,BF,F ,X,T,C,50,0,0,0,1752400,5918091
Auckland,25/01/2014,Sat,2143,LB,CW1C,334A 334B ,,R,D,DO,F ,T,T,R,50,0,0,0,1749623,5913889
Auckland,01/06/2014,Sun,100,FA,CW14,103A 110A 426A ,PF,R,D,DO,F , , ,C,50,0,0,0,1755066,5918471
Auckland,07/09/2014,Sun,810,AC,VN14,372A ,,R,D,B ,F , , ,P,50,0,0,0,1751943,5917693
Auckland,10/06/2014,Tue,1900,EC,CN1,129A 330A 645A 901 ,I,E,W,DO,H , , ,R,50,0,0,0,1751983,5917795
Auckland,21/06/2014,Sat,1330,FF,CS1C,434A 512A ,,R,D,BF,F , ,N,C,50,0,0,0,1751912,5917631
Auckland,02/03/2014,Sun,1120,KB,CS1C,308B 375B 927 ,,R,D,O ,F ,D, ,C,50,0,0,0,1751218,5915234
Auckland,01/10/2014,Wed,1914,LB,SN1C,303B 377B ,,R,D,TF,F ,T,S,P,50,0,1,0,1750346,5914399
Auckland,18/09/2014,Thu,545,LB,PE1C,534A 670A 303B 375B ,,R,W,DO,F ,T,S,C,50,0,1,0,1750346,5914399
Auckland,21/12/2014,Sun,703,BF,CE1C,111A 129A 514A ,,E,W,DO,L , ,N,L,50,0,0,1,1746398,5916664
Auckland,04/11/2014,Tue,2240,FA,4N1C,331A 357A 512A ,,R,D,DO,F , , ,L,50,0,0,0,1746281,5916901
Auckland,13/05/2014,Tue,1655,AC,VE1C,372A 381A ,,R,D,BF,F , ,N,C,50,0,0,0,1745919,5917154
Auckland,08/05/2014,Thu,1533,AO,CW1T,129A ,,R,D,O ,F ,X,T,C,50,0,0,0,1745733,5917225
Auckland,10/09/2014,Wed,1630,GF,CW1C,129A 129B ,,M,D,O ,F ,X,T,C,50,0,0,0,1745733,5917225
Auckland,17/12/2014,Wed,1330,LB,CE1T,334A 334B 801 ,,R,W,O ,L ,X,T,C,50,0,0,0,1745733,5917225
Auckland,16/12/2014,Tue,1440,FD,CN1C,181A 331A ,,R,D,OF,F , ,N,C,50,0,0,0,1751562,5916546
Auckland,08/06/2014,Sun,1810,FD,CS1CC,331A 351A ,,R,D,DO,F ,T,G,C,50,0,0,0,1751581,5916624
Auckland,17/06/2014,Tue,1435,BF,CN1V,501A ,,E,W,O ,L , , ,P,50,0,0,0,1746667,5915413
Auckland,16/09/2014,Tue,1420,BO,BW2C,124A 330A 386A ,,R,D,B ,F ,T,T,C,50,0,0,0,1746572,5915650
Auckland,31/03/2014,Mon,1445,QA,BN1E,370A 520B ,,R,D,B ,F , , ,C,50,0,1,0,1751627,5916820
Auckland,16/03/2014,Sun,13,NA,CN1E,713B ,,R,W,DO,L ,T,N,C,50,0,1,0,1751639,5916869
Auckland,22/12/2014,Mon,1301,BF,CE1C,131B 402B 412B ,,E,D,B ,F ,T,S,C,50,0,0,2,1748643,5913874
Auckland,23/03/2014,Sun,439,AD,CW1C,103A 150A ,,R,D,DN,F ,T,N,C,50,0,0,0,1748652,5913871
Auckland,10/06/2014,Tue,2256,DA,CW1,103A 111A 131A ,F,E,D,DO,L ,T,G,P,50,0,1,1,1748652,5913871
Auckland,11/09/2014,Thu,1120,AC,CS1C,197B ,K,R,D,B ,F , , ,C,50,0,0,0,1751306,5916119
Auckland,20/09/2014,Sat,1245,AC,CS1C,181A ,,R,D,BF,F , ,N,C,50,0,0,0,1747783,5914453
Auckland,01/05/2014,Thu,1830,AA,CE1VC,130A 372A 402A ,,E,D,DO,F , , ,C,50,0,0,0,1747466,5914728
Auckland,10/04/2014,Thu,1010,FE,TW1C,181A 387A ,,R,D,O ,F ,X,T,C,50,0,0,0,1747481,5914715
Auckland,26/02/2014,Wed,1148,AA,CE1C,184A ,,R,D,BF,F , ,N,L,50,0,0,0,1747013,5915115
Auckland,27/09/2014,Sat,1810,FE,CS1V,181A 331A 801 817 ,,R,W,TO,L ,T,T,P,50,0,0,0,1746979,5915144
Auckland,10/05/2014,Sat,2007,FE,CW1C,103A 331A ,,R,D,DO,F ,X,T,C,50,0,0,0,1746990,5915134
Auckland,30/07/2014,Wed,2120,AD,CS1C,135A 150A ,,R,D,B ,F , ,N,L,50,0,0,0,1751766,5917336
Auckland,12/08/2014,Tue,815,EA,TE1C,129A ,M,R,D,O ,F , , ,C,50,0,0,0,1752489,5918144
Auckland,16/06/2014,Mon,1730,AA,CW1V,372A ,,R,W,DO,L , ,N,C,50,0,0,0,1752454,5918125
Auckland,29/03/2014,Sat,1736,MG,CN14,371B ,,R,D,BF,F , ,N,C,50,0,0,0,1746534,5916320
Auckland,29/05/2014,Thu,1455,AO,TS1C,385A 671A ,,R,D,OF,F ,T,T,C,50,0,0,0,1746530,5916400
Auckland,09/08/2014,Sat,430,LB,CE1X,103A 322A ,,R,W,DO,F ,X,T,R,50,0,0,2,1756247,5919258
Auckland,22/06/2014,Sun,1000,DB,VE1C,410A ,M,E,D,B ,F , , ,C,50,0,0,0,1755700,5918730
Auckland,17/07/2014,Thu,1510,LB,PE1C,303B 375B 924 ,,R,D,O ,F ,D,N,C,50,0,0,0,1752607,5918210
Auckland,06/12/2014,Sat,2216,FE,CW1V,331A 352A ,,R,D,DO,F ,T,T,P,50,0,0,0,1752633,5918225
Auckland,18/11/2014,Tue,1159,AC,TN1C,372B ,,R,D,BF,F , ,N,C,50,0,0,0,1751079,5914923
Auckland,31/12/2014,Wed,1354,JA,CS1C,308B 351B 402B 930 ,,R,D,B ,F ,D,N,L,50,0,0,0,1750824,5914687
Auckland,05/04/2014,Sat,2130,FA,CE1C,181A 512A ,,R,D,DO,F ,T,N,L,50,0,0,0,1750976,5914807
Auckland,28/10/2014,Tue,1812,FD,CW1V,331A 353A 904 ,,R,D,O ,M , , ,C,50,0,0,1,1748546,5913907
Auckland,04/09/2014,Thu,720,BF,CN1CC,103A 111A 131A ,,M,D,BF,F , ,N,P,50,0,1,1,1748546,5913907
Auckland,04/09/2014,Thu,820,JA,TW1C,205A 302B ,,R,D,B ,F ,T,G,C,50,0,0,0,1748452,5913939
Auckland,10/08/2014,Sun,1150,FD,CN1C,331A ,,R,D,B ,F , , ,L,50,0,0,1,1749859,5913963
Auckland,22/06/2014,Sun,1906,NC,CN2E,341A 352A ,,R,D,DO,F ,X,T,R,50,0,0,1,1749845,5913950
Auckland,15/09/2014,Mon,1450,FA,CW1C,181A 191B ,,R,D,O ,F ,T,N,C,50,0,0,0,1746115,5917012
Auckland,18/10/2014,Sat,1244,JA,CE1C,301B 375B ,,E,W,O ,F ,T,S,C,50,0,0,0,1746123,5917006
Auckland,06/03/2014,Thu,845,AA,CN1P,372A 150B ,,R,D,B ,F ,T,S,C,50,0,0,1,1746123,5917006
Auckland,14/05/2014,Wed,1300,JA,CE1C,301B 370B 387B 801 ,,R,W,O ,L ,T,S,P,50,0,0,0,1746123,5917006
Auckland,31/07/2014,Thu,1010,JA,4E1C,301B ,,E,D,O ,F ,T,S,P,50,0,0,0,1746123,5917006
Auckland,11/06/2014,Wed,2015,FE,TS1C,103A 331A ,,R,D,DO,F ,X,T,P,50,0,0,0,1749964,5914060
Auckland,07/05/2014,Wed,1150,MC,CS1C,372B ,,R,D,BF,F , ,N,P,50,0,0,0,1750009,5914100
Auckland,15/04/2014,Tue,945,NG,CN1,351A 372A 715B ,,R,D,B ,F , , ,P,50,0,0,1,1749994,5914087
Auckland,19/12/2014,Fri,2336,MO,CW1C,133A 404A ,KQ,R,D,DO,F ,X,T,C,50,0,0,1,1749956,5914053
Auckland,29/05/2014,Thu,2214,NA,CE1E,370A 105B 712B ,,R,W,DO,L ,T,G,C,50,0,1,0,1752826,5918313
Auckland,09/09/2014,Tue,1500,DC,CE1,133A 507A 930 ,C,R,D,O ,F ,D, ,P,50,0,0,0,1745878,5917172
Auckland,25/07/2014,Fri,1320,MC,CS1T,372B ,,R,D,BF,F , ,N,C,50,0,0,0,1754047,5918390
Auckland,15/05/2014,Thu,2020,FD,CW1C,104A 331A ,,R,D,DO,F , , ,C,50,0,0,0,1754134,5918450
Auckland,14/03/2014,Fri,35,LB,CS1C,303B ,,R,D,DO,F ,X,T,C,50,0,0,0,1754122,5918441
Auckland,18/12/2014,Thu,1545,FD,CW1CC,181A 331A ,,R,D,O ,F , , ,C,50,0,0,1,1753036,5918361
Auckland,23/03/2014,Sun,1918,FE,CW1C,181A 902 ,,R,D,B ,F ,T,T,C,50,0,0,0,1753222,5918394
Auckland,11/02/2014,Tue,1650,FE,CE1C,331A ,,R,D,B ,F ,X,T,C,50,0,0,0,1756243,5919254
Auckland,26/04/2014,Sat,2150,LB,CN2CC,322A 330A 191B 197B 181C 331C ,,R,D,DO,F ,X,T,C,50,0,0,0,1756247,5919258
Auckland,18/03/2014,Tue,750,FD,CS1C,181A 331A ,,R,D,O ,F ,T,G,C,50,0,0,1,1747340,5914834
Auckland,17/10/2014,Fri,1455,AO,TE1C,671A ,,R,D,OF,F , ,N,C,50,0,0,0,1749324,5913916
Auckland,26/07/2014,Sat,1640,KA,CE1C,301B ,,R,D,OF,F ,T,S,C,50,0,0,0,1749304,5913915
Auckland,26/04/2014,Sat,1231,LB,CE1C,303B 386B ,,R,D,B ,F ,T,N,C,50,0,0,0,1749304,5913915
Auckland,12/03/2014,Wed,1646,FE,CE1C,181A ,,R,D,BF,F ,X,T,C,50,0,0,0,1752387,5918083
Auckland,24/06/2014,Tue,1145,MC,TE1C,372B ,,E,D,O ,F , , ,R,50,0,0,1,1752107,5918054
Auckland,03/07/2014,Thu,1107,NB,CW1E,712B 713B ,,R,W,O ,L , , ,C,50,0,1,0,1756196,5919209
Auckland,04/06/2014,Wed,1316,NA,CE1E,712B ,,R,D,B ,F , , ,C,50,0,1,0,1750613,5914600
Auckland,13/12/2014,Sat,1215,DA,4N1C,108A 131A ,,E,D,B ,F , , ,C,50,0,0,0,1750729,5914630
Auckland,31/08/2014,Sun,1854,LB,CW1C,303B 334B ,,R,W,DO,HS,T,T,R,50,0,0,0,1750463,5914502
Auckland,01/04/2014,Tue,1420,GA,CW1C,181A 387A 142B ,,R,D,B ,F ,T,G,C,50,0,0,0,1750463,5914502
Auckland,21/09/2014,Sun,1634,LB,CW1C,303B ,,R,D,B ,F ,T,T,C,50,0,0,0,1750463,5914502
Auckland,24/10/2014,Fri,1919,KB,CN1C,303B 375B ,,R,D,BF,F ,T,T,C,50,0,0,0,1750463,5914502
Auckland,18/09/2014,Thu,1950,LB,CW1C,303B ,,R,D,TO,F ,T,T,R,50,0,0,2,1750463,5914502
Auckland,06/12/2014,Sat,1445,FD,CW1CT,331A 358A ,,R,D,BF,F ,T,G,P,50,0,0,0,1753006,5918354
Auckland,26/06/2014,Thu,1039,FB,4E1C,181A 817 ,,E,D,O ,F ,T,G,R,50,0,0,0,1752061,5918057
Auckland,11/11/2014,Tue,1431,AC,CN1VC,372A 191B 181C ,,E,D,BF,F ,Y,N,C,50,0,0,0,1751972,5917941
Auckland,07/09/2014,Sun,1230,KB,VS1C,302B 375B ,,R,D,O ,F ,T,G,P,50,0,0,0,1751195,5915368