TLANAME,CRASHDATE,CRASHDOW,CRASHTIME,MVMT,VEHICLES,CAUSES,OBJECTSSTRUCK,ROADCURVE,ROADWET,LIGHT,WTHRa,JUNCTYPE,TRAFCTRL,ROADMARK,SPDLIM,CRASHFATALCNT,CRASHSEVCNT,CRASHMINCNT,EASTING,NORTHING
Auckland,13/03/2014,Thu,1830,FB,CN1CC,331A 352A 402A ,,R,D,B ,F ,T,G,C,50,0,0,0,1751195,5915368
Auckland,10/10/2014,Fri,2230,FA,4N1C,101A 110A 331A ,,R,D,DO,F , , ,R,50,0,0,0,1745405,5917303
Auckland,18/04/2014,Fri,1258,AC,CW1V,372A ,,E,D,BF,F ,X,T,C,50,0,0,0,1745439,5917253
Auckland,10/06/2014,Tue,1455,NB,4W1EE,713B ,,R,D,B ,F , , ,C,50,0,1,1,1749451,5913914
Auckland,21/02/2014,Fri,1120,AA,CW1B,372A ,,R,D,BF,F , ,N,C,50,0,0,0,1749471,5913913
Auckland,05/09/2014,Fri,1326,FA,MW1X,181A 357A 434A ,,R,D,B ,F , , ,C,50,0,0,0,1749331,5913917
Auckland,11/02/2014,Tue,1330,AA,CW1V,372A 381A ,,R,D,B ,F ,X,T,C,80,0,0,0,1749411,5913917
Auckland,02/07/2014,Wed,701,AC,4E1C,372A 671A ,,R,D,B ,F , , ,C,50,0,0,0,1749371,5913918
Auckland,04/04/2014,Fri,1635,FE,CN1V,181A 331A 402A ,,E,D,B ,F ,X,T,C,50,0,0,1,1745439,5917253
Auckland,09/10/2014,Thu,745,DA,CS1,111A 132A ,X,E,W,B ,F ,X,T,L,50,0,0,0,1747481,5914715
Auckland,13/09/2014,Sat,940,GD,CS1C,331A ,,R,D,B ,F ,T,G,N,50,0,0,0,1751414,5916259
Auckland,01/04/2014,Tue,1130,HA,CS1C,302A 375A ,,E,D,BF,F ,R,G,R,50,0,0,0,1751177,5915030
Auckland,30/03/2014,Sun,950,HA,CW2C,302A 375A ,,M,D,BF,F ,R,G,R,50,0,0,0,1751198,5915037
Auckland,17/05/2014,Sat,1300,HA,CW2C,302A ,,R,D,BF,F ,R,G,R,50,0,0,2,1751198,5915037
Auckland,21/09/2014,Sun,1049,LB,CW2C,302A ,,M,W,O ,H ,R,G,R,50,0,0,0,1751198,5915037
Auckland,05/09/2014,Fri,1525,JA,TW1C,308B 922 ,,R,W,O ,L ,D,N,P,50,0,0,0,1753937,5918363
Auckland,16/11/2014,Sun,2045,MC,CE1C,372B ,,R,D,DO,F , ,N,C,50,0,0,0,1753638,5918371
Auckland,14/05/2014,Wed,2310,DA,CN2C,104A 131A ,,M,W,DO,F ,T,T,P,50,0,0,0,1753838,5918357
Auckland,05/12/2014,Fri,1755,DA,CE1CCC,137A ,,R,D,BF,F ,T,T,R,50,0,0,0,1754102,5918427
Auckland,24/08/2014,Sun,530,MO,CE1VC,512A 514A 517A ,,R, ,TO,  ,X,T,R,50,0,0,0,1754102,5918427
Auckland,27/09/2014,Sat,520,DA,CE1,111A 402A 514A 517A ,K,M,D,DO,F , , ,C,50,0,0,0,1754665,5918810
Auckland,17/03/2014,Mon,2011,NA,CS1E,306A 351A ,,R,D,DO,F ,T,T,X,50,0,1,0,1755880,5918904
Auckland,02/12/2014,Tue,1347,JA,CW1C,308B 375B 929 ,,R,D,B ,F ,D,N,C,50,0,0,0,1755855,5918880
Auckland,30/03/2014,Sun,1415,JA,CN1C,302B ,,R,D,B ,F ,T,G,C,50,0,0,0,1755862,5918887
Auckland,01/08/2014,Fri,815,LB,CS2C,303B 322B ,,R,D,BF,F ,X,T,C,50,0,0,0,1745063,5917751
Auckland,01/05/2014,Thu,1415,LB,CE2C,323B 353B ,,E,D,BF,F ,M,T,R,50,0,0,0,1745063,5917751
Auckland,08/04/2014,Tue,1925,NA,CS1EE,711B 718B ,,R,D,DO,F , ,T,X,50,0,2,0,1746529,5916470
Auckland,08/07/2014,Tue,2020,GF,CN1C,381A ,,E,W,DO,F ,R,G,C,50,0,0,0,1746530,5916490
Auckland,23/03/2014,Sun,1530,HA,CS2C,308A 925 ,,M,D,BF,F ,D,G,R,50,0,0,0,1746539,5916504
Auckland,01/01/2014,Wed,838,AC,CW1V,381A ,,E,D,OF,F , ,N,C,50,0,0,0,1749481,5913912
Auckland,05/06/2014,Thu,2156,JA,CW14,103B 308B 929 ,,R,D,DO,F ,D,N,P,50,0,0,0,1750117,5914196
Auckland,14/09/2014,Sun,1328,AA,CE1C,184A 372A ,,R,W,O ,L ,X,T,R,50,0,0,0,1749431,5913916
Auckland,18/02/2014,Tue,930,FE,CE1C,331A ,,R,D,B ,F ,X,T,C,50,0,0,0,1749431,5913916
Auckland,22/05/2014,Thu,1923,EA,CS1M,129A ,M,R,D,DO,F , ,N,C,50,0,0,0,1749625,5913889
Auckland,09/04/2014,Wed,1415,EA,TW1C,371A ,M,R,D,B ,F , , ,C,50,0,0,0,1749615,5913891
Auckland,28/05/2014,Wed,1145,AA,CE1C,334A ,,R,D,B ,F ,T,T,C,50,0,0,0,1749674,5913882
Auckland,02/04/2014,Wed,1600,FE,CE1C,181A ,,M,D,B ,F ,T,T,C,50,0,0,0,1749674,5913882
Auckland,05/06/2014,Thu,1000,MG,CW14,371B 929 ,,R,D,B ,F ,D,N,C,50,0,0,0,1745588,5917222
Auckland,13/11/2014,Thu,1700,FD,CE1C,181A 331A ,,R,D,B ,F , , ,C,50,0,0,0,1745588,5917222
Auckland,03/03/2014,Mon,815,FD,VE1CC,181A ,,R,W,O ,F ,T,N,C,50,0,0,0,1755786,5918813
Auckland,22/09/2014,Mon,1932,KA,SW14,534A 602A 308B 375B 925 ,,R,D,DO,F ,D, ,C,50,0,1,0,1750149,5914225
Auckland,31/03/2014,Mon,1542,MA,CN1C,373B ,,R,D,O ,F , , ,C,50,0,0,0,1750134,5914212
Auckland,02/03/2014,Sun,1645,MA,CW1C,373B ,,R,D,BF,F , ,N,C,50,0,0,0,1750059,5914145
Auckland,23/02/2014,Sun,1416,AA,CW1C,381A ,,R,D,BF,F ,X,T,P,50,0,0,0,1750209,5914278
Auckland,05/10/2014,Sun,825,HA,CW1C,324A ,,R,D,OF,F ,X,T,C,50,0,0,0,1750209,5914278
Auckland,23/04/2014,Wed,2344,LB,CN1C,197A 303B 375B 402B ,P,R,D,DO,F ,X,T,C,50,0,0,1,1751159,5915886
Auckland,27/01/2014,Mon,1805,FE,CN14,331A ,,R,D,B ,F ,T,T,C,50,0,0,0,1751159,5915886
Auckland,12/01/2014,Sun,1412,FE,CN1CC,181A ,,R,D,OF,F ,X,T,C,50,0,0,0,1746573,5915609
Auckland,22/06/2014,Sun,349,DB,CS1,103A 131A ,FH,M,D,DO,F , ,N,C,50,0,0,0,1746582,5915525
Auckland,08/06/2014,Sun,1202,JA,CN1C,322A ,,R,D,OF,F ,X,T,C,50,0,0,2,1746573,5915624
Auckland,28/01/2014,Tue,1340,JA,CN1C,322A ,,R,D,BF,F ,X,T,C,50,0,0,0,1746573,5915624
Auckland,02/04/2014,Wed,,JA,CS1C,308B 929 ,,R,D,B ,F ,D,N,P,50,0,0,0,1745209,5917536
Auckland,21/03/2014,Fri,,MO,CS1C,386A ,M,R,D,B ,F , , ,C,50,0,0,0,1751146,5915576
Auckland,28/01/2014,Tue,1915,GD,CN1C,333A 350A ,,R,D,B ,F ,T,S,L,50,0,0,0,1751130,5915645
Auckland,11/09/2014,Thu,1911,FD,CW1TC,181A ,,R,D,DO,F , ,N,P,50,0,0,0,1748923,5913886
Auckland,01/12/2014,Mon,1546,GC,CS1V,173A 340A ,,R,D,B ,F ,X,T,C,50,0,0,1,1751979,5917906
Auckland,24/07/2014,Thu,1250,MC,CS1C,372B ,,R,D,B ,F , ,N,P,50,0,0,0,1751953,5917714
Auckland,01/10/2014,Wed,638,LB,CN1C,324A ,,R,D,DO,F ,X,T,C,50,0,0,1,1751988,5917825
Auckland,21/10/2014,Tue,2316,LB,CN14,322A 334A 350A ,,R,D,DO,F ,X,T,R,50,0,0,0,1751979,5917906
Auckland,08/01/2014,Wed,1230,FC,CW1C,181A 331A ,,M,D,O ,F ,T,T,X,50,0,0,0,1748236,5914016
Auckland,11/06/2014,Wed,2053,LB,CW1C,322A ,,E,D,DO,F ,T,T,P,50,0,0,0,1748236,5914016
Auckland,31/10/2014,Fri,740,JA,VN1C,302B 375B ,,M,D,B ,F ,T,G,C,50,0,0,1,1748037,5914236
Auckland,22/09/2014,Mon,550,LB,CN1C,303B 377B 904 ,,R,D,O ,M ,T,G,C,50,0,0,0,1748037,5914236
Auckland,03/10/2014,Fri,2228,DA,CN1CC,130A 195A 404A ,M,E,W,DO,L , , ,C,50,0,0,0,1754880,5918664
Auckland,16/03/2014,Sun,2250,DA,CN1CC,131A ,M,E,W,DO,L , ,N,C,50,0,0,0,1754894,5918580
Auckland,02/09/2014,Tue,245,DA,XN1C,111A 131A 330A ,MX,M,D,DO,F , , ,C,50,0,0,0,1754894,5918580
Auckland,29/03/2014,Sat,1600,KA,BN1C,308B 927 ,,R,D,B ,F ,D, ,C,50,0,0,2,1751109,5914957
Auckland,19/12/2014,Fri,2335,EA,CS1C,129A ,M,R,D,DO,F , ,N,C,50,0,0,0,1751109,5914957
Auckland,29/03/2014,Sat,10,HA,CS1C,302A ,,R,D,DO,F ,R,G,R,50,0,0,0,1751177,5915030
Auckland,03/07/2014,Thu,1040,KA,TS1C,322A 334A ,,R,W,O ,F ,T,T,C,50,0,0,0,1760933,5914523
Auckland,07/04/2014,Mon,900,FF,CS1C,181A 330A ,,R,D,BF,F , ,N,P,50,0,0,0,1760150,5915507
Auckland,22/07/2014,Tue,910,KA,CS1C,314B 377B ,,R,D,B ,F ,T,G,C,50,0,0,0,1760135,5915521
Auckland,09/06/2014,Mon,800,AA,VN1V,381A ,,R,W,OF,L ,T,T,C,50,0,0,0,1763825,5910204
Auckland,11/08/2014,Mon,1815,EA,CS1C,129A ,M,R,D,DO,F , , ,C,50,0,0,0,1763849,5910171
Auckland,06/11/2014,Thu,1000,MA,CN1C,373B ,,R,D,B ,F , , ,C,50,0,0,0,1764361,5909291
Auckland,25/06/2014,Wed,1930,MC,CN1C,372B 901 ,,M,W,DO,H , , ,C,50,0,0,3,1764352,5909252
Auckland,25/07/2014,Fri,1500,KB,CS1C,308B 375B 926 ,,R,W,OF,F ,D,N,C,50,0,0,0,1764360,5909281
Auckland,30/11/2014,Sun,2210,NA,CS1E,711B 724B ,,E,D,DO,F , , ,C,50,0,1,0,1764329,5909207
Auckland,12/10/2014,Sun,610,AC,CS1C,372A ,,R,D,B ,F ,X,G,C,100,0,0,0,1768909,5900846
Auckland,10/07/2014,Thu,1805,LB,CS1C,375B 377B 930 ,,R,D,DO,F ,D, ,P,50,0,0,0,1768894,5900859
Auckland,02/01/2014,Thu,330,MO,CS1C,103A 130A ,M,R,D,DO,F , ,N,C,50,0,0,0,1768768,5900974
Auckland,12/12/2014,Fri,2130,LB,4S1C,303B 375B ,,R,D,DO,F ,T,T,C,50,0,0,0,1768916,5900839
Auckland,27/11/2014,Thu,2119,FB,VS1C,103A 331A ,,E,D,DO,F ,X,T,R,50,0,0,0,1768916,5900839
Auckland,15/12/2014,Mon,2112,FE,VN1C,181A 331A 801 ,,R,W,DO,L ,X,T,C,50,0,0,1,1768916,5900839
Auckland,23/01/2014,Thu,1700,MD,SE1V,308B 330B 371B 929 ,,R,D,TF,F ,D,N,C,50,0,1,0,1766743,5905835
Auckland,28/03/2014,Fri,1410,FF,CW1C,112A 402A 431A ,,R,D,BF,F , ,N,C,50,0,0,0,1766578,5905930
Auckland,16/04/2014,Wed,1645,FD,CS14,181A 358A ,,R,W,O ,L , , ,P,50,0,0,0,1759332,5916313
Auckland,13/05/2014,Tue,745,JA,CN1C,302B 314B 350B ,,R,W,O ,F ,T,G,C,50,0,0,0,1760086,5915568
Auckland,20/08/2014,Wed,1538,MO,CS1C,371A 385A ,M,R,D,BF,F , ,N,C,50,0,0,0,1764114,5909807
Auckland,10/06/2014,Tue,1100,LB,CW2C,303B 901 ,,R,W,ON,H ,X,T,C,50,0,0,0,1764097,5909831
Auckland,20/10/2014,Mon,942,ND,4W1E,307A ,,R,D,O ,F ,X,T,C,50,0,1,0,1764097,5909831
Auckland,04/07/2014,Fri,1555,MO,CN1C,371A 386A ,M,R,D,B ,F ,T,N,C,50,0,0,0,1772761,5896275
Auckland,27/05/2014,Tue,1250,NG,CS1E,371A 714B 730B ,,R,D,B ,F , , ,C,50,0,0,1,1772828,5896122
Auckland,19/10/2014,Sun,1600,AC,CS1C,372A ,,R,D,BF,F , ,N,C,50,0,0,0,1764730,5908460
Auckland,24/09/2014,Wed,1115,NB,CS1E,713B 718B ,,E,D,B ,F ,X,T,R,50,0,0,1,1767587,5904632
Auckland,23/12/2014,Tue,1300,FD,CS1C,181A ,,E,D,BF,F ,X,T,C,50,0,0,0,1772729,5895404
Auckland,11/09/2014,Thu,1633,KB,VS1C,301B 314B 353B ,,R,D,BF,F ,T,S,C,50,0,0,0,1764428,5908718
Auckland,25/08/2014,Mon,1800,LB,CN1C,303B ,,R,D,DO,F ,X,T,C,50,0,0,0,1770335,5898946
Auckland,17/04/2014,Thu,1945,JA,CN1C,301B ,,R,D,DO,F ,X,S,C,50,0,0,0,1763393,5911223
Auckland,30/05/2014,Fri,1905,NB,CE1E,341A 715B 724B ,,R,D,DO,F , ,N,C,50,0,0,1,1766260,5906117
Auckland,06/05/2014,Tue,920,FD,CW14C,181A ,,R,D,BF,F , ,N,P,50,0,0,0,1766234,5906132
Auckland,09/11/2014,Sun,720,CB,CN1,102A 130A 412A ,FP,R,D,B ,F ,T,S,P,50,0,0,1,1766277,5906106
Auckland,11/08/2014,Mon,1229,FE,CW1C,181A ,,R,D,BF,F ,M,T,C,50,0,0,0,1758389,5917468
Auckland,10/01/2014,Fri,820,GF,VN1V,172A ,,R,D,OF,F ,X,T,C,50,0,0,0,1768189,5902430
Auckland,30/03/2014,Sun,1120,LB,CN1C,303B 325B ,,R,D,BF,F ,X,T,R,50,0,0,0,1768189,5902430
Auckland,27/06/2014,Fri,1641,LB,CN1C,303B 382B ,,R,W,TO,L ,X,T,N,50,0,0,1,1768189,5902430
Auckland,02/05/2014,Fri,1040,LB,CS1C,303B 375B ,,E,D,B ,F ,X,T,R,50,0,0,1,1768189,5902430
Auckland,02/05/2014,Fri,1900,FE,CS1C,331A ,,R,D,DO,F ,X,T,C,50,0,0,0,1768189,5902430
Auckland,17/01/2014,Fri,900,HA,VS1C,322A 334A ,,R,W,OF,F ,X,T,N,50,0,0,0,1768189,5902430
Auckland,10/01/2014,Fri,1345,GD,CW1C,331A ,,R,D,B ,F ,T,N,C,50,0,0,0,1772285,5897090
Auckland,17/10/2014,Fri,1530,JA,CS1C,301B 375B ,,R, , F,  ,T,S,C,50,0,0,0,1765805,5906636
Auckland,15/04/2014,Tue,1445,DA,CN1,133A 423A ,PS,R,D,OF,F ,T,G,R,50,0,0,0,1772704,5895207
Auckland,15/02/2014,Sat,,CB,CN1,130A ,F,R,D,BF,F ,T,N,P,50,0,0,0,1773418,5892055
Auckland,14/05/2014,Wed,820,FD,CN1C,331A ,,R,W,O ,L , , ,C,50,0,0,0,1760349,5915301
Auckland,10/03/2014,Mon,1030,GF,CS1C,173A ,,E,D,BF,F ,T,T,C,50,0,0,0,1760285,5915378
Auckland,19/10/2014,Sun,200,MC,CS1C,372B ,,R,W,DO,H , , ,C,50,0,0,0,1766978,5905666
Auckland,30/11/2014,Sun,1940,CB,VS1C,103A 130A ,T,R,D,O ,F , , ,P,50,0,0,1,1767372,5905018
Auckland,13/01/2014,Mon,1750,FE,CN1C,331A ,,R,D,B ,F ,X,T,C,70,0,0,0,1767440,5904922
Auckland,24/07/2014,Thu,1305,MO,CN1C,371A 926 ,,R,D,B ,F ,D,N,N,50,0,0,0,1767454,5904902
Auckland,16/10/2014,Thu,1545,NA,CN1E,711B 712B ,,R,D,BF,F , ,N,C,50,0,0,1,1767454,5904902
Auckland,10/07/2014,Thu,2332,LB,CS1C,322A 925 ,,R,D,DO,S ,D,T,R,60,0,0,0,1767523,5904804
Auckland,12/11/2014,Wed,1537,FE,CS1C,181A 387A ,,R,W,O ,L ,X,T,R,50,0,0,0,1767430,5904936
Auckland,22/10/2014,Wed,810,AO,CN1C,381A ,,R,D,OF,F , ,N,C,50,0,0,0,1766064,5906274
Auckland,11/08/2014,Mon,1353,JA,CN1C,301B 407B ,,R,D,O ,F ,T,S,C,50,0,0,0,1766075,5906258
Auckland,17/09/2014,Wed,930,JA,CS1C,197A 308B 375B 929 ,,R,D,O ,F ,D, ,P,50,0,0,0,1770171,5899106
Auckland,17/05/2014,Sat,1259,FD,CN1C,181A 331A ,,R,D,B ,F ,X,S,C,50,0,0,0,1770211,5899067
Auckland,10/04/2014,Thu,1145,MA,CS1V,373B ,,R,D,B ,F , , ,C,50,0,0,0,1765663,5906836
Auckland,21/02/2014,Fri,1515,MC,CN1X,372B ,,R,D,BF,F ,X,T,C,50,0,0,0,1765625,5906889
Auckland,02/10/2014,Thu,1423,NA,CS1E,712B 713B ,,R,D,O ,F ,T,N,C,50,0,0,1,1765640,5906868
Auckland,01/10/2014,Wed,1239,AC,CN1CC,372A ,M,R,D,B ,F , , ,C,50,0,0,0,1765646,5906860
Auckland,02/11/2014,Sun,300,BE,CS1V,112A 130A ,,R,D,DO,F ,T,T,C,50,0,0,0,1765634,5906877
Auckland,17/01/2014,Fri,1115,LB,CS1C,303B ,,R,D,BF,F ,T,T,C,50,0,0,2,1765634,5906877
Auckland,02/06/2014,Mon,2300,KA,CS1C,103B 322B 402B ,,R,D,DO,F ,T,T,C,50,0,0,0,1765634,5906877
Auckland,14/08/2014,Thu,1701,AO,CS1T,129A 129B 801 ,,R,W,TF,L , , ,C,50,0,0,0,1762608,5912650
Auckland,19/04/2014,Sat,1903,JA,4N1C,322B ,,R,D,DO,F ,T,T,C,50,0,0,0,1762676,5912577
Auckland,29/04/2014,Tue,1847,FE,CN1CC,181A 181B ,,R,D,DO,F ,X,T,R,50,0,0,0,1762676,5912577
Auckland,28/12/2014,Sun,2000,DA,CS1,410A ,G,E,D,O ,F ,T,N,C,60,0,0,0,1772477,5896947
Auckland,06/11/2014,Thu,258,CB,CN1,103A 410A ,FS,R,D,DO,F ,T,N,C,50,0,0,0,1768441,5901452
Auckland,16/10/2014,Thu,1710,LB,SS1C,303B 375B 929 ,,R,D,O ,F ,D,N,C,50,0,1,0,1768443,5901442
Auckland,18/05/2014,Sun,1835,GE,4N14,160A 333A 387A 927 ,,R,D,DO,F ,D, ,P,50,0,0,0,1768140,5902615
Auckland,15/09/2014,Mon,2030,MA,CN1C,373B ,,R,D,TF,L , , ,C,50,0,0,0,1768157,5902517
Auckland,10/12/2014,Wed,930,MO,CS1V,371A 385A ,M,R,D,BF,F ,T,N,X,50,0,0,0,1764143,5909767
Auckland,16/10/2014,Thu,1030,FC,CS1C,181A ,,R,D,B ,F , , ,X,50,0,0,0,1764143,5909767
Auckland,31/07/2014,Thu,1510,NB,CS1E,712B 713B ,,R,D,BF,F , ,N,C,50,0,1,0,1765507,5907053
Auckland,04/03/2014,Tue,1928,GE,CW2C,173A ,,E,D,O ,F ,T,T,C,60,0,0,0,1765553,5906988
Auckland,23/01/2014,Thu,1005,EA,CN1C,386A ,M,R,D,B ,F ,T,N,C,50,0,0,0,1765553,5906988
Auckland,06/06/2014,Fri,1346,FE,CS1C,334A 358A ,,R,D,BF,F ,X,T,C,50,0,0,0,1765553,5906988
Auckland,23/05/2014,Fri,940,GF,VW2C,129B 503B ,,E,D,B ,F ,T,T,N,50,0,0,0,1765553,5906988
Auckland,06/11/2014,Thu,812,JA,CN1C,302B 375B ,,R,W,OF,L ,T,G,C,50,0,0,0,1758680,5917183
Auckland,24/06/2014,Tue,830,JA,CN14,302B 377B ,,R,W,O ,F ,T,G,C,50,0,0,0,1758680,5917183
Auckland,06/08/2014,Wed,1800,JA,CN1C,308B 377B 839 929 ,,R,D,TF,F ,D, ,C,50,0,0,0,1764349,5909384
Auckland,15/01/2014,Wed,1207,GD,VN1C,181A ,,R,D,BF,F ,T,G,C,50,0,0,0,1764361,5909335
Auckland,23/08/2014,Sat,1846,MD,4N1T,308B 600B 606B 929 ,FX,S,D,DN,F ,D,N,C,100,0,0,0,1775037,5885052
Auckland,01/04/2014,Tue,1500,FE,CS1C,103A 331A ,,R,D,BF,F , ,T,X,50,0,0,0,1764333,5909453
Auckland,07/09/2014,Sun,1800,KA,CN1C,308B 925 ,,R,D,DO,  ,D,N,C,50,0,0,0,1764348,5909389
Auckland,21/04/2014,Mon,1400,JA,CN1C,301B ,,R,D,O ,F ,T,S,C,50,0,0,0,1764345,5909404
Auckland,17/02/2014,Mon,2110,DA,CS1,104A 111A ,C,M,D,DO,F , ,N,C,70,0,0,0,1772801,5893332
Auckland,06/03/2014,Thu,645,FA,BN1C,181A 191B 357B ,,R,D,O ,F ,T,N,C,70,0,0,0,1772630,5893795
Auckland,12/10/2014,Sun,730,AO,CS1C,150A 386A ,,R,D,B ,F , ,N,C,50,0,0,0,1767674,5904450
Auckland,19/12/2014,Fri,1500,JA,CS14,302B ,,R,D,BF,F ,T,G,R,50,0,1,0,1767643,5904490
Auckland,19/12/2014,Fri,930,AA,CN1C,184A ,,R,D,BF,F ,T,G,C,50,0,0,0,1771216,5898118
Auckland,31/10/2014,Fri,1021,AO,CS1TC,129A 386A 110B ,M,R,D,O ,F ,T,N,C,50,0,0,0,1770824,5898463
Auckland,19/04/2014,Sat,1001,FD,CS1CV,181A 331A ,,R,D,O ,F , , ,P,50,0,0,0,1770889,5898401
Auckland,02/04/2014,Wed,1836,JA,VN1C,103B 301B ,,R,D,O ,F ,T,S,P,50,0,0,0,1770817,5898470
Auckland,07/01/2014,Tue,1445,KA,BS1C,301B 387B ,,R,D,B ,F ,T,S,C,50,0,0,0,1768331,5901956
Auckland,29/07/2014,Tue,1810,JA,4S1C,301B ,,R,D,DO,F ,T,S,N,50,0,0,0,1768331,5901956
Auckland,31/03/2014,Mon,1845,MO,CN14,371A ,M,R,D,BF,F , ,N,C,50,0,0,0,1765056,5907807
Auckland,02/02/2014,Sun,1210,AC,CN1V,184A 184B ,,R,D,B ,F , , ,C,50,0,0,0,1759867,5915777
Auckland,30/08/2014,Sat,1830,FE,CW1C,181A ,,R,W,DO,L ,X,T,C,50,0,0,0,1759882,5915763
Auckland,25/04/2014,Fri,1930,FE,CN1C,181A 331A ,,R,D,DO,F ,X,T,C,50,0,0,0,1759882,5915763
Auckland,25/12/2014,Thu,725,LB,CS1V,303B ,,R,D,BF,F ,X,T,C,50,0,0,0,1759882,5915763
Auckland,30/05/2014,Fri,800,AA,CN1C,372A 671A ,,R,W,O ,F ,X,T,C,50,0,0,0,1759882,5915763
Auckland,31/05/2014,Sat,705,CB,CN1,130A 504A ,PT,R,D,O ,F , ,N,C,80,0,1,0,1761197,5914172
Auckland,21/07/2014,Mon,1555,AA,CS1C,372A ,,R,W,OF,F ,T,S,C,50,0,0,0,1761288,5914053
Auckland,13/05/2014,Tue,945,HA,CS1C,302A 375A ,,M,W,BF,F ,R,G,R,50,0,0,0,1761072,5914347
Auckland,22/02/2014,Sat,300,DB,CW2,103A 431A ,P,M,D,DO,F ,R,G,R,50,0,0,0,1761074,5914348
Auckland,05/12/2014,Fri,1200,HA,CS14,302A ,,E,D,B ,F ,R,G,R,50,0,0,1,1761072,5914347
Auckland,21/02/2014,Fri,1202,NA,CS1E,713B 726B ,,R,D,B ,F , , ,X,50,0,0,1,1764204,5909686
Auckland,30/10/2014,Thu,948,MO,CN1C,386A 402A ,,R,D,B ,F ,T,S,C,50,0,0,0,1764192,5909702
Auckland,26/02/2014,Wed,700,FA,CN1C,181A 132B 191B ,,R,D,B ,F , ,N,C,50,0,0,1,1768403,5901625
Auckland,01/04/2014,Tue,1445,MG,BN1C,371B ,,R,D,B ,F , ,N,C,50,0,0,0,1768718,5901024
Auckland,23/08/2014,Sat,245,MO,CN1,352A 385A ,KX,R,D,DO,F , , ,C,50,0,0,0,1768818,5900927
Auckland,20/12/2014,Sat,1700,MA,CN1V,373B 901 ,,R,W,O ,H , , ,C,50,0,0,0,1768833,5900914
Auckland,02/05/2014,Fri,1820,JC,CN1C,322B ,,R,D,DO,F ,T,T,C,50,0,0,0,1768781,5900961
Auckland,11/08/2014,Mon,2345,GC,PN1C,372B ,,R,D,DO,F ,T,N,C,50,0,0,1,1768781,5900961
Auckland,27/06/2014,Fri,1225,DA,CN1,131A 134A ,FS,E,W,O ,L , ,N,C,100,0,0,0,1775256,5884531
Auckland,04/11/2014,Tue,2231,FD,TS1CCC,181A 331A 359A 181B 181C 181D ,,R,D,DO,F , , ,C,50,0,0,0,1768615,5901146
Auckland,20/09/2014,Sat,1320,EA,CS1C,386A ,M,R,D,B ,F , ,N,R,50,0,0,0,1768594,5901180
Auckland,10/01/2014,Fri,950,KB,CN1C,322A ,,R,D,BF,F ,T,T,C,50,0,0,0,1768632,5901121
Auckland,28/10/2014,Tue,750,FA,CS1C,181A ,C,R,W,OF,F , ,N,C,50,0,0,1,1763584,5910528
Auckland,15/09/2014,Mon,1652,CB,CS1,136A 650A ,K,R,D,B ,F , , ,C,50,0,0,0,1762149,5913312
Auckland,10/12/2014,Wed,2113,DA,CN1,110A 131A ,P,E,W,DO,L , ,N,C,50,0,0,1,1762168,5913214
Auckland,12/04/2014,Sat,1700,EA,CN1C,386A ,M,R,D,B ,F , ,N,C,80,0,0,0,1765694,5906791
Auckland,25/09/2014,Thu,1025,FE,BN1C,181A 331A ,,R,D,B ,F ,X,T,C,70,0,0,1,1763837,5910187
Auckland,16/07/2014,Wed,1640,HA,SE2T,322A ,,R,D,BF,F ,X,T,C,50,0,0,1,1763837,5910187
Auckland,10/06/2014,Tue,1249,DB,CN1,111A 131A ,,R,W,OF,L ,T,N,C,100,0,0,1,1775507,5884363
Auckland,28/11/2014,Fri,830,AO,CN1C,357A 512A ,,R,D,BF,F , ,N,C,50,0,0,0,1771580,5897737
Auckland,08/11/2014,Sat,1205,FD,CN1CCC,331A 352A ,,R,D,BF,F , ,N,C,50,0,0,1,1771610,5897698
Auckland,02/07/2014,Wed,1315,GF,CN1V,333A 350A ,,R,W,OF,F ,T,S,P,50,0,0,0,1760786,5914720
Auckland,21/08/2014,Thu,1245,EO,TN1CC,668A ,M,R,D,O ,F , ,N,C,50,0,0,0,1759282,5916375
Auckland,07/08/2014,Thu,1510,FC,CN1CC,331A 181B ,,R,D,O ,F , , ,X,50,0,0,0,1765226,5907477
Auckland,30/08/2014,Sat,2240,EA,CS1C,410A 801 ,M,R,W,DO,L , , ,C,50,0,0,1,1765305,5907350
Auckland,13/12/2014,Sat,2220,KB,CN14,301B ,,R,W,DO,L ,T,S,P,50,0,0,1,1765253,5907435
Auckland,31/12/2014,Wed,1044,EC,CS1,130A 826 ,PX,R,D,OF,F , ,N,C,50,0,0,0,1768449,5901424
Auckland,23/10/2014,Thu,1501,BF,CS1X,410A ,,E,D,BF,F , ,N,P,50,0,0,1,1768449,5901424
Auckland,11/03/2014,Tue,1748,JA,CS1C,308B 314B 377B 923 ,,R,D,BF,F ,D,N,C,60,0,0,0,1767969,5903427
Auckland,26/07/2014,Sat,1230,GB,CS1C,158A 204A 402A 927 ,,R,D,B ,F ,D,N,R,60,0,0,0,1767891,5903489
Auckland,05/09/2014,Fri,920,MA,CN1C,373B ,,E,D,O ,F , , ,P,60,0,0,0,1767824,5903562
Auckland,21/07/2014,Mon,843,FD,CN1CC,112A 331A ,,R,W,O ,L , , ,R,50,0,0,0,1768116,5903258
Auckland,16/05/2014,Fri,1746,MC,CN1C,372B ,,R,D,TF,F , , ,C,50,0,0,0,1769308,5900168
Auckland,14/12/2014,Sun,1236,FF,CS1C,352A 191B ,,R,W,OF,L , ,N,C,50,0,0,0,1765609,5906911
Auckland,12/04/2014,Sat,1230,KB,CN1C,303B ,,R,D,B ,F ,T,T,C,50,0,0,0,1765618,5906899
Auckland,14/09/2014,Sun,1320,FE,CS1C,181A ,,R,D,BF,F ,T,T,C,50,0,0,0,1765618,5906899
Auckland,29/04/2014,Tue,1820,FD,CN1C,181A 331A ,,R,D,DO,F ,T,T,C,50,0,0,0,1765618,5906899
Auckland,22/11/2014,Sat,715,FE,CS14,331A ,,E,D,O ,F ,T,T,C,50,0,0,0,1767807,5904088
Auckland,15/08/2014,Fri,2035,CA,TS1,330A 660A ,,R,D,DO,F , ,N,P,50,0,0,0,1767788,5903686
Auckland,16/04/2014,Wed,1230,FE,CN1V,331A 351A ,,R,D,OF,F ,T,T,R,60,0,0,0,1767807,5904083
Auckland,27/07/2014,Sun,1200,FE,BN1CC,181A 331A 800 ,,R,W,O ,L ,T,T,P,60,0,0,2,1767807,5904083
Auckland,25/01/2014,Sat,2100,LB,CS1C,103A 322A ,,R,D,DO,F ,T,T,R,50,0,0,3,1767807,5904083