TLANAME,CRASHDATE,CRASHDOW,CRASHTIME,MVMT,VEHICLES,CAUSES,OBJECTSSTRUCK,ROADCURVE,ROADWET,LIGHT,WTHRa,JUNCTYPE,TRAFCTRL,ROADMARK,SPDLIM,CRASHFATALCNT,CRASHSEVCNT,CRASHMINCNT,EASTING,NORTHING
Auckland,15/08/2014,Fri,922,MC,CN1C,372B ,,R,W,O ,F , ,N,C,50,0,0,0,1764966,5908171
Auckland,23/05/2014,Fri,1405,FD,CN1C,331A ,,E,D,O ,F ,M,G,C,50,0,0,0,1771528,5897804
Auckland,31/08/2014,Sun,515,DA,CN1,131A ,P,E,W,DO,L ,R,G,C,50,0,0,0,1771516,5897836
Auckland,10/06/2014,Tue,630,MC,CS1C,333B 372B 901 ,,R,W,DO,H , ,N,C,50,0,0,1,1769440,5899923
Auckland,17/07/2014,Thu,1652,JA,CS1C,151A 308B 314B 377B 927 ,,R,D,O ,F ,D, ,P,50,0,0,2,1769395,5900012
Auckland,12/07/2014,Sat,1742,FB,CN1V,331A ,,R,W,DO,F ,T,G, ,50,0,0,0,1769513,5899781
Auckland,12/07/2014,Sat,1745,FD,CN1C,181A ,,R,D,DO,F ,T,G,C,50,0,0,0,1769513,5899781
Auckland,08/08/2014,Fri,1640,AC,CN1V,372A 381A ,,R,W,OF,F , ,N,C,50,0,0,0,1769518,5899772
Auckland,21/06/2014,Sat,1540,LB,CN1C,303B 377B 927 ,,R,D,O ,F ,D,N,C,50,0,0,0,1769518,5899772
Auckland,27/02/2014,Thu,1325,AC,4S1C,372A ,,R,D,OF,F , ,N,C,50,0,0,0,1769529,5899755
Auckland,05/08/2014,Tue,1023,MC,CS1C,372B ,,R,D,B ,F , , ,C,50,0,0,0,1769534,5899747
Auckland,30/10/2014,Thu,830,FD,CN144,181A ,,R,W,OF,F , ,N,C,70,0,0,0,1769648,5899621
Auckland,21/10/2014,Tue,1235,GD,CN14,331A 352A ,,R,D,BF,F ,X,T,C,50,0,0,0,1760342,5915311
Auckland,28/04/2014,Mon,1227,AC,CS1C,172A 372A ,,R,D,B ,F ,T,T,R,50,0,0,0,1760327,5915331
Auckland,05/01/2014,Sun,1600,DB,CS1,131A ,F,E,W,O ,L , , ,C,50,0,0,0,1764288,5908950
Auckland,07/08/2014,Thu,845,AA,TN1T,372A 671A ,,R,D,OF,F , ,N,C,50,0,0,0,1764294,5908931
Auckland,20/12/2014,Sat,1610,MB,CN1C,303B 375B ,,R,D,BF,F , ,N,C,50,0,0,0,1764299,5908912
Auckland,12/11/2014,Wed,851,GB,CS1C,172B 927 ,,R,D,O ,F ,T,T,C,50,0,0,0,1764279,5908979
Auckland,22/08/2014,Fri,1721,JC,4E2CT,303B 322B ,,R,D,B ,F ,T,T,R,50,0,0,0,1764279,5908979
Auckland,24/03/2014,Mon,1800,FE,CS1C,181A ,,R,D,B ,F ,T,T,C,50,0,0,0,1764279,5908979
Auckland,10/09/2014,Wed,40,AC,TN1C,350A 372A ,,R,D,DO,F , ,N,P,50,0,0,0,1770186,5899092
Auckland,10/08/2014,Sun,1011,GA,CN14,181A 331A 929 ,,R,D,B ,F ,D,N,C,50,0,0,0,1770171,5899106
Auckland,06/03/2014,Thu,2040,FE,CS1CC,181A ,,R,D,DO,F ,T,T,P,50,0,0,0,1767781,5903874
Auckland,09/06/2014,Mon,2024,PF,CW1E,129A 385A ,,R,W,DO,H , ,N,N,50,0,0,1,1767777,5903804
Auckland,04/06/2014,Wed,1210,FB,4N1C,181A 331A ,,R,D,BF,F ,T,T,P,60,0,0,0,1767780,5903864
Auckland,06/02/2014,Thu,600,JA,CS1C,322A 350A ,,R,D,TO,F ,T,T,R,50,0,0,1,1767780,5903864
Auckland,03/03/2014,Mon,1300,JA,MS1C,113A 322A ,,R,W,OF,L ,T,T,P,60,0,0,1,1767780,5903864
Auckland,19/04/2014,Sat,1910,FD,CS1C,181A 387A ,,R,W,O ,F ,T,N,C,60,0,0,0,1767770,5904304
Auckland,05/10/2014,Sun,815,MG,CS1C,371B ,,R,D,O ,F ,X,T,R,50,0,0,0,1767772,5904299
Auckland,18/08/2014,Mon,1648,AA,CN1C,372A ,,R,D,BF,F , ,N,C,50,0,0,0,1767792,5904235
Auckland,10/12/2014,Wed,520,LB,CN1C,323B ,,R,D,TO,F ,X,T,R,60,0,0,0,1767776,5904283
Auckland,08/08/2014,Fri,945,FB,CN1C,181A ,,E,D,BF,F ,X,G,R,60,0,0,0,1767776,5904283
Auckland,27/03/2014,Thu,2325,LB,CN1C,303B 323B ,,R,D,DO,F ,X,T,C,60,0,0,0,1767776,5904283
Auckland,13/03/2014,Thu,1650,FD,CS1C,102A 331A ,,E,D,BF,F , ,N,R,50,0,0,1,1770314,5898967
Auckland,11/03/2014,Tue,645,LB,CS1C,303B 382B ,,R,D,BF,F ,X,T,R,50,0,0,2,1770335,5898946
Auckland,15/05/2014,Thu,1205,HA,BS24C,322A 613A ,,M,D,B ,F ,X,T,C,50,0,0,0,1770335,5898946
Auckland,21/05/2014,Wed,745,LB,CS1C,303B ,,R,D,OF,F ,X,T,C,50,0,0,0,1770335,5898946
Auckland,05/09/2014,Fri,1302,JA,VS1CC,301B 321B 351B ,M,R,D,B ,F ,T,S,C,50,0,1,0,1759659,5915972
Auckland,21/06/2014,Sat,1806,LB,CN1C,303B 375B ,,R,D,DN,F ,T,G,C,50,0,0,0,1760872,5914606
Auckland,04/07/2014,Fri,1750,BF,CS1V,111A 131A 929 ,,E,W,DO,L ,D,N,C,50,0,0,0,1758793,5917070
Auckland,26/06/2014,Thu,1547,MA,CS1C,373B ,,R,D,B ,F , , ,C,50,0,0,2,1759101,5916616
Auckland,19/02/2014,Wed,730,AO,SE2C,381A ,,R,D,OF,F ,X,T,C,50,0,0,0,1759075,5916659
Auckland,04/12/2014,Thu,750,LB,CN1C,314B 377B 929 ,,R,D,BF,F ,D,N,C,50,0,0,0,1770529,5898754
Auckland,25/05/2014,Sun,1335,MB,MN1C,101A 108A 372B ,,R,D,B ,F , , ,P,50,0,1,1,1760158,5915499
Auckland,07/08/2014,Thu,810,AC,CS1SC,372A 381A 137B 209C ,,R,D,O ,F ,T,N,C,50,0,0,1,1760195,5915465
Auckland,31/10/2014,Fri,801,LB,MN1C,303B ,,R,D,O ,F ,T,S,C,50,0,1,0,1760187,5915472
Auckland,03/04/2014,Thu,850,JA,CN1C,301B 314B 377B ,,R,D,OF,F ,T,S,R,50,0,0,0,1760187,5915472
Auckland,04/07/2014,Fri,700,BF,CS1C,131A ,,M,W,BF,L , ,N,C,50,0,0,0,1758835,5917027
Auckland,09/05/2014,Fri,649,CC,CN1,133A 402A ,FS,R,W,B ,L ,T,N,C,50,0,0,0,1765407,5907190
Auckland,26/02/2014,Wed,810,LB,CS1C,303B 353B ,,R,D,OF,F ,T,G,C,50,0,0,0,1765410,5907186
Auckland,07/11/2014,Fri,1735,LB,CS1C,303B 375B ,,R,D,BF,F ,T,G,N,50,0,0,0,1765410,5907186
Auckland,22/07/2014,Tue,1705,GE,CS1C,160A 333A ,,R,D,BF,F ,T,G,C,50,0,0,0,1759621,5916009
Auckland,18/02/2014,Tue,1315,AC,4S1C,372A ,,R,D,BF,F , ,N,C,50,0,0,0,1763398,5911193
Auckland,24/03/2014,Mon,1525,CB,CS1CC,130A 353A 817 ,FM,R,D,BF,F ,X,G,C,50,0,0,0,1763393,5911223
Auckland,22/12/2014,Mon,1429,MO,VN1C,371A 929 ,M,R,D,BF,F ,D,N,C,50,0,0,0,1772792,5895852
Auckland,29/01/2014,Wed,755,FA,CN1C,181A 331A ,,R,D,B ,F , , ,C,50,0,0,0,1764495,5908662
Auckland,16/04/2014,Wed,745,JA,PN1C,302B 377B ,,R,W,OF,F ,T,G,C,50,0,0,0,1758579,5917285
Auckland,03/02/2014,Mon,330,FE,CN1C,181A 331A ,,R, , F,  , ,T,X,50,0,0,0,1766490,5905980
Auckland,03/11/2014,Mon,1600,FE,4S1C,181A 330A ,,R,D,O ,F ,T,T,C,50,0,0,0,1766469,5905993
Auckland,28/01/2014,Tue,509,EA,CS1V,103A 129A ,M,R,D,DO,F , ,N,P,50,0,0,0,1759338,5916306
Auckland,18/01/2014,Sat,1730,KB,CN1C,301B ,,R,D,B ,F ,T,S,C,50,0,0,0,1772814,5896007
Auckland,12/08/2014,Tue,1810,FD,CS1C,181A ,,R,W,DO,L , ,N,C,50,0,0,0,1768221,5902367
Auckland,05/09/2014,Fri,1730,FE,CS1C,181A ,,R,W,DO,L ,X,T,C,50,0,0,0,1768189,5902430
Auckland,18/09/2014,Thu,1856,HA,CW2C,372B ,,R,D,DO,F ,X,T,R,50,0,0,0,1768189,5902430
Auckland,10/02/2014,Mon,1720,FB,CS1C,181A ,,E,D,B ,F ,X,G,R,80,0,0,0,1768189,5902430
Auckland,15/06/2014,Sun,920,CB,CN1,112A 129A ,P,R,D,B ,F ,T,T,C,50,0,0,0,1772550,5896704
Auckland,03/11/2014,Mon,805,LB,MN1C,303B 929 ,,R,W,O ,L ,D,N,C,50,0,0,1,1759179,5916506
Auckland,18/02/2014,Tue,50,CB,CS1,104A 129A 410A ,CPS,R,D,DO,F , ,N,C,50,0,0,1,1759160,5916530
Auckland,18/10/2014,Sat,330,LB,BN1C,103B 303B 375B ,,R,D,DO,F ,T,T,C,50,0,0,0,1761972,5913415
Auckland,19/04/2014,Sat,1025,FD,CN1VC,112A 181A 331A 351A 904 ,,R,W,O ,M , , ,L,100,0,1,2,1772825,5890775
Auckland,26/09/2014,Fri,2215,AA,CS1T,387A ,,R,D,DO,F , ,N,C,50,0,0,0,1763466,5910748
Auckland,19/12/2014,Fri,1640,KA,BN1C,302B ,,R,D,B ,F ,X,G,C,50,0,0,0,1763494,5910652
Auckland,15/05/2014,Thu,1315,FE,CS1C,181A ,,R,D,BF,F ,X,T,R,50,0,0,0,1763494,5910652
Auckland,03/09/2014,Wed,820,LB,BN1C,303B 353B ,,R,D,B ,F ,X,T,C,50,0,0,0,1763494,5910652
Auckland,07/08/2014,Thu,2125,LB,CS1C,303B ,,R,W,DO,L ,X,T,C,50,0,0,2,1763494,5910652
Auckland,01/07/2014,Tue,540,HA,CW2C,322B 351B ,,R,W,TO,L ,X,T,C,50,0,0,1,1763494,5910652
Auckland,02/04/2014,Wed,720,LB,CS1C,303B ,,R,D,TO,F ,X,T,P,50,0,0,0,1763494,5910652
Auckland,29/04/2014,Tue,1700,JA,CN1C,308B 375B 927 ,,R,D,TF,F ,D, ,C,50,0,0,0,1767135,5905480
Auckland,22/12/2014,Mon,1730,FE,CS1C,103A 181A ,,R,D,B ,F ,T,T,C,50,0,0,0,1767111,5905524
Auckland,14/11/2014,Fri,1635,AA,CS1T,330A 372A ,,R,D,B ,FS,T,T,C,50,0,0,0,1767111,5905524
Auckland,26/02/2014,Wed,1450,HA,CS1C,322B 334B 402B ,,R,D,B ,F ,T,T,C,50,0,0,1,1767111,5905524
Auckland,23/12/2014,Tue,1950,MC,CN1C,330B 372B ,,R,D,O ,F , ,N,C,50,0,0,0,1759998,5915652
Auckland,04/10/2014,Sat,1550,LB,CN1CC,303B 375B ,M,R,D,B ,F ,T,G,C,50,0,0,0,1759983,5915666
Auckland,07/06/2014,Sat,230,CB,CS1,103A 130A ,P,R,D,DN,F ,T,N,C,100,0,0,1,1773244,5890270
Auckland,05/06/2014,Thu,950,MO,CS1C,371A 386A ,M,R,D,B ,F , , ,C,50,0,0,0,1772615,5896530
Auckland,30/05/2014,Fri,1230,FE,CN14C,331A 504A ,,R,D,OF,F ,T,T,C,50,0,0,2,1772576,5896587
Auckland,26/11/2014,Wed,1000,KB,CN1C,302B 375B ,,R,D,B ,F ,T,G,C,50,0,0,0,1768120,5903027
Auckland,22/10/2014,Wed,852,AO,CS1CC,330B 372B ,,R,D,B ,F , , ,C,50,0,0,0,1767046,5905600
Auckland,14/03/2014,Fri,334,CC,CN1,103A 130A ,FHP,R,D,DO,F , ,N,C,50,0,0,0,1767121,5905507
Auckland,10/05/2014,Sat,1329,FB,CS1C,181A ,,E,D,BF,F ,X,G,C,50,0,0,0,1767111,5905524
Auckland,15/10/2014,Wed,1630,FB,VS1V,181A 331A ,,R,D,B ,F ,X,T,C,50,0,0,0,1767111,5905524
Auckland,15/06/2014,Sun,1407,LB,CN1C,191A 303B 370B 927 ,,R,D,B ,F ,D, ,R,50,0,0,0,1767726,5904382
Auckland,11/12/2014,Thu,1930,LB,CS1C,303B 314B 330B 927 ,,R,D,TF,F ,D, ,R,60,0,0,3,1767708,5904406
Auckland,09/12/2014,Tue,940,FB,CN1C,181A ,,R,D,O ,L ,X,G,R,80,0,0,0,1767776,5904283
Auckland,22/03/2014,Sat,305,HA,VW2V,101A 103B 322B ,,R,D,DO,F ,X,T,R,50,0,0,1,1767776,5904283
Auckland,17/04/2014,Thu,1600,AD,CE1C,150A 350A ,G,E,D,OF,F ,X,T,C,100,0,0,0,1767774,5904295
Auckland,23/08/2014,Sat,245,CB,CN1,112A 130A ,P,R,D,DO,F ,T,S,C,50,0,0,0,1766443,5906007
Auckland,04/03/2014,Tue,825,FD,CW1C,331A 358A ,,R,D,OF,F ,T,N,P,50,0,0,0,1766443,5906007
Auckland,22/05/2014,Thu,2030,MO,CS1C,371A ,M,R,D,DO,F , ,N,C,50,0,0,0,1765879,5906533
Auckland,23/06/2014,Mon,1645,JA,CS1C,308B 375B 926 ,,R,D,BF,F ,D,N,C,50,0,0,0,1765870,5906545
Auckland,28/11/2014,Fri,1730,AO,CS1C,381A ,,R,D,BF,F , ,N,P,50,0,0,0,1760738,5914782
Auckland,28/11/2014,Fri,1729,AA,4S1C,372A ,,R,D,BF,F , ,N,P,50,0,0,0,1760726,5914798
Auckland,05/09/2014,Fri,1544,FE,4N1C,181A ,,R,W,OF,L ,T,T,R,50,0,0,1,1760756,5914757
Auckland,18/08/2014,Mon,1200,AC,CS1C,177A 330A 372A ,,R,D,O ,F ,X,T,C,60,0,0,0,1767584,5904641
Auckland,13/03/2014,Thu,1014,FE,4N1C,181A 387A 191B ,,R,D,B ,F ,X,T,R,60,0,0,0,1767587,5904632
Auckland,04/08/2014,Mon,1200,FE,CN1C,181A ,,R,D,B ,F ,X,T,C,50,0,0,0,1767587,5904632
Auckland,23/06/2014,Mon,1540,FD,CN1V,331A 350A ,,R,D,OF,F ,T,G,X,50,0,0,2,1772678,5894932
Auckland,29/07/2014,Tue,812,FC,CN1T,181A 331A ,,R,D,OF,F , ,N,X,50,0,0,0,1772678,5894922
Auckland,25/01/2014,Sat,1110,EA,CN1C,103A 129A 354A ,M,R,D,BF,F , ,N,C,50,0,0,1,1772677,5894912
Auckland,09/12/2014,Tue,1355,FD,CS1CC,181A 181B ,,R,W,O ,L , , ,C,60,0,0,0,1767279,5905155
Auckland,04/08/2014,Mon,745,LB,VS1C,322A ,,R,D,BF,F ,X,T,C,50,0,0,0,1767306,5905112
Auckland,13/08/2014,Wed,2305,NA,CN1E,356A 105B 711B 724B ,,R,W,DO,F ,Y,N,C,60,0,1,0,1767306,5905112
Auckland,23/12/2014,Tue,1730,FE,CS1C,181A ,,R,D,BF,F ,T,T,P,50,0,0,0,1765449,5907134
Auckland,02/04/2014,Wed,920,GA,VN1CE,358A 927 ,JKP,R,D,B ,F ,D, ,C,50,0,0,1,1765513,5907044
Auckland,23/04/2014,Wed,1126,LB,VS1V,303B 314B 377B ,,R,D,OF,F ,T,S,C,50,0,0,0,1762418,5912850
Auckland,16/05/2014,Fri,1900,FD,CS1V,331A ,,R,D,DO,F ,T,S,C,50,0,0,0,1762418,5912850
Auckland,31/07/2014,Thu,645,FD,CS14C,110A 380A 645A ,,R,D,DO,F , , ,C,50,0,0,1,1762477,5912787
Auckland,15/10/2014,Wed,1730,AA,CN14,330A 372A ,,R,D,O ,F ,X,T,C,50,0,0,0,1762507,5912757
Auckland,26/04/2014,Sat,,FE,CS1C,181A ,,R,D,BF,F ,X,T,C,50,0,0,0,1762491,5912772
Auckland,28/03/2014,Fri,200,DB,CN1,103A 359A ,P,R,D,DO,F ,X,T,R,50,0,0,0,1762500,5912764
Auckland,07/07/2014,Mon,543,FE,CS1T,181A ,,R,D,DO,F ,T,T,C,60,0,0,0,1762938,5912178
Auckland,05/12/2014,Fri,830,LB,CS1C,303B 377B ,,E,D,OF,F ,X,G,R,70,0,0,2,1769910,5899366
Auckland,12/09/2014,Fri,830,MB,CN1C,303B 382B ,,R,W,OF,L ,T,S,C,50,0,0,0,1769910,5899366
Auckland,20/11/2014,Thu,610,AA,CS1C,372A ,,E,D,OF,F ,T,G,C,70,0,0,0,1769910,5899366
Auckland,05/12/2014,Fri,1520,FD,CS1CC,181A 331A 501A ,,R,D,B ,F ,X,T,C,50,0,0,0,1765970,5906405
Auckland,02/08/2014,Sat,1300,KB,4S1C,308B 375B 926 ,,R,D,BF,F ,D,N,C,50,0,0,0,1766022,5906332
Auckland,20/06/2014,Fri,1838,JB,CN1M,206A 336A 386A ,,R,D,DO,F ,M,T,C,50,0,0,1,1758389,5917468
Auckland,10/06/2014,Tue,1750,FD,CN1CC,181A ,,R,W,DO,L , ,N,R,50,0,0,0,1768676,5901067
Auckland,18/10/2014,Sat,1921,MA,4N1C,373B ,,R,W,OF,L , ,N,X,50,0,0,1,1768789,5900954
Auckland,12/07/2014,Sat,1514,DA,CN14C,111A 131A ,KMX,E,W,OF,L ,X,T,R,50,0,0,0,1764002,5909960
Auckland,05/09/2014,Fri,1400,AC,CN1V,372A ,,R,W,ON,L ,T,T,C,50,0,0,0,1768647,5901095
Auckland,23/04/2014,Wed,1210,AC,CN14,184A ,,R,D,B ,F , , ,R,50,0,0,0,1765722,5906752
Auckland,17/07/2014,Thu,1817,JA,CS1C,308B 377B 927 ,,R,D,DO,F ,D, ,P,50,0,0,0,1765769,5906687
Auckland,21/12/2014,Sun,2100,FE,4S1C,181A 331A ,,R,D,DO,F ,T,T,C,50,0,0,0,1763183,5911861
Auckland,26/11/2014,Wed,1645,FD,CS1C,181A ,,R,D,BF,F , ,N,C,50,0,0,1,1770655,5898629
Auckland,11/09/2014,Thu,632,MC,MS1C,372B 922 ,,R,D,TO,F , ,N,P,50,0,0,1,1770741,5898545
Auckland,16/04/2014,Wed,1620,JA,CN1V,402A 308B 314B 375B 927 ,,R,D,O ,F ,D, ,P,50,0,0,5,1770784,5898503
Auckland,17/06/2014,Tue,715,LB,CS1CC4,303B 927 ,,R,W,TF,L ,D,N,C,70,0,0,1,1769802,5899471
Auckland,17/04/2014,Thu,1935,BA,CS1C,129A 129B ,,R,D,DO,F ,T,N,P,50,0,0,1,1772656,5894631
Auckland,24/03/2014,Mon,1030,FE,CS1C,181A ,,R,D,BF,F ,X,T,C,50,0,0,0,1767424,5904945
Auckland,13/08/2014,Wed,1030,MG,VN1C,331A 387A 371B ,,R,W,OF,L ,X,T,C,50,0,0,0,1767449,5904910
Auckland,06/04/2014,Sun,330,HA,CW1C,322A 402A ,,R,D,DO,F ,X,T,R,50,0,0,1,1767437,5904926
Auckland,11/04/2014,Fri,147,KC,CS1C,103B 315B ,P,R,W,DO,L ,X,T,R,60,0,0,0,1767430,5904936
Auckland,16/02/2014,Sun,2330,LB,CS1C,103A 112A 303B ,,R,D,DO,F ,X,T,R,50,0,2,0,1767430,5904936
Auckland,05/10/2014,Sun,1740,GB,MN1C,372B 922 ,,R,D,BF,F ,D,N,P,50,0,0,0,1771860,5897380
Auckland,09/11/2014,Sun,18,CC,CS1,104A ,T,R,D,DO,F , ,N,L,50,1,1,2,1771972,5897267
Auckland,10/03/2014,Mon,1636,NA,CN1E,711B 927 ,,R,D,BF,F ,D,N,C,50,0,0,1,1771972,5897267
Auckland,19/07/2014,Sat,1520,EA,CS1C,129A ,M,R,D,O ,F , , ,N,50,0,0,0,1765935,5906454
Auckland,26/05/2014,Mon,1655,NA,4S1E,711B ,,R,D,OF,F , ,N,C,50,0,0,0,1765923,5906470
Auckland,25/03/2014,Tue,,MO,CS1C,387A 371B 926 ,M,R,D,BF,F ,D,N,P,50,0,0,0,1765906,5906495
Auckland,30/09/2014,Tue,2321,MB,CN1C,370B ,,R,D,DO,F ,X,T,C,50,0,0,0,1765967,5906409
Auckland,08/11/2014,Sat,1855,FE,CW2C,322A ,,R,D,O ,F ,X,T,C,50,0,0,0,1765964,5906413
Auckland,02/10/2014,Thu,2050,NB,4S1E,102A 715B 724B ,,R,W,DO,L ,T,S,C,50,0,1,0,1771094,5898219
Auckland,23/04/2014,Wed,744,NG,CS1E,371A 929 ,,R,D,B ,F , , ,C,50,0,0,0,1760678,5914863
Auckland,23/07/2014,Wed,915,MO,CS1C,371A ,M,R,D,BF,F , ,N,C,50,0,0,0,1770549,5898734
Auckland,20/12/2014,Sat,1145,LB,MN1C,303B 377B 927 ,,R,D,BF,F ,D,N,C,50,0,1,0,1770684,5898601
Auckland,18/09/2014,Thu,2200,EE,CS1C,374B 514B ,M,M,D,DO,F ,R,G,R,50,0,0,0,1771524,5897808
Auckland,07/05/2014,Wed,340,HA,CN1C,302A 375A ,,E,D,DO,F ,R,G,R,50,0,0,0,1771518,5897816
Auckland,06/12/2014,Sat,2300,HA,CW2C,302A ,,R,D,DO,F ,R,G,C,50,0,0,0,1771523,5897827
Auckland,21/07/2014,Mon,620,EE,4N1S,374A ,M,R,W,DO,F , , ,P,50,0,0,1,1768849,5900899
Auckland,28/10/2014,Tue,805,AC,CN1C,159A ,,R,D,O ,F , , ,R,50,0,0,0,1768927,5900829
Auckland,22/05/2014,Thu,1345,FE,TN1C,181A ,,R,D,BF,F ,X,T,C,50,0,0,0,1768916,5900839
Auckland,06/03/2014,Thu,1445,FB,CS1C,181A ,,R,D,BF,F ,R,G,R,50,0,0,0,1772827,5896111
Auckland,21/07/2014,Mon,1525,HA,CN1C,302A ,,E,D,O ,F ,R,G,R,50,0,0,1,1772827,5896106
Auckland,27/05/2014,Tue,720,AC,CS1M,372A 671A ,,R,D,BF,F , ,N,C,50,0,0,0,1760144,5915512
Auckland,22/06/2014,Sun,1540,KB,CN1C,322A ,,R,D,BF,F ,T,T,C,60,0,0,0,1760217,5915444
Auckland,28/12/2014,Sun,1900,FE,CN1C,371A ,,R,D,B ,F ,X,T,C,50,0,0,0,1758389,5917468
Auckland,09/02/2014,Sun,1758,FE,CN1C,181A 334A ,,R,D,B ,F ,X,T,C,60,0,0,0,1767430,5904936
Auckland,11/07/2014,Fri,2240,HA,CS1C,322A ,,E,W,DO,L ,X,T,C,50,0,0,2,1762491,5912772
Auckland,18/07/2014,Fri,1110,MO,CS1C,371A ,M,R,D,B ,F , ,N,C,50,0,0,0,1772642,5896485
Auckland,20/05/2014,Tue,830,EA,TN1CV,129A 330A ,M,R,D,O ,F , , ,C,50,0,0,0,1767872,5879870
Auckland,01/08/2014,Fri,1827,JA,CE1C,322A ,,M,D,DO,F ,X,T,C,50,0,0,1,1760520,5916211
Auckland,12/11/2014,Wed,720,LB,MW1C,303B 375B ,,M,D,B ,F ,X,T,R,50,0,0,1,1760520,5916211
Auckland,01/11/2014,Sat,1700,FE,CW1C,181A ,,R,D,OF,F , ,T,C,50,0,0,0,1759906,5915780
Auckland,17/09/2014,Wed,2045,GD,CS1C,112A 331A 352A 402A ,,R,D,DO,F ,X,T,R,50,0,0,0,1759882,5915763
Auckland,07/03/2014,Fri,1205,AO,VE1M,129A ,,R,D,B ,F ,R,G,C,50,0,0,0,1759898,5915775
Auckland,22/05/2014,Thu,1337,AC,CW1C,372A 381A ,,R,D,BF,F , ,N,C,50,0,0,0,1760200,5915983
Auckland,06/06/2014,Fri,745,AC,CW1C,372A ,,R,D,OF,F , ,N,C,50,0,0,0,1760200,5915983
Auckland,28/09/2014,Sun,1820,KA,CE1C,301B 375B ,,R,D,B ,F ,T,S,R,50,0,0,0,1759984,5915835
Auckland,27/03/2014,Thu,1055,FD,CW14,181A ,,R,D,BF,F , ,N,R,50,0,0,0,1760233,5916009
Auckland,14/04/2014,Mon,1150,JA,CE1T,140A 387B ,,R,D,OF,F ,T,G,R,50,0,0,0,1760316,5916066
Auckland,14/06/2014,Sat,1425,FD,CE1C,181A ,,R,D,B ,F ,T,G,C,50,0,0,0,1760316,5916066
Auckland,07/12/2014,Sun,517,LB,CW1C,303B 375B ,,R,D,TO,F ,T,T,R,50,0,0,1,1760679,5916322
Auckland,11/12/2014,Thu,1250,FD,CE1C,331A ,,R,D,O ,F ,T,G,C,50,0,0,0,1760393,5916121
Auckland,05/11/2014,Wed,1600,AC,PW1C,159A 381A ,,R,D,OF,F , ,N,P,50,0,0,0,1760357,5916095
Auckland,03/12/2014,Wed,1400,AO,CN1C,129A 330A ,,R,D,O ,F ,X,T,C,50,0,0,0,1759874,5915757
Auckland,13/11/2014,Thu,1630,FD,BE1C,181A ,,R,D,B ,F , , ,C,50,0,0,0,1759858,5915745
Auckland,07/05/2014,Wed,750,AA,ME1C,372A ,,R,D,TF,F , , ,C,50,0,0,0,1759842,5915732
Auckland,02/09/2014,Tue,1515,NA,CN1E,713B ,,E,D,B ,F ,X,T,C,50,0,0,1,1759882,5915763
Auckland,14/07/2014,Mon,35,HA,CN1C,322A 322B ,,R,D,DO,F ,X,T,C,50,0,0,0,1759882,5915763
Auckland,14/03/2014,Fri,1840,FE,CW1C,331A ,,R,D,TO,F ,X,T,C,50,0,0,0,1758115,5915486
Auckland,30/09/2014,Tue,1710,JA,CW1C,151A 314B 377B 929 ,,R,D,B ,F ,D, ,C,50,0,0,0,1758260,5915493
Auckland,29/01/2014,Wed,830,AA,TE1C,372A ,,R,D,O ,F ,X,T,C,70,0,0,0,1758101,5915490
Auckland,03/12/2014,Wed,750,FD,CE1C,181A ,,R,D,B ,F , , ,C,50,0,0,0,1758092,5915492
Auckland,02/08/2014,Sat,635,AA,CE1C,103A 159A 173A ,,R,D,TO,F ,X,T,C,50,0,0,0,1758110,5915486
Auckland,07/07/2014,Mon,1352,BE,CE1XX,205A 501A 801 ,,R,W,O ,L , , ,P,50,0,0,0,1759477,5915530
Auckland,02/02/2014,Sun,738,CB,CE1,112A 130A 431A ,C,R,D,B ,F , , ,C,50,0,0,1,1759306,5915525
Auckland,15/02/2014,Sat,1145,GF,CE1C,171A 350A ,,R,D,B ,F ,X,T,C,50,0,0,0,1759206,5915523
Auckland,21/08/2014,Thu,1744,AO,CW1C,129A ,,R,D,TO,F , ,N,C,50,0,0,0,1759226,5915523
Auckland,22/08/2014,Fri,1740,KB,4W1C,308B 927 ,,R,D,TO,F ,D,N,P,50,0,0,0,1758906,5915513
Auckland,04/03/2014,Tue,1200,FD,CW1CCT,331A 350A ,,R,D,BF,F , ,N,P,50,0,0,0,1758756,5915508
Auckland,27/06/2014,Fri,1115,AC,CW1C,372A 381A ,,R,W,OF,L ,T,G,P,50,0,0,0,1759772,5915682
Auckland,20/02/2014,Thu,1430,AO,4E1C,129A ,,R,D,B ,F ,T,T,C,50,0,0,0,1759777,5915685
Auckland,19/02/2014,Wed,1520,AO,CE1T,381A ,,R,D,BF,F , ,N,C,50,0,0,0,1759805,5915705
Auckland,22/10/2014,Wed,15,JA,CS1C,308B 929 ,,R,D,DN,F ,D,N,P,50,0,0,0,1759706,5915637
Auckland,04/04/2014,Fri,200,EA,CE1CC,103A 112A 386A ,CFM,R,D,DO,F , ,N,C,50,0,0,1,1759723,5915648
Auckland,17/05/2014,Sat,1215,LB,CN1C,303B 370B ,,R,D,B ,F ,X,T,C,50,0,0,0,1759607,5915569
Auckland,13/09/2014,Sat,918,HA,CS2C,322B 351B ,,R,D,B ,F ,M,T,C,50,0,0,0,1759607,5915569
Auckland,05/08/2014,Tue,1450,EA,CS1C,129A ,M,R,D,BF,F , ,N,C,50,0,0,0,1767632,5913504
Auckland,23/05/2014,Fri,2149,DB,CE2,102A 111A 131A 351A 801 ,G,M,W,DO,L ,T,G,R,50,0,0,1,1750430,5929150
Auckland,15/10/2014,Wed,856,EA,CE1C,103A 130A ,M,R,D,B ,F , , ,C,50,0,0,0,1751303,5929234
Auckland,07/08/2014,Thu,1600,AO,CN1C,129A 158A 801 ,,E,W,O ,L ,T,G,R,50,0,0,0,1760176,5915982
Auckland,01/12/2014,Mon,1640,KA,CS1C,302B 330B ,,E,D,B ,F ,R,G,C,50,0,0,0,1760192,5915960
Auckland,08/11/2014,Sat,1249,KA,CW2C,302A ,G,M,D,B ,F ,M,G,C,50,0,0,0,1760192,5915960
Auckland,05/02/2014,Wed,1736,FD,CN24,181A ,,M,D,BF,F ,R,G,R,50,0,0,0,1760129,5915912
Auckland,09/12/2014,Tue,1810,AA,CE1C,372A ,,R,D,B ,F , ,N,C,80,0,0,0,1760191,5915962
Auckland,11/02/2014,Tue,830,AC,CE1T,381A ,,M,D,BF,F ,R,G,R,50,0,0,0,1760153,5915987
Auckland,12/07/2014,Sat,1626,FB,CN1C,331A ,,E,W,TO,F ,T,G,C,50,0,0,0,1760134,5915910
Auckland,18/09/2014,Thu,1300,FB,VN1C,181A ,,R,D,OF,F ,R,G,R,50,0,0,0,1760129,5915912
Auckland,04/11/2014,Tue,2105,FB,CN1C,181A 331A ,,R,W,DO,F ,R,G,C,50,0,0,0,1760129,5915912