TLANAME,CRASHDATE,CRASHDOW,CRASHTIME,MVMT,VEHICLES,CAUSES,OBJECTSSTRUCK,ROADCURVE,ROADWET,LIGHT,WTHRa,JUNCTYPE,TRAFCTRL,ROADMARK,SPDLIM,CRASHFATALCNT,CRASHSEVCNT,CRASHMINCNT,EASTING,NORTHING
Auckland,05/04/2014,Sat,1210,FB,CN1C,181A 331A 387A ,,R,D,B ,F ,R,G,C,50,0,0,1,1760129,5915912
Auckland,12/07/2014,Sat,1430,FB,CN1C,181A 801 ,,R,W,O ,L ,T,G,C,50,0,0,0,1760129,5915912
Auckland,20/08/2014,Wed,1459,FB,CS1C,181A ,,R,W,OF,L ,R,G,C,50,0,0,0,1760153,5915987
Auckland,07/09/2014,Sun,1642,FB,CS1C,181A 387A ,,R,D,B ,F ,R,G,N,50,0,0,0,1760153,5915987
Auckland,09/04/2014,Wed,1550,FB,CE1C,181A ,,E,D,O ,F ,T,G,N,50,0,0,0,1760153,5915987
Auckland,13/12/2014,Sat,1030,FB,CW1C,353A 387A ,,R,D,OF,F ,R,G,N,50,0,0,0,1760153,5915987
Auckland,07/07/2014,Mon,1445,HA,CS1C,302A 375A ,,E,D,ON,L ,R,G,R,50,0,0,0,1760153,5915987
Auckland,10/04/2014,Thu,1900,FD,MS1CV,181A ,,R,W,TO,F , ,N,N,100,0,0,1,1760125,5915992
Auckland,22/04/2014,Tue,655,BC,CN1V,121A 410A ,,M,D,OF,F , ,N,C,50,0,0,0,1769349,5910791
Auckland,26/11/2014,Wed,1530,EA,CE1C,129A ,M,R,D,BF,F , ,N,N,50,0,0,0,1760866,5914089
Auckland,16/04/2014,Wed,1402,EO,TW1C,686A ,MP,R,D,OF,F , ,N,N,50,0,0,0,1761004,5914030
Auckland,07/01/2014,Tue,1142,DB,CS2CCC,133A 423A ,IM,S,D,B ,F ,T,S,R,50,0,0,0,1760774,5914129
Auckland,05/03/2014,Wed,1208,MO,VE1C,371A 371B 929 ,,E,W,O ,F ,D,N,N,50,0,0,0,1755544,5926128
Auckland,17/09/2014,Wed,1830,GC,CS1C,171A ,,S,D,TO,F ,R,G,R,50,0,0,0,1753391,5933248
Auckland,16/08/2014,Sat,1230,GB,TW2C,173A ,,E,D,OF,F ,R,G,R,50,0,0,0,1753415,5933244
Auckland,18/03/2014,Tue,930,AA,CS1C,372A ,,R,D,BF,F , ,N,N,50,0,0,0,1753452,5932996
Auckland,16/05/2014,Fri,1415,GB,CS2C,172B 402B ,,R,D,B ,F ,R,G,C,50,0,0,0,1753262,5933079
Auckland,22/07/2014,Tue,708,CB,CW1,133A 801 ,P,R,W,B ,L , , ,C,50,0,0,0,1754286,5933925
Auckland,23/11/2014,Sun,1103,GF,CE1C,129A 129B ,,E,D,O ,F ,R,G,C,50,0,0,0,1753384,5933220
Auckland,22/06/2014,Sun,1430,FB,CE1C,181A ,,E,D,BF,F ,R,G,C,50,0,0,1,1753381,5933216
Auckland,07/05/2014,Wed,923,GC,CE14,171B ,,E,D,BF,F ,R,G,R,50,0,0,0,1753391,5933248
Auckland,06/01/2014,Mon,1305,FB,CN1V,181A ,,R,D,BF,F ,R,G,R,50,0,0,0,1753289,5933087
Auckland,03/05/2014,Sat,1435,AC,4N2C,361A 372A ,,M,D,BF,F ,R,G,C,50,0,0,0,1753293,5933058
Auckland,04/03/2014,Tue,1528,AC,CS2B,372A ,,E,D,BF,F ,R,G,R,50,0,0,0,1753396,5933212
Auckland,11/09/2014,Thu,1856,PO,CE1E,724B 728B ,,R,D,DO,F , , ,R,80,0,1,0,1753892,5933615
Auckland,26/11/2014,Wed,550,KA,CW1M,302B 375B ,,R, , F,  ,X,G,C,60,0,0,0,1753872,5933600
Auckland,15/01/2014,Wed,1935,KA,CS1C,302B 372B 402B ,,E,D,O ,F ,X,G,R,50,0,0,1,1753872,5933600
Auckland,29/12/2014,Mon,924,LB,CE1C,322A 303B 325B ,,R,D,BF,F ,X,T,C,80,0,0,0,1753872,5933600
Auckland,22/07/2014,Tue,630,AC,CW1C,184A ,,R,W,DO,  , , ,C,80,0,0,0,1753767,5933519
Auckland,29/04/2014,Tue,,HA,TE14,321A ,,R,W,O ,F ,X,S,C,50,0,0,0,1759787,5912748
Auckland,08/03/2014,Sat,130,EA,CW1C,103A 129A ,M,R,D,DO,F , ,N,C,50,0,0,0,1758661,5912650
Auckland,09/03/2014,Sun,110,EA,CE1C,129A ,M,R,D,DO,F , ,N,C,50,0,0,0,1760010,5912767
Auckland,05/12/2014,Fri,1501,CB,CW1,410A ,P,R,D,BF,F , ,N,N,50,0,0,0,1758740,5912657
Auckland,15/04/2014,Tue,1000,EA,CE1C,129A ,M,R,D,O ,F , , ,C,50,0,0,0,1759279,5912704
Auckland,08/08/2014,Fri,1413,AA,CN1S,372A ,,R,D,B ,F , , ,R,50,0,0,1,1757082,5919926
Auckland,06/04/2014,Sun,950,FD,CS1CC,181A ,,R,D,BF,F , ,N,C,50,0,0,0,1756995,5919843
Auckland,14/01/2014,Tue,1730,PO,CE1E,110A 357A 371A 722B 929 ,,R,D,B ,F ,D,N,N,50,0,0,1,1746087,5918469
Auckland,21/01/2014,Tue,2121,BA,CE1C,378A 444B 832 ,Q,R,D,DO,F , ,N,N,50,0,0,1,1759864,5912426
Auckland,28/02/2014,Fri,1550,DB,CN1C,131A 133A 922 ,M,M,D,B ,F ,D, ,N,50,0,0,0,1773671,5896925
Auckland,10/10/2014,Fri,630,GA,CS1C,133A 181A ,,R,D,B ,F ,T,N,C,50,0,0,0,1773714,5896869
Auckland,22/05/2014,Thu,2015,EA,CN1C,129A ,M,R,D,DO,F , ,N,C,50,0,0,0,1773479,5897422
Auckland,18/09/2014,Thu,1450,HA,CN1CC,301B 375B ,,R,D,B ,F ,X,S,C,50,0,0,1,1773507,5897347
Auckland,30/06/2014,Mon,730,HA,VW2C,301A 375A ,,R,W,OF,L ,X,S,C,50,0,0,0,1773507,5897347
Auckland,08/01/2014,Wed,1140,FB,CN14,181A ,,R,D,OF,F ,T,G,C,70,0,0,0,1773117,5898403
Auckland,01/09/2014,Mon,1547,FD,CE1C,331A 353A ,,R,W,OF,L , ,N,C,50,0,0,1,1761149,5914325
Auckland,31/07/2014,Thu,1615,AA,CS1M,372A 902 ,,R,D,B ,F , , ,R,50,0,0,0,1761217,5914292
Auckland,02/06/2014,Mon,1939,CC,CW1,410A ,T,R,D,DO,F ,R,G,C,50,0,0,1,1761074,5914348
Auckland,13/06/2014,Fri,1436,FB,TS1C,331A 387A ,,R,D,BF,F ,R,G,C,50,0,0,0,1761081,5914349
Auckland,31/12/2014,Wed,1812,DB,CE1,111A 131A 632A ,G,M,D,BF,F ,R,G,R,50,0,0,0,1761364,5914259
Auckland,01/08/2014,Fri,1942,CB,CS1C,136A 613A ,FMP,R,W,DO,L , ,N,C,50,0,0,0,1756544,5933569
Auckland,24/10/2014,Fri,650,CC,CW1,112A 130A 817 ,K,R,W,O ,L , , ,N,100,0,0,0,1765246,5881637
Auckland,16/06/2014,Mon,2025,HA,4N2C,302A 375A 901 ,,R,W,DN,H ,X,G,C,100,0,0,0,1765289,5881663
Auckland,30/10/2014,Thu,1520,FB,CE1C,112A 331A ,,R,D,O ,F ,T,S,C,100,0,0,1,1767435,5882619
Auckland,23/10/2014,Thu,830,DA,CN1,111A 131A 402A 817 ,TV,E,W,O ,F , , ,C,100,0,0,0,1766735,5882502
Auckland,24/10/2014,Fri,645,DA,CE1,111A 131A 813 817 ,C,M,W,DN,L , , ,N,100,0,0,0,1766666,5882489
Auckland,17/03/2014,Mon,1830,EA,CN1C,129A ,M,R,D,BF,F , ,N,N,50,0,0,0,1755482,5921258
Auckland,26/07/2014,Sat,1900,EA,CN1V,129A ,M,R,W,DO,  , ,N,C,50,0,0,0,1762563,5906419
Auckland,24/10/2014,Fri,203,EA,CE1T,331A 351A ,M,R,W,DO,L , ,N,C,50,0,0,0,1750901,5925567
Auckland,21/11/2014,Fri,2130,CB,CW1,101A 137A ,K,R,D,DO,F , ,N,C,50,0,0,0,1766783,5897604
Auckland,23/11/2014,Sun,120,DA,VS1,131A 410A ,P,S,W,DO,L , ,N,N,50,0,0,0,1773232,5897048
Auckland,25/06/2014,Wed,2200,EA,CW1C,129A 431A ,M,R,W,DO,H , ,N,N,50,0,0,0,1751800,5928786
Auckland,14/01/2014,Tue,1722,DA,CW2C,122A ,M,E,D,O ,F ,T,N,N,50,0,0,0,1751999,5928452
Auckland,19/01/2014,Sun,2015,MO,CW1C,130A 402A ,M,R,D,TO,F ,T,N,N,50,0,0,0,1760483,5908363
Auckland,10/08/2014,Sun,1745,GB,SS14,112A 330A 602A 330B 381B 929 ,,R,D,TF,F ,D, ,X,50,0,0,1,1763966,5909560
Auckland,23/10/2014,Thu,800,MO,CN1C,371A 386A ,M,R,D,O ,F ,T,N,N,50,0,0,1,1760607,5908398
Auckland,10/02/2014,Mon,1055,MF,CW1C,371B ,,R,D,BF,F , ,N,C,50,0,0,0,1760602,5908396
Auckland,30/07/2014,Wed,1635,MO,CE1C,371A 386A ,M,R,D,B ,F , ,N,C,50,0,0,0,1760597,5908395
Auckland,04/06/2014,Wed,2000,MO,CW1C,371A 402A 862 ,,R,D,DO,F , , ,C,50,0,0,0,1760587,5908392
Auckland,31/03/2014,Mon,1605,NF,4S2E,370A 711B 727B ,,R,D,B ,F ,T,G,C,50,0,0,1,1763315,5906668
Auckland,26/05/2014,Mon,1700,HA,TN2C,143A 302B 370B 801 ,,M,W,TO,L ,X,G,C,50,0,0,0,1768144,5901773
Auckland,06/11/2014,Thu,1750,FA,MS14C,191A 331A ,,R,D,O ,F , , ,C,50,0,0,1,1756606,5920786
Auckland,03/10/2014,Fri,20,FE,CN1C,331A ,,R,D,DO,F ,X,T,R,50,0,0,0,1756610,5920752
Auckland,16/08/2014,Sat,1835,AO,CS1C,184A ,,R,D,DO,F , , ,C,50,0,0,0,1756609,5920737
Auckland,15/08/2014,Fri,1530,AC,CN1C,372A ,,R,D,OF,F ,X,T,C,50,0,0,0,1756609,5920737
Auckland,11/06/2014,Wed,750,NB,CS1E,713B ,,R,W,OF,F , ,N,C,50,0,0,2,1756594,5920555
Auckland,26/09/2014,Fri,1025,EA,CN1C,129A ,M,R,D,B ,F , , ,C,50,0,0,0,1756601,5920634
Auckland,23/07/2014,Wed,1530,FE,CN1C,181A ,,R,D,O ,F ,X,T,R,50,0,0,0,1756593,5920535
Auckland,26/11/2014,Wed,1540,FB,4W1C,181A ,,R,D,BF,F ,T,G,N,50,0,0,0,1768781,5900961
Auckland,19/02/2014,Wed,1501,DB,CN1C,110A 131A ,FM,M,D,OF,F , ,N,C,50,0,0,0,1754240,5876448
Auckland,10/04/2014,Thu,1700,DB,CS1,131A ,F,M,W,OF,F , ,N,L,50,0,0,0,1754226,5876515
Auckland,16/08/2014,Sat,1416,BC,CE14,103A 121A ,,M,D,O ,F , , ,C,50,0,1,2,1780626,5926167
Auckland,13/01/2014,Mon,1410,DA,ME1,111A 131A ,V,M,W,OF,L , ,N,C,50,0,0,1,1775187,5899094
Auckland,01/10/2014,Wed,1910,JA,CW1C,302B 382B ,,E,D,TO,F ,T,G,C,50,0,0,0,1751229,5951661
Auckland,01/09/2014,Mon,1510,EA,CS1C,129A ,M,R,W,OF,L , ,N,N,50,0,0,0,1763327,5909102
Auckland,21/03/2014,Fri,1640,EC,CS1,341A 352A 927 ,X,E,D,O ,F ,D, ,N,50,0,0,0,1760333,5903372
Auckland,23/11/2014,Sun,1630,EA,CE1C,386A 205B ,M,E,D,B ,F , ,N,N,50,0,0,0,1762685,5920586
Auckland,04/10/2014,Sat,335,EA,CE1CC,103A 129A ,M,E,W,DO,L ,X,S,C,50,0,0,2,1752353,5916321
Auckland,26/08/2014,Tue,1530,DA,CW2CC,131A 402A 514A ,M,R,D,B ,F ,T,N,C,50,0,0,0,1755299,5918562
Auckland,21/11/2014,Fri,1725,MO,CS1C,371A ,Q,R,D,BF,  , ,N,C,50,0,0,0,1756772,5920573
Auckland,14/02/2014,Fri,1730,EA,CE1C,129A ,M,E,D,OF,F , ,N,N,50,0,0,0,1758190,5926183
Auckland,26/02/2014,Wed,1800,GE,CN1C,160A 333A 929 ,,R,D,BF,F ,D,N,C,50,0,0,0,1752313,5915362
Auckland,17/05/2014,Sat,600,DA,CS1C4,131A 402A 410A ,MM,E,D,DO,F , , ,N,50,0,0,0,1747764,5915517
Auckland,01/02/2014,Sat,1530,KA,CN1C,302B ,,R,D,B ,F ,X,G,C,50,0,0,0,1768596,5881285
Auckland,15/07/2014,Tue,940,AA,TN1C,372A 671A ,,R,D,BF,F , ,N,C,50,0,0,0,1768718,5910174
Auckland,02/12/2014,Tue,610,MC,CS1C,372B 671B ,,R,D,BF,F , ,N,C,60,0,0,0,1768952,5911174
Auckland,28/07/2014,Mon,1315,JA,CN1C,302B 375B ,,R,D,B ,F ,T,G,P,60,0,0,0,1768956,5911193
Auckland,02/04/2014,Wed,1400,KA,CN1C,302B ,,R,D,BF,F ,T,G,C,60,0,0,0,1768956,5911193
Auckland,06/07/2014,Sun,1500,MO,CN1C,371A ,,R,D,O ,F ,T,G,C,50,0,0,0,1763273,5915025
Auckland,28/07/2014,Mon,851,LB,CS1C,303B ,,R,D,B ,F ,T,G,C,60,0,0,0,1768976,5911275
Auckland,04/02/2014,Tue,1010,FD,CS1V,181A ,,R,D,O ,F , , ,P,50,0,0,0,1768808,5910558
Auckland,13/08/2014,Wed,1550,LB,MN1C,303B 375B ,,R,D,O ,F ,T,G,C,60,0,0,1,1768804,5910539
Auckland,09/05/2014,Fri,820,JA,CN1V,302B ,,R,W,B ,F ,T,G,C,60,0,0,1,1768804,5910539
Auckland,15/03/2014,Sat,1000,BF,4W2C,131A ,,E,W,OF,L ,X,T,C,50,0,0,0,1768623,5909749
Auckland,01/02/2014,Sat,1330,FE,CN1C,181A ,,R,D,OF,F ,T,T,C,60,0,0,0,1769035,5911511
Auckland,16/07/2014,Wed,805,FD,CS1C,181A 191B ,,R,D,B ,F , , ,P,60,0,0,0,1769023,5911463
Auckland,21/11/2014,Fri,1541,AC,CN1C,159A ,,R,D,B ,F , , ,P,50,0,0,0,1769015,5911434
Auckland,31/01/2014,Fri,1540,FC,CW1C,331A 353A ,,R,D,BF,F , ,N,X,50,0,0,0,1768775,5880765
Auckland,07/01/2014,Tue,1200,KA,TN1V,302B 333B ,,R,D,BF,F ,T,G,C,50,0,0,0,1769371,5880846
Auckland,22/03/2014,Sat,1407,EA,CE1CCC,352A 386A ,M,R,D,B ,F ,T,N,C,50,0,0,0,1768407,5880796
Auckland,27/05/2014,Tue,1840,CB,MN1,135A 809 ,,R,D,DO,F , ,N,C,50,0,0,1,1762718,5914894
Auckland,27/03/2014,Thu,725,LB,CW2C,303B 377B ,,R,D,O ,L ,T,S,P,100,0,0,0,1773839,5881320
Auckland,27/03/2014,Thu,16,EA,CN1C,129A ,MP,R,D,DO,F ,T,N,N,50,0,0,0,1765879,5908157
Auckland,24/03/2014,Mon,1507,MD,400000000000000,308B 387B 929 ,,S,D,BN,F ,D,N,C,50,0,0,1,1781322,5927165
Auckland,04/05/2014,Sun,330,EA,CN1C,103A 110A 330A ,M,R,W,DO,F , , ,N,50,0,1,0,1758722,5926144
Auckland,03/03/2014,Mon,1711,FB,CE1C,181A 331A ,,R,D,TF,F ,X,G,C,60,0,0,0,1765276,5902321
Auckland,14/11/2014,Fri,2000,QD,VW1,428A ,H,M,D,DO,F , ,N,R,50,0,0,0,,
Auckland,27/06/2014,Fri,1710,FF,CW1C,181A 929 ,,R,W,OF,L ,D,N,N,50,0,0,0,1754208,5915878
Auckland,07/05/2014,Wed,2322,CA,CE1,103A 130A ,K,R,W,DO,L , , ,C,50,0,0,0,1763918,5919336
Auckland,25/09/2014,Thu,1850,PC,CS1E,371A 378A 671A 727B 730B 834 929 ,,R,D,DO,F ,D,N,N,50,0,0,0,1753111,5913372
Auckland,25/10/2014,Sat,15,EA,PE1C,129A ,M,R,D,DO,F , , ,C,50,0,0,0,1753439,5913016
Auckland,19/09/2014,Fri,100,CB,CS1,410A ,C,R,W,DN,L , , ,N,50,0,0,0,1739938,5914883
Auckland,20/03/2014,Thu,25,DA,CE2,103A 111A 131A ,,E,D,DO,F ,T,N,C,50,0,0,0,1751149,5927129
Auckland,22/02/2014,Sat,300,MO,CW1C,371A 927 ,M,R,D,DO,F ,D,N,R,50,0,0,0,1766906,5907864
Auckland,01/05/2014,Thu,810,HA,CS1M,302A ,,E,D,B ,F ,R,G,N,50,0,0,1,1756267,5913178
Auckland,12/12/2014,Fri,1125,FB,CN1C,181A 330A ,,R,D,B ,F ,T,G,R,50,0,0,0,1756310,5913736
Auckland,07/07/2014,Mon,945,EA,CE1C,129A ,M,R, , F,  , ,N,N,50,0,0,0,1755387,5915107
Auckland,10/12/2014,Wed,2130,MO,CE1C,371A 929 ,M,R,W,DO,L ,D,N,N,50,0,0,0,1755228,5915150
Auckland,12/06/2014,Thu,1850,EA,CW1C,130A 801 ,M,R,W,DO,L , , ,N,50,0,0,0,1754319,5916082
Auckland,29/04/2014,Tue,825,EO,BE1,179A 330A ,P,R,D,O ,F , ,N,C,50,0,0,0,1751081,5912378
Auckland,19/02/2014,Wed,2348,DC,CW1,103A 130A ,G,M,D,DO,F ,T,N,N,50,0,0,0,1750890,5912410
Auckland,23/11/2014,Sun,1800,EA,CE1C,386A ,M,R,D,B ,F , ,N,C,50,0,0,0,1763824,5905186
Auckland,11/12/2014,Thu,1441,CB,MN1,129A 130A ,KP,R,D,O ,F , , ,L,50,0,0,0,1774948,5896675
Auckland,25/07/2014,Fri,2135,DA,CN2,103A ,ET,E,W,DN,L ,T,S,C,100,0,0,1,1767768,5883376
Auckland,16/02/2014,Sun,2232,DC,CN2,112A 130A ,S,R,D,DN,F ,T,S,C,100,0,0,1,1767768,5883376
Auckland,26/10/2014,Sun,100,DB,VW1,111A 131A 691A ,T,S,D,DN,F ,R,G,C,100,0,0,1,1767325,5883275
Auckland,12/08/2014,Tue,413,DA,CN1,111A 131A ,T,M,W,DN,H , ,N,C,100,0,3,0,1767336,5883278
Auckland,20/04/2014,Sun,1819,DA,CW1,111A 131A ,V,M,W,DN,L , ,N,C,100,0,0,0,1768542,5883989
Auckland,09/11/2014,Sun,2130,DB,4W1,103A 111A 131A ,P,E,D,DN,F , , ,C,70,0,0,1,1768258,5883912
Auckland,12/04/2014,Sat,1544,DB,CE1,103A 130A 358A 402A ,C,E,D,B ,F , , ,N,50,0,0,1,1780598,5926982
Auckland,20/01/2014,Mon,1520,EA,CS1C,129A ,MK,R,D,O ,F , , ,C,50,0,0,0,1765626,5908750
Auckland,13/07/2014,Sun,1500,DA,CS2,111A 133A 800 ,G,M,W,O ,F ,R,G,R,50,0,0,0,1765651,5908886
Auckland,03/04/2014,Thu,850,BB,BS2V,124A ,,E,D,BF,F ,T,G,C,50,0,0,0,1744312,5922290
Auckland,12/12/2014,Fri,2130,DB,CS1C,111A 131A ,M,E,D,DO,F ,X,S,C,50,0,1,0,1767572,5881832
Auckland,08/11/2014,Sat,924,HA,CS1C,302B 375B ,,R,D,B ,F ,X,G,C,50,0,1,1,1767829,5881431
Auckland,17/05/2014,Sat,1025,HA,CN1C,302B 375B ,,R,D,B ,F ,X,G,C,50,0,0,0,1767829,5881431
Auckland,10/04/2014,Thu,1715,GB,CS1C,158A 929 ,,R,D,O ,F ,D,N,C,50,0,0,0,1767962,5881230
Auckland,03/04/2014,Thu,2348,CB,CS1,103A 410A ,P,R,D,DO,F , ,N,C,50,0,0,0,1768099,5881021
Auckland,18/05/2014,Sun,1000,HA,CS1V,301B 351B ,,R,D,B ,F ,X,S,L,50,0,0,0,1768077,5881054
Auckland,25/06/2014,Wed,1711,LB,MW1V,303B 375B 922 ,,R,W,O ,F ,D,N,C,50,0,0,1,1744307,5915697
Auckland,31/07/2014,Thu,835,NA,CW1E,713B ,,R,W,O ,F , , ,C,50,0,0,1,1744127,5915554
Auckland,25/12/2014,Thu,110,DB,CW1,103A 111A 131A ,P,E,D,DN,F , ,N,C,50,0,0,0,1742229,5915367
Auckland,15/11/2014,Sat,148,DA,CE1,103A 111A 131A 402A ,FX,E,W,DN,F , , ,C,50,0,0,1,1742588,5915472
Auckland,31/05/2014,Sat,1940,AC,CE1V,159A ,,R,D,DN,F , , ,C,50,0,0,0,1742028,5915220
Auckland,18/02/2014,Tue,1710,FD,4S1CC,331A 350A ,,R,D,BF,F , ,N,C,50,0,1,2,1744651,5915972
Auckland,28/05/2014,Wed,645,JC,CW2M,302A 375A ,,E,D,DO,F ,T,G,P,50,0,0,1,1744620,5915947
Auckland,02/04/2014,Wed,1730,HA,CN2C,302A ,,R,D,B ,F ,R,G,R,50,0,0,0,1744336,5915706
Auckland,02/09/2014,Tue,810,LB,CE1C,302B ,,E,D,B ,F ,R,G,R,50,0,0,0,1744323,5915709
Auckland,13/05/2014,Tue,1244,JA,CN1C,308B 377B 402B 839 930 ,,R,D,B ,F ,D, ,C,50,0,0,1,1744828,5916114
Auckland,06/01/2014,Mon,1145,EC,TW1,686A ,X,E,D,BF,F , ,N,L,50,0,0,0,1745264,5917335
Auckland,30/10/2014,Thu,1613,LB,CW1V,303B 930 ,,R,D,B ,F ,D,N,L,50,0,0,0,1745264,5917335
Auckland,19/04/2014,Sat,2117,DA,CS1,103A 111A 131A 801 ,C,M,W,DO,L ,X,T,C,50,0,0,0,1745342,5917395
Auckland,19/12/2014,Fri,2014,DA,CN1,104A 131A 402A ,B,S,D,O ,F , , ,C,50,0,0,1,1741590,5915338
Auckland,12/08/2014,Tue,815,LB,CS1C,303B 382B ,,R,D,B ,F ,T,N,C,50,0,0,0,1745099,5916477
Auckland,23/02/2014,Sun,835,LB,SN1C,303B 375B 929 ,,R,D,O ,F ,D,N,C,50,0,0,1,1743713,5915206
Auckland,14/12/2014,Sun,1000,DA,CE1,111A 131A 801 ,FG,M,W,O ,L , , ,C,50,0,0,0,1743476,5915410
Auckland,20/05/2014,Tue,1220,EA,TW1C,129A ,M,R,D,B ,F , , ,C,50,0,0,0,1743317,5915470
Auckland,16/09/2014,Tue,1300,FA,CS1C,181A ,,R,D,B ,F , , ,C,50,0,0,0,1745177,5917047
Auckland,29/08/2014,Fri,1645,AA,VS1C,372A ,,R,D,B ,F , , ,C,50,0,0,0,1745175,5917012
Auckland,29/01/2014,Wed,719,FE,4S1C,181A 331A ,,R,D,BF,F ,X,T,C,50,0,0,0,1745179,5917070
Auckland,10/06/2014,Tue,1345,MO,CN1C,371A ,M,R,D,B ,F , ,N,C,50,0,0,0,1745169,5916942
Auckland,27/05/2014,Tue,1154,GD,CS14,181A 331A 632A 926 ,,E,D,B ,F ,D, ,C,50,0,0,2,1745267,5917337
Auckland,10/06/2014,Tue,1613,DC,CN2CC,101A 113A ,G,R,W,DO,L ,T,S,C,50,0,0,0,1745301,5917358
Auckland,12/03/2014,Wed,2300,JA,CS1C,101B 124B 131B 357B ,,R,D,DO,F ,T,N,C,50,0,0,0,1745088,5916418
Auckland,27/07/2014,Sun,1834,EA,4W1C,129A 331A ,Q,R,D,DO,F , ,N,C,50,0,0,0,1752157,5915433
Auckland,18/07/2014,Fri,230,CB,CW1,130A ,F,R,D,DO,  , ,N,N,50,0,0,0,1753147,5915118
Auckland,18/04/2014,Fri,1000,MD,CS1C,371B 929 ,,R,W,BF,F ,D,N,C,50,0,0,0,1753602,5914081
Auckland,10/02/2014,Mon,1800,GF,BS1C,158B ,,R,D,O ,F ,T,S,C,50,0,0,0,1756395,5916034
Auckland,18/06/2014,Wed,1515,FA,CW1C,181A ,,E,D,O ,F , , ,N,50,0,0,0,1756325,5913889
Auckland,25/10/2014,Sat,1350,MO,CN1,371A 929 ,F,E,D,B ,F ,D,N,C,50,0,0,0,1762064,5906488
Auckland,13/06/2014,Fri,905,MG,CS1C,150B 371B ,,R,D,BF,F , ,N,C,50,0,0,0,1762197,5906345
Auckland,10/07/2014,Thu,330,DC,VN1,103A 111A ,FT,M,W,DO,L ,X,S,P,50,0,0,0,1747936,5916370
Auckland,09/07/2014,Wed,1415,MA,CS1C,103B 357B 373B 801 ,,R,W,O ,L , , ,R,50,0,0,0,1747183,5915528
Auckland,14/02/2014,Fri,506,DB,CN1CC,122A 355A ,M,R,W,DN,F ,T,N,N,50,0,0,0,1747674,5916103
Auckland,16/11/2014,Sun,1455,MA,CN1C,372B ,,R,D,BF,F , ,N,C,50,0,0,0,1747057,5915307
Auckland,10/01/2014,Fri,1449,GD,TS1CV,331A 350A ,,R,D,B ,F ,T,G,C,50,0,0,3,1747079,5915373
Auckland,27/11/2014,Thu,1545,CB,CS1C,129A 354A ,M,R,D,BF,F , ,N,C,50,0,0,0,1747029,5915226
Auckland,26/02/2014,Wed,835,FB,CS1C,331B 353B ,,E,D,BN,F ,T,G,R,50,0,0,0,1746990,5915134
Auckland,27/06/2014,Fri,1602,NA,CN1E,711B 712B ,,R,W,OF,L ,T,G,C,50,0,0,1,1747567,5915980
Auckland,17/12/2014,Wed,1517,JA,TN1V,302B ,,R,D,O ,F ,T,G,C,50,0,0,1,1747362,5915742
Auckland,17/06/2014,Tue,630,HA,SN1C,301B ,,R,W,DO,L ,X,S,C,50,0,0,1,1756128,5919932
Auckland,12/03/2014,Wed,1747,FD,CW1CVC,181A 330A ,,R,D,B ,F ,M,T,C,50,0,0,2,1756737,5913063
Auckland,13/03/2014,Thu,1050,DC,CE1,111A 131A 402A ,P,E,D,B ,F ,T,N,N,50,0,0,0,1760013,5912612
Auckland,12/08/2014,Tue,915,MD,VE1C,371B 377B 839 ,,E,D,B ,F , ,N,N,50,0,0,0,1743854,5921578
Auckland,11/09/2014,Thu,1645,CC,CE1,112A 517A ,F,R,D,B ,F , ,N,N,50,0,0,0,1767377,5900701
Auckland,08/11/2014,Sat,530,DA,CN2C,101A 111A 402A ,FMT,E,D,DO,F ,T,G,L,50,0,0,0,1767330,5900739
Auckland,11/10/2014,Sat,900,AC,CE1CT,372A 507A ,S,R,D,B ,F , , ,R,80,0,0,0,1749470,5945804
Auckland,26/07/2014,Sat,1224,KC,VE2V,302A 375A ,,R,D,B ,F ,X,G,R,80,0,0,0,1749489,5945809
Auckland,29/06/2014,Sun,1130,GD,CS1C,333A 930 ,,R,D,O ,F ,D, ,C,50,0,0,0,1751884,5948263
Auckland,19/02/2014,Wed,1525,FD,CN1C,181A ,,R,W,OF,F , ,N,C,50,0,0,0,1751764,5948106
Auckland,04/06/2014,Wed,103,DA,CE2,103A 111A 131A ,,E,D,DO,F ,T,T,R,50,0,0,0,1751970,5948550
Auckland,28/11/2014,Fri,1610,JA,BE14,308B 387B 930 ,,R,D,BF,F ,D,N,C,70,0,0,0,1749716,5945910
Auckland,13/10/2014,Mon,1730,MO,CW1C,330B 371B ,,E,D,B ,F , , ,P,80,0,0,0,1749347,5945763
Auckland,06/06/2014,Fri,1835,JA,ME1C,308B 375B 930 ,,R,W,DO,L ,D,N,P,80,0,0,1,1749247,5945716
Auckland,13/06/2014,Fri,1746,KA,CN2C,302B 375B ,,R,D,OO,F ,X,G,R,50,0,0,0,1749489,5945809
Auckland,13/06/2014,Fri,713,KC,TN2C,302A 375A ,,R,D,BF,F ,X,G,C,80,0,0,0,1749489,5945809
Auckland,06/10/2014,Mon,2119,LB,CW1V,103A 112A 303B ,IPS,R,D,DO,F ,X,T,R,80,1,0,1,1749489,5945809
Auckland,02/01/2014,Thu,1605,FC,CS1CC,331A 352A 181B ,,R,D,B ,F , , ,C,50,0,0,0,1751935,5949075
Auckland,18/04/2014,Fri,40,DB,CN1,103A ,R,R,W,DO,F ,R,G,R,50,0,0,0,1751658,5949824
Auckland,28/04/2014,Mon,1645,FD,VN1CC,181A 181C ,,E,W,BF,L ,T,N,C,80,0,0,0,1750936,5947223
Auckland,04/12/2014,Thu,710,JA,CN1C,301B ,,E,D,OF,F ,T,S,L,70,0,0,1,1751355,5951610
Auckland,11/06/2014,Wed,2230,EC,CN1,915,W,R,D,DN,F , , ,C,80,0,0,0,1752763,5953075
Auckland,23/09/2014,Tue,2040,DB,CS1,131A 358A 400A ,C,E,D,DO,F , , ,P,70,0,0,1,1751413,5951489
Auckland,17/01/2014,Fri,1101,DA,CE2,131A 423A 507A ,P,E,D,B ,FS,T,G,C,30,0,0,0,1751740,5949695
Auckland,31/05/2014,Sat,1620,FA,CS1T,350A ,,R,D,O ,F ,T,G,C,50,0,0,0,1751808,5949492
Auckland,04/12/2014,Thu,1215,MO,CS1C,386A ,M,R,D,B ,F , , ,C,50,0,0,0,1751805,5949502
Auckland,28/07/2014,Mon,800,FD,CN1C,181A 363A 902 ,,E,D,B ,F , ,N,N,50,0,0,0,1751374,5951106
Auckland,20/02/2014,Thu,1010,MC,CS1C,372B ,,E,D,O ,F , , ,C,50,0,0,0,1751289,5950831
Auckland,20/08/2014,Wed,1648,BE,CN1C,501A ,,R,D,O ,F , , ,C,50,0,0,2,1751829,5948171