TLANAME,CRASHDATE,CRASHDOW,CRASHTIME,MVMT,VEHICLES,CAUSES,OBJECTSSTRUCK,ROADCURVE,ROADWET,LIGHT,WTHRa,JUNCTYPE,TRAFCTRL,ROADMARK,SPDLIM,CRASHFATALCNT,CRASHSEVCNT,CRASHMINCNT,EASTING,NORTHING
Auckland,27/10/2014,Mon,1000,AC,4N1CC,159A 330A 191B 197B ,,M,D,B ,F , , ,L,80,0,0,0,1751972,5952788
Auckland,20/12/2014,Sat,700,DB,CN1,131A 801 ,F,E,W,DN,L , , ,L,80,0,0,0,1752704,5953690
Auckland,19/12/2014,Fri,1235,PC,CE1E,103A 308A 925 ,,R,D,BF,F ,D,N,C,50,0,0,1,1751347,5950658
Auckland,03/05/2014,Sat,1645,FD,CW1CV,181A ,,R,D,OF,F , ,N,C,50,0,0,0,1751384,5947778
Auckland,05/02/2014,Wed,1930,EE,CN1C,129A ,M,R, , F,  , ,N,N,50,0,0,0,1751838,5949403
Auckland,19/06/2014,Thu,610,HA,CW1C,302A 375A ,,E,D,BF,F ,R,G,C,80,0,0,0,1748643,5945410
Auckland,17/06/2014,Tue,830,FE,4W1T4,181A ,,R,W,BF,L ,M,T,C,80,0,0,0,1748798,5945454
Auckland,23/10/2014,Thu,853,AC,CS1C,159A 330A ,,R,D,B ,F , , ,P,50,0,0,0,1748900,5945501
Auckland,03/01/2014,Fri,1917,QG,40,130A 429A ,G,R, , F,F , ,N,C,80,0,0,0,1748909,5945506
Auckland,10/05/2014,Sat,1032,AC,CN1C,372A 402A 671A ,HT,R,D,B ,F , , ,C,80,0,0,0,1749986,5946121
Auckland,22/05/2014,Thu,1409,AA,TE1C,372A 671A ,,R,D,OF,F ,X,G,R,80,0,0,0,1749933,5946076
Auckland,01/07/2014,Tue,847,AC,CE1C,372A ,,R,W,O ,F , , ,N,80,0,0,0,1749870,5946026
Auckland,09/11/2014,Sun,1429,LB,CE1C,303B 375B ,,R,D,B ,F ,X,G,R,70,0,0,2,1749948,5946088
Auckland,21/03/2014,Fri,1719,LB,CN1C,303B ,,R,D,B ,F ,X,G,C,80,0,0,0,1749948,5946088
Auckland,03/07/2014,Thu,900,LB,CW1T,303B 382B ,,R,W,O ,F ,X,G,R,80,0,0,0,1749956,5946079
Auckland,19/03/2014,Wed,1654,AA,CN14,184A ,,R,D,B ,F , , ,R,80,0,0,0,1750489,5946516
Auckland,02/07/2014,Wed,1125,AA,CE1C,372A 801 ,,E,W,O ,L , , ,R,80,0,0,0,1750315,5946399
Auckland,20/04/2014,Sun,1424,KA,CW1C,308B 922 ,,R,W,O ,F ,D,N,R,80,0,0,0,1750280,5946380
Auckland,08/08/2014,Fri,1125,AA,CN1C,372A ,,R,D,O ,F ,T,G,R,80,0,0,0,1750251,5946364
Auckland,12/12/2014,Fri,1430,FD,VN1C,181A ,,R,D,O ,F , , ,R,70,0,0,1,1750114,5946251
Auckland,18/09/2014,Thu,1733,DB,4S1,103A 131A 801 ,CG,M,W,O ,L , , ,C,80,0,0,0,1752455,5954453
Auckland,27/07/2014,Sun,1530,BB,CN1C,129A ,,E,D,OF,F , ,N,L,100,0,0,0,1752453,5954415
Auckland,09/05/2014,Fri,1312,DB,4N1,111A 514A ,G,M,W,O ,F , ,N,C,80,0,0,0,1752453,5954415
Auckland,07/07/2014,Mon,1641,DB,CN1,131A 404A 407A 801 ,G,M,W,O ,L , , ,L,80,0,0,0,1752459,5954396
Auckland,30/05/2014,Fri,1821,FC,MN1E,306A 376A ,,R,D,DO,F ,T,N,R,50,0,1,1,1751950,5949016
Auckland,18/04/2014,Fri,854,EA,CN1C,129A 410A ,M,R,D,B ,F , , ,P,50,0,0,0,1751958,5948987
Auckland,18/09/2014,Thu,1952,DB,CN1CC,131A 352A ,M,M,W,DO,L , , ,C,50,0,0,0,1751980,5948900
Auckland,29/05/2014,Thu,1640,DB,CN1,110A 404A ,,M,W,TF,F , ,N,L,80,0,0,0,1752661,5953983
Auckland,22/07/2014,Tue,1005,FA,CN1C,184A ,,R,D,O ,F , , ,C,50,0,0,0,1751444,5950361
Auckland,11/08/2014,Mon,1254,DB,TN1,129A 386A ,KS,S,D,B ,F ,T,T,C,50,0,0,0,1751462,5950303
Auckland,29/03/2014,Sat,831,LB,CN1C,303B 375B ,,R,D,B ,F ,T,T,C,50,0,0,0,1751462,5950303
Auckland,11/03/2014,Tue,1620,AA,CN1C,372A ,,R,D,B ,F , ,N,C,50,0,0,0,1750687,5946668
Auckland,17/03/2014,Mon,1635,FD,4N1CV,181A 181B ,,R,D,O ,F , , ,C,80,0,0,2,1750596,5946591
Auckland,03/11/2014,Mon,752,FD,CS1C,110A 181A 331A ,,R,D,O ,F , , ,L,50,0,0,0,1750636,5946621
Auckland,10/06/2014,Tue,1230,GD,CN1C,181A ,,R,D,B ,F ,X,G, ,50,0,0,0,1750709,5946689
Auckland,26/07/2014,Sat,158,LB,XS1C,322B 334B 350B ,,R,W,DO,L ,M,T,R,80,0,0,0,1750709,5946689
Auckland,18/09/2014,Thu,1154,FE,CS1C,181A ,,R,D,BF,F ,M,T,C,80,0,0,0,1750709,5946689
Auckland,24/12/2014,Wed,615,LB,BS14,303B 323B ,,R,D,O ,F ,X,T,R,70,0,0,0,1750709,5946689
Auckland,07/11/2014,Fri,2105,LB,CN1C,103B 303B 322B ,,R,D,DO,F ,X,T,R,70,0,0,2,1750709,5946689
Auckland,11/11/2014,Tue,1047,FE,CN1C,428A ,,R,D,BF,F ,X,T,C,80,0,0,0,1750709,5946689
Auckland,04/11/2014,Tue,2352,DB,CN1,103A 402A 412A ,T,M,D,DO,F ,T,N,C,50,0,0,0,1753704,5927550
Auckland,12/06/2014,Thu,1130,EA,CS1C,129A ,M,R,D,O ,F , , ,N,50,0,0,0,1757508,5920586
Auckland,27/06/2014,Fri,1640,QD,VE1,428A 901 ,KP,R,W,DO,H , , ,C,50,0,0,0,1764632,5909676
Auckland,23/07/2014,Wed,2345,MA,CS1C,373B ,,R,D,DO,  , ,N,N,50,0,0,0,1757462,5920413
Auckland,03/07/2014,Thu,1605,EA,VS1C,129A ,M,R,D,BF,F , ,N,N,50,0,0,0,1757505,5920573
Auckland,25/07/2014,Fri,845,FA,CE1CV,331A 363A 801 ,,R,W,B ,L , , ,C,50,0,0,0,1766967,5910548
Auckland,25/05/2014,Sun,1550,CB,VE1,129A 358A ,EP,R,D,B ,F ,X,T,C,70,0,0,0,1767064,5910534
Auckland,12/11/2014,Wed,1300,KB,CE1V,382B ,,R,D,B ,F ,X,T,C,50,0,0,1,1767064,5910534
Auckland,09/01/2014,Thu,1900,BA,CE1C,205A 330A 197B ,I,R,D,BF,F , , ,R,70,0,0,0,1766967,5910548
Auckland,19/09/2014,Fri,537,GA,CW1T,181A 331A 353A 922 ,,R,W,TO,F ,D, ,R,70,0,0,1,1766795,5910471
Auckland,24/12/2014,Wed,555,LB,CW1C,303B ,,R,D,OF,F ,X,T,C,50,0,0,0,1767064,5910534
Auckland,06/06/2014,Fri,1121,AC,4E1C,159A 381A ,,R,D,BF,F , ,N,P,50,0,0,0,1767781,5910356
Auckland,18/11/2014,Tue,750,FD,CE1C,181A ,,R,D,BF,F , ,N,R,50,0,0,0,1766686,5910410
Auckland,06/06/2014,Fri,637,DA,CE14,111A 131A 357A ,P,E,D,DO,F , ,N,R,70,0,0,1,1766232,5910208
Auckland,26/08/2014,Tue,730,AA,CN1V,150A 357A 150B 357B ,,E,D,B ,F , ,N,C,70,0,0,0,1765868,5909906
Auckland,07/11/2014,Fri,2051,LB,CW1C,103A 112A 303B 322B 334B ,P,R,D,DO,F ,T,T,C,70,0,0,2,1766598,5910363
Auckland,17/11/2014,Mon,1222,LB,CW1C,303B 322B ,,R,W,O ,L ,T,T,R,80,0,0,0,1766598,5910363
Auckland,18/11/2014,Tue,745,FE,CE1CC,331A 181B ,,R,D,B ,F ,T,T,C,70,0,0,0,1766598,5910363
Auckland,16/06/2014,Mon,1640,LB,4E2C,302A ,,E,D,B ,L ,R,G,R,70,0,0,0,1765630,5908850
Auckland,28/01/2014,Tue,1255,AA,TN1C,372A 671A ,,R,D,BF,F , ,N,R,70,0,0,0,1765584,5909245
Auckland,01/07/2014,Tue,700,HA,4S1C,302A 375A ,,M,D,OF,F ,R,G,R,50,0,0,0,1765622,5908907
Auckland,17/06/2014,Tue,738,LB,400000000000000,322A 801 ,SS,R,W,O ,L ,T,T,C,50,0,0,2,1767352,5910462
Auckland,28/02/2014,Fri,1943,KA,4E1C,302A 350A ,,S,D,O ,F ,R,G,C,50,0,0,0,1765630,5908850
Auckland,17/04/2014,Thu,1200,AA,CN2T,372A ,,E,D,B ,F ,R,G,C,60,0,0,0,1765615,5908850
Auckland,10/03/2014,Mon,1357,AA,4N2T,350A 372A ,,M,D,BF,F ,R,G,C,50,0,0,0,1765593,5908878
Auckland,13/12/2014,Sat,2109,CB,CS1,133A 801 ,T,R,W,DO,L , , ,N,100,0,0,0,1765574,5908733
Auckland,05/11/2014,Wed,810,JC,4E1C,308A 314A 377A 929 ,,R,D,OF,F ,D,N,P,50,0,0,0,1753835,5924813
Auckland,16/03/2014,Sun,2045,LB,CE1C,322A ,,R,W,DO,L ,X,T,C,50,0,0,0,1753915,5924806
Auckland,01/04/2014,Tue,1715,JC,CS2C,302A 902 ,,R,D,B ,F ,T,G,C,50,0,0,0,1753552,5924734
Auckland,28/06/2014,Sat,230,CA,CS1CC,112A 132A 430A 901 ,M,R,W,DO,H , , ,C,50,0,0,0,1750896,5915820
Auckland,02/12/2014,Tue,1525,FB,CW1C,331A 358A ,,E,D,B ,F ,T,S,P,50,0,0,0,1769807,5914568
Auckland,26/03/2014,Wed,2230,KA,CE1C,302B 353B 377B ,,E,D,DO,F ,T,G,R,50,0,0,0,1769818,5914586
Auckland,21/02/2014,Fri,825,HA,CW1C,321B ,,R,D,B ,F ,X,S,R,50,0,0,0,1770290,5914345
Auckland,10/10/2014,Fri,1409,JA,CW1C,302B 375B ,,M,D,B ,F ,T,G,R,50,0,0,1,1769182,5901572
Auckland,09/01/2014,Thu,1720,JA,CE1V,302B 377B 830 ,,R,D,B ,F ,T,G,C,50,0,0,0,1769182,5901572
Auckland,19/09/2014,Fri,1550,JA,CW1C,302B 375B ,,R,D,OF,F ,T,G,C,50,0,0,4,1769182,5901572
Auckland,03/05/2014,Sat,1241,FD,TW1V,181A 352A ,,R,D,B ,F , ,N,C,50,0,0,0,1769552,5901796
Auckland,20/02/2014,Thu,630,LB,CE1C,303B 375B ,,R,D,B ,F ,T,G,C,50,0,0,2,1769478,5901765
Auckland,13/09/2014,Sat,2015,ND,CW1E,370A 105B 711B 724B 801 ,,S,W,DO,L ,T,G,R,50,0,0,0,1769478,5901765
Auckland,25/07/2014,Fri,730,LB,VE1C,303B 375B 801 ,FKF,R,W,O ,L ,T,G,C,50,0,0,2,1769478,5901765
Auckland,20/04/2014,Sun,233,DA,CE1,111A 131A 402A ,P,M,W,DO,L , , ,C,50,0,0,0,1769381,5901715
Auckland,30/07/2014,Wed,2320,CC,CW1,103A 130A 410A ,P,R,W,DO,F , , ,C,50,0,0,2,1764482,5905584
Auckland,30/05/2014,Fri,1630,PC,CE1E,330A 371A 929 ,,R,D,B ,F ,D, ,C,50,0,1,0,1764482,5905584
Auckland,09/06/2014,Mon,1755,FE,CW1C,112A 181A ,,R,W,DO,H ,T,T,C,60,0,0,0,1769667,5901842
Auckland,11/04/2014,Fri,1245,JA,CE1C,322B ,,R,D,B ,F ,T,T,C,50,0,0,0,1769657,5901839
Auckland,10/06/2014,Tue,2330,CB,CE1,136A 651A ,S,R,W,DO,L , ,N,C,50,0,0,0,1768830,5901204
Auckland,12/01/2014,Sun,1215,DA,CS1,110A 131A ,T,M,D,O ,F , ,N,C,50,0,0,0,1768925,5901255
Auckland,02/07/2014,Wed,1715,JC,CN2C,302A 375A ,,E,D,BF,F ,T,G,C,50,0,0,0,1768692,5901146
Auckland,30/07/2014,Wed,1830,FA,CE1C,331A 501A ,,R,D,TO,F ,T,G,C,50,0,0,1,1769812,5901900
Auckland,04/07/2014,Fri,1602,NB,VW1E,713B 732B ,,R,D,TF,F , , ,P,50,0,1,0,1769840,5901912
Auckland,13/12/2014,Sat,1330,FD,CW1CC,331A 358A ,,R,D,BF,F , ,N,P,50,0,0,0,1769877,5901927
Auckland,31/01/2014,Fri,1710,JA,CW1C,302B 375B ,,E,D,O ,F ,T,G,P,50,0,0,0,1770263,5902082
Auckland,21/06/2014,Sat,1525,DA,CN1C,122A 410A ,M,E,D,BF,F ,T,G,C,50,0,0,0,1770706,5902411
Auckland,05/02/2014,Wed,1715,FD,CE1C,133A 181A ,,R,D,B ,F ,T,N,C,60,0,0,0,1769627,5901827
Auckland,25/12/2014,Thu,130,EA,CS1C,129A 330A ,M,R,D,DO,F , , ,C,50,0,0,0,1758586,5912593
Auckland,20/01/2014,Mon,2100,DA,4S1,129A 927 ,H,R,D,DN,F ,D,N,C,50,0,0,0,1758650,5911794
Auckland,27/10/2014,Mon,2315,DA,CN1,131A 412A 423A 801 ,C,M,W,DO,L , , ,C,50,0,0,1,1755145,5927004
Auckland,02/08/2014,Sat,1814,BA,VS1C,129A 330A ,,R,D,DO,F , , ,C,50,0,0,0,1755249,5926883
Auckland,30/07/2014,Wed,1700,EA,CS1C,129A 353A 386A 818 ,M,R,D,B ,F , , ,C,50,0,0,0,1755406,5926716
Auckland,10/05/2014,Sat,815,EA,CE1C,386A ,M,R,D,O ,F , ,N,C,50,0,0,0,1764164,5905507
Auckland,16/05/2014,Fri,2215,EA,CN1C,129A 331A 351A ,M,R,D,DO,F ,T,G,C,50,0,0,2,1763673,5905337
Auckland,23/10/2014,Thu,2310,EA,CS14C,102A 410A ,M,R,D,DO,F , , ,C,50,0,0,0,1764280,5905594
Auckland,26/02/2014,Wed,810,KB,VN1C,302B 375B ,,R,D,BF,F ,X,G,C,50,0,0,0,1764025,5905416
Auckland,15/06/2014,Sun,2200,MG,CN1C,512A 514A 517A ,,R,D,DO,F ,T,N,C,50,0,0,0,1767693,5908583
Auckland,22/01/2014,Wed,1944,NA,CN1E,712B 713B 727B ,,R,D,OF,F , ,N,C,50,0,0,1,1767672,5908499
Auckland,15/06/2014,Sun,2154,EA,CN1C,110A 129A 514A 517A ,Q,E,D,DO,F , , ,C,50,0,0,0,1767617,5908279
Auckland,19/04/2014,Sat,1225,GA,CE1C,181A 331A ,,E,D,B ,F ,X,G,R,50,0,0,0,1756629,5912849
Auckland,15/02/2014,Sat,1734,FE,CW1C,181A 410A ,,E,D,BF,F , ,T,N,50,0,0,0,1756625,5912776
Auckland,04/08/2014,Mon,653,FA,XW1C,181A ,,R,W,DO,F , ,N,P,100,0,0,0,1756825,5912719
Auckland,12/02/2014,Wed,930,BF,CN1C,110A 131A 801 ,,M,W,O ,L , , ,C,50,0,0,1,1755611,5911609
Auckland,27/06/2014,Fri,743,JA,CN1C,301B 375B ,,R,W,B ,F ,T,S,C,50,0,0,0,1755847,5911792
Auckland,06/05/2014,Tue,1807,FD,CE1CC,181A 331A ,,E,W,DO,F ,T,N,C,50,0,0,1,1756360,5912405
Auckland,29/09/2014,Mon,1615,FF,CN1C,331A 358A ,,R,D,OF,F , ,N,C,50,0,0,0,1756548,5912562
Auckland,25/06/2014,Wed,1720,FE,CN1C,331A 387A ,,R,W,DO,L ,T,T,C,50,0,0,0,1756713,5913070
Auckland,12/11/2014,Wed,2240,JA,CN1C,322A ,,R,D,DO,F ,T,T,C,50,0,0,0,1756713,5913070
Auckland,28/01/2014,Tue,1935,FE,CN1C,181A ,,R,D,BF,F ,T,T,C,50,0,0,0,1756713,5913070
Auckland,08/05/2014,Thu,1510,GO,CN1B,386B ,,R,D,B ,F ,X,T,C,50,0,0,0,1756713,5913070
Auckland,13/08/2014,Wed,1900,FE,CN1C,331A ,,R,D,DO,F ,X,T,C,50,0,0,0,1756713,5913070
Auckland,10/06/2014,Tue,340,GD,CN1C,181A 330A 929 ,,R,D,DO,F ,D,N,C,50,0,0,0,1756078,5912074
Auckland,22/12/2014,Mon,1818,HA,CW1C,301B 375B ,,R,D,TF,F ,X,S,C,50,0,0,1,1753187,5912351
Auckland,23/05/2014,Fri,2005,AO,VS1C,102A 353A 386A 922 ,,R,D,DO,F ,D,N,C,50,0,0,0,1753187,5912351
Auckland,12/09/2014,Fri,930,AA,TS1V,381A 671A ,,R,W,BF,L , ,N,C,50,0,0,0,1756708,5913056
Auckland,09/06/2014,Mon,1500,FD,CS1C,181A ,,R,W,OF,L ,X,T,C,50,0,0,0,1756713,5913070
Auckland,30/04/2014,Wed,1312,GB,CW1C,157A 158A 929 ,,E,D,O ,F ,D,N,C,80,0,0,0,1755004,5911463
Auckland,20/06/2014,Fri,2020,MD,CW1C,371B 930 ,,E,D,DO,F ,D,N,C,50,0,0,0,1755091,5911431
Auckland,01/07/2014,Tue,543,AA,CN1V,330B 372B 801 ,,R,W,DO,L ,X,T,C,100,0,0,0,,
Auckland,24/11/2014,Mon,1152,JA,CS1C,322B ,,R,D,BF,F ,X,T,R,50,0,0,0,1756606,5912781
Auckland,05/03/2014,Wed,1137,BE,CN14,130A 130B 801 901 ,,R,W,O ,H , , ,C,50,0,0,1,1754040,5911588
Auckland,30/04/2014,Wed,1520,AC,CS1V,372A ,,R,D,BF,F , ,N,C,50,0,0,0,1754173,5911439
Auckland,24/05/2014,Sat,1530,MO,CN1C,371B ,,E,D,BF,F , ,N,C,50,0,0,0,1756582,5912599
Auckland,23/03/2014,Sun,1500,LB,CN1C,303B 375B 929 ,,R,D,BF,F ,D,N,C,50,0,0,0,1756812,5913405
Auckland,27/08/2014,Wed,1215,PE,CS1E,129A 720B ,,R,D,B ,F , ,N,C,50,0,0,0,1756890,5913588
Auckland,25/06/2014,Wed,400,CA,CW2,410A ,IS,R,D,DO,F ,X,T,R,50,0,0,0,1757006,5913751
Auckland,21/06/2014,Sat,710,CC,VS1,412A ,FP,R,D,O ,F , , ,C,50,0,0,0,1756136,5912162
Auckland,14/05/2014,Wed,1918,NB,CE1E,711B 719B 724B ,,R,W,DO,L ,T,S,C,50,0,1,0,1756257,5912320
Auckland,15/07/2014,Tue,1040,GD,VS1C,387A 404A ,,R,D,B ,F ,T,S,C,50,0,0,0,1756257,5912320
Auckland,29/08/2014,Fri,1030,AC,CW1C,372A ,,M,D,B ,F ,T,S,P,50,0,0,0,1754811,5911419
Auckland,14/02/2014,Fri,1335,MC,CE1C,372B ,,E,D,O ,F ,T,S,C,50,0,0,0,1754811,5911419
Auckland,02/06/2014,Mon,2011,CB,CN1,130A ,P,R,D,DO,F , , ,C,50,0,0,0,1753510,5912064
Auckland,23/06/2014,Mon,815,JA,ME14,302B 353B 377B ,,R,D,OF,F ,T,G,C,50,0,0,0,1755371,5911469
Auckland,30/08/2014,Sat,1830,EA,CN1CCC,103A 131A ,FM,E,W,DO,F , ,N,C,50,0,0,1,1763900,5904826
Auckland,04/08/2014,Mon,800,EA,CE1C,129A ,M,S,D,BF,F , ,N,C,50,0,0,0,1763900,5904826
Auckland,05/05/2014,Mon,654,DA,TE1,111A 131A ,K,M,W,O ,F , , ,C,50,0,0,0,1754683,5928433
Auckland,23/04/2014,Wed,123,DA,CW1,111A 131A ,FKX,M,W,DO,F , ,N,C,50,0,0,0,1754747,5928383
Auckland,13/05/2014,Tue,810,EA,CN1V,129A 130A 363A 902 ,M,R,W,B ,F , , ,C,50,0,0,0,1764104,5905330
Auckland,19/09/2014,Fri,1400,FB,CE1C,181A ,,R,D,OF,F ,X,G,C,50,0,0,0,1755388,5928957
Auckland,23/03/2014,Sun,630,EA,CE1C,129A ,M,R,D,DO,F , ,N,C,50,0,0,0,1764655,5911207
Auckland,06/08/2014,Wed,810,DA,CN1,111A 135A 801 ,C,E,W,ON,L , ,N,C,100,0,0,0,1775130,5887160
Auckland,12/04/2014,Sat,1950,DA,CN1,111A 131A ,,E,D,DN,F , , ,N,100,0,0,0,1732546,5927335
Auckland,22/10/2014,Wed,732,MC,SS1C,355B 381B ,,E,W,O ,F , , ,C,50,0,0,1,1754872,5923752
Auckland,18/03/2014,Tue,1759,DB,CN14C,111A 131A 402A ,M,M,D,B ,F , , ,C,50,0,0,0,1754945,5923624
Auckland,23/01/2014,Thu,1501,EA,BS1C,386A ,M,E,D,B ,F ,T,N,C,50,0,0,0,1753995,5924552
Auckland,25/12/2014,Thu,38,DA,CE1,136A ,F,E,D,DO,F , ,N,P,70,0,0,0,1771011,5895129
Auckland,03/09/2014,Wed,1136,FE,CE1V,181A ,,R,D,OF,F ,T,T,C,50,0,0,1,1771157,5895164
Auckland,10/10/2014,Fri,1935,FE,CW1C,181A 191B ,,R,D,DO,F ,X,T,R,70,0,0,0,1771157,5895164
Auckland,25/06/2014,Wed,1914,LB,CE1C,322A 334A 350A ,,R,W,DO,F ,X,T,C,70,0,0,0,1771157,5895164
Auckland,04/08/2014,Mon,846,FD,4E1C44,331A 358A 645A 902 ,,R,D,B ,F , , ,C,70,0,0,0,1769963,5894440
Auckland,18/03/2014,Tue,820,FD,CS1CC,181A 331A 402A ,,R,D,BF,F , ,N,C,70,0,0,0,1770029,5894485
Auckland,09/03/2014,Sun,2040,JA,4W1C,103A 322A ,,R,D,DO,F ,T,T,R,50,0,0,1,1771337,5895208
Auckland,07/02/2014,Fri,931,QG,TE1,131A ,C,M,D,BF,F , ,N,L,70,0,0,0,1769591,5894186
Auckland,26/01/2014,Sun,2200,EA,CN1C,386A ,M,R,D,DO,F , ,N,N,50,0,0,0,1753061,5926053
Auckland,15/05/2014,Thu,1456,AO,CS1C,130A 150A 330A 381B ,G,R,D,B ,F , , ,N,80,0,0,0,1756641,5919670
Auckland,01/05/2014,Thu,1900,AA,CS1C,372A ,,E,D,DO,F , ,N,C,80,0,0,0,1756645,5919679
Auckland,04/09/2014,Thu,1314,DB,CN1,111A 198A 402A ,C,M,D,B ,F , ,N,C,50,0,0,0,1749862,5934989
Auckland,22/01/2014,Wed,1624,FD,VS1CCC,181A ,,R,D,BF,F , ,N,N,50,0,0,1,1756910,5920156
Auckland,03/07/2014,Thu,1707,NA,CS1E,712B 713B 801 ,,R,W,TF,L ,X,T,C,50,0,0,1,1756896,5920129
Auckland,21/11/2014,Fri,1655,NA,CS1E,713B ,,R,D, F,  , ,N,N,50,0,0,0,1756891,5920120
Auckland,04/03/2014,Tue,1500,AA,CS1C,372A ,,R,D,B ,F , , ,N,50,0,0,0,1756886,5920112
Auckland,21/03/2014,Fri,2215,GD,CS1C,101A 181A 929 ,,R,D,DO,F ,D,N,C,50,0,0,0,1756877,5920094
Auckland,23/08/2014,Sat,920,HA,CS1C,322A 334A ,,R,D,O ,F ,X,T,C,50,0,0,0,1756900,5920138
Auckland,22/04/2014,Tue,1840,FE,CS1C,181A ,,R,D,DO,F ,X,T,N,50,0,0,0,1756900,5920138
Auckland,15/03/2014,Sat,1128,HA,CS1CC,313B 330B ,,R,W,O ,L ,X,T,C,50,0,0,1,1756900,5920138
Auckland,03/07/2014,Thu,1840,FA,CS1C,181A ,,R,D,TF,F , , ,N,50,0,0,0,1757094,5920618
Auckland,14/10/2014,Tue,1616,NB,XS1E,503B 711B ,,R,D,O ,F , , ,C,50,0,1,0,1756822,5919991
Auckland,04/03/2014,Tue,2125,MG,CS1C,371B ,,R,D,DO,F ,T,N,C,50,0,0,0,1756836,5920017
Auckland,30/03/2014,Sun,10,GC,BS1C,372B ,,R,D,DO,F ,T,N,C,50,0,0,0,1756836,5920017
Auckland,18/07/2014,Fri,236,KB,CS1C,201B 330B ,,R,D,DO,F ,T,N,C,50,0,0,0,1756836,5920017
Auckland,12/03/2014,Wed,1320,AC,CS1C,372A ,,R,D,BF,F , ,N,R,50,0,0,0,1756965,5920276
Auckland,01/11/2014,Sat,2244,MD,CS1C,101B 330B 371B 926 ,,R,D,DO,F ,D, ,P,50,0,0,0,1756766,5919887
Auckland,21/02/2014,Fri,2215,AC,CS1C,372A ,,R,D,DO,F , , ,C,60,0,0,0,1756766,5919887
Auckland,16/11/2014,Sun,1800,GB,4S1C,333A ,,R,D,BF,F ,T,T,N,50,0,0,0,1757172,5920821
Auckland,25/06/2014,Wed,1705,FE,CS1C,331A ,,E,D,O ,F ,X,T,C,50,0,0,0,1756766,5919887
Auckland,12/03/2014,Wed,1620,FD,CS1C,181A ,,R,D,B ,F , , ,L,50,0,0,0,1756766,5919887
Auckland,21/02/2014,Fri,1645,NB,CS1E,711B 712B ,,R,D,BF,F , ,N,C,50,0,0,1,1756830,5920006
Auckland,26/07/2014,Sat,1205,HA,CE2C,322A ,,R,D,BF,F ,X,T,R,50,0,0,0,1756759,5919874
Auckland,27/11/2014,Thu,2259,NB,CS1E,105B 711B 724B ,,R,D,DO,F , , ,C,50,0,0,1,1757074,5920566
Auckland,02/01/2014,Thu,,EA,CS1C,129A ,M,R, , F,  , ,N,N,50,0,0,0,1757101,5920636
Auckland,10/12/2014,Wed,2030,FD,VN1C,181A ,,R,W,DO,L , , ,C,50,0,0,0,1757023,5920430
Auckland,20/11/2014,Thu,2330,MA,CW1C,371B ,,R,D,DO,F ,X,T,C,50,0,0,0,1757065,5920542
Auckland,14/05/2014,Wed,1840,JO,CE1C,512A 517A ,,R,W,DO,F ,T,N,C,50,0,0,0,1757065,5920542
Auckland,12/08/2014,Tue,2030,GF,CW2C,129A ,,E,W,DO,L ,X,T,N,50,0,0,0,1757065,5920542
Auckland,07/12/2014,Sun,1851,GF,CE2V,381A ,,R,D,OF,F ,X,T,N,50,0,0,0,1757065,5920542
Auckland,05/12/2014,Fri,140,MG,CS1C,371B ,,R,D,DO,F ,X,T,N,50,0,0,0,1757065,5920542
Auckland,29/11/2014,Sat,1500,FE,CW2M,181A ,,R,D,B ,F ,X,T,C,50,0,0,0,1757065,5920542
Auckland,30/11/2014,Sun,1615,FD,CN1C,181A 330A ,,R,D,B ,F , ,N,C,50,0,0,0,1756960,5920264
Auckland,26/05/2014,Mon,1915,FE,VW2C,181A ,,R,D,DO,F ,X,T,C,50,0,0,0,1756989,5920338
Auckland,07/10/2014,Tue,2230,GF,CS1C,172A ,,E,D,DO,F ,X,T,L,50,0,0,0,1756989,5920338
Auckland,01/06/2014,Sun,340,HA,XS1C,322B 355B ,,R,W,DO,L ,X,T,N,50,0,0,0,1756989,5920338
Auckland,03/04/2014,Thu,757,AC,CW1C,372A ,,R,D,BF,F , ,N,N,100,0,0,0,1744079,5923694
Auckland,29/07/2014,Tue,2030,FE,4N1C,103A 331A ,,E,D,DO,F ,T,T,C,60,0,0,0,1743922,5924003
Auckland,30/04/2014,Wed,1215,FD,CN1C,108A 181A 331A ,,R,D,B ,F ,T,G,N,50,0,0,0,1743929,5923995
Auckland,14/05/2014,Wed,1012,PC,CS1,371A 929 ,,R,W,O ,L ,D, ,C,50,0,0,1,1746130,5925546
Auckland,15/07/2014,Tue,1036,AO,CN1C,150A 381A ,,R,D,B ,F ,T,N,C,50,0,0,1,1746009,5925374
Auckland,23/12/2014,Tue,1637,JA,CE1C,308B 927 ,,R,D,BF,F ,D,N,C,50,0,1,0,,
Auckland,16/05/2014,Fri,700,EA,CE1T,129A 130A ,M,R,D,TF,F , , ,C,50,0,0,0,1744882,5924314
Auckland,13/12/2014,Sat,2021,JA,CE1C,302B ,,R,W,TF,L ,T,G,P,50,0,0,1,1744962,5924356
Auckland,17/07/2014,Thu,1711,EA,SN14,129A 350A ,M,R,D,B ,F , ,N,C,50,0,0,1,1745681,5924879
Auckland,17/09/2014,Wed,1744,HA,CW1C,322B 334B ,,E,D,B ,F ,X,T,R,50,0,0,0,1753599,5928808
Auckland,06/03/2014,Thu,1900,MA,CW1C,373B ,,R,D,B ,F , , ,C,50,0,0,0,1753947,5929088
Auckland,13/05/2014,Tue,900,BB,CN1C,124A 351A ,,R,D,B ,F ,T,G,C,50,0,0,0,1753762,5928889
Auckland,18/02/2014,Tue,,BC,CW1S,122A ,,R,W,B ,F ,T,N,P,50,0,0,1,1756983,5918842
Auckland,19/04/2014,Sat,2320,MO,CS1C,371A ,M,R,D,DO,F , ,N,C,50,0,0,0,1763975,5910467
Auckland,19/01/2014,Sun,1030,DB,CE1,103A 111A 131A ,C,M,D,BF,F , ,N,C,50,0,0,1,1743791,5914378
Auckland,23/03/2014,Sun,140,EA,CS1C,102A 129A 412A ,M,R,D,DO,F , , ,C,50,0,0,0,1750843,5916286
Auckland,29/05/2014,Thu,845,KB,CS1C,929,,E,D,O ,F ,D,N,C,50,0,0,0,1768791,5904923
Auckland,08/10/2014,Wed,1650,FD,CN1C,181A 330A ,,R,D,B ,F , ,N,C,50,0,0,0,1768738,5904645
Auckland,05/10/2014,Sun,1330,GF,CS1C,129A ,,M,D,O ,F ,X,T,C,50,0,0,0,1768750,5904546
Auckland,20/09/2014,Sat,550,BE,CN1C,125A ,,R,W,O ,F , ,N,C,50,0,0,0,1768679,5905266