TLANAME,CRASHDATE,CRASHDOW,CRASHTIME,MVMT,VEHICLES,CAUSES,OBJECTSSTRUCK,ROADCURVE,ROADWET,LIGHT,WTHRa,JUNCTYPE,TRAFCTRL,ROADMARK,SPDLIM,CRASHFATALCNT,CRASHSEVCNT,CRASHMINCNT,EASTING,NORTHING
Auckland,04/12/2014,Thu,1815,EA,4W1C,129A ,M,R,D,DO,F , , ,C,50,0,0,0,1744592,5922706
Auckland,03/02/2014,Mon,2100,GE,CE1V,144B 193B 929 ,,R,D,TO,F ,D,N,C,50,0,0,0,1768737,5899361
Auckland,30/04/2014,Wed,1706,MG,PE1C,371B ,,R,D,B ,F , ,N,N,50,0,0,0,1756400,5919482
Auckland,04/03/2014,Tue,1610,FD,CS1C,331A 350A ,,R,D,BF,F ,T,S,L,50,0,0,0,1756687,5919652
Auckland,13/11/2014,Thu,200,DA,CE2C,111A 131A 402A 801 ,FM,R,W,DN,L ,T,N,N,50,0,0,0,1770772,5900619
Auckland,12/08/2014,Tue,1510,NB,VW1E,713B 727B 729B ,,R,W,OF,F , ,N,C,100,0,1,0,1746276,5942421
Auckland,22/12/2014,Mon,1400,CB,TW1,129A 330A 350A ,V,R,D,BN,F , ,N,C,100,0,0,0,1742973,5942085
Auckland,30/08/2014,Sat,30,DA,CS1,111A 131A ,C,R,W,DO,L ,T,G,P,100,0,0,0,1746723,5942512
Auckland,14/08/2014,Thu,2215,EC,CN1,353A 363A 912 ,W,E, ,DN,  , ,N,N,80,0,0,0,1739553,5943461
Auckland,20/03/2014,Thu,2130,CA,CS1CC,101A 112A 130A ,M,R,D,DO,F , , ,C,50,0,0,2,1763397,5908395
Auckland,05/01/2014,Sun,1506,BF,CS2C,135A 801 ,,M,W,OF,L ,T,T,R,50,0,0,0,1763378,5908440
Auckland,29/08/2014,Fri,1344,MA,CW1T,373B ,,R,D,OF,F , ,N,C,50,0,0,0,1763406,5908345
Auckland,17/11/2014,Mon,1,EA,CN1CC,103A 129A ,MM,R,D,DO,F , , ,C,50,0,0,1,1763567,5907981
Auckland,13/05/2014,Tue,810,PC,CN1E,371A 378A 830 929 ,,R,D,B ,F ,D,N,N,50,0,0,1,1765835,5906851
Auckland,01/03/2014,Sat,1600,FB,CW1C,331A ,,E,D,O ,F ,T,G,C,50,0,0,0,1765706,5906775
Auckland,28/01/2014,Tue,1211,PD,CE1E,371A 722B 727B ,,R,D,B ,F , ,N,C,50,0,0,1,1760367,5913803
Auckland,12/12/2014,Fri,1340,MO,CW1,133A 423A 929 ,F,R,D,BF,F ,D,N,N,80,0,0,0,1753866,5876536
Auckland,14/02/2014,Fri,815,FD,CN1C,181A ,,R,D,B ,F ,T,N,C,50,0,0,0,1756381,5919938
Auckland,15/12/2014,Mon,810,NA,CS1E,713B ,,R,D,O ,F , , ,C,50,0,1,0,1756391,5919849
Auckland,28/05/2014,Wed,935,FC,CS1C,331A 358A ,,R,D,B ,F , ,P,X,50,0,0,0,1756419,5919588
Auckland,23/08/2014,Sat,1000,FE,CW1C,181A ,,E,D,BF,F ,X,T,R,50,0,0,0,1753872,5933600
Auckland,28/07/2014,Mon,859,CB,CS1,131A 402A 420A ,J,R,D,BF,F , ,N,C,50,0,0,0,1754147,5933406
Auckland,13/10/2014,Mon,1815,EA,CW1C,129A 358A ,M,E,D,BF,F ,T,N,C,50,0,0,0,1754079,5933444
Auckland,24/10/2014,Fri,830,DA,4W1,195A ,T,E,W,O ,L , , ,C,70,0,0,0,1741999,5904187
Auckland,08/08/2014,Fri,1115,FE,CN1C,181A 334A ,,R,D,O ,F ,T,T,C,50,0,0,0,1766069,5907295
Auckland,13/03/2014,Thu,1740,GD,VN1C,181A 331A ,,R,D,TO,F ,X,T,C,50,0,0,0,1766069,5907295
Auckland,01/03/2014,Sat,1400,BF,CS1C,111A 131A ,,M,D,BN,F , ,N,C,50,0,0,0,1744613,5909141
Auckland,17/08/2014,Sun,830,DB,CS1,111A 131A ,ET,E,W,O ,F , , ,C,50,0,0,0,1744619,5909164
Auckland,29/05/2014,Thu,1753,DA,CN1,132A ,T,M,W,DO,L , ,N,C,50,0,0,0,1744636,5909200
Auckland,08/11/2014,Sat,2230,AO,VS1C,101A 357A 512A ,,E,D,DO,F , , ,C,100,0,0,0,1744591,5909452
Auckland,11/10/2014,Sat,1830,GB,CS1C,142B 192B 929 ,,R,D,B ,F ,D,N,C,70,0,0,0,1766260,5906924
Auckland,06/03/2014,Thu,917,GB,CN1V,387A 929 ,,R,D,BF,F ,D,N,C,50,0,0,0,1766239,5906837
Auckland,19/02/2014,Wed,1639,KB,CS1C,302B 375B ,,R,D,BF,F ,T,G,C,50,0,0,0,1766205,5907068
Auckland,05/04/2014,Sat,1453,BB,ME1CC,123A 505A 514A ,,M,D,B ,F , , ,C,50,0,0,1,1740470,5903424
Auckland,11/10/2014,Sat,2235,DB,CN1C,103A 111A 131A ,,E,D,DO,F , ,N,C,50,0,0,4,1766240,5907009
Auckland,28/09/2014,Sun,1455,CB,CN1C,129A ,M,R,D,BF,F , ,N,C,50,0,0,2,1766240,5907009
Auckland,13/03/2014,Thu,907,BF,CS1C,129A 131A 407A ,,S,W,OF,F , ,N,C,50,0,0,0,1766265,5906955
Auckland,21/01/2014,Tue,1020,DB,CN1,111A 134A ,,M,W,O ,F , ,N,P,50,0,0,0,1746358,5909619
Auckland,18/03/2014,Tue,2153,DA,4N1,111A 131A ,ST,M,W,DO,F , ,N,C,70,0,0,0,1746360,5909639
Auckland,16/12/2014,Tue,832,BC,TS1V,121A ,,M,D,DO,F , ,N,C,50,0,0,0,1746639,5910074
Auckland,13/12/2014,Sat,1645,DB,CW1,103A 131A 801 ,C,M,W,O ,L , , ,L,100,0,0,0,1745791,5909491
Auckland,23/02/2014,Sun,1837,DA,CS1,111A 131A ,F,M,D,B ,F , , ,L,100,0,0,0,1743715,5907783
Auckland,09/01/2014,Thu,2257,DB,CS1,102A 111A 131A 402A 800 810 ,F,S,W,DN,F ,T,N,C,70,0,0,0,1743705,5907831
Auckland,21/03/2014,Fri,1710,DA,CE2,131A 386A ,K,M,D,TF,F ,T,G,C,50,0,0,0,1752093,5918930
Auckland,18/04/2014,Fri,1900,DA,CS1,111A 131A 407A ,T,M,W,DO,L , ,N,L,50,0,0,0,1745519,5909409
Auckland,09/03/2014,Sun,18,DA,CN1,103A 111A 131A ,P,M,D,DO,F , ,N,C,50,0,0,1,1747017,5910371
Auckland,01/09/2014,Mon,1517,DA,CS1,131A 402A 801 ,G,M,W,O ,H , , ,C,80,0,0,0,1746942,5910202
Auckland,21/05/2014,Wed,711,HA,CN1S,302A 375A ,,E,W,OF,F ,R,G,R,50,0,0,1,1747299,5910682
Auckland,25/08/2014,Mon,702,MC,CS1C,372B ,,R,D,O ,F , , ,C,50,0,0,1,1766173,5906571
Auckland,30/06/2014,Mon,250,CA,CN1CC,103A 130A 801 ,M,R,W,DO,L , , ,C,50,0,0,0,1752387,5918435
Auckland,25/01/2014,Sat,1314,HA,VN1C,321A 375A ,,R,D,BF,F ,X,S,R,50,0,0,0,1752227,5918705
Auckland,18/09/2014,Thu,1730,HA,CS2C,321B 375B ,,R,D,O ,F ,X,S,C,50,0,0,0,1752227,5918705
Auckland,29/05/2014,Thu,2237,DA,VN1,111A 131A ,C,M,W,DO,L , ,N,C,50,0,0,0,1744987,5909694
Auckland,17/12/2014,Wed,1830,DA,4N1,111A 131A 801 ,F,M,W,O ,L , , ,N,100,0,0,1,1763747,5883419
Auckland,16/04/2014,Wed,1420,DA,CN1CC,131A 402A 423A 925 ,M,E,D,O ,F ,D,N,N,50,0,0,0,1769690,5911309
Auckland,12/09/2014,Fri,1407,GC,CS1C,372B 671B 929 ,,R,W,O ,L ,D,N,N,50,0,0,0,1754592,5914994
Auckland,21/08/2014,Thu,2135,DB,CW1,111A 132A ,FX,S,D,DN,F , , ,C,100,0,0,0,1776091,5895193
Auckland,30/12/2014,Tue,1630,BF,CW1C,111A 132A 410A ,V,M,D,BN,F , ,N,C,80,0,0,0,1776291,5895243
Auckland,08/05/2014,Thu,2230,DB,CW1,101A 131A 410A ,F,M,D,DN,F , , ,L,80,0,0,1,1776336,5895238
Auckland,30/03/2014,Sun,910,BC,4E1C,121A 350A ,,M,D,B ,F , ,N,C,100,0,0,0,1776336,5895238
Auckland,16/01/2014,Thu,2358,DB,CE1,111A 131A ,F,E,D,DO,L , ,N,C,70,0,0,1,1774683,5894841
Auckland,07/05/2014,Wed,1030,AC,CW1C,159A ,,E,D,B ,F , , ,C,70,0,0,0,1774649,5894861
Auckland,26/07/2014,Sat,,DA,MN1,129A 358A ,C,E,D,B ,F , , ,L,100,0,0,1,1786267,5891517
Auckland,24/10/2014,Fri,1655,AD,CE1,111A 131A 151A ,FP,E,D,B ,F ,T,N,C,100,0,0,1,1780435,5893919
Auckland,28/07/2014,Mon,1612,DA,CN1,129A 134A ,,M,D,B ,F , ,N,C,100,0,0,0,1779029,5894376
Auckland,16/02/2014,Sun,,DA,CW1,132A 407A ,T,M,D,B ,F , ,N,L,100,0,0,0,1779093,5894318
Auckland,03/03/2014,Mon,1235,DA,TN1,110A 131A ,V,M,W,O ,H , ,N,C,80,0,0,0,1779121,5894307
Auckland,18/10/2014,Sat,1830,DA,CN1,103A 131A 402A ,,M,W,O ,L , , ,C,80,0,0,0,1776070,5895183
Auckland,12/09/2014,Fri,500,DB,VN1,130A 410A ,V,M,D,DN,F , ,N,C,100,0,0,0,1786792,5890305
Auckland,02/11/2014,Sun,345,PO,4E1E,105B 724B ,,E,D,DO,F , ,N,C,80,1,0,0,1781355,5894143
Auckland,03/01/2014,Fri,1708,DA,CE1,131A 404A 407A 818 ,,M,D,BN,F , ,N,C,100,0,0,0,1781392,5894176
Auckland,28/11/2014,Fri,1500,CA,PN1T,130A 181A 191A ,,R,D,O ,F , , ,L,50,0,0,1,1757926,5927025
Auckland,08/03/2014,Sat,1242,MO,4E1C,387A ,,R,D,BF,F , ,N,C,50,0,0,0,1757926,5927025
Auckland,30/05/2014,Fri,1421,JA,CE1C,308B 377B 839 927 ,,R,D,B ,F ,D,N,C,50,0,0,0,1757969,5927050
Auckland,16/04/2014,Wed,1350,MF,CS14,371B ,,R,D,O ,F , ,N,N,50,0,0,0,1758044,5927094
Auckland,17/05/2014,Sat,935,GE,CE1C,157A 160A 926 ,,E,D,O ,F ,D,N,C,50,0,0,0,1757966,5927048
Auckland,03/12/2014,Wed,1705,MF,CS1C,371B ,,R,D,BF,F , ,N,C,50,0,0,0,1758209,5927404
Auckland,12/12/2014,Fri,1230,MO,CN1C,371A 929 ,,R,W,OF,L ,D,N,C,50,0,0,0,1758191,5927321
Auckland,20/12/2014,Sat,1100,FD,CN1CC,181A ,M,R,D,OF,F , ,N,C,50,0,0,2,1758181,5927272
Auckland,06/05/2014,Tue,1930,JA,SN1C,308B 375B 929 ,,R,D,DO,F ,D,N,C,50,0,0,0,1758321,5927920
Auckland,11/09/2014,Thu,1444,CB,CS1CC,129A 130A 501A ,M,R,D,B ,F , , ,C,50,0,0,1,1758313,5927880
Auckland,04/08/2014,Mon,1258,JC,CS1C,300A ,,R,D,OF,FS,X,G,R,50,0,0,0,1758292,5927784
Auckland,02/05/2014,Fri,1112,MO,CS1,130A 427A ,H,R,D,B ,F , , ,C,50,0,0,0,1758174,5927241
Auckland,14/11/2014,Fri,1255,FE,CS1C,181A ,,R,D,O ,F ,T,T,C,50,0,0,0,1758132,5927046
Auckland,11/10/2014,Sat,231,MO,CE1C,103A 371A 514A ,M,R,D,DO,F ,X,G,C,50,0,0,0,1749287,5912768
Auckland,13/09/2014,Sat,2005,DC,CW1T,103A 113A ,T,R,W,DO,L ,T,G,C,50,0,0,0,1769376,5900917
Auckland,09/08/2014,Sat,352,EA,CN1C,103A 129A 801 ,MF,E,W,DO,L , , ,C,50,0,0,0,1770543,5900541
Auckland,28/06/2014,Sat,2200,EA,CW1C,129A ,M,R,D,DO,F , ,N,C,50,0,0,0,1770698,5900614
Auckland,11/12/2014,Thu,2130,AA,CN1C,372A 110B 132B 402B ,,R,D,DO,F , , ,C,50,0,0,0,1756407,5918689
Auckland,20/06/2014,Fri,1750,FD,4S1C,181A ,,R,D,DO,F , , ,P,50,0,0,0,1756372,5918520
Auckland,04/03/2014,Tue,930,DA,CN1,129A 131A ,K,E,W,BF,L , ,N,N,60,0,0,0,1756364,5918534
Auckland,12/07/2014,Sat,52,BO,CS1C,103A 205A 801 ,G,E,W,DO,L , , ,P,60,0,0,0,1756453,5918883
Auckland,27/03/2014,Thu,2100,NB,CS1E,108B 711B 724B ,,E,D,DO,F , ,N,P,50,0,0,1,1756479,5918937
Auckland,16/09/2014,Tue,913,BE,CS1CC,112A 433A ,,R,W,O ,F , ,N,R,50,0,0,2,1756426,5918766
Auckland,01/11/2014,Sat,1910,AO,CS1C,129A 150A 386A ,,R,D,B ,F ,T,T,C,50,0,0,0,1756439,5918814
Auckland,16/09/2014,Tue,1530,FB,CS1C,181A ,,R,W,B ,F ,T,N,C,50,0,0,0,1755484,5937632
Auckland,19/11/2014,Wed,1930,MO,CE1V,371A ,M,E,D,B ,F ,T,N,C,50,0,0,0,1759511,5907372
Auckland,25/11/2014,Tue,900,PC,CE1E,371A 830 929 ,,R,D,B ,F ,D,N,N,50,0,0,1,1766686,5905200
Auckland,12/01/2014,Sun,1550,CB,CW1,129A 402A 403A ,P,R,D,B ,F , ,N,C,100,0,0,1,1758916,5904297
Auckland,16/02/2014,Sun,1430,FB,ME1C,112A 331A ,,R,D,B ,F ,T,S,C,50,0,0,0,1758930,5904300
Auckland,22/09/2014,Mon,2015,DB,CE1,103A 111A 131A ,P,M,D,DN,F , , ,C,100,0,1,1,1758544,5904216
Auckland,30/09/2014,Tue,2311,DA,CW1,103A 131A ,,E,D,DN,F , , ,C,100,0,0,0,1757765,5904278
Auckland,05/07/2014,Sat,1723,MB,CS1C,101A 371A ,M,R,D,TF,F , ,N,R,50,0,0,0,1761132,5906489
Auckland,03/11/2014,Mon,1640,EA,CS1C,386A ,M,R,D,B ,F , ,N,C,50,0,0,0,1761165,5906527
Auckland,12/08/2014,Tue,1440,EA,4E1C,129A ,M,E,D,B ,F , , ,C,50,0,0,0,1761430,5906532
Auckland,13/06/2014,Fri,1630,BC,CS1T,122A 350A ,,E,D,B ,F ,T,N,C,50,0,0,0,1762492,5912556
Auckland,28/04/2014,Mon,345,DB,CE1C,129A 358A ,M,E,W,DO,H , ,N,C,50,0,0,0,1772737,5896775
Auckland,12/06/2014,Thu,1450,EA,CE1C,103A ,M,R,D,OF,F ,Y,N,N,50,0,0,0,1772947,5896849
Auckland,09/06/2014,Mon,2300,LB,CW1C,302A 335A 801 ,,S,W,DN,L ,T,G,C,50,0,0,0,1772976,5896853
Auckland,07/10/2014,Tue,848,CB,CS1,358A ,V,R,D,B ,F , , ,C,50,0,0,1,1731390,5939168
Auckland,29/11/2014,Sat,1135,MF,CW1C,371B ,,R,D,BF,F , ,N,C,50,0,0,0,1756122,5935250
Auckland,22/07/2014,Tue,1045,QG,4E2C,122A ,M,R,W,OF,F ,T,G,C,50,0,0,0,1754671,5917733
Auckland,04/04/2014,Fri,1630,MO,TS1,385A ,J,M,D,BF,F , ,N,C,50,0,0,0,1764383,5914292
Auckland,08/11/2014,Sat,1325,CB,CE1CC4,501A ,MMM,R,D,BF,F , ,N,C,50,0,0,0,1764473,5914428
Auckland,30/11/2014,Sun,1840,JA,CW1C,301B 375B ,,R,D,B ,F ,T,S,C,50,0,0,0,1764793,5914632
Auckland,14/05/2014,Wed,800,EA,CE1C,129A 902 ,M,R,D,B ,F , , ,C,50,0,0,0,1754858,5967516
Auckland,26/10/2014,Sun,1336,DA,CN1,111A 131A 352A 804 817 ,C,M,D,O ,F , , ,N,100,0,0,0,1761528,5886838
Auckland,20/06/2014,Fri,1650,BC,CW1V,111A 121A ,,M,D,BN,F ,T,N,N,100,0,0,0,1761470,5886823
Auckland,06/05/2014,Tue,1230,DA,CN1,111A 131A ,FP,E,D,BF,F ,T,N,C,50,0,0,1,1767989,5905794
Auckland,28/06/2014,Sat,1100,FD,CN1C,181A ,,R,W,B ,FS,T,G,C,50,0,0,0,1752848,5932392
Auckland,26/05/2014,Mon,1617,EA,CE1C,129A ,M,R,D,B ,F , , ,N,50,0,0,0,1767959,5913032
Auckland,21/02/2014,Fri,955,NA,TE1E,711B ,,R,D,B ,F ,T,N,P,50,0,0,1,1762578,5909299
Auckland,11/05/2014,Sun,643,DA,VE1,130A 410A ,T,E,D,B ,F , ,N,P,60,0,0,1,1762603,5909302
Auckland,06/02/2014,Thu,2230,BC,CW1V,410A ,,E,D,DO,L , ,N,P,50,0,0,2,1762613,5909302
Auckland,26/05/2014,Mon,400,DA,CE1,101A 111A 131A ,P,E,W,DO,F , , ,R,60,0,0,0,1762663,5909296
Auckland,03/09/2014,Wed,1750,FE,CW1C,331A 353A ,,E,D,TO,F ,T,T,P,60,0,0,0,1762000,5909187
Auckland,31/01/2014,Fri,1400,JC,CE1C,301A 375A ,,R,D,B ,F ,T,S,C,50,0,0,0,1762082,5906885
Auckland,01/12/2014,Mon,959,MD,CW1C,371B 929 ,,E,D,BF,F ,D,S,R,50,0,0,0,1753547,5928935
Auckland,31/12/2014,Wed,1300,MO,CE1C,371A 929 ,M,R,D,BF,F ,D,N,N,50,0,0,0,1770707,5915884
Auckland,04/08/2014,Mon,2200,EC,CS1,820,J,R,D,DO,F , ,N,N,50,0,0,0,1768476,5907646
Auckland,11/07/2014,Fri,520,EA,CS1O,129A 330A 410A ,M,R,D,DO,F , ,N,C,50,0,1,0,1768446,5907520
Auckland,12/01/2014,Sun,335,NA,CN1E,105B ,,R,D,DO,F , , ,N,50,0,0,0,1757542,5920740
Auckland,12/03/2014,Wed,2215,DA,VE1C,103A 131A ,M,E,D,DO,F , , ,N,50,0,0,0,1766244,5918142
Auckland,26/02/2014,Wed,245,EA,CE1CCC,129A ,MMM,R,D,DN,F , ,N,C,50,0,0,0,1771551,5907746
Auckland,07/10/2014,Tue,1840,GD,CW1C,333A 363A 902 ,,E,D,B ,F ,T,G,C,50,0,0,0,1771521,5907746
Auckland,08/08/2014,Fri,2200,BC,CS2C,122A 330A ,,E,W,DO,F ,T,G,C,50,0,0,0,1771521,5907746
Auckland,13/04/2014,Sun,130,EA,CE1C,130A 410A ,M,R,D,DO,F , ,N,C,50,0,0,0,1771768,5907692
Auckland,25/05/2014,Sun,51,MO,40,123A 385A 862 901 ,V,R,W,DO,H ,X,N,N,50,0,0,0,1768166,5878440
Auckland,08/06/2014,Sun,100,DA,CN2,103A 131A ,F,M,D,DO,F ,Y,G,C,50,0,0,0,1768174,5901281
Auckland,16/10/2014,Thu,1015,AO,TN1C,179A 381A ,,M,D,B ,F ,R,G,C,50,0,0,0,1764975,5914775
Auckland,15/05/2014,Thu,1515,NA,CS1E,306A 352A ,,R,W,BF,F ,T,T,X,50,0,0,1,1764977,5914784
Auckland,25/03/2014,Tue,800,LB,CS1C,303B 929 ,,R,W,B ,L ,D,N,C,50,0,0,0,1765087,5915214
Auckland,27/09/2014,Sat,530,CC,CS1,103A 410A ,P,R,D,DO,F ,T,N,C,50,0,0,1,1765101,5915252
Auckland,30/03/2014,Sun,950,LB,CS1C,303B 925 ,,R,D,O ,F ,D,N,C,50,0,0,0,1764972,5914767
Auckland,07/04/2014,Mon,930,MC,VN1C,372B ,,R,D,BF,F , ,N,C,50,0,0,0,1765055,5915089
Auckland,24/05/2014,Sat,1210,FA,CS1CC,151A 205A ,,R,D,O ,F ,T,S,C,50,0,0,0,1765047,5915055
Auckland,24/05/2014,Sat,1117,LB,CS1C,314B 377B ,,R,D,OF,F ,T,G,C,50,0,0,0,1765052,5915074
Auckland,22/07/2014,Tue,2130,DA,CN2,111A 131A 517A ,T,S,D,DO,F ,T,N,C,50,0,0,0,1767553,5901697
Auckland,01/12/2014,Mon,1640,FD,CN1CV,181A 181C ,,R,D,BF,F ,T,T,C,50,0,0,0,1765157,5915352
Auckland,12/05/2014,Mon,855,HA,XN1C,301B 375B ,,R,D,B ,F ,X,S,C,50,0,0,1,1765009,5914901
Auckland,14/07/2014,Mon,1559,HA,CS1C,200B 330B 353B ,,R,D,B ,F ,X,G,C,50,0,0,1,1765009,5914901
Auckland,28/01/2014,Tue,1520,KB,CS1C,308B 375B 929 ,,R,D,B ,F ,D,N,C,50,0,0,0,1765014,5914920
Auckland,07/03/2014,Fri,1504,LB,PS1V,314B 377B 925 ,,R,D,B ,F ,D, ,C,50,0,0,1,1764994,5914843
Auckland,08/07/2014,Tue,1548,HA,CN1C,314B 377B 801 ,,R,W,O ,L ,T,S,C,50,0,0,0,1765009,5914901
Auckland,16/04/2014,Wed,1550,HA,VN1C,302A ,,R,D,O ,F ,R,G,R,50,0,0,0,1765009,5914901
Auckland,24/02/2014,Mon,1758,HA,CE1C,302B 363B 375B 902 ,,R,D,BF,F ,X,G,C,50,0,0,0,1756574,5921369
Auckland,19/09/2014,Fri,1140,GF,TS1C,172A ,,E,D,B ,F ,T,S,P,50,0,0,0,1764802,5903510
Auckland,09/06/2014,Mon,1900,MA,CW1C,373B 801 ,,E,W,DO,L ,X,T,C,50,0,0,0,1754646,5920861
Auckland,20/12/2014,Sat,935,PO,SW1E,105A 204A ,,R,D,O ,F ,T,S,C,50,0,1,0,1754666,5920862
Auckland,20/12/2014,Sat,1135,JA,VW1C,301B 375B ,,R,D,O ,F ,T,S,C,50,0,0,0,1754843,5920880
Auckland,01/09/2014,Mon,1540,MB,TE1C,303B ,,R,W,O ,L , , ,C,50,0,0,0,1754938,5920889
Auckland,07/08/2014,Thu,1113,DA,CE1C,131A 403A 404A ,M,E,D,B ,F , , ,C,50,0,0,0,1754618,5920855
Auckland,31/01/2014,Fri,949,LB,VE1C,303B ,,R,D,B ,F ,T,N,C,50,0,0,0,1754177,5920560
Auckland,28/11/2014,Fri,1525,FE,4S1C,181A 331A ,,R,D,B ,F ,X,T,C,50,0,0,0,1755441,5920694
Auckland,05/06/2014,Thu,1508,MA,CW1C,373B ,,R,D,B ,F , , ,C,50,0,0,0,1754768,5920872
Auckland,16/07/2014,Wed,1956,LB,ME1C,303B ,,R,D,DO,F ,T,T,C,50,0,0,1,1755243,5920854
Auckland,03/12/2014,Wed,1530,FF,VE14,434A 512A ,,R,D,BF,F , ,N,C,50,0,0,0,1755491,5920657
Auckland,27/07/2014,Sun,1140,JA,CE1C,301B 375B ,,R,D,B ,F ,T,S,C,50,0,0,2,1754755,5920871
Auckland,08/10/2014,Wed,1810,JA,4W1C,301B 377B ,,R,D,BF,F ,T,S,C,50,0,0,1,1754755,5920871
Auckland,19/01/2014,Sun,2353,EA,CE1C,101A 129A ,M,R,D,DO,F , ,N,N,50,0,0,0,1753764,5917342
Auckland,17/06/2014,Tue,2325,CC,CS1C,103A 129A ,M,R,W,DO,F , ,N,N,50,0,0,0,1751104,5946719
Auckland,28/04/2014,Mon,1210,EA,TE1C,129A ,M,R,W,OF,L , ,N,C,50,0,0,0,1751505,5931816
Auckland,21/01/2014,Tue,430,BE,CS1V,110A 125A ,,R,W,DO,L ,R,G,R,50,0,0,0,1759079,5903791
Auckland,25/05/2014,Sun,130,HA,CE1C,103B 112B 602B 925 ,,R,W,DO,L ,D,G,R,50,0,0,0,1759181,5903844
Auckland,23/02/2014,Sun,1730,DA,CS2,131A ,F,R, , F,  ,T,G,C,50,0,0,0,1762064,5906868
Auckland,06/08/2014,Wed,1515,LB,CS1C,303B ,,E,D,O ,F ,X,S,C,50,0,0,0,1769089,5880074
Auckland,08/10/2014,Wed,1730,GE,VS1C,160A ,,R,D,O ,F ,T,N,R,50,0,0,0,1769145,5879692
Auckland,31/08/2014,Sun,142,CA,CN1C,112A 130A 901 ,KM,R,W,DO,H , , ,N,50,0,0,0,1754955,5920555
Auckland,04/05/2014,Sun,730,EA,CE1T,352A 363A 902 ,M,R,D,BF,F , ,N,N,50,0,0,0,1765504,5911802
Auckland,21/03/2014,Fri,2045,PO,BE1E,105B 701B ,,R,D,DO,F , ,N,C,50,0,0,1,1765308,5911762
Auckland,15/08/2014,Fri,2210,EA,CE1C,129A 331A ,M,R,D,DO,F , , ,C,50,0,0,0,1765748,5911681
Auckland,20/07/2014,Sun,425,DA,CN1,103A 111A 131A 402A 801 ,FP,E,W,DO,L , , ,N,50,0,0,0,1759682,5906579
Auckland,18/12/2014,Thu,735,BB,CE1C,123A 414A ,,E,W,O ,L , ,N,N,50,0,0,0,1759647,5906546
Auckland,28/10/2014,Tue,1705,DB,CW2C,111A 131A 402A ,Q,R,W,OF,L ,T,G,C,50,0,0,0,1759229,5913398
Auckland,20/06/2014,Fri,1550,DA,CN2,357A 510A ,K,S,D,O ,F ,T,G,P,50,0,0,0,1771770,5894608
Auckland,01/12/2014,Mon,1755,FB,CS1C,112A 330A ,,R,D,B ,F ,T,S,C,50,0,0,0,1767843,5900942
Auckland,30/08/2014,Sat,300,CB,CE1,112A 129A ,F,R,W,DN,F , ,N,C,80,0,0,0,1746469,5943006
Auckland,15/11/2014,Sat,840,GB,SW14,372B ,,E,D,O ,F ,T,G,C,50,0,1,0,1739436,5943927
Auckland,13/10/2014,Mon,207,EC,CE1,912,W,E,D,DN,F , ,N,C,80,0,0,0,1742725,5943995
Auckland,18/05/2014,Sun,1915,DB,ME1,103A 131A 532A ,CV,M,D,DN,F , , ,C,100,1,0,0,1742062,5943836
Auckland,31/08/2014,Sun,1256,CC,CE1,130A 804 ,,R,W,O ,L , , ,C,100,0,0,1,1738208,5944504
Auckland,08/08/2014,Fri,707,EC,CE1,197A 915 ,TW,R,W,DN,F , , ,C,100,0,0,0,1735946,5944859
Auckland,24/02/2014,Mon,1750,CB,CE1,358A ,V,R,D,BN,F , ,N,C,50,0,0,0,1738893,5944404
Auckland,19/01/2014,Sun,2350,CB,CE1,134A 195A ,F,R,D,DN,F , ,N,C,100,0,0,0,1744195,5944675
Auckland,13/08/2014,Wed,2054,DA,VE1,131A 363A ,EP,E,W,DN,L , , ,L,100,0,0,0,1743707,5944345
Auckland,03/10/2014,Fri,150,DB,CW1,103A 111A ,T,E,W,DN,F , ,N,C,80,0,0,0,1743516,5944288
Auckland,23/08/2014,Sat,1527,FD,CN1CC,181A ,,R,D,BN,F , ,N,L,100,0,0,0,1742093,5943854
Auckland,10/02/2014,Mon,1449,MC,MS1C,197A 372B 817 ,,E,D,B ,F , , ,C,50,0,1,0,1752820,5928143
Auckland,01/11/2014,Sat,1340,FB,CW1C,181A ,,E,D,B ,F ,R,G,R,50,0,0,0,1752974,5928208
Auckland,27/03/2014,Thu,919,BE,CW1C,129A 358A ,,R,D,OF,F , ,N,C,50,0,0,0,1753301,5928130
Auckland,28/12/2014,Sun,1515,CA,CS14,205A 929 ,,R,D,B ,F , , ,C,50,0,0,0,1753243,5928177
Auckland,23/06/2014,Mon,2036,EA,CS1C,386A ,M,E,D,DO,F , ,N,C,50,0,0,0,1753203,5928208
Auckland,21/07/2014,Mon,1730,JA,CE1C,308B 922 ,,E,W,OO,F ,D,N,P,50,0,0,0,1753542,5927939
Auckland,22/02/2014,Sat,1900,FB,CE1X,181A ,,E,D,BF,F ,X,G,R,50,0,0,0,1753559,5927929
Auckland,17/10/2014,Fri,2123,FB,VS1C,181A 331A ,,E,D,DO,F ,T,G,R,50,0,0,0,1753559,5927929
Auckland,04/09/2014,Thu,2213,DA,CS1,131A 402A 403A 901 ,C,E,W,DO,H ,R,G,R,50,0,0,0,1752676,5927926
Auckland,28/09/2014,Sun,1600,DB,CN1,111A 131A 402A 403A 801 ,C,M,W,O ,L , , ,N,100,0,0,0,1741241,5903387
Auckland,03/11/2014,Mon,600,EA,CS1C,129A 130A 412A 862 ,FM,R,W,TF,L , , ,C,50,0,0,0,1746015,5913785
Auckland,27/05/2014,Tue,330,DA,CN1,111A 139A ,T,M,W,DN,F , ,N,C,100,0,0,1,1767724,5893581
Auckland,12/06/2014,Thu,1654,DB,CN1,136A 631A 801 ,,M,W,O ,L ,T,N,C,100,0,0,1,1767861,5894025
Auckland,17/06/2014,Tue,2037,AC,CE1C,103A 372A ,,R,W,DO,L , ,N,C,50,0,0,0,1756621,5919444
Auckland,14/08/2014,Thu,110,MA,CW1C,371B ,,R,W,DO,F , ,N,R,50,0,0,0,1756723,5919481
Auckland,04/05/2014,Sun,325,NA,CW1E,105B ,,R,D,DO,F ,T,G,C,50,0,0,0,1756690,5919468
Auckland,23/07/2014,Wed,1624,MC,MW1V,202B 372B ,,R,D,BF,F , ,N,R,50,0,0,1,1756676,5919463
Auckland,06/06/2014,Fri,1420,JC,CN2C,301A 350A ,,R,D,BF,F ,T,S,L,50,0,0,0,1756319,5919326
Auckland,02/09/2014,Tue,2245,JA,CW1C,301B 375B ,,R,D,DO,F ,T,S,C,50,0,0,1,1756319,5919326