TLANAME,CRASHDATE,CRASHDOW,CRASHTIME,MVMT,VEHICLES,CAUSES,OBJECTSSTRUCK,ROADCURVE,ROADWET,LIGHT,WTHRa,JUNCTYPE,TRAFCTRL,ROADMARK,SPDLIM,CRASHFATALCNT,CRASHSEVCNT,CRASHMINCNT,EASTING,NORTHING
Auckland,15/05/2014,Thu,2135,MA,CN1X,373B ,,R,D,DO,F ,T,G,C,50,0,0,0,1756325,5919331
Auckland,19/04/2014,Sat,110,EE,XE1C,330B 374B ,M,R,W,DO,F , ,N,R,50,0,0,0,1756314,5919321
Auckland,01/11/2014,Sat,1234,JA,CN1CC,130A 301B 314B 402B ,,M,D,O ,F ,T,S,C,50,0,0,0,1756332,5919338
Auckland,22/06/2014,Sun,100,LB,CW1C,322A ,,R,W,DO,F ,T,T,C,50,0,0,0,1756442,5919378
Auckland,22/03/2014,Sat,852,LB,CE1C,303B 334B ,,R,D,BF,F ,T,T,C,50,0,0,0,1756442,5919378
Auckland,21/10/2014,Tue,1108,JA,CE1C,322A 334A ,,R,D,B ,F ,X,T,C,50,0,0,0,1756442,5919378
Auckland,12/02/2014,Wed,1330,AC,CW1M,177A 330A 402B ,P,R,D,B ,F ,X,T,C,50,0,1,0,1756812,5919468
Auckland,01/05/2014,Thu,800,GA,BW1C,181A 132B 194B ,,R,D,B ,F ,X,T,C,50,0,0,0,1756812,5919468
Auckland,14/12/2014,Sun,120,MB,4E1X,303B ,,R,W,DO,L ,X,T,C,50,0,0,0,1756832,5919464
Auckland,15/02/2014,Sat,115,NA,CW1E,105B 713B ,,R,D,DO,F ,X,T,C,50,0,0,1,1756802,5919470
Auckland,01/05/2014,Thu,1000,MO,TE1,686A ,H,M,D,BF,F ,X,T,C,50,0,0,0,1756802,5919470
Auckland,20/07/2014,Sun,520,MC,CW1C,372B 402B 801 ,H,E,W,DO,L , , ,C,50,0,0,0,1756773,5919476
Auckland,17/02/2014,Mon,730,FE,CS2S,331A 902 ,,R,D,B ,F ,X,T,C,50,0,0,1,1756812,5919468
Auckland,15/04/2014,Tue,1840,AA,SW1C,372A ,,R,D,DO,F ,X,T,C,50,0,0,0,1756812,5919468
Auckland,08/04/2014,Tue,1415,AO,SE1B,386B ,,R,D,B ,F ,T,T,C,70,0,0,0,1756812,5919468
Auckland,20/07/2014,Sun,730,HA,CW1CCC,322A ,MP,R,W,O ,L ,X,T,C,50,0,0,1,1756812,5919468
Auckland,11/06/2014,Wed,1330,AO,VE1C,381A ,,R,D,OF,F , ,N,C,50,0,0,0,1756258,5919268
Auckland,01/06/2014,Sun,58,FE,VW1C,103A 181A ,,R,D,DO,F ,X,T,C,50,0,0,0,1756247,5919258
Auckland,06/05/2014,Tue,1915,EA,BW1C,129A 385A ,Q,E,D,DO,F , ,N,C,50,0,0,0,1757045,5919441
Auckland,10/09/2014,Wed,1923,EE,SE1C,374B ,Q,R,D,TO,F , ,N,C,50,0,0,1,1757005,5919442
Auckland,15/02/2014,Sat,1945,MA,CE1X,373B 387B ,,R,D,B ,F , ,N,C,50,0,0,0,1756945,5919442
Auckland,19/03/2014,Wed,1420,MO,TE1C,371A 671A 387B ,M,R,D,BF,F , ,N,C,50,0,0,0,1756925,5919446
Auckland,02/04/2014,Wed,500,LB,CW1C,303B 375B ,,R,D,DO,F ,X,T,C,50,0,0,0,1757025,5919442
Auckland,19/10/2014,Sun,1130,LB,CE1C,323B 353B ,,R,D,B ,F ,X,T,C,50,0,0,0,1757025,5919442
Auckland,10/07/2014,Thu,1155,FE,CE1C,181A ,,R,W,OF,F ,X,T,C,50,0,0,0,1757025,5919442
Auckland,24/06/2014,Tue,200,LB,CS2C,303B 334B 352B ,,R,W,DO,L ,X,T,C,50,0,0,0,1757025,5919442
Auckland,27/07/2014,Sun,1615,MA,CE1C,373B ,,R,D,B ,F ,T,N,C,50,0,0,0,1757197,5919391
Auckland,04/06/2014,Wed,1101,MB,MW1C,303B ,,R,D,B ,F , , ,C,50,0,0,1,1757188,5919395
Auckland,22/04/2014,Tue,1220,AC,VE1S,357A 512A ,K,E,D,B ,F ,X,T,C,50,0,0,1,1757035,5919442
Auckland,06/11/2014,Thu,1940,MO,BW1C,386A ,M,R,D,B ,F , ,N,C,50,0,0,0,1756995,5919442
Auckland,01/12/2014,Mon,1800,KC,BN2C,315B ,,E,D,B ,F ,X,G,C,50,0,0,0,1757025,5919442
Auckland,14/10/2014,Tue,2140,KC,VN2C,129A 386A 129B 386B ,,E,D,DO,F ,X,G,L,50,0,0,0,1757025,5919442
Auckland,10/02/2014,Mon,900,JC,CN24,302A 375A ,,R,D,BF,F ,X,G,R,50,0,0,0,1757025,5919442
Auckland,05/12/2014,Fri,1424,AC,VW1C,372A ,,R,D,BF,F , ,N,C,50,0,0,0,1756667,5919460
Auckland,29/10/2014,Wed,959,LB,4S1C,303B 375B 801 927 ,,E,W,O ,L ,D,G,C,50,0,0,1,1755538,5944156
Auckland,18/05/2014,Sun,530,DA,40,111A 129A 131A ,,M,D,DN,M , , ,C,100,0,0,0,1751143,5874731
Auckland,20/05/2014,Tue,1610,DA,CE1,111A 131A ,F,M,D,OF,F , ,N,N,100,0,0,0,1749320,5873936
Auckland,09/03/2014,Sun,1835,DA,CE1,111A 131A ,F,S,D,BN,F , ,N,C,100,0,0,0,1748631,5873389
Auckland,27/12/2014,Sat,2220,DA,CE1,111A 129A 131A ,C,M,D,DN,F , , ,C,100,0,0,0,1747538,5872763
Auckland,10/07/2014,Thu,2209,DB,CW1,111A 131A 402A 901 ,K,M,W,DO,H , , ,C,50,0,0,0,1754232,5936690
Auckland,07/06/2014,Sat,2130,EA,CN1C,129A ,M,R,D,DO,F , ,N,N,50,0,0,0,1754959,5968003
Auckland,13/09/2014,Sat,1237,MC,CN1C,330B 372B 402B ,,R,D,B ,F ,T,N,C,50,0,0,0,1755475,5945009
Auckland,15/09/2014,Mon,1525,EA,VN1C,129A 500A ,M,R,D,B ,F , , ,N,50,0,0,1,1746758,5928239
Auckland,02/07/2014,Wed,1915,CC,CS1,133A 402A 801 ,V,R,W,DO,L , , ,C,50,0,0,0,1746689,5927968
Auckland,02/10/2014,Thu,700,EA,CN1C,129A 801 ,M,R,W,O ,L , , ,N,50,0,0,0,1752255,5925046
Auckland,02/06/2014,Mon,1800,AO,CW1C,150A 381A ,,R,D,DO,F , ,N,N,50,0,0,0,1752199,5924978
Auckland,05/11/2014,Wed,1735,BA,CW1C,125A ,,R,W,OF,F , ,N,X,50,0,0,2,1747351,5911955
Auckland,05/11/2014,Wed,1735,BA,CW1C,125A ,,R,D,BF,F , ,N,X,50,0,0,0,1747282,5912004
Auckland,22/01/2014,Wed,1100,EE,CS1C,374B ,M,R,D,B ,F , ,N,C,50,0,0,0,1747086,5912154
Auckland,12/06/2014,Thu,1410,KB,TN1C,308B 375B 929 ,,R,D,ON,F ,D,N,N,100,0,0,0,1794655,5910081
Auckland,07/09/2014,Sun,1235,DA,MN1,129A 131A 532A 804 ,T,E,D,B ,F , , ,C,100,0,0,1,1793562,5907826
Auckland,28/02/2014,Fri,1930,DA,MW1,111A 131A ,T,E,D,BF,F ,T,N,C,100,0,1,0,1795539,5904351
Auckland,08/06/2014,Sun,1130,DA,MW1,135A 801 806 ,,E,W,O ,L , , ,C,100,0,1,0,1797901,5905010
Auckland,18/05/2014,Sun,1805,CC,MN1,135A 809 ,,R,D,DO,F , ,N,C,50,0,0,1,1768301,5882035
Auckland,22/11/2014,Sat,1725,JA,CN1C,302B ,,E,W,OF,L ,T,G,C,50,0,0,1,1768336,5882071
Auckland,04/04/2014,Fri,2251,MD,CE1C,371B 929 ,,R,D,DO,F ,D,N,C,50,0,0,0,1768504,5882239
Auckland,24/07/2014,Thu,2000,EA,CE1C,129A ,M,R,D,DF,F , , ,C,70,0,0,0,1744436,5921060
Auckland,18/12/2014,Thu,620,EA,CE1C,129A ,M,R,D,O ,F , , ,C,50,0,0,0,1744400,5921072
Auckland,13/10/2014,Mon,1015,MC,PN1C,330B 372B ,,R,D,B ,F , , ,C,50,0,0,1,1744727,5916624
Auckland,16/06/2014,Mon,2129,DB,CS1,101A 111A 131A 901 ,F,E,W,DN,H , , ,C,50,0,0,0,1773916,5910889
Auckland,11/08/2014,Mon,905,EE,CN1C,374B ,Q,R,D,OF,F , ,N,C,50,0,0,0,1754640,5920220
Auckland,15/06/2014,Sun,2340,DA,CS1,104A 111A 131A ,TX,E,D,DO,F , ,N,C,50,0,1,0,1769783,5910420
Auckland,27/08/2014,Wed,1930,DA,CS1CC,111A 131A ,MM,E,D,DO,F , ,N,C,50,0,0,1,1769849,5910230
Auckland,05/12/2014,Fri,845,GB,CN1C,150A 387A 144B 929 ,,R,D,B ,F ,D,N,C,50,0,0,0,1774134,5896579
Auckland,23/07/2014,Wed,1700,EA,CS1C,129A ,M,R,D,DO,F , ,N,C,50,0,0,0,1774015,5896787
Auckland,07/05/2014,Wed,1755,CB,CE2,112A 130A ,FH,R,D,DO,F ,T,S,C,50,0,1,0,1774139,5896570
Auckland,28/08/2014,Thu,1440,JA,CE1C,308B 375B 929 ,,E,D,B ,F ,D,N,C,50,0,0,0,1768728,5901607
Auckland,11/09/2014,Thu,1709,EA,CS1CC,112A 359A ,M,R,W,TF,L , ,N,C,50,0,0,1,1743643,5922433
Auckland,18/10/2014,Sat,2025,LB,CS1C,302A 337A 350A 801 ,,R,W,DO,L ,T,G,C,50,0,0,1,1765008,5904790
Auckland,16/12/2014,Tue,1030,LB,CS14,302A ,,E,D,OF,F ,T,G,C,50,0,0,0,1765008,5904790
Auckland,12/04/2014,Sat,1130,LB,4S1C,302A ,,S,D,B ,F ,T,G,C,50,0,0,0,1765008,5904790
Auckland,13/12/2014,Sat,2235,LB,CS1C,110A 302A 901 ,,M,W,DO,H ,T,G,C,50,0,0,0,1765008,5904790
Auckland,16/04/2014,Wed,730,JA,CN1C,302B ,,E,D,OF,F ,T,G,C,50,0,0,0,1765008,5904790
Auckland,17/06/2014,Tue,2043,CB,CN1VC,501A ,MM,R,W,DO,L , ,N,C,50,0,0,0,1764912,5905099
Auckland,06/06/2014,Fri,2120,MD,CN1C,204A 371B 929 ,,R,D,DO,F ,D, ,C,50,0,0,0,1764983,5904891
Auckland,13/12/2014,Sat,1700,GB,CN1V,101A 160A 929 ,,R,D,TF,L ,D,N,C,50,0,0,2,1764795,5905388
Auckland,18/02/2014,Tue,1451,EO,TN1,330A 370A ,PX,R,D,B ,F , ,N,C,50,0,0,0,1764737,5905504
Auckland,17/06/2014,Tue,2022,CB,4S14,132A 331A ,M,R,W,DO,L , ,N,C,50,0,0,0,1764851,5905249
Auckland,13/04/2014,Sun,1600,PB,CE1E,129A ,,R,D,BF,F , ,N,C,50,0,0,1,1755079,5917107
Auckland,29/11/2014,Sat,1300,EA,CW1C,129A ,M,R,D,B ,F , , ,C,50,0,0,0,1758347,5918279
Auckland,12/06/2014,Thu,1448,AA,CW1C,184A 184B ,,E,D,O ,F , , ,C,50,0,0,0,1762988,5919034
Auckland,18/09/2014,Thu,621,AO,CW1M,381A ,,M,D,OF,F ,Y,N,C,50,0,0,0,1762906,5918949
Auckland,21/03/2014,Fri,1831,FD,CW1C,181A ,,E,D,BF,F ,T,S,C,50,0,0,0,1763652,5919063
Auckland,21/03/2014,Fri,1735,FD,CE1C,181A ,,E,D,B ,F , , ,C,50,0,0,0,1763688,5919071
Auckland,10/04/2014,Thu,1845,DB,CE1C,111A 131A 930 ,,R,D,DO,F ,D,G,C,50,0,0,0,1762581,5918948
Auckland,24/09/2014,Wed,1714,FD,4E1C,181A ,,R,D,BF,F , ,N,C,50,0,0,0,1762475,5918921
Auckland,01/03/2014,Sat,300,DC,CS2,130A ,X,R,D,DO,F ,T,S,R,50,0,0,0,1762615,5918926
Auckland,15/02/2014,Sat,2345,DA,CW1,101A 131A ,FKX,E,D,DO,F , , ,P,50,0,0,0,1762879,5918937
Auckland,02/10/2014,Thu,1902,DA,CW1,101A 111A 131A 407A ,T,E,W,DO,F , , ,L,50,0,0,1,1762078,5918885
Auckland,09/06/2014,Mon,725,DA,CS2,131A 800 ,K,R,W,O ,F ,T,G,C,50,0,0,0,1762266,5918906
Auckland,14/04/2014,Mon,730,BF,VE1C,131A 503A ,,E,W,O ,F , , ,C,50,0,0,2,1761698,5918975
Auckland,02/07/2014,Wed,925,DB,VE1,131A 801 ,KX,E,W,O ,L , , ,L,50,0,0,0,1761678,5918979
Auckland,11/10/2014,Sat,330,CB,CW1,130A 351A ,T,R,D,DO,F , , ,L,50,0,0,0,1763286,5919070
Auckland,01/07/2014,Tue,630,KA,CW1C,302B ,,E,W,TO,F ,X,G,R,50,0,0,0,1763103,5919111
Auckland,30/07/2014,Wed,1450,EA,CW14,129A 386A ,M,R,D,B ,F , , ,C,50,0,0,0,1763486,5919030
Auckland,27/05/2014,Tue,1543,BE,CE1CC,125A 358A ,,R,D,B ,F , ,N,C,50,0,0,2,1763506,5919027
Auckland,31/12/2014,Wed,1950,BF,CE1C,131A 330A 801 ,,E,W,TO,L , , ,C,50,0,0,2,1763546,5919031
Auckland,22/01/2014,Wed,824,CC,CN1,129A 357A ,P,R,D,B ,F , ,N,N,50,0,0,0,1745994,5916620
Auckland,26/06/2014,Thu,1256,LB,CS1C,112A 130A 191A 378B 830 929 ,,R,D,B ,F ,D, ,C,50,0,0,1,1745975,5916655
Auckland,09/12/2014,Tue,1135,QD,CS1,428A 514A 517A 929 ,CF,R,D,O ,F ,D, ,N,50,0,0,0,1766340,5900225
Auckland,04/06/2014,Wed,1000,EA,CW1CCC,129A ,MMM,R,D,B ,F , , ,N,50,0,0,0,1760409,5922630
Auckland,21/11/2014,Fri,1742,FD,MW1C,101A 131A ,,R,D,OF,F , ,N,C,50,0,0,1,1766754,5902726
Auckland,30/10/2014,Thu,1300,MO,TW1,371A 385A 927 ,KP,R,D,O ,F ,D, ,C,50,0,0,0,1766643,5902682
Auckland,07/12/2014,Sun,340,HA,CW1C,103B 302B 402B ,,R,D,DO,F ,X,G,R,60,0,0,1,1767318,5902955
Auckland,12/07/2014,Sat,2217,HA,CW1C,302B 330B 801 ,F,R,W,DO,L ,T,G,C,60,0,0,1,1767318,5902955
Auckland,17/05/2014,Sat,536,DA,CS2,103A 111A 131A ,F,R,D,DO,M ,X,G,C,60,0,0,0,1767318,5902955
Auckland,12/06/2014,Thu,1640,LB,CN1T,385B 922 ,,R,D,OF,F ,D,N,C,50,0,0,0,1768093,5903281
Auckland,01/07/2014,Tue,1533,JA,CW1C,308B 377B 839 927 ,,R,W,OF,H ,D,N,C,60,0,0,0,1766853,5902766
Auckland,22/03/2014,Sat,304,DA,CS1,103A 111A 131A ,FT,M,D,DO,F , ,N,C,50,0,0,0,1747024,5921925
Auckland,31/01/2014,Fri,921,GB,VE1T,160A 927 ,,E,D,B ,F ,D,N,P,50,0,0,0,1768131,5909307
Auckland,24/06/2014,Tue,930,LB,VE1T,303B 375B 927 ,,E,D,B ,F ,D, ,C,60,0,1,0,1767673,5909449
Auckland,01/08/2014,Fri,1400,HA,TW1C,322A 334A ,,R,D,B ,F ,X,T,C,50,0,0,0,1767017,5910335
Auckland,20/09/2014,Sat,2000,EA,CE1CC,129A 358A ,MM,R,W,DO,L , , ,N,50,0,0,0,1770484,5908135
Auckland,02/09/2014,Tue,1125,GE,CE1C,330B 671B ,,R,D,B ,F ,T,S,C,50,0,0,0,1757445,5918631
Auckland,07/12/2014,Sun,1105,JA,CW1C,301B 375B ,,R,D,BF,F ,T,S,C,50,0,0,0,1757445,5918631
Auckland,11/04/2014,Fri,1145,AO,BE1C,381A 671A ,,R,W,OF,L , ,N,C,50,0,0,0,1758439,5918349
Auckland,04/04/2014,Fri,940,FE,CE14,501A ,,R,D,BF,F ,T,T,C,50,0,0,0,1758497,5918334
Auckland,28/09/2014,Sun,420,BC,CN2C,103A 110A 122A 801 ,,M,W,DO,L ,X,T,C,50,0,0,0,1758497,5918334
Auckland,23/07/2014,Wed,850,NA,CW1E,402A 712B ,,R,D,O ,F , , ,P,50,0,0,1,1757024,5918749
Auckland,17/02/2014,Mon,1325,AO,BE1C,381A 671A ,,R,D,BF,F , ,N,C,50,0,0,0,1758194,5918418
Auckland,05/02/2014,Wed,1720,FE,BE1C,181A ,,R,D,B ,F ,X,T,C,50,0,0,0,1758252,5918402
Auckland,15/10/2014,Wed,916,AD,CN1C,381A 386A ,,R,D,B ,F ,X,T,C,50,0,0,0,1757234,5918690
Auckland,24/05/2014,Sat,1752,LB,CE1X,303B ,,R,D,DO,F ,X,T,C,50,0,0,0,1757248,5918686
Auckland,20/03/2014,Thu,2055,LB,CE1C,303B 375B ,,M,D,DO,F ,X,T,C,50,0,0,0,1757248,5918686
Auckland,07/06/2014,Sat,1255,LB,VE1C,303B 382B ,,R,D,O ,F ,X,T,C,50,0,0,0,1757248,5918686
Auckland,24/03/2014,Mon,702,GB,CE1B,172B ,,R,D,BF,F ,X,T,C,50,0,0,0,1757248,5918686
Auckland,23/10/2014,Thu,1900,LB,CW1C,322A ,,R,D,OF,F ,M,T,C,50,0,0,0,1757571,5918596
Auckland,08/06/2014,Sun,2106,LB,CW1C,303B ,,R,D,DO,F ,X,T,C,50,0,0,0,1757571,5918596
Auckland,16/05/2014,Fri,1601,AO,BE1C4B,385A 671A ,,E,D,BF,F , ,N,C,50,0,0,0,1758353,5918373
Auckland,02/04/2014,Wed,1710,ND,CE1E,376A 929 ,,R,D,O ,F ,D,N,N,50,0,0,0,1758314,5918383
Auckland,10/05/2014,Sat,1743,JC,CS2C,301A ,,R,D,BF,F ,T,S,C,50,0,0,0,1758329,5918379
Auckland,02/11/2014,Sun,1600,KA,CE1C,301B ,,R,D,B ,F ,T,S,C,50,0,0,0,1758329,5918379
Auckland,18/09/2014,Thu,1720,FA,CW1CC,331A 350A ,,R,D,B ,F , , ,C,50,0,0,0,1757151,5918712
Auckland,27/03/2014,Thu,1820,KA,PE1C,301B 370B ,,R,D,B ,F ,T,S,C,50,0,0,1,1758097,5918447
Auckland,22/02/2014,Sat,1648,EE,BW1C,129A 671A ,M,R,D,OF,F ,T,G,C,50,0,0,0,1758165,5918426
Auckland,07/04/2014,Mon,1610,MC,CW14,181A 372B ,,R,D,B ,F , , ,C,50,0,0,0,1758127,5918438
Auckland,11/04/2014,Fri,1725,FA,CW1C,130A 501A ,,R,D,TF,F , ,N,C,50,0,0,0,1757287,5918676
Auckland,20/10/2014,Mon,1058,HA,MN2C,322B 334B ,,R,D,B ,F ,X,T,C,50,0,0,1,1757248,5918686
Auckland,17/12/2014,Wed,1250,AA,BW1C,350A 372A 330B ,,R,W,O ,L , , ,C,50,0,0,0,1757932,5918493
Auckland,14/03/2014,Fri,1005,HA,CE1C,322A 350A ,,R,D,BF,F ,X,T,C,50,0,0,1,1757816,5918526
Auckland,26/05/2014,Mon,1105,NF,CW1E,370A 714B 724B 927 ,,R,D,O ,F ,D, ,P,50,0,0,1,1757007,5918759
Auckland,02/10/2014,Thu,1754,FD,CW1CC,112A 181A 331A 634A ,,R,W,O ,L , , ,C,50,0,0,0,1757007,5918759
Auckland,14/12/2014,Sun,110,FF,CW1C,181A 191B ,,R,W,DO,  ,X,T,C,50,0,0,0,1756969,5918790
Auckland,09/02/2014,Sun,1427,JA,CW1C,302B 375B ,,R,D,B ,F ,T,G,C,50,0,0,0,1758357,5918372
Auckland,27/12/2014,Sat,2119,LB,ME1C,303B 330B 402B ,,R,D,TO,F ,T,G,C,50,0,0,1,1770522,5909732
Auckland,27/10/2014,Mon,2330,CB,CS1,108A 130A 410A ,P,R,W,DO,L , , ,C,50,0,0,0,1770965,5910741
Auckland,20/02/2014,Thu,1836,FD,CS1V,181A ,,E,D,OF,F , ,N,C,50,0,0,0,1757219,5927012
Auckland,07/06/2014,Sat,1510,FB,4E1C,331A ,,R,D,B ,F ,R,G,P,50,0,0,1,1757343,5927124
Auckland,15/02/2014,Sat,1730,KA,CS14,308B 375B 930 ,,R,D,B ,F ,D,N,C,50,0,0,0,1759810,5907024
Auckland,04/10/2014,Sat,2200,EC,CS1,911,W,E,D,DO,F , , ,C,50,0,0,0,1759807,5907064
Auckland,19/09/2014,Fri,2300,JA,CS1C,303B ,,E,D,DO,F ,T,N,N,50,0,0,0,1754344,5933607
Auckland,12/01/2014,Sun,1740,JA,CW1C,309B ,,E,D,BF,F ,T,N,N,50,0,0,0,1754330,5933346
Auckland,19/07/2014,Sat,2300,EA,TE1C,129A ,M,R,D,DO,F , ,N,C,50,0,0,0,1752899,5913068
Auckland,16/01/2014,Thu,1130,MD,CE1C,371B ,,R,D,B ,F ,X,G,C,50,0,0,0,1753228,5912743
Auckland,21/02/2014,Fri,1705,GB,4E1V,158A 387A 929 ,,R,D,BF,F ,D,N,C,50,0,0,0,1766541,5906944
Auckland,13/12/2014,Sat,1925,BB,CS1T,123A 404A ,,E,W,ON,L , ,N,C,80,0,0,0,1778215,5905770
Auckland,24/07/2014,Thu,1530,MO,CN1,371A 671A ,P,E,D,B ,F , , ,C,50,0,0,0,1770329,5898239
Auckland,01/01/2014,Wed,1508,DA,CS1CCC,103A ,M,E,D,B ,F ,T,N,C,50,0,0,0,1758141,5915731
Auckland,25/10/2014,Sat,1900,CA,CW1,130A 501A ,IS,R,D,B ,F , , ,R,50,0,0,1,1760556,5922292
Auckland,07/06/2014,Sat,1015,MC,CW1C,372B ,,R,D, N,F , , , ,50,0,0,0,1764204,5909939
Auckland,04/01/2014,Sat,1240,MB,VE1C,303B 375B ,,R,D,BF,F , ,N,C,50,0,0,0,1764061,5909905
Auckland,06/05/2014,Tue,1530,MO,CN1C,371A 402A ,,R,D,B ,F ,R,G,C,50,0,0,0,1769313,5881077
Auckland,01/10/2014,Wed,1630,NB,CW1E,370A 711B ,,R,D,B ,F , ,N,R,50,0,1,0,1753285,5876293
Auckland,29/07/2014,Tue,1640,JA,CE1C,302B 363B 375B 902 ,,R,D,BF,F ,T,G,C,50,0,0,1,1753272,5876301
Auckland,09/07/2014,Wed,1610,GF,CS1C,129A ,,E,D,O ,F ,T,S,C,50,0,0,0,1758329,5918379
Auckland,21/04/2014,Mon,740,DA,CN1,111A 131A ,P,M,W,O ,F ,T,S,L,70,0,0,0,1759981,5889592
Auckland,19/04/2014,Sat,1010,BF,CW2C,111A 131A ,,M,W,ON,L ,X,G,C,100,0,0,0,1759981,5889592
Auckland,15/05/2014,Thu,540,FA,VS1V,104A 112A 331A 402A 929 ,,R,W,DO,  ,D, ,C,50,0,1,1,1761865,5882930
Auckland,12/05/2014,Mon,1600,QG,CW1,665A ,C,R,D,BN,F , ,N,C,70,0,0,0,1759542,5888638
Auckland,09/12/2014,Tue,1705,DB,CW1,111A 410A ,C,M,D,O ,M , , ,C,50,0,0,1,1759542,5888638
Auckland,26/07/2014,Sat,2000,CB,VN1,101A 110A 134A ,FV,R,W,DN,F , ,N,C,100,0,0,0,1761601,5883488
Auckland,18/04/2014,Fri,1511,LB,CS14,303B 375B 929 ,,R,D,BN,F ,D,N,C,100,0,0,2,1759840,5886556
Auckland,26/12/2014,Fri,1045,MG,CN1C,371B ,,R,D,B ,F ,T,S,L,50,0,0,0,1755182,5917804
Auckland,23/08/2014,Sat,1500,MO,CW1C,371A ,M,R,D,BF,F , ,N,C,50,0,0,0,1755558,5918003
Auckland,08/06/2014,Sun,1025,EA,CW1C,129A ,M,R,D,B ,F ,X,T,C,50,0,0,0,1757174,5920601
Auckland,15/01/2014,Wed,640,CC,CN1C,130A 410A ,M,R,D,O ,F , , ,C,50,0,0,0,1754524,5916094
Auckland,16/11/2014,Sun,945,PC,CN1,204B 929 ,,R,D,BF,F ,D,N,C,50,0,0,1,1754600,5916370
Auckland,19/06/2014,Thu,1907,DA,CW1,131A ,C,E,W,DN,L , , ,C,50,1,0,0,1746996,5928023
Auckland,17/12/2014,Wed,1500,FC,CW1C,181B ,,M,W,O ,F ,R,G,C,50,0,0,0,1751543,5912334
Auckland,22/11/2014,Sat,649,CC,CN1,195A ,I,R,D,TF,F ,R,G,R,50,0,0,1,1751545,5912341
Auckland,04/03/2014,Tue,830,EA,CW1C,129A ,M,R,D,B ,F , , ,C,50,0,0,0,1751166,5912180
Auckland,21/09/2014,Sun,1750,EA,CW1V,129A 350A 410A ,M,R,W,O ,F , ,N,C,50,0,0,1,1751240,5912210
Auckland,14/09/2014,Sun,1830,EA,CE1C,103A 129A ,M,R,D,DO,F ,T,N,C,50,0,0,0,1746875,5916118
Auckland,13/11/2014,Thu,2227,FE,CE1CX,103A 112A 431A 103B 112B 431B ,,R,W,DO,F ,T,T,C,80,0,0,0,1759046,5906725
Auckland,20/09/2014,Sat,0,CC,CN1,410A ,F,R,D,DO,F ,T,N,C,50,0,0,0,1758942,5907222
Auckland,10/01/2014,Fri,1005,GB,CS14,181A 929 ,,R,D,B ,F ,D,N,C,60,0,0,0,1758946,5907177
Auckland,11/04/2014,Fri,2123,EA,CW1C,102A 129A ,M,R,D,DO,F , , ,C,60,0,0,0,1759637,5906331
Auckland,09/09/2014,Tue,1520,MB,CE1C,387B ,,R,D,BF,F , ,N,C,50,0,0,0,1759646,5906327
Auckland,17/04/2014,Thu,825,JB,CW1C,302A ,,E,W,OF,H ,T,G,C,50,0,0,0,1759618,5906338
Auckland,21/09/2014,Sun,445,CB,CE1,103A 112A ,FP,R,D,DO,F , ,N,C,50,0,0,1,1758923,5907478
Auckland,26/10/2014,Sun,105,EA,CE1V,101A 129A ,M,R,D,DO,F , ,N,N,50,0,0,0,1758887,5907740
Auckland,30/05/2014,Fri,840,LB,CS1C,303B 382B 923 ,,R,W,OF,F ,D,N,C,50,0,0,0,1759019,5906807
Auckland,03/04/2014,Thu,755,JA,SS1C,301B 314B 377B ,,R,D,BF,F ,T,S,C,50,0,0,0,1759019,5906807
Auckland,28/03/2014,Fri,320,DB,CE1,111A 131A 402A ,P,E,D,DO,F , ,N,P,60,0,0,0,1759455,5906404
Auckland,12/10/2014,Sun,2100,MB,CW1C,303B ,,R,D,DO,F , , ,L,60,0,0,0,1759390,5906451
Auckland,29/11/2014,Sat,1010,NB,CN1E,722B 727B 929 ,,R,D,BF,F ,D,N,N,50,0,0,1,1752600,5914672
Auckland,28/06/2014,Sat,1854,EA,CN14,101A 129A 359A ,M,R,D,DO,F , ,N,C,50,0,0,2,1758386,5928526
Auckland,17/02/2014,Mon,722,NA,4W1E,713B ,,R,D,BF,F , ,N,X,50,0,0,1,1757449,5928921
Auckland,18/09/2014,Thu,745,EA,CW1C,129A 386A ,M,R,W,O ,F , ,N,C,50,0,0,0,1757506,5928902
Auckland,10/06/2014,Tue,1310,FC,CW1C,331A ,,R,W,O ,L , , ,X,50,0,0,0,1757563,5928883
Auckland,02/12/2014,Tue,700,GB,MW1C,333A 381A ,,R,D,BF,F ,T,G,C,50,0,0,0,1757421,5928931
Auckland,01/11/2014,Sat,840,EA,CW1CC,129A 358A ,M,R,D,B ,F , , ,N,50,0,0,0,1754408,5915855
Auckland,14/02/2014,Fri,1705,BE,OE1C,112A 687A ,K,R,D,O ,F , ,N,C,50,0,0,0,1769498,5879515
Auckland,18/11/2014,Tue,1730,FE,CW1CC,181A ,,R,D,BF,F ,X,T,C,50,0,0,0,1757390,5928942
Auckland,25/11/2014,Tue,925,MG,CN1C,371B ,,R,D,OF,F ,X,T,C,50,0,0,0,1757390,5928942
Auckland,19/09/2014,Fri,1640,MO,CE1C,371A 385A ,M,R,W,OF,L ,T,N,N,50,0,0,0,1757633,5920497
Auckland,06/03/2014,Thu,2330,MO,CN1C,386A ,M,R,D,DO,F , , ,C,50,0,0,0,1757510,5920352
Auckland,29/05/2014,Thu,1425,MG,CN1C,371B ,,R,W,O ,L , , ,N,50,0,0,0,1757460,5920218
Auckland,15/02/2014,Sat,1400,MO,TN1C,371A ,M,R,D,B ,F , ,N,N,50,0,0,0,1750458,5930540
Auckland,13/06/2014,Fri,2015,EC,VE1,912,W,R,D,DN,F , ,N,C,100,0,0,0,1728993,5932961
Auckland,24/06/2014,Tue,1900,DB,CS1C,131A ,M,M,D,DO,F , ,N,C,50,0,0,0,1754914,5915311
Auckland,10/07/2014,Thu,850,AA,VN1C,184A 184B 801 ,,E,W,O ,L , , ,C,50,0,0,0,1764067,5918775
Auckland,07/12/2014,Sun,1600,AD,CS1B,103A 184A ,,E,D,B ,F , , ,P,50,0,0,0,1764134,5918675
Auckland,15/10/2014,Wed,710,JO,SN1C,112A 204A 929 ,,R,D,O ,F ,D,N,N,50,0,0,1,1764150,5918650
Auckland,30/09/2014,Tue,800,FD,VN1C,181A 331A ,,R,D,O ,F , , ,C,50,0,0,0,1763845,5918989
Auckland,05/10/2014,Sun,1500,KB,CS1C,303B 316B 841 ,,R,W,O ,L ,T,T,C,50,0,0,0,1763788,5919070
Auckland,26/02/2014,Wed,1530,AO,VS1C,381A ,,R, , F,  , ,N,C,50,0,0,0,1763903,5918917