TLANAME,CRASHDATE,CRASHDOW,CRASHTIME,MVMT,VEHICLES,CAUSES,OBJECTSSTRUCK,ROADCURVE,ROADWET,LIGHT,WTHRa,JUNCTYPE,TRAFCTRL,ROADMARK,SPDLIM,CRASHFATALCNT,CRASHSEVCNT,CRASHMINCNT,EASTING,NORTHING
Auckland,31/07/2014,Thu,1801,FD,CS1XC,331A 358A ,,R,D,B ,F ,T,G,P,50,0,0,1,1763942,5918886
Auckland,20/05/2014,Tue,815,FD,CN1C,181A ,,R,D,B ,F , , ,L,50,0,0,1,1763950,5918880
Auckland,17/04/2014,Thu,1145,FB,TS1C,181A 331A ,,R,W,OF,H ,T,G,C,50,0,0,0,1764489,5918149
Auckland,08/05/2014,Thu,1844,DA,CS1,101A 111A 131A ,T,M,W,DO,F ,T,S,C,50,0,0,1,1764046,5920058
Auckland,03/09/2014,Wed,1900,NA,CN1E,711B ,,R,D,DO,F , , ,C,50,0,1,0,1764454,5918332
Auckland,06/12/2014,Sat,650,DA,CN1,131A 410A 800 ,T,E,W,O ,F , , ,P,50,0,0,1,1764192,5918587
Auckland,28/02/2014,Fri,829,GB,SN1C,158A 929 ,,E,D,B ,F ,D,N,C,50,0,0,1,1764461,5918298
Auckland,14/07/2014,Mon,200,DA,CS2CCC,111A 131A 517A ,FM,M,W,DO,M ,T,N,N,50,0,0,0,1768513,5899704
Auckland,01/03/2014,Sat,1547,PC,CE1E,371A 929 ,,R,D,OF,F ,D,N,N,50,0,0,0,1768588,5899731
Auckland,14/05/2014,Wed,1557,KB,CS1C,302B 353B 375B ,,R,W,OF,H ,T,G,C,50,0,0,0,1765061,5905874
Auckland,01/07/2014,Tue,2040,DC,CW1C,103A 302A 335A 801 ,,R,W,DO,L ,T,G,C,50,0,0,0,1765092,5905951
Auckland,28/12/2014,Sun,2000,MG,4S1C,371B 405B ,,E,D,B ,F , ,N,C,50,0,0,0,1765243,5906358
Auckland,23/08/2014,Sat,2145,KB,CN1C,302A ,,R,W,DO,F ,R,G,C,50,0,0,0,1765197,5906210
Auckland,24/12/2014,Wed,2100,AC,CS1C,372A ,,R,D,DO,F ,T,T,C,50,0,0,0,1765041,5905792
Auckland,23/10/2014,Thu,1353,FD,VN1C,357A 512A ,,R,D,O ,F , , ,C,50,0,0,0,1765465,5906789
Auckland,14/10/2014,Tue,1720,MA,CW1C,373B ,,E,D,B ,F , ,N,P,50,0,0,0,1765408,5906748
Auckland,12/07/2014,Sat,143,DB,CS1C,103A 111A 131A 514A ,M,M,W,DO,F , ,N,P,50,0,0,0,1765315,5906650
Auckland,06/03/2014,Thu,1930,MO,CE1C,371A ,M,R,D,BF,F , ,N,C,50,0,0,0,1745045,5918924
Auckland,30/05/2014,Fri,2025,LA,CN14,103A 925 ,,R,D,DO,F ,D,N,C,50,0,0,0,1765710,5907117
Auckland,20/02/2014,Thu,1755,GE,CS1C,333A 929 ,,E,D,OF,F ,D,N,C,50,0,0,0,1746840,5912216
Auckland,24/08/2014,Sun,1005,ME,PS1C,351B 363B 382B 902 926 ,,E,D,B ,F ,D,N,C,50,0,0,1,1779067,5927543
Auckland,03/08/2014,Sun,1344,JA,CN1C,308B 377B 839 929 ,,R,D,OF,F ,D,N,C,50,0,0,1,1756451,5931943
Auckland,06/11/2014,Thu,1458,FB,VW1C,181A 353A 387A ,,E,D,BF,F ,T,G,P,50,0,0,2,1755905,5931599
Auckland,18/02/2014,Tue,1756,FB,4W1C,331A 353A ,,R,D,BF,F ,T,G,C,50,0,0,0,1755905,5931599
Auckland,16/02/2014,Sun,1008,DA,ME1,129A 363A 902 ,EF,S,D,BN,F , ,N,N,100,0,1,0,1746356,5955854
Auckland,10/12/2014,Wed,1557,MC,CE1C,372B ,,R,D,O ,F ,T,N,N,50,0,0,1,1771928,5898696
Auckland,04/06/2014,Wed,1120,FB,CS1C,181A ,,R,D,BF,F ,T,G,C,50,0,0,0,1762615,5918926
Auckland,26/07/2014,Sat,1130,FB,CS1C,350A 420A ,,R,D,O ,F ,T,S,C,50,0,0,0,1763811,5908953
Auckland,14/02/2014,Fri,1100,CB,VN1,130A 195A ,P,R,D,B ,F , , ,L,50,0,0,0,1761384,5915952
Auckland,30/05/2014,Fri,1145,FE,CN1C,181A 331A ,,M,D,B ,F ,T,T,C,50,0,0,0,1761417,5915915
Auckland,26/05/2014,Mon,1510,MD,CS1C,385A 929 ,,R,D,BF,F ,D,N,C,50,0,0,0,1756852,5944182
Auckland,09/05/2014,Fri,830,DB,CS1C,135A 806 ,,M,W,B ,F ,T,T,C,50,0,0,1,1761555,5915758
Auckland,01/09/2014,Mon,1630,DA,CS1,110A 402A ,FT,M,W,O ,F ,T,N,C,50,0,0,0,1761555,5915758
Auckland,20/12/2014,Sat,1335,DA,CS1,131A 620A ,,E,D,B ,F ,M,T,C,50,0,0,0,1761555,5915758
Auckland,11/07/2014,Fri,2030,EA,CN14C,103A 129A ,MM,R,W,DO,LS, ,N,C,50,0,0,0,1761388,5915383
Auckland,19/06/2014,Thu,1317,EA,CN1V,501A ,Q,E,W,O ,F , , ,C,50,0,0,1,1756873,5943988
Auckland,13/09/2014,Sat,2000,EA,CS1C,129A 801 ,M,R,W,DO,L , , ,C,50,0,0,0,1761236,5916199
Auckland,19/09/2014,Fri,2010,LB,CS1C,303B 801 ,,R,W,O ,L ,T,T,C,50,0,0,1,1761238,5916184
Auckland,22/12/2014,Mon,1415,LB,CN1C,303A 330A 303B 375B ,,R,D,B ,F ,T,T,C,50,0,0,0,1761238,5916184
Auckland,07/05/2014,Wed,715,LB,CN1C,322A ,,R,W,OF,L ,T,T,C,50,0,0,0,1761238,5916184
Auckland,16/01/2014,Thu,2130,FD,VN1V,181A ,,E,D,DO,F ,T,T,C,50,0,0,0,1761230,5916646
Auckland,21/01/2014,Tue,30,DA,CS1,410A 801 ,P,M,W,DO,L , , ,C,50,0,0,0,1769261,5909337
Auckland,12/12/2014,Fri,800,AO,CS1C,129A 130A 817 ,,R,D,B ,F , , ,C,50,0,0,0,1765399,5913902
Auckland,08/11/2014,Sat,1910,CA,PN1,191A ,,R,D,OF,F , ,N,C,50,0,0,1,1765442,5913841
Auckland,07/09/2014,Sun,900,FB,CN1C,181A 331A ,,R,D,B ,F ,R,G,C,50,0,0,0,1764967,5914701
Auckland,02/12/2014,Tue,800,FD,VN1C,181A 331A ,,E,D,O ,F , , ,L,50,0,0,0,1765064,5914616
Auckland,28/10/2014,Tue,945,GE,CN1C,160A ,,R,W,B ,F ,T,N,C,50,0,0,0,1768799,5907705
Auckland,04/04/2014,Fri,2345,DB,CS1V,108A 131A ,M,S,D,DO,F ,T,G,C,50,0,0,0,1746083,5908074
Auckland,21/01/2014,Tue,1302,EA,CS1C,129A 130A 501A 801 ,M,E,W,O ,L ,T,N,C,50,0,0,1,1770968,5894593
Auckland,10/02/2014,Mon,1535,NB,CN1E,713B ,,R,D,B ,F ,T,N,C,50,0,0,1,1757993,5927269
Auckland,18/11/2014,Tue,1715,LB,SN1C,303B 375B 929 ,,R,D,BF,F ,D,N,P,50,0,0,1,1759491,5925444
Auckland,17/06/2014,Tue,652,JA,CN1C,322A 334A 358A ,,R,W,DO,F ,X,T,C,50,0,0,0,1759558,5925256
Auckland,25/01/2014,Sat,13,CB,CN1,129A 407A ,KS,R,D,DO,F ,X,T,C,50,0,0,1,1759558,5925256
Auckland,31/01/2014,Fri,1730,MG,CE1C,423B ,,R,D,BF,F ,T,T,C,50,0,0,0,1758824,5926107
Auckland,26/03/2014,Wed,705,GB,SN1C,303B ,,R,D,BF,F ,T,G,C,50,0,0,1,1758196,5926942
Auckland,05/08/2014,Tue,750,FE,CN14,181A ,,R, ,BF,  , ,T,C,60,0,0,0,1758494,5926466
Auckland,11/09/2014,Thu,751,MO,BN1C,200B 446B ,,R,D,O ,F , , ,C,50,0,0,0,1758040,5927195
Auckland,15/07/2014,Tue,1135,FD,CN1C,181A 331A ,,R,D,O ,F , , ,C,50,0,0,0,1759620,5925082
Auckland,20/03/2014,Thu,1700,FA,CS1C,112A 331A ,,R,D,B ,F , , ,C,50,0,0,0,1759623,5925073
Auckland,10/04/2014,Thu,850,AO,BN1C,381A 671A ,,R,D,OF,F , ,T,C,60,0,0,0,1758405,5926607
Auckland,04/11/2014,Tue,2132,DA,CE2,131A 501A ,G,R,W,DO,F ,T,T,C,50,0,0,0,1758415,5926590
Auckland,07/04/2014,Mon,1540,FD,CN1C,181A ,,R,D,O ,F , , ,C,50,0,0,0,1759317,5925933
Auckland,26/05/2014,Mon,850,FA,VS1C,181A ,,R,D,BF,F , ,N,C,50,0,0,0,1759388,5925735
Auckland,29/01/2014,Wed,1832,JA,SS1C,204A 370B 929 ,,R,D,B ,F ,D, ,N,50,0,0,1,1759421,5925641
Auckland,28/06/2014,Sat,1140,FD,VS1CC,181A 331A 402A 412A ,,R,W,OF,L , , ,C,50,0,0,0,1759472,5925500
Auckland,03/05/2014,Sat,700,ND,CN1E,376A 711B ,,R,D,B ,F ,T,G,C,50,0,0,1,1758592,5926304
Auckland,31/01/2014,Fri,1723,JA,VS1C,173A 370A 302B 314B 370B ,,R,D,B ,F ,T,G,P,50,0,0,0,1758592,5926304
Auckland,29/03/2014,Sat,1440,JA,CS14,302B ,,R,D,B ,F ,T,G,P,50,0,0,0,1758592,5926304
Auckland,01/07/2014,Tue,1742,NB,CN1E,710B 724B 901 ,,R,W,DO,H , , ,C,50,0,0,1,1755655,5926026
Auckland,17/03/2014,Mon,1538,BF,4S1C,501A ,,E,D,BF,F , ,N,C,50,0,0,0,1755623,5925523
Auckland,15/04/2014,Tue,1503,MB,CS1V,372B ,,R,D,O ,F , , ,C,50,0,0,0,1755676,5926181
Auckland,05/06/2014,Thu,1418,GB,SN1C,303B ,,R,D,OF,F ,T,G,C,50,0,0,1,1755611,5925707
Auckland,25/11/2014,Tue,1654,MO,CS14,330A 386A ,M,R,D,B ,F , , ,C,50,0,0,0,1755603,5925627
Auckland,11/12/2014,Thu,1505,LB,SN1C,303B 375B ,,E,D,O ,F ,T,G,P,50,0,0,0,1758608,5926280
Auckland,19/06/2014,Thu,1244,FE,CS14,181A ,,R,W,OF,F ,T,T,C,50,0,0,0,1758132,5927046
Auckland,01/11/2014,Sat,851,FD,SN1C,181A 331A 353A ,,R,D,O ,F , , ,C,50,0,1,0,1758663,5926193
Auckland,09/02/2014,Sun,1245,NB,CN1E,713B ,,R,D,OF,F , ,N,P,50,0,0,0,1758781,5926115
Auckland,28/08/2014,Thu,1450,FD,4W1C,181A ,,R,D,B ,F , , ,C,50,0,0,0,1758636,5926235
Auckland,18/09/2014,Thu,1042,AA,CS1T,159A ,,R,D,O ,F ,T,N,P,50,0,0,0,1759896,5924311
Auckland,10/03/2014,Mon,845,AD,BN1C,150A 444A ,,R,D,B ,F , ,N,C,50,0,0,0,1755607,5925306
Auckland,05/09/2014,Fri,2250,FA,CN1C,181A ,,R,D,DO,F ,T,N,P,50,0,0,0,1759288,5925994
Auckland,14/03/2014,Fri,840,JA,SW1C,302B 375B ,,R, , F,  ,T,G,C,50,0,0,0,1759280,5926006
Auckland,03/05/2014,Sat,1815,BA,CN1C,103A 129A ,,R,D,DO,F , ,N,C,50,0,0,1,1755542,5924978
Auckland,24/02/2014,Mon,1241,GD,CS1C,331A 927 ,,R,D,BF,F ,D,N,C,50,0,0,1,1758366,5926671
Auckland,24/07/2014,Thu,644,FC,CS1E,306A 353A 376A 801 ,,R,W,O ,L , , ,X,50,0,0,1,1755632,5925855
Auckland,28/07/2014,Mon,1630,KB,CN14,302B 375B ,,R,D,OF,F ,X,G,C,50,0,0,0,1755614,5925726
Auckland,08/06/2014,Sun,623,BE,CS1C,414A ,,R,D,DO,F , , ,C,50,0,0,1,1755604,5925629
Auckland,25/08/2014,Mon,525,HA,CN1C,302A ,,E,D,DO,F ,X,G,R,50,0,0,0,1755607,5925590
Auckland,25/07/2014,Fri,743,GC,MS1C,387A ,,R,W,BF,F ,T,G,P,50,0,0,1,1759847,5924454
Auckland,08/04/2014,Tue,1042,JA,SN1C,204A 930 ,,R,D,O ,F ,D,N,N,50,0,0,1,1758294,5926784
Auckland,03/04/2014,Thu,1433,CB,CN1,112A 130A 692A 801 ,T,R,W,O ,L , , ,C,50,0,0,1,1760091,5923790
Auckland,22/07/2014,Tue,1007,JA,MS1T,302B 377B ,,R,D,B ,F ,T,G,C,50,0,0,1,1760069,5923835
Auckland,18/03/2014,Tue,1838,HA,CN1C,314B 375B ,KS,E,D,TF,F ,X,G,C,50,0,0,2,1759280,5926006
Auckland,20/10/2014,Mon,1155,FD,4S1CV,110A 181A 901 ,,R,W,O ,H , , ,C,50,0,0,2,1759418,5925652
Auckland,07/12/2014,Sun,2130,MC,MN1C,372B ,,R,D,O ,F , , ,R,50,0,0,1,1759669,5924946
Auckland,26/03/2014,Wed,1630,CB,BS1C,129A 179A ,Q,R,D,B ,F ,X,T,C,50,0,0,0,1759686,5924899
Auckland,11/05/2014,Sun,1241,FD,CN1C,331A 350A ,,R,D,BF,F , ,N,C,50,0,0,0,1759475,5925491
Auckland,08/04/2014,Tue,615,KA,CS1C,302B 375B ,,R,D,B ,F ,T,G,C,50,0,0,0,1767807,5904083
Auckland,22/02/2014,Sat,1100,FO,VE1C,129A 350A 386A ,,R,D,B ,F ,T,S,C,50,0,0,0,1755456,5915299
Auckland,04/03/2014,Tue,827,HA,CN2T,301A 363A 902 ,,R,D,BF,F ,X,S,C,50,0,0,1,1755001,5915445
Auckland,19/07/2014,Sat,1038,FE,4N1C,331A 402A 412A ,,R,D,O ,F ,X,T,R,50,0,0,0,1766722,5904676
Auckland,07/09/2014,Sun,1700,FB,CS1C,181A ,,R,D,BF,F ,X,T,R,50,0,0,0,1766733,5904684
Auckland,10/07/2014,Thu,1830,FB,CN1C,181A ,,R,W,DO,L ,X,T,R,50,0,0,0,1766722,5904676
Auckland,21/03/2014,Fri,1300,FB,CN1C,181A ,,R,D,BF,F ,X,T,C,50,0,0,1,1766722,5904676
Auckland,11/03/2014,Tue,2315,HA,VE2C,322B ,,R,D,DO,F ,X,T,C,50,0,0,0,1766780,5904010
Auckland,09/02/2014,Sun,1930,HA,CE2C,322B 363B 902 ,S,R,D,B ,F ,X,T,C,60,0,0,0,1766780,5904010
Auckland,28/10/2014,Tue,,JA,CS1C,322A ,,R,W,OF,L ,X,T,N,50,0,0,0,1766881,5903851
Auckland,23/04/2014,Wed,620,HA,CW24,322B ,,R,D,O ,F ,X,T,R,60,0,0,0,1766881,5903851
Auckland,02/05/2014,Fri,754,JA,CS1C,322A ,,E,D,BF,F ,T,T,R,50,0,0,0,1766881,5903851
Auckland,29/08/2014,Fri,1140,KA,VS1C,322A ,,R,D,OF,F ,T,T,N,50,0,0,0,1766881,5903851
Auckland,30/07/2014,Wed,1620,JA,CS1C,322A ,,R,D,BF,F ,T,T,C,50,0,0,0,1766881,5903851
Auckland,01/07/2014,Tue,605,AA,TS1C,381A ,,R,D,B ,LS,M,T,R,60,0,0,0,1766780,5904010
Auckland,07/10/2014,Tue,733,LB,CS1C,303B 322B ,,R,D,O ,F ,M,T,C,50,0,0,0,1766792,5904015
Auckland,13/01/2014,Mon,1648,FD,CN1CC,181A 181B ,,R,D,B ,F , , ,R,50,0,0,0,1766487,5905150
Auckland,20/03/2014,Thu,1245,FF,CN1C,181A 330A ,,R,D,BF,F ,X,T,R,50,0,0,0,1766437,5905237
Auckland,28/01/2014,Tue,1225,HA,CN1C,113B 322B 817 ,,R,D,B ,F ,X,T,C,50,0,0,0,1766437,5905237
Auckland,02/12/2014,Tue,1728,FA,CS1C,103A ,,R,D,B ,F , ,N,C,80,0,0,0,1766736,5904542
Auckland,02/11/2014,Sun,1400,JA,CN1C,308B 375B 925 ,,R,D,B ,F ,D, ,R,50,0,0,1,1766724,5904543
Auckland,24/03/2014,Mon,1720,AA,4S1C,372A 404A ,,R,D,BF,F ,R,G,R,50,0,0,0,1766715,5904425
Auckland,19/03/2014,Wed,1355,GC,CS1C,171B ,,E,D,B ,F ,R,G,C,50,0,0,0,1766723,5904442
Auckland,05/01/2014,Sun,1330,FB,CN1M,411A 830 901 ,,R,W,ON,H ,R,G,R,50,0,0,0,1766708,5904422
Auckland,10/01/2014,Fri,1620,FD,CS1C,181A ,,R,D,B ,F , , ,C,60,0,0,0,1766957,5903732
Auckland,07/05/2014,Wed,1900,KA,CS1T,130A 181A 331A ,,M,D,DO,F ,X,T,C,50,0,0,0,1766967,5903715
Auckland,09/07/2014,Wed,1330,FE,TE1C,420B 801 ,,M,W,O ,L ,X,T,C,50,0,0,0,1766771,5904005
Auckland,21/02/2014,Fri,1911,DB,4S1,111A 131A ,GP,M,D,BF,F , ,T,N,100,0,0,1,1766741,5903913
Auckland,20/01/2014,Mon,225,CB,CW1,103A 112A ,F,R,D,DO,F ,T,N,N,50,0,0,0,1754670,5929868
Auckland,13/11/2014,Thu,1045,CC,CE1C,130A ,M,R,D,O ,F , , ,C,50,0,0,0,1766585,5900026
Auckland,24/01/2014,Fri,2020,MC,CW1C,372B ,,E,D,TF,F , , ,L,50,0,0,0,1763780,5907055
Auckland,03/04/2014,Thu,2330,CC,CW1C,125A ,M,R,W,DO,F , ,N,N,50,0,0,0,1755143,5932181
Auckland,11/09/2014,Thu,315,MO,CE1C,514B 517B ,M,R,D,DO,F , , ,N,50,0,0,0,1755628,5915175
Auckland,12/05/2014,Mon,1320,GF,TW1C,158B ,,R,D,B ,F ,T,S,C,50,0,0,0,1755435,5915227
Auckland,03/02/2014,Mon,1500,EA,CN1C,129A 929 ,M,R,D,B ,F ,D,N,C,50,0,0,0,1765476,5905528
Auckland,05/04/2014,Sat,1316,EA,CN1C,103A 129A ,M,E,D,B ,F , , ,N,50,0,0,1,1765411,5905615
Auckland,13/04/2014,Sun,451,DB,CS2,111A 133A 517A ,P,S,D,DO,F ,X,S,C,50,0,0,0,1756549,5914920
Auckland,01/01/2014,Wed,2200,BE,CN1C,103A 129A 130A 862 ,,R,D,DO,F , , ,C,50,0,0,2,1765365,5905729
Auckland,27/07/2014,Sun,20,EA,CN1CV,101A 129A ,FMT,E,D,DO,F , ,N,N,50,0,0,0,1760918,5908527
Auckland,21/06/2014,Sat,1236,GD,CS14,929,,R,D,BF,F ,D,N,C,50,0,0,0,1751307,5914054
Auckland,14/11/2014,Fri,1500,MG,4E1T,371B 671B ,,R,D,BF,F , ,N,C,50,0,0,0,1753842,5919386
Auckland,20/05/2014,Tue,1745,LB,CW14,303B 375B ,,R,D,DO,F ,X,G,C,50,0,0,0,1767889,5913544
Auckland,18/03/2014,Tue,754,MO,CS1,130A 420A 929 ,FJ,R,D,O ,F ,D, , ,50,0,0,0,1752872,5928949
Auckland,12/10/2014,Sun,1545,GD,CS1C,181A 331A ,,R,D,O ,F ,T,G,C,50,0,0,0,1751923,5927168
Auckland,12/12/2014,Fri,720,DB,TS1,129A ,S,S,D,BN,F ,T,N,R,50,0,0,1,1760336,5903358
Auckland,15/07/2014,Tue,1910,MO,CN1C,420A ,M,R,D,DO,F , , ,N,50,0,0,0,1758929,5918944
Auckland,11/04/2014,Fri,1933,MO,CN1C,112B 512B 514B 517B 927 ,,R,D,DN,F ,D, ,C,50,0,0,0,1773815,5895992
Auckland,04/01/2014,Sat,29,DA,CE14,103A 131A ,MT,E,D,DO,F , , ,R,50,0,0,0,1746113,5916509
Auckland,28/06/2014,Sat,1428,AB,CE1C,387A 839 ,,E,W,OF,L , ,N,N,50,0,0,0,1755369,5931502
Auckland,21/03/2014,Fri,1850,MO,VN1C,129A 929 ,,R,D,TF,F ,D,N,N,50,0,0,0,1767482,5908060
Auckland,06/03/2014,Thu,2135,CC,CN1,103A 410A ,V,R,D,DN,F , , ,C,100,0,0,0,1755435,5978651
Auckland,19/02/2014,Wed,1120,DB,CW1,131A 801 ,T,S,W,O ,L , , ,C,100,0,0,1,1760786,5980994
Auckland,31/07/2014,Thu,2242,DA,CN1,102A 111A 131A 402A 904 ,C,M,D,DN,M , , ,C,100,0,0,1,1756596,5979492
Auckland,06/03/2014,Thu,2206,CC,CS1CC,132A 407A ,M,R,D,DO,F ,T,N,N,50,0,0,0,1752614,5928568
Auckland,21/07/2014,Mon,1926,EO,CW1C,131A 357A 512A ,M,M,W,DO,F , , ,N,50,0,0,0,1748458,5912244
Auckland,10/06/2014,Tue,1330,EA,CS1C,129A ,M,R,W, F,L , ,N,N,50,0,0,0,1763708,5905670
Auckland,09/08/2014,Sat,430,CC,CN1,101A 130A 402A ,F,R,D,DO,F , , ,C,50,0,0,0,1761558,5908631
Auckland,21/08/2014,Thu,1750,DB,CE2,131A 133A ,P,S,D,TF,F ,T,G,R,50,0,0,1,1762407,5913824
Auckland,18/07/2014,Fri,1430,DB,CE1C,129A 352A ,M,M,D,BF,F , ,N,C,50,0,0,0,1762822,5914205
Auckland,26/09/2014,Fri,1340,DA,CE1CC,410A ,MT,M,D,BF,F , ,N,C,50,0,1,0,1762621,5914186
Auckland,02/06/2014,Mon,2030,EA,CE1C,129A ,M,R,D,DO,F , , ,N,50,0,0,0,1754706,5917280
Auckland,16/12/2014,Tue,2041,EA,CS14,129A 352A 903 ,M,R,D,DO,FS, , ,N,50,0,0,0,1747881,5926903
Auckland,18/07/2014,Fri,2222,DC,CN2,111A 131A 514A ,KT,R,D,DO,F ,T,S,C,50,0,0,0,1746910,5913236
Auckland,06/04/2014,Sun,1100,MG,CS1C,371B 512B ,,R,D,B ,F , ,N,C,50,0,0,0,1749398,5911367
Auckland,16/02/2014,Sun,2130,DB,CN1C,103A ,M,E,D,DO,F , ,N,C,50,0,0,0,1766825,5917901
Auckland,26/06/2014,Thu,2319,CB,CN1,103A 357A 512A ,P,R,W,DO,F ,T,N,C,50,0,0,1,1766879,5917801
Auckland,26/10/2014,Sun,830,HA,CN1C,322A ,,R,D,OF,F ,X,T,C,50,0,0,0,1767644,5904284
Auckland,12/11/2014,Wed,2100,DB,CN1,103A 341A 359A ,IP,E,D,DO,F , , ,R,50,0,0,0,1767593,5904361
Auckland,10/06/2014,Tue,1340,HA,CS1C,316B 925 ,,R,W,O ,L ,D,N,C,50,0,0,0,1767494,5904594
Auckland,09/01/2014,Thu,1230,FB,CW2C,102A 181A 331A 102B 191B 501B ,,R,D,B ,F ,X,G,R,50,0,0,1,1767493,5904609
Auckland,30/07/2014,Wed,2015,FB,VE1C,181A ,,R,W,DO,F ,T,S,C,50,0,0,0,1751568,5933951
Auckland,23/05/2014,Fri,1518,NA,CS1EE,712B 713B 712C 713C ,,E,D,ON,F ,T,N,N,50,0,1,1,1759615,5916366
Auckland,24/09/2014,Wed,245,EA,CS1V,112A 129A ,M,R,D,DO,F , ,N,N,50,0,0,0,1770269,5900514
Auckland,17/03/2014,Mon,1652,FD,CW1C,181A 402A ,,R,D,B ,F , , ,P,50,0,0,0,1745494,5920824
Auckland,03/05/2014,Sat,2036,DA,CE1,101A 131A ,G,M,D,DF,F , ,N,C,70,0,0,0,1745513,5920832
Auckland,15/08/2014,Fri,1914,FA,CN1C,331A 350A ,,E,D,DO,F , , ,N,100,0,0,3,1745425,5920730
Auckland,15/11/2014,Sat,2222,DB,CW1,111A 131A 901 ,F,M,W,DO,H , , ,P,50,0,0,0,1744251,5921725
Auckland,23/12/2014,Tue,1612,BB,4W1C,124A 687A ,,M,D,B ,F ,X,T,C,50,0,0,0,1744461,5921676
Auckland,06/08/2014,Wed,1432,FA,CN1C,112A ,,R,D,B ,F , , ,P,50,0,0,2,1745113,5918180
Auckland,04/04/2014,Fri,1315,AO,CS1C,372A ,,R,D,B ,F , , ,C,50,0,0,0,1745405,5920420
Auckland,17/06/2014,Tue,2131,MC,CN1C,103B 372B 801 ,,R,W,DO,L , , ,C,50,0,0,2,1745405,5920420
Auckland,19/07/2014,Sat,119,AA,VS1V,330A 372A ,,E,D,DO,F , , ,C,50,0,0,0,1745405,5920420
Auckland,15/05/2014,Thu,1242,FD,CS1CV,331A 351A 181B ,,R,D,B ,L , , ,P,50,0,0,2,1745317,5920034
Auckland,28/03/2014,Fri,946,LB,CN1C,303B 375B ,,R,D,B ,F ,T,G,C,50,0,0,1,1745320,5920124
Auckland,31/12/2014,Wed,2311,LB,CN1C,191A 303B 375B ,,R,D,DO,F ,T,G,C,50,0,0,0,1745320,5920124
Auckland,20/09/2014,Sat,1037,LB,CN14,302B 375B ,,R,D,B ,F ,T,G,C,50,0,0,0,1745320,5920124
Auckland,01/09/2014,Mon,1315,LB,CS1C,303A 375A 926 ,,R,W,O ,F ,D,N,P,50,0,0,0,1745187,5918764
Auckland,09/10/2014,Thu,1335,MO,CS1C,371A 386A 927 ,M,R,W,B ,F ,D,N,N,50,0,0,0,1745187,5918764
Auckland,09/06/2014,Mon,1735,GF,CS1C,381A 817 ,,R,W,DO,L ,T,T,C,50,0,0,0,1745478,5920597
Auckland,20/03/2014,Thu,957,KA,TS14,322A ,,R,D,BF,F ,T,T,R,50,0,0,0,1745478,5920597
Auckland,18/03/2014,Tue,1930,KB,4N1C,322A 361A ,,R,D,DO,F ,T,T,C,50,0,0,0,1745478,5920597
Auckland,03/08/2014,Sun,1415,MC,CN1C,372B ,,R,W,O ,L , , ,P,50,0,0,0,1745133,5918344
Auckland,02/01/2014,Thu,1800,MB,CS1V,303B 375B ,,R,D,BF,F , ,N,P,50,0,0,0,1745137,5918368
Auckland,17/04/2014,Thu,1606,JA,CS1C,197A 197B 308B 377B 927 ,,R,D,BF,F ,D, ,N,50,0,0,0,1745146,5918438
Auckland,24/03/2014,Mon,545,MC,VS1C,372B 375B 930 ,,R,D,DO,F ,D,T,C,50,0,0,1,1745128,5918304
Auckland,16/01/2014,Thu,1630,FE,CS1C,181A ,,R,D,OF,F ,T,T,C,50,0,0,0,1745130,5918319
Auckland,13/05/2014,Tue,1415,FD,CS1CV,181A 331A ,,R,D,B ,F , , ,P,50,0,0,0,1745318,5920082
Auckland,20/01/2014,Mon,1630,MC,CS1C,372B ,,R,D,O ,F , ,N,C,50,0,0,0,1745314,5919967
Auckland,15/04/2014,Tue,1237,MC,CN1V,353B 372B ,,R,D,OF,F , ,N,C,50,0,0,0,1745313,5919942
Auckland,05/09/2014,Fri,1134,MO,VS1C,381A 929 ,,R,D,BF,F , ,N,C,50,0,0,0,1745307,5919782
Auckland,12/08/2014,Tue,1703,LB,CN14,303B 314B 377B 922 ,,R,D,OF,F ,D,N,C,50,0,0,0,1745274,5919460
Auckland,12/08/2014,Tue,1640,LB,CN1C,303B 375B 922 ,,R,D,O ,F ,D,N,C,50,0,0,0,1745276,5919480
Auckland,12/12/2014,Fri,1219,LB,CN1C,314B 377B 922 ,,R,D,B ,F ,D, ,C,50,0,0,0,1745276,5919480
Auckland,18/06/2014,Wed,1240,LB,CN1C,303B 922 ,,R,D,O ,F ,D,N,C,50,0,0,3,1745250,5919251
Auckland,20/10/2014,Mon,1630,FA,CS1C,181A 926 ,,R,D,B ,F ,D,N,C,50,0,0,0,1745240,5919172
Auckland,15/03/2014,Sat,1351,FD,4N1CCC,181A ,,R,W,OF,L , ,N,C,50,0,0,3,1745222,5919040
Auckland,30/08/2014,Sat,850,FE,CN1C,181A 334A ,,R,D,B ,F ,X,T,C,50,0,0,1,1745242,5919188
Auckland,14/02/2014,Fri,1100,FE,CS1C,181A ,M,R, , F,F ,T,T,C,50,0,0,0,1745084,5917954
Auckland,24/02/2014,Mon,1130,AA,VS1C,372A ,,R,D,BF,F , ,N,C,50,0,0,0,1745084,5917954
Auckland,30/05/2014,Fri,843,AA,CS1V,372A ,,R,D,BF,F , ,N,C,50,0,0,0,1745095,5918038
Auckland,22/07/2014,Tue,1454,AC,TS1C,671A ,,R,D,BF,F , ,N,C,50,0,0,0,1745079,5917914
Auckland,08/05/2014,Thu,1812,FD,CS1CC,181A ,,R,D,DO,F ,T,T,C,50,0,0,2,1745082,5917939
Auckland,14/05/2014,Wed,1325,FE,4S1C,181A ,,R,W,O ,H ,T,T,C,50,0,0,0,1745082,5917939
Auckland,30/04/2014,Wed,1810,AA,CS14,372A 112B ,,R,D,DO,F ,X,T,C,50,0,0,0,1745063,5917751
Auckland,07/12/2014,Sun,1712,FE,CS1C,331A 351A ,,R,D,B ,F ,X,T,P,50,0,0,0,1745243,5919198
Auckland,03/01/2014,Fri,1035,LB,CN1V,314B 377B 922 ,,R,D,B ,F ,D, ,C,50,0,0,0,1745276,5919486
Auckland,27/11/2014,Thu,1550,AA,CN1C,352A 372A ,,R,D,BF,F , ,N,R,50,0,0,0,1745235,5919139
Auckland,01/05/2014,Thu,1215,KB,CS1C,308B 314B 377B 924 ,,R,D,BF,F ,D,N,P,50,0,0,0,1745234,5919129
Auckland,29/07/2014,Tue,545,AA,CN1V,372A ,,R,D,DO,F ,X,T,C,50,0,0,0,1745378,5920378
Auckland,24/01/2014,Fri,2047,AC,CS1C,372A 381A ,,R,D,TO,F ,X,T,C,50,0,0,0,1745306,5919757