TLANAME,CRASHDATE,CRASHDOW,CRASHTIME,MVMT,VEHICLES,CAUSES,OBJECTSSTRUCK,ROADCURVE,ROADWET,LIGHT,WTHRa,JUNCTYPE,TRAFCTRL,ROADMARK,SPDLIM,CRASHFATALCNT,CRASHSEVCNT,CRASHMINCNT,EASTING,NORTHING
Auckland,27/09/2014,Sat,615,CB,CE1,101A 410A ,S,R,D,TO,F , , ,C,50,0,0,0,1763860,5908894
Auckland,30/08/2014,Sat,750,FE,CE1C,181A ,,R,D,BF,F , ,T,C,50,0,0,0,1763890,5908894
Auckland,01/02/2014,Sat,1520,BE,4W1T44,125A 402A 410A ,,R,D,B ,F , ,N,C,50,0,0,0,1763930,5908899
Auckland,10/02/2014,Mon,1446,MC,4E1C,372B 517B ,,E,D,BN,F , ,N,C,50,0,0,0,1764017,5908921
Auckland,14/06/2014,Sat,1211,FE,4W1C,331A 350A ,,R,D,B ,F ,X,T,C,50,0,0,0,1763695,5908892
Auckland,06/12/2014,Sat,705,CB,VW1,412A ,F,R,D,BF,F ,T,T,C,50,0,0,0,1764270,5908977
Auckland,29/12/2014,Mon,1200,FE,CE1CC,150A 331A ,,R,D,B ,F ,T,T,C,50,0,0,0,1764270,5908977
Auckland,26/11/2014,Wed,2230,FD,CE1C,181A ,,R,D,DO,F , ,N,C,80,0,0,0,1764230,5908972
Auckland,13/06/2014,Fri,2310,BC,CN2C,122A 414A ,,E,D,DO,F ,T,T,N,50,0,0,1,1764279,5908979
Auckland,11/07/2014,Fri,2215,FD,CS1CC,104A 130A ,,R,D,DO,F ,T,T,L,50,0,0,0,1763386,5908453
Auckland,01/02/2014,Sat,857,LB,CS1C,303B 375B ,,R,D,BF,F ,T,T,L,50,0,2,0,1763378,5908440
Auckland,12/12/2014,Fri,1700,FE,CS1C,181A 410A ,,R,D,O ,F ,T,T,R,50,0,0,0,1763378,5908440
Auckland,28/05/2014,Wed,615,FE,CN1CC,331A 645A ,,R,D,OF,F ,T,T,C,50,0,0,1,1763378,5908440
Auckland,10/06/2014,Tue,1811,LB,CS1C,303B 334B 901 ,,R,W,DO,H ,Y,T,C,50,0,0,0,1763378,5908440
Auckland,29/11/2014,Sat,1125,LB,CS1C,303B ,,R,D,BF,F ,T,T,L,50,0,0,1,1763378,5908440
Auckland,08/12/2014,Mon,1905,DC,CE2C,130A 653A ,,R,D,TO,F ,T,S,C,50,0,0,0,1763442,5908545
Auckland,03/03/2014,Mon,745,FD,TE1C,353A 385A ,,R,D,BF,F ,T,T,C,50,0,0,0,1764192,5908968
Auckland,01/11/2014,Sat,2314,LB,VE1C,104B 303B 929 ,,R,D,DO,F ,D,N,C,50,0,1,0,1764130,5908949
Auckland,20/03/2014,Thu,550,EA,CE1V,129A ,M,R,D,DO,F , , ,L,50,0,0,0,1763994,5908915
Auckland,11/04/2014,Fri,1440,GF,CW1T,386A 503A ,,E,D,O ,F ,T,T,C,50,0,0,0,1763695,5908892
Auckland,08/10/2014,Wed,825,LB,CE1C,303B 322B ,,R,D,O ,F ,X,T,C,50,0,0,0,1763695,5908892
Auckland,04/05/2014,Sun,2221,DB,CW2,103A 131A ,,M,D,DO,F ,T,N,C,50,0,0,0,1757088,5944854
Auckland,22/09/2014,Mon,1000,BO,CE2S,434A ,,R,D,B ,F ,T,N,C,50,0,0,1,1742991,5921376
Auckland,16/02/2014,Sun,2359,EA,CS1C,129A ,M,R,D,DO,L , , ,C,50,0,0,0,1752729,5928588
Auckland,27/07/2014,Sun,1800,FD,CW1C,181A ,,R,W,OF,F ,T,N,P,50,0,0,0,1753177,5928760
Auckland,29/03/2014,Sat,755,DA,CW1,136A 350A 620A ,S,E,D,BF,F ,X,T,C,50,0,0,0,1753157,5928764
Auckland,08/01/2014,Wed,707,JA,TW1C,322A ,,E,D,BF,F ,T,T,C,50,0,0,0,1753157,5928764
Auckland,21/11/2014,Fri,1920,MA,CW1C,381B ,,R,D,BF,F , ,N,C,50,0,0,1,1753576,5928789
Auckland,23/11/2014,Sun,51,DA,CN1,103A 111A 131A ,,M,W,DO,L ,T,G,C,50,0,0,0,1752192,5928168
Auckland,07/06/2014,Sat,408,CC,CW1CC,101A 410A 801 ,M,R,W,DO,L , , ,C,50,0,0,1,1752438,5928270
Auckland,01/05/2014,Thu,1718,FE,CW1C,110A 331A ,G,R,D,TO,F ,T,T,C,100,0,0,0,1767780,5903864
Auckland,08/09/2014,Mon,950,EA,4N1C,129A ,M,R,D,BF,F , ,N,C,50,0,0,0,1758367,5917371
Auckland,08/06/2014,Sun,1300,FD,CN1C,331A 352A ,,R,D,BF,F ,X,G,P,50,0,0,0,1758092,5915397
Auckland,09/04/2014,Wed,710,NA,CN1E,711B 712B ,,R,D,BF,F ,T,N,C,50,0,0,1,1758095,5915407
Auckland,26/12/2014,Fri,2145,MO,CS1,101A 112A 136A 613A ,P,R,D,DO,F ,T,G,P,50,0,0,0,1758090,5915387
Auckland,26/05/2014,Mon,2217,FA,CN1C,181A 331A ,,R,D,DO,F , ,N,C,50,0,0,2,1758212,5916153
Auckland,11/12/2014,Thu,1436,MA,BE1C,373A 671A ,,R,D, F,  , ,N,C,50,0,0,0,1758222,5916238
Auckland,10/02/2014,Mon,1743,BE,CS1C,125A 410A ,,R,D,B ,F ,T,G,P,50,0,0,2,1758210,5916139
Auckland,05/05/2014,Mon,1545,FD,CS1C,181A ,,R,W,OF,F ,T,G,C,50,0,0,0,1758210,5916139
Auckland,13/10/2014,Mon,1800,HA,CN1C,302A 375A ,,E,D,B ,F ,R,G,C,50,0,0,0,1758227,5913409
Auckland,24/09/2014,Wed,1220,EC,CN1C,129A 386A ,M,R,D,B ,F ,T,G,C,50,0,0,0,1758088,5915374
Auckland,14/01/2014,Tue,800,NA,CN1E,711B 714B ,,R,D,B ,F , , ,C,50,0,0,1,1758324,5917155
Auckland,19/06/2014,Thu,930,MA,MN1C,373B 671B ,,R,D,BF,F , ,N,P,50,0,0,0,1758325,5917160
Auckland,12/06/2014,Thu,1756,FD,CS1C,181A 331A ,,R,D,DO,F , , ,C,70,0,0,0,1758333,5917200
Auckland,07/03/2014,Fri,745,GB,CN1C,172B ,,R,D,TF,F ,T,G,P,50,0,0,0,1758193,5915991
Auckland,20/01/2014,Mon,1500,FD,VS1CC,181A 350A ,,R,D,O ,F ,T,G,C,50,0,1,0,1757988,5914846
Auckland,27/11/2014,Thu,1540,AO,CN1C,129A ,,R,D,B ,F , , ,P,50,0,0,0,1758243,5916556
Auckland,05/05/2014,Mon,810,FD,PN1C,181A ,,R,D,O ,F ,T,G,C,50,0,0,0,1758244,5916571
Auckland,27/08/2014,Wed,1837,FD,CN1CC,181A ,,R,D,DO,F ,T,S,C,50,0,0,0,1758055,5915218
Auckland,12/12/2014,Fri,1615,AC,CN14,372A ,,R,D,BF,F ,T,G,C,50,0,0,0,1758055,5915208
Auckland,27/04/2014,Sun,1700,NA,CS1E,194A 711B ,,R,D,O ,F , , ,C,50,0,0,1,1769435,5880476
Auckland,08/08/2014,Fri,1045,EA,CN1V,129A 341A ,M,R,D,BF,F , ,N,P,50,0,0,1,1769415,5880594
Auckland,17/12/2014,Wed,1740,LB,CS1C,303B 377B ,,R,W,TF,L ,T,G,C,50,0,0,0,1758011,5914933
Auckland,01/08/2014,Fri,1640,LB,VS1C,303B 377B ,,R,D,BF,F ,T,G,C,50,0,0,0,1758011,5914933
Auckland,07/11/2014,Fri,815,HA,SN1V,204A 308B 929 ,,R,D,BF,F ,D,N,C,50,0,1,0,1758062,5914336
Auckland,10/09/2014,Wed,1937,FD,CS1CC,181A 507A ,,R,D,DO,F ,M,T,C,50,0,0,0,1758114,5915506
Auckland,28/04/2014,Mon,817,NA,CS1E,713B ,,R,D,B ,F ,X,T,P,50,0,1,0,1758115,5915516
Auckland,18/07/2014,Fri,2030,NB,CS1E,711B 720B ,,R,D,DO,L ,M,T,C,50,0,0,0,1758115,5915516
Auckland,09/06/2014,Mon,1250,NA,CS1E,711B ,,R,D,OF,F , ,N,C,50,0,0,0,1758119,5915535
Auckland,11/12/2014,Thu,1130,AO,CS1V,381A ,,R,D,BF,F , ,N,C,50,0,0,0,1758127,5915585
Auckland,25/09/2014,Thu,949,LB,CS14,303B 375B 929 ,,R,D,B ,F ,D, ,P,50,0,0,2,1758130,5915604
Auckland,05/03/2014,Wed,1550,AA,CN1C,382A ,,R,D,BF,F , ,N,C,50,0,0,0,1758107,5915466
Auckland,26/03/2014,Wed,905,MB,CS1C,303B 375B ,,R,D,BF,F , ,N,C,50,0,0,0,1758105,5915457
Auckland,01/04/2014,Tue,1745,NA,CN1E,711B 714B ,,R,D,B ,F , , ,P,50,0,0,1,1758102,5915437
Auckland,13/06/2014,Fri,745,AA,CN1C,353A 372A ,,R,D,BF,F , ,N,C,50,0,0,0,1758079,5915340
Auckland,04/09/2014,Thu,1730,FE,CN1C,181A ,,R,D,DO,F ,X,T,C,50,0,0,0,1758110,5915486
Auckland,27/06/2014,Fri,1700,GF,MW2C,381A ,,R,D,BF,F ,X,T,C,60,0,0,0,1758110,5915486
Auckland,04/12/2014,Thu,1250,FE,CN1CC,181A ,,R,D,OF,F ,X,T,C,50,0,0,1,1758110,5915486
Auckland,20/04/2014,Sun,2030,FE,CN1CC,181A 331A 402A ,,R,D,DO,F ,X,T,P,50,0,0,0,1758110,5915486
Auckland,03/05/2014,Sat,1320,AC,CW2C,159A ,,R,D,B ,F ,X,T,R,50,0,0,0,1758110,5915486
Auckland,22/01/2014,Wed,1510,GA,CS1C,181A 331A ,,R,D,B ,F ,X,T,C,50,0,0,1,1758110,5915486
Auckland,03/09/2014,Wed,1930,AO,TN1C,129A ,,R,D,O ,L ,X,T,C,50,0,0,0,1758110,5915486
Auckland,25/06/2014,Wed,1520,FD,CN14,331A 352A ,,R,W,OF,L ,T,G,C,50,0,0,0,1769369,5880861
Auckland,19/12/2014,Fri,1045,JA,CN1C,173A 927 ,,R,D,B ,F ,D,N,C,50,0,0,0,1769377,5880807
Auckland,21/10/2014,Tue,1320,FD,CN1VVC,331A 352A ,,R,D,OF,F , ,N,P,50,0,0,3,1758226,5916291
Auckland,30/08/2014,Sat,2225,FD,CN14C,181A 359A 181B ,,R,W,DO,H ,T,N,C,50,0,0,1,1758222,5916241
Auckland,19/06/2014,Thu,1515,AA,CS1C,372A ,,R,D,B ,F ,T,G,C,50,0,0,0,1758208,5916114
Auckland,26/02/2014,Wed,919,NA,TN1E,711B ,,R,D,BF,F ,T,G,P,50,0,1,0,1758151,5915728
Auckland,01/12/2014,Mon,1428,EE,SN1C,374B ,M,R,D,BF,F ,T,G,C,50,0,0,0,1758170,5915853
Auckland,24/04/2014,Thu,1300,FD,CN1C,181A ,,R,D,BF,F ,T,G,C,50,0,0,0,1758170,5915853
Auckland,31/03/2014,Mon,1715,AO,CS1C,372A ,,R,D,B ,F , , ,C,50,0,0,0,1758295,5917009
Auckland,27/05/2014,Tue,1200,FD,CN1CCC,181A 181B 181C ,,R,D,B ,F ,T,G,C,50,0,0,2,1758286,5916970
Auckland,31/10/2014,Fri,1525,FC,CN1C,112A 181A 331A ,,R,D,O ,F , , ,X,50,0,0,0,1769350,5880978
Auckland,17/08/2014,Sun,1030,EA,TS14,386A 402A 929 ,M,R,D,B ,F ,D, ,C,50,0,0,0,1769399,5880682
Auckland,28/10/2014,Tue,2038,MA,CN1C,373B ,,R,W,DO,L , ,N,P,50,0,0,0,1758208,5913512
Auckland,14/08/2014,Thu,1155,HA,4S1P,302A ,,E,W,O ,L ,R,G,R,50,0,0,1,1758227,5913409
Auckland,21/06/2014,Sat,755,HA,CE2C,302A ,,R,D,B ,F ,R,G,R,50,0,0,0,1758212,5913424
Auckland,19/07/2014,Sat,2130,CA,CN1,130A ,S,R,W,DO,L ,R,G,P,50,0,0,0,1758215,5913412
Auckland,21/11/2014,Fri,1300,JA,CS1T,302B 377B 839 ,,R,D,BF,F ,T,G,P,50,0,0,0,1758270,5916880
Auckland,17/04/2014,Thu,525,HA,CE2C,302A 375A ,,R,W,DO,L ,R,G,R,50,0,0,0,1769484,5880134
Auckland,11/11/2014,Tue,930,KB,CS1C,308B 375B 923 ,,R,D,OF,F ,D,N,C,50,0,0,0,1757998,5914704
Auckland,15/08/2014,Fri,1750,LB,PN1C,303B ,,M,D,DO,F ,T,G,C,50,0,0,1,1758059,5915122
Auckland,13/08/2014,Wed,2051,BA,XN1C,125A 410A ,,R,W,DO,L ,T,G,C,50,0,0,0,1758059,5915122
Auckland,11/04/2014,Fri,1615,EA,CN1C,386A ,M,R,D,B ,F , ,N,C,80,0,0,0,1758308,5917072
Auckland,08/02/2014,Sat,1249,FD,CS1C,331A 358A ,,R,D,BF,F ,Y,T,C,50,0,0,0,1757972,5914791
Auckland,12/09/2014,Fri,1825,DB,CS1C,111A 131A 801 ,,M,W,DO,L ,T,T,R,50,0,0,0,1757971,5914786
Auckland,21/12/2014,Sun,1330,JA,CS1C,308B 926 ,,R,D,B ,F ,D,N,P,50,0,0,0,1758136,5915643
Auckland,24/07/2014,Thu,1215,FD,VS1C4,181A 181B 801 ,,R,W,O ,L , , ,P,50,0,0,0,1758141,5915672
Auckland,09/05/2014,Fri,1042,MC,CS1C,372B ,,R,D,B ,F ,T,G,C,50,0,0,0,1758128,5915593
Auckland,25/07/2014,Fri,1340,AO,CS1C,151A 173A 330A ,,R,D,B ,F ,T,T,P,50,0,0,0,1758128,5915593
Auckland,17/06/2014,Tue,810,FA,CN1C,181A ,,R,D,O ,F , , ,C,50,0,0,0,1758229,5916346
Auckland,14/05/2014,Wed,1520,FD,CN1C,181A ,,R,W,O ,F , ,N,C,80,0,0,0,1758226,5916306
Auckland,15/07/2014,Tue,2104,JC,CS1C,322A 330A ,,R,D,DO,F ,X,T,C,50,0,0,1,1758419,5912918
Auckland,26/05/2014,Mon,615,DA,CW2,111A 131A 423A ,HK,M,W,DO,L ,X,T,P,50,0,0,0,1758419,5912918
Auckland,17/03/2014,Mon,1210,JA,MN1C,308B 375B 925 ,,R,D,B ,F ,D,S,P,50,0,0,1,1758193,5913589
Auckland,12/12/2014,Fri,1735,JA,CS1C,301B 330B ,,R,D,O ,F ,T,S,P,50,0,0,1,1758195,5913579
Auckland,16/10/2014,Thu,1515,JC,CN1C,301A 375A 402A ,,R,D,B ,F ,T,S,C,50,0,0,0,1758195,5913579
Auckland,23/08/2014,Sat,245,EO,CN1,512A 517A ,X,R,D,DO,F ,T,S,R,50,0,0,0,1758195,5913579
Auckland,07/10/2014,Tue,1648,LB,CS1C,303B ,,R,D,B ,F ,T,G,C,50,0,0,0,1758247,5916600
Auckland,29/10/2014,Wed,1525,LB,CS1C,314B 377B ,,R,D,OF,F ,T,G,P,50,0,0,0,1758247,5916600
Auckland,02/10/2014,Thu,1215,LB,CW1C,322A 402A ,,R,D,O ,F ,X,T,R,60,0,0,0,1767299,5904135
Auckland,05/09/2014,Fri,1700,JC,CN2C,302A 375A ,,R,D,OF,F ,X,G,C,50,0,0,0,1767647,5904272
Auckland,22/06/2014,Sun,1322,GB,CE1C,172B 358B ,,R,D,BF,F ,X,T,C,60,0,0,0,1767774,5904295
Auckland,06/04/2014,Sun,2224,FB,CE1C,181A ,,R,D,DO,F ,M,G,R,50,0,0,0,1767774,5904295
Auckland,16/05/2014,Fri,1716,MO,CS1C,371B 386B ,,R,D,B ,F ,X,T,C,60,0,0,0,1766801,5904019
Auckland,24/11/2014,Mon,945,FE,VW1C,181A 331A 801 ,,R,W,O ,L ,X,T,C,50,0,0,0,1766792,5904015
Auckland,23/03/2014,Sun,1300,FF,CW1C,191B 357B 510B ,,R,D,BF,F ,X,T,R,50,0,0,0,1767644,5904284
Auckland,18/08/2014,Mon,1559,LB,VE1C,322A 350A ,,R,D,BF,F ,T,T,R,50,0,0,0,1767644,5904284
Auckland,21/01/2014,Tue,1305,JA,CS2C,322A 322B 801 ,,E,W,O ,L ,X,T,R,60,0,0,1,1767294,5904146
Auckland,14/07/2014,Mon,1605,FF,CE1C,428B ,,R,D,OF,F ,X,T,R,50,0,0,0,1767294,5904146
Auckland,06/06/2014,Fri,706,GF,TW1C,381A 671A ,,R,W,BF,F ,T,T,C,60,0,0,0,1767120,5904071
Auckland,04/09/2014,Thu,625,DB,CE1,111A 131A ,G,M,W,B ,F , , ,R,100,0,0,0,1769486,5902016
Auckland,19/10/2014,Sun,120,DB,CN1,111A 131A ,G,S,W,DO,L , ,N,R,100,0,0,0,1769493,5901963
Auckland,14/02/2014,Fri,130,FF,CE1C,181A 434A ,,R,D,DO,F , ,N,C,50,0,0,0,1770519,5899017
Auckland,08/10/2014,Wed,1750,MD,CE1C,308A 371A 929 ,,R,D,O ,F ,D, ,C,50,0,0,0,1770593,5899040
Auckland,10/01/2014,Fri,18,AC,CW1C,112A 381A ,SF,R,D,DO,F , ,N,L,50,0,0,0,1770579,5899036
Auckland,12/05/2014,Mon,705,JA,CE1C,302B ,,R,D,O ,F ,T,G,C,50,0,0,0,1770608,5899045
Auckland,09/06/2014,Mon,1800,CB,CW1,112A 130A 901 ,IP,R,W,DO,H , ,N,R,50,0,0,0,1770746,5899089
Auckland,10/04/2014,Thu,1030,EE,CE1C,374B ,M,R,D,BF,F ,T,T,C,50,0,0,0,1770708,5899077
Auckland,12/11/2014,Wed,1715,GD,CE14,130A 331A 412A 925 ,,R,D,O ,F ,D,N,C,50,0,0,0,1770699,5899074
Auckland,16/12/2014,Tue,1306,NA,VW1E,191A 711B ,,R,D,O ,F ,T,G,C,50,0,0,1,1770718,5899080
Auckland,06/05/2014,Tue,1835,GA,CE1C,103A 181A 929 ,,R,D,DO,F ,D,N,C,50,0,0,0,1771156,5899218
Auckland,07/01/2014,Tue,2043,HA,CS2V,321A 375A ,,R,W,DO,L ,X,S,C,50,0,0,0,1771061,5899188
Auckland,01/08/2014,Fri,750,LB,CW1C,303B ,,R,W,O ,M ,X,S,C,50,0,0,0,1771061,5899188
Auckland,03/06/2014,Tue,902,HA,CE1C,321B 375B ,,R,D,OF,F ,X,S,R,50,0,0,0,1771061,5899188
Auckland,05/08/2014,Tue,804,LB,TN1C,303B 387B ,,R,W,OF,L ,X,S,C,50,0,0,0,1771061,5899188
Auckland,04/02/2014,Tue,1420,HA,CE1C,301B 353B ,,E,D,O ,F ,X,S,R,50,0,0,2,1771061,5899188
Auckland,01/09/2014,Mon,530,HA,CS2C,321A 375A ,,R,W,DO,L ,X,S,C,50,0,0,0,1771061,5899188
Auckland,28/11/2014,Fri,115,CB,CS1C,103A 130A ,M,R,D,DN,F , ,N,C,50,0,0,0,1765754,5900014
Auckland,12/05/2014,Mon,1600,DA,CN1,104A 357A 504A ,C,E,D,O ,F , ,N,C,100,0,1,0,1783926,5914076
Auckland,29/10/2014,Wed,2000,DA,4S1,104A 111A 131A ,P,M,W,DN,L , , ,L,100,0,0,1,1783792,5914487
Auckland,11/01/2014,Sat,1100,BF,VS1C,121A 129A 404A ,,S,D,B ,F , , ,L,100,0,0,2,1783792,5914487
Auckland,22/11/2014,Sat,2340,DB,CS1,111A 131A ,P,M,D,DO,M , ,N,L,50,0,0,0,1780677,5916503
Auckland,14/12/2014,Sun,200,DA,40,101A 111A 131A ,S,M,W,DO,L ,T,N,C,50,0,0,1,1780732,5916586
Auckland,29/11/2014,Sat,600,DC,CW1,103A 111A 130A 632A 801 ,ET,M,W,B ,L ,T,G,C,50,0,0,2,1780732,5916586
Auckland,16/09/2014,Tue,1145,JA,PE1C,302B 375B ,,R,W,B ,F ,T,G,C,50,0,0,1,1781604,5916563
Auckland,14/09/2014,Sun,26,DB,CN1C,103A 131A 410A 801 904 ,FM,M,W,DO,M , , ,C,50,0,0,0,1752959,5947127
Auckland,18/09/2014,Thu,1555,EA,CE1C,129A ,Q,R,D,O ,F , , ,C,50,0,0,0,1770494,5915239
Auckland,10/12/2014,Wed,1013,MO,VE1C,371A 929 ,M,R,D,OF,F ,D,N,C,50,0,0,0,1750191,5913212
Auckland,19/06/2014,Thu,2124,KB,CE1C,308B 929 ,,R,W,DO,L ,D,N,C,50,0,0,0,1749616,5913444
Auckland,02/04/2014,Wed,1517,MO,CN1C,386A ,M,R,D,B ,F , , ,C,50,0,0,0,1755585,5920604
Auckland,19/09/2014,Fri,1600,FA,CN1C,181A 386A ,,R,D,B ,F ,T,S,C,50,0,0,0,1758484,5917379
Auckland,02/05/2014,Fri,1600,HA,CN1S,302A 375A ,,E,D,O ,F ,R,G,C,50,0,0,1,1757789,5924049
Auckland,12/10/2014,Sun,37,DB,CS1C,131A 514A 631A ,,R,D,DO,F ,R,G,R,50,0,0,0,1757786,5924048
Auckland,04/12/2014,Thu,1812,CC,CW1,414A ,HX,R,D,BF,F , ,N,C,50,0,0,0,1755014,5924065
Auckland,08/04/2014,Tue,,MO,CS1C,103A 371A 929 ,,R,D,BN,F ,D,N,L,50,0,0,0,1763448,5909593
Auckland,24/09/2014,Wed,1502,HA,CE2X,301A ,,R,D,B ,F ,X,S,C,50,0,0,0,1757042,5920903
Auckland,06/06/2014,Fri,1350,FD,CE1C,181A ,,R,D,BF,F , ,N,C,50,0,0,0,1758351,5916105
Auckland,19/09/2014,Fri,1512,MO,CN1C,386A ,M,R,D,B ,F , , ,C,50,0,0,0,1758398,5916142
Auckland,30/01/2014,Thu,2134,EA,CE1V,129A 358A ,MT,R,D,DO,F , , ,C,50,0,0,1,1758746,5916406
Auckland,05/11/2014,Wed,849,CB,CS1C4,129A 504A ,QM,R,D,BF,F ,T,S,C,50,0,0,2,1758698,5916369
Auckland,06/06/2014,Fri,2316,HA,CE1V,322B ,,R,D,DO,F ,X,T,C,50,0,0,3,1759075,5916659
Auckland,07/04/2014,Mon,1940,EA,CW1C,129A 358A ,KM,R,D,DO,F , , ,C,50,0,0,0,1758748,5916408
Auckland,04/10/2014,Sat,617,DC,CN2,103A 112A ,GI,R,D,TO,F ,T,T,R,50,0,0,0,1759181,5916738
Auckland,29/10/2014,Wed,1900,EA,CE1C,386A ,M,R,D,O ,F ,T,N,C,50,0,0,0,1758856,5916491
Auckland,25/04/2014,Fri,924,JA,CE1C,322B ,,R,W,BF,F ,T,T,C,50,0,0,0,1759221,5916770
Auckland,11/04/2014,Fri,910,JA,CW1C,301B 375B ,,R,D,B ,F ,T,S,C,50,0,0,0,1759108,5916684
Auckland,17/06/2014,Tue,1005,FE,CE1C,331A ,,R,W,B ,L ,T,T,C,50,0,0,0,1759570,5917047
Auckland,30/06/2014,Mon,1750,LB,CS1C,303B 375B ,,E,W,DO,L ,T,G,C,50,0,0,0,1770246,5910811
Auckland,27/06/2014,Fri,930,EE,CE1C,374B ,M,R,W,BF,F , ,N,N,50,0,0,0,1757179,5919817
Auckland,07/03/2014,Fri,945,HA,CN1C,302A 375A ,,R,D,BF,F ,R,G,R,50,0,0,1,1773190,5896431
Auckland,05/07/2014,Sat,1804,JA,CS2C,302B 375B ,,E,D,DO,F ,R,G,R,50,0,0,0,1773194,5896445
Auckland,17/04/2014,Thu,914,MA,VS1C,373B ,,R,W,O ,F ,T,N,C,50,0,0,0,1773408,5895951
Auckland,19/02/2014,Wed,815,HA,CW2CC,302A 181C ,,E,D,O ,F ,R,G,R,50,0,0,0,1773196,5896437
Auckland,29/04/2014,Tue,1745,MC,CS1V,372B 801 ,,E,W,TO,L , , ,C,50,0,0,0,1767063,5901954
Auckland,02/12/2014,Tue,1851,MO,CS1C,371A ,M,R,D,BF,F , ,N,C,50,0,0,0,1767127,5901834
Auckland,27/09/2014,Sat,400,EA,CW1C,129A ,M,R,D,DO,F , ,N,N,50,0,0,0,1755861,5915636
Auckland,15/03/2014,Sat,1205,EA,CW1C,129A ,M,R,W,OF,L , ,N,C,50,0,0,0,1756396,5915501
Auckland,31/07/2014,Thu,800,BA,CE1C,129A 363A 902 ,Q,R,D,BF,F , ,N,N,50,0,0,1,1756637,5929566
Auckland,10/10/2014,Fri,2312,EC,CW1CCC,103A 129A 359A ,M,E,D,DO,F , , ,C,50,0,0,0,1756560,5929523
Auckland,02/06/2014,Mon,145,CB,CN1,130A ,F,R, ,DO,  , ,N,N,50,0,0,0,1753380,5917649
Auckland,08/10/2014,Wed,1530,MO,CS1C,330A 371A ,M,R,D,B ,F , , ,C,50,0,0,0,1753212,5917451
Auckland,14/08/2014,Thu,830,EA,CE1C,129A ,M,R,W,OF,H , ,N,N,50,0,0,0,1770692,5898787
Auckland,18/02/2014,Tue,1305,DA,CE1V,111A 131A ,M,E,D,BF,F ,T,G,C,50,0,0,0,1763668,5915267
Auckland,03/10/2014,Fri,2230,JO,CS1C,302A ,,R,W,DN,L ,T,G,C,50,0,0,1,1762485,5915595
Auckland,23/08/2014,Sat,1740,KB,CW1C,302B ,,R,D,TF,F ,X,G,C,50,0,0,0,1762336,5915639
Auckland,05/05/2014,Mon,1540,JA,4E1C,308B 375B 927 ,,R,W,O ,L ,D,N,R,50,0,0,0,1763483,5915365
Auckland,09/06/2014,Mon,1555,DC,CW1,131A 427A ,PX,E,W,O ,H , , ,C,50,0,0,0,1763213,5915504
Auckland,09/10/2014,Thu,2120,KB,CW1C,197A 308B 375B 929 ,,R,D,DO,F ,D, ,C,50,0,0,0,1761784,5915800
Auckland,03/12/2014,Wed,435,FA,CW1C,431A 431B ,,E,D,DO,F ,T,N,C,50,0,0,0,1763091,5915533
Auckland,10/10/2014,Fri,911,DA,CS1,130A 501A ,T,M,D,O ,F , , ,C,50,0,0,0,1763034,5915516
Auckland,04/08/2014,Mon,1300,MO,TW1,371A ,P,R,D,B ,F , , ,P,50,0,0,0,1762298,5915650
Auckland,10/06/2014,Tue,930,LB,CS1CV,135B 303B 375B ,,R,W,O ,F ,T,G,C,50,0,0,2,1760464,5906694
Auckland,03/04/2014,Thu,800,KB,CN1C,301B 375B ,,E,D,B ,F ,T,S,C,50,0,0,0,1760573,5906538
Auckland,25/08/2014,Mon,502,DA,CN1,111A 131A 517A ,F,E,D,DO,F ,T,S,R,50,0,0,0,1760573,5906538
Auckland,15/06/2014,Sun,1445,GD,CS1C4,181A 331A 402A 181C 331C ,F,R,D,B ,F ,T,N,C,50,0,0,0,1760628,5906477
Auckland,01/05/2014,Thu,830,GA,CN1C,181A 331A 929 ,,R,D,B ,F ,D,N,C,50,0,0,0,1760584,5906108
Auckland,19/06/2014,Thu,835,MO,CE1C,333A ,,R,D,BF,F , ,N,C,50,0,0,0,1765862,5919120
Auckland,09/06/2014,Mon,1215,FE,CW1C,181A ,,R,W,OF,L ,M,T,C,50,0,0,0,1765838,5919111
Auckland,11/11/2014,Tue,1316,MO,CS1C,371A ,M,R,D,B ,F , , ,C,50,0,0,0,1765961,5919160
Auckland,29/11/2014,Sat,500,CC,4W1,130A 410A ,H,R, ,DO,L , ,N,C,50,0,0,0,1764072,5909814
Auckland,24/09/2014,Wed,1230,FA,TE1C,181A ,,R,D,B ,F , ,N,C,50,0,0,0,1764013,5909777
Auckland,13/04/2014,Sun,1700,DA,CW1V,103A 111A 131A ,FJM,S,D,B ,F , , ,C,50,0,0,0,1763833,5909692
Auckland,05/04/2014,Sat,1950,DA,CW1,111A 131A ,F,S,D,DO,F , , ,C,50,0,0,0,1763839,5909684
Auckland,26/08/2014,Tue,835,MA,VN14C,373B ,M,R,D,B ,F , , ,C,50,0,0,0,1763839,5909684
Auckland,04/04/2014,Fri,1730,MO,CE1C,386A ,M,R,D,B ,F , ,N,C,50,0,0,0,1760115,5914981
Auckland,20/10/2014,Mon,1345,MO,CE1C,371A 423A ,,R,D,B ,F , , ,P,50,0,0,0,1768986,5881018
Auckland,27/11/2014,Thu,2238,DA,CW1,136A 631A ,K,E,D,DO,F ,R,G,R,50,0,0,0,1768934,5881018
Auckland,25/09/2014,Thu,1734,AC,CN1C,101A 372A ,,E,D,O ,F ,T,G,R,50,0,0,0,1761721,5906519
Auckland,28/03/2014,Fri,751,FB,CN1C,181A ,,E,D,BF,F ,T,G,N,50,0,0,0,1761708,5906528
Auckland,09/09/2014,Tue,730,FE,TS1C,181A ,,R,D,OF,F ,M,T,R,50,0,0,0,1761749,5906566
Auckland,02/12/2014,Tue,1600,AA,4N1C,372A ,,R,D,B ,F , , ,C,50,0,0,0,1762257,5907048
Auckland,11/07/2014,Fri,2240,FE,CN1C,181A 330A ,,R,D,DO,F ,X,T,N,50,0,0,0,1762271,5907061
Auckland,05/01/2014,Sun,1110,LB,CS1C,303B 353B ,,R,D,OF,F ,X,T,C,50,0,0,0,1762271,5907061
Auckland,04/04/2014,Fri,1400,LB,CS1C,303B 375B ,,R,D,B ,F ,X,T,C,50,0,1,0,1762271,5907061
Auckland,10/10/2014,Fri,2330,FE,CN1C,331A ,,R,D,DO,F ,X,T,C,50,0,0,1,1762271,5907061
Auckland,14/07/2014,Mon,2311,EA,CS1V,129A ,M,R,W,DO,M , ,N,C,50,0,0,0,1762860,5907625
Auckland,19/03/2014,Wed,750,GD,4N1C,331A 922 ,,R,D,B ,F ,D,N,C,50,0,0,0,1763094,5907979
Auckland,05/10/2014,Sun,2030,JA,CS1C,322A ,,E,D,TO,F ,T,T,C,50,0,0,0,1763121,5908021