TLANAME,CRASHDATE,CRASHDOW,CRASHTIME,MVMT,VEHICLES,CAUSES,OBJECTSSTRUCK,ROADCURVE,ROADWET,LIGHT,WTHRa,JUNCTYPE,TRAFCTRL,ROADMARK,SPDLIM,CRASHFATALCNT,CRASHSEVCNT,CRASHMINCNT,EASTING,NORTHING
Auckland,16/03/2014,Sun,1030,FE,CN1C,181A ,,R,W,O ,L ,T,T,C,50,0,0,1,1763121,5908021
Auckland,26/11/2014,Wed,1207,LB,VS1C,303B 334B ,,R,D,BF,F ,T,T,C,50,0,0,0,1763121,5908021
Auckland,11/07/2014,Fri,630,NA,CN1E,506B 713B 903 ,,R,D,DO,FS, , ,P,50,0,1,0,1762696,5907468
Auckland,29/11/2014,Sat,1315,FD,CS1C,181A ,,R,D,BF,F , ,N,C,50,0,0,0,1762671,5907444
Auckland,25/10/2014,Sat,1650,BA,CS1C,125A ,,R,D,BF,F ,T,G,C,50,0,0,0,1762660,5907434
Auckland,29/03/2014,Sat,1526,MC,CN1C,372A 386A ,,R,D,B ,F ,T,N,C,50,0,0,0,1761884,5906696
Auckland,16/10/2014,Thu,750,FE,CN1M,181A ,,R,D,BF,F ,T,T,R,50,0,0,0,1763373,5908431
Auckland,13/06/2014,Fri,2154,BA,CS14,103A 130A ,,R,D,DO,F ,M,T,C,50,0,0,0,1763378,5908440
Auckland,20/06/2014,Fri,1642,AC,TS1C,372A ,,R,D,B ,F ,T,N,C,80,0,0,0,1763378,5908440
Auckland,02/05/2014,Fri,2300,EA,CE1C,103A 129A ,M,R,D,DO,F , ,N,C,50,0,0,0,1761505,5906338
Auckland,02/11/2014,Sun,1900,AO,CE1C,151A 153A ,,R,D,OF,F ,T,G,P,60,0,0,0,1761545,5906368
Auckland,10/05/2014,Sat,1440,JA,CN1C,112A 150A 302B 314B 377B ,,R,D,O ,F ,T,G,C,50,0,0,1,1762082,5906885
Auckland,26/07/2014,Sat,830,GD,VS1C,112A 333A ,,R,D,O ,F ,T,S,C,50,0,0,1,1762082,5906885
Auckland,08/11/2014,Sat,402,DA,4W1,103A 111A 131A 402A 817 ,FHJ,E,D,DO,F , , ,C,50,0,0,0,1760763,5906055
Auckland,09/08/2014,Sat,106,DC,CS1,101A 112A 514A ,F,R,D,DO,F ,T,S,C,50,0,0,2,1760569,5906081
Auckland,25/05/2014,Sun,2320,DC,CS2C,113A ,FM,R,W,DO,L ,T,S,P,50,0,0,0,1760569,5906081
Auckland,10/02/2014,Mon,1000,LB,CN1C,303A 370A 930 ,,R,D,B ,F ,D, ,C,50,0,0,1,1761705,5906525
Auckland,13/07/2014,Sun,1229,HA,CN1C,322A 334A ,,R,W,B ,F ,X,T,C,50,0,0,0,1761708,5906528
Auckland,06/08/2014,Wed,1930,LB,CW1C,322A ,,R,W,DO,F ,T,T,C,50,0,0,0,1761708,5906528
Auckland,28/01/2014,Tue,1910,HA,CE1C,323A ,,R,D,TF,F ,X,T,C,50,0,0,0,1761708,5906528
Auckland,15/06/2014,Sun,818,LB,CW1C,322A 412A ,,R,D,B ,F ,X,T,R,50,0,0,1,1761749,5906566
Auckland,06/04/2014,Sun,1255,LB,VW1VC,322A ,,R,D,BF,F ,M,T,R,60,0,0,1,1761749,5906566
Auckland,18/09/2014,Thu,559,LB,CS1C,322A 334A ,KK,R,D,TO,F ,X,T,R,50,0,0,0,1761749,5906566
Auckland,26/06/2014,Thu,722,FE,CN1C,331A ,,R,D,OF,F ,T,T,C,50,0,0,0,1761749,5906566
Auckland,09/08/2014,Sat,2358,LB,CS1C,303B ,,R,D,DO,F ,X,T,C,50,0,0,0,1761749,5906566
Auckland,02/10/2014,Thu,1615,GE,VN1C,173A 901 ,,R,W,O ,H ,X,T,C,50,0,0,0,1761749,5906566
Auckland,20/08/2014,Wed,928,GF,CS1C,386A 386B ,,E,D,O ,F ,T,T,C,50,0,0,1,1761749,5906566
Auckland,21/10/2014,Tue,1815,AC,CS1C,372A ,,R,W,O ,L , , ,P,50,0,0,0,1763192,5908137
Auckland,07/11/2014,Fri,1245,GD,BS1C,331A 927 ,,R,D,BF,F ,D,N,C,50,0,0,1,1763176,5908111
Auckland,16/08/2014,Sat,120,DA,CE1C,129A ,M,E,D,DO,F , ,N,P,50,0,0,0,1761182,5906121
Auckland,24/11/2014,Mon,145,CB,CW1,112A 517A ,P,R,D,DO,F ,T,G,C,50,0,0,0,1761083,5906106
Auckland,01/10/2014,Wed,1935,EC,CE1,330A 350A 817 ,R,R,D,DO,F , ,N,C,50,0,0,0,1760944,5906083
Auckland,06/06/2014,Fri,1615,AA,CS1V,372A ,,R,D,O ,F , , ,C,50,0,0,0,1761887,5906700
Auckland,14/12/2014,Sun,1602,NA,CS1E,713B 727B ,,R,D,O ,F ,X,T,C,50,0,0,1,1761877,5906689
Auckland,25/01/2014,Sat,2105,FE,CN1C,101A 331A 101 331 ,,R,D,DO,F ,X,T,C,50,0,0,0,1761877,5906689
Auckland,25/08/2014,Mon,815,FB,CN1C,181A ,,R,D,BF,F ,X,G,C,50,0,0,0,1761877,5906689
Auckland,26/06/2014,Thu,1750,FD,CN1C,331A 801 ,,R,W,DO,L , , ,C,50,0,0,0,1763248,5908226
Auckland,03/12/2014,Wed,1915,JA,CS1C,308A 314A 927 ,,R,D,B ,F ,D,N,C,50,0,0,0,1763192,5908137
Auckland,23/05/2014,Fri,1230,JA,4E1C,308B 370B 927 ,,R,D,B ,F ,D, ,C,50,0,0,0,1763251,5908230
Auckland,19/12/2014,Fri,720,FA,4E1V,331A ,,R,D,B ,F , , ,C,50,0,0,0,1763235,5908205
Auckland,16/08/2014,Sat,2044,JA,CN1C,324A ,,R,D,DO,F ,X,T,C,50,0,0,0,1763261,5908247
Auckland,16/03/2014,Sun,30,BF,CN1C,130A ,,R,W,DO,F ,X,T,C,50,0,0,0,1763261,5908247
Auckland,15/07/2014,Tue,635,FE,CN1C,181A ,,R,D,DO,F ,X,T,C,50,0,0,0,1763261,5908247
Auckland,11/10/2014,Sat,120,LB,CS1C,102A 322A 334A ,,R,D,DO,F ,X,T,R,50,0,0,0,1761708,5906528
Auckland,15/04/2014,Tue,542,FE,CW1C,103A 331A ,,R,D,DO,F ,X,T,C,50,0,0,0,1761708,5906528
Auckland,31/01/2014,Fri,1645,GE,CE1V,173A 200A ,,R,D,B ,F ,M,T,C,50,0,0,0,1761708,5906528
Auckland,25/11/2014,Tue,1110,FD,TN1C,181A 331A 353A ,,R,D,B ,F , , ,C,50,0,0,0,1762832,5907599
Auckland,09/09/2014,Tue,940,KA,CS1C,112A 514A 517A ,,R,D,B ,F ,T,S,C,50,0,0,0,1762954,5907755
Auckland,14/09/2014,Sun,259,DB,CN1,103A 111A ,F,M,W,DO,F ,T,G,C,50,0,0,0,1762954,5907755
Auckland,30/09/2014,Tue,730,GD,TS1C,129A 386A ,,R,D,DO,F ,T,G,C,50,0,0,0,1762954,5907755
Auckland,07/06/2014,Sat,,PO,CE1E,357A 722B ,,R,D,DO,F , , ,C,50,0,1,0,1759930,5906266
Auckland,21/01/2014,Tue,2030,LB,CS1C,322A 334A 404A ,,R,D,TO,F ,T,T,R,50,0,0,2,1761615,5906434
Auckland,27/03/2014,Thu,900,LB,CN1C,303B 314B 377B ,,R,D,BN,F ,T,G,C,50,0,0,0,1763074,5907946
Auckland,09/01/2014,Thu,1710,AO,BS1C,386A ,,E,D,O ,F ,T,G,C,50,0,0,0,1763074,5907946
Auckland,28/08/2014,Thu,855,BB,CE2C,129A ,,R,D,BF,F ,T,G,R,50,0,0,0,1763074,5907946
Auckland,08/03/2014,Sat,2330,CC,CW1,112A 431A ,FP,R,D,DO,F ,T,N,P,50,0,0,2,1762731,5907502
Auckland,28/02/2014,Fri,1745,FA,CS1C,181A 331A ,,R,D,B ,F ,T,G,C,50,0,0,0,1762745,5907515
Auckland,19/03/2014,Wed,1825,BE,CN1T,130A 402A 412A ,,R,D,DF,F , , ,C,50,0,0,1,1762178,5906975
Auckland,11/05/2014,Sun,1329,NA,CE1E,726B ,,R,D,B ,F , , ,P,50,0,0,1,1762568,5907346
Auckland,21/07/2014,Mon,1650,MF,CN1V,371B ,,E,W,O ,F ,T,N,C,50,0,0,0,1762550,5907328
Auckland,27/02/2014,Thu,1155,MF,CN1C,371B ,,R,D,BF,F , ,T,X,50,0,0,0,1762535,5907315
Auckland,06/04/2014,Sun,2115,NA,CN1E,713B 718B ,,R,D,DO,F , ,T,X,50,0,0,1,1762510,5907290
Auckland,02/03/2014,Sun,600,GE,CE1C,157A 160A 922 ,,R,D,B ,F ,D,N,C,50,0,0,0,1759888,5906264
Auckland,27/09/2014,Sat,2215,DB,CW1,111A 131A 801 901 ,F,S,W,DN,H , , ,C,80,0,0,0,1750886,5973715
Auckland,06/04/2014,Sun,117,MO,CW1,103A 371A 929 ,V,R,D,DN,F ,D,N,N,80,0,0,0,1748967,5971343
Auckland,24/10/2014,Fri,910,JB,CN2C,370A 301B 308B 402B 926 ,,M,D,B ,F ,D,N,R,50,0,0,0,1748942,5970756
Auckland,08/08/2014,Fri,2240,CC,VS1,103A 130A 358A 801 ,CV,R,W,DN,L , , ,C,80,0,0,0,1748941,5970756
Auckland,06/04/2014,Sun,1105,AC,4S14,181A 333A ,,R,D,BF,F ,T,G,C,50,0,0,0,1748978,5970820
Auckland,11/04/2014,Fri,1445,NA,CS1E,713B ,,R,D,BF,F , ,N,C,50,0,0,1,1753496,5974947
Auckland,03/02/2014,Mon,1520,CB,4N1,130A 631A ,C,R,D,B ,F , , ,C,80,0,0,0,1753225,5974265
Auckland,19/02/2014,Wed,1517,DA,4N1,111A 131A ,C,E,D,B ,F , ,N,C,50,0,0,0,1752312,5978582
Auckland,03/12/2014,Wed,855,FA,CN1C,181A 331A ,,R,D,B ,F , ,G,C,100,0,0,0,1752588,5977687
Auckland,20/08/2014,Wed,900,EA,TE1C,129A ,M,R,D,BF,F , ,N,N,50,0,0,0,1764629,5913192
Auckland,02/10/2014,Thu,845,PC,CE1E,371A 834 929 ,,R,D,O ,F ,D, ,N,50,0,1,0,1766128,5914591
Auckland,16/07/2014,Wed,615,KB,CE1C,308B 929 ,,R,W,TN,M ,D,N,N,50,0,0,0,1765843,5914681
Auckland,19/03/2014,Wed,1930,CC,VS1C,125A 129A ,M,R,D,O ,F , ,N,C,50,0,0,0,1746191,5921517
Auckland,28/05/2014,Wed,545,MO,CN1C,386A ,M,R,D,DO,F , , ,C,50,0,0,0,1756087,5916073
Auckland,23/08/2014,Sat,757,EA,CN1C,410A ,M,R,D,B ,F , , ,C,50,0,0,0,1769284,5905524
Auckland,16/06/2014,Mon,1810,FE,CN1CCC,181A ,,R,W,DO,L ,T,T,P,50,0,0,0,1769289,5905543
Auckland,27/10/2014,Mon,1458,DC,CE1,133A 423A 929 ,FH,R,D,BF,F ,D,N,C,50,0,0,1,1737893,5929524
Auckland,05/11/2014,Wed,,EA,CW1C,129A ,M,R,D,DN,F , ,N,C,50,0,0,0,1737291,5930085
Auckland,20/01/2014,Mon,1715,GE,CS14,181A 929 ,,R,D,O ,F ,D,N,C,80,0,0,0,1761570,5882037
Auckland,26/08/2014,Tue,844,MO,CE1C,371A 929 ,,R,D,B ,F , ,N,N,50,0,0,0,1761212,5912757
Auckland,14/07/2014,Mon,1715,FF,CW1C,371B ,,R,D,TN,F ,T,S,N,50,0,0,0,1765410,5907186
Auckland,16/04/2014,Wed,1900,KB,CN1C,302B ,,R,W,DO,F ,T,G,C,50,0,0,0,1754257,5913378
Auckland,31/08/2014,Sun,1530,JA,CN1C,301B 375B ,,R,W,OF,L ,T,S,C,50,0,0,1,1754216,5913321
Auckland,12/06/2014,Thu,1530,FB,CN1C,181A ,,R,D,OF,F ,T,S,C,50,0,0,0,1755014,5914433
Auckland,14/12/2014,Sun,1910,MG,CE1C,371B ,,R,D,OF,F ,T,S,C,50,0,0,0,1755014,5914433
Auckland,28/06/2014,Sat,1246,GA,CN1T,112A 181A 331A 929 ,,R,D,O ,F ,D, ,C,50,0,0,0,1754379,5913550
Auckland,07/11/2014,Fri,2228,EA,CN1C,129A ,M,R,D,DO,F , ,N,C,50,0,0,0,1754321,5913469
Auckland,22/10/2014,Wed,1535,FF,CN1C,181A 191B ,,R,D,BF,L , ,N,C,50,0,0,0,1754665,5913952
Auckland,07/11/2014,Fri,2239,LB,CN1CCC,103A 322A ,MQ,R,D,DO,F ,X,T,C,50,0,2,5,1754625,5913894
Auckland,02/09/2014,Tue,2010,CC,CW1,112A 129A ,T,R,D,DO,F , ,N,R,50,0,0,0,1765803,5916718
Auckland,03/04/2014,Thu,846,HA,4W1S,204B 330B ,,R,D,O ,F ,T,S,C,50,0,0,1,1765430,5916845
Auckland,22/07/2014,Tue,1800,EA,CS1C,129A ,M,R,W,DO,L , ,N,N,50,0,0,0,1756141,5932365
Auckland,19/05/2014,Mon,1135,DC,CN2C,130A ,IM,R,D,BF,F ,R,G,R,50,0,0,0,1765379,5917085
Auckland,10/11/2014,Mon,2010,EO,CS1,351A 420A ,H,R,D,TO,F , ,N,N,50,0,0,0,1765342,5917072
Auckland,28/02/2014,Fri,1210,MF,CN1C,371B ,,R,D,BF,F , ,N,N,50,0,0,0,1765362,5917019
Auckland,30/05/2014,Fri,1450,LB,CN1C,303B 375B 929 ,,R,D,O ,F ,D,N,N,50,0,0,2,1765701,5902327
Auckland,27/05/2014,Tue,1320,NB,CS1E,711B ,,R,D,B ,F , , ,C,50,0,0,1,1757005,5920118
Auckland,21/05/2014,Wed,930,NA,MN1E,713B ,,E,D,OF,F , ,N,R,50,0,0,2,1757030,5920142
Auckland,28/11/2014,Fri,2130,FE,CN1X,334A 350A ,,E,D,DO,F ,X,T,C,50,0,0,0,1757067,5919912
Auckland,11/10/2014,Sat,1340,EA,BW1C,129A ,M,R,D,B ,F , , ,C,50,0,0,0,1757198,5919865
Auckland,08/02/2014,Sat,535,DB,CN2,103A 111A 131A 634A ,J,E,W,DO,L ,T,T,R,80,0,1,0,1757431,5920144
Auckland,16/08/2014,Sat,1025,MG,CN1C,371B ,,R,D,O ,F ,X,T,C,50,0,0,0,1757150,5920273
Auckland,25/11/2014,Tue,2230,AC,VN1C,372A ,,R,D,DO,F ,X,T,C,50,0,0,0,1757152,5920277
Auckland,21/02/2014,Fri,1228,QG,VS1C,665A ,M,E,D,OF,F , ,N,C,50,0,0,0,1760558,5912489
Auckland,12/09/2014,Fri,1215,HA,CE1C,321B ,F,R,D,B ,F ,X,S,C,50,0,0,0,1760026,5912847
Auckland,05/12/2014,Fri,1640,FB,TW1C,181A ,,R,D,BF,F ,T,G,R,50,0,0,0,1759667,5912996
Auckland,21/05/2014,Wed,1508,QD,VS1V,330A 428A ,CM,R,D,O ,F , , ,N,50,0,0,0,1760573,5922574
Auckland,08/07/2014,Tue,1850,MO,CW1C,371A 801 ,M,R,W,TO,L , , ,C,50,0,0,0,1769097,5900615
Auckland,08/08/2014,Fri,1645,DB,CN2,111A 131A 801 ,FK,M,W,O ,L ,T,N,N,50,0,0,0,1763094,5907527
Auckland,07/03/2014,Fri,840,HA,CW1C,302A 375A ,,R,D,BF,F ,R,G,R,50,0,0,0,1753224,5934326
Auckland,27/05/2014,Tue,2300,DB,CS2,103A 131A ,FJ,R,D,DO,F ,T,S,C,50,0,0,0,1749845,5913950
Auckland,16/10/2014,Thu,1633,NA,VW1E,510B 722B ,,E,D,O ,F , , ,N,50,0,1,0,1750052,5913954
Auckland,13/07/2014,Sun,930,MC,CN1C,372B ,,R,W,OF,F , ,N,N,50,0,0,0,1756094,5914629
Auckland,29/05/2014,Thu,1015,BF,TS2C,131A 386A ,,S,D,O ,F ,T,G,C,50,0,0,0,1754842,5917538
Auckland,15/09/2014,Mon,709,LB,SE1C,302A 375A 363B 902 ,,M,D,B ,F ,T,G,C,50,0,1,0,1754842,5917538
Auckland,31/10/2014,Fri,1038,DB,ME1,111A 133A 158A ,K,E,D,O ,F ,T,G,C,50,0,0,1,1754842,5917538
Auckland,18/08/2014,Mon,2200,CC,CW1,130A 517A ,F,R,D,DO,F , , ,N,50,0,0,0,1769388,5900592
Auckland,14/03/2014,Fri,2249,DA,CS1,103A 111A 131A ,T,E,D,DN,F , , ,C,80,0,0,0,1737689,5920506
Auckland,31/07/2014,Thu,2040,AO,CS1C,381A ,,R,D,DO,F ,Y,G,C,50,0,0,0,1759321,5908372
Auckland,10/06/2014,Tue,1721,DB,VE1,137A 197A ,CT,M,W,DO,F , ,N,C,100,0,0,0,1758476,5888443
Auckland,17/01/2014,Fri,942,DB,CE1,111A 131A 402A ,T,M,W,O ,L , , ,C,100,0,0,0,1758474,5888443
Auckland,21/02/2014,Fri,715,BA,CW1C,129A 130A 350A 402A 197B ,,R,D,B ,F , , ,C,100,0,1,1,1758476,5888443
Auckland,17/12/2014,Wed,2130,DA,CW1,111A 131A 901 ,FS,M,W,DN,H , , ,C,100,0,0,0,1758353,5888500
Auckland,03/12/2014,Wed,1324,NA,VN1E,711B ,,R,D,BF,F , ,N,C,50,0,0,1,1759417,5908604
Auckland,27/02/2014,Thu,1455,DA,40,111A 131A 402A ,,S,D,BN,F , ,N,C,100,0,0,0,1756972,5889253
Auckland,17/12/2014,Wed,1640,CB,CS1CC,129A 504A ,M,R,W,OF,L , ,N,C,50,0,0,1,1759281,5908274
Auckland,20/08/2014,Wed,1130,EA,TN1V,129A 330A ,M,R,D,BF,F , ,N,C,60,0,0,0,1759088,5907786
Auckland,04/06/2014,Wed,620,NE,CE1E,718B 724B ,,R,D,DO,F ,X,T,C,50,0,0,1,1759428,5908632
Auckland,25/03/2014,Tue,842,DA,CE1,131A 800 ,C,M,W,O ,F , , ,C,100,0,0,1,1757989,5888998
Auckland,08/01/2014,Wed,1700,AO,CW1O,153A 197A ,,E,D,ON,F , ,N,C,100,0,0,1,1758101,5888834
Auckland,02/08/2014,Sat,1349,CB,CE1V,103A 129A ,M,R,D,OF,F , ,N,C,50,0,0,1,1761443,5907901
Auckland,16/06/2014,Mon,1740,AC,TW1C,372A 671A ,,R,W,DO,H ,T,G,C,50,0,0,0,1746123,5917006
Auckland,02/02/2014,Sun,1633,BA,CE1C,125A 129A 377A 830 ,,R,D,B ,F , ,N,N,50,0,0,0,1746847,5917593
Auckland,03/01/2014,Fri,1520,EA,CE14,129A 386A ,M,R,D,O ,F , , ,C,50,0,0,0,1746857,5917593
Auckland,10/01/2014,Fri,1451,DA,CS2,131A 412A ,P,R,D,B ,F ,X,T,C,50,0,0,1,1746767,5917591
Auckland,12/02/2014,Wed,817,BC,CN1S,121A ,K,E,D,B ,F , , ,N,50,0,0,1,1765187,5909688
Auckland,15/04/2014,Tue,2200,EA,CW1C,103A 129A ,M,R,W,DO,L , ,N,C,50,0,0,0,1749772,5916530
Auckland,19/02/2014,Wed,754,FA,CN1C,331A 350A ,,R,D,O ,F ,T,G,C,50,0,0,0,1762483,5917833
Auckland,16/07/2014,Wed,1356,GA,CN1C,101A 181A 353A 929 ,,R,D,B ,F ,D, ,C,50,0,0,0,1762656,5917432
Auckland,18/08/2014,Mon,800,FC,CW1C,181A ,,E,D,B ,F , ,P,X,50,0,0,0,1772711,5913312
Auckland,18/11/2014,Tue,1915,MO,CE1,423A ,H,R,D,TF,F , , ,N,50,0,0,0,1772627,5913234
Auckland,13/09/2014,Sat,1515,NA,CN1E,712B 713B 726B 901 ,,R,W,B ,H , , ,L,50,0,0,1,1754016,5930816
Auckland,17/05/2014,Sat,1358,GE,CN14,160A 333A 929 ,,R,D,OF,F ,D,N,C,50,0,0,0,1768450,5914270
Auckland,04/09/2014,Thu,1945,MD,MN1C,371B 929 ,,R,W,DO,L ,D,N,C,50,0,0,0,1753355,5934730
Auckland,04/12/2014,Thu,1305,EA,CS1C,129A ,M,R,D,BF,F , ,N,C,50,0,0,0,1753259,5934377
Auckland,03/01/2014,Fri,1315,FA,CN1C,181A ,,E,D,OF,F ,R,G,C,50,0,0,0,1753277,5935212
Auckland,20/05/2014,Tue,613,MO,CW1,423A 929 ,HX,R,D,TO,F ,D,N,R,50,0,0,1,1769459,5906457
Auckland,06/03/2014,Thu,1321,EA,CN1CC,129A 358A ,MM,R,D,BF,F , ,N,N,50,0,0,1,1768486,5912907
Auckland,29/03/2014,Sat,1032,LB,MN1C,303B 375B ,,R,D,B ,F ,T,N,N,50,1,0,0,1759386,5977080
Auckland,31/05/2014,Sat,1810,MO,CW1C,371A ,,R,D,BF,F , ,N,C,50,0,0,0,1764376,5919844
Auckland,07/12/2014,Sun,2105,DC,CN2C,111A 131A ,KM,M,D,TO,F ,T,G,R,50,0,0,0,1764357,5919849
Auckland,26/03/2014,Wed,2030,EA,4N1C,129A ,M,E,D,DO,F , , ,C,50,0,0,0,1771899,5915430
Auckland,24/05/2014,Sat,910,BF,CS24,131A 806 ,,M,W,B ,F ,T,N,C,50,0,0,0,1756179,5912930
Auckland,28/03/2014,Fri,1945,LB,4W1C,303B 375B 929 ,,R,D,DO,F ,D,N,N,50,0,0,0,1756422,5912841
Auckland,23/04/2014,Wed,1330,MO,CN1C,371A ,M,R,D,BF,F , ,N,C,50,0,0,0,1762683,5913267
Auckland,20/09/2014,Sat,2000,MO,CS14,371A ,M,R,W,DO,L , ,N,N,50,0,0,0,1762686,5913287
Auckland,17/08/2014,Sun,1340,FB,CE1C,386A 404A ,,R,D,O ,F ,X,S,C,50,0,0,1,1755120,5914103
Auckland,26/06/2014,Thu,1700,FE,CN1C,103A 330A ,,R,D,BF,F ,X,T,C,50,0,0,0,1749964,5914060
Auckland,28/02/2014,Fri,1536,FF,CW1C,331A 352A ,,R,D,BF,F , ,N,C,50,0,0,0,1752154,5918966
Auckland,12/03/2014,Wed,1745,MC,MW1C,150A 372B ,,R,D,BF,F , ,G,C,50,0,0,1,1752050,5918906
Auckland,11/12/2014,Thu,820,EA,CE1C,129A ,MK,R,D,O ,F ,T,N,C,50,0,0,0,1752283,5919040
Auckland,19/06/2014,Thu,1218,FD,VN1CCC,402A 427A ,,E,W,ON,L ,R,N,R,50,0,0,0,1752571,5933567
Auckland,29/11/2014,Sat,1500,FF,CN1C,181A ,,R,D,BF,FS,R,G,R,50,0,0,0,1752571,5933587
Auckland,27/11/2014,Thu,1318,FD,4N1CV,181A 331A 386A ,,R,D,B ,F ,R,G,R,50,0,0,2,1752571,5933567
Auckland,12/03/2014,Wed,1252,DA,CN2,111A 131A 402A 632A ,P,R,D,B ,F ,T,S,C,50,0,0,1,1747076,5918717
Auckland,14/06/2014,Sat,2000,EA,CS1C,129A ,M,E,W,DO,L , , ,R,50,0,0,0,1756826,5919306
Auckland,14/03/2014,Fri,1340,GF,CS1C,381A 927 ,,R,D,OF,F ,D,N,N,50,0,0,0,1756828,5919316
Auckland,27/07/2014,Sun,2050,EA,VS1C,129A ,M,R,D,DO,F , ,N,N,50,0,0,0,1756810,5919418
Auckland,16/09/2014,Tue,1430,FB,CE1C,181A ,,R,D,BF,F ,R,G,C,50,0,0,0,1765338,5916719
Auckland,09/11/2014,Sun,1730,FD,CE1X,130A 410A ,,R,D,B ,F ,R,G,R,50,0,0,0,1764966,5916801
Auckland,12/05/2014,Mon,1600,MB,CW14,303B ,,R,D,O ,F , , ,C,50,0,0,1,1764599,5916887
Auckland,16/12/2014,Tue,600,AO,CW1SSS,381A ,,R,D,OF,F , ,N,C,50,0,0,0,1764937,5916808
Auckland,11/07/2014,Fri,830,EC,TE1C,385A ,XD,R,D,O ,F , , ,R,50,0,0,0,1765300,5916723
Auckland,01/10/2014,Wed,1700,FB,VW1C,112A 331A ,,R,D,B ,F ,T,S,C,50,0,1,1,1742343,5917812
Auckland,28/02/2014,Fri,2305,CA,CE1C,103A 130A ,M,R,D,DO,F , ,N,C,50,0,0,0,1751671,5914984
Auckland,10/01/2014,Fri,1202,MA,CE1T,373B ,,E,D,BF,F , ,N,N,50,0,0,0,1752145,5914889
Auckland,30/03/2014,Sun,1530,FD,CN1C,181A ,,R,D,BF,F , ,N,C,50,0,0,0,1752468,5914708
Auckland,15/04/2014,Tue,1125,FE,CN1C,181A ,,R,D,B ,F ,T,G,C,50,0,0,0,1769498,5907408
Auckland,25/02/2014,Tue,1719,KB,4S1C,308B 375B 925 ,,R,D,BF,F ,D,N,C,50,0,0,0,1769494,5907394
Auckland,01/08/2014,Fri,2259,DA,CN1C,103A 111A ,M,M,D,DO,F , ,N,C,50,0,0,1,1761960,5915603
Auckland,19/09/2014,Fri,2330,EA,VN1CC,103A 112A 129A 632A ,MM,R,W,DO,L , , ,N,50,0,0,2,1770571,5908409
Auckland,04/07/2014,Fri,745,NA,CN1E,306A ,,R,W,B ,L , ,P,X,40,0,0,1,1770389,5909055
Auckland,23/09/2014,Tue,810,NA,CS1E,712B 713B ,,R,D,BF,F ,T,N,C,50,0,0,1,1770429,5909188
Auckland,04/12/2014,Thu,210,QA,CE1,521A ,,E,D,DO,F , ,N,C,50,0,0,1,1764200,5907334
Auckland,08/11/2014,Sat,2230,EA,CN1C,129A ,M,R,D,DO,F ,R,G,C,50,0,0,0,1758949,5918379
Auckland,04/07/2014,Fri,1201,EA,VE1V,103A 129A ,M,R,W,OF,F , ,N,N,50,0,0,0,1744214,5919282
Auckland,31/01/2014,Fri,2145,BF,CN1C,129A 410A ,,R,D,DN,F ,R,G,L,80,0,1,0,1773247,5899609
Auckland,07/03/2014,Fri,1255,FB,CS1C,181A ,,R,D,BF,F ,R,G,C,50,0,0,0,1773249,5899604
Auckland,13/12/2014,Sat,1445,DA,CS1,103A 111A 131A ,F,E,D,B ,F ,R,G,R,80,0,0,0,1773240,5899609
Auckland,10/07/2014,Thu,1830,FB,CN1C,331A 353A ,,R,D,DO,F ,R,G,R,80,0,0,1,1772540,5901516
Auckland,06/11/2014,Thu,713,HA,CN1C,302A 375A ,,E,W,OF,L ,R,G,R,80,0,0,0,1772538,5901520
Auckland,30/06/2014,Mon,247,DB,CN1,103A 131A ,EFZ,R,D,DO,F ,R,G,C,80,0,0,0,1772534,5901520
Auckland,14/04/2014,Mon,1640,EC,XS1T,668B ,X,R,D,OF,F ,R,G,R,80,0,0,0,1772533,5901536
Auckland,05/06/2014,Thu,900,HA,CS1C,302A 375A ,,E,D,OF,F ,R,G,R,80,0,0,0,1772538,5901520
Auckland,30/04/2014,Wed,2030,BF,CE1C,111A 130A 804 817 ,,E,D,DN,F , , ,C,100,0,0,0,1774237,5881362
Auckland,16/09/2014,Tue,832,FD,CW1C,331A 350A 402A 901 ,,R,W,O ,H , , ,C,100,0,0,0,1774582,5881541
Auckland,26/01/2014,Sun,840,JA,CW1C,301B 377B ,,E,D,BF,F ,T,S,C,100,0,0,1,1773839,5881320
Auckland,27/03/2014,Thu,1620,JA,CW1C,301B 377B ,S,R,D,B ,F ,T,S,L,100,0,0,1,1773839,5881320
Auckland,03/10/2014,Fri,853,FD,VW1CCC,331A 350A ,,R,D,O ,F , , ,C,50,0,0,1,1775966,5881947
Auckland,13/02/2014,Thu,1700,JA,CE1X,103A 129A 385A ,,R,D,OF,F ,T,S,R,70,0,0,0,1775995,5881954
Auckland,16/04/2014,Wed,800,KB,VW1T,372A 301B ,,R,D,B ,F ,T,S,C,70,0,0,0,1775995,5881954
Auckland,05/07/2014,Sat,1045,DA,CS1,131A 134A 402A 801 ,V,M,W,B ,L , , ,C,80,0,0,0,1771733,5902945
Auckland,01/04/2014,Tue,802,BF,CS14,129A 134A ,,E,D,B ,F , , ,L,80,0,0,1,1771688,5903088
Auckland,15/11/2014,Sat,1630,GD,CN1VCC,331A 181B 181C 929 ,,R,W,O ,L ,D,N,C,80,0,0,2,1773011,5900244
Auckland,08/11/2014,Sat,700,DA,CS1,102A 111A 131A 402A ,FS,M,D,O ,F , , ,C,80,0,0,0,1772158,5902499
Auckland,06/09/2014,Sat,1500,GF,CN1C,381A 387A ,,E,D,OF,F ,T,S,C,50,0,0,0,1776805,5882184
Auckland,28/02/2014,Fri,2134,DA,CN1,111A 131A ,C,E,W,DN,L , ,N,L,80,0,0,0,1771243,5903491
Auckland,29/01/2014,Wed,1015,JA,CS1C,301B 375B ,,M,D,B ,F ,T,S,P,60,0,0,0,1771072,5903851
Auckland,08/08/2014,Fri,1500,JA,CW1C,301B 375B 404B ,,R,D,B ,F ,T,S,C,70,0,0,0,1775823,5881906
Auckland,25/10/2014,Sat,1813,CB,CS1,410A ,PV,R,D,B ,F , , ,C,80,0,0,0,1773609,5898648
Auckland,06/04/2014,Sun,415,EA,CS1C,129A ,M,R,D,DO,F , ,N,N,50,0,0,0,1755323,5919357
Auckland,06/04/2014,Sun,345,EA,CN1C,386A ,M,R,D,DN,F , ,N,C,50,0,0,0,1755323,5919357
Auckland,11/04/2014,Fri,2150,CB,CS1CCC,103A ,MM,R,D,DO,F , ,N,N,50,0,0,0,1755327,5919297
Auckland,31/07/2014,Thu,1411,CA,CN1,194A ,I,R,D,B ,F , , ,R,50,0,0,0,1745617,5915651
Auckland,22/09/2014,Mon,1510,AC,CN1C,159A ,,E,D,B ,F , , ,L,50,0,0,0,1745533,5916037