TLANAME,CRASHDATE,CRASHDOW,CRASHTIME,MVMT,VEHICLES,CAUSES,OBJECTSSTRUCK,ROADCURVE,ROADWET,LIGHT,WTHRa,JUNCTYPE,TRAFCTRL,ROADMARK,SPDLIM,CRASHFATALCNT,CRASHSEVCNT,CRASHMINCNT,EASTING,NORTHING
Auckland,03/09/2014,Wed,1450,MC,CW1C,372B 929 ,,R,D,BF,F ,D,N,C,50,0,0,0,1759399,5908623
Auckland,08/04/2014,Tue,1824,MO,BW1C,386A ,,E,D,O ,F ,T,T,N,50,0,0,0,1770399,5912328
Auckland,23/07/2014,Wed,750,FE,CW1C,181A 330A ,,R,D,O ,F ,T,T,C,50,0,0,0,1770399,5912328
Auckland,17/09/2014,Wed,2130,CB,CW1,410A ,KP,R,D,DO,F , , ,C,50,0,0,0,1770620,5912301
Auckland,02/01/2014,Thu,1023,EA,CS1V,129A ,M,E,D,BF,F ,T,G,C,50,0,0,0,1770833,5912430
Auckland,30/04/2014,Wed,2020,DB,CN2,137A 402A ,T,E,D,DO,F ,R,G,R,50,0,0,1,1771670,5912982
Auckland,14/09/2014,Sun,140,CC,CE1,103A 410A ,T,R,W,DO,L , ,N,C,50,0,0,1,1771420,5912908
Auckland,06/02/2014,Thu,2019,MO,4W1,110A 402A 433A ,,R,D,TO,F , ,N,N,50,0,0,1,1752213,5934709
Auckland,16/07/2014,Wed,1407,GD,VN1C,333A 930 ,,R,D,B ,F ,D, ,C,50,0,0,0,1750100,5947389
Auckland,18/12/2014,Thu,1930,MO,CN1C,371A 929 ,,E,D,TF,F ,D,N,N,50,0,0,0,1767070,5900263
Auckland,06/02/2014,Thu,1700,HA,CW2C,309A 335A ,F,R,D,B ,F ,X,N,N,50,0,0,0,1751245,5913866
Auckland,07/08/2014,Thu,1236,GD,CS1C,333A 929 ,,R,D,OF,F ,D,N,C,50,0,0,0,1751284,5913803
Auckland,19/09/2014,Fri,1415,EA,TW1C,386A ,M,R,D,B ,F , ,N,C,50,0,0,0,1759645,5910064
Auckland,06/05/2014,Tue,331,MO,CE1CC,108A 371A 433A ,M,R,W,DO,L , , ,N,50,0,0,0,1749059,5914490
Auckland,30/08/2014,Sat,2045,DA,CN1,111A 129A 131A ,F,M,W,DO,H , ,N,C,50,0,0,1,1771026,5913151
Auckland,15/04/2014,Tue,745,JA,CW1C,197A 308B 378B 929 ,,E,D,BF,F ,D, ,C,100,0,0,0,1754863,5879774
Auckland,28/06/2014,Sat,310,EC,CE1,195A 801 912 ,W,R,W,DN,L , , ,N,100,0,0,0,1754164,5880158
Auckland,13/03/2014,Thu,844,LB,CN1M,302A 375A ,,E,D,OF,F ,R,G,C,50,0,0,0,1759342,5913897
Auckland,24/05/2014,Sat,1520,EA,CN1C,103A 129A ,M,R,D,O ,F , , ,C,50,0,0,0,1759540,5924931
Auckland,11/06/2014,Wed,1030,MF,CE1C,371B 377B 839 ,,R,D,B ,F , , ,C,50,0,0,0,1751726,5949690
Auckland,16/10/2014,Thu,1300,MO,CE1C,370A ,M,R,D,B ,F , , ,C,50,0,0,0,1751721,5949688
Auckland,22/12/2014,Mon,1210,MF,CW1C,371B ,,R,D,B ,F , , ,C,50,0,0,0,1751693,5949679
Auckland,21/08/2014,Thu,955,JA,CE1C,309B 377B ,,R,D,B ,F ,T,N,C,50,0,0,0,1751592,5949410
Auckland,06/09/2014,Sat,1045,MO,CW1C,371A ,M,R,D,O ,F , , ,C,50,0,0,0,1751797,5949478
Auckland,13/02/2014,Thu,2143,GB,SS1C,387A 351B 372B 402B 929 ,,R,D,DO,F ,D,N,L,50,0,0,1,1745056,5923706
Auckland,20/03/2014,Thu,840,JC,4N1C,308A 375A 926 ,,R,D,BF,F ,D,N,C,50,0,0,0,1744760,5922964
Auckland,17/09/2014,Wed,1550,DA,CS1C,131A 514A ,J,E,D,BF,F , ,N,C,50,0,0,0,1744614,5922505
Auckland,30/04/2014,Wed,2013,LB,CE1C,303B 375B ,,R,D,DO,F ,T,T,L,50,0,0,0,1744583,5922465
Auckland,04/04/2014,Fri,1530,MO,CW1C,371A 927 ,,R,D,O ,F ,D,N,X,50,0,0,0,1753877,5924586
Auckland,13/08/2014,Wed,1835,JA,CW1C,308B 929 ,,R,W,O ,L ,D,N,C,50,0,0,0,1753223,5924706
Auckland,21/05/2014,Wed,705,FE,4E1V,334A 358A ,,R,D,O ,F ,T,T,C,50,0,0,1,1753169,5924717
Auckland,06/11/2014,Thu,858,HA,CW1X,302B 375B ,,E,D,O ,F ,X,G,C,50,0,0,0,1753483,5924653
Auckland,20/02/2014,Thu,801,JA,SW1C,308B 922 ,,R,D,B ,F ,D,N,C,50,0,0,1,1752737,5924746
Auckland,21/03/2014,Fri,418,CC,VW1,410A ,FJP,R,D,DO,F ,T,G,P,50,0,0,0,1752967,5924752
Auckland,23/06/2014,Mon,10,CC,CW1,410A ,FH,R,D,DO,F ,T,G,P,50,0,0,0,1752967,5924752
Auckland,01/09/2014,Mon,944,AO,CW1C,381A ,,R,W,OF,L ,R,G,R,50,0,0,0,1764008,5912072
Auckland,18/08/2014,Mon,1830,KA,CN2M,302A ,,E,D,TO,F ,R,G,R,50,0,0,1,1764003,5912084
Auckland,23/06/2014,Mon,815,MO,CE1C,371A 929 ,,R,D,OF,F ,D,N,N,50,0,0,0,1754051,5926440
Auckland,09/07/2014,Wed,1150,MO,CN1T,371A 386A 929 ,Q,R,D,O ,F ,D,N,C,50,0,0,0,1762520,5914161
Auckland,30/10/2014,Thu,1220,DB,CN1,111A 131A 514A ,,M,D,O ,F , , ,N,100,0,0,0,1741704,5950735
Auckland,22/03/2014,Sat,1810,CC,CS1,103A 130A ,ST,R,D,TN,F , , ,C,100,0,0,1,1742265,5949389
Auckland,05/09/2014,Fri,1210,GC,CS1C,197A 143B 171B 330B 929 ,,R,D,B ,F ,D,N,N,50,0,0,0,1762502,5916819
Auckland,24/01/2014,Fri,1700,DA,CN1,103A ,FT,E,D,BF,F , ,N,C,70,0,0,1,1758034,5906829
Auckland,01/12/2014,Mon,1014,GD,TN1C,929,P,R,D,B ,F ,D,N,C,50,0,0,1,1758007,5906652
Auckland,10/03/2014,Mon,1645,HA,CW1C,302B 335B ,,R,D,B ,F ,X,G,C,50,0,0,0,1756402,5934086
Auckland,28/07/2014,Mon,1830,EA,4W14,103A 129A ,M,R,D,DO,F , , ,N,50,0,0,1,1759862,5924705
Auckland,17/04/2014,Thu,645,DA,CN1,131A 801 901 ,F,M,W,DN,H , , ,C,100,0,0,0,1782416,5899306
Auckland,27/06/2014,Fri,2118,CB,CN1,101A 129A ,,R,W,DN,H , ,N,C,100,0,0,1,1782156,5901565
Auckland,03/03/2014,Mon,1315,HA,VN1T,301B 375B ,,R,W,OF,L ,T,S,C,100,0,0,0,1782156,5901515
Auckland,04/11/2014,Tue,2310,DA,CS1,131A 433A ,F,E,W,DN,F , , ,C,50,0,0,0,1756417,5945102
Auckland,16/08/2014,Sat,1700,EA,CN1C,129A ,M,R,D,B ,F , , ,C,50,0,0,0,1771955,5914725
Auckland,14/05/2014,Wed,1630,MC,SE1C,372B ,,R,W,O ,L , , ,C,50,0,0,1,1754130,5925836
Auckland,08/08/2014,Fri,1517,LB,CE1C,303B 330B 929 ,,R,W,O ,F ,D,N,C,50,0,0,0,1754149,5925841
Auckland,07/01/2014,Tue,1315,JA,CE1V,302B ,,R,D,B ,F ,T,G,C,50,0,0,0,1772175,5914990
Auckland,04/05/2014,Sun,2212,EA,CS1V,103A 129A ,M,R,D,DN,F , ,N,N,50,0,0,0,1754911,5926251
Auckland,14/10/2014,Tue,830,HA,CS1C,321B 330B ,,R,D,B ,F ,X,S,C,50,0,0,1,1771759,5914295
Auckland,31/05/2014,Sat,1110,DB,CS1,129A 385A 929 ,FH,M,D,BF,F ,D,N,N,50,0,0,1,1772016,5914848
Auckland,16/03/2014,Sun,1500,HA,CW2C,301A ,,R,D,O ,F ,T,S,C,50,0,0,0,1771759,5914295
Auckland,07/08/2014,Thu,2030,QO,CE1,421A ,JK,R,W,DN,F , , ,R,50,0,0,1,1753886,5925763
Auckland,04/09/2014,Thu,1524,HA,CN2C,330A ,,R,D,O ,F ,R,G,R,50,0,0,1,1771695,5914135
Auckland,19/05/2014,Mon,805,PA,CE1E,701B ,,R,D,B ,F , , ,P,50,0,0,1,1754298,5916734
Auckland,26/03/2014,Wed,817,CC,CS1,130A 517A ,P,R,D,B ,F , , ,N,50,0,0,0,1754493,5916941
Auckland,20/11/2014,Thu,1020,MO,VN1C,385A ,M,R,D,OF,F , ,N,C,50,0,0,0,1754676,5917359
Auckland,30/10/2014,Thu,1330,GE,CN1C,160A 181A ,,R,D,O ,F ,T,G,C,50,0,0,0,1754733,5917568
Auckland,02/04/2014,Wed,1348,JC,CE1C,302A 375A ,,R,D,B ,F ,T,G,C,50,0,0,0,1754592,5917097
Auckland,15/04/2014,Tue,1630,LB,CN1CC,303B 375B ,,R,D,O ,F ,T,G,C,50,0,0,0,1754592,5917097
Auckland,04/12/2014,Thu,1800,AB,CN2C,112A 157A ,,R,D,B ,F ,T,G,C,50,0,0,1,1754592,5917097
Auckland,09/12/2014,Tue,1420,KB,CW1C,308B 330B 929 ,,R,D,B ,F ,D, ,C,50,0,0,0,1754335,5916758
Auckland,09/06/2014,Mon,1738,LB,CW1C,303B 370B 386B 901 ,,M,W,DO,H ,T,G,C,50,0,0,0,1765058,5915377
Auckland,02/05/2014,Fri,1008,GF,BE2C,129A 386A ,,E,D,B ,F ,R,G,R,50,0,0,0,1764985,5916796
Auckland,11/10/2014,Sat,1740,BF,CS1C,111A 131A 402A ,,E,D,B ,F , , ,C,50,0,1,1,1764952,5915757
Auckland,21/08/2014,Thu,1820,AA,CS1C,159A 330A ,,R,D,TF,F ,T,N,N,50,0,0,0,1760980,5915529
Auckland,17/11/2014,Mon,1525,BF,CW1C,135A 806 ,,M,W,OF,L , ,N,C,50,0,0,0,1760870,5915579
Auckland,23/09/2014,Tue,1605,KA,4W14,308B 353B 926 ,,R,D,BF,F ,D,N,N,50,0,0,0,1758213,5918071
Auckland,24/11/2014,Mon,1545,AA,CE1CV,372A ,M,R,D,O ,F , , ,P,50,0,0,0,1758364,5917900
Auckland,07/07/2014,Mon,2301,DA,4N2,103A 131A ,C,R,D,DO,F ,T,N,N,50,0,1,0,1758165,5917956
Auckland,14/11/2014,Fri,1150,KB,CW14,308B 375B 926 ,,R,D,O ,F ,D,N,C,50,0,0,1,1745314,5918965
Auckland,17/06/2014,Tue,750,MG,CE1C,371B ,,R,W,O ,L ,T,S,C,50,0,0,0,1756092,5918252
Auckland,28/02/2014,Fri,1725,HA,MW2C,300B 929 ,,R,D,BF,F ,D,N,C,50,0,0,0,1756092,5918252
Auckland,07/06/2014,Sat,1530,LB,CW1C,303B 929 ,,E,D,B ,F ,D, ,C,50,0,0,0,1765243,5907598
Auckland,03/05/2014,Sat,1215,JA,SS1C,301B 387B ,,R,D,B ,F ,T,S,C,50,0,0,1,1765146,5907607
Auckland,23/03/2014,Sun,2,EA,CE14,103A 129A ,M,E,D,DN,F , ,N,C,50,0,0,0,1727708,5923378
Auckland,07/01/2014,Tue,1800,EA,CE1C,130A 412A ,M,R,D,O ,F , , ,P,50,0,0,1,1755576,5914119
Auckland,09/12/2014,Tue,1542,LB,SW1C,303B 375B ,,R,D,O ,F ,X,S,C,50,0,1,0,1753043,5916472
Auckland,21/04/2014,Mon,213,DA,CN2,103A 111A 131A 800 ,KSX,E,W,DO,F ,X,S,C,50,0,0,0,1755787,5914033
Auckland,11/12/2014,Thu,750,JA,CE1V,301B ,,R,W,O ,L ,T,S,C,50,0,0,0,1757102,5913724
Auckland,04/05/2014,Sun,935,JA,CE1C,301B ,,R,D,BF,F ,T,S,C,50,0,0,0,1757102,5913724
Auckland,16/08/2014,Sat,1024,JA,CE1C,301B 353B ,,R,D,B ,F ,T,S,C,50,0,0,0,1757102,5913724
Auckland,21/05/2014,Wed,854,FD,CE1CC,181A 350A 181B ,,R,D,B ,F ,T,S,P,50,0,0,2,1757961,5913489
Auckland,01/07/2014,Tue,900,LB,CE1C,308B 377B 922 ,,R,D,OF,F ,D,N,C,50,0,0,1,1757971,5913487
Auckland,16/08/2014,Sat,2015,MO,CN1C,103A 371A 924 ,,R,D,DO,F ,D,N,N,50,0,0,0,1758067,5913461
Auckland,17/11/2014,Mon,1650,FD,CW1CCC,331A 353A ,,R,D,B ,F ,T,T,C,50,0,0,0,1757932,5913497
Auckland,08/08/2014,Fri,1110,GB,CE1T,333A 387A 175B ,,R,D,B ,F ,T,G,C,50,0,0,0,1757951,5913492
Auckland,08/10/2014,Wed,240,BF,CN1C,101A 131A 197B ,,E,D,DO,F , , ,C,50,0,0,0,1755210,5914257
Auckland,04/07/2014,Fri,1730,FE,CW1CC,103A 181A 181B ,,R,W,TO,F ,X,T,C,50,0,0,0,1755173,5914291
Auckland,21/11/2014,Fri,1907,GB,SN2C,204A 300A ,,M,D,BF,F ,X,T,C,50,0,0,1,1755173,5914291
Auckland,01/11/2014,Sat,140,HA,CN2C,104B 205B 322B 402B ,,R,W,DO,L ,T,T,C,50,0,0,0,1755173,5914291
Auckland,08/03/2014,Sat,1237,NF,VN2E,341A 715B ,,E,D,BF,F ,T,S,R,50,0,0,1,1756310,5913736
Auckland,29/07/2014,Tue,810,LB,ME1C,303B 377B ,,R,D,BF,F ,T,G,C,50,0,1,0,1754281,5915266
Auckland,30/05/2014,Fri,1530,FD,CW1C,181A ,,R,D,B ,F , , ,C,50,0,0,0,1756054,5913823
Auckland,09/10/2014,Thu,25,EA,4W1C,103A 129A 330A ,M,R,D,TO,F , , ,R,50,0,0,0,1756167,5913784
Auckland,02/08/2014,Sat,1439,CB,CW1C,501A ,M,R,D,O ,F , , ,P,50,0,0,1,1756410,5913740
Auckland,06/05/2014,Tue,34,CC,VN1C,132A 410A ,M,R,W,DO,F , ,N,C,50,0,0,1,1753725,5915649
Auckland,13/09/2014,Sat,230,DB,CS1,101A 131A ,FP,M,W,DO,L ,T,G,P,50,0,0,1,1753749,5915607
Auckland,24/03/2014,Mon,850,CA,SE1C,130A ,,R,D,OF,F ,T,T,C,50,0,0,0,1757006,5913751
Auckland,16/07/2014,Wed,1800,BB,CN2C,124A ,,R,D,BF,F ,T,T,C,50,0,0,0,1757006,5913751
Auckland,07/07/2014,Mon,1520,DA,CS1V,131A 402A 412A 504A ,FM,E,W,O ,L , , ,N,50,0,0,0,1754610,5914805
Auckland,29/10/2014,Wed,700,BE,CW1CC,129A 412A ,M,R,W,OF,L ,T,N,C,50,0,0,1,1754625,5914792
Auckland,14/10/2014,Tue,1950,HA,CE1M,302A 375A ,,M,D,DO,F ,R,G,R,50,0,0,1,1758212,5913424
Auckland,02/04/2014,Wed,1325,AC,TE1C,372A 671A ,,R,D,BF,F , ,N,C,50,0,0,0,1755025,5914423
Auckland,05/08/2014,Tue,1710,LB,CS1C,303B 330B ,,R,D,O ,F ,T,S,C,50,0,0,0,1755014,5914433
Auckland,18/02/2014,Tue,1750,JA,MN14,301B 382B ,,R,D,B ,F ,T,S,C,50,0,1,0,1755014,5914433
Auckland,25/03/2014,Tue,2030,BB,CN1C,124A ,,R,D,BF,F ,T,S,C,50,0,0,0,1754929,5914509
Auckland,21/09/2014,Sun,1255,KB,CW1C,308B 375B 801 925 ,,R,W,O ,L ,D, ,P,50,0,0,0,1756584,5913754
Auckland,17/03/2014,Mon,744,BA,CE1C,125A ,,R,D,BF,F ,X,T,C,50,0,0,0,1756663,5913761
Auckland,17/10/2014,Fri,900,MD,CS1C,110B 130B 507B 929 ,,R,D,B ,F ,D, ,C,50,0,0,2,1753665,5915850
Auckland,16/09/2014,Tue,1950,FD,CW1C,103A 181A ,,R,D,OO,F , , ,C,50,0,0,1,1752918,5916580
Auckland,24/07/2014,Thu,1900,FD,CN1CCC,181A 181B 181C 181D ,,R,W,O ,L , , ,C,50,0,0,0,1752895,5916599
Auckland,06/05/2014,Tue,2121,KB,CS2CC,103B 514B ,,E,W,DO,F ,X,G,C,50,0,0,0,1752880,5916612
Auckland,09/04/2014,Wed,1510,FE,CW1C,181A ,,R,D,B ,F ,X,T,C,50,0,0,0,1752880,5916612
Auckland,10/07/2014,Thu,,JA,VN1C,301A 375A ,,R,W,O ,L ,T,S,C,50,0,0,0,1753887,5915516
Auckland,15/11/2014,Sat,1800,KB,CE1C,103B 302B 375B ,,R,D,OF,F ,T,G,P,50,0,0,0,1753887,5915516
Auckland,14/11/2014,Fri,759,KB,CE1C,301B 375B ,,R,D,OF,F ,T,S,R,50,0,0,0,1753887,5915516
Auckland,06/04/2014,Sun,1616,EE,CW1C,374B ,M,R, , F,  ,X,T,C,50,0,0,0,1757650,5913575
Auckland,13/02/2014,Thu,1540,GA,CE1C,181A 929 ,,R,D,BF,F ,D,N,C,50,0,0,0,1757665,5913571
Auckland,19/10/2014,Sun,2110,FE,CE1C,331A ,,R,D,DO,F ,X,T,C,50,0,0,0,1757636,5913579
Auckland,20/05/2014,Tue,836,AA,CE1V,372A 357B ,,R,D,BF,F ,X,T,X,50,0,0,0,1757592,5913590
Auckland,24/11/2014,Mon,1320,NA,CE1E,306A ,,R,D,BF,F , ,T,X,50,0,0,1,1757351,5913655
Auckland,06/05/2014,Tue,2239,HA,4W1C,322A 334A ,,R,D,DO,F ,X,T,C,50,0,0,1,1757640,5913577
Auckland,29/07/2014,Tue,1540,KA,CN2C,308B 929 ,,R,D,O ,F ,D,N,C,50,0,0,0,1757640,5913577
Auckland,02/02/2014,Sun,1015,GA,CE14,181A 927 ,,R, , F,  ,D,T,C,50,0,0,0,1754456,5915133
Auckland,26/07/2014,Sat,1851,GD,CW1C,333A 927 ,,R,W,DF,L ,D,N,C,50,0,0,0,1754459,5915123
Auckland,25/09/2014,Thu,1750,FD,CW1C,181A ,,R,D,TF,F , , ,C,50,0,0,0,1754486,5915048
Auckland,23/05/2014,Fri,1805,FD,CS1CCC,181A 331A 801 ,,R,W,DO,L , , ,C,50,0,0,0,1754435,5915165
Auckland,27/11/2014,Thu,940,GD,CS1C,333A 929 ,,R,D,B ,F ,D, ,P,50,0,0,0,1754351,5915220
Auckland,24/07/2014,Thu,1524,FE,CE1CC,181A ,,R,D,BF,F ,T,T,C,50,0,0,0,1754435,5915165
Auckland,05/07/2014,Sat,25,LB,CS1C,303B ,,R,D,DO,F ,X,T,C,50,0,0,1,1754452,5915142
Auckland,02/10/2014,Thu,1750,BE,CN1C,103A 130A 359A ,,R,D,B ,F ,T,G,C,50,0,0,1,1753466,5916105
Auckland,06/05/2014,Tue,1932,FE,CN2C,181A ,,R,W,OF,L ,X,T,C,50,0,0,0,1756663,5913761
Auckland,04/01/2014,Sat,30,CB,CW1,410A ,P,R,D,DO,F , ,N,C,50,0,0,0,1755326,5914186
Auckland,18/05/2014,Sun,35,FD,CS1CXV,103A 331A ,,R,D,DO,F , ,N,C,50,0,0,2,1756829,5915921
Auckland,14/04/2014,Mon,745,AC,CN1S,372A ,,R,D,OF,F , ,N,P,50,0,0,1,1756829,5915921
Auckland,19/11/2014,Wed,658,AC,TN1C,372A ,,R,D,BF,F , ,N,C,50,0,0,0,1756811,5915853
Auckland,08/12/2014,Mon,1630,LB,PS1C,303B ,,E,D,B ,F ,T,G,C,50,0,1,0,1756972,5917129
Auckland,27/11/2014,Thu,1228,LB,PN1C,303B 314B 927 ,,R,D,B ,F ,D,N,C,50,0,0,2,1756938,5916513
Auckland,20/04/2014,Sun,1440,DA,CN1,111A 131A ,H,M,W,OF,L ,X,G,P,50,0,0,0,1756527,5914843
Auckland,16/03/2014,Sun,1950,DA,CN1,111A 131A 801 ,,M,W,DO,L ,X,G,C,50,0,0,1,1756527,5914843
Auckland,29/10/2014,Wed,921,DA,4N1C,111A 131A ,FM,E,W,OF,H ,T,N,C,50,0,0,0,1756898,5918128
Auckland,01/05/2014,Thu,1825,GF,CE2C,386A ,,E,D,DO,F ,T,G,C,50,0,0,0,1756730,5915551
Auckland,30/06/2014,Mon,1725,JA,SS1C,534A 302B 375B 901 ,,R,W,TO,H ,X,G,R,50,0,1,0,1756936,5918249
Auckland,28/08/2014,Thu,1445,EA,CN1C,129A 507A 903 ,Q,R,D,B ,FS, , ,C,50,0,0,0,1757025,5916873
Auckland,26/03/2014,Wed,1520,MO,CN1M,371A ,M,R,D,B ,F ,T,T,C,50,0,0,0,1757032,5916783
Auckland,26/03/2014,Wed,830,AO,VN1C,381A ,,R,D,BF,F ,T,G,P,50,0,0,0,1756943,5916424
Auckland,06/09/2014,Sat,1530,MA,CN1C,373B ,,R,D,OF,F , ,N,C,50,0,0,0,1756948,5916395
Auckland,25/05/2014,Sun,30,BC,CN1C,101A 129A 359A ,,E,W,DO,L ,T,G,P,50,0,0,0,1756945,5916415
Auckland,28/02/2014,Fri,1247,EA,CN1C4M,129A 130A 517A 181D 197D ,M,E,D,B ,F , , ,P,50,0,0,1,1756960,5916561
Auckland,26/09/2014,Fri,1235,LB,PN1C,303B 314B ,,R,D,B ,F ,T,G,C,50,0,0,0,1756989,5916614
Auckland,06/03/2014,Thu,1315,MC,CN1C,372B 375B ,,R,D,BF,F , ,N,C,50,0,0,1,1757002,5917419
Auckland,01/07/2014,Tue,1240,BE,CW1CO,501A ,M,R,W,OF,F , ,N,C,50,0,1,1,1756737,5914568
Auckland,13/12/2014,Sat,1414,GD,CS1CC,331A ,,E,D,OF,F ,T,G,C,50,0,0,2,1756751,5914490
Auckland,08/05/2014,Thu,145,DB,CS1CC,103A 131A 358A ,JMM,E,W,DO,L ,T,S,P,50,0,0,0,1756908,5918080
Auckland,20/12/2014,Sat,1815,FA,CN1C,181A ,,R,W,O ,L ,T,S,C,50,0,0,0,1756873,5916092
Auckland,13/09/2014,Sat,1158,KB,CN1C,301B 375B ,,R,W,O ,L ,T,S,C,50,0,0,0,1756726,5914218
Auckland,13/08/2014,Wed,1830,EA,BS1C,129A 671A ,M,R,W,OF,L , ,N,C,50,0,0,0,1756969,5917299
Auckland,23/04/2014,Wed,945,MC,MS1C,372B ,,E,D,O ,F , , ,C,50,0,0,1,1756971,5917209
Auckland,24/07/2014,Thu,1756,NB,4S1E,711B 712B ,,R,W,DO,F , ,N,C,50,0,0,1,1756972,5917129
Auckland,17/05/2014,Sat,333,EA,CS1C,129A 927 ,M,R,D,DO,F ,D,N,C,50,0,0,0,1756682,5915372
Auckland,22/09/2014,Mon,730,LB,MN1C,314B 377B 801 ,,R,W,O ,L ,T,G,C,50,0,0,0,1756693,5915410
Auckland,30/01/2014,Thu,1600,KB,CS1V,309B 375B ,,R,D,B ,F ,T,N,C,50,0,0,0,1756693,5915410
Auckland,28/04/2014,Mon,1955,AA,CS1C,372A ,,R,D,DO,L ,X,T,C,50,0,0,0,1756663,5913761
Auckland,08/06/2014,Sun,1100,FE,CS1C,331A 350A ,,R,D,BF,F ,X,T,C,50,0,0,1,1756663,5913761
Auckland,15/04/2014,Tue,2325,MC,CS1C,372B ,,R,D,DO,F , ,N,L,50,0,0,0,1756972,5918590
Auckland,02/03/2014,Sun,1318,AA,CS1C,377A ,,R,D,BF,F , ,N,P,50,0,0,0,1757026,5916866
Auckland,17/09/2014,Wed,742,NA,CN1E,712B 713B ,,R,W,OF,F , ,N,P,50,0,0,1,1756883,5916126
Auckland,12/09/2014,Fri,1559,MO,CN1M,371A ,M,R,W,O ,F , ,N,C,50,0,0,0,1757024,5916681
Auckland,05/12/2014,Fri,1330,GD,TS1C,330A 358A ,,M,D,O ,F ,T,S,C,50,0,0,0,1757049,5917816
Auckland,02/01/2014,Thu,2100,DB,CS1,103A 131A ,P,M,D,DO,F , ,N,P,50,0,0,1,1756529,5914823
Auckland,14/03/2014,Fri,10,CB,CS1,112A 130A ,P,R,D,DO,F , ,N,P,50,0,0,0,1756639,5915211
Auckland,14/06/2014,Sat,1315,JA,CS1C,308B 929 ,,R,D,B ,F ,D, ,C,50,0,0,0,1757036,5916713
Auckland,14/12/2014,Sun,1915,DA,CS1C,136A 669A ,M,E,D,OF,F , ,N,C,50,0,0,0,1756747,5914525
Auckland,08/02/2014,Sat,,FD,CN1C,501A ,,E,D,OF,F ,T,G,C,50,0,0,0,1757018,5916925
Auckland,04/09/2014,Thu,1930,EA,CS14,129A ,M,R,W,DO,F , ,N,C,50,0,0,0,1757006,5916952
Auckland,02/12/2014,Tue,1450,JA,CN1CC,302B ,,R,D,B ,F ,T,G,C,50,0,0,0,1757022,5916916
Auckland,31/07/2014,Thu,1910,EA,CS1CCC,103A 129A ,M,R,D,DO,F , ,N,C,50,0,0,0,1756763,5915674
Auckland,06/10/2014,Mon,1316,MC,CN1C,372B 381B ,,R,W,O ,L , , ,C,50,0,0,0,1756758,5915655
Auckland,09/08/2014,Sat,1930,MC,CN1C,372B ,,R,D,DO,F , , ,P,50,0,0,0,1756932,5916311
Auckland,23/01/2014,Thu,1750,FD,CN1C,331A 353A ,,E,D,BF,F , ,N,C,50,0,0,1,1756918,5916257
Auckland,19/08/2014,Tue,537,EA,CS1C,103A 129A ,M,E,W,DO,F , ,N,N,50,0,0,0,1770760,5902862
Auckland,12/01/2014,Sun,2030,EA,CE1C,129A ,M,R,D,DO,F , ,N,C,50,0,0,0,1755900,5916514
Auckland,04/09/2014,Thu,915,AA,VW1C,382A ,,R,D,O ,F ,T,N,C,50,0,0,0,1759595,5913007
Auckland,01/04/2014,Tue,2028,CB,CW1,129A 358A ,T,R,D,DO,F ,T,N,R,50,0,0,0,1759605,5913005
Auckland,11/10/2014,Sat,2253,MO,CS1C,371A 412A 929 ,M,R,D,DO,F ,D, ,C,50,0,0,0,1759494,5913037
Auckland,08/11/2014,Sat,658,EA,CW1C,129A ,M,R,D,DO,F ,X,S,P,50,0,0,0,1759134,5913147
Auckland,26/09/2014,Fri,1119,HO,CW1S,353A 370A 210B ,,R,D,B ,F ,R,G,X,50,0,0,1,1758245,5913415
Auckland,07/05/2014,Wed,1723,FB,CW1V,181A ,,R,D,B ,F ,R,G,R,50,0,0,0,1758240,5913416
Auckland,28/02/2014,Fri,2230,MC,CE1C,330B 372B ,,R,D,DO,F , ,N,C,50,0,0,0,1760193,5913046
Auckland,16/11/2014,Sun,1140,FA,CW1CC,103A ,,R,D,BF,F ,T,S,P,50,0,0,0,1760273,5913053
Auckland,20/12/2014,Sat,350,CB,CE1,103A 130A ,P,R,D,DO,F , ,N,P,50,0,0,0,1760018,5913034
Auckland,14/09/2014,Sun,2300,NB,CE1E,105B ,,R,W,DO,F , ,N,C,70,0,0,1,1760093,5913039
Auckland,05/03/2014,Wed,2100,HA,CW1C,301A 375A ,,R,D,DO,F ,X,S,C,50,0,0,0,1760003,5913033
Auckland,01/03/2014,Sat,144,EA,CE1C,101A 386A ,M,R,D,DO,F , ,N,P,50,0,0,0,1760644,5913079
Auckland,11/09/2014,Thu,1049,EA,TW1C,130A 410A ,M,R,D,B ,F , ,N,C,50,0,0,0,1760584,5913075
Auckland,29/10/2014,Wed,2030,JA,CW14,101B 301B 330B ,,R,D,DO,F ,T,S,P,50,0,0,0,1760683,5913082
Auckland,21/07/2014,Mon,735,NA,CE1E,194A 725B ,,R,W,O ,H , , ,C,50,0,0,1,1758598,5913307
Auckland,19/04/2014,Sat,1632,JA,CE1C,308B 375B 927 ,,R,D,B ,F ,D, ,C,50,0,0,2,1758349,5913383
Auckland,17/11/2014,Mon,2020,JA,CE1CC,308B 377B 839 925 ,M,R,D,DO,F ,D,N,C,50,0,0,0,1758303,5913397
Auckland,05/04/2014,Sat,925,KA,CE1C,302B 375B ,,E,D,B ,F ,X,G,C,50,0,0,0,1759667,5912996
Auckland,27/03/2014,Thu,1954,JA,CE1C,302B 386B ,,E,D,DO,F ,R,G,R,50,0,0,0,1759667,5912996
Auckland,09/08/2014,Sat,1706,LB,CW1C,302A 363A 902 ,,E,D,TF,F ,T,G,R,50,0,0,1,1759667,5912996
Auckland,01/12/2014,Mon,1715,HA,TE1V4,301B 382B ,,R,D,B ,F ,X,S,C,50,0,0,0,1760003,5913033
Auckland,25/11/2014,Tue,815,HA,VW1XC,301B 377B ,Q,R,D,OF,F ,X,S,C,50,0,0,1,1760003,5913033
Auckland,01/07/2014,Tue,1800,FD,CW1C,334A 386A 357B ,,R,D,DO,F , , ,C,50,0,0,0,1758955,5913199
Auckland,28/05/2014,Wed,1616,MC,MW1C,372B ,,R,D,B ,F , , ,C,50,0,0,0,1758983,5913191
Auckland,12/03/2014,Wed,1427,LB,CE14,303B 375B ,,R,D,BF,F ,X,T,C,50,0,0,1,1758935,5913205
Auckland,11/12/2014,Thu,1402,LB,VE1C,303B ,,R,D,OF,L ,X,T,C,50,0,0,0,1758935,5913205
Auckland,22/04/2014,Tue,2100,EA,CW1C,129A ,M,R,W,DO,L , ,N,P,50,0,0,0,1758708,5913274
Auckland,01/06/2014,Sun,1317,QD,CE1,428A ,F,R,D,B ,F , , ,C,50,0,0,0,1758698,5913277