TLANAME,CRASHDATE,CRASHDOW,CRASHTIME,MVMT,VEHICLES,CAUSES,OBJECTSSTRUCK,ROADCURVE,ROADWET,LIGHT,WTHRa,JUNCTYPE,TRAFCTRL,ROADMARK,SPDLIM,CRASHFATALCNT,CRASHSEVCNT,CRASHMINCNT,EASTING,NORTHING
Auckland,05/03/2014,Wed,850,FD,VW1C,181A ,,R,D,OF,F , ,N,X,50,0,0,0,1759573,5913013
Auckland,29/08/2014,Fri,810,EE,SE1T,374B ,M,R,D,O ,F , , ,C,50,0,1,0,1760416,5913062
Auckland,13/12/2014,Sat,837,JA,CE1C,301B ,,R,D,OF,F ,T,S,C,50,0,0,1,1760431,5913064
Auckland,01/08/2014,Fri,1700,MO,CE1C,371A ,M,R,D,OF,F ,T,S,N,50,0,0,0,1757565,5919781
Auckland,07/06/2014,Sat,1200,EA,CW1C,129A ,M,R,D,O ,F , , ,N,50,0,0,0,1757516,5919791
Auckland,24/02/2014,Mon,1350,MG,CW1V,371B ,,R,D,B ,F ,X,G,C,50,0,0,0,1757404,5919771
Auckland,22/08/2014,Fri,2210,DA,4E1CC,103A 357A 402A ,,E,D,DO,F , , ,C,50,0,0,0,1766115,5918497
Auckland,29/05/2014,Thu,845,EA,CE1C,129A ,M,R,D,OF,F , ,N,C,50,0,0,0,1765890,5918414
Auckland,15/01/2014,Wed,1155,KA,CE1C,302B 832 ,,R,D,B ,F ,T,G,N,50,0,0,0,1765928,5918428
Auckland,07/08/2014,Thu,1200,FE,CN1C,181A 330A ,,R,D,B ,F ,X,T,R,50,0,0,0,1763811,5912978
Auckland,08/08/2014,Fri,1125,AO,TS1C,129A 129B ,,E,D,O ,F ,R,G,C,50,0,0,0,1763986,5912093
Auckland,07/02/2014,Fri,1325,HA,4S1C,302A 375A ,,E,D,B ,F ,R,G,C,50,0,0,0,1763987,5912088
Auckland,27/11/2014,Thu,603,FA,CS1C,112A 181A 431A ,,R,D,B ,F ,R,G,R,50,0,0,1,1763987,5912088
Auckland,02/07/2014,Wed,1029,JA,CS1C,302B 927 ,,R,W,O ,L ,D,G,P,50,0,0,0,1764382,5914809
Auckland,10/09/2014,Wed,1600,AC,TN1C,177A 184A ,,R,D,B ,F , , ,C,100,0,0,1,1764335,5914721
Auckland,20/11/2014,Thu,1700,JA,CS1C,308B 375B 926 ,,R,D,B ,F ,D,N,C,50,0,0,0,1764335,5914721
Auckland,29/03/2014,Sat,208,DB,CS1,111A 131A 431A ,P,M,D,DO,F , , ,P,50,0,0,0,1763726,5913407
Auckland,21/04/2014,Mon,1159,FD,CS1CB,112A 181A 331A ,,R,D,B ,F , , ,C,50,0,0,0,1763766,5913614
Auckland,15/05/2014,Thu,1757,GD,VN1CC,331A ,,R,D,DO,F ,T,G,C,50,0,0,0,1764166,5911163
Auckland,18/12/2014,Thu,832,CB,CN1,181A 197A ,J,R,D,O ,L ,X,T,C,50,0,0,0,1763780,5913143
Auckland,27/07/2014,Sun,1645,LB,CS1C,303B 375B 922 ,,E,D,B ,F ,D,N,C,50,0,0,0,1763793,5913074
Auckland,23/10/2014,Thu,2030,FE,CN1C,181A ,,R,D,DO,F ,T,T,C,50,0,0,0,1763778,5913152
Auckland,26/12/2014,Fri,1320,FA,CS1C,181A 330A ,,R,D,B ,F , ,N,C,50,0,0,0,1764169,5914398
Auckland,07/07/2014,Mon,1615,AA,CN1T4,381A ,,R,W,OF,L , ,N,C,50,0,0,0,1764219,5914496
Auckland,11/04/2014,Fri,1740,JA,CS1C,308B 314B 377B 925 ,,E,D,O ,F ,D, ,C,50,0,0,0,1764311,5914674
Auckland,29/10/2014,Wed,1205,FD,CS1C,112A 331A 901 ,,R,W,O ,H , , ,C,50,0,0,0,1763933,5913935
Auckland,19/09/2014,Fri,858,KA,CN1V,302B 387B ,,R,D,O ,F ,T,G,C,50,0,0,0,1764160,5914380
Auckland,22/06/2014,Sun,1912,AA,CN1C,158A 159A 514A ,C,R,W,DO,F ,T,N,C,100,0,0,0,1763921,5912398
Auckland,21/05/2014,Wed,2140,DB,CN2,101A 131A 501A ,PS,M,W,DO,L ,T,T,R,50,0,0,0,1763867,5912692
Auckland,04/12/2014,Thu,315,DC,CS2,412A 423A ,P,M,D,DO,F ,T,T,R,50,0,0,0,1763867,5912692
Auckland,19/01/2014,Sun,1116,FE,CN1CC,405A 423A ,,R,D,BF,F ,X,T,C,50,0,0,0,1763906,5912480
Auckland,05/10/2014,Sun,847,LB,VN1C,303B 387B ,,R,D,BF,F ,X,T,R,50,0,0,1,1763904,5912490
Auckland,10/01/2014,Fri,1315,AA,CN1C,372A ,,R,D,B ,F ,X,T,P,50,0,0,0,1763904,5912490
Auckland,12/06/2014,Thu,1100,GF,CS1C,176A ,,M,D,B ,F ,X,T,R,50,0,0,0,1763904,5912490
Auckland,03/11/2014,Mon,1811,FE,CN1C,331A ,,R,D,O ,F ,T,T,C,50,0,0,0,1763921,5912398
Auckland,16/09/2014,Tue,1306,FE,CN1C,104A 112A 181A ,,R,D,O ,F ,T,T,C,100,0,1,1,1763884,5912598
Auckland,26/08/2014,Tue,842,AA,CN1T,372A ,,R,D,B ,F , , ,R,50,0,0,0,1764091,5911544
Auckland,05/09/2014,Fri,1225,JA,CN14,308B 314B 377B 925 ,,R,D,BF,F ,D,N,C,50,0,0,0,1764101,5911494
Auckland,25/11/2014,Tue,545,LB,CS1C,322A ,,R,D,O ,F ,X,T,C,50,0,0,0,1764087,5911563
Auckland,01/01/2014,Wed,2020,MC,4N1C,372B ,,R,D,DO,F , ,N,C,50,0,0,0,1763903,5913876
Auckland,20/03/2014,Thu,850,JA,CN1C,308B 314B 377B 925 ,,R,D,BF,F ,D,N,C,50,0,0,1,1763764,5913611
Auckland,12/11/2014,Wed,1717,JA,4N14,308B 314B 377B 925 ,,E,W,OF,L ,D,G,C,50,0,0,0,1763740,5913565
Auckland,05/04/2014,Sat,350,CB,4N1,103A 129A ,FP,R,D,DO,F , ,N,C,50,0,0,0,1764052,5914167
Auckland,01/03/2014,Sat,1115,JA,CS1C,302B 375B ,,R,D,BF,F ,T,G,C,50,0,0,0,1763868,5913811
Auckland,22/07/2014,Tue,1258,BO,CS2C,122A 386A 386B ,,E,D,B ,F ,R,G,C,50,0,0,0,1745561,5917550
Auckland,06/08/2014,Wed,1000,HA,CN1C,322A 334A 361A 801 ,,R,W,O ,L ,T,T,R,50,0,0,0,1763811,5912978
Auckland,26/04/2014,Sat,920,KA,CS1C,302B 375B ,,R,D,OF,F ,X,G,C,50,0,0,0,1763811,5912978
Auckland,20/11/2014,Thu,2045,FE,CS1C,181A 334A 387A ,,R,D,DO,F ,T,T,R,50,0,0,0,1763780,5913139
Auckland,25/08/2014,Mon,820,FB,CW2C,181A 331A ,,R,D,B ,F ,T,G,C,50,0,0,0,,
Auckland,28/11/2014,Fri,1839,AC,VS1C,372A 904 ,,R,W,O ,M , , ,C,50,0,0,0,1763806,5913007
Auckland,15/04/2014,Tue,715,FE,CS1C,181A 331A ,,R,D,BF,F ,R,T,C,50,0,0,0,1763844,5912814
Auckland,14/11/2014,Fri,1340,AC,TS1C,372A 671A ,,R,D,B ,L , ,N,C,50,0,0,0,1763944,5912290
Auckland,28/02/2014,Fri,234,CA,4N1,103A 205A 817 ,IR,R,D,DO,F , ,N,R,50,0,0,0,1763966,5912224
Auckland,05/09/2014,Fri,1756,KA,CN1C,322A ,,R,W,DO,L ,T,T,C,50,0,0,0,1763950,5912271
Auckland,03/01/2014,Fri,1537,FE,CN1C,331A 358A ,,R,D,BF,F ,T,T,C,50,0,0,1,1763950,5912271
Auckland,01/05/2014,Thu,1145,FE,TS1V,331A 387A ,,R,D,BF,F , ,T,C,50,0,0,0,1764133,5914326
Auckland,26/12/2014,Fri,1315,AC,CN1C,159A 191A ,,R,D,BF,F , ,N,C,50,0,0,0,1764011,5914086
Auckland,30/04/2014,Wed,750,GO,TS1V,179A ,,E,D,B ,F ,R,G,L,50,0,0,0,1763987,5912088
Auckland,13/06/2014,Fri,1730,GF,CN1C,372A 381A ,,R,D,TO,F ,R,G,R,50,0,0,0,1763994,5912055
Auckland,05/09/2014,Fri,1035,AO,VS1V,172A 184A 330A ,,M,D,B ,F ,R,G,C,50,0,0,0,1763987,5912088
Auckland,21/03/2014,Fri,1615,HA,CN1C,302A 375A ,,R,D,BF,F ,R,G,R,50,0,0,0,1763987,5912088
Auckland,12/04/2014,Sat,1110,KA,CS1C,308B 926 ,,R,D,B ,F ,D,N,C,50,0,0,0,1764301,5914654
Auckland,09/03/2014,Sun,859,KB,CN1C,301B 382B ,,R,W,OF,L ,T,S,C,50,0,0,0,1757794,5917395
Auckland,04/09/2014,Thu,720,JC,4W2C,301A 375A ,,R,D,OF,F ,T,S,C,50,0,0,1,1757794,5917395
Auckland,20/12/2014,Sat,1900,BC,CN1C,111A 122A ,,M,W,O ,L ,T,S,C,50,0,0,0,1757625,5917886
Auckland,16/01/2014,Thu,1730,AC,4E1C,159A ,,R,D,O ,F ,T,G,C,50,0,0,0,1759402,5909238
Auckland,05/12/2014,Fri,1630,MD,CN1V,371B 929 ,,R,D,ON,F ,D,N,C,50,0,0,0,1758967,5908683
Auckland,12/11/2014,Wed,745,FB,CN1C,331A 387A ,,R,D,B ,F ,T,G,L,50,0,0,0,1758930,5908591
Auckland,14/12/2014,Sun,1100,LB,CE14,191A 353A 191B 353B 801 ,,E,W,O ,L ,T,G,P,50,0,0,0,1757815,5917154
Auckland,22/09/2014,Mon,1225,JA,CN1C,308B 375B 926 ,,R,W,OF,L ,D,N,C,50,0,0,1,1757621,5917977
Auckland,09/05/2014,Fri,1705,NA,CN1E,713B ,,R,D,BF,F , ,N,C,50,0,0,0,1757800,5917320
Auckland,16/05/2014,Fri,1520,JA,SS1X,301B 375B ,,E,D,OF,F ,T,S,C,50,0,0,1,1757787,5917492
Auckland,27/02/2014,Thu,1525,GA,SS1C,112A 331A 402A ,,R,D,B ,F ,T,S,C,50,0,0,1,1757787,5917492
Auckland,27/05/2014,Tue,921,EO,TS1,686A ,B,R,D,BF,F , ,N,P,50,0,0,0,1754507,5918320
Auckland,21/08/2014,Thu,845,CB,CS1,129A 357A ,C,R,W,O ,F ,T,N,N,50,0,0,0,1754420,5917846
Auckland,21/08/2014,Thu,315,CA,CE1,130A 423A ,,R,W,DO,L , , ,N,50,0,0,0,1763630,5914073
Auckland,10/11/2014,Mon,233,DA,CE1,137A ,F,E,D,DO,F ,T,N,C,50,0,0,0,1754341,5926946
Auckland,01/11/2014,Sat,2300,MO,CW1V,371A 929 ,M,R,D,DO,F ,D, ,C,50,0,0,0,1768134,5899956
Auckland,14/05/2014,Wed,1615,DA,CE1,137A ,CJ,E,W,OF,H ,T,N,N,50,0,0,0,1771233,5910091
Auckland,27/07/2014,Sun,150,DA,CW1,111A 131A ,X,E,D,DO,F ,T,N,N,50,0,0,0,1771192,5910366
Auckland,05/11/2014,Wed,1656,FD,TN1CC,181A 331A ,,R,D,B ,F , , ,C,100,0,0,1,1763995,5912450
Auckland,16/06/2014,Mon,1629,FD,CN1V,181A 331A 387A 200B 801 ,,R,W,O ,L , , ,C,100,0,0,0,1763740,5912602
Auckland,27/07/2014,Sun,1947,AA,VN14,101A 184A ,,R,D,DF,F , , ,N,70,0,0,1,1763680,5912646
Auckland,25/02/2014,Tue,1502,CC,CN1,130A 501A ,G,R,D,B ,F , , ,N,100,0,0,1,1763777,5912576
Auckland,26/09/2014,Fri,2118,FD,CS14,181A ,,R,D,DO,F , ,N,N,80,0,0,0,1764050,5912492
Auckland,30/10/2014,Thu,1813,AC,CS1C,159A ,,R,D,OF,F , ,N,N,100,0,0,0,1764008,5912519
Auckland,17/07/2014,Thu,1545,AC,CS1C,372A 381A ,,E,D,OF,F , ,N,C,50,0,0,0,1764338,5912298
Auckland,18/02/2014,Tue,917,LB,CW1C,321A ,,M,D,B ,F ,T,S,C,50,0,0,0,1752379,5913563
Auckland,06/01/2014,Mon,2318,CB,CN1,112A 130A ,PT,R,D,DO,F , , ,C,50,0,1,0,1752747,5913771
Auckland,09/05/2014,Fri,255,HA,CN2C,302A 375A ,,M,D,DO,F ,R,G,C,50,0,0,0,1752199,5913545
Auckland,06/06/2014,Fri,640,BB,4S1C,124A 386A ,S,R,W,DN,M ,T,G,C,70,0,1,0,1776107,5900506
Auckland,07/05/2014,Wed,2215,DA,VS1C,103A 111A 131A ,MS,M,W,DN,L , ,N,C,100,0,0,0,1777060,5899135
Auckland,17/12/2014,Wed,1500,DB,CN1,111A 131A 402A ,FP,S,W,O ,L , , ,C,100,0,0,0,1776988,5899262
Auckland,23/02/2014,Sun,1359,BC,CN2C,103A 122A ,,R,D,BF,F ,T,G,C,50,0,0,0,1755731,5919381
Auckland,12/12/2014,Fri,345,DB,CS1,410A ,T,E,D,DN,F , , ,C,100,0,0,1,1731426,5927177
Auckland,19/05/2014,Mon,1450,DA,CS1,129A 134A ,,M,D,B ,F , , ,C,100,0,0,1,1728985,5924260
Auckland,16/05/2014,Fri,1120,BF,4N1C,136A 613A 622A ,F,E,D,B ,F , , ,C,100,0,0,1,1729203,5924703
Auckland,02/05/2014,Fri,811,BO,TN1C,124A 363A 370A ,,E,D,B ,F ,T,S,C,50,0,0,2,1732696,5928971
Auckland,26/01/2014,Sun,818,DC,CW2,103A 335A 357A ,X,R,D,ON,F ,T,N,C,100,0,0,0,1731443,5926318
Auckland,11/07/2014,Fri,716,NG,VS1E,371A 710B 929 ,,R,D,ON,F ,D, ,C,80,0,0,1,1771233,5906599
Auckland,16/03/2014,Sun,1130,CB,CN1,137A 817 ,X,R,W,OF,H , ,N,C,80,0,0,0,1771055,5905871
Auckland,20/03/2014,Thu,730,HA,CW2V,301A 375A 817 ,,R,D,BF,F ,X,S,C,80,0,0,0,1771125,5906162
Auckland,22/05/2014,Thu,1807,FA,CN1C,357A 512A 357B 515B ,,E,D,DO,F , , ,C,60,0,0,0,1771446,5907690
Auckland,03/04/2014,Thu,830,JA,CN1C,302B ,,R,D,B ,F ,T,G,C,70,0,0,0,1771447,5907456
Auckland,29/07/2014,Tue,1730,BA,CN1C,129A 350A ,,R,D,DO,F , , ,C,60,0,0,0,1771344,5907033
Auckland,13/01/2014,Mon,1700,AC,CN1V,177A 184A 181B 184B ,,R,D,BF,F , ,N,N,60,0,0,0,1771361,5907111
Auckland,09/05/2014,Fri,2305,DA,CN1,129A ,E,E,W,DN,F , ,N,C,50,0,0,0,1770531,5904615
Auckland,28/11/2014,Fri,955,BF,VS1V,131B 402B 420B ,,S,W,B ,L , , ,C,80,0,0,0,1770717,5904580
Auckland,10/02/2014,Mon,1645,CB,CS1,112A 129A 514A 517A ,FP,R,D,BF,F , ,N,C,50,0,1,3,1770907,5905264
Auckland,28/02/2014,Fri,1700,FB,CS1C,181A ,,E,D,BF,F ,T,G,R,60,0,0,0,1770463,5904569
Auckland,06/05/2014,Tue,1400,FA,TN14,181A 331A ,FP,R,D,B ,F , , ,L,50,0,0,0,1770823,5904924
Auckland,20/04/2014,Sun,1830,MO,CN1,926,H,R,D,B ,F , ,N,C,50,0,0,0,1769554,5900447
Auckland,31/01/2014,Fri,1500,GB,CW1V,142B 192B 929 ,,R,D,B ,F ,D,N,N,50,0,0,0,1769410,5900386
Auckland,19/04/2014,Sat,1640,DA,CS1,103A 111A 131A 402A ,FG,M,W,ON,L , ,N,C,50,0,0,0,1769842,5900566
Auckland,24/08/2014,Sun,805,DA,CE2,111A 131A 514A ,P,S,D,B ,F ,T,N,N,50,0,0,0,1767735,5908923
Auckland,13/06/2014,Fri,2210,DC,CW2,103A 111A 131A ,P,R,D,DO,F ,T,G,C,50,0,0,1,1759968,5913473
Auckland,05/10/2014,Sun,600,CC,CS1C,101A 130A 402A ,M,R,D,DO,F , , ,C,50,0,0,0,1759724,5905980
Auckland,10/08/2014,Sun,1130,MD,CW1CC,371B 902 929 ,M,R,D,BF,F , ,N,C,50,0,0,0,1759800,5905900
Auckland,13/05/2014,Tue,1740,HA,CE1C,302B 375B ,,R,D,BF,F ,X,G,C,50,0,0,0,1768245,5910678
Auckland,27/02/2014,Thu,745,BA,CW1CV,125A 197A 839 ,B,R,D,OF,F , ,N,C,50,0,0,0,1768609,5910587
Auckland,10/02/2014,Mon,730,EA,CN1C,129A 358A ,M,R,D,B ,F , ,N,C,50,0,0,0,1767732,5909872
Auckland,06/11/2014,Thu,615,AO,CE1C,184A ,P,R,D,B ,F , , ,C,50,0,0,0,1759921,5911768
Auckland,22/09/2014,Mon,1225,AC,CE1C,177A 372A 130B 191B 901 ,FJ,M,W,O ,H , , ,C,50,0,0,0,1759951,5911764
Auckland,09/05/2014,Fri,1047,FD,TE14T,181A 331A 352A ,,R,D,B ,F , , ,C,50,0,0,0,1760030,5911772
Auckland,21/12/2014,Sun,2350,DA,CE1,111A 131A ,P,E,D,DO,F ,X,S,C,50,0,0,0,1759844,5911803
Auckland,17/07/2014,Thu,1043,AA,CE1C,372A ,,R,D,BF,F , ,N,R,50,0,0,1,1759839,5911805
Auckland,12/06/2014,Thu,610,FD,VE1C4,181A 181B ,,E,W,DO,F , , ,R,50,0,0,1,1759815,5911809
Auckland,25/06/2014,Wed,2036,DA,CE1,103A 801 ,IP,E,W,DO,L ,T,S,R,50,0,0,0,1759885,5911783
Auckland,19/06/2014,Thu,740,JA,CE1C,301B ,,R,W,O ,L ,T,S,R,50,0,0,0,1759854,5911800
Auckland,25/11/2014,Tue,2130,DC,CS2C,103A 113A 321A ,,R,D,DO,F ,T,S,C,50,0,2,1,1759854,5911800
Auckland,12/06/2014,Thu,555,JA,CE1C,301B 377B ,,E,W,DO,F ,X,S,C,50,0,0,1,1759885,5911783
Auckland,26/09/2014,Fri,1215,AA,TE1C,184A ,,R,D,B ,F , , ,P,50,0,0,0,1760343,5911808
Auckland,22/09/2014,Mon,1700,AA,CE1T,372A 402A ,,R,D,O ,F , ,N,C,50,0,0,0,1760515,5911828
Auckland,11/07/2014,Fri,1300,AC,VE1C,372A ,,E,D,OF,F , ,N,C,50,0,0,0,1760401,5911814
Auckland,03/06/2014,Tue,1740,AO,TE1C,184A 184B ,,R,D,DO,F , , ,P,50,0,0,0,1760297,5911803
Auckland,28/01/2014,Tue,1508,FD,CE14,331A 350A ,,R,D,BF,F , ,N,C,50,0,0,1,1760267,5911799
Auckland,27/11/2014,Thu,1735,AO,TW1C,381A 671A ,,R,D,BF,F , ,N,C,50,0,0,0,1760138,5911785
Auckland,13/09/2014,Sat,620,LB,TE1C,303B 322B ,,R,W,O ,F ,M,T,C,50,0,0,0,1760416,5911816
Auckland,05/02/2014,Wed,1010,EA,TN1V,129A ,M,R,D,B ,F , , ,C,50,0,0,0,1761448,5912318
Auckland,03/12/2014,Wed,1258,JA,TS1C,302B 927 ,,R,D,B ,F ,D,G,C,50,0,0,0,1761424,5912273
Auckland,18/02/2014,Tue,1120,FD,VS1CT,331A 352A ,,R,D,BF,F , ,N,C,50,0,0,0,1761377,5912185
Auckland,23/01/2014,Thu,1735,AA,VN1M,372A ,,R,D,BF,F , ,N,C,50,0,0,1,1761354,5912141
Auckland,22/05/2014,Thu,1009,KB,CN1T,386B 927 ,,E,D,B ,F ,D,N,P,50,0,0,0,1761303,5912055
Auckland,07/11/2014,Fri,739,FE,VS1T,330B 420B ,,E,D,O ,F ,X,T,C,50,0,0,0,1761518,5912450
Auckland,07/03/2014,Fri,2315,AC,CN1C,150A 386A ,,R,D,DO,F , ,N,C,50,0,0,0,1761192,5911915
Auckland,20/06/2014,Fri,1415,AA,CE1C,372A ,,R,D,B ,F , , ,R,50,0,0,0,1759362,5911772
Auckland,29/01/2014,Wed,908,HA,CS1C,322B 334B ,,R,D,O ,F ,M,T,P,50,0,0,1,1758766,5911767
Auckland,15/09/2014,Mon,950,AC,TW1CV,372A ,MPS,R,D,B ,F , , ,P,50,0,0,0,1759008,5911791
Auckland,04/03/2014,Tue,759,FE,TW1CC,181A ,,E,D,BF,F ,X,T,C,50,0,0,0,1758776,5911770
Auckland,14/10/2014,Tue,1315,JA,CS1T,302B 308B 927 ,,R,D,B ,F ,D,G,C,50,0,0,0,1761337,5912110
Auckland,05/04/2014,Sat,1630,AC,CW1C,372A ,,R,D,B ,F ,X,G,C,50,0,0,0,1758866,5911780
Auckland,22/10/2014,Wed,1005,KB,CW1CC,322A ,,R,D,BF,F ,X,T,C,50,0,0,0,1758856,5911779
Auckland,16/04/2014,Wed,1745,FD,4W1C,181A ,,R,D,OF,F , ,N,C,50,0,0,0,1759537,5911786
Auckland,01/07/2014,Tue,1145,JA,CE1V,302B 377B ,,R,W,O ,F ,X,G,R,50,0,0,2,1759657,5911796
Auckland,13/04/2014,Sun,1908,JA,CE2C,323B 351B ,,R,D,DO,F ,X,T,C,50,0,0,0,1756679,5919909
Auckland,13/08/2014,Wed,437,DB,CN1,102A 131A ,G,E,W,DO,F , ,N,N,50,0,0,0,1756660,5919862
Auckland,09/01/2014,Thu,1022,AO,TN1C,129A ,,R,W,O ,F ,X,T, ,50,0,0,0,1756777,5920194
Auckland,09/09/2014,Tue,1733,FD,CN1CC,181A 330A ,,R,D,O ,F ,M,T,L,50,0,0,0,1756767,5920166
Auckland,11/06/2014,Wed,1523,MG,CW2C,371B ,,R,D,B ,F ,X,T,C,50,0,0,0,1756774,5920184
Auckland,17/01/2014,Fri,1705,AO,4N1C,129A ,,M,D,B ,F ,X,T,C,50,0,0,0,1757012,5920810
Auckland,21/01/2014,Tue,1247,GD,CN1C,112A 333A ,,R,D,B ,F ,T,N,C,50,0,0,1,1756977,5920714
Auckland,14/04/2014,Mon,1656,HA,TN2V,301A 370A ,,R,D,O ,F ,X,S,R,50,0,0,0,1769089,5880074
Auckland,29/04/2014,Tue,730,MO,CW1C,129A 922 ,,E,D,BF,F ,D,N,C,50,0,0,0,1771302,5914952
Auckland,01/06/2014,Sun,1400,KB,CN1C,308B 375B 929 ,,R,D,BF,F ,D,N,N,50,0,0,0,1756698,5919985
Auckland,09/02/2014,Sun,2337,HA,CN1C,322B ,,R,D,DO,F ,X,T,C,50,0,0,1,1756679,5919909
Auckland,24/03/2014,Mon,1451,GF,4W24,103A 381A ,,R,D,BF,F ,X,T,R,50,0,0,0,1756679,5919909
Auckland,03/08/2014,Sun,505,MO,TS1C,103A 371A 517A 801 ,M,R,W,DO,L ,T,N,C,50,0,0,0,1756885,5920473
Auckland,01/03/2014,Sat,1130,EA,CN1B,129A 385A ,Q,R,D,OF,F , ,N,N,50,0,0,0,1756817,5920296
Auckland,21/03/2014,Fri,900,GF,CN1V,129A ,,E,D,O ,F ,X,T,N,50,0,0,0,1756853,5920389
Auckland,15/01/2014,Wed,602,HA,CE2V,322A 334A ,,R,D,O ,F ,X,T,C,50,0,0,0,1756853,5920389
Auckland,25/11/2014,Tue,1554,AA,CN1B,352A 372A ,,R,D,OF,F ,T,T,N,50,0,0,0,1756998,5920769
Auckland,30/07/2014,Wed,620,EC,CS1,341A 410A ,X,R,W,OF,L , ,N,C,50,0,0,2,1765273,5904202
Auckland,15/11/2014,Sat,1536,NA,CN1E,712B 713B 727B ,,E,W,OF,L ,T,S,C,50,0,1,0,1744246,5917894
Auckland,18/06/2014,Wed,2344,DA,CW1,103A 111A 131A ,T,M,W,DO,L , , ,N,50,0,0,0,1753080,5914332
Auckland,31/07/2014,Thu,1620,CB,PW1,129A ,P,R,D,BF,F , ,N,C,50,0,1,0,1756200,5918287
Auckland,14/12/2014,Sun,1416,LB,CW1C,303B 930 ,,R,D,O ,F ,D,N,C,50,0,0,2,1753899,5917121
Auckland,22/01/2014,Wed,1510,JA,CW1C,301B 353B 377B ,,R,D,OF,F ,T,S,P,50,0,0,0,1753837,5917071
Auckland,19/11/2014,Wed,1830,JA,CS1C,301B 370B 401B ,,R,D,O ,F ,T,S,P,50,0,0,1,1753837,5917071
Auckland,27/05/2014,Tue,827,NF,4S2E,370A 711B ,,E,D,B ,F ,T,S,P,50,0,0,1,1753271,5916833
Auckland,20/05/2014,Tue,1535,FD,CW1CC,331A 181B 902 ,,R,D,B ,F , , ,C,50,0,0,0,1753255,5916831
Auckland,28/10/2014,Tue,545,AC,CN1M,330A 372A 801 ,,M,W,DO,L ,T,S,C,50,0,1,0,1753055,5916781
Auckland,15/04/2014,Tue,1226,JA,CE1C,301B ,,M,D,O ,F ,T,S,C,50,0,0,0,1753062,5916788
Auckland,11/04/2014,Fri,1510,JA,BN1C,301B 370B ,,M,D,B ,F ,T,S,C,50,0,1,0,1753062,5916788
Auckland,17/03/2014,Mon,1530,FF,CE1S,181A 357A 357B ,,R,D,BF,F ,T,G,C,50,0,0,0,1756899,5918616
Auckland,11/07/2014,Fri,1014,LB,CN1C,314B 377B ,,R,D,OF,F ,X,G,C,50,0,0,0,1756906,5918623
Auckland,17/07/2014,Thu,900,LB,CN14,303B 377B 404B ,,R,D,B ,F ,T,S,C,50,0,0,1,1756906,5918623
Auckland,13/06/2014,Fri,1750,GB,SS1C,370B 929 ,,R,D,DO,F ,D,N,C,50,0,0,1,1751594,5915254
Auckland,22/12/2014,Mon,1712,MD,CN1C,308B 357B 371B 929 ,,R,D,B ,F ,D,N,C,50,0,0,0,1751829,5915381
Auckland,15/05/2014,Thu,2245,HA,CS2C,334A 334B ,,R,D,DO,F ,M,T,C,50,0,0,0,1751565,5915247
Auckland,15/04/2014,Tue,1856,JA,PS1C,301B 375B ,,R,D,DO,F ,T,S,C,50,0,0,1,1751925,5915485
Auckland,29/08/2014,Fri,955,JA,VS14,301B 375B ,,R,D,B ,F ,X,S,C,50,0,0,1,1751925,5915485
Auckland,12/07/2014,Sat,830,JA,CS1V,301B 353B 375B ,,R,W,OF,L ,T,S,C,50,0,0,0,1751925,5915485
Auckland,15/04/2014,Tue,1757,KC,CW1C,315B 922 ,,R,D,B ,F ,D,N,P,50,0,0,0,1755777,5917994
Auckland,13/08/2014,Wed,900,LB,PE1C,303B 314B 929 ,,R,D,O ,F ,D,N,N,50,0,0,1,1755668,5917938
Auckland,30/12/2014,Tue,2000,AA,VE1C,184A 372A ,,R,D,BF,F ,X,T,N,50,0,0,0,1755717,5917946
Auckland,18/06/2014,Wed,1209,KB,MW1C,301B ,,R,D,B ,F ,T,S,N,50,0,0,1,1753606,5916959
Auckland,12/05/2014,Mon,1807,LB,SE1C,303B 375B ,,R,D,DN,F ,T,S,C,50,0,0,1,1753606,5916959
Auckland,26/04/2014,Sat,1538,AC,CE1M,372A 386A ,,R,D,O ,F , ,N,C,50,0,0,1,1752847,5916574
Auckland,07/07/2014,Mon,1215,HA,CS1C,322B ,,R,W,OF,L ,X,T,C,50,0,0,1,1752880,5916612
Auckland,04/05/2014,Sun,745,HA,CS2C,322B 334B ,,R,D,B ,F ,X,T,C,50,0,0,0,1752880,5916612
Auckland,10/05/2014,Sat,920,FE,CE1C,331A ,,R,D,B ,F , ,T,X,50,0,0,0,1755497,5917899
Auckland,19/07/2014,Sat,1515,HA,CE1C,322B 334B ,,R,W,O ,F ,T,T,C,50,0,0,0,1756741,5918553
Auckland,23/02/2014,Sun,1424,JA,CE1C,322A 334A ,,E,D,B ,F ,T,T,C,50,0,0,0,1756741,5918553
Auckland,06/03/2014,Thu,821,CB,CW1,129A 363A ,X,R,D,BF,F , ,N,P,50,0,0,0,1755997,5918220
Auckland,09/10/2014,Thu,1730,LB,MW1C,209A 303B 314B ,,R,D,O ,F ,T,S,C,50,0,0,1,1756025,5918231
Auckland,28/05/2014,Wed,728,BA,CS1C,125A 410A ,,R,D,OF,M , ,N,C,50,0,0,0,1752021,5915595
Auckland,28/06/2014,Sat,1051,FA,CS1T,101A 181A 331A ,,R,W,OF,F , , ,C,50,0,0,0,1751956,5915520
Auckland,07/10/2014,Tue,1432,FE,CN1X,330A 385A ,,R,D,BF,F ,T,T,C,50,0,0,0,1752008,5915580
Auckland,18/10/2014,Sat,1659,MA,ME1C,373B ,,R,W,O ,F , ,N,P,50,0,0,0,1754559,5917579
Auckland,11/08/2014,Mon,1725,LB,MW14,303B 375B 926 ,,E,D,O ,F ,D,N,C,50,0,0,1,1755926,5918180
Auckland,13/10/2014,Mon,935,MC,CW1C,372B 378B 831 ,,E,D,O ,F , , ,C,50,0,0,0,1755165,5917789
Auckland,06/09/2014,Sat,2239,GD,CW1CCC,103A 112A 929 ,KM,R,D,DO,F ,D,N,C,50,0,0,0,1755040,5917759
Auckland,22/08/2014,Fri,1255,KA,CW1C,301B 375B ,,R,D,BF,F ,X,S,C,50,0,0,0,1753764,5917022
Auckland,17/02/2014,Mon,1650,AC,CW1CB,381A ,,R, , F,  ,T,G,C,50,0,0,0,1756761,5918553
Auckland,18/07/2014,Fri,1725,LB,CS1C,303B 377B 404B ,,R,D,DO,F ,X,G,C,50,0,0,0,1753036,5916759
Auckland,16/09/2014,Tue,2230,EA,CN1C,129A ,M,R,D,DO,F , ,N,C,50,0,0,0,1753417,5916883
Auckland,14/11/2014,Fri,730,LB,CN1C,303B 377B 929 ,,R,D,BF,L ,D,N,P,50,0,0,0,1752685,5916382