TLANAME,CRASHDATE,CRASHDOW,CRASHTIME,MVMT,VEHICLES,CAUSES,OBJECTSSTRUCK,ROADCURVE,ROADWET,LIGHT,WTHRa,JUNCTYPE,TRAFCTRL,ROADMARK,SPDLIM,CRASHFATALCNT,CRASHSEVCNT,CRASHMINCNT,EASTING,NORTHING
Auckland,17/12/2014,Wed,1835,AA,VW1B,110A 159A ,,R,D,O ,F , , ,C,50,0,0,0,1754791,5917722
Auckland,08/08/2014,Fri,1940,MO,CW1C,371A 801 ,M,R,W,DO,L , , ,L,50,0,0,0,1754796,5917723
Auckland,09/09/2014,Tue,200,DA,CE1C,111A 131A 514A ,MP,M,D,DO,F , ,N,P,50,0,0,0,1754825,5917728
Auckland,23/11/2014,Sun,950,MC,PE1C,372B ,,R,W, F,L , ,N,C,50,0,0,0,1754737,5917711
Auckland,17/01/2014,Fri,910,FE,CE1C,181A ,,M,W,O ,L ,T,T,C,100,0,0,0,1754776,5917720
Auckland,11/11/2014,Tue,2015,MC,PW1C,372B 375B ,,R,W,DO,HS, ,N,C,50,0,0,0,1752905,5916629
Auckland,10/01/2014,Fri,910,BO,CN1C,197A ,,E,D,BF,F ,X,T,C,50,0,0,2,1752892,5916621
Auckland,17/10/2014,Fri,2100,AC,CN1C,372A 801 ,,R,W,DO,L ,X,T,C,50,0,0,0,1752876,5916608
Auckland,12/12/2014,Fri,1620,MA,SS1C,330B 372B ,,R,D,O ,F , ,N,C,80,0,0,1,1752783,5916498
Auckland,19/01/2014,Sun,1300,KA,TS1C,308B 375B 930 ,,R,D,B ,F ,D,N,C,50,0,0,0,1752763,5916475
Auckland,08/11/2014,Sat,1445,LB,SN1C,303B 925 ,,R,D,BF,F ,D,N,P,50,0,0,1,1752718,5916422
Auckland,05/08/2014,Tue,1530,FC,TS1C,331A ,,R,D,BF,F ,X,T,C,50,0,0,0,1752876,5916608
Auckland,15/03/2014,Sat,1140,JA,CE1C,308B 375B 926 ,,R,W,OF,L ,D,N,P,50,0,0,0,1752860,5916589
Auckland,16/09/2014,Tue,1311,CB,CS1,130A 504A ,T,R,D,B ,F ,T,N,C,50,0,0,1,1756921,5918637
Auckland,23/08/2014,Sat,2135,ND,CS1E,370A 427A 710B ,,E,D,DO,F ,T,G,C,50,0,0,0,1755852,5918103
Auckland,01/11/2014,Sat,1700,JA,CW1C,301B 387B ,,R,D,B ,F ,T,S,R,50,0,0,1,1756486,5918371
Auckland,13/08/2014,Wed,745,JA,PE1C,301B 377B ,,E,W,BF,L ,X,S,C,50,0,0,1,1756681,5918531
Auckland,09/10/2014,Thu,1240,MB,CS1C,303A 370A ,,R,D,B ,F , , ,P,50,0,0,0,1752385,5916027
Auckland,24/09/2014,Wed,1000,JA,CN1C,151A 314B 377B 927 ,,R,D,B ,F ,D, ,P,50,0,0,0,1752339,5915975
Auckland,11/05/2014,Sun,1856,MB,CS1C,372B 382B ,,E,D,DO,F , ,N,R,50,0,0,0,1752246,5915870
Auckland,17/09/2014,Wed,806,AA,CN1C,372A ,,R,D,O ,F , , ,P,50,0,0,0,1752207,5915824
Auckland,29/11/2014,Sat,1240,MG,CW1C,420B ,,R,D,BF,F , ,N,P,50,0,0,0,1752352,5915990
Auckland,18/09/2014,Thu,1850,AA,4N1C,372A 381A ,,R,D,DO,F , ,N,P,50,0,0,0,1752306,5915937
Auckland,03/05/2014,Sat,502,DA,CN1C,111A 131A ,M,E,W,DO,L , ,N,P,50,0,0,0,1754414,5917531
Auckland,27/11/2014,Thu,1755,FD,CS1C,331A 352A ,,R,D,BF,F , ,N,C,50,0,0,0,1754335,5917471
Auckland,26/06/2014,Thu,900,AA,BN1C,372A ,,R,W,O ,F , , ,C,50,0,0,0,1755702,5917944
Auckland,11/03/2014,Tue,2200,AO,CW1S,183A ,,E,D,DO,F ,X,T,C,50,0,1,0,1755717,5917946
Auckland,12/11/2014,Wed,745,JA,CE1V,375B ,,R,W,BF,L ,T,N,P,50,0,0,2,1753905,5917125
Auckland,19/09/2014,Fri,1753,JA,MN1C,308B 378B 839 930 ,,R,D,OF,F ,D,N,C,50,0,0,1,1751846,5915394
Auckland,14/05/2014,Wed,1745,JC,VW1C,308A 371A 929 ,,R,D,DO,F ,D,G,C,50,0,0,0,1751925,5915485
Auckland,16/02/2014,Sun,959,LB,CW1C,101B 303B ,,R,D,B ,F ,M,T,C,50,0,0,1,1751565,5915247
Auckland,27/07/2014,Sun,1520,KB,CE1C,308B 353B 375B 927 ,,R,D,OF,F ,D,N,C,50,0,0,0,1753854,5917085
Auckland,21/04/2014,Mon,2355,CA,CN2,103A 130A 423A 801 ,P,R,W,DO,L ,X,T,P,50,0,0,1,1754009,5917211
Auckland,28/07/2014,Mon,832,FE,CN1C,181A 331A ,,R,D,O ,F ,X,T,C,50,0,0,0,1754009,5917211
Auckland,17/05/2014,Sat,2330,FE,CE1C,331A ,,R,D,DO,F ,X,T,C,70,0,0,1,1754009,5917211
Auckland,25/02/2014,Tue,1609,JA,CS1V,308B 375B 922 ,,R,D,B ,F ,D,N,C,50,0,0,0,1755813,5918046
Auckland,12/03/2014,Wed,1335,JA,CS1C,301B 387B ,,R,D,B ,F ,T,S,C,50,0,0,0,1755779,5917996
Auckland,05/08/2014,Tue,1845,JA,VW1C,308B 404B 927 ,,R,D,DO,F ,D,N,R,50,0,0,0,1756562,5918427
Auckland,15/08/2014,Fri,713,LB,ME1C,303B 375B ,,E,W,O ,LS,T,N,P,50,0,0,1,1756573,5918436
Auckland,27/04/2014,Sun,1753,FC,CE1C,181A ,,R,D,BF,F ,T,N,X,50,0,0,0,1753773,5917026
Auckland,20/12/2014,Sat,855,FD,CE1C,181A 331A ,,R,D,O ,F ,X,S,R,50,0,0,1,1753759,5917020
Auckland,05/06/2014,Thu,840,AA,CW1C,372A ,,R,D,B ,F , , ,N,50,0,0,0,1753727,5917007
Auckland,28/11/2014,Fri,1611,CA,CE1CC,410A ,,R,D,B ,F ,X,S,C,50,0,0,0,1753764,5917022
Auckland,20/09/2014,Sat,1520,FD,CW1C,181A ,,R,D,OF,F , ,N,C,50,0,0,2,1752422,5916075
Auckland,29/04/2014,Tue,1910,FD,CN1CC,181A 330A ,,R,D,DO,F , ,N,C,50,0,0,0,1752352,5915990
Auckland,20/04/2014,Sun,9,HA,CS2C,103B 322B ,,R,W,DO,L ,X,T,P,50,0,0,0,1752402,5916052
Auckland,23/04/2014,Wed,830,EA,CN1C,129A ,M,R,D,BF,F , ,N,C,50,0,0,0,1752379,5914433
Auckland,08/10/2014,Wed,1120,EE,VE1C,374B ,M,R,D,O ,F , , ,C,50,0,0,0,1752022,5914688
Auckland,14/12/2014,Sun,1747,DB,CN1,103A 111A 131A 801 ,HK,M,W,O ,L , , ,C,50,0,0,0,1752965,5913585
Auckland,16/03/2014,Sun,2110,DB,CN1,103A 111A 131A ,K,M,W,DO,L ,M,N,C,50,0,0,0,1752966,5913584
Auckland,19/08/2014,Tue,1554,DA,VE1,108A 501A 901 ,FT,M,W,O ,H ,T,G,C,50,0,0,0,1752222,5914648
Auckland,24/12/2014,Wed,813,DA,CS1,131A ,F,E,W,OF,L , ,N,C,50,0,0,0,1752246,5914616
Auckland,06/05/2014,Tue,101,DB,CN1,410A ,P,M,W,DO,L ,T,G,C,50,0,0,0,1752228,5914641
Auckland,19/03/2014,Wed,4,DA,CS1,103A 131A ,F,M,D,DO,F ,T,G,C,50,0,0,0,1752228,5914641
Auckland,10/08/2014,Sun,800,DB,CN1V,103A 111A ,M,M,D,B ,F ,T,N,C,50,0,0,1,1752934,5913651
Auckland,19/02/2014,Wed,308,CA,CN1,103A 929 ,V,R,D,DO,F ,D,N,C,50,0,0,0,1752556,5914189
Auckland,03/10/2014,Fri,1750,AA,CN1T,372A 381A ,,R,D,O ,F , ,N,C,50,0,0,0,1752592,5914141
Auckland,23/09/2014,Tue,1455,AC,CN1C,372A ,,E,D,B ,F , , ,C,50,0,0,0,1752605,5914123
Auckland,01/09/2014,Mon,1550,MO,CN1C,330B 371B 801 ,,R,W,O ,L ,T,T,C,50,0,0,0,1752660,5914051
Auckland,30/07/2014,Wed,1940,MO,CN1C,330A ,,R,D,DO,F , ,N,C,50,0,0,0,1752685,5914020
Auckland,23/04/2014,Wed,829,CB,CW1C,358A ,M,R,W,BF,F , ,N,C,50,0,0,0,1752395,5914411
Auckland,12/12/2014,Fri,1526,JA,CW1C,301B 375B ,,R,D,OF,F ,T,S,C,50,0,0,0,1752151,5914661
Auckland,06/09/2014,Sat,710,LB,CE2C4,322A ,,R,D,BF,F ,T,T,C,60,0,0,0,1766628,5907643
Auckland,30/10/2014,Thu,930,MF,CN1C,377A 371B 377B 839 ,,R,D,O ,F ,T,G,C,50,0,0,0,1768844,5900995
Auckland,31/10/2014,Fri,1130,FB,CE1C,181A 331A ,,E,D,O ,F ,T,G,C,50,0,0,0,1756324,5919106
Auckland,14/07/2014,Mon,1650,FD,CS1C,331A ,,R,D,O ,F , , ,C,80,0,0,0,1756336,5918880
Auckland,18/06/2014,Wed,1840,LB,MS1C,303B 375B ,,R,D,DO,F ,T,G,P,50,0,1,0,1756268,5919214
Auckland,17/12/2014,Wed,1800,FD,CW1C,110A 181A ,,R,W,TF,F , ,N,C,50,0,0,0,1756723,5918864
Auckland,06/06/2014,Fri,1640,JA,CW1C,302B 314B 377B ,,R,D,OF,F ,T,G,C,50,0,0,2,1756703,5918869
Auckland,03/02/2014,Mon,1618,JA,CW1C,301B 377B ,,R,D,BF,F ,T,S,C,50,0,0,0,1756895,5918811
Auckland,23/11/2014,Sun,1013,JA,CW1C,302B 387B ,,R,D,BF,F ,T,G,C,50,0,0,0,1756821,5918835
Auckland,12/04/2014,Sat,1220,JA,MW1C,302B 375B ,,R,D,BF,F ,T,G,C,50,0,0,0,1756821,5918835
Auckland,01/08/2014,Fri,1443,HA,CN2C,302A 375A ,,R,D,BF,F ,X,G,C,50,0,0,0,1756583,5918905
Auckland,07/07/2014,Mon,1313,KB,CE1C,303B 375B 402B ,,R,W,O ,L ,X,G,C,50,0,0,0,1756583,5918905
Auckland,06/08/2014,Wed,810,JA,CE1C,302B ,,R,D,B ,F ,T,G,C,50,0,0,0,1756652,5918885
Auckland,25/07/2014,Fri,2305,AC,4N1C,372A ,,R,W,DO,L ,X,T,P,50,0,0,0,1756251,5919249
Auckland,17/05/2014,Sat,845,JA,CN1C,322B ,,E,D,O ,F ,X,T,C,50,0,0,0,1756247,5919258
Auckland,29/07/2014,Tue,2115,FE,CN1C,181A ,,R,D,DO,F ,X,T,P,50,0,0,1,1756247,5919258
Auckland,16/04/2014,Wed,1930,JA,CN1CC,322A ,,R,D,DO,F ,T,T,C,50,0,0,0,1756343,5919069
Auckland,30/08/2014,Sat,1425,JA,CW1C,302B 357B ,,R,W,O ,H ,T,G,R,50,0,0,0,1756343,5919069
Auckland,15/03/2014,Sat,920,JA,CN1C,322A ,,R,W,OF,HS,T,T,C,50,0,0,0,1756343,5919069
Auckland,28/04/2014,Mon,1720,FE,VS1C,181A ,,R,D,B ,F ,T,T,C,50,0,0,0,1756343,5919069
Auckland,22/11/2014,Sat,1030,AC,CN1C,372A ,,R,D, F,F , ,N,R,50,0,0,0,1756399,5918962
Auckland,16/12/2014,Tue,1815,PC,CN1E,330A 371A 376A 926 ,,R,D,O ,F ,D,N,P,50,0,0,1,1756309,5919138
Auckland,28/07/2014,Mon,1820,KA,CS1C,301B ,,R,D,DO,F ,T,S,C,50,0,0,0,1756305,5919147
Auckland,29/06/2014,Sun,2150,LB,SS1C,602A 303B 375B ,,R,D,DO,F ,T,G,C,50,0,0,0,1756305,5919147
Auckland,05/05/2014,Mon,1408,KB,CE1C,322B ,,E, , F,  ,T,T,C,50,0,0,0,1756527,5918905
Auckland,31/05/2014,Sat,1840,AC,CE14,159A ,,E,D,TO,F ,T,T,R,50,0,0,0,1756527,5918905
Auckland,05/03/2014,Wed,1240,NA,VE1E,306A 359A ,,E,D,BN,F ,T,T,X,50,0,1,0,1756527,5918905
Auckland,26/08/2014,Tue,930,LB,CN1C,323B ,,E,D,OF,F ,X,T,C,50,0,0,1,1756247,5919258
Auckland,30/04/2014,Wed,1220,FE,CE1C,181A ,,R,D,B ,F ,T,T,C,50,0,0,0,1756930,5918801
Auckland,17/04/2014,Thu,830,AA,CE1C,330A 372A ,,R,W,O ,F ,X,G,C,50,0,0,1,1756969,5918790
Auckland,19/12/2014,Fri,2238,LB,CE1C,303B 375B 402B ,,M,D,DO,F ,X,T,R,50,0,0,0,1756969,5918790
Auckland,04/08/2014,Mon,1300,FE,CE1C,350A 387A ,,R,D,BF,F ,X,T,C,50,0,0,0,1756969,5918790
Auckland,03/10/2014,Fri,1500,FE,CW1C,181A 800 ,,R,D,O ,FS,T,T,L,50,0,0,0,1756762,5918852
Auckland,01/03/2014,Sat,711,JA,VE1C,322A ,,R,D,BF,F ,T,T,C,50,0,1,1,1756762,5918852
Auckland,06/10/2014,Mon,1430,FB,4E1C,331A 352A 845 ,,E,D,O ,F ,T,G,C,50,0,0,1,1764008,5916641
Auckland,09/12/2014,Tue,1414,CB,CE1,130A 504A ,T,R,D,B ,F ,T,T,C,50,0,0,0,1763984,5916637
Auckland,17/05/2014,Sat,2120,DA,CS1CC,103A 111A 131A ,MM,E,W,DO,F , ,N,N,50,0,0,0,1762490,5919319
Auckland,27/05/2014,Tue,755,DA,CW1,131A 363A 902 ,C,E,D,B ,F , , ,N,50,0,0,1,1758421,5920371
Auckland,16/05/2014,Fri,415,LB,CN2C,103A 302A 330A ,,M,D,DO,F ,R,G,P,50,0,0,0,1761605,5919011
Auckland,27/01/2014,Mon,1800,LB,CS14,303B 382B ,,R,D,BF,F ,T,G,C,50,0,0,0,1761340,5919330
Auckland,03/10/2014,Fri,1750,JA,VS1C,301B 375B ,,E,D,TF,F ,T,S,C,50,0,0,0,1761340,5919330
Auckland,15/11/2014,Sat,2230,DB,CN1,110A 622A ,C,E,W,DO,F , ,N,C,50,0,0,0,1761287,5919649
Auckland,15/06/2014,Sun,235,DA,CS1,103A 111A 131A ,CT,M,W,DO,L , ,N,C,50,0,0,3,1760984,5919833
Auckland,23/05/2014,Fri,400,DA,CN1,111A 131A ,Z,E,D,DO,F , ,N,C,50,0,0,1,1760985,5919823
Auckland,13/10/2014,Mon,1945,DB,CS1,194A ,T,E,D,TO,F , , ,C,50,0,0,1,1761084,5919715
Auckland,05/10/2014,Sun,16,DB,CS1,111A 131A 801 ,C,M,W,DO,L , , ,C,50,0,0,0,1761093,5919711
Auckland,30/04/2014,Wed,1300,MO,CE1C,371A ,M,R,D,B ,F , ,N,C,50,0,0,0,1757017,5916718
Auckland,02/12/2014,Tue,1600,MO,CW1T,351A 357A 371A 929 ,M,E,D,BF,F ,D,N,N,50,0,0,0,1765400,5899110
Auckland,27/02/2014,Thu,1640,GF,CW1C,129A ,,R,D,TF,F ,X,G,C,50,0,0,0,1765253,5899323
Auckland,08/08/2014,Fri,1246,QD,CS1,428A ,F,R,D,BF,F , ,N,C,50,0,0,0,1755013,5927065
Auckland,07/06/2014,Sat,145,DA,CS1,103A 131A ,F,M,D,DO,F , ,N,C,50,0,0,0,1749376,5914450
Auckland,17/05/2014,Sat,1554,MA,CS1C,373B ,,R,D,O ,F , ,N,C,50,0,0,1,1756341,5928300
Auckland,08/05/2014,Thu,2143,DA,CE1C,111A ,M,E,W,DO,F , ,N,C,50,0,0,0,1756309,5929133
Auckland,20/04/2014,Sun,1720,EA,CW1C,129A 130A 363A 902 ,M,R,W,B ,F , , ,C,50,0,0,1,1748276,5915299
Auckland,17/03/2014,Mon,1735,EA,CE1C,129A ,M,M,D,BF,F , ,N,C,50,0,0,0,1756219,5928194
Auckland,11/11/2014,Tue,1715,FB,CN1C,331A ,,R,D,O ,F ,T,G,C,50,0,0,0,1764507,5904467
Auckland,10/05/2014,Sat,104,EA,CS1C,129A 517A ,M,E,D,DO,F , ,N,N,50,0,0,0,1767190,5907493
Auckland,06/06/2014,Fri,420,EA,CS1C,103A 129A ,M,R,W,DO,F , , ,C,50,0,0,0,1760044,5915760
Auckland,09/04/2014,Wed,1430,AO,CS1C,112A 150A ,,R,D,B ,F , ,N,C,50,0,0,0,1747817,5912438
Auckland,24/11/2014,Mon,1545,MO,VS1C,386B 929 ,M,E,D,O ,F ,D, ,C,50,0,0,0,1766291,5904774
Auckland,08/04/2014,Tue,1459,EA,TS1CCC,130A 412A ,M,E,D,B ,F , , ,C,50,0,0,1,1757268,5918194
Auckland,29/04/2014,Tue,1900,DA,VS1CCC,131A 358A 407A ,M,E,D,DO,F , , ,C,50,0,0,0,1757215,5918318
Auckland,06/08/2014,Wed,1640,FB,VE1V,331A 350A ,,E,D,O ,F ,R,G,C,50,0,0,0,1773433,5891862
Auckland,14/05/2014,Wed,1400,HA,CW1S,302A 534B ,,R,W,O ,L ,R,G,R,50,0,0,1,1741657,5918580
Auckland,16/12/2014,Tue,2330,CB,CE1,103A 410A ,PT,R,D,DN,FS, ,N,C,100,0,0,1,1784294,5913662
Auckland,28/10/2014,Tue,830,DA,CS1,131A 402A 801 ,FT,M,W,O ,L , , ,C,100,0,0,0,1781820,5905040
Auckland,15/10/2014,Wed,1750,DA,VN1,103A 111A ,C,M,D,B ,F , ,N,C,100,0,0,3,1782997,5907641
Auckland,17/12/2014,Wed,1200,DA,CS2,111A 131A 402A 901 ,G,M,W,O ,H ,X,T,C,50,0,0,0,1756357,5927148
Auckland,28/10/2014,Tue,857,DA,CW2,131A 801 901 ,K,S,W,O ,H ,X,G,N,50,0,0,0,1756357,5927148
Auckland,15/08/2014,Fri,1110,CB,CW1,501A ,T,R,D,B ,F , , ,P,50,0,0,0,1755904,5926723
Auckland,13/05/2014,Tue,700,FB,CS1C,181A ,,E,D,BF,F ,X,T,C,50,0,0,0,1755962,5926779
Auckland,13/08/2014,Wed,945,FB,CN1C,331A ,,R,D,BF,F ,X,T,C,50,0,0,0,1755962,5926779
Auckland,29/09/2014,Mon,725,LB,CE1C,303B 927 ,,R,W,O ,L ,D,N,C,50,0,0,0,1756415,5927203
Auckland,16/05/2014,Fri,1452,JA,SE14,204A 302B 353B ,,R,D,BF,F ,T,G,R,50,0,0,0,1756331,5927124
Auckland,03/03/2014,Mon,1055,AC,TE1C,372A 671A ,,R,D,BF,F , ,N,R,50,0,0,0,1756431,5927217
Auckland,30/08/2014,Sat,2136,DA,CW1,110A 134A 402A ,G,S,W,DO,F ,X,G,C,50,0,0,0,1756442,5927227
Auckland,03/10/2014,Fri,603,DB,CE1,131A 801 ,G,R,W,TO,L ,X,T,C,100,0,0,0,1756357,5927148
Auckland,22/08/2014,Fri,1825,LB,CE1C,303B ,,R,D,DO,F ,X,T,C,50,0,0,2,1756357,5927148
Auckland,10/02/2014,Mon,1035,FE,4W1C,133A 423A ,,R,D,BF,F ,X,T,R,50,0,0,0,1756449,5927234
Auckland,06/07/2014,Sun,920,KA,SS14,302B ,,M,D,O ,F ,R,G,N,50,0,0,0,1755755,5926581
Auckland,03/05/2014,Sat,1538,FD,CW1C,331A 361A ,,R,D,BF,F , ,N,C,50,0,0,0,1756584,5927362
Auckland,01/05/2014,Thu,1500,JA,CE1C,302B 375B 830 ,,R,D,B ,F ,T,G,R,50,0,0,2,1756595,5927372
Auckland,22/07/2014,Tue,1010,JA,CE1C,322A ,,R,D,OF,F ,T,T,R,50,0,0,1,1756595,5927372
Auckland,17/03/2014,Mon,800,FF,CE1T,428B ,,R,D,OF,F ,X,T,C,50,0,0,0,1755962,5926779
Auckland,21/11/2014,Fri,810,KA,CN1C,302B 375B ,,R,D,B ,F ,X,G,R,50,0,0,0,1755962,5926779
Auckland,29/07/2014,Tue,1851,AC,CS1C4,103A 330A 372A ,,R,D,DO,F ,X,T,R,50,0,0,0,1755962,5926779
Auckland,14/10/2014,Tue,1742,EC,CS14,129A 359A 402A ,M,R,D,B ,F , , ,C,50,0,0,1,1757995,5926957
Auckland,27/05/2014,Tue,705,CA,CN1CC,103A 129A 130A ,M,R,D,DO,F , , ,C,50,0,0,0,1755122,5918672
Auckland,07/03/2014,Fri,2100,EA,CS1C,386A ,M,R,D,B ,F , ,N,C,50,0,0,0,1771516,5912897
Auckland,06/11/2014,Thu,1130,EA,CE1C,129A ,M,R,D,O ,F , , ,N,50,0,0,0,1745110,5918322
Auckland,06/05/2014,Tue,2000,EA,CW1C,386A ,M,R,D,B ,F ,T,N,C,50,0,0,0,1756675,5918756
Auckland,06/03/2014,Thu,1000,PO,VS1E,440A 720B ,,E,D,B ,F , ,N,C,50,0,0,0,1758463,5917897
Auckland,03/10/2014,Fri,1200,FE,CN1C,181A ,,R,D,B ,F ,T,T,C,50,0,0,0,1758457,5917878
Auckland,01/11/2014,Sat,615,CC,CS1,103A 130A ,P,R,D,B ,F , , ,C,50,0,0,0,1755763,5912742
Auckland,22/02/2014,Sat,1301,GB,MN1C,372B ,,E,W,OF,L ,T,G,C,50,0,0,1,1755766,5912237
Auckland,02/09/2014,Tue,1000,LB,VS1C,303B ,,R,D,B ,F ,T,N,C,50,0,0,0,1770447,5899289
Auckland,13/10/2014,Mon,1429,CA,MS1,130A 402A 804 ,,R,D,B ,F ,T,G,C,50,0,0,1,1770447,5899289
Auckland,29/10/2014,Wed,1015,JA,TN1C,308B 378B 830 927 ,,E,W,OF,L ,D,N,N,50,0,0,1,1770582,5899120
Auckland,03/06/2014,Tue,1900,FA,CN1C,181A 331A ,,R,D,O ,F , ,N,C,50,0,0,0,1754879,5934709
Auckland,19/07/2014,Sat,1730,DA,40,103A 111A 131A ,T,E,W,DO,L , , ,C,50,0,0,0,1754039,5934228
Auckland,29/06/2014,Sun,1104,EA,CW1C,129A 350A ,M,R,D,OF,F , , ,C,50,0,0,0,1754022,5934217
Auckland,21/02/2014,Fri,2125,DB,CN1,103A 111A ,KS,E,D,DO,  ,R,G,C,50,0,0,0,1750948,5931095
Auckland,15/02/2014,Sat,1843,FD,CE1C4C,103A 371A ,,R,D,B ,F , ,N,C,50,0,0,0,1747200,5913617
Auckland,27/12/2014,Sat,2335,MO,CE1E,720B 929 ,J,R,D,DO,F ,D,N,C,50,0,0,0,1747029,5913680
Auckland,17/03/2014,Mon,715,LB,MN2C,303B 375B ,,E,D,OF,F ,T,S,C,50,0,0,0,1746936,5913718
Auckland,21/11/2014,Fri,930,EA,CW1C,129A 402A ,M,R,D,B ,F , , ,L,50,0,0,0,1755201,5926065
Auckland,19/12/2014,Fri,2114,CA,PW1,103A 129A 130A ,KT,R,D,DO,F ,T,S,C,50,0,1,0,1755369,5926220
Auckland,12/09/2014,Fri,751,GB,CE1B,158A ,,E,W,O ,L ,T,G,C,50,0,0,0,1755362,5926213
Auckland,22/01/2014,Wed,1530,EA,CW14,129A ,M,R,D,O ,F , , ,C,50,0,0,0,1780252,5926950
Auckland,18/05/2014,Sun,1200,FC,MN1C,181A ,,R,D,B ,F , , ,X,50,0,0,0,1755625,5926459
Auckland,07/07/2014,Mon,1832,GD,CW1C,103A 205A 331A 514A ,,R,W,DO,F ,T,G,P,50,0,0,1,1755636,5926470
Auckland,25/05/2014,Sun,1758,HA,CS1C,302A 375A ,,E,D,BF,F ,R,G,R,50,0,0,0,1755717,5926538
Auckland,23/03/2014,Sun,1320,GE,ME1C,387A 144B 927 ,,E,D,BF,F ,D,N,C,50,0,0,1,1778031,5927577
Auckland,13/03/2014,Thu,819,NB,CS1E,713B ,,R,D,B ,F , ,N,C,50,0,1,0,1755316,5926171
Auckland,13/07/2014,Sun,1640,MO,CE1C,371A ,,R,W,O ,L , , ,C,50,0,0,0,1754983,5925862
Auckland,05/05/2014,Mon,943,FB,CS14,130A 386A ,,R,D,O ,F ,T,G,P,50,0,0,0,1754923,5925787
Auckland,17/11/2014,Mon,1530,KA,CE1C,302B 375B ,,M,D,B ,F ,T,G,C,50,0,0,0,1754923,5925787
Auckland,28/09/2014,Sun,1130,DB,CN1,131A 631A ,,S,D,BN,F , ,N,N,100,0,0,0,1746033,5995419
Auckland,09/03/2014,Sun,1345,DC,CW1,335A ,IS,E,D,B ,F ,R,G,R,50,0,0,0,1779438,5927267
Auckland,17/02/2014,Mon,1554,DA,CE1X,136A 613A ,M,M,D,BF,F ,T,G,C,50,0,0,2,1779258,5927467
Auckland,19/09/2014,Fri,1630,DA,CN1,410A ,T,E,D,B ,F , , ,N,50,0,0,0,1767407,5906398
Auckland,14/05/2014,Wed,1300,MG,CW1C,372B ,,E,D,O ,F ,T,T,C,50,0,0,0,1754223,5914744
Auckland,11/08/2014,Mon,1100,EC,TN1C,129A ,M,E,D,B ,F , , ,C,50,0,0,0,1761712,5920021
Auckland,29/08/2014,Fri,1850,DB,CS1,358A 407A ,F,M,D,DN,F , ,N,C,80,0,0,0,1753441,5937696
Auckland,22/03/2014,Sat,1720,DB,MN1,103A 111A 131A ,X,M,D,B ,F , , ,C,50,0,1,0,1753440,5937508
Auckland,09/11/2014,Sun,2053,DB,CS1,111A 131A ,F,E,D,DN,F , ,N,C,80,0,0,2,1753463,5938738
Auckland,11/07/2014,Fri,815,FB,CE1M,512A ,,R,D,OF,FS,T,G,C,50,0,0,0,1753762,5919085
Auckland,14/04/2014,Mon,,BO,CS1C,300A 818 ,,R,D,B ,F , , ,L,50,0,0,0,1753524,5919244
Auckland,17/10/2014,Fri,2016,DA,CW1,103A 131A ,F,M,W,DN,L , ,N,L,80,0,0,1,1736357,5932799
Auckland,04/03/2014,Tue,1200,DB,TN1,135A 404A 801 ,V,M,W,BN,L , ,N,C,80,0,0,0,1739978,5929769
Auckland,16/04/2014,Wed,55,DB,VS1,111A 131A 801 901 ,,M,W,DN,H , , ,C,80,0,0,0,1739978,5929769
Auckland,04/05/2014,Sun,100,DB,CS1,111A 131A 357A ,FT,E,D,DN,F ,T,N,C,80,0,0,0,1740102,5929692
Auckland,09/04/2014,Wed,1658,DA,CS1,111A 131A 402A ,,S,D,TO,F , ,N,N,50,0,0,2,1751205,5951079
Auckland,20/01/2014,Mon,1530,DB,CS1,131A 804 ,V,M,D,O ,F , ,N,C,100,0,0,0,1732152,5937290
Auckland,02/11/2014,Sun,1,DB,CN1,111A 131A ,V,M,D,DO,F , , ,C,80,0,2,0,1740740,5928663
Auckland,16/12/2014,Tue,1320,QG,TN1C,687A ,,M,D,OF,FS, ,N,C,80,0,0,0,1740795,5928580
Auckland,23/12/2014,Tue,1420,BB,MS1C,123A 330A ,,S,D,B ,F , , ,C,80,0,0,0,1740843,5928504
Auckland,31/12/2014,Wed,1125,DB,MN14,111A 131A 532A ,,S,D,BN,F , ,N,C,80,0,1,0,1740845,5928494
Auckland,28/03/2014,Fri,2135,DA,CS1,103A 111A 131A ,F,M,D,DN,F , , ,C,80,0,0,1,1740011,5929756
Auckland,28/08/2014,Thu,648,DA,CS1,111A 131A 402A ,TV,S,W,O ,F , , ,L,80,0,0,0,1734101,5933899
Auckland,02/10/2014,Thu,1807,DA,CS1,111A 131A 191A 801 ,T,S,W,O ,L , , ,C,80,0,0,0,1734121,5933879
Auckland,02/11/2014,Sun,2230,DA,4N1,131A ,ST,E,D,DN,F , ,N,C,80,0,0,1,1738468,5931468
Auckland,22/11/2014,Sat,1408,DA,MS1,131A 804 ,,M,D,B ,F , , ,C,80,0,0,0,1733527,5934639
Auckland,13/05/2014,Tue,920,AD,4S1,110A 800 ,,E,W,B ,F , , ,C,100,0,0,1,1733398,5935199
Auckland,03/03/2014,Mon,750,DA,CE1C,111A 131A ,D,M,W,ON,L , ,N,C,80,0,0,1,1733480,5935027
Auckland,01/07/2014,Tue,1230,DA,CN1,131A 402A ,,M,W,O ,F , ,N,L,80,0,0,0,1734619,5932822
Auckland,29/10/2014,Wed,558,DA,VS1,131A ,FV,M,W,DN,L , , ,C,80,0,0,0,1734539,5932881
Auckland,18/02/2014,Tue,900,BF,SS1V,111A 131A 197B ,,M,D,B ,F , , ,L,100,0,0,1,1734064,5933755
Auckland,28/09/2014,Sun,340,CB,CN1,102A 129A ,B,R,W,DN,F , ,N,C,80,0,1,0,1734963,5932637
Auckland,26/08/2014,Tue,2056,DC,CN2,111A 402A 514A ,T,R,D,DO,F ,T,G,N,100,0,0,0,1734784,5932708
Auckland,04/03/2014,Tue,2158,DA,CN2,111A 131A ,F,R,D,DO,F ,T,G,C,50,0,0,0,1773751,5897436
Auckland,07/09/2014,Sun,140,CB,CE1,130A ,F,R,D,DO,F , ,N,C,50,0,0,0,1772797,5897083
Auckland,18/02/2014,Tue,945,DB,CW1,111A 131A ,P,R,D,BF,F ,T,G,N,50,0,0,0,1773281,5897263
Auckland,09/04/2014,Wed,1755,BF,CN2C,111A 131A 402A ,F,E,D,DO,F ,T,N,C,50,0,1,1,1773281,5897263
Auckland,19/12/2014,Fri,1417,DB,CW1,111A 131A 402A 817 ,P,R,D,B ,F ,T,G,N,50,0,0,0,1773281,5897263
Auckland,20/04/2014,Sun,1300,DA,CN1,108A 131A 358A ,FJX,E,W,O ,L , , ,C,50,0,0,0,1756026,5912563