TLANAME,CRASHDATE,CRASHDOW,CRASHTIME,MVMT,VEHICLES,CAUSES,OBJECTSSTRUCK,ROADCURVE,ROADWET,LIGHT,WTHRa,JUNCTYPE,TRAFCTRL,ROADMARK,SPDLIM,CRASHFATALCNT,CRASHSEVCNT,CRASHMINCNT,EASTING,NORTHING
Auckland,28/08/2014,Thu,1828,MA,CS1C,330B 373B ,,E,D,DO,F , ,N,P,50,0,0,1,1756111,5912765
Auckland,02/11/2014,Sun,1300,MO,CS1C,385A ,M,R,D,BF,F , ,N,C,50,0,0,0,1756050,5912629
Auckland,21/06/2014,Sat,105,DA,CS1C,121A 131A 862 ,M,E,D,DO,F ,T,G,C,50,0,0,0,1756190,5912826
Auckland,22/05/2014,Thu,720,CB,VN1,135A 191A 800 ,V,R,W,B ,F , , ,R,80,0,0,0,1757002,5977478
Auckland,06/02/2014,Thu,20,KB,CS1C,302B 375B ,I,R,D,DO,F ,X,G,R,50,0,0,2,1759676,5916847
Auckland,29/10/2014,Wed,815,QD,CS1C,330A 428A ,,R,W,O ,H , , ,C,50,0,0,0,1759502,5916553
Auckland,06/11/2014,Thu,1045,EA,BE1C,385A ,M,E,D,BF,F , ,N,C,50,0,0,0,1757734,5929411
Auckland,27/09/2014,Sat,1500,JA,SE1C,302B 375B ,,E,D,O ,F ,R,G,P,50,0,0,1,1757635,5929121
Auckland,21/02/2014,Fri,1934,FB,CS1C,102A 112A 514A ,,R,D,B ,F ,R,G,R,50,0,0,0,1757618,5929112
Auckland,05/05/2014,Mon,736,JA,SW2C,303B ,,R,D,O ,F ,T,N,N,50,0,1,0,1753967,5928713
Auckland,06/10/2014,Mon,120,BF,CS1C,111A 131A 402A ,,M,W,DO,F , , ,C,50,0,3,0,1759205,5911331
Auckland,26/04/2014,Sat,1712,JA,CN1C,302B 375B ,,R,D,TO,F ,T,G,R,50,0,0,2,1758723,5911432
Auckland,04/09/2014,Thu,830,HA,CE2M,302B 375B ,,E,D,O ,F ,R,G,C,50,0,0,1,1758874,5913783
Auckland,23/12/2014,Tue,830,FC,CS1V,181A ,,R,D,BF,F , ,N,C,50,0,0,0,1758982,5912658
Auckland,03/09/2014,Wed,1740,HA,CW2V,321A 330A ,,R,D,B ,F ,X,S,C,50,0,0,0,1758980,5912678
Auckland,12/08/2014,Tue,1250,HA,CW2C,301A 352A ,,R,D,B ,F ,X,S,C,50,0,0,0,1758980,5912678
Auckland,07/11/2014,Fri,1630,HA,CN1X,301B 375B ,,R,D,B ,F ,X,S,R,50,0,0,0,1758980,5912678
Auckland,27/09/2014,Sat,2230,EC,CS1C,129A 504A ,M,R,W,DO,L , , ,C,50,0,0,0,1758939,5913155
Auckland,06/03/2014,Thu,619,LB,CW2C,303B 375B ,,R,D,DO,F ,X,T,C,50,0,0,0,1758935,5913205
Auckland,24/03/2014,Mon,1019,FE,CN1C,181A ,,R,D,B ,F ,X,T,P,50,0,0,0,1758935,5913205
Auckland,29/12/2014,Mon,1245,GE,CN1C,160A 333A 925 ,,R,D,BF,F ,D,N,C,50,0,0,0,1759053,5911855
Auckland,30/06/2014,Mon,1225,AA,CN1T,330A 372A 901 ,,R,W,O ,H ,X,T,C,50,0,0,1,1759059,5911785
Auckland,11/07/2014,Fri,1703,AA,CN1C,372A 372B 801 ,,R,W,TO,L , , ,C,50,0,0,0,1759062,5911755
Auckland,01/11/2014,Sat,650,EA,VN1C,386A ,M,R,D,B ,F , ,N,C,50,0,0,0,1759074,5911636
Auckland,17/01/2014,Fri,945,AO,TW2V,386A ,,R,D,O ,F ,X,T,C,50,0,0,0,1759058,5911795
Auckland,24/02/2014,Mon,1040,AO,CN1C,381A ,,R,D,BF,F ,X,T,C,50,0,0,0,1759058,5911795
Auckland,21/06/2014,Sat,700,FE,CN1C,181A ,,R,D,BF,F ,X,T,C,50,0,0,0,1759058,5911795
Auckland,19/08/2014,Tue,855,GF,TN1C,671A ,,R,D,BF,F ,X,T,C,50,0,0,0,1759058,5911795
Auckland,16/10/2014,Thu,1120,MO,CS1C,386A ,M,R,D,B ,F ,T,N,C,50,0,0,0,1759010,5912322
Auckland,29/09/2014,Mon,20,CA,CN1,103A 130A ,I,R,D,DO,F , , ,R,50,0,0,0,1759048,5911919
Auckland,10/08/2014,Sun,131,EA,CN1CC,101A 129A ,M,R,D,DO,F , ,N,C,50,0,0,0,1758949,5913026
Auckland,17/12/2014,Wed,1201,HA,CS2C,334A 334B ,,E,W,O ,F ,X,T,R,50,0,0,0,1758766,5911767
Auckland,18/04/2014,Fri,1413,BF,CS1C,205A 514A 517A ,,E,D,BF,F , ,N,N,100,0,0,1,1758638,5911589
Auckland,10/09/2014,Wed,915,AA,CS1C,330A 372A ,,R,D,B ,F , , ,R,50,0,0,1,1758760,5911753
Auckland,06/09/2014,Sat,1445,AC,CS1C,184B ,,R,D,O ,F , , ,C,100,0,0,0,1758805,5911536
Auckland,17/12/2014,Wed,1221,DB,CS1,111A 131A ,G,M,W,O ,F , , ,C,100,0,0,0,1758765,5911566
Auckland,10/12/2014,Wed,1250,AA,TE1T,159A 191A 181B ,,R,D,B ,F , , ,C,50,0,0,0,1758797,5911542
Auckland,07/10/2014,Tue,1710,NB,CW1E,712B 713B ,,R,D,O ,F , , ,N,50,0,0,1,1755266,5920191
Auckland,13/12/2014,Sat,230,EA,CN1C,386A ,M,R,D,DO,F , ,N,C,50,0,0,0,1752269,5924200
Auckland,01/11/2014,Sat,1728,FE,4W1C,331A 363A 902 ,,E,D,B ,F ,M,T,N,50,0,0,0,1756137,5924527
Auckland,28/06/2014,Sat,654,FE,CW1C,181A 331A 387A ,,E,D,DO,F ,X,T,N,50,0,0,0,1756137,5924527
Auckland,16/09/2014,Tue,1029,DA,CS1,111A 131A 801 ,G,E,W,O ,L , , ,C,100,0,0,1,1756544,5924670
Auckland,22/08/2014,Fri,1245,FD,CE1C,181A ,,R,D,B ,F , , ,C,80,0,0,0,1756331,5924578
Auckland,15/10/2014,Wed,1750,FA,CN1C,181A ,,R,D,B ,F ,T,N,C,50,0,0,0,1756232,5924529
Auckland,05/07/2014,Sat,1223,QG,TE1,135A 903 ,,M,D,OF,FS, ,N,N,100,0,0,0,1756449,5924540
Auckland,15/10/2014,Wed,1732,FD,CE1C,181A ,,E,D,BF,F , ,N,N,100,0,0,0,1756466,5924516
Auckland,30/06/2014,Mon,1843,CB,CS1,135A 801 ,G,R,W,DO,L , ,N,N,100,0,0,0,1756475,5924498
Auckland,28/12/2014,Sun,1905,GD,CW1C,333A 352A 929 ,,R,D,BF,F ,D,N,C,50,0,0,0,1754353,5924798
Auckland,09/12/2014,Tue,545,ED,CW1T,331A ,Q,R,W,DO,H , ,N,C,50,0,0,0,1753945,5924807
Auckland,08/02/2014,Sat,1302,FE,CW1CC,181A ,,R,D,OF,F , ,T,C,50,0,0,0,1753945,5924807
Auckland,07/03/2014,Fri,1130,FE,CS1C,181A ,,E,W,B ,F ,X,T,C,50,0,0,0,1753915,5924806
Auckland,16/11/2014,Sun,1845,FE,CS1C,181A 331A ,,R,D,B ,F ,X,T,C,50,0,0,0,1753915,5924806
Auckland,18/06/2014,Wed,815,FD,CE1V,181A ,,R,D,BF,F , ,N,C,50,0,0,0,1755740,5924587
Auckland,14/10/2014,Tue,918,LB,4E1C,303B 929 ,,R,D,B ,F ,D,N,C,50,0,0,0,1755736,5924589
Auckland,16/06/2014,Mon,1555,AC,TW1C,372A 671A ,,R,D,OF,L , ,N,C,50,0,0,0,1755661,5924618
Auckland,14/04/2014,Mon,1348,LB,MW1C,303B ,,R,D,O ,F ,T,G,C,50,0,0,0,1755754,5924582
Auckland,09/07/2014,Wed,833,KA,CW1C,145A 302B 387B 801 ,,R,W,O ,L ,T,G,P,50,0,0,0,1755754,5924582
Auckland,21/11/2014,Fri,920,EE,ME1C,197A 330B 374B ,M,R,D,B ,F , , ,C,50,0,0,1,1754908,5924750
Auckland,07/06/2014,Sat,700,EA,CW1C,129A ,M,R,D,O ,F , , ,C,50,0,0,0,1754858,5924754
Auckland,17/03/2014,Mon,1630,FD,CW1CC,181A 181B ,,R,D,B ,F , , ,C,50,0,0,0,1754901,5924751
Auckland,06/05/2014,Tue,625,LB,CE1V,303B ,,R,W,O ,L ,T,S,C,50,0,0,0,1754951,5924747
Auckland,23/10/2014,Thu,1145,FD,CE1C,181A ,,R,W,OF,L ,T,S,C,50,0,0,0,1754951,5924747
Auckland,07/02/2014,Fri,854,NB,CE1E,713B ,,R,D,O ,F ,T,S,C,50,0,0,0,1754629,5924776
Auckland,25/01/2014,Sat,1030,KB,VW1C,308B 922 ,,R,D,B ,F ,D, ,C,50,0,0,0,1755552,5924662
Auckland,30/09/2014,Tue,1330,FE,CE1C,181A 331A ,,R,D,B ,F ,T,T,C,50,0,0,0,1755524,5924673
Auckland,09/08/2014,Sat,1655,FE,CE1C,181A ,,R,D,BF,F ,T,T,X,50,0,0,0,1755528,5924671
Auckland,27/10/2014,Mon,1408,EA,CW1C,331A 412A ,M,R,D,O ,F ,T,G,C,50,0,0,0,1755345,5924713
Auckland,24/01/2014,Fri,830,LB,VE1C,303B 375B ,,R,D,BF,F ,T,N,C,50,0,0,0,1755345,5924713
Auckland,13/08/2014,Wed,921,LB,CE1CC,303B 377B ,,R,D,OO,F ,T,G,C,50,0,0,0,1755345,5924713
Auckland,24/06/2014,Tue,1325,CA,CE1C,136A 668A ,D,R,D,BF,F , ,N,P,50,0,0,0,1756091,5924527
Auckland,14/05/2014,Wed,1847,FD,CW1C,112A 181A 331A 358A 801 817 ,,R,W,DO,L , , ,C,50,0,0,1,1754445,5924791
Auckland,13/08/2014,Wed,745,FD,CE1C,181A ,,R,D,BF,F ,T,T,C,50,0,0,0,1755618,5924635
Auckland,18/08/2014,Mon,640,FD,CW1VV,181A 181B ,,R,D,O ,F , , ,C,50,0,0,0,1755637,5924628
Auckland,19/07/2014,Sat,1851,AC,CW1C,372A ,,R,W,DO,L ,T,T,C,50,0,0,0,1755614,5924637
Auckland,05/01/2014,Sun,800,JA,CW14,322A 334A ,,R,D,BF,F ,T,T,C,50,0,0,0,1755614,5924637
Auckland,12/10/2014,Sun,1530,FD,CE1C,181A 331A ,,R,D,O ,F ,T,G,C,50,0,0,0,1755002,5924742
Auckland,14/12/2014,Sun,1019,FD,CE14,181A 331A 633A 901 ,,R,W,O ,H , , ,C,50,0,0,0,1756187,5924527
Auckland,24/11/2014,Mon,1022,FD,CE1C,181A ,,R,W,O ,F , , ,C,50,0,0,0,1756207,5924527
Auckland,18/07/2014,Fri,710,FD,TE1VCC,181A ,,R,D,OF,F , ,N,C,50,0,0,0,1756087,5924527
Auckland,19/09/2014,Fri,814,FA,CE1C,132A 181A 352A 132B ,,R,W,O ,F , ,N,C,50,0,0,0,1755987,5924528
Auckland,19/09/2014,Fri,841,FA,CE1C,181A 191B ,,R,W,B ,F , ,N,C,50,0,0,0,1755937,5924528
Auckland,19/02/2014,Wed,1714,MG,VE1C,371B ,,R,D,BF,F ,M,T,C,50,0,0,0,1756137,5924527
Auckland,16/03/2014,Sun,1100,FD,VE1C,181A 331A 801 ,,R,W,O ,L , , ,C,50,0,0,0,1754827,5924757
Auckland,28/08/2014,Thu,1540,NB,CE1E,713B ,,R,D,O ,F ,T,N,C,50,0,0,1,1754777,5924761
Auckland,12/07/2014,Sat,1146,FD,CW1V,352A 387A ,,R,W,O ,F , , ,C,50,0,0,0,1754636,5924775
Auckland,17/06/2014,Tue,1740,KB,CE1C,301B 314B 372B ,,R,D,TO,F ,T,S,C,50,0,0,0,1754596,5924779
Auckland,07/02/2014,Fri,1608,JA,CW1V,301B 375B ,,R,D,O ,F ,T,S,C,50,0,0,0,1754596,5924779
Auckland,22/11/2014,Sat,1830,MA,CW1C,373B ,,R,D,BF,F , ,N,C,50,0,0,0,1755152,5924729
Auckland,05/02/2014,Wed,1704,PF,CE1E,112A 719B ,,R,D,O ,F , ,N,C,50,0,0,1,1755152,5924729
Auckland,18/07/2014,Fri,640,FF,CE1C,181A 191B ,,R,W,DO,H ,T,G,C,60,0,0,0,1755251,5924720
Auckland,08/07/2014,Tue,710,LB,CE1C,303B 375B ,,E,D,OF,F ,T,G,C,50,0,0,0,1755251,5924720
Auckland,23/11/2014,Sun,2145,EA,CW1C,103A ,M,R,D,DO,F , , ,N,50,0,0,0,1757406,5915300
Auckland,20/04/2014,Sun,1931,EA,CW1C,103A 129A ,M,R,W,DO,L , ,N,C,50,0,0,0,1757358,5915313
Auckland,30/10/2014,Thu,1340,MO,40,385A 929 ,P,R,D,OF,F ,D,N,N,50,0,0,0,1757692,5915223
Auckland,22/05/2014,Thu,810,EA,CE1V,129A ,Q,R,D,BF,F , ,N,C,50,0,0,0,1772992,5895736
Auckland,19/12/2014,Fri,1650,EA,4S1C,103A 129A 410A ,FMP,R,D,B ,F , , ,C,50,0,0,0,1773080,5895406
Auckland,06/12/2014,Sat,1940,CB,CS1,112A 130A ,J,R,D,TF,F , , ,C,50,0,0,0,1773466,5894534
Auckland,21/12/2014,Sun,1621,LB,MS1C,303B 370B ,,R,D,TF,F ,T,G,C,50,0,0,1,1773130,5895228
Auckland,21/10/2014,Tue,810,DB,CW1,131A 132A ,,M,W,ON,L , ,N,C,80,0,0,1,1774217,5893955
Auckland,30/12/2014,Tue,1600,MO,CN1C,371A 929 ,M,R,D,BF,F ,D,N,C,50,0,0,0,1767505,5912645
Auckland,14/05/2014,Wed,1840,DB,CW1,111A 132A 404A 901 ,FT,S,W,DN,H , , ,C,70,0,0,0,1738953,5930110
Auckland,30/07/2014,Wed,1940,EA,CS1C,129A 359A ,M,E,D,DO,F , , ,C,50,0,0,1,1760870,5917839
Auckland,29/10/2014,Wed,2100,KB,SS1C,204A 308B 929 ,,R,W,DO,L ,D,N,C,50,0,0,0,1761510,5918856
Auckland,15/04/2014,Tue,2025,GF,TS1C,381A 671A ,,E,D,DO,F ,R,G,R,50,0,0,0,1761073,5918364
Auckland,12/07/2014,Sat,1355,JA,MW1X,302B 382B 801 ,,R,W,O ,L ,T,G,C,50,0,0,0,1768532,5902568
Auckland,30/04/2014,Wed,430,KB,CE1C,321B 330B ,,R,D,DO,F ,T,S,C,50,0,0,0,1768777,5902665
Auckland,05/09/2014,Fri,1615,BC,CN2C,122A ,,R,W,OF,L ,T,S,C,50,0,0,0,1768777,5902665
Auckland,28/11/2014,Fri,212,CB,CW1,112A 130A 514A ,,R,D,DO,F ,T,S,R,50,0,0,0,1768777,5902665
Auckland,08/03/2014,Sat,15,EA,4W14,129A 358A ,MT,E,D,DN,F , , ,C,50,0,0,1,1771596,5912475
Auckland,13/10/2014,Mon,1440,DA,CE1,111A 131A 423A ,F,M,D,B ,F ,T,N,N,50,0,0,0,1749839,5915966
Auckland,18/12/2014,Thu,100,DA,CN1C,103A 111A 131A ,M,E,W,DO,F , ,N,C,50,0,0,0,1744223,5923693
Auckland,05/08/2014,Tue,951,QG,MN1,523A 688A 815 ,K,R,D,B ,F , , ,C,50,0,1,0,1799324,5906636
Auckland,04/11/2014,Tue,1700,DB,CN1,111A 131A 692A ,CT,E,D,ON,F , ,N,C,100,0,1,0,1798508,5905724
Auckland,22/05/2014,Thu,1546,DA,TN1,129A 407A ,G,M,D,BN,F , ,N,C,100,0,0,0,1800961,5904102
Auckland,30/09/2014,Tue,800,JA,CW2C,302B ,,M,D,B ,F ,R,G,R,50,0,0,0,1760098,5907109
Auckland,07/06/2014,Sat,2020,HA,CE2C,300A ,,R,D,DO,F ,R,G,R,50,0,0,0,1760031,5906996
Auckland,14/05/2014,Wed,1900,HA,CN2C,302B ,,E,D,DO,F ,R,G,C,50,0,0,0,1760031,5906996
Auckland,15/12/2014,Mon,1700,KB,VS1C,308B 375B 929 ,,R,D,ON,F ,D,N,C,50,0,0,0,1759677,5906755
Auckland,30/10/2014,Thu,2028,PO,CN1E,327A 510A 517A ,,R,D,DO,F ,R,G,R,50,0,0,1,1760027,5907022
Auckland,19/12/2014,Fri,930,FB,CN1C,181A ,,R,D,BF,F ,R,G,R,50,0,0,0,1760067,5907080
Auckland,28/04/2014,Mon,1720,LB,CE1C,151A 303B 375B ,,R,D,TF,F ,T,G,P,60,0,0,0,1769148,5907504
Auckland,06/01/2014,Mon,1405,DB,CN1,131A 402A ,F,E,D,BF,F ,T,N,C,80,0,0,0,1773497,5908069
Auckland,26/02/2014,Wed,800,FE,TE1C,331A ,,R,D,B ,F ,X,T,C,50,0,0,0,1769733,5907358
Auckland,20/09/2014,Sat,1550,DB,CE1VC,131A 504A ,,R,W,O ,L ,X,T,P,60,0,0,1,1769733,5907358
Auckland,19/04/2014,Sat,824,LB,VW1C,303B ,,R,D,O ,F ,X,T,R,60,0,0,1,1769733,5907358
Auckland,27/11/2014,Thu,840,FD,CW1C,181A 331A ,,R,D,B ,F , , ,C,50,0,0,0,1768466,5907669
Auckland,10/09/2014,Wed,1745,JA,VW1C,302B 375B ,,R,D,TF,F ,T,G,P,60,0,0,0,1769500,5907418
Auckland,24/02/2014,Mon,820,AC,CE1C,350A 372A ,,R,D,BF,F ,T,N,P,60,0,0,0,1769500,5907418
Auckland,20/05/2014,Tue,840,KA,CS1V,308B 370B 929 ,,R,D,B ,F ,D, ,C,60,0,0,1,1771728,5906958
Auckland,02/12/2014,Tue,1820,FB,4E1C,181A 330A ,,R,D,B ,F ,X,G,P,50,0,0,1,1771339,5907014
Auckland,20/08/2014,Wed,1749,HA,CS24,322B ,,R,W,DO,L ,X,T,R,50,0,0,2,1771339,5907014
Auckland,15/06/2014,Sun,1115,GA,CE1C,181A ,,R,D,O ,F ,X,G,R,50,0,0,0,1771339,5907014
Auckland,20/11/2014,Thu,920,AA,4W14,387A 387B 817 903 ,,E,D,B ,FS, , ,C,50,0,0,0,1770540,5907163
Auckland,18/03/2014,Tue,1630,NA,CE1E,711B ,,R,D,OF,F ,T,G,C,50,0,0,1,1768148,5907749
Auckland,06/11/2014,Thu,1012,DB,CS1,111A 131A 402A ,FK,M,W,B ,F , , ,C,100,0,0,1,1772799,5907379
Auckland,08/05/2014,Thu,1745,JA,CE1C,602A 308B 375B 922 ,,R,W,TF,F ,D,N,C,60,0,0,0,1770753,5907089
Auckland,21/03/2014,Fri,1650,FA,CE1C,181A 350A ,,R,D,O ,F , , ,C,50,0,0,0,1769366,5907450
Auckland,07/03/2014,Fri,1100,FE,CE14,331A 387A ,,R,D,BF,F ,X,T,R,60,0,0,0,1769305,5907465
Auckland,07/05/2014,Wed,1615,AA,CE14,372A ,,R,D,BF,F , ,T,R,60,0,0,0,1769301,5907466
Auckland,19/03/2014,Wed,2135,HA,CN2C,322A ,,R,D,DO,F ,X,T,R,80,0,0,1,1769315,5907462
Auckland,15/07/2014,Tue,1745,FB,CE1C,181A ,,R,D,DO,F ,X,G,R,50,0,0,0,1769315,5907462
Auckland,17/02/2014,Mon,1645,AA,BW1C,372A 671A ,,R,D,BF,F ,X,T,C,50,0,0,0,1769327,5907459
Auckland,09/01/2014,Thu,750,JA,VE1C,302B 382B 901 ,,R,W,O ,H ,T,G,P,60,0,0,1,1771801,5906933
Auckland,24/06/2014,Tue,1630,LB,SE1C,303B ,,R,D,B ,F ,T,G,C,50,0,0,0,1771801,5906933
Auckland,17/10/2014,Fri,1106,QG,TN1TCC,330A 682A 683A ,X,R,D,B ,F , , ,C,50,0,0,0,1761999,5912680
Auckland,27/06/2014,Fri,414,LB,CS1C,303B 517B 927 ,P,R,W,DO,F ,D,N,C,50,0,0,0,1762103,5912509
Auckland,05/05/2014,Mon,1430,AA,VN1T,372A ,,R,D,BF,F ,T,T,C,50,0,0,0,1761588,5913290
Auckland,11/04/2014,Fri,925,CC,CS1,130A ,C,R,D,B ,F , , ,C,100,0,0,1,1756604,5904809
Auckland,23/07/2014,Wed,1545,DA,CS2,131A 195A 402A ,P,R,D,B ,F ,T,G,C,100,0,0,0,1756421,5904573
Auckland,22/07/2014,Tue,1351,JA,CN1C,197A 302B 375B ,,R,D,O ,F ,T,G,C,50,0,0,0,1750135,5929359
Auckland,14/11/2014,Fri,1310,MO,CW1,112A 505A 920 ,CS,R,D,O ,F ,D,N,C,70,0,0,1,1772792,5896485
Auckland,10/12/2014,Wed,1406,FE,CS1C,181A ,,R,D,BF,F ,T,T,C,50,0,0,0,1772771,5896429
Auckland,10/12/2014,Wed,1247,FE,CW1C,181A 330A 191B ,,R,D,B ,F ,T,T,C,50,0,0,0,1772550,5896704
Auckland,21/06/2014,Sat,1211,GD,MW14,158A 380A 402A 927 ,,R,D,B ,F ,D, ,C,50,0,1,0,1783203,5925744
Auckland,15/05/2014,Thu,546,DB,CS2,103A 111A 131A 801 ,ET,R,W,DO,L ,T,G,C,50,0,0,0,1783369,5925653
Auckland,13/03/2014,Thu,1150,LB,CW2C,330B 386B ,,E,D,B ,F ,X,G,X,50,0,0,0,1767217,5904432
Auckland,23/10/2014,Thu,1410,FC,CS1C,181A ,,R,D,BF,F ,X,G,X,50,0,0,0,1767276,5904287
Auckland,05/09/2014,Fri,1845,DB,CN1,131A 363A ,V,M,D,DN,F , , ,N,100,0,0,0,1767197,5883956
Auckland,18/10/2014,Sat,1608,DA,CN1,111A 131A 402A 901 ,P,E,W,O ,H , , ,C,100,0,0,0,1765185,5886617
Auckland,25/03/2014,Tue,845,DA,CN1,111A 131A ,FPX,M,W,ON,F , ,N,C,100,0,1,0,1765114,5886546
Auckland,14/06/2014,Sat,11,DA,CN1,103A 111A 131A 410A ,F,M,D,DN,F , , ,C,100,0,0,1,1765111,5886536
Auckland,20/01/2014,Mon,2246,DA,CS1,129A 131A 363A ,F,M,W,DN,F , ,N,C,100,0,0,0,1765002,5885866
Auckland,12/08/2014,Tue,850,FD,VW1CC,181A 181B ,,R,D,B ,F , , ,C,100,0,0,1,1766142,5907595
Auckland,22/08/2014,Fri,1800,FD,VN1C,181A ,,E,D,TO,F , ,N,R,50,0,0,0,1766168,5907492
Auckland,25/12/2014,Thu,1631,FE,CW1C,181A ,,R,D,BF,F ,X,T,C,50,0,0,0,1766444,5907620
Auckland,09/02/2014,Sun,1525,JA,MN14,204A 308B 375B 930 ,,R,D,BF,F ,D,N,C,50,0,0,1,1766659,5908551
Auckland,04/08/2014,Mon,745,MO,CS1C,385A ,,E,D,OF,F ,T,T,N,50,0,0,0,1753006,5935049
Auckland,14/02/2014,Fri,1720,FD,CS1C,181A 331A 350A ,,R,D,BF,F , , ,N,50,0,0,0,1752875,5935062
Auckland,12/11/2014,Wed,1350,FD,CS1C,181A 331A ,,R,D,O ,F , , ,N,100,0,0,1,1753025,5934981
Auckland,19/01/2014,Sun,1325,AA,CE1C,372A 402A 671A ,,R,D,B ,F , , ,C,60,0,0,1,1754305,5935984
Auckland,05/05/2014,Mon,1755,LB,CW2C,112A 322A ,,R,D,TO,F ,X,T,R,50,0,0,1,1754323,5935992
Auckland,01/07/2014,Tue,845,FD,4E1V,181A ,,R,D,DO,FF, ,N,R,50,0,0,0,1753217,5935187
Auckland,03/09/2014,Wed,1628,HA,CN2S,302A 382A ,,E,D,BF,F ,R,G,R,50,0,0,0,1753277,5935212
Auckland,17/08/2014,Sun,11,HA,CE1C,302A ,,R,D,DO,F ,R,G,R,50,0,0,0,1752565,5934759
Auckland,10/03/2014,Mon,1605,JA,VS1C,322A 350A 322B 350B ,,R,D,B ,F ,X,T,C,60,0,0,1,1752914,5934957
Auckland,10/03/2014,Mon,2035,JA,CW14,322A 351A ,,R,D,DO,F ,M,T,R,60,0,0,0,1752914,5934957
Auckland,04/02/2014,Tue,1832,BF,CE2C,103A 113A 514A ,I,E,D,B ,F ,T,G,R,100,0,0,0,1753012,5935041
Auckland,29/05/2014,Thu,1515,AO,VS14,372A ,,R,D,OF,F , ,N,R,100,0,0,0,1752855,5934914
Auckland,02/08/2014,Sat,1431,FB,CW1C,181A ,,R,D,OF,F ,X,G,C,50,0,0,0,1753018,5935030
Auckland,27/08/2014,Wed,1049,CC,CE1,130A 402A 412A ,IT,R,D,O ,F , , ,R,60,0,0,1,1753676,5935574
Auckland,07/06/2014,Sat,745,GD,CN1V,103A 112A ,,R,D,B ,F ,X,G,C,50,0,0,0,1768460,5905430
Auckland,14/10/2014,Tue,1519,DB,CN2,131A 817 ,P,M,D,B ,F ,T,G,C,50,0,0,0,1768633,5906082
Auckland,27/04/2014,Sun,1759,DA,CS2T,131A 514A ,M,R,D,B ,F ,T,S,C,50,0,0,1,1768633,5906082
Auckland,18/09/2014,Thu,630,KA,VW1P,308B 377B 929 ,,R,D,OF,F ,D,N,C,50,0,0,1,1753720,5915467
Auckland,27/10/2014,Mon,2225,DB,CN1C,136A 620A ,MP,E,W,DO,H , ,N,L,50,0,0,0,1757268,5916838
Auckland,16/05/2014,Fri,1407,BF,CN1C,131A ,,M,W,OF,L ,T,G,C,50,0,0,0,1757268,5916838
Auckland,08/06/2014,Sun,2338,CB,CW1,410A 801 ,KT,R,W,DO,L , , ,C,50,0,0,0,1757606,5917088
Auckland,06/08/2014,Wed,1005,MO,CN1C,427A 507A 801 929 ,FX,R,W,O ,L ,D, ,N,50,0,0,1,1752932,5930694
Auckland,07/08/2014,Thu,,MF,CE1T,371B ,,R,D,OF,F , ,N,C,50,0,0,0,1781025,5926820
Auckland,22/10/2014,Wed,1740,FD,VN1C,181A ,,R,W,OF,H ,T,N,P,50,0,0,1,1768806,5882491
Auckland,08/02/2014,Sat,2300,EA,VS1C,129A ,M,R,D,DN,F ,T,N,N,50,0,0,0,1755794,5919688
Auckland,05/11/2014,Wed,1746,JA,CS1C,173A 200A 301B 314B ,,R,D,B ,F ,T,S,P,50,0,0,0,1757667,5913675
Auckland,19/02/2014,Wed,1530,JA,4S1VCX,301B 314B 377B ,,R,D,OF,F ,T,S,C,50,0,0,0,1757667,5913675
Auckland,15/05/2014,Thu,710,JA,CS1C,301B 314B 377B ,,R,D,B ,F ,T,S,P,50,0,0,0,1757667,5913675
Auckland,02/11/2014,Sun,430,DC,CS1,103A 112A ,F,R,D,DO,F ,T,G,C,50,0,0,0,1763825,5905002
Auckland,05/12/2014,Fri,2202,MO,CN1C,510A 691A 512B 514B 517B ,,R,D,DO,F , , ,C,50,0,0,0,1757852,5914356
Auckland,16/12/2014,Tue,1705,HA,CE1C,321B 375B ,,R,D,OF,L ,T,S,C,70,0,0,0,1764025,5905057
Auckland,08/05/2014,Thu,1130,AO,TN1C,150A 381A ,,R,D,B ,F ,T,T,C,50,0,0,0,1757971,5914786
Auckland,01/12/2014,Mon,815,FD,CN1C,181A ,,R,D,B ,F , , ,L,50,0,0,0,1757644,5913592
Auckland,12/04/2014,Sat,520,FD,CS1C,181A ,,R,D,TO,F ,X,T,L,50,0,0,0,1757644,5913592
Auckland,21/11/2014,Fri,1525,FE,CN1C,181A ,,R,D,BF,F ,T,T,C,50,0,0,0,1757639,5913567
Auckland,30/04/2014,Wed,2140,AC,CS1C,372A ,,R,D,DO,F , ,N,C,50,0,0,0,1757622,5913479
Auckland,31/10/2014,Fri,2037,NA,CS1E,711B 732B ,,R,D,DO,F ,T,N,C,50,0,0,1,1757695,5913774
Auckland,31/07/2014,Thu,1359,NB,XS1E,711B 719B ,,R,D,B ,F , ,N,P,50,1,0,0,1757948,5914705
Auckland,12/06/2014,Thu,655,AA,CN1T,381A ,,R,D,BF,F , ,N,C,50,0,0,0,1757680,5913722
Auckland,20/08/2014,Wed,700,HA,CS1C,302B 375B ,,R,W,OF,L ,T,G,C,50,0,0,0,1757878,5914453
Auckland,12/05/2014,Mon,1449,JA,CS1C,301B 377B ,,R,D,O ,F ,T,S,C,50,0,0,1,1757878,5914453
Auckland,18/08/2014,Mon,920,KC,CS1C,330A 330B 929 ,,R,D,O ,F ,D,N,P,50,0,0,0,1757878,5914453
Auckland,14/04/2014,Mon,1400,FD,CS1C,181A 330A ,,E,D,B ,F ,T,T,C,50,0,0,0,1757549,5913067
Auckland,28/11/2014,Fri,1530,EE,CE1C,374B ,M,R,D,O ,F , , ,C,50,0,0,0,1764409,5905004
Auckland,01/11/2014,Sat,434,EA,CN1T,103A 129A 358A ,M,E,W,DN,L , ,N,N,50,0,0,1,1746776,5915479
Auckland,02/08/2014,Sat,1745,DA,CN1,129A 138A 191A 800 801 ,F,M,W,TN,L , , ,N,100,0,0,0,1754524,5987301
Auckland,08/03/2014,Sat,1324,BB,CS1C,129A 404A ,,M,D,BN,F , ,N,C,100,0,0,1,1753523,5985476
Auckland,22/11/2014,Sat,2330,EC,CN2,101A 410A ,I,R,D,DO,F ,R,G,R,50,0,0,0,1760394,5907036
Auckland,18/11/2014,Tue,1820,FD,CS1CC,181A 330A ,,R,D,B ,F , ,N,R,80,0,0,0,1765814,5913150
Auckland,04/04/2014,Fri,1315,FD,CE1V,181A ,,R,D,B ,F ,X,G,C,50,0,0,0,1766642,5912919
Auckland,20/09/2014,Sat,245,DB,CE1,131A 353A ,G,E,D,DO,F , , ,C,80,0,0,0,1766573,5912862