TLANAME,CRASHDATE,CRASHDOW,CRASHTIME,MVMT,VEHICLES,CAUSES,OBJECTSSTRUCK,ROADCURVE,ROADWET,LIGHT,WTHRa,JUNCTYPE,TRAFCTRL,ROADMARK,SPDLIM,CRASHFATALCNT,CRASHSEVCNT,CRASHMINCNT,EASTING,NORTHING
Auckland,25/05/2014,Sun,2352,DB,CW1,111A 131A ,P,E,W,DO,F , ,N,C,60,0,0,0,1766572,5912848
Auckland,01/12/2014,Mon,700,DB,VE1,111A 131A 801 ,K,M,W,O ,L , , ,C,60,0,0,1,1766527,5912842
Auckland,11/11/2014,Tue,725,AA,CW1M,184A 184B ,,E,D,B ,F , , ,R,80,0,0,1,1766507,5912825
Auckland,20/10/2014,Mon,1800,FD,CE1C,331A 410A ,,E,D,BF,F , ,N,C,80,0,0,0,1766123,5913011
Auckland,15/11/2014,Sat,2310,DA,CW1,103A 131A ,T,M,W,DO,F ,T,T,C,50,0,0,0,1766658,5912916
Auckland,28/10/2014,Tue,520,DB,VW1,111A 131A 801 ,S,M,W,DO,L ,T,T,R,50,0,0,0,1766663,5912928
Auckland,06/03/2014,Thu,745,AO,CW1CC,331A ,,E,D,B ,F , , ,C,80,0,0,0,1765355,5913339
Auckland,16/09/2014,Tue,1650,FA,VE1C,181A 801 ,,R,W,O ,L , , ,C,80,0,0,0,1765354,5913352
Auckland,10/07/2014,Thu,2130,FE,CW1C,331A 358A ,,R,D,DO,F ,T,T,R,80,0,0,1,1765163,5913376
Auckland,06/09/2014,Sat,1132,JA,CE14,302B 387B ,,R,D,B ,F ,T,G,C,60,0,0,0,1770274,5914653
Auckland,30/11/2014,Sun,1150,FE,CN1C,173A 386A ,,R,D,B ,F ,X,T,R,50,0,0,0,1769862,5914774
Auckland,07/10/2014,Tue,1850,FD,CE1P,181A ,,R,D,BF,F , ,N,C,50,0,0,1,1769882,5914768
Auckland,20/02/2014,Thu,1800,LB,CW1C,303B 375B 925 ,,R,D,BF,F ,D,N,C,60,0,0,0,1769763,5914777
Auckland,28/05/2014,Wed,1220,AA,CE1C,372A ,,R,D,B ,F ,X,T,C,60,0,0,0,1769862,5914774
Auckland,17/11/2014,Mon,1145,FF,CW1C,181A 331A ,,R, , F,H ,T,T,C,60,0,0,0,1768777,5914113
Auckland,05/06/2014,Thu,2008,JC,CW1C,102A 302A 352A ,,R,D,DO,F ,T,G,R,60,0,0,0,1768783,5914121
Auckland,26/05/2014,Mon,1750,EA,VW1CC,330A 386A ,M,R,D,DO,F , ,N,C,60,0,0,0,1770451,5914641
Auckland,24/03/2014,Mon,1420,BC,CW1C,111A 122A 403A ,,E,D,BF,F ,T,T,P,60,0,0,0,1769671,5914742
Auckland,12/09/2014,Fri,1720,LB,CE1C,102A 330A 314B 377B 801 922 ,,E,W,O ,L ,D, ,P,60,0,0,0,1769258,5914485
Auckland,22/05/2014,Thu,1806,LB,CW1C,303B 375B 924 ,,R,D,DO,F ,D,N,C,60,0,0,0,1769292,5914507
Auckland,12/03/2014,Wed,1915,KA,VE1C,308B 377B 929 ,,R,D,DO,F ,D,N,C,60,0,0,0,1769149,5914415
Auckland,09/01/2014,Thu,920,AC,CE1T,372A ,,R,D,BF,F , ,N,P,60,0,0,0,1769063,5914346
Auckland,16/10/2014,Thu,2030,LB,CE1C,303B 375B ,,R,D,DO,F ,T,T,C,60,0,0,0,1769225,5914464
Auckland,11/11/2014,Tue,1245,FE,CW1C,181A ,,R,D,BF,F ,T,T,R,60,0,0,0,1769225,5914464
Auckland,22/04/2014,Tue,1645,FE,CE1C,331A ,,R,D,B ,F ,T,T,C,50,0,0,0,1769225,5914464
Auckland,23/11/2014,Sun,1120,FE,CW1CCV,101A 331A 351A 101B ,,E,D,B ,F ,T,T,R,60,0,0,0,1767955,5913686
Auckland,17/12/2014,Wed,726,FD,CW1C,334A 350A ,,R,D,O ,F , ,N,R,60,0,0,0,1768355,5913891
Auckland,05/01/2014,Sun,1645,FD,4N1C,181A ,,R,W,O ,L , , ,N,50,0,0,0,1768288,5913869
Auckland,19/11/2014,Wed,1645,GA,SE1C,181A 671B 929 ,,R,D,B ,F ,D, ,R,60,0,1,0,1768243,5913846
Auckland,31/07/2014,Thu,830,EA,CE1T,129A 363A 902 ,M,R,D,B ,F , ,N,R,60,0,0,0,1768145,5913796
Auckland,23/02/2014,Sun,1115,FE,4N2C,181A ,,R,D,B ,F ,T,T,C,50,0,0,0,1768311,5913868
Auckland,17/06/2014,Tue,1340,FO,VW14,358A 427A ,,R,W,O ,F ,T,T,C,60,0,0,0,1768311,5913868
Auckland,13/06/2014,Fri,1815,EA,VE1C,129A 358A ,M,R,D,TO,F , , ,C,60,0,0,0,1770154,5914663
Auckland,07/01/2014,Tue,700,AA,CW1T,381A ,,R,D,BF,F , ,N,C,60,0,0,0,1767790,5913600
Auckland,14/10/2014,Tue,815,JA,CS1C,303B 375B ,,R,D,B ,F ,T,G,R,60,0,0,0,1767767,5913589
Auckland,13/07/2014,Sun,1758,NA,CW1E,105B 711B ,,R,D,TO,F , ,N,P,50,0,0,1,1766711,5913323
Auckland,13/06/2014,Fri,1830,MO,CW1C,184A 308A 372A 922 ,,R,D,DO,F ,D, ,C,60,0,0,0,1766711,5913323
Auckland,20/06/2014,Fri,2040,FF,CE1C,181A 191B ,R,R,D,DO,F ,T,G,C,50,0,0,0,1765791,5913437
Auckland,24/08/2014,Sun,1040,FD,CN1CC,112A 181A ,,R,D,B ,F , ,N,L,50,0,0,0,1765675,5913516
Auckland,11/06/2014,Wed,1730,FD,CW1C,181A ,,R,D,OF,F , ,N,C,60,0,0,0,1766166,5913284
Auckland,26/12/2014,Fri,1005,FE,CE1C,112A 504A 930 ,,R,D,B ,F ,D,N,P,60,0,0,0,1767180,5913408
Auckland,07/03/2014,Fri,2130,GA,CW1C,103A 181A 331A ,,R,D,DO,F ,T,G,R,60,0,0,0,1767298,5913426
Auckland,03/05/2014,Sat,1736,FD,VW1CC,181A 330A ,,R,D,TO,F , ,N,R,60,0,0,0,1765964,5913330
Auckland,19/03/2014,Wed,205,EC,CW1,103A 129A ,GP,E,D,DO,F ,T,T,C,50,0,1,0,1765877,5913375
Auckland,30/04/2014,Wed,1730,AA,VW1C,372A ,,R,D,BF,F ,T,T,C,50,0,0,0,1765877,5913375
Auckland,08/06/2014,Sun,1830,JA,CW1C,322A ,,R,D,O ,F ,T,T,C,50,0,0,0,1765877,5913375
Auckland,19/12/2014,Fri,1500,LB,SE1C,303B 375B 927 ,,R,D,B ,F ,D, ,C,50,0,1,0,1769445,5914605
Auckland,11/07/2014,Fri,1340,HA,CW1C,334A 334B 801 927 ,,R,W,O ,L ,D,T,C,60,0,0,1,1769496,5914637
Auckland,06/01/2014,Mon,1352,JA,CE1C,322A ,,R,D,BF,F ,T,T,C,60,0,0,0,1769496,5914637
Auckland,21/12/2014,Sun,1700,PC,CS1E,308A 330A 375A 924 ,,R,D,B ,F ,D,N,N,60,0,0,1,1769321,5914526
Auckland,29/07/2014,Tue,1855,FD,CE1C,181A ,,R,D,DO,F ,T,G,C,60,0,0,0,1768628,5914044
Auckland,31/01/2014,Fri,820,FD,VW1CC,181A 330A ,,R,D,B ,F ,T,N,C,60,0,0,0,1768628,5914044
Auckland,24/03/2014,Mon,820,FD,CE1CCC,331A 410A ,,E,D,BF,F , ,N,P,60,0,0,0,1768663,5914063
Auckland,27/12/2014,Sat,2315,MC,CE1C,372B 386B ,,R,D,DO,F ,M,T,C,60,0,0,0,1768614,5914037
Auckland,14/12/2014,Sun,1210,FD,CW1CC,331A 353A ,,E,W,O ,L , , ,C,60,0,0,0,1766549,5913284
Auckland,15/07/2014,Tue,721,NA,VW1E,710B 712B ,,R,D,B ,F , , ,R,60,0,0,1,1766627,5913303
Auckland,07/08/2014,Thu,820,LB,MW1CBC,303B 377B 922 ,,R,D,B ,F ,D,N,P,60,0,0,0,1766724,5913326
Auckland,21/08/2014,Thu,1740,AC,CE1C,372A ,,R,D,OF,F , ,N,C,50,0,0,0,1766549,5913284
Auckland,22/02/2014,Sat,9,DB,CE1,103A 131A ,G,M,D,DO,F , ,N,C,80,0,0,0,1766656,5913310
Auckland,02/07/2014,Wed,2300,LB,CW1C,323B 353B ,,R,D,DO,F ,M,T,R,60,0,0,0,1766530,5913279
Auckland,17/07/2014,Thu,225,DB,CW1,130A 358A ,S,R,D,DO,F ,X,T,R,60,0,0,0,1766530,5913279
Auckland,29/09/2014,Mon,1500,FE,CN1M,181A 331A ,,R,D,O ,F ,T,T,R,50,0,0,0,1766519,5913270
Auckland,29/10/2014,Wed,855,FA,CE1C,330A 350A ,,R,D,BF,F , ,N,R,60,0,0,0,1768176,5913812
Auckland,30/07/2014,Wed,1535,FD,CE1CC,181A 331A ,,R,D,B ,F ,T,G,P,60,0,0,3,1766999,5913380
Auckland,18/06/2014,Wed,900,JA,CW1C,302B 363B 801 902 ,,R,W,B ,L ,T,G,P,60,0,0,1,1766994,5913379
Auckland,19/10/2014,Sun,120,CC,CW1,130A ,H,R,W,DO,L , ,N,N,50,0,0,0,1765909,5899592
Auckland,18/09/2014,Thu,2225,JA,CE1C,103A 112A 302B 375B ,,R,D,DO,F ,T,G,C,50,0,0,2,1765946,5899608
Auckland,18/07/2014,Fri,1536,MO,CS1,130A 423A ,H,E,D,B ,F , , ,R,50,0,0,0,1766034,5899645
Auckland,31/12/2014,Wed,1410,JA,CN1C,375B ,,R,D,OF,F ,T,N,C,50,0,0,1,1768639,5915768
Auckland,15/04/2014,Tue,730,MO,CW1C,330A 371A ,,E,D,O ,F , , ,N,50,0,0,0,1768431,5902632
Auckland,10/10/2014,Fri,645,EA,CS1CC,129A ,M,R,D,O ,F , ,N,P,50,0,0,0,1743819,5916488
Auckland,25/02/2014,Tue,1025,EA,CS1V,129A ,M,R,D,O ,F , , ,C,50,0,0,0,1743933,5916207
Auckland,23/02/2014,Sun,1031,JA,CN1M,302B 353B ,,M,D,B ,F ,T,G,R,50,0,1,2,1743778,5916399
Auckland,01/08/2014,Fri,2221,MC,CS1C,372B 404B ,,E,D,DO,F , ,N,C,50,0,0,1,1743834,5916511
Auckland,22/03/2014,Sat,5,BE,CE1V,103A 112A 130A ,,R,D,DO,F , , ,C,50,0,2,1,1764878,5911718
Auckland,18/02/2014,Tue,1950,JA,CW1C,103B 111B 124B 202B ,,R,D,O ,F ,T,G,C,50,0,0,1,1764617,5911665
Auckland,12/08/2014,Tue,910,MO,VW1C,512A 514A ,Q,R,W,OF,F , ,N,C,50,0,0,1,1765556,5911463
Auckland,28/07/2014,Mon,1550,KA,VE14,308B 927 ,,R,D,BF,F ,D,N,C,50,0,0,0,1764235,5911591
Auckland,21/01/2014,Tue,1648,MC,CW1C,372B ,,R,D,O ,LS, ,N,C,50,0,0,1,1764305,5911604
Auckland,20/03/2014,Thu,1800,MD,CW1C,371B 929 ,,R,D,BF,F ,D,N,C,50,0,0,0,1764266,5911596
Auckland,28/07/2014,Mon,810,JA,CE1C,308B 929 ,,R,D,B ,F ,D,N,C,50,0,0,0,1764631,5911668
Auckland,26/01/2014,Sun,1115,EA,CS1C,129A 130A 350A ,M,R,D,OF,F , ,N,N,50,0,0,0,1766212,5912665
Auckland,24/10/2014,Fri,1115,GB,CW1C,172B 330B ,,E,D,B ,F ,R,N,C,50,0,0,0,1764919,5914744
Auckland,23/08/2014,Sat,1210,GB,CW1V,171A 330A ,,E,D,B ,F ,R,G,C,50,0,0,0,1764924,5914719
Auckland,28/04/2014,Mon,1225,HA,CS1C,302A 353A ,,R,D,BF,F ,R,G,R,50,0,0,0,1764962,5914710
Auckland,06/08/2014,Wed,822,HA,CS1C,108A 302A 610A ,,E,D,B ,F ,R,G,R,50,0,0,0,1764962,5914710
Auckland,18/12/2014,Thu,2223,KA,4S1C,302B ,,R,D,DO,F ,R,G,C,50,0,0,0,1764977,5914726
Auckland,22/02/2014,Sat,730,MA,CW1T,373B 904 ,,R,W,O ,M , , ,N,50,0,0,0,1753679,5934444
Auckland,20/10/2014,Mon,854,CB,CW1V,133A 402A ,M,R,D,B ,F , , ,C,50,0,0,1,1763128,5914517
Auckland,03/12/2014,Wed,650,HA,CS1C,302B ,,R,D,BF,F ,X,G,C,50,0,0,1,1763019,5914148
Auckland,11/07/2014,Fri,1845,FA,CS1C,181A 357A 191B 357B ,,R,W,DO,L , , ,C,50,0,0,0,1762841,5913812
Auckland,24/04/2014,Thu,1241,CA,CN1C,410A ,M,R,D,O ,F , , ,C,50,0,0,0,1762852,5913855
Auckland,26/10/2014,Sun,2117,EA,4N1C,331A 357A ,FM,R,D,DO,F , ,N,C,50,0,0,0,1762918,5913978
Auckland,25/08/2014,Mon,754,KB,CN1C,302B ,,M,D,O ,F ,T,G,C,50,0,0,0,1761762,5919669
Auckland,11/06/2014,Wed,1627,DB,CE1,111A 131A ,T,M,D,B ,F , , ,N,100,0,0,0,1777123,5898923
Auckland,04/06/2014,Wed,820,JA,CN1C,308A 370A 930 ,,R,D,B ,F ,D, ,C,80,0,0,0,1777957,5899528
Auckland,08/09/2014,Mon,50,DB,CW1,103A 111A 131A ,T,M,D,DN,F , ,N,L,100,0,0,0,1776400,5898684
Auckland,10/12/2014,Wed,855,DA,TN1,111A 131A 330A ,FPT,M,D,B ,F , , ,L,100,0,0,1,1775498,5897900
Auckland,11/04/2014,Fri,1930,MC,CW1C,112B 512B 514B ,,R,D,DN,F , ,N,C,100,0,0,0,1779098,5900126
Auckland,23/03/2014,Sun,130,DA,CW1,103A 111A ,,E,D,DO,F , ,N,C,100,0,0,0,1777080,5898902
Auckland,04/08/2014,Mon,1020,DB,CS1,131A ,F,M,D,B ,F , , ,C,100,0,0,0,1780460,5903000
Auckland,12/12/2014,Fri,430,DA,CE1,131A 410A ,PV,E,D,DN,F , ,N,C,100,0,0,0,1782793,5884585
Auckland,06/05/2014,Tue,615,DB,VW1,111A 131A ,FT,E,W,DN,M , ,N,C,100,0,0,0,1781112,5884340
Auckland,27/06/2014,Fri,900,DA,VS1,111A 131A 801 809 812 ++,C,E,W,O ,L , , ,C,100,0,0,0,1788043,5888886
Auckland,07/02/2014,Fri,1930,DA,4S1,102A 131A 801 ,V,M,W,TN,L , , ,C,100,0,1,0,1788407,5883133
Auckland,18/08/2014,Mon,520,HA,CW2S,102A 302A 375A 410A ,,R,D,DO,F ,X,G,N,50,0,1,0,1750939,5927323
Auckland,14/04/2014,Mon,1600,EA,CE1C,386A ,M,R,D,O ,F , ,N,C,50,0,0,0,1745404,5919982
Auckland,09/05/2014,Fri,1640,NA,CE1E,713B ,,R,D,BF,F , ,N,C,50,0,0,1,1745541,5919971
Auckland,13/04/2014,Sun,2055,CC,CN14C,103A 129A ,MM,R,D,DO,F , ,N,C,50,0,0,1,1755748,5914228
Auckland,20/01/2014,Mon,2136,CB,CN1,110A 125A 801 ,T,R,W,DN,L , ,N,P,80,0,0,1,1748357,5930896
Auckland,29/10/2014,Wed,1420,DB,CN1,111A 131A 402A 632A ,V,M,D,O ,F , , ,C,80,0,0,0,1747665,5930556
Auckland,04/11/2014,Tue,1455,AO,CW1C,381A 929 ,,R,D,ON,F ,D,N,C,80,0,0,0,1749246,5931909
Auckland,15/03/2014,Sat,,EA,CN1C,129A ,M,R,W,DO,H , , ,N,50,0,0,0,1752932,5925197
Auckland,04/05/2014,Sun,155,DB,MN14,104A 111A ,M,E,W,DO,L , ,N,C,50,0,1,0,1761489,5919659
Auckland,07/01/2014,Tue,1730,DA,CS2C,111A 131A ,FHM,M,D,BF,F ,T,S,C,50,0,0,1,1763353,5905724
Auckland,26/09/2014,Fri,134,MO,VN1C,385A 929 ,M,R,D,DO,F , ,N,N,50,0,0,0,1754513,5924856
Auckland,07/05/2014,Wed,1123,MO,CN1C,386A 402A ,M,R,D,B ,F ,X,S,N,50,0,0,0,1764216,5909555
Auckland,14/08/2014,Thu,1230,FE,4W1C,331A ,,E,D,O ,F ,T,T,C,50,0,0,0,1757756,5919070
Auckland,21/08/2014,Thu,1425,LB,PN1C,303B 377B ,,R,D,B ,F ,T,G,C,50,0,1,0,1757837,5918905
Auckland,04/04/2014,Fri,1750,FA,CS1C,181A ,,R,D,B ,F ,X,G,C,50,0,0,0,1757870,5918731
Auckland,28/03/2014,Fri,1620,FD,TW1C,181A ,,R,D,B ,F , , ,C,50,0,0,0,1757865,5918711
Auckland,15/03/2014,Sat,1432,LB,VS14,303B ,,E,D,OF,F ,X,T,C,50,0,0,1,1757873,5918740
Auckland,20/04/2014,Sun,1139,FD,CE1X,181A 901 ,,R,W,O ,H , , ,C,50,0,0,0,1757539,5919137
Auckland,12/10/2014,Sun,1935,DB,CE1,111A 131A 402A ,JP,M,D,TO,F , , ,N,50,0,0,0,1772472,5893952
Auckland,09/01/2014,Thu,815,GE,4N1O,160A 333A 929 ,,R,W,ON,L ,D,N,C,80,0,0,0,1728466,5941031
Auckland,13/03/2014,Thu,1545,NB,CE1E,306A 376A ,,E,D,B ,F , ,N,X,20,0,0,1,1754408,5931399
Auckland,08/07/2014,Tue,724,KC,CW1C,315B 375B ,,R,D,O ,F ,T,G,C,50,0,0,0,1754639,5931450
Auckland,27/03/2014,Thu,1130,MG,CN1C,371B ,,R,D,BF,F ,T,G,C,50,0,0,0,1754343,5931475
Auckland,19/07/2014,Sat,1120,LB,CN1C,303B 375B ,,R,D,B ,F ,T,G,C,50,0,0,0,1758462,5920099
Auckland,06/06/2014,Fri,120,DA,CN1CCC,103A 131A 801 ,FX,M,W,DO,L ,Y, ,P,50,0,0,0,1758205,5920236
Auckland,22/04/2014,Tue,1725,AO,CS1C,381A ,,M,D,OF,F , ,N,C,50,0,0,0,1758209,5920232
Auckland,14/04/2014,Mon,1528,AO,TS1C,671A ,,M,D,B ,F , , ,R,50,0,0,0,1758209,5920232
Auckland,21/09/2014,Sun,1300,AC,CW1C,372A ,,R,D,OF,L ,X,T,R,50,0,0,0,1758283,5920193
Auckland,29/09/2014,Mon,1600,FE,TE1C,181A ,,R,D,OF,F ,X,T,R,60,0,0,0,1758255,5920208
Auckland,31/01/2014,Fri,1315,AC,TE1C,197A ,,E,D,BF,F ,X,T,R,50,0,0,0,1758237,5920218
Auckland,28/05/2014,Wed,915,AO,BE1C,372A ,,M,D,BF,F , ,N,R,50,0,0,0,1758203,5920238
Auckland,12/09/2014,Fri,1440,FE,VW1C,181A ,,R,W,OF,H ,X,T,R,50,0,0,0,1758327,5920169
Auckland,24/07/2014,Thu,1230,NB,CN1E,306A 376A 801 ,,R,W,O ,L ,T,S,X,50,0,0,1,1758619,5919909
Auckland,08/06/2014,Sun,1028,FD,CN1C,181A 191B ,,R,D,B ,F , , ,C,50,0,0,1,1758856,5918981
Auckland,23/05/2014,Fri,1430,EA,CS1C,129A ,M,R,D,O ,F , , ,C,50,0,0,0,1758771,5919589
Auckland,15/11/2014,Sat,1500,AO,CS1C,130A 514A ,,R,D,O ,F , , ,P,50,0,0,0,1758812,5918910
Auckland,08/07/2014,Tue,1740,LB,CN1C,322A ,,R,W,OF,L ,T,T,C,50,0,0,0,1758832,5918933
Auckland,12/12/2014,Fri,1838,MD,CS1C,308B 375B 929 ,,R,D,TO,F ,D,N,P,50,0,0,1,1758780,5919571
Auckland,06/08/2014,Wed,2020,JA,CN1C,308B 375B 927 ,,R,D,DO,F ,D,N,P,50,0,0,0,1758806,5919517
Auckland,11/04/2014,Fri,1300,MO,CS1C,386A ,M,R,D,O ,F , , ,N,50,0,0,0,1758601,5919944
Auckland,26/08/2014,Tue,828,GE,PN1C,110A 151A 370B ,,R,D,B ,F ,T,G,P,50,0,1,0,1758657,5919829
Auckland,08/02/2014,Sat,615,FA,CS1S,101A 181A ,,R,W,TN,L , ,N,C,50,0,0,1,1758612,5919922
Auckland,17/10/2014,Fri,1424,FA,VE1C,181A 331A ,,R,D,O ,F , , ,C,50,0,0,1,1744755,5914464
Auckland,28/02/2014,Fri,950,FD,CN1C,331A ,,R,D,O ,F , , ,C,50,0,0,0,1744921,5914371
Auckland,29/11/2014,Sat,1210,CB,CW1,130A 354A ,B,R,D,B ,F , , ,C,50,0,0,0,1744865,5914421
Auckland,24/09/2014,Wed,1507,GO,TN1C,179A 381A ,,M,D,B ,F ,R,G,C,50,0,0,1,1745039,5914104
Auckland,14/01/2014,Tue,1730,AC,CN1C,372A ,,R,D,B ,F ,R,G,C,50,0,0,0,1745036,5914108
Auckland,04/11/2014,Tue,2000,AC,TS1C,159A 330A ,,R,D,TO,F , , ,C,50,0,0,0,1744979,5914236
Auckland,26/04/2014,Sat,1050,AC,CW1C,150A 381A ,,R,D,B ,F , ,N,C,50,0,0,0,1745011,5914163
Auckland,26/09/2014,Fri,1750,HA,CE1C,301B ,,R,D,TF,F ,X,S,C,50,0,0,0,1754881,5915261
Auckland,24/11/2014,Mon,1330,MO,CE1C,371A 929 ,M,R,D,B ,F ,D,N,C,50,0,0,0,1753005,5918423
Auckland,17/10/2014,Fri,1628,FD,CN1CV,110A 331A 355A ,,R,D,B ,F , , ,P,50,0,0,1,1748528,5918403
Auckland,01/10/2014,Wed,1012,AO,CS1V,130A 501A ,,E,D,B ,F ,R,G,R,50,0,0,0,1748779,5917958
Auckland,04/03/2014,Tue,630,EA,CW1C,129A ,M,R,D,DO,  , ,N,N,50,0,0,0,1770983,5915171
Auckland,30/08/2014,Sat,1504,AD,CN1C,137A 155A ,M,E,W,O ,L , ,N,L,50,0,0,3,1763137,5919574
Auckland,09/05/2014,Fri,738,HA,CS14,301B 375B ,,R,W,OF,F ,X,S,C,50,0,0,0,1763113,5919207
Auckland,20/11/2014,Thu,1025,KB,CS1CC,308B 377B 929 ,M,R,D,BF,F ,D,N,C,50,0,0,0,1763277,5920225
Auckland,21/03/2014,Fri,1600,MO,CW1C,386A ,M,R,D,B ,F ,T,N,C,50,0,0,0,1763317,5920380
Auckland,12/08/2014,Tue,956,PO,VN1E,205A 376A ,,R,D,O ,L ,T,T,C,50,0,0,0,1763318,5920389
Auckland,01/07/2014,Tue,1945,CB,CN1,129A 410A ,T,R,W,DN,F , ,N,N,100,0,0,1,1763629,5881792
Auckland,31/12/2014,Wed,1858,DC,CS2,103A 112A 321A ,C,R,D,O ,F ,T,S,C,100,0,0,1,1764202,5880973
Auckland,11/03/2014,Tue,2040,QC,CN1O,326A ,FN,R,D,DN,F , ,T,C,70,0,0,2,1763109,5882327
Auckland,02/03/2014,Sun,1830,HA,CS1V,321A ,,R,D,B ,F ,X,S,C,50,0,0,0,1765886,5878541
Auckland,12/12/2014,Fri,1638,EA,CE1CC,103A 129A ,M,R,D,OF,F , ,N,N,50,0,0,0,1752864,5931441
Auckland,12/12/2014,Fri,1638,EA,CE1CC,103A 129A ,M,R,D,O ,F , ,N,N,50,0,0,0,1752864,5931441
Auckland,21/05/2014,Wed,835,FD,CW1CC,181A 181B ,,R,D,B ,F , , ,C,50,0,0,0,1752648,5931400
Auckland,11/12/2014,Thu,1810,JA,CN1C,308B 922 ,,M,D,O ,F ,D,N,C,50,0,0,0,1753147,5931243
Auckland,23/08/2014,Sat,2312,DB,CS1,103A 131A ,J,E,D,DO,F , , ,C,50,0,0,1,1753152,5931235
Auckland,04/08/2014,Mon,1715,JA,CN1V,308B 929 ,,R,D,O ,F ,D,N,C,50,0,0,0,1752995,5931382
Auckland,27/06/2014,Fri,815,JA,CN14,308B 375B 922 ,,M,W,BF,L ,D,N,C,50,0,0,0,1753113,5931277
Auckland,27/05/2014,Tue,1140,EA,CS1C,129A ,M,R,D,BF,F , ,N,N,50,0,0,0,1758098,5905868
Auckland,12/01/2014,Sun,1700,EA,CE1C,386A ,M,R,D,B ,F ,T,N,C,50,0,0,0,1759021,5912313
Auckland,20/04/2014,Sun,1300,EA,CN1C,111A 131A ,M,E,W,O ,L , , ,C,50,0,0,0,1760735,5916240
Auckland,04/05/2014,Sun,1030,GC,CW1C,150A 330A 387A 386B 929 ,,R,D,B ,F ,D,N,L,50,0,0,1,1753382,5927794
Auckland,19/10/2014,Sun,816,DB,CN1,111A 131A ,VX,M,W,O ,F , , ,C,100,0,0,1,1736267,5942121
Auckland,21/02/2014,Fri,1655,DB,CS1,103A 111A 131A 402A ,T,M,D,B ,F , , ,C,80,0,1,0,1734472,5936041
Auckland,23/03/2014,Sun,105,CB,CN1,101A 410A ,P,R,D,DN,F , , ,C,100,0,0,0,1734574,5936537
Auckland,19/10/2014,Sun,1330,GF,CW1C,172A 372A ,,R,D,B ,F ,T,S,C,50,0,0,0,1755528,5915562
Auckland,10/08/2014,Sun,528,DA,CS1,111A 131A 517A ,F,R,D,DO,F ,T,N,C,50,0,0,0,1766916,5905874
Auckland,08/02/2014,Sat,1430,MO,4E1C,386A ,M,R,D,B ,F , ,N,C,50,0,0,0,1766824,5913187
Auckland,20/11/2014,Thu,1920,HA,CS24,302A 375A ,,R,W,BF,F ,X,G,P,50,0,0,0,1754088,5912996
Auckland,24/09/2014,Wed,1000,AO,CN1C,381A ,,M,D,BF,F ,R,G,R,50,0,0,0,1761372,5914222
Auckland,03/02/2014,Mon,,FB,CS1C,331A 353A ,,E,D,DO,F ,R,G,C,50,0,0,0,1761461,5914299
Auckland,11/02/2014,Tue,900,GF,CN2V,381A ,,R,D,BF,F ,R,S,R,50,0,0,0,1761382,5914217
Auckland,18/02/2014,Tue,15,CA,CE1,350A 817 ,C,R,D,DO,F ,R,G,R,50,0,0,0,1761367,5914267
Auckland,23/08/2014,Sat,930,FB,VS1C,331A 353A ,,E,D,B ,F ,R,G,R,50,0,0,0,1761419,5914329
Auckland,13/12/2014,Sat,1005,FB,4S1C,353A 387A ,,M,D,OF,F ,R,G,P,50,0,0,0,1761419,5914329
Auckland,19/12/2014,Fri,900,FD,CW1C,181A ,,R,D,BF,F , ,N,C,50,0,0,0,1763531,5913855
Auckland,19/09/2014,Fri,1630,FB,CE1C,181A 387A ,,R,D,O ,F ,T,S,C,50,0,0,1,1763447,5913908
Auckland,20/08/2014,Wed,1804,LB,CE1C,303B 375B ,,R,D,DO,F ,T,T,C,50,0,0,2,1763447,5913908
Auckland,21/12/2014,Sun,300,CC,CN1,112A 130A ,P,R,W,DO,L ,X,G,R,50,0,0,0,1762273,5913761
Auckland,05/06/2014,Thu,1715,FB,CE1C,181A ,,R,D,B ,F ,X,G,C,50,0,0,0,1762273,5913761
Auckland,09/01/2014,Thu,858,GD,CW1C,181A 333A 927 ,,R,D,O ,F ,D, ,C,50,0,0,0,1762556,5913817
Auckland,30/04/2014,Wed,1605,KA,CE1C,308B 927 ,,E,D,O ,F ,D,N,C,50,0,0,0,1763795,5913707
Auckland,05/05/2014,Mon,1935,KA,CN1C,308B 375B ,,E,W,DO,F ,T,G,C,50,0,0,0,1763795,5913707
Auckland,17/12/2014,Wed,1115,KB,CE1CB,308B 925 ,,R,W,O ,L ,D,N,C,50,0,0,0,1763786,5913712
Auckland,10/05/2014,Sat,1200,LB,CE1C,303B 925 ,,R,D,B ,F ,D,N,C,50,0,0,0,1763768,5913721
Auckland,14/11/2014,Fri,1215,LB,VE1CC,303B 375B 926 ,,R,D,B ,F ,D,N,C,50,0,0,1,1763750,5913730
Auckland,04/08/2014,Mon,1500,AA,CE1T,372A ,,R,D,BF,F ,X,T,C,50,0,0,0,1763813,5913698
Auckland,30/01/2014,Thu,1643,KA,CW1C,301B ,,R,D,B ,F ,T,S,C,70,0,0,0,1762264,5913751
Auckland,30/01/2014,Thu,1312,MO,CS1C,371A ,,R,D,BF,F , ,N,C,50,0,0,0,1749452,5970560
Auckland,28/09/2014,Sun,1446,HA,CW2C,308A 927 ,,R,D,B ,F ,D,G,C,50,0,0,0,1749477,5970603
Auckland,27/04/2014,Sun,,EA,CS1C,386A ,M,E,D,B ,F , ,N,N,50,0,0,0,1769720,5898001
Auckland,20/04/2014,Sun,1330,DA,MN1,131A 901 930 ,,E,W,O ,H ,D, ,N,50,0,0,1,1760404,5906254
Auckland,17/01/2014,Fri,1950,DB,CE1C,103A 334A 433A ,M,E,D,B ,F , ,N,N,50,0,0,0,1757423,5930767
Auckland,30/03/2014,Sun,100,DA,CN1,131A ,C,E,D,DN,F , ,N,N,100,0,0,0,1777170,5898081
Auckland,31/03/2014,Mon,1510,DA,4W1T,136A 650A ,FM,E,D,B ,F , , ,N,50,0,0,0,1759128,5924688
Auckland,04/06/2014,Wed,1030,FB,CE1C,331A ,,E,D,B ,F ,X,S,R,50,0,0,0,1756053,5919766
Auckland,29/05/2014,Thu,830,EA,CN1C,129A ,M,R,D,OF,F , ,N,L,50,0,0,0,1771863,5915376
Auckland,24/06/2014,Tue,700,JA,SS1C,302B ,,E,W,O ,F ,R,G,R,50,0,0,1,1772274,5914992
Auckland,19/08/2014,Tue,1800,EA,CE1C,129A ,M,E,W,TO,H , ,N,N,50,0,0,0,1751797,5931709
Auckland,25/06/2014,Wed,1524,NA,CS1E,711B 712B ,,R,W,OF,HS, ,N,C,50,0,0,1,1769308,5915118