TLANAME,CRASHDATE,CRASHDOW,CRASHTIME,MVMT,VEHICLES,CAUSES,OBJECTSSTRUCK,ROADCURVE,ROADWET,LIGHT,WTHRa,JUNCTYPE,TRAFCTRL,ROADMARK,SPDLIM,CRASHFATALCNT,CRASHSEVCNT,CRASHMINCNT,EASTING,NORTHING
Auckland,22/05/2014,Thu,845,LB,CW2C,303B ,,R,D,BF,F ,X,T,C,50,0,0,0,1769286,5915001
Auckland,02/06/2014,Mon,1034,DA,CE2,131A 634A ,FH,S,W,OF,L ,T,T,C,50,0,0,1,1769272,5914992
Auckland,09/08/2014,Sat,2355,HA,TS1C,103A 197A 322B ,,E,D,DO,F ,X,T,C,50,0,0,1,1769272,5914992
Auckland,28/03/2014,Fri,2005,CA,MN1,101A 112A 132A ,,R,D,TO,F ,R,G,R,50,0,1,0,1769322,5915852
Auckland,09/06/2014,Mon,1600,MC,4N1C,372B ,,R,W,OF,L ,T,G,C,50,0,0,2,1769405,5914781
Auckland,19/08/2014,Tue,1545,HA,CS1C,301B 375B ,,R,W,OF,H ,X,S,C,50,0,0,0,1769394,5916271
Auckland,14/02/2014,Fri,1411,FB,4S1C,331A 358A ,,R,D,B ,F ,R,G,C,50,0,0,0,1752571,5933625
Auckland,30/11/2014,Sun,1314,JA,4S1C,308B 375B 926 ,,R,D,OF,F ,D,N,P,50,0,0,0,1752571,5933622
Auckland,03/06/2014,Tue,2300,DA,CE1,111A 131A 800 ,CV,E,W,DN,F , , ,C,100,0,0,0,1737366,5910158
Auckland,06/07/2014,Sun,2205,DB,CS1,131A ,T,M,D,DN,F , ,N,C,80,0,0,0,1735271,5909533
Auckland,17/12/2014,Wed,1858,DA,CS1,103A 131A ,CT,S,W,O ,H , , ,C,70,0,0,1,1735312,5908925
Auckland,07/02/2014,Fri,1755,DA,CW1,110A 135A 801 ,T,M,W,OF,M , ,N,C,100,0,0,0,1735390,5909615
Auckland,21/04/2014,Mon,1914,DB,CW1,101A 111A 431A ,C,M,W,DN,F , ,N,C,100,0,0,1,1735271,5909533
Auckland,15/03/2014,Sat,1414,DA,CS1,111A 131A ,CT,M,W,ON,L , ,N,C,100,0,0,1,1735334,5908880
Auckland,15/04/2014,Tue,1630,DA,CS1,135A 806 ,,M,W,ON,L , ,N,C,100,0,0,0,1735230,5908785
Auckland,08/02/2014,Sat,1720,DA,CS1,135A 801 ,,M,W,OF,M , ,N,C,100,0,0,0,1734957,5907826
Auckland,15/04/2014,Tue,1929,DA,CW1,131A 632A ,CT,M,W,DN,M , ,N,C,100,0,0,0,1734083,5907514
Auckland,03/08/2014,Sun,2248,DA,CW1,131A 402A ,CT,S,W,DN,L , ,N,C,50,0,0,0,1734005,5907573
Auckland,15/03/2014,Sat,2000,BF,CW1V,135A ,,S,W,TN,HS, ,N,C,100,0,0,0,1733573,5907653
Auckland,21/02/2014,Fri,942,FB,CN1C,181A ,,R,D,BF,F ,T,S,C,70,0,0,0,1740133,5911374
Auckland,15/12/2014,Mon,15,DB,CN1,131A 404A ,T,E,D,DN,F , ,N,C,50,0,0,0,1731696,5908756
Auckland,17/06/2014,Tue,2210,GD,CS1C,333A 927 ,,R,W,DO,H ,D,G,C,50,0,0,0,1765424,5915613
Auckland,17/12/2014,Wed,1740,FD,CN1CV,181A ,,R,D,OF,F ,T,S,C,50,0,0,2,1765340,5915287
Auckland,12/06/2014,Thu,1948,DC,CW2C,112A 402A 801 ,FM,R,W,DO,H ,T,G,C,50,0,0,0,1765311,5915170
Auckland,03/04/2014,Thu,1705,EA,CN1C,129A 505A ,M,R,D,OF,L ,T,S,C,50,0,0,0,1765271,5915009
Auckland,27/05/2014,Tue,1235,EA,CN1C,129A ,M,R,D,B ,F , , ,C,50,0,0,0,1765368,5915389
Auckland,14/08/2014,Thu,812,LB,CN1C,303B 375B ,,E,W,O ,F ,T,G,L,50,0,0,0,1765375,5915448
Auckland,10/03/2014,Mon,1255,JA,VE2C,322A 351A ,,E,D,BF,F ,T,T,C,50,0,0,0,1765180,5914661
Auckland,16/12/2014,Tue,1215,HA,CS1C,302A 375A ,,R,D,OF,F ,R,G,R,50,0,0,0,1765580,5916230
Auckland,22/12/2014,Mon,1445,HA,CW2C,302A ,,E,D,B ,F ,R,G,R,50,0,0,0,1765588,5916212
Auckland,25/12/2014,Thu,1813,DB,VN1,103A 131A 138A ,E,E,D,O ,F , , ,N,50,0,0,0,1742691,5904296
Auckland,28/01/2014,Tue,1139,HA,CE2C,301B 375B ,,R,D,B ,F ,X,S,C,50,0,0,0,1755368,5916333
Auckland,26/03/2014,Wed,1730,NC,CE2E,711B ,I,S,D,BF,F ,T,S,R,50,0,0,1,1749304,5913915
Auckland,09/01/2014,Thu,715,DA,CE1,131A 800 902 ,F,E,W,B ,F , , ,C,80,0,0,0,1744441,5944611
Auckland,21/01/2014,Tue,940,DB,CS2,135A 801 815 ,E,R,W,OF,L ,T,S,C,80,0,0,0,1744413,5944601
Auckland,13/01/2014,Mon,1600,BF,VS2C,122A 131A ,,R,D,O ,F ,T,N,C,80,0,0,0,1744413,5944601
Auckland,15/03/2014,Sat,1440,DB,CS1,111A 135A 801 ,,R,W,OF,LS,T,S,C,80,0,0,0,1744413,5944601
Auckland,31/07/2014,Thu,717,DB,CS2,131A 407A ,EF,S,D,O ,F ,T,S,L,80,0,0,0,1744413,5944601
Auckland,04/08/2014,Mon,1300,EA,VN1C,129A 370A ,M,R,D,B ,F ,T,N,C,50,0,0,0,1760458,5946113
Auckland,18/08/2014,Mon,1502,GA,CN1V,181A 386A 929 ,,E,D,O ,F ,D, ,C,50,0,0,0,1745013,5918438
Auckland,09/02/2014,Sun,945,JA,CN1C,308B 375B 926 ,,R,D,B ,F ,D,N,C,50,0,0,0,1743510,5923640
Auckland,12/07/2014,Sat,1420,EA,CE1C,386A ,M,R,D,O ,F ,X,G,C,50,0,0,0,1745519,5916883
Auckland,11/10/2014,Sat,700,EA,CN1C,386A ,M,R,D,B ,F , ,N,C,50,0,0,0,1765295,5899467
Auckland,19/06/2014,Thu,1652,MC,MS1C,372B ,,R,W,O ,F ,T,G,C,50,0,0,0,1756793,5919647
Auckland,23/10/2014,Thu,1816,JA,CS1C,302B ,,R,D,O ,F ,T,G,C,50,0,0,0,1756792,5919652
Auckland,18/02/2014,Tue,1705,AA,VW1C,184A ,,R,D,B ,F , , ,C,80,0,0,0,1756768,5919862
Auckland,20/09/2014,Sat,2100,AA,CS1C,372A ,,R,W,DO,L ,X,T,C,50,0,0,0,1756811,5919483
Auckland,24/12/2014,Wed,1400,LB,CS14,303B 930 ,,R,D,B ,F ,D, ,C,50,0,0,0,1756807,5919518
Auckland,16/02/2014,Sun,1140,FE,CS1C,331A 350A ,,R,D,BF,F ,X,T,C,50,0,0,0,1756812,5919468
Auckland,17/12/2014,Wed,2145,FB,CW1C,181A 330A ,,R,D,TO,F ,X,T,C,50,0,0,0,1756812,5919468
Auckland,02/12/2014,Tue,1745,LB,CS1C,303B ,,R,D,B ,F ,T,T,C,50,0,0,0,1756801,5919573
Auckland,10/06/2014,Tue,803,NC,BS2E,323A 334A 901 ,,M,W,O ,H ,X,T,C,50,0,0,0,1756782,5919750
Auckland,13/11/2014,Thu,2130,FF,CN1C,428B ,,E,W,DO,L ,T,T,L,50,0,0,0,1756526,5918895
Auckland,14/01/2014,Tue,900,FA,CN1C,196A ,,E,D,B ,F , , ,C,50,0,0,0,1756526,5918890
Auckland,03/05/2014,Sat,1130,MO,XE1C,371A ,M,R,D,OF,F , ,N,N,50,0,0,0,1768725,5913279
Auckland,28/08/2014,Thu,228,DB,CW2C,112A 129A 402A 514A ,,R,W,DO,F ,T,N,C,50,0,0,0,1751071,5916102
Auckland,22/02/2014,Sat,1250,HA,CS1S,204B 300B ,,R,D,OF,F ,T,G,N,50,0,0,0,1751121,5915887
Auckland,21/05/2014,Wed,840,AO,4S1C,372A ,,E,D,BF,  ,R,G,C,50,0,0,0,1747913,5912527
Auckland,09/03/2014,Sun,431,DB,CW1,111A 129A 131A ,F,M,D,DO,F ,R,G,R,50,0,0,0,1747924,5912529
Auckland,04/07/2014,Fri,620,MD,CN1C,371B 839 929 ,,R,W,DO,L ,D,N,C,80,0,0,0,1747669,5912779
Auckland,11/03/2014,Tue,1455,FF,CS14,191B 357B ,,R,D,BF,F , ,N,C,50,0,0,0,1747707,5913334
Auckland,14/06/2014,Sat,0,EA,CW1C,130A 433A ,M,R,D,DO,F , , ,C,50,0,0,0,1759257,5924338
Auckland,04/05/2014,Sun,259,EC,CW1,101A 330A ,G,R,D,DO,F , , ,C,50,0,0,0,1751923,5920131
Auckland,20/12/2014,Sat,2330,MC,CN1C,372B ,,R,D,DO,F , ,N,C,50,0,0,0,1752123,5918679
Auckland,23/01/2014,Thu,1830,MO,CS1C,350A 371A ,,R,D,B ,F ,X,T,C,50,0,0,0,1752400,5918091
Auckland,25/12/2014,Thu,1745,MO,BS1,179A 330A ,P,R,D,B ,F ,T,G,C,50,0,0,0,1751925,5919928
Auckland,06/05/2014,Tue,640,AO,CN1C,129A ,,R,W,B ,L , , ,C,50,0,0,0,1752372,5918253
Auckland,12/04/2014,Sat,1730,MC,SN1C,372B ,,R,D,BF,F , ,N,C,50,0,0,1,1751862,5919702
Auckland,27/07/2014,Sun,200,CC,CN1,103A 130A 402A ,T,R,W,DO,F ,T,G,C,50,0,0,1,1752201,5918547
Auckland,01/08/2014,Fri,1755,NC,SN1E,713B ,,E,D,TO,F ,T,G,C,50,0,0,0,1752206,5918538
Auckland,08/09/2014,Mon,2024,HA,CW1C,301B 375B ,,R,D,DO,F ,X,S,C,50,0,0,0,1765680,5916633
Auckland,22/03/2014,Sat,1005,HA,CW1S,302A 375A ,,E,D,BN,F ,R,G,R,50,0,1,0,1766211,5916510
Auckland,16/08/2014,Sat,1545,NA,CW1E,712B 713B ,,R,D,O ,F , , ,C,50,0,0,1,1765601,5916652
Auckland,06/09/2014,Sat,2057,DA,CE1CC,111A 423A ,M,R,D,DO,F ,T,N,N,80,0,0,0,1766324,5916483
Auckland,16/05/2014,Fri,825,HA,CW1C,321B 358B 402B ,,R,D,B ,F ,T,S,C,50,0,0,1,1765680,5916633
Auckland,12/05/2014,Mon,1300,MA,CW1C,373B ,,R,D,BF,F , ,N,C,50,0,0,0,1766093,5916536
Auckland,23/01/2014,Thu,2340,EA,CS1C,386A ,M,R,D,DO,F , ,N,C,50,0,0,0,1771517,5909559
Auckland,15/05/2014,Thu,916,DA,VW1,111A 129A 131A ,FS,E,W,O ,L , , ,L,50,0,0,1,1771155,5909215
Auckland,22/02/2014,Sat,1015,DA,CW1,131A 632A ,V,S,W,OF,L , ,N,C,50,0,0,0,1771155,5909215
Auckland,27/06/2014,Fri,2015,EA,CE14,195A ,M,R,W,DO,L , , ,N,50,0,0,0,1770672,5909529
Auckland,11/10/2014,Sat,903,DB,CN1,111A 131A ,FP,M,D,B ,F , , ,C,50,0,0,1,1772086,5911854
Auckland,07/02/2014,Fri,2025,DA,VN1,103A 131A ,CF,M,W,DN,L , ,N,C,50,0,0,0,1771934,5911563
Auckland,04/01/2014,Sat,2158,DA,CN1,111A 131A 402A ,C,M,D,DO,F , , ,C,50,0,0,2,1771769,5910672
Auckland,30/01/2014,Thu,1020,MD,CS1T,371B ,,R,D,B ,F , ,N,C,50,0,0,0,1755274,5928541
Auckland,12/12/2014,Fri,703,EC,VW1,911,W,R,D,O ,F , , ,C,50,0,0,0,1744930,5919227
Auckland,20/08/2014,Wed,1441,MB,TW1CC,303B 375B ,,R,W,OF,L , ,N,C,50,0,0,0,1745043,5919211
Auckland,24/09/2014,Wed,100,QD,CE1CC,428A ,M,R,D,DO,F ,T,G,C,50,0,0,0,1755328,5920504
Auckland,21/04/2014,Mon,1408,CA,CE1C,109A 410A ,IM,R,D,OF,F ,X,G,R,50,0,0,0,1755104,5920486
Auckland,08/01/2014,Wed,710,HA,CE14,302B 375B ,,R,D,BF,F ,X,G,C,50,0,0,0,1754961,5920496
Auckland,17/01/2014,Fri,1520,FD,CE14,181A 330A ,,R,D,B ,F , ,N,C,100,0,0,0,1775112,5893597
Auckland,05/12/2014,Fri,237,DB,CN1,103A 131A ,C,E,W,DN,L , , ,C,100,0,0,0,1778493,5891444
Auckland,04/12/2014,Thu,1200,EA,TS14,386A ,M,R,D,B ,F , ,N,C,80,0,0,0,1755671,5919773
Auckland,11/05/2014,Sun,355,MB,CS1C,303B ,,R,D,DO,F , , ,P,50,0,0,0,1755671,5919773
Auckland,14/12/2014,Sun,314,MC,CN1X,372B ,,R,W,DO,L , ,N,C,50,0,0,0,1755693,5919709
Auckland,12/09/2014,Fri,130,EA,CN1C,129A 330A ,M,R,W,DN,F , ,N,C,50,0,0,0,1755688,5919724
Auckland,23/02/2014,Sun,250,MB,CS1C,303B ,,R,D,DO,F , ,N,P,50,0,0,0,1755666,5919790
Auckland,03/03/2014,Mon,820,AC,CN1P,159A ,,R,D,B ,F , , ,C,40,0,0,1,1755703,5919681
Auckland,30/07/2014,Wed,1717,KA,CS1C,302B 375B ,,R,D,DO,F ,X,G,C,50,0,0,0,1755507,5920645
Auckland,17/08/2014,Sun,1600,MC,CN1C,372B ,,R,D,O ,F , , ,P,40,0,0,0,1755501,5920400
Auckland,15/02/2014,Sat,2220,EE,CN1X,525B ,Q,R,D,DO,F , , ,P,50,0,0,0,1755683,5919740
Auckland,21/08/2014,Thu,2235,LB,CS1C,103B 303B ,,R,D,DO,F ,T,T,C,50,0,0,2,1755608,5919957
Auckland,21/01/2014,Tue,555,LB,CS1C,322A ,,R,W,TO,M ,T,T,C,50,0,0,1,1755608,5919957
Auckland,03/10/2014,Fri,1125,MO,CN1C,101B 371B ,,R,D,O ,F ,T,T,C,50,0,0,0,1755608,5919957
Auckland,26/01/2014,Sun,1100,BB,CN1C,123A 927 ,,R,D,O ,F ,D,N,C,50,0,0,0,1755608,5919957
Auckland,09/11/2014,Sun,130,EA,CE1C,129A ,M,R,D,DO,F , , ,C,50,0,0,0,1755985,5919440
Auckland,16/08/2014,Sat,245,MC,4E1C,372B ,,R,D,DO,F ,X,T,C,50,0,0,0,1755928,5919480
Auckland,29/04/2014,Tue,845,MC,CN1C,372B ,,R,W,OF,L , ,N,C,50,0,0,0,1756206,5919286
Auckland,19/07/2014,Sat,1620,EA,VN1C,129A ,M,R,W,OF,F , ,N,C,50,0,0,0,1755655,5919821
Auckland,01/12/2014,Mon,1210,EA,TN1C,330A 386A ,M,R,D,B ,F ,T,N,P,40,0,0,0,1755556,5920168
Auckland,24/05/2014,Sat,50,MB,CS1C,303B 375B ,,R,D,DO,F , ,N,C,50,0,0,0,1755839,5919542
Auckland,30/04/2014,Wed,910,EA,CS1C,129A ,M,R,D,BF,F ,T,S,C,50,0,0,0,1755509,5920370
Auckland,03/12/2014,Wed,2010,EA,BS1X,129A 330A ,Q,R,D,B ,F , , ,C,50,0,0,0,1755728,5919624
Auckland,03/05/2014,Sat,1800,FE,CS1M,101A 181A ,,R,D,B ,F ,X,T,C,50,0,0,0,1755719,5919636
Auckland,17/07/2014,Thu,1024,GF,TE2C,172A 370A ,,R,D,B ,F ,X,T,C,40,0,0,0,1755719,5919636
Auckland,31/08/2014,Sun,42,AC,XN1C,372A 381A ,,R,D,DO,F ,X,T,C,40,0,0,0,1755719,5919636
Auckland,16/12/2014,Tue,1230,EA,CN1T,129A 386A ,M,R,D,B ,F , ,N,C,50,0,0,1,1755524,5920304
Auckland,24/02/2014,Mon,2054,AC,CS1P,372A 375A ,,R,D,DO,F , ,N,P,50,0,0,1,1755581,5920063
Auckland,26/05/2014,Mon,1159,NB,CN1E,714B 715B ,,E,D,B ,F , , ,P,50,0,1,0,1755977,5919445
Auckland,31/08/2014,Sun,500,HA,XE1C,101B 322B 334B 801 ,,R,W,DO,L ,X,T,C,50,0,0,1,1755936,5919475
Auckland,26/08/2014,Tue,1630,LB,TE14,302A ,,R,D,BF,F ,R,G,R,50,0,0,0,1741646,5918572
Auckland,24/10/2014,Fri,1740,GD,CW1C,331A 357A 929 ,,R,D,BF,F ,T,G,C,50,0,0,0,1742212,5918593
Auckland,12/08/2014,Tue,10,MO,TS1C,512A ,,E,D,DO,F , ,N,N,50,0,0,0,1767952,5913375
Auckland,20/04/2014,Sun,1202,FD,CN1CC,112A 331A 801 927 ,,R,W,O ,L ,D, ,C,50,0,0,0,1755482,5927913
Auckland,03/09/2014,Wed,1325,JB,4W1C,370A 370B 927 ,,M,D,B ,F ,D, ,C,50,0,0,0,1755482,5927913
Auckland,26/10/2014,Sun,1431,EA,CW1C,129A ,M,R,D,O ,F , , ,C,50,0,0,0,1755417,5927851
Auckland,17/07/2014,Thu,620,MD,CE1T,371B 927 ,,R,D,BF,F ,D,N,P,50,0,0,0,1755219,5927668
Auckland,19/07/2014,Sat,915,AC,VS14,159A 357B 512B ,,R,D,O ,F , , ,C,50,0,0,0,1755388,5927824
Auckland,04/11/2014,Tue,1704,JA,4E1C,308B 375B 925 ,,R,D,OF,F ,D,N,P,50,0,0,0,1755720,5928138
Auckland,22/05/2014,Thu,1345,JA,4N2C,322A 334A ,,R,D,OF,F ,T,T,P,50,0,0,0,1755786,5928200
Auckland,02/09/2014,Tue,250,DA,CE1,103A 111A 131A 801 ,P,S,W,DO,L ,R,G,R,50,0,0,1,1771710,5899043
Auckland,15/12/2014,Mon,815,FB,CN1C,181A 330A ,,E,D,O ,F ,T,G,C,50,0,0,0,1770763,5901610
Auckland,27/11/2014,Thu,1719,FD,CS14,181A 331A 402A ,,E,D,B ,F ,M,G,C,50,0,0,0,1771583,5899397
Auckland,19/08/2014,Tue,1750,JA,PS1C,302B ,,R,W,DO,L ,T,G,C,50,0,0,0,1771948,5898422
Auckland,21/02/2014,Fri,2226,EA,VN1V,410A ,M,R,D,TO,F , , ,C,50,0,0,1,1772444,5897161
Auckland,10/06/2014,Tue,1715,FD,CS14,331A 353A 901 ,,R,W,DN,H , , ,C,80,0,0,0,1771352,5900019
Auckland,19/02/2014,Wed,905,CB,CS1,130A 410A ,P,R,D,O ,F , ,N,C,80,0,0,1,1771443,5899775
Auckland,16/12/2014,Tue,846,HA,CS1C4,301B 375B 404B ,V,R,D,O ,F ,X,S,R,80,0,0,2,1771345,5900037
Auckland,07/04/2014,Mon,1720,HA,CE2C,301A ,,R,D,O ,F ,X,S,C,80,0,0,0,1771345,5900037
Auckland,11/01/2014,Sat,622,HA,CN1V,102B 301B ,,R,D,BF,F ,X,S,C,80,0,0,2,1771345,5900037
Auckland,05/04/2014,Sat,1831,FE,CS1C,358A 402A 423A ,,R,D,DO,F ,T,T,C,50,0,0,0,1772616,5896914
Auckland,21/07/2014,Mon,1705,MC,MS1C,372B ,,R,W,OF,F , ,N,P,50,0,0,1,1772065,5898111
Auckland,08/02/2014,Sat,1308,NA,TS1E,671A 711B ,,R,D,OF,F ,R,G,R,50,0,0,0,1772093,5898036
Auckland,24/03/2014,Mon,1312,CB,CW1,112A 130A ,F,R,D,BF,F , ,N,C,100,0,0,0,1729447,5983642
Auckland,30/06/2014,Mon,1610,CC,CN1,134A 195A ,V,R,W,TN,L , , ,C,100,0,0,0,1732673,5981391
Auckland,18/06/2014,Wed,2159,DA,CN1,103A 111A 131A ,V,M,W,DN,L , ,N,C,100,0,0,0,1732585,5981456
Auckland,12/06/2014,Thu,1355,DB,CW1,101A 111A 131A 532A 660A ,T,M,D,O ,F , , ,L,50,1,0,0,1763927,5910700
Auckland,15/12/2014,Mon,600,CB,CS1,130A 410A ,F,R,W,OF,L , ,N,C,50,0,0,0,1750676,5912621
Auckland,07/05/2014,Wed,955,LB,PN1C,303B 375B 926 ,,R,D,BF,F ,D,N,L,50,0,0,1,1750581,5913334
Auckland,01/08/2014,Fri,1107,JA,CN1C,308B 377B 839 922 ,,R,D,BF,F ,D,N,C,50,0,0,0,1750506,5913688
Auckland,17/07/2014,Thu,1915,AC,4N1C,372A ,,R,D,DO,F ,X,T,C,50,0,0,0,1750493,5913737
Auckland,30/09/2014,Tue,1305,JA,CN1C,302A 387A ,P,R,D,BF,F ,R,G,C,50,0,0,1,1750600,5912342
Auckland,11/01/2014,Sat,2300,KA,CE1C,302B ,,M,D,DO,F ,T,G,R,50,0,0,0,1763833,5906571
Auckland,31/01/2014,Fri,2040,MF,CE1C,371B ,,R,D,DO,F ,T,N,P,50,0,0,0,1763828,5906570
Auckland,29/11/2014,Sat,455,DA,CE1,104A 111A 131A 801 ,G,M,W,DO,L ,T,G,R,50,0,0,0,1763833,5906571
Auckland,15/06/2014,Sun,1235,LB,CN1C,303B 929 ,,R,D,BF,F ,D,N,C,50,0,0,1,1750473,5914485
Auckland,19/01/2014,Sun,1800,FE,CN14,350A 387A ,,R,D,B ,F ,T,T,C,50,0,0,0,1750463,5914502
Auckland,20/04/2014,Sun,1925,AC,CE1C,159A 372A ,,R,D,DO,F , ,T,C,50,0,0,0,1763507,5910657
Auckland,04/02/2014,Tue,1030,LB,TS2C,303B 386B ,,R,D,BF,F ,T,T,C,50,0,0,0,1763494,5910652
Auckland,25/07/2014,Fri,1100,FB,CN14,181A ,,E,D,O ,F ,X,G,C,50,0,0,0,1763494,5910652
Auckland,08/04/2014,Tue,1500,LB,TW1C,303B 324B ,,R,D,O ,F ,X,T,P,50,0,0,0,1763494,5910652
Auckland,21/02/2014,Fri,1310,LB,CW1C,303B 334B ,,R,D,BF,F ,X,T,C,50,0,0,0,1763494,5910652
Auckland,02/08/2014,Sat,1125,FF,VS24,191B ,,M,D,OF,F ,R,G,R,50,0,0,0,1753286,5933083
Auckland,21/03/2014,Fri,747,BF,CN1C,111A 131A ,,E,D,BF,F ,T,G,C,50,0,0,2,1750457,5911888
Auckland,09/12/2014,Tue,2020,JA,CN1C,301B ,,R,D,TF,F ,T,S,C,50,0,0,1,1750639,5913011
Auckland,02/09/2014,Tue,1030,FF,CE2C,181A ,,R,D,BF,F ,R,G,R,60,0,0,0,1771500,5897825
Auckland,07/06/2014,Sat,1205,EA,VN1V,129A ,M,R,D,BF,F , ,N,C,50,0,0,0,1750585,5913318
Auckland,13/01/2014,Mon,1142,CB,MN1,112A 330A 653A 927 ,H,R,D,B ,F ,D,N,C,50,0,0,1,1750551,5913448
Auckland,04/04/2014,Fri,1330,LB,VN1C,303B 334B ,,R,D,B ,F ,T,T,C,50,0,0,2,1750535,5913526
Auckland,07/09/2014,Sun,130,CB,CS1,130A 410A ,,R,D,DO,F , , ,P,50,0,0,0,1763722,5906479
Auckland,04/07/2014,Fri,805,CB,CW1,402A 410A ,F,R,W,BF,F , ,N,C,50,0,0,0,1763695,5906458
Auckland,01/09/2014,Mon,1500,GD,CN1C,333A 927 ,,R,W,BF,L ,D,N,C,50,0,0,0,1750603,5914017
Auckland,13/05/2014,Tue,1530,JA,CN1C,302B ,,R,D,O ,F ,T,G,C,50,0,0,0,1750532,5913852
Auckland,05/09/2014,Fri,645,CC,CW1,130A 410A ,P,R,W,B ,F , ,N,C,50,0,0,0,1762945,5905694
Auckland,11/08/2014,Mon,755,FB,4W2V,181B 331B ,,R,D,B ,F ,T,G,C,50,0,0,0,1763833,5906571
Auckland,16/09/2014,Tue,210,DB,CW2,111A 514A 517A ,J,M,W,DO,L ,T,G,R,50,0,0,0,1763833,5906571
Auckland,21/12/2014,Sun,235,DB,CN2C,103A 111A 131A ,M,M,W,DO,L ,T,G,R,50,0,0,0,1763833,5906571
Auckland,13/09/2014,Sat,1617,DA,CW1,130A 410A ,CT,M,D,O ,F ,T,N,C,50,0,0,0,1762665,5905547
Auckland,19/11/2014,Wed,2137,AD,CS1CC,150A 197B 353B 407B 801 ,M,R,W,DO,L , , ,C,50,0,0,1,1763294,5906111
Auckland,08/01/2014,Wed,2216,EA,CN1V,103A 129A ,M,R,D,DO,F ,T,G,C,50,0,0,1,1763268,5906080
Auckland,20/08/2014,Wed,757,FE,VN1C,357A 512A ,,R,W,BF,F ,T,T,C,50,0,0,0,1763268,5906080
Auckland,02/06/2014,Mon,1543,DB,VN1,102A 111A 131A 357A ,FT,R,D,BF,F ,T,G,C,50,0,0,0,1763227,5906031
Auckland,28/02/2014,Fri,840,JA,CW1C,301B 314B 377B ,,R,D,BF,F ,T,S,C,50,0,0,0,1760110,5918673
Auckland,09/04/2014,Wed,1657,LB,VS1V,303B 902 929 ,,R,D,B ,F ,D,N,C,80,0,0,0,1747425,5941055
Auckland,07/04/2014,Mon,2018,CB,4N1,103A 112A ,,R,D,DO,F ,T,N,R,50,0,1,1,1755402,5925937
Auckland,25/08/2014,Mon,2235,DA,CN1,103A 111A 131A ,K,E,D,DO,F ,T,N,C,50,0,0,0,1753853,5914941
Auckland,23/06/2014,Mon,,CC,CS1C,130A ,M,R,D,DO,F , ,N,C,50,0,0,0,1745123,5920203
Auckland,04/01/2014,Sat,1804,GA,CS1C,181A 358A 929 ,,R,D,B ,F ,D,N,C,50,0,0,0,1767704,5905963
Auckland,19/08/2014,Tue,1725,KA,CS1C,308B 377B 927 ,,R,W,OF,L ,D,N,C,50,0,0,0,1767807,5906378
Auckland,25/10/2014,Sat,1055,GD,CS1C,331A 330B 929 ,,R,D,B ,F ,D,N,C,50,0,0,0,1767790,5906310
Auckland,18/11/2014,Tue,1610,FD,CS1C,331A 351A ,,R,D,BF,F ,R,G,P,50,0,0,0,1767660,5905788
Auckland,31/10/2014,Fri,2243,HA,CE14,302A 330A ,,E,D,DO,F ,R,G,R,50,0,0,0,1767652,5905759
Auckland,21/03/2014,Fri,1505,HA,CE1C,302A 375A ,,R,D,BF,F ,T,G,R,50,0,0,0,1767652,5905759
Auckland,24/04/2014,Thu,110,EA,CN1C,103A 129A 130A ,M,R,D,DO,F , , ,P,50,0,0,0,1767918,5906825
Auckland,15/08/2014,Fri,530,EA,CN1V,129A 412A ,M,R,W,O ,L ,T,T,C,50,0,0,0,1767930,5906874
Auckland,31/10/2014,Fri,2322,GB,CS1CCC,111A 172A 514A 197C ,,R,D,DO,F ,T,T,C,50,0,0,0,1767930,5906874
Auckland,16/12/2014,Tue,1023,GF,TE2C,129A ,,R,D,O ,F ,X,T,P,60,0,0,0,1768156,5907851
Auckland,25/09/2014,Thu,1835,NA,CN1E,105B 711B ,,R,D,DO,F , , ,C,50,0,0,1,1767949,5906955
Auckland,25/11/2014,Tue,816,MO,CS1,130A 371A 929 ,T,R,D,B ,F ,D,N,C,50,0,0,0,1767956,5906984
Auckland,14/07/2014,Mon,1640,EA,CN1C,129A ,M,R,D,TF,F , ,N,C,50,0,0,0,1767979,5907071
Auckland,05/10/2014,Sun,1930,FE,CN1C,331A 801 ,,R,W,DO,L ,T,T,C,50,0,0,0,1767942,5906926
Auckland,28/08/2014,Thu,907,FE,CS1CC,181A 410A 181B ,,R,D,B ,F ,T,T,C,50,0,0,0,1767944,5906936
Auckland,20/08/2014,Wed,1530,KA,BN1C,129A ,,R,W,O ,L ,T,G,P,50,0,0,0,1768054,5907374
Auckland,19/11/2014,Wed,1000,MD,CN1C,387B 929 ,,R,D,BF,F ,D,N,C,50,0,0,0,1767765,5906208
Auckland,11/09/2014,Thu,1545,FE,CS1VC,181A 501A 181B ,,R,D,B ,F ,X,T,C,50,0,0,0,1767753,5906159
Auckland,15/04/2014,Tue,1500,FE,CS1C,181A 330A ,,R,D,B ,F ,X,T,C,50,0,0,0,1767753,5906159
Auckland,02/08/2014,Sat,1905,CC,CS1,103A 108A ,F,R,D,DO,F , ,N,R,50,0,0,0,1768087,5907506
Auckland,15/03/2014,Sat,630,EA,CN1C,129A 359A ,Q,R,W,OF,H , ,N,P,50,0,0,1,1767910,5906790
Auckland,09/07/2014,Wed,1700,FA,CS1C,181A 801 ,,R,W,DO,L , , ,C,50,0,0,0,1767914,5906810
Auckland,02/09/2014,Tue,1855,JA,CN1C,402A 302B 514B ,,M,D,DO,F ,T,G,C,50,0,0,0,1767890,5906713
Auckland,10/06/2014,Tue,2030,LB,CS1C,101A 303B 375B ,,R,W,DO,L ,T,T,N,50,0,0,1,1768148,5907749
Auckland,12/06/2014,Thu,1850,LB,VS1C,303B 402B ,,R,W,DO,F ,T,T,C,50,0,0,0,1768148,5907749
Auckland,08/05/2014,Thu,1655,LB,VS1C,303B 375B ,,R,D,DO,F ,T,T,C,50,0,0,0,1768148,5907749
Auckland,07/03/2014,Fri,1220,BB,TE1C,123A ,,S,D,BF,F ,T,N,C,50,0,0,0,1772976,5896853
Auckland,02/06/2014,Mon,1830,MO,CN1C,371A 929 ,,R,D,TO,F ,D,N,C,50,0,0,0,1773030,5896719
Auckland,25/06/2014,Wed,2340,AO,CN1C,150A 381A ,,E,D,DO,F ,R,G,C,50,0,0,0,1769028,5914804
Auckland,23/06/2014,Mon,1000,AA,CW1M,144A 386A ,,R,D,B ,F ,X,T,C,50,0,0,0,1764863,5910289
Auckland,30/11/2014,Sun,1915,MF,XN1C,371B ,,R,D,B ,F , , ,P,50,0,0,0,1757680,5920191
Auckland,26/05/2014,Mon,829,FC,CN1C,181A ,,R,D,BF,F , ,N,X,50,0,0,0,1757705,5920256