TLANAME,CRASHDATE,CRASHDOW,CRASHTIME,MVMT,VEHICLES,CAUSES,OBJECTSSTRUCK,ROADCURVE,ROADWET,LIGHT,WTHRa,JUNCTYPE,TRAFCTRL,ROADMARK,SPDLIM,CRASHFATALCNT,CRASHSEVCNT,CRASHMINCNT,EASTING,NORTHING
Auckland,20/12/2014,Sat,1820,KA,CS1C,308B 330B 801 924 ,,R,W,TO,L ,D, ,C,50,0,0,0,1764185,5910133
Auckland,27/12/2014,Sat,1610,MO,4E1C,371A 926 ,,R,D,B ,F ,D,N,N,50,0,0,0,1764155,5910126
Auckland,07/09/2014,Sun,1355,KA,CW1CC,308B 375B 926 ,,E,D,B ,F ,D,N,C,50,0,0,1,1764175,5910131
Auckland,17/01/2014,Fri,2206,AA,CE1T,184A 381A ,,R,D,DO,F , ,N,C,50,0,0,1,1764390,5910179
Auckland,07/01/2014,Tue,1115,HA,CN2C,322A ,,R,D,BF,F ,X,T,C,50,0,0,0,1764351,5910170
Auckland,20/07/2014,Sun,1315,HA,CS2C,322B 402B ,,R,D,O ,F ,X,T,C,50,0,0,0,1764351,5910170
Auckland,17/08/2014,Sun,1505,HA,CE1C,322A ,,R,D,B ,F ,X,T,C,50,0,1,3,1764351,5910170
Auckland,27/02/2014,Thu,1825,FD,VE1C,181A ,,R,D,BF,F , ,N,C,50,0,0,2,1767978,5881532
Auckland,25/01/2014,Sat,550,CC,CE1,410A ,CFH,R,D,O ,F ,X,S,C,50,0,0,0,1764528,5910211
Auckland,30/11/2014,Sun,750,AO,TE1T,512A 514A ,,S,D,BF,F ,T,G,R,50,0,0,0,1764947,5910309
Auckland,20/08/2014,Wed,1605,HA,CE1C,302B ,,R,W,O ,L ,X,G,C,50,0,0,1,1765004,5910321
Auckland,29/08/2014,Fri,1105,JA,VW1C,303B ,,R,D,B ,F ,T,N,C,50,0,0,0,1763971,5910083
Auckland,14/04/2014,Mon,2329,DA,PN1,131A 132A 817 ,,R,D,DO,F ,M,T,C,50,0,0,1,1757798,5920490
Auckland,08/07/2014,Tue,1015,BO,VE2C,124A 386A ,,E,D,O ,F ,T,G,C,50,0,0,0,1770718,5899080
Auckland,05/06/2014,Thu,2250,EA,CN1C,129A ,M,R,D,DO,F , , ,N,50,0,0,0,1755141,5920814
Auckland,24/11/2014,Mon,945,FB,CE1C,181A 331A ,,E,W,O ,L ,T,G,N,50,0,0,0,1752061,5918057
Auckland,20/07/2014,Sun,2145,DA,CE1,195A 801 ,C,M,W,DN,L , , ,N,30,0,0,0,1757262,5917656
Auckland,18/06/2014,Wed,740,FE,CW1C,181A ,,R,D,B ,F ,X,T,C,50,0,0,0,1764793,5903704
Auckland,01/10/2014,Wed,1630,FB,CE1C,181A ,,E,D,BF,F ,X,G,N,50,0,0,0,1764819,5903805
Auckland,15/11/2014,Sat,15,CB,CN1,103A 112A ,T,R,W,DO,F , ,N,N,100,0,0,0,1763803,5904488
Auckland,19/04/2014,Sat,150,AA,CS1V,157A 159A 818 ,,R, , F,F ,X,T,N,50,0,0,0,1764133,5904315
Auckland,29/05/2014,Thu,750,JC,CE1V,308A 375A 927 ,,R,D,OF,F ,D,G,C,50,0,0,0,1765221,5904766
Auckland,25/08/2014,Mon,1330,MD,CW1C,308B 330B 387B 929 ,T,R,D,B ,F ,D,N,C,50,0,0,0,1766329,5905206
Auckland,05/08/2014,Tue,915,NE,CE1E,306A 363A 902 ,,R,W,B ,F ,X,T,C,50,0,0,1,1766422,5905243
Auckland,19/05/2014,Mon,2240,BC,CS2C,122A ,,R,D,DO,F ,X,T,C,50,0,0,0,1766423,5905254
Auckland,12/01/2014,Sun,2302,DA,CW1,103A 131A 410A ,G,M,D,DO,F ,T,N,C,50,0,0,0,1765233,5904764
Auckland,05/03/2014,Wed,815,KB,CE1C,308B 375B 930 ,,R,D,B ,F ,D,N,C,50,0,0,0,1766776,5905389
Auckland,14/04/2014,Mon,1820,KB,CW1C,308B 924 ,,R,D,DO,F ,D,N,C,50,0,0,0,1767102,5905521
Auckland,08/07/2014,Tue,2100,FE,CE1C,180A 420A ,,R,D,DO,F ,X,T,C,50,0,0,0,1767102,5905521
Auckland,23/03/2014,Sun,1842,MC,MW1C,372B ,,R,D,BF,F , ,N,C,50,0,0,1,1767093,5905517
Auckland,10/09/2014,Wed,810,FD,CE1C,181A ,,R,D,OF,F , ,N,C,50,0,0,0,1767065,5905506
Auckland,05/12/2014,Fri,1455,AO,CE14,129A 386A 129B 386B ,,E,D,B ,F , , ,C,50,0,0,0,1767065,5905506
Auckland,04/03/2014,Tue,815,FD,CW1C,181A 352A ,,R,W,O ,L , , ,C,50,0,0,0,1766833,5905412
Auckland,13/08/2014,Wed,2130,MG,CE1C,371B ,,R,W,DO,L ,T,T,C,50,0,0,0,1767111,5905524
Auckland,20/08/2014,Wed,2315,JA,CE1X,336A ,,R,W,DO,L ,M,N,C,50,0,0,0,1765030,5904684
Auckland,30/06/2014,Mon,1756,JA,VE1V,309B 375B ,,M,W,DO,F ,T,N,C,50,0,0,0,1765030,5904684
Auckland,25/09/2014,Thu,733,BC,CE1B,129A 363A 902 ,,S,D,BF,F ,T,N,C,50,0,0,1,1765030,5904684
Auckland,26/08/2014,Tue,702,JA,CW1V,303B ,,S,D,O ,F ,T,N,C,50,0,0,0,1765030,5904684
Auckland,18/02/2014,Tue,937,FB,CW1C,181A 331A ,,E,D,O ,F ,R,G,R,50,0,0,1,1766418,5905241
Auckland,31/10/2014,Fri,830,MC,CW1C,372B ,,R,D,O ,F , , ,C,50,0,0,0,1764521,5904473
Auckland,13/02/2014,Thu,1800,BB,TE1C,124A 102B ,,R,D,O ,F ,T,G,C,50,0,0,0,1764507,5904467
Auckland,23/01/2014,Thu,730,GF,CN2T,158A ,,R,D,BF,F ,T,G,C,50,0,0,1,1764507,5904467
Auckland,02/08/2014,Sat,2355,MO,CW1,130A 403A 929 ,F,R,D,DO,F ,D, ,C,50,0,0,0,1766193,5905152
Auckland,09/06/2014,Mon,1715,JA,CW1C,308B 375B 801 930 ,,R,W,TO,L ,D, ,C,50,0,0,0,1766045,5905091
Auckland,24/05/2014,Sat,1718,KB,VE1B,301B 382B ,,R,D,BF,F ,T,S,C,50,0,0,0,1766183,5905148
Auckland,28/01/2014,Tue,1730,FA,CE1C,181A 359A ,,R,D,B ,F ,T,N,C,50,0,0,0,1766183,5905148
Auckland,17/06/2014,Tue,1700,FD,VE1CCC,112A 181A 331A 801 ,,R,W,TO,L , , ,C,70,0,0,0,1761612,5903321
Auckland,27/12/2014,Sat,540,FE,CE1C,103A 181A ,,R,D,BF,F ,X,T,P,50,0,0,0,1764133,5904315
Auckland,16/10/2014,Thu,1810,KA,VE1C,302B 375B ,,R,D,BF,F ,M,G,C,50,0,0,0,1764133,5904315
Auckland,21/08/2014,Thu,1330,GC,CS2C,173B ,,E,D,BF,F ,T,T,C,50,0,0,0,1764133,5904315
Auckland,15/11/2014,Sat,15,FA,CE1C,112A 331A ,,R,D,DO,F , , ,P,50,0,0,0,1765609,5904914
Auckland,24/05/2014,Sat,1810,FO,CE1C,110A 133A 351A 181B ,T,R,W,DF,L , ,N,C,50,0,0,1,1764733,5904560
Auckland,24/03/2014,Mon,1410,FD,VE1T,181A 191B ,,R,D,B ,F , , ,P,50,0,0,0,1764363,5904408
Auckland,19/05/2014,Mon,710,BE,CW1T,410A ,,R,D,B ,F , , ,C,60,0,1,0,1760881,5903436
Auckland,24/12/2014,Wed,1753,CA,CW1,108A 112A 130A 514A ,P,R,D,B ,F , , ,C,50,0,0,0,1764297,5904382
Auckland,15/08/2014,Fri,1920,LB,CE1C,322A 410A ,,R,D,DO,F ,T,T,C,50,0,0,0,1764422,5904432
Auckland,12/05/2014,Mon,1700,NB,CW1E,713B ,,R,D,O ,F ,T,T,C,50,0,0,1,1764422,5904432
Auckland,17/03/2014,Mon,645,JA,CE1C,302B 375B ,,R,D,DF,F ,T,G,C,50,0,0,0,1765884,5905026
Auckland,14/05/2014,Wed,2145,LB,PW1C,303B 330B 801 929 ,,R,W,DO,L ,D, ,C,50,0,0,0,1756902,5917833
Auckland,11/03/2014,Tue,350,CB,MN1,103A 129A ,V,R,D,DO,F , ,N,N,70,0,1,0,1760746,5905208
Auckland,08/08/2014,Fri,1505,QG,VS1,615A ,V,R,D,BN,F , ,N,L,100,0,0,0,1773266,5881595
Auckland,30/09/2014,Tue,712,MC,VW1C,372B 386B ,,R,D,B ,F , , ,L,100,0,0,0,1772045,5881617
Auckland,09/01/2014,Thu,1948,DA,VE1,101A 129A 359A ,T,E,D,TN,F , ,N,C,100,0,0,1,1771987,5881629
Auckland,22/05/2014,Thu,905,MO,CE1O,371A 386A ,M,R,D,B ,F , ,N,N,50,0,0,0,1764700,5909248
Auckland,12/07/2014,Sat,2225,DA,CS1,103A 111A 131A 801 ,F,M,W,DN,F , , ,C,50,0,0,0,1749924,5969464
Auckland,23/08/2014,Sat,1640,DA,CN1,101A 131A 402A ,P,E,D,B ,F , , ,C,50,0,0,0,1768121,5904906
Auckland,16/08/2014,Sat,1350,DA,CS1,111A 131A 410A ,F,E,D,BF,F , ,N,C,80,0,0,0,1767661,5880112
Auckland,03/06/2014,Tue,1435,DB,CN1,131A 412A ,T,E,D,O ,F , , ,C,70,0,0,0,1767666,5880182
Auckland,14/04/2014,Mon,1110,CB,CW1,130A 501A ,CS,R,D,O ,F ,T,T,C,50,0,2,0,1753910,5925528
Auckland,23/06/2014,Mon,645,FB,CS2C,181A 331A 801 ,,E,W,O ,L ,T,G,R,50,0,0,0,1753910,5925528
Auckland,14/07/2014,Mon,1145,GC,CN1V,174B ,,R,D,OF,M ,T,N,N,50,0,0,0,1757281,5927213
Auckland,05/07/2014,Sat,1048,GD,4W1V,181A ,,R,D,B ,F ,T,N,C,50,0,0,0,1754366,5925649
Auckland,28/01/2014,Tue,1052,MO,CW1C,371A 371B ,,R,D,BF,F , ,N,C,50,0,0,1,1759970,5915651
Auckland,08/09/2014,Mon,515,EC,CW1C,129A 330A 402A ,M,R,D,TO,L ,T,N,N,50,0,0,0,1751318,5950681
Auckland,18/12/2014,Thu,1450,AO,CS1C,129A 386A 357B ,,R,D,O ,F ,X,T,C,50,0,0,0,1759206,5915523
Auckland,27/02/2014,Thu,2115,CC,CE1C,103A 129A ,M,R,D,DO,F , ,N,N,50,0,0,1,1768934,5900162
Auckland,21/05/2014,Wed,1545,MO,CS1C,371B ,,R,D,O ,F ,X,T,C,50,0,0,0,1767554,5904248
Auckland,14/10/2014,Tue,1555,MA,VE1C,373B 504B ,,R,D,B ,F , ,N,C,50,0,0,5,1757964,5920917
Auckland,23/09/2014,Tue,1835,LB,MW1V,303B ,,R,D,DO,F ,T,T,C,50,0,0,0,1757907,5920937
Auckland,29/08/2014,Fri,1850,AA,CE1S,372A ,,R,D,OO,F ,T,T,C,50,0,0,1,1757693,5921011
Auckland,06/02/2014,Thu,1705,FE,CW1C,181A ,,R,D,O ,F ,T,T,C,50,0,0,0,1757693,5921011
Auckland,16/12/2014,Tue,1035,LB,CW1C,209A 314B 377B 927 ,,R,D,O ,F ,D, ,C,50,0,0,0,1757747,5920993
Auckland,07/09/2014,Sun,45,FD,CE1CC,103A 331A ,,R,D,DO,F ,X,T,C,50,0,0,0,1757455,5921089
Auckland,16/10/2014,Thu,2200,MO,ME1X,303B 370B 927 ,,R,D,DO,F ,D,N,R,50,0,0,1,1757735,5920996
Auckland,09/06/2014,Mon,1850,AA,CW1C,372A ,,E,W,DO,H ,T,G,R,50,0,0,0,1757441,5921093
Auckland,20/03/2014,Thu,50,LB,CW1C,303B ,,R,D,DO,F ,T,T,R,50,0,0,0,1757450,5921090
Auckland,30/11/2014,Sun,215,FA,CE1C,181A ,,R,D,DO,F , , ,C,50,0,0,0,1757358,5921121
Auckland,09/05/2014,Fri,1525,MG,CW1C,371B ,,E,D,BF,F ,X,T,R,50,0,0,0,1757301,5921135
Auckland,05/12/2014,Fri,1100,JA,CW1B,386B ,SX,E,D,B ,F ,M,T,R,50,0,0,0,1757301,5921135
Auckland,02/12/2014,Tue,1800,MO,CE1C,386A ,,R,D,B ,F , ,N,C,50,0,0,0,1758447,5920693
Auckland,16/09/2014,Tue,1400,MO,CN1C,386A 926 ,M,R,D,B ,F , ,N,C,50,0,0,0,1758566,5920652
Auckland,02/10/2014,Thu,2051,MO,CW1B,351A 386A ,M,R,W,DO,L , , ,C,50,0,0,0,1757610,5921040
Auckland,23/02/2014,Sun,1016,MA,XW1X,373B ,,R,D,B ,F ,X,T,C,50,0,0,0,1757572,5921053
Auckland,02/03/2014,Sun,159,FE,CE1X,103A 331A ,,R,D,DO,F ,T,T,R,50,0,0,0,1757572,5921053
Auckland,29/05/2014,Thu,815,LB,PW1C,209A 314B 375B 927 ,,R,D,O ,F ,D, ,R,50,0,1,0,1758840,5920543
Auckland,19/08/2014,Tue,800,GB,SW14,372B 922 ,,R,D,BF,F ,D,N,L,50,0,0,1,1758793,5920560
Auckland,28/03/2014,Fri,900,LB,CW1C,129A 303B 377B 922 ,,R,D,BF,F ,D,N,R,50,0,0,1,1758604,5920626
Auckland,04/12/2014,Thu,900,HA,CW1S,209A 177B ,,R,D,OF,F , ,N,C,50,0,0,1,1758150,5920842
Auckland,05/03/2014,Wed,2208,LB,CW1C,102B 303B 361B ,,R,D,DO,F ,X,T,R,50,0,0,0,1758140,5920853
Auckland,22/08/2014,Fri,1500,AA,CW1T,372A ,,E,D,BF,F , ,N,R,50,0,0,0,1758289,5920745
Auckland,27/09/2014,Sat,1315,FD,CW1C,181A ,,R,D,B ,F , , ,R,50,0,0,0,1758332,5920721
Auckland,24/09/2014,Wed,840,LB,MW1C,209A 303B 377B 922 ,,R,D,BF,F ,D, ,R,50,0,0,1,1758606,5920625
Auckland,04/06/2014,Wed,550,JA,SN2C,301B 375B ,,R,D,DO,F ,T,S,C,50,0,0,0,1756211,5928926
Auckland,18/01/2014,Sat,1550,MO,CN2,130A 423A ,H,R,D,BF,F ,T,G,N,50,0,0,0,1758128,5915593
Auckland,27/09/2014,Sat,2059,FA,CS1X,181A 331A 352A ,,R,W,DO,L , , ,C,50,0,0,0,1757224,5919978
Auckland,22/02/2014,Sat,916,DB,CS1C,111A 131A 801 ,M,M,W,O ,L , , ,C,50,0,0,1,1755674,5923865
Auckland,29/07/2014,Tue,550,DA,CW24,111A 131A 514A 517A 103B ,,R,D,DO,F ,T,S,R,50,0,0,0,1757081,5919593
Auckland,25/06/2014,Wed,1157,EC,TN1,386A 801 ,H,R,W,O ,L ,X,N,C,50,0,0,0,1755671,5923914
Auckland,18/03/2014,Tue,950,BO,BE2B,124A 129A 402A ,,R,D,B ,F ,X,T,C,50,0,0,0,1757514,5920902
Auckland,30/04/2014,Wed,1640,AO,BN1C,381A 671A ,,R,D,OF,F ,X,T,C,50,0,0,0,1757514,5920902
Auckland,20/02/2014,Thu,130,NB,CE2E,306A ,,R,D,DO,F ,X,T,C,50,0,0,1,1757514,5920902
Auckland,27/09/2014,Sat,206,NB,XN1E,105B 713B ,,R,D,DO,F ,T,T,C,50,0,1,0,1757412,5920508
Auckland,18/06/2014,Wed,1400,GD,400000000000000,333A 927 ,,R,D,B , F,D,T,C,50,0,0,0,1772489,5896529
Auckland,30/06/2014,Mon,745,KA,SS1C,322A 901 ,,R,W,O ,H ,T,T,L,50,0,0,1,1757480,5920775
Auckland,10/01/2014,Fri,1214,PC,4S1,308A 376A 929 ,,R,D,B ,F ,D,N,N,50,0,0,1,1768685,5880825
Auckland,05/06/2014,Thu,636,MA,CN1B,330B 373B ,,R,D,DO,F ,T,N,C,50,0,0,0,1757028,5919451
Auckland,17/03/2014,Mon,1730,AC,CS1C,372A ,,R,D,BF,F , ,N,R,50,0,0,0,1757030,5919456
Auckland,14/02/2014,Fri,1610,NA,4N1E,712B 713B ,,R,D,OF,F , ,N,R,50,0,0,1,1757032,5919461
Auckland,09/04/2014,Wed,2225,QG,TN1,665A ,P,R,D,DO,F , ,N,R,50,0,0,0,1757042,5919489
Auckland,21/06/2014,Sat,408,CB,CS1V,103A 130A 801 ,M,R,W,DO,L , , ,R,50,0,0,1,1757042,5919489
Auckland,14/07/2014,Mon,2328,LB,CS1C,323B ,,R,D,DO,F ,X,T,C,50,0,0,1,1757025,5919442
Auckland,28/02/2014,Fri,1500,FE,CS1C,181A 330A ,,M,D,O ,F ,X,T,C,50,0,0,0,1757025,5919442
Auckland,29/06/2014,Sun,41,EA,CS1C,103A 386A ,Q,R,D,DO,F , ,N,C,50,0,0,0,1753503,5875741
Auckland,01/02/2014,Sat,1335,FE,CS1V,331A ,,R,D,B ,F ,X,T,C,50,0,0,0,1757180,5919858
Auckland,21/10/2014,Tue,1229,FE,VN1C4,181A ,,R,D,BF,F ,X,T,C,50,0,0,0,1757180,5919858
Auckland,17/12/2014,Wed,1550,JA,CS1B,322B ,,M,W,O ,L ,X,T,C,50,0,0,0,1757180,5919858
Auckland,27/12/2014,Sat,1632,FE,CN1C,181A 427A ,,R,D,B ,F ,X,T,C,50,0,0,0,1757180,5919858
Auckland,29/11/2014,Sat,1220,MO,CN1C,371A ,,R,D,B ,F , , ,N,50,0,0,0,1764190,5909573
Auckland,30/10/2014,Thu,1654,AA,CN1C,372A ,,R,D,BF,F , ,N,C,50,0,0,0,1757469,5920735
Auckland,10/06/2014,Tue,1610,AO,CN1C,197A ,,R,W,O ,L , , ,C,50,0,0,0,1757452,5920667
Auckland,08/12/2014,Mon,1300,FF,CN1C,358A 423A ,,R,D,OF,F ,T,T,C,50,0,0,0,1757464,5920716
Auckland,19/05/2014,Mon,1745,NF,CW2E,341A 724B ,,R,W,DO,F ,T,S,P,50,0,0,1,1757129,5919723
Auckland,27/03/2014,Thu,1820,EA,BN1C,129A ,M,R,D,B ,F , , ,C,50,0,0,0,1757384,5920406
Auckland,15/11/2014,Sat,1920,AA,TN1X,103A 112A ,,R,D,O ,H ,X,T,C,30,0,0,0,1757389,5920420
Auckland,30/12/2014,Tue,1035,MO,BS1C,371A 386A ,M,R,D,B ,F , ,N,C,50,0,0,0,1757441,5920625
Auckland,04/04/2014,Fri,1330,MO,TS1C,371A ,M,R,D,B ,F , ,N,C,50,0,0,0,1757251,5920053
Auckland,11/06/2014,Wed,1720,NA,CN1E,712B ,,R,D,B ,F , ,N,R,30,0,0,1,1757251,5920053
Auckland,03/06/2014,Tue,2155,MG,CS1C,371B ,,R,D,DO,F ,Y,T,C,50,0,0,0,1757258,5920071
Auckland,25/05/2014,Sun,239,EC,CS1E,103A 129A ,IS,R,W,DO,L ,T,G,R,50,0,0,1,1757152,5919784
Auckland,31/07/2014,Thu,2110,NB,CN1E,711B 718B ,,R,D,DO,F , ,T,X,50,0,0,1,1757332,5920263
Auckland,22/01/2014,Wed,1100,EA,CS1C,386A ,M,R,D,O ,F , ,N,C,50,0,0,0,1757297,5920180
Auckland,20/08/2014,Wed,1830,AA,BN1C,372A ,,R,D,ON,F , ,N,C,50,0,0,0,1757293,5920171
Auckland,20/12/2014,Sat,2343,AC,CN1C,177A 330A ,,R,W,DO,L , , ,C,30,0,0,0,1757332,5920263
Auckland,11/09/2014,Thu,1500,HA,SW2C,302B 375B ,,E,D,B ,F ,R,G,C,50,0,0,1,1768719,5881051
Auckland,01/10/2014,Wed,1208,MO,CN1V,386A 402A ,M,R,D,B ,F ,T,T,C,30,0,0,0,1757436,5920604
Auckland,13/08/2014,Wed,1010,MC,VS1C,372B 671B ,,R,D,OF,F , ,N,C,50,0,0,0,1757430,5920580
Auckland,31/07/2014,Thu,30,DA,CN2,101A 131A 386A 412A ,C,E,D,DO,F ,X,G,C,50,0,0,0,1780846,5927242
Auckland,03/12/2014,Wed,51,MO,CE1,104A 111A 929 ,CV,E,D,DN,F ,D,N,N,50,0,0,0,1781244,5927003
Auckland,21/10/2014,Tue,119,DB,PS1,103A 111A 817 ,,E,D,DO,F ,T,G,N,80,0,1,0,1781261,5926992
Auckland,16/11/2014,Sun,200,DB,CW1,102A 111A 131A ,X,S,D,DN,F , , ,N,50,0,0,1,1780379,5927319
Auckland,02/04/2014,Wed,815,FD,CS1C,181A 331A ,,R,D,BF,F ,R,G,R,50,0,0,0,1765438,5914497
Auckland,02/12/2014,Tue,1700,MO,CW1C,138A ,M,R,D,B ,F , , ,C,50,0,0,0,1765416,5914517
Auckland,22/03/2014,Sat,1836,MG,CN14,103B 371B ,,E,D,BF,F ,R,G,R,50,0,0,0,1765463,5914467
Auckland,17/10/2014,Fri,1200,KA,4S24,302B ,,M,D,B ,F ,R,G,R,50,0,0,0,1764977,5914726
Auckland,27/03/2014,Thu,2101,HA,CW1C,302A ,,E,D,DO,F ,R,G,R,50,0,0,1,1764977,5914726
Auckland,27/05/2014,Tue,1130,AA,4E1C,372A ,,R,D,OF,F ,X,T,R,50,0,0,0,1765189,5914658
Auckland,21/02/2014,Fri,924,FC,MW1C,181A 331A 191B ,,E,D,O ,F , , ,X,50,0,0,0,1765218,5914649
Auckland,26/11/2014,Wed,530,NA,CE1,724B 836 ,,E,D,TO,F , , ,R,50,0,1,0,1765274,5914628
Auckland,03/10/2014,Fri,1050,NA,CW1E,713B 726B ,,R,D,B ,F , , ,R,50,0,1,0,1765353,5914567
Auckland,25/03/2014,Tue,1830,MF,VW1C,387A 372B ,,R,D,O ,F , , ,C,50,0,0,0,1765199,5914655
Auckland,13/02/2014,Thu,330,CB,CE1,101A 130A 412A ,KST,R,D,DO,F , , ,R,50,0,0,0,1765104,5914685
Auckland,05/07/2014,Sat,1130,NG,4W1E,371A 711B 714B ,,R,D,B ,F , , ,R,50,0,1,0,1765085,5914691
Auckland,26/12/2014,Fri,835,GE,CW2C,173A ,,E,D,B ,F ,R,G,R,50,0,0,0,1757398,5912299
Auckland,07/04/2014,Mon,751,FE,TW1M,322A 334A ,,R,D,B ,F ,T,T,C,50,0,0,0,1757814,5912138
Auckland,07/02/2014,Fri,900,FB,TS1C,181A ,,R,D,OF,F ,R,G,R,50,0,0,0,1757442,5912458
Auckland,29/09/2014,Mon,955,LB,CS1C,302A 370A 402A ,,E,D,B ,F ,R,G,R,50,0,0,0,1757441,5912453
Auckland,29/08/2014,Fri,1330,MD,CN1C,308B 371B 929 ,,R,D,B ,F ,D, ,C,50,0,0,0,1757434,5912385
Auckland,01/01/2014,Wed,251,CA,CS1,130A 351A ,I,R,D,DO,F , ,N,R,50,0,0,0,1757464,5912550
Auckland,20/12/2014,Sat,624,CA,CS1,103A 130A ,I,R,D,B ,F , , ,R,50,0,0,0,1757464,5912550
Auckland,25/03/2014,Tue,845,HA,CE2C,302A 375A ,,E,D,BF,F ,R,G,R,50,0,0,0,1757426,5912438
Auckland,03/03/2014,Mon,701,DA,CN1,111A 131A ,P,M,W,OF,L ,R,G,C,50,0,0,1,1757430,5912429
Auckland,08/09/2014,Mon,819,AA,CN1C,372A ,,E,D,OF,F ,R,G,R,50,0,0,0,1757430,5912429
Auckland,17/09/2014,Wed,145,CB,CS1,357A 512A ,P,R,D,DO,F , ,N,C,50,0,0,0,1757522,5912873
Auckland,22/10/2014,Wed,1615,AA,TS1C,372A ,,R,D,B ,F , , ,C,50,0,0,0,1757509,5912754
Auckland,30/04/2014,Wed,1700,GD,CS1C,181A 331A ,,M,D,TO,F ,T,T,C,50,0,0,0,1757531,5912953
Auckland,28/11/2014,Fri,1512,CB,CS1CC,133A 423A 929 ,HM,R,D,BF,F ,D,N,N,50,0,0,0,1755434,5914278
Auckland,06/07/2014,Sun,936,JA,VW1C,101B 308B 925 ,,R,W,O ,L ,D, ,P,50,0,0,1,1751185,5915366
Auckland,10/07/2014,Thu,1500,EA,CS1C,129A ,M,R,W,OF,L , ,N,N,50,0,0,0,1754932,5913897
Auckland,14/05/2014,Wed,537,MO,CN1C,371A 801 929 ,M,R,W,DO,L ,D, ,P,50,0,0,0,1762568,5906717
Auckland,29/06/2014,Sun,532,CC,CS1,103A 130A 412A ,CF,R,D,DO,F ,T,T,C,50,0,0,0,1745401,5915995
Auckland,14/02/2014,Fri,830,CB,VN1,130A 350A ,T,R,D,O ,F ,T,N,C,50,0,0,0,1745371,5917157
Auckland,26/05/2014,Mon,1610,JA,CS1CCC,929,MM,R,D,O ,L ,D,N,L,50,0,0,0,1745388,5916478
Auckland,22/06/2014,Sun,2013,FB,CN1C,181A ,,R,W,DO,F ,R,G,R,50,0,0,0,1745385,5916573
Auckland,13/06/2014,Fri,815,HA,VW2C,302A 375A ,,R,D,BF,F ,R,G,R,50,0,0,0,1745389,5916579
Auckland,25/11/2014,Tue,2032,MG,CS1C,103B 371B ,,E,W,DO,L ,R,G,R,50,0,0,0,1745385,5916594
Auckland,26/03/2014,Wed,1730,LB,CN1C,158A 303B 314B ,,R,D,B ,F ,T,G,C,50,0,0,0,1772896,5896342
Auckland,03/09/2014,Wed,1800,FE,TN1C,181A ,,R,D,TO,F ,T,T,C,50,0,0,1,1772886,5896381
Auckland,11/10/2014,Sat,2100,FF,CN1C,428B ,,R,D,DO,F ,M,T,C,50,0,0,0,1772886,5896381
Auckland,22/05/2014,Thu,1220,MA,CN1C,373B ,,E,D,BF,F , ,N,C,50,0,0,0,1772985,5896179
Auckland,17/06/2014,Tue,1550,PO,BS1E,105B 722B ,,R,D,O ,F ,T,G,N,50,0,0,1,1773006,5896139
Auckland,20/10/2014,Mon,850,LB,CN1C,302A 375A ,,R,D,BF,F ,T,G,R,50,0,0,0,1773004,5896143
Auckland,26/06/2014,Thu,1420,MG,VN1V,371B 386B ,,R,D,ON, S, ,N,N,50,0,0,0,1755954,5929301
Auckland,21/04/2014,Mon,1530,MB,CN14,372A 372B ,,R,D,B ,F , , ,N,50,0,0,0,1755934,5929361
Auckland,01/10/2014,Wed,1037,EA,CS1C,129A ,M,R,D,B ,F , , ,N,50,0,0,0,1755979,5929228
Auckland,08/06/2014,Sun,1006,CB,CE1,130A 197A ,X,R,D,O ,F , , ,C,50,0,0,0,1755479,5925619
Auckland,10/12/2014,Wed,1322,EA,CE1C,129A 331A ,M,R,D,OF,F , ,N,C,50,0,0,0,1755098,5925734
Auckland,04/09/2014,Thu,1638,LB,CE1C,303B 330B ,,R,W,O ,F ,T,N,C,50,0,0,0,1754923,5925787
Auckland,19/04/2014,Sat,1220,JC,CS24,302A 387A ,,E,D,OF,F ,T,G,C,50,0,0,0,1754923,5925787
Auckland,26/06/2014,Thu,2230,EC,4N1,912,W,R,W,DN,H , ,N,C,70,0,0,0,1775570,5888282
Auckland,22/09/2014,Mon,1933,EA,CN1C,129A ,M,R,D,DO,F ,T,G,C,50,0,0,0,1754727,5931328
Auckland,14/12/2014,Sun,1342,DB,CE2,111A 131A ,EF,M,W,OF,L ,T,G,C,50,0,0,0,1754745,5931304
Auckland,17/01/2014,Fri,1624,FB,4S1C,181A ,,R,D,BF,F ,T,G,C,50,0,0,0,1754745,5931304
Auckland,04/12/2014,Thu,1729,HA,CE2C,302A 375A ,,R,D,B ,F ,X,G,C,50,0,0,1,1761297,5914761
Auckland,26/12/2014,Fri,1920,EA,CW1C,386A ,M,R,D,B ,F , ,N,C,50,0,0,0,1758281,5916389
Auckland,05/12/2014,Fri,1802,FD,CW1CCC,331A 359A ,,R,D,ON,F , ,N,C,80,0,0,0,1765738,5904431
Auckland,31/10/2014,Fri,130,DA,CS1,102A 131A 358A ,G,M,D,DO,F , , ,L,50,0,0,0,1751759,5924944
Auckland,03/08/2014,Sun,1718,MO,CS1C,371A 929 ,,R,W,OF,F ,D,N,C,50,0,0,0,1751135,5925324
Auckland,03/08/2014,Sun,1551,MC,CS1CCC,197A 407A 372B ,CFK,R,D,B ,F , , ,C,50,0,0,1,1751182,5925287
Auckland,19/09/2014,Fri,2130,EA,CS1C,103A 129A ,M,R,D,DO,F , , ,L,50,0,0,0,1750885,5925770
Auckland,24/05/2014,Sat,515,AD,CN1C,111A 131A 150A 801 ,FM,M,W,DO,L , , ,C,50,0,0,0,1750892,5925715
Auckland,03/12/2014,Wed,1502,MO,BN1,385A ,P,R,D,BF,F , ,N,C,50,0,0,0,1750566,5926853
Auckland,17/06/2014,Tue,1430,EA,CN1C,129A ,M,R,W,BF,F , ,N,N,50,0,0,0,1760311,5913902
Auckland,23/05/2014,Fri,625,NA,CN1E,711B 724B ,,R,D,DO,F ,T,N,C,50,0,0,1,1749874,5913617
Auckland,11/03/2014,Tue,1815,MC,CN1C,372B ,,R,D,B ,F , ,N,C,50,0,0,0,1749939,5913763
Auckland,29/05/2014,Thu,1811,BC,CS14,120A 927 ,,S,W,DO,F ,D,N,C,50,0,0,0,1749927,5913736
Auckland,04/07/2014,Fri,1745,FB,VS1C,181A 330A ,,R,D,DO,F ,R,G,R,50,0,0,0,1749782,5913397
Auckland,01/05/2014,Thu,1435,LB,CN1B,303B 375B ,,R,D,O ,F ,X,T,C,50,0,0,0,1749953,5913810
Auckland,30/04/2014,Wed,2040,MO,TW1C,371A ,M,R,D,DO,F , , ,C,50,0,0,0,1768757,5903958