TLANAME,CRASHDATE,CRASHDOW,CRASHTIME,MVMT,VEHICLES,CAUSES,OBJECTSSTRUCK,ROADCURVE,ROADWET,LIGHT,WTHRa,JUNCTYPE,TRAFCTRL,ROADMARK,SPDLIM,CRASHFATALCNT,CRASHSEVCNT,CRASHMINCNT,EASTING,NORTHING
Auckland,22/02/2014,Sat,530,EA,CN1C,129A ,M,R,D,BF,F , ,N,C,50,0,0,0,1742837,5919008
Auckland,04/11/2014,Tue,1110,MO,4S1C,371A 929 ,M,R,D,B ,F ,D, ,N,50,0,0,0,1768595,5915131
Auckland,21/08/2014,Thu,1600,MG,CN1C,371B ,,E,D,BF,F , ,N,P,50,0,0,0,1749925,5914886
Auckland,24/08/2014,Sun,505,DA,CS1,102A 131A 410A ,ST,E,D,DO,F ,X,T,R,50,0,0,1,1749864,5914618
Auckland,14/11/2014,Fri,400,CA,CS1,410A 801 ,IT,R,W,DO,L , , ,R,50,0,0,0,1749837,5914589
Auckland,18/06/2014,Wed,1903,AA,CN1C,372A ,,R,D,DO,F ,X,T,L,50,0,0,0,1749878,5914633
Auckland,23/11/2014,Sun,950,AO,VS1C,357A 512A 357B ,,R,D,B ,F , , ,R,50,0,0,0,1749496,5914051
Auckland,22/06/2014,Sun,951,FE,CS1C,112A 331A ,,R,W,B ,F ,X,T,R,50,0,0,0,1749431,5913916
Auckland,07/06/2014,Sat,1209,FD,CS1C,181A 331A ,,R,D,B ,F , ,N,P,50,0,1,0,1749506,5914071
Auckland,09/10/2014,Thu,900,MO,CE1C,371A ,M,R,D,O ,F ,T,N,N,50,0,0,0,1779687,5926677
Auckland,04/07/2014,Fri,724,AO,VN1C,381A ,,R,W,DO,H , ,N,P,50,0,0,0,1749654,5914382
Auckland,31/07/2014,Thu,1215,KA,CN1V,301B 375B ,,R,D,BF,F ,T,S,P,50,0,0,0,1749548,5914161
Auckland,27/09/2014,Sat,2340,KA,CN1C,301B 375B ,,R,D,DO,F ,T,S,R,50,0,0,0,1749544,5914152
Auckland,14/01/2014,Tue,1211,GB,MN1C,372B ,,R,D,BF,F ,T,S,R,50,0,1,0,1749544,5914152
Auckland,08/10/2014,Wed,912,CA,CS1B,130A 350A ,M,R,D,O ,F , , ,C,50,0,0,1,1744534,5918962
Auckland,21/03/2014,Fri,10,CC,CN1,103A 112A 130A ,P,R,D,DO,F , , ,C,50,0,0,1,1744596,5919466
Auckland,15/11/2014,Sat,1115,ME,CS1C,351B 371B ,,E,D,B ,F , ,N,P,50,0,0,0,1744557,5919149
Auckland,07/01/2014,Tue,1515,MO,CN1C,371A ,M,R,D,BF,F , ,N,C,50,0,0,0,1744550,5919090
Auckland,14/02/2014,Fri,1520,LB,CN1V,303B 375B ,,R,D,O ,F ,T,G,C,50,0,0,0,1744554,5919119
Auckland,26/02/2014,Wed,1055,MO,CN1C,371A ,,R,D,O ,F , ,N,P,50,0,0,0,1744567,5919221
Auckland,15/06/2014,Sun,50,CA,CS1C,103A 112A 130A 514A ,M,R,D,DO,F , ,N,P,50,0,0,0,1744633,5919754
Auckland,17/06/2014,Tue,1710,DB,CN2V,137A ,XF,R,W,TF,F ,X,S,C,50,0,0,0,1759929,5913865
Auckland,15/05/2014,Thu,1315,KB,4E1C,308B 927 ,,E,D,B ,F ,D,S,C,30,0,0,0,1758871,5903135
Auckland,22/03/2014,Sat,650,QD,XW1EX,428A ,Q,R,D,TO,F , ,N,C,20,0,0,1,1758801,5903115
Auckland,09/08/2014,Sat,1930,FB,CW1C,331A 387A ,,E,D,DO,F ,X,G,C,50,0,0,0,1767111,5905524
Auckland,08/08/2014,Fri,2100,FB,CW1C,331A 353A ,,E,D,DO,F ,Y,G,N,50,0,0,0,1767111,5905524
Auckland,02/11/2014,Sun,1759,KA,SE1C,302B ,,R,D,TF,F ,X,G,R,50,0,0,1,1767111,5905524
Auckland,01/11/2014,Sat,910,JA,SS1C,308B 375B 929 ,,E,D,B ,F ,D, ,C,50,0,0,1,1752161,5947022
Auckland,16/05/2014,Fri,1830,AO,CN1B,150A 381A ,,E,D,DO,F ,T,N,P,50,0,0,0,1752195,5946940
Auckland,06/06/2014,Fri,815,DA,CW2CC,135A 137B 806 ,,M,W,OF,L ,T,T,C,50,0,0,0,1752197,5946930
Auckland,06/04/2014,Sun,1955,DB,CE1,101A 111A ,P,M,D,DO,F , ,N,C,50,0,0,0,1742510,5921973
Auckland,27/02/2014,Thu,1020,DA,CE1,131A 404A ,E,M,D,OF,F , ,N,C,70,0,0,0,1741682,5922041
Auckland,29/05/2014,Thu,1710,DA,CN2,133A ,V,M,W,DO,L ,Y,N,C,50,0,0,0,1742398,5922073
Auckland,09/10/2014,Thu,640,DA,CE1,110A 131A 801 ,F,M,W,B ,L , , ,C,100,0,0,1,1741450,5922105
Auckland,19/06/2014,Thu,218,DA,CW1,103A 111A 514A ,T,E,W,DO,F , , ,C,50,0,0,0,1775273,5895673
Auckland,19/09/2014,Fri,800,FD,CW1C,423A ,,R,W,OF,L , ,N,C,60,0,0,0,1769517,5904666
Auckland,26/09/2014,Fri,1700,LB,400000000000000,303B 375B 929 ,,R,D,O ,F ,D,N,P,50,0,0,0,1768669,5904528
Auckland,05/10/2014,Sun,609,DB,CW1,131A 363A ,J,M,W,DO,L , ,N,C,60,0,0,0,1769237,5904710
Auckland,18/02/2014,Tue,830,JA,CE1C,302B 382B ,,R,D,BF,F ,T,G,C,50,0,0,0,1768371,5904445
Auckland,29/05/2014,Thu,840,AD,CW1C,129A 386A ,,E,D,O ,L , , ,C,50,0,0,0,1768769,5904551
Auckland,07/04/2014,Mon,833,FE,CW1C,181A 387A ,,R,D,B ,F ,X,T,C,50,0,0,0,1768750,5904546
Auckland,05/12/2014,Fri,936,BA,CE1CC,125A 359A ,,R,D,OF,F , ,N,C,50,0,0,0,1768976,5904628
Auckland,01/04/2014,Tue,1320,FB,CW1C,181A ,,E,D,BF,F ,X,G,R,50,0,0,0,1767776,5904283
Auckland,02/08/2014,Sat,2120,DA,CN2,111A 131A 402A ,P,E,W,DO,F ,X,T,R,50,0,0,0,1767774,5904295
Auckland,05/08/2014,Tue,1530,FB,CW1C,387A ,,R,D,BF,F ,X,G,R,50,0,0,0,1767776,5904283
Auckland,30/11/2014,Sun,2050,JA,ME1C,302B ,,R,W,DO,L ,T,G,C,60,0,1,0,1769705,5904689
Auckland,26/08/2014,Tue,1905,AC,TW1C,372A ,,R,D,DO,F , ,N,C,50,0,0,0,1768730,5904542
Auckland,28/10/2014,Tue,1030,NA,TW1E,713B ,,R,W,O ,L , , ,C,50,0,1,0,1768604,5904512
Auckland,22/02/2014,Sat,1630,FE,CS2C,181A ,,R,D,BF,F ,X,T,C,50,0,0,0,1768750,5904546
Auckland,22/02/2014,Sat,1430,MO,CW1C,381A ,,R,D,OF,F ,X,T,C,50,0,0,0,1768750,5904546
Auckland,05/12/2014,Fri,846,LB,CE1T,303B ,,R,D,BF,F ,T,G,R,50,0,0,1,1767869,5904310
Auckland,17/10/2014,Fri,1751,DB,CW1,111A 131A ,G,R,W,OF,L ,T,T,C,50,0,0,0,1768079,5904355
Auckland,14/11/2014,Fri,1423,FE,CW1V,103A 112A ,,R,D,B ,F ,X,T,R,50,0,0,0,1768079,5904355
Auckland,05/01/2014,Sun,1600,BF,CE1C,111A 131A 402A 501A 191B 801 ,C,M,W,O ,L , , ,C,80,0,0,2,1770981,5903872
Auckland,17/09/2014,Wed,2200,DB,CN1,131A 358A ,T,E,D,DN,F , ,N,C,50,0,0,0,1770638,5904186
Auckland,17/02/2014,Mon,810,JA,CE1C,302B ,F,E,D,B ,F ,T,G,C,60,0,0,0,1770463,5904569
Auckland,25/01/2014,Sat,2245,BE,CE1C,112A 125A ,,R,D,DO,F ,T,T,C,50,0,0,0,1768298,5904423
Auckland,18/08/2014,Mon,2145,CB,CW1C,129A 358A ,M,R,W,DO,L , , ,C,50,0,0,0,1744975,5921937
Auckland,10/05/2014,Sat,2315,EA,CE1CC,103A 129A ,MM,R,D,DO,F , , ,P,50,0,0,1,1767980,5912833
Auckland,13/10/2014,Mon,1650,KA,TE1C,302B 377B ,,E,D,B ,F ,T,G,P,50,0,0,0,1766865,5913114
Auckland,10/08/2014,Sun,1816,FC,CE1C,331A 350A ,,R,D,TO,F , , ,X,50,0,0,0,1767535,5912976
Auckland,27/01/2014,Mon,1729,GA,CE1C,102A 181A 102B ,,R,D,B ,F ,T,S,C,50,0,0,0,1767472,5912991
Auckland,22/03/2014,Sat,1700,EA,CE1C,129A ,M,R,D,BF,F , ,N,C,50,0,0,0,1767284,5913035
Auckland,17/07/2014,Thu,1215,KA,CW1C,308B 922 ,,R,D,OF,F ,D,N,N,50,0,0,0,1766678,5912942
Auckland,20/02/2014,Thu,815,JA,CN1C,308B 375B 926 ,,R,D,B ,F ,D,N,N,50,0,0,1,1766700,5912962
Auckland,05/09/2014,Fri,1210,LB,CW1C,303B 330B ,,R,D,B ,F ,X,T,R,60,0,0,0,1766663,5912928
Auckland,24/05/2014,Sat,2159,HA,CE1C,302B ,,E,W,DO,L ,T,G,C,50,0,0,0,1766930,5913119
Auckland,09/03/2014,Sun,1215,LB,CN2C,303B ,,R,D,B ,F ,X,G,N,50,0,0,0,1766930,5913119
Auckland,09/05/2014,Fri,1807,BC,CN1C,103A 121A ,,M,W,DN,F , ,N,C,50,0,0,0,1755423,5931420
Auckland,30/10/2014,Thu,1830,DA,CE1,131A 504A ,T,E,D,B ,F , ,N,C,50,0,0,1,1772959,5906636
Auckland,27/02/2014,Thu,1005,DA,CW1C,111A 131A 517A ,M,S,D,BF,F ,T,N,N,50,0,0,0,1755591,5917394
Auckland,21/01/2014,Tue,1505,MA,CE1C,373B ,,R,D,O ,F , , ,C,50,0,0,0,1759987,5916884
Auckland,14/01/2014,Tue,1358,BA,CE1C4,129A ,,R,D,BF,F , ,N,C,50,0,0,1,1760017,5916880
Auckland,03/06/2014,Tue,807,EE,CE14,374B 671B ,M,R,D,B ,F , , ,C,50,0,0,0,1759911,5916906
Auckland,04/06/2014,Wed,1240,GD,CE1C,333A 350A 929 ,,R,D,BF,F ,D,N,C,50,0,0,0,1759138,5917463
Auckland,03/05/2014,Sat,1108,MC,MN1C,197A 330B 372B ,,R,D,B ,F ,T,T,P,50,0,1,0,1759070,5917506
Auckland,04/10/2014,Sat,1050,KA,CS1C,308B 375B 929 ,,R,D,OF,F ,D,N,C,50,0,0,0,1758626,5917882
Auckland,27/02/2014,Thu,1800,MA,CE1C,373B ,,R,D,OF,F ,T,T,C,50,0,0,0,1758444,5918085
Auckland,23/06/2014,Mon,1500,FD,CE1C,331A ,,R,D,O ,F , , ,P,50,0,0,0,1760459,5916821
Auckland,15/01/2014,Wed,954,FD,VN1CCV,331A ,,R,D,B ,F ,T,N,C,50,0,0,0,1759056,5917517
Auckland,11/10/2014,Sat,430,DA,CE1,103A 131A ,P,R,D,DO,F ,T,G,C,50,0,0,0,1759064,5917510
Auckland,22/09/2014,Mon,755,JA,SE1C,302B 375B ,,R,W,OF,L ,T,G,C,50,0,0,1,1760994,5916715
Auckland,19/09/2014,Fri,1840,MA,CW1C,103A 373B ,,R,D,DO,F , ,N,P,50,0,0,0,1761658,5916860
Auckland,26/07/2014,Sat,945,JA,CW1C,302B 377B ,,R,D,BF,F ,T,G,C,50,0,0,0,1761677,5916856
Auckland,07/11/2014,Fri,1500,JA,CE1C,302B 375B ,,E,D,B ,F ,T,G,C,50,0,0,0,1762011,5916944
Auckland,11/09/2014,Thu,835,FD,CW1C,181A ,,R,D,OF,F ,T,G,C,50,0,0,0,1762085,5916960
Auckland,10/05/2014,Sat,1015,LB,SE1C,303B 375B ,,R,D,BF,F ,T,G,C,50,0,0,0,1761582,5916878
Auckland,21/09/2014,Sun,1155,BB,VN14,103A 123A ,,E,W,O ,F , ,N,C,50,0,0,1,1759644,5917017
Auckland,24/04/2014,Thu,525,DA,CW1,111A 131A ,CP,E,W,DO,H , ,N,C,50,0,0,1,1759551,5917055
Auckland,06/03/2014,Thu,1600,FE,BE1CC,331A 351A ,,R,D,B ,F ,T,T,C,50,0,0,0,1762709,5917251
Auckland,23/07/2014,Wed,1145,LB,SE14,314B 377B 922 ,,R,D,B ,F ,D,N,C,50,0,0,0,1762701,5917245
Auckland,04/03/2014,Tue,740,FD,CW1C,181A ,,R,W,B ,L , , ,C,50,0,0,0,1762677,5917227
Auckland,31/03/2014,Mon,1705,FE,VW1S,181A ,,R,D,B ,F ,T,T,C,50,0,0,0,1758562,5917953
Auckland,14/05/2014,Wed,744,EE,SN1C,158A 374B 525B ,Q,R,W,B ,F ,T,T,C,50,0,0,1,1758575,5917938
Auckland,24/04/2014,Thu,1126,FD,CN1CV,181A 331A ,,R,D,B ,F , , ,C,50,0,0,0,1758595,5917916
Auckland,12/05/2014,Mon,821,GB,MS1C,175B 929 ,,R,D,O ,F ,D, ,C,50,0,0,1,1758635,5917871
Auckland,12/11/2014,Wed,1818,AD,VE1C,150A 357A ,,M,W,O ,F ,T,N,C,50,0,0,0,1761705,5916851
Auckland,02/12/2014,Tue,1630,LB,CW1C,303B 377B ,,R,D,BF,F ,X,T,C,50,0,0,0,1760069,5916873
Auckland,26/11/2014,Wed,1759,AA,CE1C,330A 372A ,,R,D,B ,F , ,N,C,50,0,0,0,1759860,5916926
Auckland,23/11/2014,Sun,1550,AA,CW1C,372A ,,R,D,B ,F , , ,L,50,0,0,0,1760668,5916785
Auckland,01/04/2014,Tue,1700,LB,SE1C,303B 375B ,,R,D,B ,F ,X,T,C,50,0,0,1,1760643,5916791
Auckland,08/08/2014,Fri,1920,MO,BW1C,330A 386A ,,M,W,DO,L ,X,T,N,50,0,0,0,1760643,5916791
Auckland,01/09/2014,Mon,1700,JA,CE1C,302B 387B ,,R,W,OF,L ,T,G,C,50,0,0,0,1759692,5916997
Auckland,16/04/2014,Wed,818,MO,SE1C,204A 330A 370B 378B 929 ,,R,D,B ,F ,D, ,N,50,0,0,1,1761974,5916931
Auckland,15/10/2014,Wed,845,AA,CW1V,372A ,,E,D,B ,F , , ,C,50,0,0,0,1762021,5916948
Auckland,13/06/2014,Fri,1530,JA,CW1C,308B 375B 929 ,,R,W,OF,L ,D,N,C,50,0,0,0,1762319,5916937
Auckland,28/03/2014,Fri,815,FE,CE1C,181A ,,R,D,B ,F ,X,T,C,50,0,0,0,1761472,5916865
Auckland,06/02/2014,Thu,1723,FE,CE1C4C,423A ,,R,D,BF,F ,X,T,C,50,0,0,0,1761472,5916865
Auckland,07/04/2014,Mon,800,EE,TE14,374B ,M,R,D,B ,F , , ,C,50,0,0,1,1760322,5916838
Auckland,03/10/2014,Fri,1044,FD,TW1CC4,181A 181B 181C ,,R,D,O ,L , , ,P,50,0,0,1,1760352,5916834
Auckland,08/03/2014,Sat,1845,FE,CW1C,331A 363A 902 ,,R,D,BF,F , ,T,R,50,0,0,2,1760894,5916740
Auckland,03/10/2014,Fri,2210,DA,CS1,103A 131A 402A 801 ,HKP,E,W,DO,L , , ,C,50,0,0,1,1759462,5917182
Auckland,13/12/2014,Sat,1120,MO,CS1C,371B ,,R,D,B ,F ,T,G,C,50,0,0,1,1754963,5915231
Auckland,07/05/2014,Wed,845,PC,CN1E,311A 371A 378A 835 929 ,,R,D,O ,F ,D, ,N,50,0,0,1,1759305,5915697
Auckland,26/02/2014,Wed,2331,DB,CE2,101A 130A 402A 524A ,F,M,D,DO,F ,T,N,C,50,0,0,0,1774432,5896929
Auckland,23/12/2014,Tue,950,MO,TN1C,385A 927 ,,R,D,BF,F ,D,N,C,50,0,0,0,1758850,5906520
Auckland,13/08/2014,Wed,1700,GC,CN1C,171A ,,M,W,OF,L ,R,G,R,50,0,0,0,1758578,5905711
Auckland,04/10/2014,Sat,1320,MA,CW1V,373B ,,R,D,B ,F , , ,C,50,0,0,0,1756446,5930030
Auckland,05/01/2014,Sun,15,DA,CE1,103A 110A ,T,R,D,DO,F ,T,G,C,50,0,0,0,1756318,5929973
Auckland,19/05/2014,Mon,2030,DA,CS1,138A ,F,E,D,DN,F , , ,N,100,0,0,0,1745128,5940783
Auckland,26/12/2014,Fri,111,DC,CN1,103A 112A 130A 929 ,FJ,R,D,DO,F ,D, ,N,50,0,0,1,1768602,5882597
Auckland,23/02/2014,Sun,1423,AC,CN1C,381A ,,R,D,BF,F ,T,T,L,50,0,0,0,1752538,5915876
Auckland,22/12/2014,Mon,1500,DB,MS1,133A 814 929 ,F,R,D,B ,F ,D,N,C,50,0,1,0,1774334,5903147
Auckland,05/02/2014,Wed,2108,JA,PE1C,308B 927 ,,R,D,DO,F ,D,N,C,50,0,0,1,1754676,5912513
Auckland,24/01/2014,Fri,1700,MC,CE1C,372B ,,R,D,BF,F , ,N,C,50,0,0,0,1754683,5912506
Auckland,28/07/2014,Mon,1515,LB,ME1C,303B 377B ,,R,D,BN,F ,T,N,C,50,0,0,0,1752611,5915783
Auckland,12/01/2014,Sun,330,BO,VE1V,357A 512A ,,R,D,DO,F , , ,C,50,0,0,0,1753131,5915048
Auckland,24/08/2014,Sun,1600,CA,CN1CCC,103A 410A ,MM,R,D,B ,F , , ,C,50,0,0,0,1753014,5915235
Auckland,04/04/2014,Fri,745,FE,CN1C,181A ,,R,D,BF,F ,X,T,C,50,0,0,0,1753110,5915082
Auckland,20/02/2014,Thu,2219,FD,CS1CC,331A 800 ,,R,W,DO,F , , ,C,50,0,0,2,1753115,5915074
Auckland,03/05/2014,Sat,1040,FE,4S1C,181A 331A ,,R,D,B ,F ,X,T,C,50,0,0,0,1753104,5915091
Auckland,23/06/2014,Mon,1345,JC,TS1C,130A 322A 423A ,,R,D,O ,F ,X,T,C,50,0,0,0,1753104,5915091
Auckland,12/06/2014,Thu,1850,JA,CN1C,112A 322A ,,R,W,TO,F ,X,T,C,50,0,0,0,1753104,5915091
Auckland,24/07/2014,Thu,830,MC,CN1C,372B ,,R,D,OF,F , ,N,C,50,0,0,0,1753333,5914272
Auckland,27/12/2014,Sat,1525,AA,CS1C,386A ,,R,D,B ,F ,X,T,C,50,0,0,0,1753340,5914253
Auckland,24/03/2014,Mon,1132,BO,CN14,103A 124A 323A ,,R,D,B ,F ,T,T,C,50,0,0,0,1754109,5913173
Auckland,12/11/2014,Wed,1435,FC,CW1C,331A 358A ,,R,W,OF,H , ,P,L,50,0,0,0,1755292,5912146
Auckland,26/06/2014,Thu,1840,LB,4W1C,314B 377B 929 ,,R,W,DF,LS,D,N,C,50,0,0,0,1752418,5916027
Auckland,09/01/2014,Thu,936,BA,CS1C,358A 801 ,,R,W,O ,L , , ,C,50,0,0,0,1752418,5916027
Auckland,10/01/2014,Fri,2232,NA,CS1E,105B 711B ,,R,D,DO,F , ,N,C,50,0,0,1,1753187,5914956
Auckland,25/04/2014,Fri,2020,EA,CS1CCC,101A 129A 351A ,M,R,D,DO,F , , ,C,50,0,0,1,1754244,5912986
Auckland,01/05/2014,Thu,1739,JA,CN1C,151A 314B ,,R,D,TO,F ,T,S,P,50,0,0,0,1754186,5913067
Auckland,11/06/2014,Wed,1521,LB,MN1C,303B 375B ,,R,D,B ,F ,T,N,C,50,0,0,1,1752583,5915819
Auckland,11/01/2014,Sat,15,JA,MW1C,101A 302B ,,R,D,DO,F ,T,G,P,50,0,0,1,1752794,5915552
Auckland,28/10/2014,Tue,1200,AC,CN1C,372A ,,E,D,OF,F ,Y,T,C,50,0,0,0,1753231,5914873
Auckland,22/09/2014,Mon,1015,JC,CW2C,322A ,,E,W,OF,H ,T,T,C,50,0,0,0,1753231,5914873
Auckland,19/02/2014,Wed,1445,FD,VS1C,181A ,,R,D,BF,F , ,N,N,50,0,0,0,1753390,5914182
Auckland,16/07/2014,Wed,1620,NA,CN1E,306A 376A ,,R,D,TN,F ,T,N,C,50,0,1,0,1752667,5915713
Auckland,19/08/2014,Tue,1610,FE,CN1C,181A 331A ,,R,W,O ,F ,T,T,C,50,0,0,0,1753924,5913433
Auckland,17/12/2014,Wed,1543,DB,CE1CC,103A 131A ,M,E,W,O ,F , , ,C,50,0,0,0,1755249,5919556
Auckland,14/06/2014,Sat,1358,MF,PS1C,372B 801 ,,R,W,O ,L , , ,C,50,0,1,0,1754323,5919378
Auckland,28/02/2014,Fri,1443,FD,CS1C,181A ,,R,D,BF,F , ,N,C,50,0,0,0,1754237,5919775
Auckland,26/04/2014,Sat,2256,HA,CW1C,103B 302B ,,R,D,DO,F ,X,G,C,50,0,0,0,1755409,5919566
Auckland,16/01/2014,Thu,2105,DA,VE14,101A 129A 358A ,M,E,D,DO,F , ,N,P,50,0,0,1,1754977,5919844
Auckland,17/12/2014,Wed,1832,JA,CN1C,302B 375B ,,R,W,O ,L ,T,G,C,50,0,0,0,1754504,5919921
Auckland,25/09/2014,Thu,1930,MC,CE1C,372B ,,R,D,DO,F ,T,T,C,50,0,0,0,1755710,5919631
Auckland,05/07/2014,Sat,1808,DA,CS2CC,103A 111A 131A 800 ,MM,R,W,DO,F ,X,T,C,40,0,0,0,1755719,5919636
Auckland,21/10/2014,Tue,2120,FC,CE1C,331A ,,R,D,DO,F , , ,X,50,0,0,0,1754389,5919858
Auckland,09/05/2014,Fri,1015,MD,CE14,371B 929 ,,R,W,OF,L ,D,N,C,50,0,0,0,1754398,5919863
Auckland,04/10/2014,Sat,100,EA,CS1C,103A 129A ,M,R,W,DO,L ,T,S,P,50,0,0,0,1754251,5919525
Auckland,17/03/2014,Mon,1754,MO,CW1C,372B 929 ,,R,D,B ,F ,D,N,P,50,0,0,0,1754717,5919914
Auckland,16/02/2014,Sun,1027,PC,TN1E,730B 927 ,,R,D,BF,F ,D,N,C,50,0,1,0,1754417,5919873
Auckland,27/05/2014,Tue,815,PC,CN1K,311A 376A 929 ,,R,D,B ,F ,D, ,C,50,0,0,1,1766961,5918892
Auckland,21/04/2014,Mon,1645,DB,CN1,110A 134A ,F,M,W,O ,F , ,N,C,50,0,0,0,1767212,5919964
Auckland,22/08/2014,Fri,1130,EA,CN1V,129A ,M,E,D,BF,F , ,N,N,50,0,0,0,1767325,5919774
Auckland,30/06/2014,Mon,330,BC,CN1B,110A 122A ,,M,W,DO,L ,T,N,N,50,0,0,0,1767289,5919919
Auckland,18/05/2014,Sun,1620,HA,CN1S,302A 375A ,,M,D,O ,F ,X,G,C,50,0,0,1,1766722,5920304
Auckland,19/02/2014,Wed,755,NF,CS1E,376A 711B 726B ,,M,D,O ,F ,T,G,C,50,0,1,1,1767647,5919045
Auckland,19/03/2014,Wed,1740,FD,CE1VC,331A 350A ,,E,D,BF,F ,Y,T,C,50,0,0,0,1771484,5915275
Auckland,16/04/2014,Wed,2053,DA,CW1,131A 801 ,P,E,W,DN,H ,T,G,C,80,0,0,0,1746377,5932050
Auckland,28/04/2014,Mon,1245,AA,CW1C,372A 671A ,,E,D,B ,F ,T,N,C,50,0,0,0,1771590,5915310
Auckland,20/03/2014,Thu,1635,KB,CW1C,302B 375B ,,R,D,BF,F ,T,G,C,50,0,0,0,1771626,5915313
Auckland,05/09/2014,Fri,2220,DB,CE1,102A 131A ,TX,S,W,DN,L , ,N,C,80,0,0,0,1749224,5934111
Auckland,12/07/2014,Sat,800,KA,CS1C,302B 375B ,,R,W,DO,HS,T,G,C,50,0,0,1,1771086,5914685
Auckland,04/09/2014,Thu,800,KB,CN1C,302B ,,R,D,B ,F ,T,G,C,50,0,0,0,1771086,5914685
Auckland,05/05/2014,Mon,845,GA,SW1T,331A 929 ,,R,W,OF,F ,D,N,N,100,0,0,0,1745178,5931512
Auckland,18/10/2014,Sat,,EA,CE1C,386A ,M,R,W,DO,F , ,N,C,50,0,0,0,1779074,5927047
Auckland,27/11/2014,Thu,1942,DA,CN1C,131A 386A 423A ,HX,E,D,TF,F , , ,N,50,0,0,1,1755135,5934074
Auckland,21/06/2014,Sat,1500,QD,TN1,682A ,F,M,D,BF,F ,T,G,C,50,0,0,0,1759472,5917361
Auckland,06/03/2014,Thu,1030,EA,CS1C,386A 443B ,M,R,D,B ,F ,T,N,C,50,0,0,0,1759432,5917296
Auckland,09/08/2014,Sat,2230,DA,4W1,101A 138A 630A ,,M,D,DN,F , , ,N,100,0,0,3,1725152,5939008
Auckland,22/10/2014,Wed,1038,AC,4N1C,184A 386A 184B 386B ,,R,D,B ,F , , ,N,100,0,0,0,1759417,5910277
Auckland,13/11/2014,Thu,1631,FE,CN1C,181A ,,E,D,OF,F , ,T,R,100,0,0,0,1759390,5910450
Auckland,12/02/2014,Wed,1035,NB,CW1E,710B ,,R,D,B ,F ,R,G,R,50,0,0,1,1759131,5910170
Auckland,23/11/2014,Sun,1150,DA,CN2,131A 358A ,KP,R,D,B ,F ,R,G,R,50,0,0,0,1759119,5910162
Auckland,12/03/2014,Wed,1620,GD,VE1C,331A 929 ,,R,D,B ,F ,D,N,C,50,0,0,1,1759340,5910210
Auckland,11/04/2014,Fri,10,LB,CW1C,303B ,,R,D,DO,L ,T,G,R,50,0,0,0,1759425,5910228
Auckland,15/08/2014,Fri,1844,FA,CW1CC,181A ,,R,W,O ,F , , ,P,50,0,0,0,1748731,5914502
Auckland,20/10/2014,Mon,1515,MO,CE1C,371A 929 ,,R,D,B ,F ,D,N,P,50,0,0,0,1749390,5914217
Auckland,29/06/2014,Sun,1844,BA,CE1C,110A 205A ,,R,D,DO,F ,T,S,C,50,0,0,0,1749544,5914152
Auckland,25/08/2014,Mon,20,DB,CS2CC,111A 131A 517A ,MM,R,D,DO,F ,T,G,C,50,0,0,0,1743534,5919030
Auckland,30/01/2014,Thu,1821,EA,CS14,129A ,M,E,D,BF,F , ,N,L,50,0,0,1,1753613,5935808
Auckland,16/02/2014,Sun,1134,LB,CS1CC,137A 303B 382B 929 ,M,R,D,BN,F ,D,N,C,80,0,0,0,1740560,5929546
Auckland,12/12/2014,Fri,1730,FD,VS1CCC,191A 331A 191B 181C ,,R,D,O ,F , , ,C,50,0,0,0,1767983,5912054
Auckland,28/11/2014,Fri,2020,DB,CS1CCC,111A 131A ,,E,W,OF,L ,T,G,C,50,0,0,0,1767622,5912349
Auckland,21/11/2014,Fri,1659,CC,CW1,412A ,T,R,D,BF,F , ,N,P,50,0,0,2,1749472,5915411
Auckland,21/04/2014,Mon,1113,BC,CN2C,103A 122A ,,R,D,BF,F ,T,G,C,50,0,0,0,1750145,5915741
Auckland,16/11/2014,Sun,1940,EA,CN1C,129A ,M,R,D,BF,F , ,N,C,50,0,0,0,1766518,5916347
Auckland,26/08/2014,Tue,949,HA,CW1S,302A 375A ,,R,D,O ,F ,R,G,C,50,0,0,1,1751492,5949251
Auckland,08/11/2014,Sat,1440,EA,4W1V,129A 352A 402A ,M,R,D,O ,F , , ,C,50,0,0,0,1751763,5949346
Auckland,29/04/2014,Tue,1300,ME,CS1C,386A ,,R,D,B ,F , , ,C,50,0,0,0,1774678,5897352
Auckland,23/07/2014,Wed,1050,MD,CS1C,929,,R,D,BF,F ,D,N,C,50,0,0,0,1761159,5915123
Auckland,11/02/2014,Tue,1715,JA,SN1S,308B 370B 929 ,,R,D,B ,F ,D, ,C,50,0,1,1,1761181,5915221
Auckland,24/07/2014,Thu,1725,MO,CS1C,330A 371A 929 ,M,R,D,O ,F ,D, ,C,50,0,0,0,1751429,5915704
Auckland,29/04/2014,Tue,2105,EA,CS1C,129A 404A ,M,R,D,DO,F , , ,C,50,0,0,0,1759721,5924731
Auckland,22/03/2014,Sat,2258,CB,CW1,410A ,F,R,D,DO,F , ,N,C,50,0,0,0,1759363,5924533
Auckland,13/07/2014,Sun,803,EA,CE1C,129A 363A 645A 902 ,M,R,D,B ,F , , ,C,50,0,0,0,1759398,5924552
Auckland,12/12/2014,Fri,2154,DB,CE1,101A 111A 131A ,,E,D,DO,F ,T,N,C,50,0,0,1,1759113,5945726
Auckland,12/02/2014,Wed,937,EA,CS1CC,129A 350A ,MM,R,W,O ,L , , ,R,50,0,0,1,1753352,5927010
Auckland,24/05/2014,Sat,1400,EA,CN1V,129A ,M,R,D,O ,F , , ,C,50,0,0,0,1746825,5917887
Auckland,18/07/2014,Fri,0,EA,VN1C,130A 631A 802 ,M,R,I,DO,FF, , ,N,50,0,0,0,1746854,5917906
Auckland,22/09/2014,Mon,1840,EA,BS1C,358A ,MP,R,D,DO,F , ,N,C,50,0,0,0,1761350,5907059
Auckland,06/04/2014,Sun,1220,KB,CW1C,103A 301B 382B ,,E,D,BF,F ,T,S,C,50,0,0,2,1761366,5907048
Auckland,03/10/2014,Fri,740,FB,CN1C,181A ,,E,D,O ,F ,R,G,C,50,0,0,0,1761011,5907303
Auckland,10/04/2014,Thu,740,EA,TS1C,386A ,M,R,D,B ,F , , ,N,50,0,0,0,1760584,5908510
Auckland,09/12/2014,Tue,1400,MC,CN1C,372B ,,R,D,BN,F , ,N,C,50,0,0,0,1760930,5907420
Auckland,22/02/2014,Sat,828,CB,CS1,103A ,FT,R,D,OF,F , ,N,X,50,0,0,0,1761085,5907243
Auckland,15/02/2014,Sat,615,FA,CS1T,181A 517A ,,R,D,BF,F ,R,G,C,50,0,0,0,1760984,5907337