TLANAME,CRASHDATE,CRASHDOW,CRASHTIME,MVMT,VEHICLES,CAUSES,OBJECTSSTRUCK,ROADCURVE,ROADWET,LIGHT,WTHRa,JUNCTYPE,TRAFCTRL,ROADMARK,SPDLIM,CRASHFATALCNT,CRASHSEVCNT,CRASHMINCNT,EASTING,NORTHING
Auckland,27/04/2014,Sun,450,CC,CS1,103A 410A ,KX,R,D,DO,F , , ,C,50,0,0,0,1760728,5908019
Auckland,22/12/2014,Mon,1535,MD,CN1V,371B 929 ,,R,D,B ,F ,X,T,C,50,0,0,0,1760468,5908896
Auckland,06/11/2014,Thu,940,KA,CS1C,302B 382B ,,R,D,BF,F ,T,G,C,50,0,0,0,1760671,5908211
Auckland,26/08/2014,Tue,2230,FD,CN1C,331A 353A ,,R,D,DO,F , ,N,N,50,0,0,0,1760625,5908372
Auckland,27/10/2014,Mon,30,CC,CS1,103A 125A ,FT,R,D,DO,F ,T,T,C,50,0,0,0,1761802,5906742
Auckland,09/06/2014,Mon,1255,GD,CN1C,333A 358A 929 ,,R,W,OF,L ,D,N,C,50,0,0,0,1761819,5906730
Auckland,20/11/2014,Thu,1924,NA,CS1E,713B ,,R,D,B ,F ,T,S,P,50,0,0,1,1760831,5907683
Auckland,09/11/2014,Sun,2005,NA,CN1E,402A 713B 727B 732B ,,R,D,B ,F ,T,S,P,50,0,1,0,1760827,5907692
Auckland,29/05/2014,Thu,1500,GB,CN2C,172B 801 ,,E,W,O ,L ,R,G,R,50,0,0,0,1760984,5907337
Auckland,01/11/2014,Sat,430,CB,CS1,103A 410A ,P,R,D,DO,F , , ,P,50,0,0,1,1760605,5908437
Auckland,05/03/2014,Wed,1215,JC,CW2X,302A 375A ,,R,D,OF,F ,T,G,C,50,0,0,0,1760599,5908456
Auckland,11/09/2014,Thu,1728,AC,CS1T,372A ,,R,D,O ,F , , ,P,50,0,0,0,1760839,5913348
Auckland,04/08/2014,Mon,715,JA,TN1C,301B 375B ,,R,W,BF,L ,T,S,C,50,0,0,0,1760837,5913398
Auckland,16/08/2014,Sat,645,DB,CN1CCC,111A 514A 517A ,MP,M,D,DO,F , , ,C,50,0,0,0,1760783,5914080
Auckland,28/08/2014,Thu,1530,GD,CS1C,181A 331A ,,E,D,O ,F ,T,S,C,50,0,0,0,1760711,5914569
Auckland,09/09/2014,Tue,930,DA,CW2T,131A 351A ,,M,D,B ,F ,T,G,C,50,0,0,0,1760853,5913095
Auckland,24/04/2014,Thu,1447,JA,CN1C,308B 375B 929 ,,R,D,O ,F ,D,N,N,50,0,0,1,1760821,5913740
Auckland,07/09/2014,Sun,600,CB,CS1C,103A ,M,R,D,BF,F ,T,G,P,50,0,0,0,1760824,5913690
Auckland,31/12/2014,Wed,1445,MO,CE1C,371A ,,R,D,B ,F , ,N,C,30,0,0,0,1755723,5916074
Auckland,03/07/2014,Thu,830,GA,CE1C,181A 142B 926 ,,R,W,O ,F ,D,N,N,50,0,0,0,1755723,5916074
Auckland,04/04/2014,Fri,830,MA,CW1C,373B ,,R,D,B ,F , , ,R,50,0,0,0,1761762,5913045
Auckland,13/06/2014,Fri,2140,BC,CN1C,122A ,M,R,W,DO,F ,T,G,N,50,0,0,0,1754373,5917503
Auckland,02/04/2014,Wed,2356,CC,CS1C,103A 130A ,,R,D,DO,F , , ,C,50,0,0,0,1764837,5909486
Auckland,18/02/2014,Tue,2320,MO,CS1C,371A 929 ,M,E,D,DO,F ,D,N,N,50,0,0,0,1764902,5909598
Auckland,04/04/2014,Fri,650,KA,MS2C,302B 375B ,,E,D,O ,F ,R,G,P,50,0,0,1,1771681,5914141
Auckland,11/04/2014,Fri,637,BF,CE1C,111A 131A ,,M,W,DO,F , , ,C,50,0,0,0,1768799,5900264
Auckland,29/07/2014,Tue,1054,MO,CN1,371A 517A ,FH,R,D,O ,F ,T,N,C,50,0,0,0,1774156,5896825
Auckland,12/02/2014,Wed,1420,MC,CW1V,372B ,,R,D,B ,F , ,N,C,50,0,0,0,1754396,5913660
Auckland,19/08/2014,Tue,1800,AC,CN1V,381A ,,R,W,TF,L , ,N,C,50,0,0,0,1769122,5910963
Auckland,14/03/2014,Fri,1700,KB,CW1C,303B 929 ,,R,D,O ,F ,D,G,R,50,0,0,0,1767048,5904496
Auckland,26/10/2014,Sun,1847,AA,CE1C,372A ,,R,D,BF,F , ,N,R,50,0,0,0,1767573,5904636
Auckland,27/02/2014,Thu,1250,GA,CS1C,181A 926 ,,R,D,O ,F ,D,N,C,50,0,0,2,1767490,5904609
Auckland,16/06/2014,Mon,1715,FD,CE1CC,331A 801 ,,R,W,DO,L , , ,R,50,0,0,0,1767389,5904617
Auckland,23/05/2014,Fri,1330,AA,CE1C,372A ,,R,D,OF,F ,T,T,R,50,0,0,0,1767587,5904632
Auckland,23/11/2014,Sun,1220,MD,CW1T,308B 377B 929 ,,R,D,B ,F ,D,N,N,50,0,0,0,1766742,5904423
Auckland,19/03/2014,Wed,1105,GA,OW1C,181A ,,E,D,B ,F ,R,G,R,50,0,0,0,1766723,5904428
Auckland,13/05/2014,Tue,1201,FC,VW1C,181A 331A 501A ,,R,D,B ,F , , ,R,50,0,0,1,1767513,5904613
Auckland,21/11/2014,Fri,1700,FB,CW1C,181A ,,E,D,B ,F ,R,G,C,50,0,0,0,1767193,5904553
Auckland,11/07/2014,Fri,1650,MA,CW1C,373B 402B ,,R,W,O ,L , , ,C,50,0,0,0,1767245,5904584
Auckland,11/07/2014,Fri,2145,HA,CS2V,302B 330B 402B ,,E,W,DO,L ,R,G,R,50,0,0,1,1767188,5904564
Auckland,29/06/2014,Sun,1600,AC,CS2C,381A ,,E,D,OF,F ,R,G,C,50,0,0,0,1766715,5904425
Auckland,23/06/2014,Mon,1849,LB,SN1C,534A 303B 375B 930 ,,R,D,DF,F ,D,N,R,50,0,0,1,1765789,5916587
Auckland,04/05/2014,Sun,19,DA,CW1,111A 131A ,PT,M,W,DO,M , , ,N,50,0,0,0,1753203,5913718
Auckland,15/07/2014,Tue,705,DB,VN2,111A 131A ,,M,D,TO,F ,X,T,C,80,0,0,1,1764771,5903711
Auckland,28/08/2014,Thu,1840,DB,CN2C,111A 131A 402A ,P,E,D,DO,F ,X,T,C,80,0,0,0,1764771,5903711
Auckland,18/09/2014,Thu,1830,KA,CS1C,308B 923 ,,R,D,DO,F ,D,N,R,60,0,0,0,1765476,5901860
Auckland,21/11/2014,Fri,502,JA,CS1C,302B 375B ,,R,D,DO,F ,T,G,R,50,0,0,2,1765438,5901953
Auckland,06/10/2014,Mon,545,FA,CS1CCV,512A 103B 131B ,,M,D,DO,F , , ,C,50,0,0,0,1765656,5901420
Auckland,28/07/2014,Mon,1504,FA,4S14,181A 387A ,,R,D,O ,F ,X,T,C,60,0,0,0,1765665,5901397
Auckland,19/11/2014,Wed,954,JA,CS1C,322A 352A ,,S,D,B ,F ,T,T,R,60,0,0,0,1765662,5901407
Auckland,22/05/2014,Thu,1740,FD,CN1C,181A 330A ,,R,D,DO,F ,T,T,C,50,0,0,0,1765650,5901402
Auckland,12/07/2014,Sat,1800,DA,CW2C,111A 131A 197B 801 ,,E,W,TO,L ,T,T,R,50,0,0,0,1765650,5901402
Auckland,13/11/2014,Thu,1845,LB,CS1C,197A 303B 351B 402B ,,R,D,O ,F ,X,T,R,50,0,0,3,1765662,5901407
Auckland,24/04/2014,Thu,900,LB,CS1C,303B ,,R,D,BF,F ,T,T,R,60,0,0,0,1765662,5901407
Auckland,01/07/2014,Tue,1440,FB,CW1C,181A ,,E,D,B ,F ,X,T,N,50,0,0,0,1765650,5901402
Auckland,20/09/2014,Sat,1850,JA,CS1C,322A 334A 402A ,,R,D,DO,F ,T,T,C,50,0,0,0,1765662,5901407
Auckland,06/12/2014,Sat,108,LB,CS1C,303B 691B ,,R,D,DO,F ,X,T,R,60,0,0,0,1765662,5901407
Auckland,28/12/2014,Sun,2300,DA,CE2,111A 131A ,,M,D,DO,F ,T,G,R,60,0,0,0,1765770,5901148
Auckland,29/03/2014,Sat,2045,AO,CN14,381A ,,R,D,DO,F ,T,T,C,60,0,0,0,1765407,5901997
Auckland,02/03/2014,Sun,1335,DA,VE2,501A ,F,R,D,BF,F ,T,T,R,60,0,0,0,1765403,5902007
Auckland,29/11/2014,Sat,2030,EA,CN1C,386A ,M,E,D,DO,F , ,N,C,80,0,0,0,1766293,5899857
Auckland,08/08/2014,Fri,352,HA,CW2V,322B 410B ,,R,W,DO,L ,M,T,C,60,0,0,0,1764783,5903705
Auckland,15/03/2014,Sat,2055,EA,CS1C,129A 331A ,M,R,W,DO,L , ,N,C,50,0,0,0,1765910,5900806
Auckland,31/07/2014,Thu,2335,CA,CN1,103A 112A 134A ,S,R,D,DO,F ,T,N,R,50,0,0,0,1766207,5900041
Auckland,04/11/2014,Tue,1900,CC,CS1C,137A ,Q,R,D,BF,F , ,N,R,60,0,0,0,1766209,5900068
Auckland,24/10/2014,Fri,2100,AC,CN1C,159A 381A ,,R,D,DO,F , ,N,R,60,0,0,0,1766224,5899999
Auckland,14/02/2014,Fri,1815,JA,CS1S,102A 308B 377B 839 929 ,,R,D,B ,F ,D,N,N,50,0,0,1,1766239,5899994
Auckland,19/12/2014,Fri,810,CC,VN1,501A ,T,R,D,B ,F ,T,G,N,60,0,0,0,1766209,5900036
Auckland,22/08/2014,Fri,640,LB,MN14,303B ,,R,D,OF,F ,T,G,R,50,0,1,0,1766209,5900036
Auckland,17/07/2014,Thu,909,AO,TN1C,671A ,,R,D,BF,F ,Y,T,C,50,0,0,0,1764771,5903711
Auckland,01/02/2014,Sat,529,CB,CN1T,130A ,M,R,D,O ,F , , ,C,80,0,0,0,1766094,5900319
Auckland,21/10/2014,Tue,700,GF,CW2C,110A 131A 402A 801 ,,R,W,O ,L ,T,G,C,50,0,0,0,1766143,5900231
Auckland,02/11/2014,Sun,1545,KA,CS1C,103A 302B 382B ,,R,D,OF,F ,T,G,R,50,0,0,0,1766143,5900231
Auckland,09/09/2014,Tue,715,FE,4N1C,181A ,,R,D,BF,F ,T,T,R,60,0,0,0,1764868,5903313
Auckland,15/08/2014,Fri,1246,CB,CS1,102A 109A 130A ,P,R,D,BF,F , ,N,N,50,0,0,0,1766275,5899904
Auckland,31/03/2014,Mon,820,LB,CS1CC,303B 387B 925 ,,R,D,BF,F ,D,N,R,50,0,0,0,1766275,5899904
Auckland,10/03/2014,Mon,735,FA,TN1C,331A ,,R,D,B ,F , , ,R,50,0,0,0,1765049,5902871
Auckland,29/01/2014,Wed,807,FD,CN1CT,181A ,,R,D,BF,F , ,N,R,80,0,0,2,1765017,5902950
Auckland,05/08/2014,Tue,330,AC,CS1C,372A ,,R,D,DO,F , ,N,C,70,0,0,0,1765009,5903001
Auckland,25/04/2014,Fri,1930,FE,CN1C,181A ,,R,D,DO,F ,X,T,C,50,0,0,0,1765059,5902846
Auckland,22/10/2014,Wed,2105,GF,TN1C,671A ,,R,D,DO,F ,T,T,R,50,0,0,0,1765055,5902857
Auckland,28/08/2014,Thu,718,FD,CN1T,181A ,,R,D,BF,F ,X,T,R,50,0,0,0,1765059,5902846
Auckland,15/06/2014,Sun,652,LB,CS1C,322A ,,R,D,TO,F ,X,T,R,50,0,0,1,1765066,5902862
Auckland,25/01/2014,Sat,2,FE,CS1C,103A 331A ,,R,D,DO,F ,T,T,R,50,0,0,0,1765066,5902862
Auckland,04/03/2014,Tue,1332,JA,CS1X,302B 377B 839 ,,R,D,B ,F ,T,G,R,60,0,0,0,1766000,5900581
Auckland,28/11/2014,Fri,1945,HA,CW1C,301B 355B ,,R,D,O ,F ,X,S,C,50,0,0,0,1755822,5919434
Auckland,18/05/2014,Sun,1500,FE,CE1C,331A ,,R,D,B ,F ,X,T,C,50,0,0,0,1750827,5915593
Auckland,27/06/2014,Fri,900,AA,TE1C,372A 181B ,,R,D,B ,F , , ,C,50,0,0,0,1750760,5915613
Auckland,10/09/2014,Wed,1120,AA,CE1C,372A ,,R,D,B ,F , , ,C,50,0,0,0,1750741,5915618
Auckland,29/07/2014,Tue,1630,FE,CN1V,181A ,,R,D,OF,F ,X,T,C,50,0,0,0,1750837,5915590
Auckland,26/07/2014,Sat,1725,FE,CS1C,181A 330A ,,R,D,B ,F ,M,T,L,50,0,0,0,1750837,5915590
Auckland,09/04/2014,Wed,1830,GD,CS1C,112A 181A ,,R,D,DO,F ,X,T,C,50,0,0,0,1750837,5915590
Auckland,04/11/2014,Tue,1600,NB,CE1E,341A 353A 715B ,,R,D,BF,F ,T,G,P,50,0,0,1,1750729,5915622
Auckland,14/03/2014,Fri,1530,LB,CE1C,303B 375B ,,R,D,BF,F ,T,G,P,50,0,0,0,1750743,5915618
Auckland,11/06/2014,Wed,1545,AC,CW1C,372A ,,R,D,B ,F ,T,G,C,50,0,0,0,1750743,5915618
Auckland,29/06/2014,Sun,1316,JC,CN1C,322A ,,R,D,OF,F ,X,T,C,50,0,0,0,1750139,5916292
Auckland,30/08/2014,Sat,1955,DA,CN1,111A 131A ,F,E,W,DO,L ,T,S,C,50,0,0,0,1750610,5915660
Auckland,12/05/2014,Mon,200,DA,CN1C,103A 431A 103B 431B ,K,E,D,DO,F , ,N,C,50,0,0,0,1749196,5917097
Auckland,22/05/2014,Thu,800,JA,CS1C,308B 375B 929 ,,M,D,B ,F ,D, ,N,50,0,0,0,1749101,5917127
Auckland,05/07/2014,Sat,1300,LB,CS14,303B 330B ,,R,D,B ,F ,T,G,C,50,0,0,0,1750950,5915531
Auckland,05/07/2014,Sat,1253,NB,CW1E,712B 713B 839 ,,R,D,OF,L ,T,S,C,50,0,0,0,1751090,5915485
Auckland,09/12/2014,Tue,1050,LB,CE1C,314B 377B 927 ,,R,D,B ,F ,D, ,C,50,0,0,0,1751110,5915484
Auckland,07/10/2014,Tue,1455,NB,CW1E,194A 713B ,,R,D,B ,F ,T,T,C,50,0,0,1,1751080,5915485
Auckland,20/08/2014,Wed,1625,JA,CN1C,197A 308B 330B 929 ,,R,W,O ,F ,D,N,P,50,0,0,0,1749361,5916997
Auckland,02/04/2014,Wed,1706,JO,CW1C,314B 377B ,,R,D,OF,F ,T,G,P,50,0,0,0,1749531,5916891
Auckland,07/01/2014,Tue,1729,DA,CE1,101A 111A 131A ,F,M,D,BF,F ,T,S,P,50,0,2,0,1749965,5916623
Auckland,05/01/2014,Sun,1530,CB,VN1,130A 801 ,C,R,W,B ,L , , ,P,50,0,0,0,1749993,5916582
Auckland,11/08/2014,Mon,820,KA,SN1C,301B 375B 671B ,,E,W,BF,F ,T,S,P,50,0,0,0,1749957,5916629
Auckland,12/08/2014,Tue,1700,FD,CN1V,181A 331A ,,R,D,O ,F , , ,C,50,0,0,0,1750219,5916133
Auckland,02/12/2014,Tue,1454,FB,CN1C,181A 331A ,,R,D,B ,F ,R,G,C,50,0,0,0,1748794,5917936
Auckland,17/07/2014,Thu,1654,FD,CS1C,331A 350A ,,R,D,B ,F , , ,C,50,0,0,0,1750435,5915864
Auckland,21/07/2014,Mon,200,EA,CS1C,129A ,M,R,W,DO,L , ,N,C,50,0,0,0,1750455,5915841
Auckland,05/12/2014,Fri,1705,JA,CN1C,308B 314B 377B 929 ,,R,D,BF,F ,D,N,P,50,0,0,0,1748830,5917491
Auckland,12/02/2014,Wed,1801,BF,4S14,131A 412A 197B ,P,E,D,B ,F , , ,C,50,0,0,1,1748830,5917491
Auckland,06/09/2014,Sat,1030,BC,VS1C,129A 358A ,,E,D,BF,F , ,N,P,50,0,1,1,1748844,5917392
Auckland,10/06/2014,Tue,1710,LB,PW1C,303B 375B 830 927 ,,R,W,DF,HS,D,N,C,50,0,0,1,1751196,5932315
Auckland,23/05/2014,Fri,1505,EA,CW1CC,103A 129A 130A ,M,R,D,O ,F , , ,C,50,0,0,0,1751196,5932315
Auckland,10/10/2014,Fri,1030,MD,CW1C,353B 377B 839 ,,E,D,O ,F , , ,L,50,0,0,0,1754016,5933005
Auckland,01/12/2014,Mon,923,GA,CW14,181A 333A 929 ,,R,D,BF,F ,D,N,C,50,0,0,0,1753882,5932886
Auckland,01/10/2014,Wed,1800,HA,4N2C,113B ,,E,D,O ,F ,R,G,P,50,0,0,0,1754222,5933114
Auckland,24/04/2014,Thu,1450,DA,CN1,111A 631A ,T,R,W,O ,  ,X,T,C,50,0,0,1,1752152,5932472
Auckland,20/06/2014,Fri,1219,FF,CE1C,387A ,,E,D,BF,F ,R,G,C,50,0,0,0,1753354,5932477
Auckland,16/01/2014,Thu,1616,HA,CE1M,302A 375A ,,R,D,O ,F ,R,G,C,50,0,0,1,1753354,5932477
Auckland,21/11/2014,Fri,900,GB,SW1C,330B 372B ,,E,D,O ,F ,T,G,P,50,0,0,1,1751708,5932371
Auckland,20/01/2014,Mon,1236,DA,CE1,135A 801 ,FKS,M,W,OF,L ,T,T,C,50,0,0,0,1754857,5933182
Auckland,02/06/2014,Mon,1200,FE,CE1V,181A ,,R,D,B ,F ,T,T,C,50,0,0,0,1754857,5933182
Auckland,12/08/2014,Tue,1033,BF,CN2C,111A 131A ,,E,W,BF,L ,T,T,C,50,0,0,0,1754857,5933182
Auckland,05/11/2014,Wed,814,FD,CW1CC,181A 331A 358A 801 ,,R,W,O ,L , , ,P,50,0,0,0,1754585,5933152
Auckland,07/03/2014,Fri,1035,BF,CE1C,131A 501A ,HQ,M,D,BF,F ,T,G,P,50,0,0,1,1753158,5932392
Auckland,21/08/2014,Thu,1310,JA,CE1C,302B ,,E,D,BF,F ,T,G,C,50,0,0,0,1753158,5932392
Auckland,02/04/2014,Wed,1053,KB,VW1B,302B 375B ,,E,D,BF,F ,T,G,C,50,0,0,1,1753158,5932392
Auckland,01/04/2014,Tue,1630,KA,CE1V,308B 375B 929 ,,R,D,B ,F ,D,N,C,50,0,0,0,1752853,5932406
Auckland,13/11/2014,Thu,1640,FD,CE1C,181A 197A ,,R,D,O ,F , , ,P,50,0,0,0,1752948,5932397
Auckland,04/03/2014,Tue,825,FD,CW1CCC,181A ,,R,D,OF,F , ,N,C,50,0,0,2,1754544,5933139
Auckland,21/04/2014,Mon,1925,HA,4S2C,302A 375A 412A 817 ,I,E,D,DO,F ,R,G,R,50,0,0,1,1753361,5932495
Auckland,25/06/2014,Wed,905,FD,CW1V,331A ,,R,D,O ,F , , ,C,50,0,0,1,1751363,5932339
Auckland,15/05/2014,Thu,1300,CC,CE1C,130A 501A ,M,R,D,B ,F , , ,C,50,0,0,0,1772465,5894959
Auckland,07/02/2014,Fri,1530,EA,VE1C,386A ,M,E,D,B ,F , ,N,C,50,0,0,0,1772018,5895035
Auckland,27/09/2014,Sat,2230,EA,CS1C,129A ,M,M,W,DO,F , ,N,C,50,0,0,0,1763563,5907794
Auckland,30/06/2014,Mon,1700,JA,CS2C,322A 801 ,,R,W,TO,L ,X,T,C,50,0,0,0,1763261,5908247
Auckland,23/11/2014,Sun,2230,EA,CN1C,129A ,M,R,D,DO,F , ,N,C,50,0,0,0,1754525,5913442
Auckland,22/11/2014,Sat,1621,NA,CS1E,727B ,,R,D,O ,F , , ,C,50,0,0,1,1746008,5912684
Auckland,06/07/2014,Sun,1600,EA,CS1C,129A 350A ,M,R,D,OF,F , ,N,C,50,0,0,0,1746173,5913790
Auckland,28/06/2014,Sat,120,EA,CS1C,129A ,M,R,W,DO,L , ,N,C,50,0,0,0,1746181,5913818
Auckland,17/07/2014,Thu,1717,KB,CW2C,301B ,,R,D,O ,F ,T,S,N,50,0,0,0,1753350,5917453
Auckland,04/04/2014,Fri,10,DC,VS1,103A 112A ,C,R,D,DO,F ,T,N,C,50,0,0,0,1753350,5917453
Auckland,20/05/2014,Tue,2000,EA,CW1C,129A 330A ,M,R,D,DO,F , , ,C,50,0,0,1,1755194,5917627
Auckland,20/05/2014,Tue,2015,EA,CE1C,129A ,M,R,D,DO,F , ,N,C,50,0,0,0,1755194,5917627
Auckland,02/12/2014,Tue,905,GF,TE1C,179A 381A ,,R,D,B ,F ,T,G,C,50,0,0,0,1755242,5917615
Auckland,19/06/2014,Thu,450,CC,CS1,103A 410A ,FKT,R,D,DO,F , , ,N,50,0,0,0,1768551,5902522
Auckland,27/03/2014,Thu,1809,HA,CW2C,302B 361B 375B ,,R,D,OF,F ,X,G,C,50,0,0,0,1756402,5934086
Auckland,17/06/2014,Tue,1746,DA,CE1C,111A 135A 801 ,M,E,W,DO,L , ,N,C,50,0,0,0,1751755,5931421
Auckland,14/08/2014,Thu,1230,FB,CE1C,181A ,,R,D,B ,F ,T,S,C,50,0,0,0,1751858,5931530
Auckland,03/09/2014,Wed,1730,MO,CW1C,371A 929 ,M,R,D,OF,F ,D,N,N,50,0,0,0,1760946,5916364
Auckland,06/05/2014,Tue,139,DA,CS1,111A 131A 514A ,F,E,W,DO,L ,T,G,P,50,0,0,0,1766501,5901239
Auckland,22/08/2014,Fri,915,JA,CN1C,302B 353B ,,R,D,BF,F ,T,G,C,50,0,0,0,1766501,5901239
Auckland,25/08/2014,Mon,1509,BA,CS1CC,125A 137A ,M,R,D,B ,F ,T,N,C,50,0,0,0,1766628,5901010
Auckland,09/02/2014,Sun,615,CB,CS1T,410A ,M,R,D,O ,F , , ,C,50,0,1,0,1766622,5901018
Auckland,19/03/2014,Wed,2025,FA,CN1CC,331A 358A 197C 929 ,,R,D,DO,F ,D, ,C,50,0,0,0,1766589,5901068
Auckland,20/09/2014,Sat,31,DB,CE1,111A 131A 402A 514A 801 ,FT,S,W,DO,L ,T,G,C,50,0,0,1,1767043,5900093
Auckland,22/08/2014,Fri,1708,KB,CW1C,302A 375A ,,R,D,OF,F ,T,G,P,50,0,0,0,1767054,5900065
Auckland,13/12/2014,Sat,310,DA,CW2,103A 131A 402A ,FK,M,D,DO,F ,T,G,C,50,0,0,0,1767054,5900065
Auckland,30/05/2014,Fri,1045,HA,CE2V,302A 375A ,,R,D,B ,F ,R,G,R,50,0,0,0,1766730,5900874
Auckland,04/01/2014,Sat,840,HA,CW2C,302A ,,M,D,B ,F ,R,G,C,50,0,0,0,1766730,5900874
Auckland,04/02/2014,Tue,1632,FD,CN1CC,181A 331A 414A ,,M,D,BF,F ,T,T,R,100,0,0,0,1744318,5922429
Auckland,18/04/2014,Fri,1903,DB,CS1,111A 131A ,PS,E,W,DO,L , ,N,N,50,0,0,2,1744487,5922489
Auckland,27/03/2014,Thu,2145,FA,CE1C,181A 330A ,,R,D,B ,F , ,N,C,50,0,0,0,1743253,5922658
Auckland,03/05/2014,Sat,1618,DA,CN2,103A 131A ,CK,E,D,OF,F ,R,G,P,50,0,0,0,1743192,5922656
Auckland,03/06/2014,Tue,1630,JA,CS1C,308B 922 ,,E,D,B ,F ,D, ,C,50,0,0,0,1744590,5922458
Auckland,27/06/2014,Fri,1536,DB,CW1,131A 191A 403A 801 ,S,E,W,O ,L ,T,N,N,100,0,0,0,1744504,5922538
Auckland,04/07/2014,Fri,1918,EA,CE1C,331A 359A ,M,R,D,DO,F , ,N,C,50,0,0,0,1744940,5922370
Auckland,26/03/2014,Wed,803,JA,CE1M,302B 375B ,,R,D,OF,F ,T,G,C,50,0,1,0,1745114,5922458
Auckland,19/01/2014,Sun,2130,LB,CW1C,111A 303B 386B ,,E,D,DN,F ,T,G,C,50,0,0,0,1744504,5922538
Auckland,20/09/2014,Sat,1000,EA,CN1C,129A ,M,R,D,BF,F , ,N,N,50,0,0,0,1746687,5919769
Auckland,15/06/2014,Sun,212,DB,CW1C,111A 131A ,M,E,D,DO,F , , ,C,50,0,0,0,1751335,5913899
Auckland,07/11/2014,Fri,1802,DA,CN1,130A 410A ,IK,M,D,B ,FF, ,N,R,50,0,0,0,1763234,5913656
Auckland,23/10/2014,Thu,745,CB,CN1,130A 501A ,KP,R,D,O ,F ,T,S,C,50,0,0,0,1763234,5913671
Auckland,07/12/2014,Sun,2057,DB,CE1,103A 131A 358A ,C,E,D,DN,F , ,N,C,100,0,0,0,1773196,5889167
Auckland,10/08/2014,Sun,2009,DA,40,129A 904 ,P,M,W,DN,M , ,N,C,100,0,0,0,1773016,5889053
Auckland,11/04/2014,Fri,2158,DA,CN1,103A 111A 131A ,FX,E,W,DN,L , ,N,C,100,0,0,0,1772914,5888989
Auckland,26/01/2014,Sun,1915,DB,4S1,131A 407A 800 901 ,T,E,W, N,H , ,N,C,100,0,0,0,1772885,5881733
Auckland,19/01/2014,Sun,950,CA,CS1,129A 197A 407A ,FPX,R,D,B ,F , , ,C,100,0,0,0,1772928,5882229
Auckland,17/12/2014,Wed,548,EA,CN1C,103A 410A ,M,R,D,TF,F , , ,C,50,0,0,1,1766840,5901711
Auckland,08/06/2014,Sun,,EA,CW1C,129A 330A ,M,R,D,B ,F ,T,G,P,50,0,0,0,1767954,5900894
Auckland,20/04/2014,Sun,824,CB,CS1,411A ,P,R,D,OF,F , ,N,C,50,0,1,4,1766875,5901624
Auckland,19/11/2014,Wed,644,EA,CE1T,129A 902 ,M,E,D,B ,F , , ,P,50,0,0,0,1768203,5900799
Auckland,15/03/2014,Sat,1130,FD,CW1C,191B ,,R,W,O ,H , , ,C,50,0,0,0,1767332,5901238
Auckland,31/10/2014,Fri,1503,NA,CW1E,712B 713B ,,R,D,BF,F , ,N,P,50,0,0,1,1767681,5901013
Auckland,20/08/2014,Wed,830,EC,CW1V,668B 930 ,D,R,D,B ,F ,D, ,R,50,0,0,0,1767709,5901001
Auckland,26/11/2014,Wed,1835,MA,CN1C,373B ,,R,D,BF,F ,T,G,R,50,0,0,0,1768341,5900719
Auckland,23/11/2014,Sun,2210,EA,CE1C,386A ,M,R,D,DO,F ,T,N,C,50,0,0,0,1767538,5901092
Auckland,18/10/2014,Sat,420,EA,CN1C,129A 410A ,M,R,W,DO,F , ,N,C,50,0,0,0,1767318,5901248
Auckland,15/09/2014,Mon,940,FB,4N1V,181A 387A ,,R,D,O ,F ,T,G,P,50,0,0,1,1767236,5901306
Auckland,05/06/2014,Thu,1800,CC,CS1,103A 108A 112A ,P,R,D,DO,F , ,N,L,50,0,0,1,1768415,5900650
Auckland,16/06/2014,Mon,1736,MO,CS1C,371B 801 ,,R,W,DO,L , , ,C,50,0,0,0,1768415,5900650
Auckland,03/11/2014,Mon,2013,DA,CN1,103A 111A 131A 929 ,FJ,E,D,DO,F ,D,N,C,50,0,0,0,1747730,5915053
Auckland,01/02/2014,Sat,2350,EA,VS1C,103A 386A ,M,R,D,DF,F ,M,N,C,50,0,0,0,1754769,5919874
Auckland,11/07/2014,Fri,2356,DA,CN1C,111A 129A 131A 800 801 ,M,E,W,DO,L , , ,C,50,0,0,0,1755530,5933253
Auckland,19/09/2014,Fri,1600,DA,CW1,101A 111A 131A ,T,E,W,O ,L , , ,C,50,0,0,0,1754248,5917248
Auckland,04/12/2014,Thu,1740,JC,CN1C,302A 377A ,,R, ,O ,  ,T,G,P,50,0,0,0,1756723,5920438
Auckland,02/04/2014,Wed,735,FA,CN1C,331A ,,E,D,TF,F , , ,C,50,0,0,0,1763436,5910607
Auckland,04/11/2014,Tue,2000,DA,CN1,130A 414A ,ST,M,D,DN,F , ,N,C,50,0,0,0,1763437,5910602
Auckland,05/05/2014,Mon,1715,JA,CW1C,321A ,,E,W,O ,L ,T,S,C,50,0,0,0,1763438,5910622
Auckland,17/10/2014,Fri,1006,EA,CN1C,129A 359A ,Q,R,D,BF,F , ,N,C,50,0,0,1,1763305,5909776
Auckland,11/12/2014,Thu,615,CC,VS1,130A 412A ,C,R,D,TO,F ,T,T,L,50,0,1,1,1763329,5909543
Auckland,17/09/2014,Wed,1633,MA,CN1C,373B ,,R,D,B ,F , ,N,C,50,0,0,0,1757933,5928796
Auckland,12/01/2014,Sun,935,FO,CW1C,331A ,,R,W,B ,F , , ,C,50,0,0,0,1756600,5920247
Auckland,20/04/2014,Sun,2120,DB,CE2,111A 131A 404A ,HI,M,W,DO,F ,Y,N,R,50,0,0,0,1756532,5920278
Auckland,02/12/2014,Tue,2014,DA,CS1,102A 111A ,T,E,D,TF,F , ,N,P,50,0,1,1,1743728,5916399
Auckland,28/11/2014,Fri,1256,DA,CW1,501A ,IT,E,D,O ,F ,R,G,R,50,0,0,1,1743520,5916345
Auckland,18/08/2014,Mon,1050,MO,TE1,371A 671A 929 ,P,R,D,O ,F ,D,N,N,50,0,0,0,1758508,5926914
Auckland,07/03/2014,Fri,1800,FD,CS1CCC,331A 359A ,,R,D,OF,F , ,N,C,50,0,0,0,1754993,5916728
Auckland,29/08/2014,Fri,757,GB,SN1C,192B 353B 370B ,,R,D,B ,F ,T,S,C,50,0,1,0,1754988,5916714
Auckland,20/11/2014,Thu,830,FD,CN1CC,181A ,,R,D,BF,F , ,N,C,50,0,0,0,1754957,5916600
Auckland,12/03/2014,Wed,950,GB,BN1C,333A 387B 927 ,,R,D,BF,F ,D,N,C,50,0,0,0,1754907,5916417
Auckland,15/06/2014,Sun,1445,EA,CN1V,129A 350A ,MF,R,D,B ,F ,X,S,C,50,0,0,1,1755013,5916801