TLANAME,CRASHDATE,CRASHDOW,CRASHTIME,MVMT,VEHICLES,CAUSES,OBJECTSSTRUCK,ROADCURVE,ROADWET,LIGHT,WTHRa,JUNCTYPE,TRAFCTRL,ROADMARK,SPDLIM,CRASHFATALCNT,CRASHSEVCNT,CRASHMINCNT,EASTING,NORTHING
Auckland,25/07/2014,Fri,2320,EA,CS1C,112A 129A 514A ,GHM,R,W,DO,F , , ,X,50,0,0,0,1754718,5915736
Auckland,26/05/2014,Mon,1815,FD,CS1CC,112A 181A 331A 359A ,,R,D,DO,F ,X,S,C,50,0,0,0,1755013,5916801
Auckland,01/05/2014,Thu,1545,KA,CN1C,308B 929 ,,E,D,B ,F ,D,N,C,50,0,0,0,1754746,5915836
Auckland,15/02/2014,Sat,728,EC,CE1C,363A 645A 902 ,M,E,D,B ,F , , ,C,50,0,0,0,1755492,5917826
Auckland,07/06/2014,Sat,2218,MO,BN1C,385A ,M,R,D,DO,F ,X,T,C,50,0,0,0,1755151,5917289
Auckland,06/08/2014,Wed,715,FD,CN14C,181A 181B ,,R,W,O ,L , , ,C,50,0,0,0,1754077,5914512
Auckland,21/08/2014,Thu,1830,FD,CN1CCC,181A ,,R,D,DO,F , ,N,C,50,0,0,1,1754687,5915511
Auckland,07/01/2014,Tue,1230,NB,CN1E,306A 376A ,,R,D,O ,F , , ,X,50,0,0,1,1754715,5915675
Auckland,05/09/2014,Fri,1342,MF,TN1C,330A 371A 671A ,,E,D,B ,F , , ,P,50,0,0,0,1754717,5915666
Auckland,12/08/2014,Tue,1725,LB,CS1C,303B 377B ,,R,D,OF,F ,T,N,C,50,0,0,0,1754946,5916560
Auckland,29/03/2014,Sat,1120,LB,MN1C,303B 314B 375B ,,R,D,B ,F ,X,S,C,50,0,0,1,1755125,5917198
Auckland,22/07/2014,Tue,1715,JA,CN1C,308B 382B 925 ,,R,D,BF,F ,D,N,C,50,0,0,0,1754826,5916123
Auckland,26/05/2014,Mon,950,AC,CN1C,330A 372A ,,R,D,O ,F , , ,C,50,0,0,0,1754444,5915130
Auckland,22/10/2014,Wed,1900,MA,CS1C,373B ,,R,D,BF,F , ,N,C,50,0,0,0,1754435,5915117
Auckland,08/07/2014,Tue,1945,LB,VS1C,202B 303B 903 ,,M,W,DO, S,X,T,C,50,0,0,0,1754452,5915142
Auckland,20/03/2014,Thu,1740,JA,CS1C,302B 375B ,,R,D,BF,F ,T,G,C,50,0,0,0,1755698,5917864
Auckland,19/07/2014,Sat,1320,FD,CS1C,331A 352A ,,R,D,BF,F ,X,S,C,50,0,0,0,1754796,5916016
Auckland,14/01/2014,Tue,1155,HA,CS14,301B 387B ,,R,D,BN,F ,X,S,C,50,0,0,1,1755100,5917107
Auckland,24/09/2014,Wed,833,LB,MN1C,101A 303B 377B ,,R,D,B ,F ,T,G,P,50,0,0,1,1755242,5917615
Auckland,28/05/2014,Wed,1811,LB,PN1C,158A 209A 314B ,,E,D,DO,F ,T,G,C,50,0,0,0,1755242,5917615
Auckland,24/12/2014,Wed,1027,BE,XS1CCC,410A 197C ,M,E,D,B ,F , , ,P,50,0,1,0,1754317,5914947
Auckland,15/02/2014,Sat,1126,CB,CN1,101A 129A ,P,R,D,BF,F ,T,S,P,50,0,0,1,1754793,5916006
Auckland,13/05/2014,Tue,2318,CC,CS1,130A ,FI,R,W,DO,L , , ,R,50,0,0,0,1754190,5914675
Auckland,14/04/2014,Mon,1513,PO,CN1E,512A ,,R,D,OF,F , ,N,C,50,0,0,1,1754190,5914675
Auckland,02/02/2014,Sun,1900,AA,CS1C,372A ,,R,D,TO,F , , ,C,50,0,0,0,1754923,5916475
Auckland,09/11/2014,Sun,2105,FE,CN1C,331A ,,R,D,TO,F ,X,T,C,50,0,0,0,1754916,5916451
Auckland,04/11/2014,Tue,1740,JA,CN1C,308B 314B 377B 929 ,,R,D,BF,F ,D,N,C,50,0,0,0,1754912,5916437
Auckland,28/01/2014,Tue,715,NB,CN1E,712B 713B 718B ,,R,D,BF,F ,X,T,C,50,0,1,0,1754917,5916456
Auckland,09/08/2014,Sat,1020,HA,CE2CC,322A 334A ,,R,D,B ,F ,X,T,R,50,0,0,2,1754917,5916456
Auckland,05/03/2014,Wed,1800,FF,CN1C,197B ,,R,D,BF,F ,X,T,C,50,0,0,0,1753966,5914354
Auckland,03/10/2014,Fri,1730,LB,CS1C,303B 375B ,,R,D,B ,F ,X,G,C,50,0,0,0,1754988,5916714
Auckland,08/12/2014,Mon,1500,FA,4N1S,181A ,,R,D,B ,F ,X,G,C,50,0,0,1,1755351,5917760
Auckland,05/06/2014,Thu,825,NA,CN1E,306A ,,E,D,B ,F , , ,X,50,0,0,1,1755378,5917782
Auckland,08/11/2014,Sat,1925,KB,CN1V,301B 363B 375B 902 ,,R,D,TO,F ,T,S,P,50,0,0,0,1755347,5917757
Auckland,26/06/2014,Thu,1801,LB,SS1C,209A 303B 377B 801 ,,R,W,DO,L ,T,S,C,50,0,0,1,1755347,5917757
Auckland,15/11/2014,Sat,2127,FD,CN14C,181A ,,R,D,DO,F ,T,N,C,50,0,0,0,1755130,5917217
Auckland,24/08/2014,Sun,1937,JA,CN1C,103B 302B ,F,R,D,DO,F ,T,G,C,50,0,0,0,1752861,5876894
Auckland,25/12/2014,Thu,325,CB,CW1,130A 410A ,TX,R,D,DN,F , ,N,C,100,0,0,0,1751937,5970339
Auckland,19/08/2014,Tue,1717,DA,CE1,129A ,T,M,W,ON,HS, ,N,C,100,0,0,0,1750938,5970639
Auckland,24/05/2014,Sat,1835,DB,CW1,135A 402A 804 817 ,X,M,D,DN,F , ,N,N,100,0,0,0,1750746,5970696
Auckland,24/05/2014,Sat,2245,DB,CE1,116A 135A 804 817 901 ,V,M,W,DN,H , , ,C,100,0,0,0,1750574,5970681
Auckland,10/06/2014,Tue,1640,HA,CE2T,302A 375A ,,R,W,OF,H ,X,G,C,50,0,0,0,1772981,5913518
Auckland,22/05/2014,Thu,820,NO,LN1E,711B 729B ,,R,D,BF,F , ,N, ,50,0,0,1,1772857,5913682
Auckland,21/10/2014,Tue,1045,MD,TW1C,371B 423B 929 ,,R,D,B ,F ,D,N,N,50,0,0,0,1773824,5913458
Auckland,29/05/2014,Thu,1100,DB,CE1,111A 135A 804 817 ,R,M,D,BN,F , ,N,C,100,0,0,0,1749554,5971113
Auckland,30/04/2014,Wed,1900,EC,CW1,341A 363A 601A 912 ,W,R,D,DN,F , ,N,C,100,0,0,0,1774987,5908788
Auckland,22/05/2014,Thu,1610,CB,ME1,129A 410A ,,R,D,ON,F , ,N,C,100,0,0,1,1774659,5908558
Auckland,28/12/2014,Sun,1913,AO,CE1C,184A 205A ,,R,D,B ,F , , ,P,100,0,0,0,1774018,5908286
Auckland,17/07/2014,Thu,1500,EA,TN1C,129A ,M,R,W,O ,L , , ,N,50,0,0,0,1771543,5911655
Auckland,03/08/2014,Sun,1330,DA,CS1,111A 131A ,FK,E,W,O ,M ,T,N,C,50,0,0,0,1771625,5912038
Auckland,17/06/2014,Tue,710,EA,VE1C,129A ,M,R,W,BF,F , ,N,N,50,0,0,0,1768968,5904805
Auckland,06/05/2014,Tue,1820,MG,CW1C,372B 512B ,,R,D,B ,F ,T,N,C,50,0,0,0,1758660,5918740
Auckland,18/11/2014,Tue,2050,DA,CE1,103A 131A ,C,E,D,DO,F , ,N,C,50,0,0,0,1758776,5918632
Auckland,28/12/2014,Sun,1600,HA,CE1C,301A 375A ,,R,D,B ,F ,X,S,C,50,0,0,0,1755106,5921368
Auckland,13/03/2014,Thu,1901,HA,4E1C,112A 301A 370A ,,R,D,B ,F ,X,S,C,50,0,0,0,1755106,5921368
Auckland,20/06/2014,Fri,1410,BO,TE1C,129A 129B 818 ,,R,D,B ,F , , ,C,50,0,0,0,1754864,5935230
Auckland,02/07/2014,Wed,1458,BO,VE1V,129A ,,R,W,OF,F ,T,G,C,50,0,0,0,1754474,5935416
Auckland,20/06/2014,Fri,1406,BB,TW1C,123A ,,E,D,B ,F , ,N,C,50,0,0,0,1754610,5935321
Auckland,01/05/2014,Thu,1915,GD,CN1C,331A 386A 925 ,,R,D,DO,F ,D, ,C,50,0,0,0,1763219,5908274
Auckland,26/02/2014,Wed,1835,GB,CW1C,387A 929 ,,R,D,BF,F ,D,N,N,50,0,0,0,1747633,5913160
Auckland,14/04/2014,Mon,1030,BO,TN1C,386A ,M,R,D,O ,F , , ,N,50,0,0,0,1755758,5919166
Auckland,12/12/2014,Fri,945,QO,CN14,423A 428A ,M,R,W,OF,L ,T,N,C,50,0,0,1,1758766,5919774
Auckland,03/10/2014,Fri,1538,DA,CS1,131A 402A 632A 801 ,C,E,W,O ,L ,T,N,C,50,0,0,0,1739674,5912082
Auckland,05/07/2014,Sat,1800,BB,VW1C,101A 123A ,,M,W,DO,L , ,N,C,50,0,0,0,1746360,5911025
Auckland,19/07/2014,Sat,821,DA,CS1,131A ,F,M,I,OF,FF, ,N,C,70,0,0,1,1739913,5911683
Auckland,25/10/2014,Sat,1634,DA,CN1,111A 131A ,T,S,D,B ,F , , ,C,70,0,0,1,1739342,5912567
Auckland,28/06/2014,Sat,1028,DA,CN1,131A 404A ,TV,M,W,B ,F , , ,C,70,0,0,1,1740312,5911447
Auckland,27/04/2014,Sun,1230,FD,CS1C,181A ,,R,D,BF,F , ,N,C,50,0,0,0,1744808,5910505
Auckland,11/01/2014,Sat,52,DA,CN1C,103A 111A ,M,E,D,TF,F , ,N,C,50,0,0,0,1745170,5910771
Auckland,31/10/2014,Fri,1025,KB,MN1B,137A 191A 301B 375B ,,E,D,B ,F ,T,S,C,50,0,1,0,1744731,5910388
Auckland,26/07/2014,Sat,1745,DA,CN1,111A 131A 801 ,C,E,W,DN,L , , ,C,80,0,0,0,1737143,5917498
Auckland,17/09/2014,Wed,2030,BF,CW1C,101A 131A 410A ,T,S,W,DN,L ,T,G,C,70,0,0,0,1745870,5911069
Auckland,23/05/2014,Fri,2124,DB,CS1,111A 131A 801 ,T,S,W,DN,L , , ,C,100,0,0,0,1737591,5916407
Auckland,28/04/2014,Mon,1045,DA,CS1,103A 131A ,C,E,D,O ,F , , ,C,100,0,0,0,1737591,5916407
Auckland,09/01/2014,Thu,1813,BB,CS14,129A 404A ,,M,D,OF,F , ,N,C,80,0,1,2,1740939,5910507
Auckland,11/08/2014,Mon,330,DB,CN1,111A 131A 404A ,X,M,W,DN,M , , ,C,100,0,0,1,1740939,5910419
Auckland,13/06/2014,Fri,1229,BF,VS1C,129A 131A 330A ,,M,D,B ,F , , ,C,70,0,0,0,1741241,5910250
Auckland,30/05/2014,Fri,1006,BF,CN1C,129A 134A ,,M,W,OF,M , ,N,C,100,0,0,0,1741628,5910332
Auckland,14/06/2014,Sat,959,JA,4S1C,302B ,,M,D,B ,F ,T,G,N,70,0,0,0,1740581,5911291
Auckland,30/12/2014,Tue,219,DC,CS1,111A 131A 402A ,P,M,D,DN,F , , ,N,80,0,0,0,1747022,5910497
Auckland,19/03/2014,Wed,1450,BC,ME14,111A 129A 402A ,,M,D,BN,F , ,N,L,50,0,0,1,1747059,5910511
Auckland,23/09/2014,Tue,1630,KA,VS2C,302B 330B ,,R,D,O ,F ,T,G,C,50,0,0,0,1751362,5931276
Auckland,25/02/2014,Tue,1254,EA,4S1T,129A 130A ,M,E,D,B ,F , , ,C,50,0,0,0,1751371,5931108
Auckland,22/05/2014,Thu,1530,MO,CW1C,386B 929 ,,R,D,O ,F ,D,N,C,50,0,0,0,1746240,5918714
Auckland,13/06/2014,Fri,2228,DA,CS1,121A 131A 860 ,C,M,D,DN,F , ,N,C,80,0,0,1,1731758,5927193
Auckland,18/10/2014,Sat,933,CB,CS1,138A 191A 353A ,JP,R,D,O ,F , , ,N,100,0,0,0,1747407,5988944
Auckland,21/02/2014,Fri,735,HA,CE1C,301B 375B ,,R,D,B ,F ,X,S,C,50,0,0,3,1746025,5918713
Auckland,07/10/2014,Tue,1035,DB,CW1,111A 131A 514A ,T,S,D,B ,F , , ,C,50,0,0,0,1754430,5944432
Auckland,08/06/2014,Sun,5,DA,CE1,137A ,X,M,D,DN,F , ,N,C,50,0,0,1,1754305,5944151
Auckland,20/09/2014,Sat,30,BB,CS1C,123A 197B 801 818 ,EFT,E,W,DN,L , , ,N,50,0,0,0,1783754,5926681
Auckland,27/06/2014,Fri,8,DA,CS1,104A 111A 131A 801 ,T,E,W,DN,F , , ,C,50,0,0,0,1785532,5926155
Auckland,04/07/2014,Fri,2256,DB,CE2,103A 111A 131A ,IK,R,W,DO,L ,T,N,R,50,0,0,0,1782807,5925816
Auckland,23/11/2014,Sun,1330,MG,CN14,197A 371B ,,R,D,BF,F , ,N,C,50,0,0,0,1785441,5926396
Auckland,09/08/2014,Sat,2350,DA,CS1,103A 131A ,,M,D,DN,F , , ,C,50,0,0,0,1785443,5926277
Auckland,13/06/2014,Fri,1410,DA,TS1,129A 131A 816 ,,S,D,B ,F , , ,C,50,0,0,1,1785138,5926287
Auckland,21/10/2014,Tue,955,HA,CN1C,321B 330B ,,R,D,B ,F ,X,S,R,50,0,0,2,1749366,5913204
Auckland,27/08/2014,Wed,457,JA,CS1C,321B 375B ,,R,D,DO,F ,Y,S,C,50,0,0,0,1749631,5913438
Auckland,25/11/2014,Tue,830,FB,CN1C,181A 353A ,,E,D,O ,F ,T,S,R,50,0,0,1,1749631,5913438
Auckland,04/10/2014,Sat,1525,FB,CE2C,181A 331A ,,E,D,O ,F ,T,S,C,50,0,0,0,1749631,5913438
Auckland,17/02/2014,Mon,51,CC,CE1,103A 359A ,T,R,D,DO,F , ,N,C,50,0,0,0,1748804,5912763
Auckland,22/07/2014,Tue,1013,HA,VN1T,301B 375B ,,R,D,B ,F ,X,S,C,50,0,0,0,1748718,5912713
Auckland,12/10/2014,Sun,29,MO,CN1C,512A 514A 191B 197B ,,R,D,DO,F , , ,R,50,0,0,0,1759976,5925356
Auckland,06/03/2014,Thu,1600,MD,CS1C,308B 371B 929 ,,R,D,B ,F ,D,N,C,50,0,0,0,1757514,5918865
Auckland,15/06/2014,Sun,1550,AO,CS1C,103A 150A ,,R,D,BF,F , ,N,C,50,0,0,0,1757701,5910058
Auckland,12/11/2014,Wed,1631,AC,CE1C,372A ,,E,W,OF,L , ,N,C,80,0,0,0,1763459,5912898
Auckland,24/12/2014,Wed,1740,FD,CE1C,181A ,,R,D,BF,F , ,N,C,100,0,0,0,1763776,5912896
Auckland,29/08/2014,Fri,1310,FE,VN1C,181A ,,E,D,BF,F , ,T,C,80,0,0,1,1762432,5913196
Auckland,15/10/2014,Wed,1202,FE,TN1C,181A 190B ,,R,D,B ,F , ,T,C,100,0,0,0,1762629,5912972
Auckland,23/08/2014,Sat,1808,FD,CN1C,331A 353A 402A ,,R,D,DO,F , ,N,N,50,0,0,0,1762449,5913172
Auckland,15/05/2014,Thu,,KB,CW1C,308B 929 ,,R,D,B ,F ,D,N,N,50,0,0,0,1762330,5917316
Auckland,02/01/2014,Thu,1800,MO,4E1C,370A 371B 927 ,,R,D,B ,F ,D, ,N,50,0,0,0,1731040,5909268
Auckland,30/12/2014,Tue,1430,EA,4W1V,129A 330A ,M,R,D,B ,F , , ,C,50,0,0,0,1731044,5909266
Auckland,13/02/2014,Thu,2154,EA,4W1C,103A 112A 129A ,M,R,D,DO,F , ,N,C,50,0,0,0,1752870,5927092
Auckland,11/10/2014,Sat,2358,EA,CW1C,103A 129A 402A ,M,R,D,DO,F , , ,N,50,0,0,0,1778560,5916530
Auckland,26/07/2014,Sat,1600,EA,CW1C,129A ,M,E,D,B ,F , , ,N,50,0,0,0,1765514,5904492
Auckland,21/01/2014,Tue,1750,KB,CS1C,302B 402B ,,R,W,O ,L ,T,G,C,50,0,0,0,1768750,5881497
Auckland,01/06/2014,Sun,,EA,CN1C,129A ,M,R,D,DO,F ,T,N,N,50,0,0,0,1753159,5927834
Auckland,23/08/2014,Sat,1015,JA,VS1CC,197A 302B 375B ,,R,D,B ,F ,T,G,N,50,0,0,0,1756330,5929438
Auckland,28/01/2014,Tue,1110,MD,CS1C,308B 371B 927 ,,R,D,B ,F ,D, ,C,50,0,0,0,1745543,5917573
Auckland,12/09/2014,Fri,1320,FA,CN1C,181A 353A ,,R,W,O ,L , ,N,C,50,0,0,0,1745486,5917614
Auckland,26/07/2014,Sat,807,HA,CN14,302A 375A 930 ,,M,W,BF,F ,D,G,R,50,0,0,0,1745561,5917550
Auckland,11/10/2014,Sat,2325,DA,VN2,102A 501A ,B,R,W,DO,F ,R,G,R,50,0,0,0,1745568,5917531
Auckland,04/09/2014,Thu,1855,FB,4S1C,103A 331A ,,R,W,DO,L ,R,G,R,50,0,1,1,1745559,5917554
Auckland,09/09/2014,Tue,1151,LB,CW1C,303B ,,E,D,B ,F ,X,S,C,50,0,0,1,1745209,5917870
Auckland,02/12/2014,Tue,1449,HA,CN2C,301A 375A ,,R,D,B ,F ,X,S,C,50,0,0,0,1745209,5917870
Auckland,24/05/2014,Sat,1919,FE,4W1C,103A 331A ,,E,D,DO,F ,T,T,R,50,0,0,0,1745082,5917939
Auckland,15/01/2014,Wed,1624,MO,CS1C,386A 407A 922 ,M,R,D,B ,F ,D,N,C,50,0,0,0,1745324,5917758
Auckland,12/09/2014,Fri,1257,FA,CN1C,181A ,,R,W,OF,F , ,N,R,50,0,0,0,1745371,5917706
Auckland,15/07/2014,Tue,1800,JA,CW1C,103B 302B ,,R,D,DO,F ,T,G,P,50,0,0,0,1745338,5914009
Auckland,19/05/2014,Mon,2346,CC,CE1C,112A 130A 517A ,M,R,D,DO,F , ,N,C,50,0,0,0,1757352,5914600
Auckland,08/12/2014,Mon,1820,KB,CE1C,301B 330B ,,R,D,B ,F ,T,S,C,50,0,0,0,1757410,5914584
Auckland,23/03/2014,Sun,540,CB,CE1,130A 517A ,F,R,D,DO,F , ,N,C,50,0,0,0,1772749,5915092
Auckland,18/03/2014,Tue,1500,MO,CS1C,371A ,M,R,D,BF,F , ,N,C,50,0,0,0,1768528,5900891
Auckland,02/06/2014,Mon,1440,JA,CE1C,308B 375B 929 ,,R,D,BF,F ,D,N,C,50,0,0,2,1772403,5915000
Auckland,11/10/2014,Sat,1450,HA,CW2C,301A 330A ,C,R,D,B ,F ,X,S,C,50,0,0,0,1758802,5912416
Auckland,12/08/2014,Tue,1530,FE,CN1C,181A ,,R,D,BF,F ,X,T,C,50,0,0,0,1758822,5912172
Auckland,22/04/2014,Tue,1056,HA,CW24V4,322A 350A 322B 350B ,,R,D,B ,F ,X,T,C,50,0,0,1,1758822,5912172
Auckland,12/09/2014,Fri,845,EA,VN1C,386A ,M,R,D,B ,F , ,N,C,50,0,0,0,1758768,5912800
Auckland,07/07/2014,Mon,1730,LB,CS1C,303B 375B ,,R,W,DO,L ,X,S,C,50,0,0,0,1758779,5912660
Auckland,15/11/2014,Sat,749,DA,TS1,111A 131A ,B,S,D,BF,F , ,N,N,80,0,0,1,1763574,5912905
Auckland,08/06/2014,Sun,1230,BB,CS1V,123A 130B 197B 927 ,K,R,D,B ,F ,D,S,C,50,0,0,0,1759068,5912193
Auckland,09/12/2014,Tue,1519,MO,CN1C,371A 420A ,M,R,D,B ,F , ,N,N,50,0,0,0,1759176,5910157
Auckland,27/11/2014,Thu,1940,PO,CE1E,129A 357A 720B ,,R,D,O ,F , , ,C,50,0,1,0,1774752,5896039
Auckland,16/05/2014,Fri,1655,FD,VW1VC,331A 363A 902 ,,R,W,TO,L , ,N,C,50,0,0,2,1773196,5895710
Auckland,30/06/2014,Mon,1842,MD,CS1C,308B 371B 929 ,,R,D,DO,F ,D, ,C,50,0,0,0,1773257,5895743
Auckland,17/04/2014,Thu,1550,KB,CN1C,303B 314B 402B ,,R,D,BF,F ,X,S,C,50,0,0,0,1773126,5895671
Auckland,11/12/2014,Thu,1800,MG,4E1V,357B 371B ,,E,D,B ,F , , ,C,50,0,0,0,1772803,5895515
Auckland,05/06/2014,Thu,755,FD,CE1CC,331A 363A 378A 902 ,,R,D,BF,F , ,N,C,50,0,0,1,1773418,5895831
Auckland,18/09/2014,Thu,1637,PD,TE1E,722B 727B ,,E,D,O ,F , ,N,C,50,0,1,0,1775136,5896172
Auckland,14/06/2014,Sat,1054,FD,CW1CC,181A 330A ,,R,D,B ,F ,X,T,C,50,0,0,0,1773042,5895626
Auckland,08/04/2014,Tue,1017,FD,TE1C,181A ,,R,D,BF,F , ,N,C,50,0,0,0,1772990,5895597
Auckland,10/05/2014,Sat,1100,LB,CS1C,103B 303B ,,E,D,B ,F ,T,S,C,50,0,0,1,1773629,5895946
Auckland,30/04/2014,Wed,300,CB,CN1,130A 410A ,P,R,D,DO,F ,M,N,C,50,0,0,0,1765357,5907488
Auckland,10/03/2014,Mon,1330,PO,CS1E,129A 357A ,,R,D,B ,F , , ,P,50,0,0,1,1745331,5914992
Auckland,26/04/2014,Sat,2305,EA,CS1C,103A 129A ,M,R,D,DO,F , ,N,C,50,0,0,1,1745009,5914517
Auckland,30/09/2014,Tue,1322,EA,CN1C,129A 358A ,M,R,D,B ,F , ,N,L,50,0,0,0,1745021,5914533
Auckland,19/07/2014,Sat,2305,CB,CS1,101A 112A 130A ,P,R,W,DO,L , , ,R,50,0,0,0,1744960,5914454
Auckland,01/09/2014,Mon,2128,EA,CS1C,129A ,M,R,W,DO,L , , ,P,50,0,0,0,1745649,5915332
Auckland,04/01/2014,Sat,2240,EA,CN1C,103A 386A ,M,R,D,DO,F , ,N,C,50,0,0,0,1745152,5914706
Auckland,14/12/2014,Sun,1307,CC,CN1,130A 501A ,G,R,D,B ,F , , ,C,80,0,0,1,,
Auckland,19/04/2014,Sat,1615,AA,CS1C,372A ,,R,W,B ,F ,R,G,R,50,0,0,0,1759070,5903825
Auckland,02/07/2014,Wed,1815,DA,CS1C,135A 801 ,,E,W,DO,F ,R,G,R,50,0,0,0,1759070,5903825
Auckland,05/03/2014,Wed,1245,HA,CW2C,302A 387A ,,R,D,BF,F ,R,G,C,50,0,0,0,1759079,5903816
Auckland,03/06/2014,Tue,1730,HA,CW2C,302A 375A ,,R,D,DO,F ,R,G,R,50,0,0,0,1759079,5903816
Auckland,18/02/2014,Tue,759,LB,SN1V,197A 303B 314B 375B ,,R,D,B ,F ,T,S,R,50,0,1,0,1756615,5915130
Auckland,29/06/2014,Sun,1421,CB,CE1,501A ,P,R,D,OF,F ,T,T,R,50,0,0,1,1756528,5927959
Auckland,16/08/2014,Sat,1440,NA,CS1E,387A 105B 929 ,,R,D,O ,F ,D, ,C,50,0,0,1,1756664,5928111
Auckland,08/01/2014,Wed,2134,EA,SS1C,331A 361A ,M,R,D,DO,F , ,N,C,50,0,0,1,1757314,5928839
Auckland,05/07/2014,Sat,1105,BC,CW1C,122A 929 ,,R,D,OF,F ,D,N,C,50,0,0,0,1757165,5928672
Auckland,20/06/2014,Fri,1817,ND,VS1E,711B 724B 862 927 ,,R,D,DO,F ,D, ,C,50,0,0,1,1756499,5927925
Auckland,29/12/2014,Mon,1230,FE,CS1C,181A ,,R,D,B ,F ,X,T,C,50,0,0,0,1756431,5927790
Auckland,03/05/2014,Sat,1311,LB,CS2C,303B 375B ,,E,D,B ,F ,X,T,R,50,0,0,1,1756431,5927790
Auckland,09/07/2014,Wed,24,DC,CW1,111A 402A 514A ,IP,E,D,DO,FS,X,T,R,50,0,2,1,1756431,5927790
Auckland,12/12/2014,Fri,1015,KB,CN1C,929,,R,W,OF,L ,D,N,C,50,0,0,0,1756891,5928365
Auckland,12/09/2014,Fri,730,GD,CN1CC,181A 331A 930 ,,R,W,O ,F ,D, ,C,50,0,0,1,1756790,5928253
Auckland,19/03/2014,Wed,744,MA,CN1C,373B ,,R,D,BF,F , ,N,C,50,0,0,0,1756757,5928216
Auckland,06/01/2014,Mon,1723,PO,4S1E,308A 370A 927 ,,R,D,B ,F ,D, ,C,50,0,1,0,1757074,5928569
Auckland,28/07/2014,Mon,2031,CB,CW1C4,109A 130A ,MH,R,D,DO,F , , ,N,50,0,0,0,1738561,5928936
Auckland,28/02/2014,Fri,1643,MG,CW1C,371B ,,R,D,B ,F ,T,G,N,50,0,0,0,1767113,5904755
Auckland,04/04/2014,Fri,1732,FD,CS1C,181A ,,R,D,BF,F ,R,G,C,50,0,0,0,1767181,5904582
Auckland,01/03/2014,Sat,2041,LB,CW1C,322A 334A ,,R,D,DO,F ,T,T,P,60,0,1,1,1767113,5904755
Auckland,25/01/2014,Sat,400,CB,CW1,112A 130A ,S,R,D,DO,F , , ,N,50,0,0,0,1766332,5900306
Auckland,10/05/2014,Sat,1145,MG,CW1C,371B ,,R,D,BF,F ,X,G,C,50,0,0,0,1766662,5900389
Auckland,27/10/2014,Mon,1400,BF,CN1C,123A 404A 901 ,,M,W,O ,H , , ,C,100,0,0,0,1752627,5971637
Auckland,17/04/2014,Thu,1622,DA,CS1,111A 131A ,V,S,D,ON,F , ,N,C,80,0,0,1,1752635,5971631
Auckland,26/02/2014,Wed,1100,CB,MN1,137A 197A ,,R,D,BF,F ,T,S,C,70,0,0,1,1744696,5910885
Auckland,01/06/2014,Sun,1200,MO,CE1C,386A ,M,R,D,B ,F , , ,N,50,0,0,0,1756649,5927586
Auckland,01/10/2014,Wed,1830,MO,CW1C,352A 371A ,,R,D,TF,F , ,N,N,50,0,0,0,1774388,5896567
Auckland,20/06/2014,Fri,2315,CC,CW1,101A 112A 130A ,P,R,D,DO,F , , ,N,50,0,0,0,1774602,5896581
Auckland,24/08/2014,Sun,143,EA,CS1CC,103A 129A ,M,R,D,DO,F , ,N,C,50,0,0,0,1755266,5920898
Auckland,13/07/2014,Sun,1331,DB,CW1,132A ,V,S,W,ON,L , ,N,C,100,0,0,0,1719214,5950540
Auckland,07/07/2014,Mon,1800,DB,CE1,111A 131A 801 903 ,T,M,W,DN,LS, , ,C,100,0,0,0,1721110,5951287
Auckland,06/09/2014,Sat,909,DA,CS1,111A 131A ,G,E,D,O ,F , , ,C,80,0,0,0,1755338,5921789
Auckland,17/11/2014,Mon,1333,DA,CS1,131A ,G,E,W,OF,L , ,N,N,80,0,0,0,1755377,5921915
Auckland,11/05/2014,Sun,800,EA,CE14,386A ,M,R,D,DO,F , ,N,N,50,0,0,0,1746394,5919695
Auckland,03/05/2014,Sat,1815,DC,CW1,103A 335A ,F,R,D,DO,F ,T,S,R,50,0,0,0,1770090,5900148
Auckland,23/06/2014,Mon,1830,EA,CS1VEE,129A ,M,R,D,DO,F , , ,P,50,0,1,1,1765037,5906850
Auckland,02/10/2014,Thu,1445,JA,CS1X,308B 375B 839 929 ,,E,D,O ,F ,D,N,C,50,0,0,0,1764652,5905978
Auckland,26/01/2014,Sun,1942,DA,CN1,110A 131A ,F,M,W,TO,F , ,N,C,50,0,0,0,1764579,5906120
Auckland,30/10/2014,Thu,2232,MO,CS1C,510A 691A 402B 512B 514B ,,M,D,DO,F ,R,G,C,50,0,0,0,1764693,5906459
Auckland,18/09/2014,Thu,805,EE,CW2M,525A ,Q,R,D,BF,F ,T,G,P,50,0,0,0,1764698,5905890
Auckland,16/09/2014,Tue,700,KA,CE1C,308B 375B 929 ,,R,W,O ,F ,D,N,C,50,0,0,0,1765205,5906976
Auckland,23/07/2014,Wed,859,FD,CE1CCV,501A ,,R,D,B ,F ,T,T,C,50,0,0,0,1765429,5907110
Auckland,16/11/2014,Sun,1604,JA,CW1C,308B 402B 927 ,,R,D,B ,F ,D,N,C,50,0,0,0,1765438,5907116
Auckland,06/11/2014,Thu,2210,EA,CW1C,103A 129A ,M,R,D,DO,F , ,N,C,50,0,1,0,1764872,5906671
Auckland,26/10/2014,Sun,1640,EA,CS1C,129A ,M,R,D,BF,F , ,N,P,50,0,0,0,1764846,5906640
Auckland,11/02/2014,Tue,1252,EC,TN1,686A ,P,R,D,BF,F ,T,G,R,50,0,0,0,1759845,5922763
Auckland,30/04/2014,Wed,742,FD,CW1C,331A ,,E,D,B ,F , , ,L,50,0,0,0,1759569,5918553
Auckland,29/04/2014,Tue,1850,HA,CN2C,302A 375A ,,R,D,DO,F ,R,G,R,50,0,0,0,1759320,5918683
Auckland,09/03/2014,Sun,857,AO,BW1C,381A 671A ,,E,D,BF,F ,X,G,R,50,0,0,0,1759343,5918685
Auckland,01/08/2014,Fri,915,GD,CW1C,181A 197A 386A 930 ,,R,D,O ,M ,D,N,C,50,0,0,0,1759826,5918594
Auckland,22/01/2014,Wed,2130,EA,CW1C,129A 330A ,M,R,D,DO,F , , ,N,50,0,0,0,1773370,5895357
Auckland,20/02/2014,Thu,718,MC,ME1C,372B 375B ,,R,D,BF,F , ,N,C,50,0,0,1,1757623,5920654
Auckland,18/10/2014,Sat,150,EA,CW1C,103A 129A ,M,E,D,DO,F ,T,G,C,50,0,0,0,1757623,5920654
Auckland,19/12/2014,Fri,1805,ND,XE1E,711B ,,R,D,B ,F ,T,N,C,50,0,0,1,1757532,5920693
Auckland,03/11/2014,Mon,1625,EA,CE14,181A 331A 358A ,M,E,D,B ,F , , ,C,50,0,0,0,1757829,5920631