TLANAME,CRASHDATE,CRASHDOW,CRASHTIME,MVMT,VEHICLES,CAUSES,OBJECTSSTRUCK,ROADCURVE,ROADWET,LIGHT,WTHRa,JUNCTYPE,TRAFCTRL,ROADMARK,SPDLIM,CRASHFATALCNT,CRASHSEVCNT,CRASHMINCNT,EASTING,NORTHING
Auckland,14/08/2014,Thu,840,AB,TW1C,129A ,,R,D,O ,F , , ,N,50,0,0,0,1754430,5916218
Auckland,28/04/2014,Mon,1830,AC,CN1C,381A ,,E,D, F,F ,R,G,R,80,0,0,0,1748572,5945368
Auckland,28/06/2014,Sat,1736,CC,CN1,102A 133A 800 ,E,R,W,TO,F , , ,N,80,0,0,0,1748613,5945455
Auckland,27/12/2014,Sat,1200,GC,CE2C,330B 387B ,,R,D,BF,F ,R,G,R,70,0,0,0,1748563,5945377
Auckland,14/03/2014,Fri,1220,FF,CE2T,191B ,,E,D,OF,F ,R,G,R,50,0,0,0,1748585,5945414
Auckland,22/04/2014,Tue,1126,DB,TS1,136A 631A ,G,E,D,OF,F , ,N,C,50,0,0,0,1748819,5945443
Auckland,07/03/2014,Fri,1100,AC,VW1C,372A 381A ,,R, , F,  , ,N,C,50,0,0,0,1750693,5946699
Auckland,18/12/2014,Thu,930,MC,TE1T,372B ,,M,D,O ,F ,M,T,R,50,0,0,0,1750709,5946689
Auckland,19/12/2014,Fri,1320,FB,CE1C,181A ,,R,D,BF,F ,X,G,C,50,0,0,0,1750709,5946689
Auckland,17/04/2014,Thu,1430,FB,CS1C,181A 331A ,,R,D,B ,F ,T,S,C,50,0,0,0,1749948,5946088
Auckland,26/07/2014,Sat,1659,AC,CN1C,372A ,,R,D,O ,F , , ,R,50,0,0,0,1750103,5946501
Auckland,22/08/2014,Fri,1740,FB,CE1C,181A 350A ,,R,D,TO,F ,R,G,P,50,0,0,1,1750053,5946437
Auckland,17/04/2014,Thu,1242,DA,CW1,130A 354A 402A 818 ,P,E,D,B ,F , , ,C,70,0,0,1,1742273,5916766
Auckland,11/10/2014,Sat,2200,DB,CN1,101A 111A 130A 197A ,FV,M,D,DN,F ,T,G,C,50,0,1,1,1742427,5917119
Auckland,26/03/2014,Wed,830,EA,TW1C,129A ,M,R,D,BF,F , ,N,C,50,0,0,0,1762431,5912858
Auckland,26/05/2014,Mon,1517,EC,CS1,129A 358A ,G,R,D,BN,F , ,N,R,50,0,0,0,1757718,5923818
Auckland,12/09/2014,Fri,1635,FA,CE1C,181A 386A 927 ,,R,W,O ,F ,D,N,C,50,0,0,0,1766978,5910344
Auckland,16/02/2014,Sun,2220,MO,CW1,103A 112A 130A ,T,R,D,DO,F , , ,C,50,0,0,0,1770172,5901241
Auckland,04/10/2014,Sat,2231,CC,CN1,101A 112A 130A 801 ,P,R,W,DO,L , , ,C,50,0,0,0,1762657,5905871
Auckland,28/09/2014,Sun,640,DA,CN1,104A 111A 131A 801 ,FP,M,W,O ,L , , ,C,50,1,0,0,1762635,5905884
Auckland,28/09/2014,Sun,640,DA,CN1,104A 111A 131A 801 ,FP,M,W,O ,L , ,N,C,50,0,1,0,1762635,5905884
Auckland,24/08/2014,Sun,1615,NA,CS1E,712B 713B ,,R,D,B ,F , , ,C,50,0,0,1,1770075,5915706
Auckland,26/05/2014,Mon,1535,FA,CS1C,181A 351A ,,R,D,B ,F , ,N,C,50,0,0,0,1770097,5915727
Auckland,08/02/2014,Sat,1505,FA,CE1C,112A 181A ,,R,D,B ,F , ,N,C,50,0,0,0,1760289,5907067
Auckland,31/10/2014,Fri,850,FD,CW1C,331A ,,R,D,O ,F , , ,C,50,0,0,0,1768638,5909748
Auckland,21/08/2014,Thu,1738,AO,CE1C,381A ,,E,D,BF,F , ,N,P,60,0,0,0,1769670,5909897
Auckland,15/10/2014,Wed,1100,FA,VW1C,181A 330A 929 ,,R,D,B ,F ,D, ,C,50,0,0,0,1768863,5909735
Auckland,03/03/2014,Mon,845,LB,CW1CC,303B ,,R,D,B ,F ,T,G,C,50,0,0,0,1768913,5909733
Auckland,18/03/2014,Tue,1528,AO,CW1C,120A 120B ,,R,D,BF,F ,T,T,C,60,0,0,0,1769953,5909842
Auckland,05/06/2014,Thu,442,DC,CE2,111A 131A ,F,E,D,DO,F ,T,G,C,50,0,0,0,1766216,5900825
Auckland,25/01/2014,Sat,2311,EA,CW1C,129A 130A ,M,R,D,DO,F , ,N,P,50,0,0,0,1745264,5913277
Auckland,10/03/2014,Mon,1745,CC,CN1,504A 692A ,,R,D,B ,F , ,N,C,50,0,0,1,1772519,5912616
Auckland,20/05/2014,Tue,2345,DA,CS1,104A 403A 423A 929 ,H,E,D,DO,F ,D, ,N,50,0,0,0,1769802,5916828
Auckland,03/04/2014,Thu,1325,MO,CS1C,371A 929 ,M,R,D,O ,F ,D,N,N,50,0,0,0,1769864,5916758
Auckland,17/12/2014,Wed,1335,DB,CS1,111A 131A ,T,M,W,O ,F , ,N,L,100,0,0,1,1719323,5948197
Auckland,06/02/2014,Thu,300,DA,CS1,111A 410A ,FT,E,D,DN,F , ,N,C,100,0,0,0,1724587,5943889
Auckland,09/07/2014,Wed,701,DB,CS1,131A 350A 801 ,PVX,E,W,DN,L , , ,C,100,0,0,1,1724958,5943485
Auckland,25/07/2014,Fri,2018,DA,CN1,131A ,GT,E,W,DN,L , ,N,C,100,0,0,1,1726685,5942923
Auckland,01/09/2014,Mon,1600,CB,CW1,129A 130A ,V,R,D,B ,F , , ,C,100,0,0,0,1721015,5945871
Auckland,23/05/2014,Fri,800,GE,4E1V,144B 929 ,,E,D,OF,F ,D,N,C,100,0,0,0,1723421,5944708
Auckland,06/07/2014,Sun,1807,EC,VS1,912,W,R,D,DN,F , ,N,C,100,0,0,0,1723754,5944534
Auckland,03/01/2014,Fri,832,DA,TN1,129A 131A ,V,M,D,BN,F , ,N,C,100,0,0,1,1717801,5952919
Auckland,09/05/2014,Fri,1815,BF,CN1C,101A 111A 131A 801 ,,S,W,DN,L , , ,C,100,0,1,3,1720847,5945890
Auckland,02/07/2014,Wed,1210,DA,CN1,129A 131A ,V,E,D,O ,F , , ,C,100,0,0,1,1720847,5945890
Auckland,30/08/2014,Sat,1536,BA,CN1C,153A 155A ,,R,W,O ,L ,T,N,L,100,0,0,1,1720337,5946538
Auckland,09/11/2014,Sun,1230,BC,CS1V,121A ,,S,D,BF,F , ,N,C,80,0,0,0,1711728,5961169
Auckland,01/06/2014,Sun,1359,DB,MN1,110A 131A ,V,M,D,B ,F , ,N,C,100,0,1,0,1711801,5960894
Auckland,14/06/2014,Sat,2230,DA,4N1,101A 131A 904 ,EF,E,D,DN,M , , ,N,100,0,0,0,1717922,5952550
Auckland,13/11/2014,Thu,1448,FA,MW1C,181A 331A 350A ,,E,D,B ,F , , ,R,80,0,0,1,1764639,5912993
Auckland,26/08/2014,Tue,1255,AO,CE1T,184A 184B ,,R,D,B ,F , , ,R,80,0,0,0,1764665,5913012
Auckland,01/07/2014,Tue,1840,DB,4E1CC,131A 181B ,,E,W,DO,L , ,N,C,80,0,0,0,1764665,5913012
Auckland,20/10/2014,Mon,1050,DA,VW1,131A 800 ,,M,W,B ,F , , ,R,80,0,0,0,1764866,5913025
Auckland,04/07/2014,Fri,1619,FD,CS1CV,112A 331A 358A ,,R,D,B ,F , , ,C,80,0,0,1,1765006,5913153
Auckland,19/06/2014,Thu,1730,FD,CE1C4,181A ,,R,W,DO,F , ,N,R,80,0,0,0,1764428,5912935
Auckland,28/11/2014,Fri,1800,CA,CE1C4C,112A 130A 402A ,,R,D,B ,F , , ,R,80,0,1,5,1764309,5912928
Auckland,27/06/2014,Fri,2355,DA,CE1,111A 131A 801 ,G,E,W,DO,L , , ,R,80,0,0,0,1764231,5912945
Auckland,24/02/2014,Mon,721,FA,CW1C,330A 358A ,,R,D,BN,F , ,N,C,80,0,0,0,1764185,5912944
Auckland,15/10/2014,Wed,1740,FD,CE1C,110A 331A ,,E,D,O ,F , , ,C,70,0,0,0,1763985,5912936
Auckland,07/11/2014,Fri,1307,LB,CE1C,303B ,,R,D,BF,F ,X,T,C,50,0,0,1,1764475,5912951
Auckland,13/11/2014,Thu,2115,GE,CN2C,171B ,,R,D,O ,F ,X,T,C,50,0,0,0,1764478,5912940
Auckland,03/09/2014,Wed,1959,CB,CW1,410A ,P,R,D,DO,F ,X,T,R,50,0,1,0,1764478,5912940
Auckland,10/04/2014,Thu,2242,LB,CE1C,200B 303B 375B ,,R,W,DO,L ,X,T,C,80,0,0,0,1764475,5912951
Auckland,28/11/2014,Fri,1440,AO,VE1V,129A 330A ,,R,D,O ,F ,X,T,C,80,0,0,0,1764475,5912951
Auckland,08/08/2014,Fri,1400,FE,CW1C,181A ,,R,D,BF,F ,X,T,R,50,0,0,0,1764478,5912940
Auckland,19/07/2014,Sat,830,FE,TE1C,181A 331A ,,R,W,O ,F ,X,T,C,50,0,0,0,1762487,5912768
Auckland,29/12/2014,Mon,1640,AC,CE1C,372A ,,R,D,B ,F , ,N,C,50,0,0,0,1762419,5912702
Auckland,01/04/2014,Tue,1300,FD,CE1V,181A ,,E,D,BF,F , ,N,C,80,0,0,0,1762346,5912635
Auckland,04/03/2014,Tue,1645,FD,CW1C,181A ,,R,D,BF,F , ,N,C,80,0,0,0,1762154,5912528
Auckland,09/06/2014,Mon,940,FE,CW1C,181A ,,R,D,OF,F ,X,T,C,50,0,0,0,1762113,5912508
Auckland,03/09/2014,Wed,703,FD,CW1C,331A ,,E,D,OF,F , ,N,C,80,0,0,2,1762772,5912911
Auckland,23/06/2014,Mon,938,GF,TE1C,381A 671A ,,R,D,BF,F ,M,T,C,50,0,0,0,1762687,5912927
Auckland,03/04/2014,Thu,830,AD,CN1M,110A 150A ,,R,D,B ,F , ,N,C,50,0,0,0,1765001,5913182
Auckland,27/01/2014,Mon,1627,AO,CN1C,158A 381A 372B ,,E,D,BF,F , , ,C,80,0,0,0,1765104,5913360
Auckland,16/03/2014,Sun,844,DB,CS2,131A 801 ,P,E,W,OF,L ,T,T,R,50,0,0,1,1765161,5913389
Auckland,07/06/2014,Sat,345,BB,CN1T,103A 124A ,,E,D,DO,F ,T,G,C,60,0,0,0,1769910,5899366
Auckland,01/02/2014,Sat,1504,LB,CW1C,303B 375B ,,R,D,OF,F ,T,G,P,70,0,0,0,1770314,5899480
Auckland,04/04/2014,Fri,826,BF,CE1C,131A 363A 902 ,,M,D,B ,F , , ,N,50,0,0,1,1753866,5926322
Auckland,06/05/2014,Tue,1015,EO,TW1,686A ,P,R,W,BF,F , ,N,C,50,0,0,0,1764668,5919895
Auckland,09/10/2014,Thu,1115,FB,CE1C,181A ,,R,D,B ,F ,T,S,C,50,0,0,0,1753902,5934309
Auckland,02/12/2014,Tue,721,EA,CE1V,129A 363A 902 ,M,R,D,BF,F , ,N,C,50,0,0,0,1752827,5929060
Auckland,22/05/2014,Thu,1537,DB,CN2,131A ,FH,R,D,BF,F ,T,G,C,50,0,0,0,1752634,5929115
Auckland,25/04/2014,Fri,1900,JO,MS1C,130A 653A 929 ,,E,D,DO,F ,D,N,N,50,0,0,1,1753241,5929165
Auckland,07/02/2014,Fri,915,EA,CS1C,130A 423A ,M,E,D,OF,F ,T,N,C,50,0,0,0,1752904,5929026
Auckland,19/02/2014,Wed,1654,ME,CW1X,371B ,,E,D,O ,F ,T,N,C,50,0,0,0,1753376,5929311
Auckland,18/11/2014,Tue,740,CB,CN1C,353A 385A ,M,R,D,BF,F , ,N,N,50,0,0,0,1759385,5912693
Auckland,26/01/2014,Sun,128,CA,MS1,112A 130A 514A ,,R,D,DO,F , , ,N,50,0,0,1,1754011,5918082
Auckland,22/11/2014,Sat,1039,KA,TS1C,308B 927 ,,R,D,O ,F ,D, ,P,60,0,0,0,1768552,5909406
Auckland,21/04/2014,Mon,1540,FE,CN1C,181A 402A ,,R,D,TF,F ,X,T,P,60,0,0,1,1768623,5909749
Auckland,10/07/2014,Thu,830,MA,CN1C,373B ,,R,D,B ,F ,T,N,C,60,0,0,0,1768352,5908575
Auckland,10/07/2014,Thu,830,FD,CN1C,181A 330A ,,R,D,B ,F ,T,N,P,60,0,0,0,1768352,5908575
Auckland,26/02/2014,Wed,1648,JA,CN1C,308B 314B 377B 929 ,,R,D,BF,F ,D,N,C,60,0,0,0,1768498,5909181
Auckland,05/03/2014,Wed,800,KA,CS1CC,308B 375B 410B 926 ,,R,W,BF,F ,D,T,P,60,0,1,0,1768483,5909118
Auckland,08/01/2014,Wed,1135,HA,4N1CCV,112A 130A 322A ,,R,D,O ,F ,X,T,C,60,0,1,1,1768488,5909142
Auckland,24/01/2014,Fri,849,HA,CN1CS4,322A ,Q,R,D,BF,F ,X,T,C,50,0,0,1,1768488,5909142
Auckland,01/05/2014,Thu,1238,JA,TN1C,308B 314B 353B 927 ,,R,D,B ,F ,D,T,C,50,0,0,0,1768488,5909142
Auckland,26/02/2014,Wed,1559,FD,CN1CCC,331A 353A ,,R,D,BF,F , ,N,C,50,0,0,1,1768465,5909045
Auckland,16/01/2014,Thu,930,MB,VS1V,303B 375B ,,R,D,OF,F ,T,T,P,50,0,0,0,1768412,5908828
Auckland,25/06/2014,Wed,1313,MO,TS14,179A 386A 929 ,,R,D,O ,F ,D,N,C,50,0,0,0,1768599,5909601
Auckland,22/01/2014,Wed,1500,GF,CN1C,381B 927 ,,R,D,O ,F ,D,N,P,60,0,0,0,1768599,5909601
Auckland,20/09/2014,Sat,1253,LB,CN1C,303B 382B ,,R,D,O ,F ,M,G,R,60,0,0,0,1768375,5908669
Auckland,14/04/2014,Mon,500,DB,CN1,111A 135A 801 ,F,S,W,DN,F , ,N,C,80,0,0,0,1750759,5944323
Auckland,24/03/2014,Mon,1920,MO,CW1,363A 371A 902 ,P,R,D,TF,F , ,N,C,50,0,0,0,1755816,5916701
Auckland,16/09/2014,Tue,825,KA,CN1C,308B 929 ,,R,W,OF,H ,D,N,C,50,0,0,0,1757346,5915651
Auckland,12/04/2014,Sat,1405,DA,CS1CC,131A 193A 355A ,,R,D,O ,F ,X,T,C,50,0,0,0,1757372,5915748
Auckland,29/07/2014,Tue,720,JA,VN1C,301B 375B 817 ,,R,D,O ,F ,T,S,C,50,0,0,0,1757106,5914769
Auckland,22/08/2014,Fri,1803,HA,CN1C,301B 375B ,,R,D,DO,F ,X,S,R,50,0,0,1,1757261,5915339
Auckland,28/11/2014,Fri,2213,BE,VS1C,130A 205A ,,R,D,DO,F , , ,C,50,0,0,0,1756984,5914320
Auckland,23/07/2014,Wed,930,KB,CS1C,322A 817 ,,R,D,B ,F ,T,T,N,50,0,0,0,1757192,5915084
Auckland,13/05/2014,Tue,849,FD,MS1C,331A 350A ,,R,D,B ,F , , ,C,50,0,0,1,1757288,5915436
Auckland,13/07/2014,Sun,2047,EA,CN1C,129A ,M,S,W,DO,F , , ,C,50,0,0,0,1765606,5905909
Auckland,25/06/2014,Wed,1000,NA,CW1E,306A 376A ,,R,D,OF,F ,R,G,C,50,0,0,2,1765566,5905865
Auckland,01/09/2014,Mon,1913,NA,CE1E,306A 801 ,,R,W,DO,L ,R,G,X,50,0,0,1,1765556,5905863
Auckland,29/03/2014,Sat,2021,GF,CW1C,129A ,,E,D,DO,F ,R,G,R,50,0,0,0,1765586,5905875
Auckland,06/06/2014,Fri,1355,GD,CW1C,181A 410A ,,R,D,O ,F ,T,N,C,50,0,1,0,1765138,5905799
Auckland,09/03/2014,Sun,2330,CB,CS1,103A 130A 359A ,PT,R,D,DO,F , , ,P,50,0,0,1,1765860,5906266
Auckland,01/04/2014,Tue,1221,LB,CN14,303B ,,R,D,B ,F ,T,G,C,50,0,0,1,1765815,5906203
Auckland,15/10/2014,Wed,845,AC,TW1C,159A 381A ,,R,D,BF,F ,T,G,C,50,0,0,0,1765357,5905829
Auckland,14/09/2014,Sun,1500,MO,CS1C,371A ,M,R,D,B ,F , ,N,C,50,0,0,0,1765219,5905805
Auckland,30/05/2014,Fri,1025,FD,CE1V,410A 414A ,,R,D,O ,F ,T,G,C,50,0,0,0,1765347,5905827
Auckland,13/02/2014,Thu,930,BE,CW1C,130A 501A ,HS,R,D,BF,F ,T,G,C,50,0,0,0,1765492,5905852
Auckland,18/02/2014,Tue,1748,FD,CW1CC,112A 181A 191B 191C ,,R,D,B ,F ,T,N,C,50,0,0,0,1764848,5905777
Auckland,20/01/2014,Mon,2010,MO,CN1M,512A 514A ,,R,D,TO,F , ,N,C,50,0,0,0,1764888,5905780
Auckland,09/09/2014,Tue,1540,FB,CW1C,181A ,,R,D,BF,F ,T,G,C,50,0,0,0,1764838,5905776
Auckland,06/07/2014,Sun,1340,HA,CW1C,322B ,,R,D,B ,F ,X,T,C,50,0,0,0,1764765,5905770
Auckland,03/07/2014,Thu,1706,HA,CW1CE,322B ,G,E,W,O ,L ,X,T,C,50,0,1,0,1764765,5905770
Auckland,02/12/2014,Tue,853,JA,CN1CC,302B ,,R,D,BF,F ,T,G,C,50,0,0,1,1765691,5906028
Auckland,27/02/2014,Thu,1720,JA,CN1C,302B ,,R,D,O ,F ,T,G,C,50,0,0,0,1765691,5906028
Auckland,06/03/2014,Thu,1736,GE,CS1P,157A 160A 333A ,,R,D,B ,F ,T,N,N,50,0,0,1,1758920,5920120
Auckland,08/07/2014,Tue,1310,MC,CS1C,372B ,,R,D,O ,F ,T,G,C,50,0,0,1,1758887,5920232
Auckland,19/02/2014,Wed,1845,QD,CN1C,428A ,M,E,D,TO,F , , ,N,50,0,0,0,1758913,5919396
Auckland,02/03/2014,Sun,1030,EE,CS1C,374B ,M,R,D,B ,F , , ,C,50,0,0,0,1751196,5914979
Auckland,27/04/2014,Sun,1900,KA,SS2C,302B 370B ,,S,D,DO,F ,R,G,R,50,0,0,0,1751177,5915045
Auckland,15/08/2014,Fri,720,EC,CS1C,101A 129A ,M,E,D,DO,F , , ,C,50,0,0,0,1751155,5914485
Auckland,08/09/2014,Mon,57,EA,PS1V,331A 352A 402A ,M,R,D,DO,F , , ,C,50,0,0,1,1751137,5914249
Auckland,04/02/2014,Tue,1045,FA,4N1C,181A 331A 350A ,,R,D,B ,F , , ,C,50,0,0,1,1765464,5918732
Auckland,11/04/2014,Fri,1655,HA,MN1C,301B ,,R,D,O ,F ,X,S,C,50,0,0,2,1765696,5919874
Auckland,23/03/2014,Sun,2130,EA,CN1C,101A 129A ,M,R,D,DO,F , ,N,C,50,0,0,0,1765834,5919581
Auckland,01/03/2014,Sat,740,CC,CN1,130A ,CT,R,D,TF,F , , ,C,50,0,0,1,1765107,5918438
Auckland,27/01/2014,Mon,1305,GE,CW1M,129A 334A ,,M,D,O ,F ,T,T,C,50,0,0,1,1764489,5918149
Auckland,01/05/2014,Thu,754,LB,CE1C,303B 324B ,,E,D,BF,F ,X,T,C,50,0,0,0,1765480,5918745
Auckland,03/12/2014,Wed,1615,GF,BE1C,381A 671A ,,R,D,BF,F ,X,T,C,50,0,0,0,1765480,5918745
Auckland,06/05/2014,Tue,835,GB,CS1C,158B 929 ,,R,D,B ,F ,D,N,C,50,0,0,0,1765315,5918610
Auckland,26/07/2014,Sat,1347,LB,CN1C,303B 352B 375B ,,R,D,B ,F ,M,G,X,50,0,0,2,1765838,5919111
Auckland,11/04/2014,Fri,1800,GF,CW1C,381A ,,E, , F,  ,T,G,C,50,0,0,0,1764489,5918149
Auckland,18/12/2014,Thu,1230,GD,4N1C,331A 355A 929 ,,R,D,B ,F ,D,N,C,50,0,0,0,1765664,5918894
Auckland,04/04/2014,Fri,16,DB,CW2C,101A 111A 131A 801 ,M,E,W,DO,L ,T,G,C,50,0,0,0,1765037,5918379
Auckland,31/10/2014,Fri,1500,CA,CN1C,130A 194A ,,R,D,B ,F , , ,C,50,0,0,0,1765836,5919255
Auckland,22/12/2014,Mon,20,DA,CN1,131A ,F,M,D,DO,F , , ,C,50,0,0,0,1763059,5917601
Auckland,08/02/2014,Sat,1258,DA,CE1,101A 111A 402A ,K,E,W,B ,F ,T,N,C,50,0,0,0,1763035,5917594
Auckland,06/10/2014,Mon,1431,MC,TN1C,197A 330B 372B ,,R,D,O ,F , , ,C,50,0,0,1,1764299,5917645
Auckland,10/02/2014,Mon,2006,JA,CE1C,308B 375B 929 ,,R,W,BF,F ,D,N,L,50,0,0,0,1764105,5917474
Auckland,29/12/2014,Mon,1155,CB,CE1,130A 504A ,KT,R,D,B ,F , ,N,C,50,0,0,0,1763423,5917652
Auckland,09/11/2014,Sun,1829,EA,CE1CC,104A 129A ,M,E,D,B ,F , , ,C,50,0,0,0,1763285,5917662
Auckland,28/11/2014,Fri,1900,BB,CS2C,124A 129B ,,E,D,B ,F ,T,S,C,50,0,0,0,1763324,5917669
Auckland,26/12/2014,Fri,1700,EA,CS1V,129A 358A ,M,R,D,B ,F , , ,C,50,0,0,0,1764472,5917861
Auckland,31/05/2014,Sat,835,DA,MW2,131A ,,E,D,O ,F ,T,G,C,50,0,0,0,1764455,5917836
Auckland,22/06/2014,Sun,1600,FE,CE1CC,331A 500A ,,R,D,BF,F ,T,T,C,50,0,0,0,1762932,5917441
Auckland,07/01/2014,Tue,1250,LB,VS1C,322A ,,R,D,B ,F ,T,T,C,50,0,0,0,1762932,5917441
Auckland,25/05/2014,Sun,1315,LB,SS1C,303B ,,R,D,BF,F ,T,T,C,50,0,0,1,1762932,5917441
Auckland,30/10/2014,Thu,652,EA,CS1CC,129A 358A ,MM,R,D,B ,F , , ,C,50,0,0,0,1764375,5917749
Auckland,21/05/2014,Wed,2316,BA,TS1P,101B 341B ,,R,W,DO,L , ,N,C,50,0,0,1,1764396,5917771
Auckland,04/12/2014,Thu,1500,FC,CW1CC,181A 191B ,,R,D,O ,F , , ,X,50,0,0,0,1763675,5917617
Auckland,16/08/2014,Sat,1918,MO,CW1C,386A ,M,R,D,DO,F , , ,C,50,0,0,0,1762739,5917270
Auckland,12/08/2014,Tue,648,CA,MW1,130A 801 ,,R,W,O ,F ,T,T,C,50,0,0,1,1762717,5917257
Auckland,17/09/2014,Wed,2100,LB,CE1C,322A ,,R,D,B ,F ,T,T,C,50,0,0,0,1762717,5917257
Auckland,05/10/2014,Sun,1025,DA,CN1,133A ,P,R,W,O ,L ,T,T,P,50,0,0,0,1764489,5918149
Auckland,13/04/2014,Sun,720,BE,XW1C,130A 358A ,,R,D,B ,F ,M,T,P,50,0,0,1,1751565,5915247
Auckland,04/06/2014,Wed,1202,EA,CW1C,129A 331A ,M,R,D,BF,F , ,N,C,50,0,0,0,1751351,5915032
Auckland,24/10/2014,Fri,956,EA,CE1CC,129A 358A ,M,R,D,O ,F , , ,P,50,0,0,0,1751276,5915034
Auckland,10/11/2014,Mon,800,LB,ME1CC,303B 377B ,Q,R,D,BF,F ,T,G,P,50,0,1,1,1751291,5915034
Auckland,19/08/2014,Tue,355,DA,CW1,103A 111A 131A ,X,M,D,DO,F , , ,L,50,0,0,0,1751395,5915041
Auckland,16/07/2014,Wed,1605,HA,CW1C,302A 375A ,,M,D,B ,F ,R,G,R,50,0,0,1,1751198,5915037
Auckland,18/01/2014,Sat,1630,FD,CE1C,331A ,,R,D,B ,F , , ,C,50,0,0,0,1751370,5915032
Auckland,27/08/2014,Wed,2337,HA,CW2C,302A 375A ,,R,D,DO,F ,R,G,R,50,0,0,0,1751198,5915037
Auckland,23/01/2014,Thu,1915,PO,CE1E,722B 732B ,,R,D,BF,F , ,N,C,50,0,0,1,1748445,5914853
Auckland,08/11/2014,Sat,1545,MF,CE1C,330B 371B ,,R,D,B ,F , ,N,C,50,0,0,0,1748400,5914874
Auckland,22/01/2014,Wed,1810,GE,4E1C,160A 333A 387A ,,R,D,TF,F ,T,S,C,50,0,0,0,1748124,5914991
Auckland,04/11/2014,Tue,1459,AC,CW1C,330A 372A 402A ,,R,D,O ,F , , ,N,100,0,0,0,1753876,5918248
Auckland,17/07/2014,Thu,1100,FE,MW1C,181A ,,R,D,BF,F ,T,T,N,50,0,0,0,1753826,5918247
Auckland,04/10/2014,Sat,1028,FD,CS1CC,331A 358A 402A ,,R,W,O ,F , , ,P,50,0,0,0,1753810,5917622
Auckland,24/09/2014,Wed,1600,FC,CN1CC,351A 423A ,,R,D,BF,F , ,N,X,50,0,0,2,1753814,5917509
Auckland,24/12/2014,Wed,0,LB,CN1C,136B 303B 631B ,,R,D,DO,F ,T,G,R,50,0,0,0,1753804,5917608
Auckland,30/12/2014,Tue,1505,KA,CE1C,308B 375B 930 ,,R,D,BF,F ,D,N,C,50,0,0,0,1754600,5916553
Auckland,29/10/2014,Wed,1315,FE,CW1C,181A 331A ,,R,W,O ,L ,X,T,C,50,0,0,0,1754646,5916534
Auckland,25/06/2014,Wed,800,AA,CN1C,313A 372A 691B ,,R,D,OF,F , , ,R,50,0,0,0,1753796,5918069
Auckland,25/03/2014,Tue,830,FD,CW1C,181A ,,R, , F,  , ,N,C,50,0,0,0,1754515,5916566
Auckland,28/10/2014,Tue,1820,KA,CW1C,302B 375B ,,R,W,OF,L ,T,G,R,50,0,0,0,1754500,5916570
Auckland,17/01/2014,Fri,2342,FC,CN1C,181A ,,E,D,DO,F ,T,G,X,50,0,0,0,1753837,5918347
Auckland,27/10/2014,Mon,1340,AA,CE14C,372A ,,R,D,OF,F ,X,T,R,50,0,0,0,1754660,5916530
Auckland,25/07/2014,Fri,1405,KA,CW1V,322B ,,R,W,O ,F ,T,T,C,50,0,0,0,1754646,5916534
Auckland,28/08/2014,Thu,750,FD,CN1C,181A ,,R,D,BF,F , ,N,L,50,0,0,0,1753788,5917897
Auckland,20/01/2014,Mon,14,EA,CN1C,102A 129A 402A ,M,R,D,DO,F , ,N,R,50,0,0,0,1753788,5917917
Auckland,14/03/2014,Fri,1500,FD,CS1C,181A ,,R,D,O ,F , , ,C,50,0,0,0,1754219,5916924
Auckland,24/02/2014,Mon,1525,KA,CN1C,308B 922 ,,R,D,B ,F ,D,N,C,50,0,0,0,1754315,5916764
Auckland,10/04/2014,Thu,1530,FD,CN1C,181A 330A ,,R,D,B ,F , ,N,C,50,0,0,0,1754300,5916789
Auckland,05/10/2014,Sun,2030,FE,CS1C,181A ,,R,W,DO,L ,X,T,C,50,0,0,0,1754325,5916746
Auckland,22/10/2014,Wed,1024,MC,CN1C,372B ,,R,D,BF,F , ,N,R,50,0,0,0,1754300,5916789
Auckland,04/10/2014,Sat,1445,EA,CS1C,386A ,M,R,D,B ,F ,X,G,C,50,0,0,0,1754340,5916734
Auckland,05/01/2014,Sun,1600,FE,CN1C,181A ,,E,W,O ,H ,M,T,C,50,0,0,0,1754325,5916746
Auckland,17/07/2014,Thu,2204,HA,4S2C,322B 330B 402B ,,R,D,DO,F ,M,T,C,50,0,0,0,1754325,5916746
Auckland,26/02/2014,Wed,1515,FE,CS1C,181A 334A ,,R,D,B ,F ,M,T,C,50,0,0,0,1754325,5916746
Auckland,19/04/2014,Sat,2000,FE,CS1CC,181A ,,R,D,DO,F ,X,T,C,50,0,0,0,1754002,5917219
Auckland,27/08/2014,Wed,1120,FE,CS1C,181A 331A 358A ,,R,D,B ,F ,X,T,C,50,0,0,0,1753999,5917222
Auckland,31/10/2014,Fri,1123,FE,CS14,181A ,,R,D,BF,F ,X,T,R,50,0,0,0,1753996,5917226
Auckland,25/06/2014,Wed,1800,FE,CN1C,181A ,,R,W,BF,F ,X,T,C,50,0,0,0,1754009,5917211
Auckland,16/03/2014,Sun,1445,AO,CN1C,381A ,,E,D,OF,F ,X,T,C,50,0,0,0,1754009,5917211
Auckland,26/12/2014,Fri,1442,AC,CW1C,372A ,,R,D,BF,F , ,N,R,50,0,0,0,1754903,5916460
Auckland,03/04/2014,Thu,800,AA,CW1T,372A ,,R,D,BF,F , ,N,C,50,0,0,0,1754898,5916461
Auckland,14/02/2014,Fri,1313,FD,4E1CC,181A 350A ,,R,D,O ,F , ,N,C,50,0,0,0,1754888,5916464
Auckland,21/01/2014,Tue,940,AO,BE1V,129A 386A ,,R,D,B ,F ,X,T,C,50,0,0,0,1754917,5916456
Auckland,13/05/2014,Tue,1515,MG,CE1C,371B ,,E,D,B ,F ,X,T,C,50,0,0,0,1754917,5916456
Auckland,06/03/2014,Thu,1847,DA,CW2,103A 111A 131A ,G,M,D,BF,F ,M,T,P,50,0,0,0,1753826,5918247
Auckland,30/08/2014,Sat,2345,JA,CS1C,322A 322B ,,E,D,DO,F ,X,T,C,50,0,0,0,1753826,5918247
Auckland,17/06/2014,Tue,1146,JA,CS1C,322A 334A ,,R,W,OF,L ,X,T,C,50,0,0,0,1753826,5918247
Auckland,19/04/2014,Sat,538,HA,CW2C,322B 350B ,,R,D,DO,F ,X,T,C,50,0,0,0,1753826,5918247
Auckland,12/04/2014,Sat,810,JA,4S1C,322A ,,R,D,BF,F ,X,T,C,50,0,0,1,1753826,5918247
Auckland,05/03/2014,Wed,1441,FE,CN1CC,331A 353A ,,R,D,BF,F ,X,T,R,50,0,0,1,1753826,5918247