TLANAME,CRASHDATE,CRASHDOW,CRASHTIME,MVMT,VEHICLES,CAUSES,OBJECTSSTRUCK,ROADCURVE,ROADWET,LIGHT,WTHRa,JUNCTYPE,TRAFCTRL,ROADMARK,SPDLIM,CRASHFATALCNT,CRASHSEVCNT,CRASHMINCNT,EASTING,NORTHING
Auckland,18/03/2014,Tue,858,JA,CN1C,301B ,,R,D,B ,F ,T,S,C,50,0,0,0,1754197,5916958
Auckland,03/03/2014,Mon,1230,CA,PW14C,137A 191A 181C ,,R,D,BF,F ,X,S,C,50,0,0,1,1754197,5916958
Auckland,22/12/2014,Mon,1545,FF,CE1C,330A ,,R,D,B ,F ,X,T,C,50,0,0,0,1754400,5916643
Auckland,07/10/2014,Tue,1020,JA,CS1C,308B 927 ,,R,D,B ,F ,D,N,C,50,0,0,0,1758748,5917706
Auckland,14/05/2014,Wed,22,DA,VE1C,103A ,,E,W,DO,L ,T,N,N,50,0,0,0,1757422,5919892
Auckland,29/07/2014,Tue,1505,MA,CE1C,372B ,,R,D,BF,F , ,N,C,50,0,0,0,1757379,5919873
Auckland,14/06/2014,Sat,1810,FA,CS1S,331A 350A ,,R,D,TO,F ,T,G,P,50,0,0,0,1759051,5919348
Auckland,08/10/2014,Wed,1810,AA,VW1C,381A ,,R,D,BF,F , ,N,C,50,0,0,0,1758955,5919294
Auckland,07/04/2014,Mon,945,MA,CN1C,373B ,,R,D,B ,F , , ,C,50,0,0,0,1760391,5916809
Auckland,21/08/2014,Thu,950,JA,CE1C,370A 370B ,,E,D,O ,F ,T,G,C,50,0,0,0,1769392,5881145
Auckland,10/04/2014,Thu,1655,GF,TE1C,158B ,,S,W,O ,L ,T,S,R,50,0,0,0,1769392,5881145
Auckland,18/02/2014,Tue,2245,KA,CE1C,302B ,,E,D,DO,F ,T,G,R,50,0,0,0,1771010,5907878
Auckland,10/06/2014,Tue,755,FD,CW1C,181A ,,R,W,O ,H , , ,P,70,0,0,0,1770025,5908118
Auckland,21/02/2014,Fri,750,FD,CW1CC,181A ,,R,D,BF,F ,T,G,C,60,0,0,0,1770535,5907993
Auckland,11/04/2014,Fri,1900,CA,MW1C4,112A 197A 302B ,,R,D,DO,F ,T,G,P,60,1,0,0,1771250,5907820
Auckland,04/04/2014,Fri,1630,JA,CN1T,303B ,,M,D,B ,F ,T,N,C,50,0,0,0,1752987,5927511
Auckland,07/02/2014,Fri,1934,DA,CW2CCC,111A 131A ,MM,E,D,O ,F ,T,S,C,50,0,0,0,1753282,5927004
Auckland,03/06/2014,Tue,1630,MO,CS1C,371A 929 ,M,E,D,O ,  ,D,N,C,50,0,0,0,1753184,5927221
Auckland,18/12/2014,Thu,834,MC,CS1P,372B ,,R,W,OF,L ,T,T,P,50,0,0,1,1757903,5919725
Auckland,13/11/2014,Thu,1140,LB,BS1C,302B 375B ,,M,W,O ,F ,T,G,P,50,0,0,0,1757973,5919812
Auckland,07/04/2014,Mon,710,NA,CW1E,505B 506B ,,R,D,BF,F , ,N,C,50,0,0,1,1756253,5945101
Auckland,09/05/2014,Fri,1640,JA,MS1C,301B 382B ,,E,W,DO,L ,T,S,C,50,0,0,1,1756275,5944252
Auckland,25/08/2014,Mon,1310,GD,MS1C,181A 387A 402A ,,R,D,O ,F ,T,N,C,50,0,0,1,1756421,5944927
Auckland,16/03/2014,Sun,304,DB,CW1C,103A 110A ,M,M,W,DO,LS, ,N,C,50,0,0,1,1754901,5935662
Auckland,09/03/2014,Sun,2110,EA,VS1CC,103A 129A ,MM,R,D,DO,F , , ,P,50,0,0,0,1763930,5906490
Auckland,22/11/2014,Sat,2340,MA,CS1C,103B 373B ,,R,D,DO,F , ,N,C,50,0,0,1,1763933,5906486
Auckland,08/04/2014,Tue,1100,BF,CN1V,130A 410A ,,R,D,B ,F , , ,P,50,0,0,1,1763956,5906467
Auckland,29/09/2014,Mon,255,CA,CN1CC,112A 130A ,M,R,W,DO,L , , ,P,50,0,0,0,1763994,5906435
Auckland,19/10/2014,Sun,1140,DB,CN1CC,131A 423A ,IMQ,M,D,B ,F , , ,R,50,0,0,2,1763847,5906565
Auckland,03/08/2014,Sun,656,EA,CW1CC,410A ,MM,E,W,TO,L , , ,C,50,0,0,2,1763850,5906562
Auckland,22/10/2014,Wed,1055,MO,VN1C,330A 371A ,M,R,D,B ,F , , ,C,50,0,0,0,1768637,5901085
Auckland,23/06/2014,Mon,0,MO,VS1C,385A ,M,R,D,TO,F , ,N,C,50,0,0,0,1768612,5901060
Auckland,16/06/2014,Mon,500,DA,CS1,103A 131A ,FM,M,D,DO,F ,T,T,C,50,0,0,0,1761513,5913803
Auckland,01/12/2014,Mon,910,EA,CS1C,129A ,M,R,D,BF,F , ,N,C,50,0,0,0,1764609,5905876
Auckland,27/11/2014,Thu,1617,FD,CS1CC,181A ,,R,D,BF,F , ,N,C,50,0,0,0,1764641,5905814
Auckland,30/05/2014,Fri,815,DA,CE2,133A 423A ,F,R,W,OF,L ,T,S,C,50,0,0,0,1764595,5905903
Auckland,25/03/2014,Tue,730,MO,TE1,385A ,S,R,D,BF,F , ,N,C,50,0,0,0,1768611,5901058
Auckland,03/07/2014,Thu,1500,EA,TW1CCC,129A 353A ,M,R,D,B ,F , , ,C,50,0,0,0,1763479,5909637
Auckland,16/09/2014,Tue,1240,MC,CE1C,372B ,,R,D,O ,FF, , ,C,50,0,0,0,1763774,5909820
Auckland,13/10/2014,Mon,1030,EA,VE14,129A ,M,R,D,B ,F ,T,S,C,50,0,0,0,1763732,5909793
Auckland,29/01/2014,Wed,1155,MG,CE1C,330B 423B ,,R,D,B ,F , ,N,C,50,0,0,0,1763708,5909779
Auckland,10/06/2014,Tue,1040,AC,CE1C,372A ,,R,W,O ,L ,T,N,R,50,0,0,0,1761554,5913290
Auckland,28/03/2014,Fri,153,CC,CE1,130A 433A 517A ,F,R,D,DO,F , ,N,C,50,0,0,0,1770836,5898907
Auckland,12/06/2014,Thu,900,FC,CN1C,331A ,,R,D,B ,F , , ,X,50,0,0,0,1768512,5900928
Auckland,05/07/2014,Sat,1950,LB,CN2C,302A 375A ,,R,D,DO,F ,R,G,C,50,0,0,0,1768519,5900901
Auckland,21/06/2014,Sat,1943,KA,CN2C,302B 375B ,,E,D,DO,F ,R,G,R,50,0,0,0,1768519,5900901
Auckland,21/12/2014,Sun,1300,FD,CE1C,181A ,,E,D,B ,F , , ,N,50,0,0,0,1764641,5905815
Auckland,09/11/2014,Sun,1532,EA,CS1V,129A 130A 412A ,M,R,D,O ,F , , ,C,50,0,0,0,1764218,5906245
Auckland,02/08/2014,Sat,500,CB,4N1,103A 130A ,P,R,W,DO,F , , ,C,50,0,0,0,1764191,5906267
Auckland,17/12/2014,Wed,1702,JA,CE1C,308B 375B 402B 927 ,,R,W,OF,L ,D,N,P,50,0,0,0,1761607,5913669
Auckland,30/10/2014,Thu,600,DB,4N1V,131A ,M,M,W,DN,L , ,N,C,50,0,0,0,1761660,5913623
Auckland,19/09/2014,Fri,1915,AO,CS1C,381A ,,R,D,TN,F , ,N,C,50,0,0,0,1764659,5905780
Auckland,23/06/2014,Mon,1745,FD,CS1CC,331A 358A ,,R,D,DO,F , , ,C,50,0,0,0,1764622,5905851
Auckland,13/11/2014,Thu,755,FB,CN1C,181A 330A ,,E,D,O ,L ,T,G,P,50,0,0,0,1764673,5905766
Auckland,21/12/2014,Sun,500,JA,CN1C,322A 330A ,,R,W,DO,F ,T,T,C,50,0,0,0,1764673,5905766
Auckland,29/06/2014,Sun,1400,DA,CE2,131A ,H,R,D,BF,F ,T,G,C,50,0,0,0,1755616,5912659
Auckland,09/08/2014,Sat,200,DA,CS1,131A ,P,R,D,DO,F ,T,N,N,50,0,0,0,1759670,5906835
Auckland,18/03/2014,Tue,1309,CC,CS1,130A 433A 517A ,T,R,D,BF,F , ,N,C,50,0,0,0,1752542,5915450
Auckland,30/04/2014,Wed,1130,MG,CE14,371B ,,R,D,BF,F , ,N,C,50,0,0,0,1752491,5915392
Auckland,01/05/2014,Thu,806,EA,CE1C,129A 363A 902 ,M,R,D,BF,F , ,N,N,50,0,0,0,1774526,5896986
Auckland,08/06/2014,Sun,700,DB,CW1,111A 517A ,F,M,W,DN,L ,T,N,C,50,0,0,0,1774506,5896980
Auckland,18/08/2014,Mon,954,KB,CS1C,308B 927 ,,R,D,O ,F ,D,N,C,50,0,0,0,1750338,5914529
Auckland,30/06/2014,Mon,1220,CC,CN1,130A 402A 501A ,F,R,W,OF,L , , ,C,50,0,0,0,1750380,5914482
Auckland,19/03/2014,Wed,1720,FD,CW1C,181A ,,R,D,BF,F , ,N,C,50,0,0,0,1754203,5914193
Auckland,16/08/2014,Sat,1320,FD,CN1C,181A 331A 402A ,,R,D,O ,F ,T,S,C,50,0,0,0,1754228,5914176
Auckland,01/10/2014,Wed,1430,AC,CN1C,372B ,,R,D,B ,F , ,N,C,50,0,0,0,1754558,5913951
Auckland,30/08/2014,Sat,1203,FD,CN1C,181A ,,E,D,O ,F ,X,G,C,70,0,0,0,1754524,5913973
Auckland,20/11/2014,Thu,1100,FE,CS1T,358A ,,E,D,BF,F ,T,T,R,50,0,0,0,1753681,5914552
Auckland,26/03/2014,Wed,1115,MB,CW1C,303B 375B ,,R,D,BF,F , ,N,C,50,0,0,0,1754609,5913916
Auckland,01/10/2014,Wed,2046,FE,CN1C,181A ,,R,D,OF,F ,X,T,C,50,0,0,0,1754625,5913894
Auckland,30/03/2014,Sun,1035,MO,CE1C,690A ,,R,D,B ,F ,X,T,C,50,0,0,0,1754622,5913907
Auckland,07/04/2014,Mon,1600,HA,CS2C,324B ,,R,D,BF,F ,X,T,C,50,0,0,1,1754625,5913894
Auckland,15/07/2014,Tue,935,MC,CW1C,372B 671B ,,R,D,BF,F , ,N,C,50,0,0,0,1753272,5914844
Auckland,17/02/2014,Mon,1630,CB,CW1CC,410A ,M,R,D,B ,F , , ,C,50,0,0,0,1753304,5914821
Auckland,15/05/2014,Thu,1620,FC,TE1C,181A ,,R,D,OF,F , ,P,C,50,0,0,2,1753394,5914757
Auckland,10/09/2014,Wed,1550,MA,CW1C,373B ,,R,D,BF,F , ,N,C,50,0,0,0,1753272,5914844
Auckland,07/03/2014,Fri,2050,FE,CW1C,181A ,,R,D,DO,F ,T,T,C,50,0,0,0,1753231,5914873
Auckland,16/01/2014,Thu,2254,MC,CW1C,313A 372B ,,R,D,DO,F , , ,P,50,0,0,0,1753933,5914377
Auckland,23/02/2014,Sun,810,JA,CE1C,102A 322A 334A ,,R,D,B ,F ,X,T,C,50,0,0,0,1753966,5914354
Auckland,13/05/2014,Tue,1020,FE,CN14,181A ,,R,D,BF,F ,X,T,P,50,0,0,0,1753966,5914354
Auckland,27/08/2014,Wed,1305,HA,CN2V,322B ,,R,D,BF,F ,X,T,C,50,0,0,0,1753966,5914354
Auckland,20/06/2014,Fri,905,HA,4W1C,322A 334A ,,R,D,B ,L ,X,T,C,50,0,0,1,1753966,5914354
Auckland,30/08/2014,Sat,1845,DA,VS1,111A 131A ,P,M,W,DO,L ,X,T,C,50,0,0,0,1753966,5914354
Auckland,15/02/2014,Sat,1837,JA,CN14,322A 334A ,,R,D,B ,F ,X,T,C,50,0,0,1,1753966,5914354
Auckland,07/09/2014,Sun,1155,KB,CE1C,308B 927 ,,R,D,B ,F ,D,N,C,50,0,0,0,1754404,5914056
Auckland,05/03/2014,Wed,626,PC,TN1E,308A 341A 927 ,,R,D,TO,F ,D,N,C,50,0,0,1,1757040,5916814
Auckland,13/11/2014,Thu,1240,FD,CW1C,331A 350A ,,R,D,BF,F , ,N,C,50,0,0,0,1757090,5916818
Auckland,22/09/2014,Mon,1400,BF,MS2V,129A 131A ,K,R,D,BF,F ,X,T,C,50,0,0,0,1757030,5916813
Auckland,10/11/2014,Mon,1845,JA,CW1C,309B 375B ,,R,D,B ,F ,T,N,R,50,0,0,1,1770770,5908323
Auckland,24/12/2014,Wed,2000,EA,CW14,129A ,M,R,D,DO,F , ,N,L,50,0,0,0,1766384,5907213
Auckland,19/01/2014,Sun,1830,EA,CS1CC,129A 350A ,M,E,D,B ,F , , ,C,50,0,0,0,1770493,5901965
Auckland,31/01/2014,Fri,710,EA,CE14,129A 363A ,M,R,D,BF,F , ,N,C,50,0,0,1,1746244,5918462
Auckland,20/08/2014,Wed,630,DA,CE1,131A 517A ,KT,E,W,TF,L , , ,N,50,0,0,0,1764676,5917291
Auckland,03/05/2014,Sat,1315,EA,BW1C,129A ,M,R,D,OF,F , ,N,N,50,0,0,0,1764676,5917291
Auckland,29/05/2014,Thu,759,AC,CS1C,372A ,,M,D,B ,F ,R,G,C,30,0,0,0,1764012,5913250
Auckland,19/12/2014,Fri,1145,AC,TN1C,372A 671A ,,M,D,BF,F ,T,G,P,50,0,0,0,1757285,5920988
Auckland,07/01/2014,Tue,1730,CC,4E14CC,129A ,MMM,R,D,OF,F ,T,N,C,50,0,0,1,1757096,5920899
Auckland,29/08/2014,Fri,805,DA,CE1,131A 191A 402A ,K,M,D,B ,F ,T,N,C,50,0,0,0,1742974,5916171
Auckland,28/06/2014,Sat,39,DA,CW1,103A 402A ,CV,M,W,DN,L , ,N,C,70,0,0,0,1742381,5916224
Auckland,02/04/2014,Wed,2310,EA,CW1C,410A ,M,R,D,DO,F , , ,C,50,0,0,1,1743731,5916838
Auckland,08/04/2014,Tue,1920,EA,CE14,331A 352A ,M,R,D,DO,F , ,N,C,50,0,0,0,1744433,5917675
Auckland,10/03/2014,Mon,2108,HA,CE1C,302A 375A ,,E,D,DO,F ,R,G,C,50,0,0,0,1743870,5916893
Auckland,27/05/2014,Tue,1916,FD,CS1C,181A 358A ,,R,D,DO,F , , ,C,50,0,0,0,1744689,5917890
Auckland,29/07/2014,Tue,1618,FE,CE1CC,103A 112A 331A ,MF,R,D,B ,F ,T,T,C,50,0,0,1,1744759,5917929
Auckland,27/12/2014,Sat,1300,JA,MN2V,322A 357A ,,R,D,B ,F ,T,T,C,50,0,1,0,1744776,5917939
Auckland,13/06/2014,Fri,1700,AO,CW1V,150A 381A ,,R,D,TF,F , ,N,C,50,0,0,0,1772567,5896861
Auckland,15/02/2014,Sat,930,MO,CW1C,371B 922 ,,R,D,B ,F ,D, ,C,50,0,0,0,1769463,5880404
Auckland,09/09/2014,Tue,1040,MO,CE1,427A 501A 927 ,,M,D,B ,F ,D,N,N,20,0,0,0,1769498,5880410
Auckland,01/09/2014,Mon,710,BB,VN1M,134A 370A ,,R,W,O ,L ,T,G,C,50,0,0,1,1769448,5880402
Auckland,11/06/2014,Wed,1330,EA,TE1C,386A ,M,R,D,B ,F , ,N,C,50,0,0,0,1755239,5920115
Auckland,24/09/2014,Wed,859,MB,CS1C,303B ,,R,D,B ,F ,T,G,P,50,0,0,0,1743605,5917334
Auckland,18/07/2014,Fri,800,EA,CS1C,102A 129A ,M,R,D,BF,F ,T,G,C,50,0,0,1,1743666,5917133
Auckland,01/06/2014,Sun,39,EA,CW1C,103A 129A ,M,R,D,DO,F , ,N,P,50,0,1,0,1743789,5917015
Auckland,31/07/2014,Thu,910,JA,CS1C,302B ,,R,D,B ,F ,T,G,C,50,0,0,1,1743522,5917982
Auckland,09/11/2014,Sun,2100,EA,CE1C,129A ,M,R,D,DO,F , ,N,C,50,0,0,0,1773415,5897450
Auckland,19/03/2014,Wed,1735,EA,CN14,101A 386A ,M,R,D,B ,F , ,N,C,50,0,0,1,1746337,5914971
Auckland,01/04/2014,Tue,1356,LB,CN14,322A 334A ,,R,D,B ,F ,T,T,C,50,0,0,1,1755432,5927366
Auckland,17/02/2014,Mon,530,NA,4N1E,356A 712B 724B ,,R,D,DO,F , ,N,C,50,0,1,0,1755858,5926876
Auckland,16/10/2014,Thu,820,AA,VS1V,184A 381A ,,R,D,O ,F ,T,N,C,50,0,0,0,1755878,5926854
Auckland,23/12/2014,Tue,1430,FB,CS1C,181A ,,E,D,O ,F ,X,G,R,50,0,0,0,1755962,5926779
Auckland,26/05/2014,Mon,1726,MO,PS1C,370A 370B 801 927 ,,R,W,TO,L ,D,N,P,50,0,0,0,1755250,5927562
Auckland,14/02/2014,Fri,1456,MF,CW1T,371B ,,R,D,B ,F ,T,N,C,50,0,0,0,1750563,5926836
Auckland,15/10/2014,Wed,29,CA,CN1,102A 130A 359A 817 ,G,R,D,DO,F , , ,C,50,0,0,0,1755380,5930364
Auckland,23/04/2014,Wed,1635,MA,CS1C,373B ,M,R,D,B ,F , , ,C,50,0,0,1,1755914,5931248
Auckland,30/05/2014,Fri,2100,HA,CW1C,302A 375A ,,R,D,DO,F ,R,G,C,50,0,0,0,1755051,5930062
Auckland,03/08/2014,Sun,907,HA,CN1C,302A 375A ,,R,W,OF,L ,R,G,N,50,0,0,1,1755051,5930062
Auckland,05/03/2014,Wed,2019,JC,CE2C,300A ,,R,D,DO,F ,T,T,P,50,0,0,0,1755414,5930442
Auckland,18/08/2014,Mon,1105,EA,CE1CC,198A ,M,E,D,B ,F , ,N,C,50,0,0,0,1754764,5929868
Auckland,09/09/2014,Tue,2032,DB,CS1,111A 131A ,P,R,W,DO,F ,R,G,R,50,0,0,0,1754707,5929808
Auckland,26/04/2014,Sat,810,EA,CN1C,129A 386A ,M,R,D,O ,F , ,N,C,50,0,0,1,1745695,5915489
Auckland,10/05/2014,Sat,112,DA,CW1,102A 111A ,T,M,W,DN,M , ,N,C,80,0,0,0,1746597,5937229
Auckland,05/08/2014,Tue,1500,DA,CN1,111A 135A 801 ,,S,W,BN,L , ,N,N,80,0,0,0,1745585,5937405
Auckland,18/05/2014,Sun,1915,DA,CN1,103A 131A ,E,E,D,DN,F , , ,C,80,0,0,0,1740372,5920609
Auckland,19/07/2014,Sat,2245,DB,CN1,111A 131A 801 ,FP,E,W,DF,L , , ,C,70,0,0,0,1740304,5920475
Auckland,08/10/2014,Wed,1938,DB,CW1,135A 810 ,E,M,D,ON,F , ,N,C,70,0,0,0,1741085,5921887
Auckland,24/10/2014,Fri,19,CC,CS1,112A 431A ,P,R,W,DO,F , ,N,N,70,0,0,0,1740866,5921465
Auckland,12/01/2014,Sun,807,DA,CN1,111A 131A 402A 801 ,ET,M,W,O ,L , , ,C,80,0,0,1,1740715,5921279
Auckland,26/03/2014,Wed,1111,MC,CS1C,372B ,,R,D,OF,F , ,N,C,70,0,0,0,1741122,5921944
Auckland,16/05/2014,Fri,1015,DB,CN1,111A 134A ,,E,D,B ,F , ,N,C,80,0,0,0,1740284,5920409
Auckland,21/07/2014,Mon,1501,FD,CE1C,181A 331A ,,R,W,OF,F , ,N,C,50,0,0,0,1755406,5933082
Auckland,20/11/2014,Thu,1515,LB,CN1M,302A 375A ,,S,D,BF,F ,R,G,R,50,0,0,1,1753835,5930216
Auckland,22/10/2014,Wed,1201,HA,CE2C,302A ,,E,D,B ,F ,X,G,R,50,0,0,0,1753822,5930211
Auckland,07/10/2014,Tue,1050,GB,CS2C,172A 330A ,,E,D,O ,F ,R,G,C,50,0,0,0,1752589,5933604
Auckland,15/07/2014,Tue,2025,AO,CN1C,158A 357A ,,R,D,DO,F , , ,C,50,0,0,0,1753648,5929965
Auckland,04/07/2014,Fri,1800,EA,CW1C,129A ,M,R, ,DO,F , ,N,C,50,0,0,0,1753582,5929889
Auckland,11/03/2014,Tue,819,JC,CN2V,302A ,,R,D,BF,F ,T,G,C,50,0,0,1,1755069,5931484
Auckland,02/10/2014,Thu,1515,EC,CE1,357A 385A ,I,E,D,O ,F , , ,R,50,0,0,0,1754361,5931153
Auckland,03/11/2014,Mon,1630,KB,CW1C,308B 929 ,,R,D,B ,F ,D,N,C,50,0,0,0,1754753,5931310
Auckland,21/08/2014,Thu,1713,JA,CE1C,301B 375B ,,R,D,OF,F ,T,S,C,50,0,0,0,1754745,5931304
Auckland,17/07/2014,Thu,945,KB,TE1C,302B 375B ,,R,D,BF,F ,T,G,C,50,0,0,0,1754661,5931244
Auckland,27/05/2014,Tue,859,DB,CN1T,129A 363A 902 ,M,E,D,B ,F , ,N,N,50,0,0,0,1753417,5927491
Auckland,09/05/2014,Fri,1900,MA,VW1C,373B ,,E,W,DO,F ,T,N,C,50,0,0,1,1754642,5919008
Auckland,15/11/2014,Sat,1953,KA,BW1C,302B 423B ,,E,W,DO,H ,T,G,R,50,0,0,0,1754188,5918876
Auckland,19/04/2014,Sat,1450,JA,TS1C,302B 375B ,,E,D,BF,F ,X,G,C,50,0,0,1,1754682,5918989
Auckland,09/11/2014,Sun,1230,EE,SS1C,374B ,Q,R,D,BF,F , ,N,R,50,0,1,0,1754863,5918787
Auckland,08/11/2014,Sat,1350,GB,CN1C,312A 330A ,,R,D,B ,F ,T,G,C,50,0,0,0,1754381,5918975
Auckland,11/09/2014,Thu,2010,MO,CE1C,371A ,M,R,D,DO,F ,T,N,C,50,0,0,0,1765734,5906735
Auckland,27/04/2014,Sun,1115,MO,CN1C,372A 386A ,,R,D,B ,F , , ,C,50,0,0,0,1765479,5906637
Auckland,11/11/2014,Tue,1930,DB,4S1,129A 133A ,V,S,W,DN,L , ,N,L,50,0,0,0,1773927,5893638
Auckland,22/01/2014,Wed,1718,DA,CN1,104A 116A 131A 817 ,,S,D,O ,F , , ,N,80,0,0,0,1773927,5893638
Auckland,03/10/2014,Fri,1700,BC,CE1C,121A ,,M,W,O ,LS, ,N,C,100,0,0,2,1773686,5892833
Auckland,05/05/2014,Mon,1409,LB,4S1C,303B ,,R,W,O ,L ,X,G,C,50,0,0,0,1764444,5906690
Auckland,15/12/2014,Mon,1515,BE,CS1C,129A 358A ,,R,D,BF,F , ,N,C,50,0,0,2,1764018,5907209
Auckland,17/06/2014,Tue,1204,GE,VN1C,157A 145B ,,R,W,O ,F ,T,N,C,50,0,0,0,1763987,5907271
Auckland,04/10/2014,Sat,103,BA,CS1C,103A 120A ,M,R,D,DO,F ,T,G,C,50,0,0,0,1764347,5906772
Auckland,13/10/2014,Mon,1600,MO,CN1C,371A ,M,R,D,BF,F , ,N,C,50,0,0,0,1764374,5906750
Auckland,23/12/2014,Tue,1900,KB,CW1C,301B 351B 375B ,,R,D,DO,F ,T,S,N,50,0,0,0,1764533,5906614
Auckland,16/08/2014,Sat,1800,FA,CN1C,331A 359A ,,R,D,TF,F , , ,N,50,0,0,1,1746669,5913917
Auckland,10/02/2014,Mon,1616,NA,CS1E,710B ,,R,D,B ,F , , ,C,50,0,0,1,1743214,5919138
Auckland,28/05/2014,Wed,,HA,CN2P,302A ,,R,D,DO,F ,T,G,C,50,0,0,2,1743253,5919169
Auckland,20/03/2014,Thu,757,JA,CW1C,308B 363B 902 929 ,,R,D,BF,F ,D,N,P,50,0,0,0,1742219,5919014
Auckland,01/03/2014,Sat,1920,EA,TE1C,358A ,M,R,D,OF,F , ,N,C,50,0,0,0,1743322,5919227
Auckland,27/09/2014,Sat,1926,EA,CN1C,103A 129A 330A 801 ,M,R,W,TO,L , , ,C,50,0,0,0,1743089,5919059
Auckland,30/06/2014,Mon,1554,MA,CS1V,373B 402B ,,R,W,O ,F , ,N,C,50,0,0,1,1744034,5918719
Auckland,25/04/2014,Fri,2123,CB,CW1,104A 108A 358A ,ST,R,D,DO,F ,T,N,C,50,0,0,0,1740207,5918886
Auckland,11/06/2014,Wed,1200,EA,CW1C,129A ,M,R,W,OF,H , ,N,C,50,0,0,0,1740782,5918854
Auckland,21/01/2014,Tue,1924,CB,CW1,197A ,P,R,D,BF,F , ,N,C,50,0,0,1,1740526,5918856
Auckland,15/06/2014,Sun,1130,AA,CS2C,381A ,,E, ,BF,  ,R,G,R,50,0,0,0,1743681,5919384
Auckland,27/11/2014,Thu,720,HA,CS2C,302A 375A ,,R,D,BF,F ,R,G,R,50,0,0,0,1743670,5919383
Auckland,11/02/2014,Tue,2100,GB,4N14,181A 387A 142B ,,E,D,DO,F ,R,G,R,50,0,0,0,1743697,5919354
Auckland,11/09/2014,Thu,810,HA,CE1M,302A ,,M,D,BF,F ,R,G,R,50,0,0,1,1743666,5919379
Auckland,05/01/2014,Sun,1135,AC,CN1C,372A ,,R,D,BF,F ,R,G,C,50,0,0,0,1743668,5919381
Auckland,26/03/2014,Wed,1647,GF,BN1C,381A 671A ,,M,D,OF,F ,R,G,R,50,0,0,0,1743697,5919354
Auckland,05/04/2014,Sat,1527,GB,CE1M,172B ,,E,D,B ,F ,R,G,C,50,0,0,1,1743666,5919379
Auckland,20/05/2014,Tue,810,GB,SS1C,372B 671B 929 ,,R,D,B ,F ,D,N,C,50,0,0,0,1744006,5918799
Auckland,05/09/2014,Fri,1813,GC,CN1C,353B 372B 930 ,,R,W,DO,L ,D,N,C,50,0,0,0,1745021,5917777
Auckland,27/10/2014,Mon,2050,FE,VN1C,103A 387A 801 ,,E,W,DO,L ,T,T,C,50,0,0,0,1743921,5919054
Auckland,13/08/2014,Wed,757,AO,CW14,159A 357A 357B ,,R,W,B ,L ,T,T,R,50,0,0,0,1743920,5919059
Auckland,03/01/2014,Fri,1820,AE,CN1C,159A ,,R,D,BF,F , ,N,L,50,0,0,0,1745021,5917777
Auckland,11/07/2014,Fri,512,CB,CE1,410A ,X,R,D,DO,F , ,N,C,50,0,0,1,1744979,5917805
Auckland,16/10/2014,Thu,1606,EA,4E1C,410A ,M,E,D,B ,F , , ,C,50,0,0,1,1742426,5918995
Auckland,11/07/2014,Fri,1820,LB,CN1C,302A 375A 801 ,,M,W,DO,L ,R,G,C,50,0,0,0,1743803,5919226
Auckland,20/03/2014,Thu,840,FF,CW1T,331A ,,R,D,BF,F ,T,S,P,50,0,0,0,1741490,5918931
Auckland,30/06/2014,Mon,1030,FD,4N1C,181A ,,R,W,O ,L , , ,R,50,0,0,0,1743899,5919101
Auckland,20/09/2014,Sat,1142,NF,CN1EE,370A 710B 710C 927 ,,R,D,B ,F ,D,N,P,50,0,0,2,1744552,5918107
Auckland,30/10/2014,Thu,1247,CB,CE1,505A 524A ,P,R,D,B ,F , , ,C,50,0,0,1,1744357,5918263
Auckland,31/05/2014,Sat,1215,FF,VW1C,357A ,,R,D,BF,F , ,N,C,50,0,0,0,1744193,5918409
Auckland,14/06/2014,Sat,1359,LB,CS1TC,303A ,,R,D,B ,F ,T,T,C,50,0,0,0,1744434,5918200
Auckland,11/01/2014,Sat,2245,CA,MN1,103A 133A ,,R,D,DO,F , ,N,C,50,0,0,0,1744729,5917975
Auckland,28/06/2014,Sat,1839,MA,4E1C,373B 375B ,,R,D,DO,F , ,N,P,50,0,0,1,1744696,5917999
Auckland,10/08/2014,Sun,1722,JA,CN1C,322A ,,R,D,OF,F ,T,T,L,50,0,0,2,1744776,5917939
Auckland,18/09/2014,Thu,600,KB,BS1C,322B ,,R,D,BF,F ,T,T,L,50,0,0,0,1744776,5917939
Auckland,01/11/2014,Sat,1425,FE,CS1C,181A ,,R,D,BF,F ,T,T,C,50,0,0,0,1744776,5917939
Auckland,29/03/2014,Sat,2050,FE,CN1C,181A ,,R,D,DO,F ,T,T,C,50,0,0,0,1744776,5917939
Auckland,08/07/2014,Tue,1745,HA,CS2C,302A 375A 402A 901 903 ,,E,W,DO,HS,R,G,R,50,0,0,0,1743701,5919360
Auckland,07/05/2014,Wed,2255,DB,CE1,131A 901 ,T,E,W,DO,H , , ,C,50,1,0,0,1743169,5919100
Auckland,12/12/2014,Fri,1445,AA,TN1C,129A 386A ,,S,D,O ,F ,R,G,C,50,0,0,0,1743668,5919381
Auckland,03/09/2014,Wed,810,GA,CW1M,331A 355A ,,R,D,O ,F ,T,N,C,50,0,0,0,1757233,5920797
Auckland,25/02/2014,Tue,1623,JA,CN1C,308B 353B 377B 925 ,,R,D,BF,F ,D,N,C,50,0,0,0,1754809,5931074
Auckland,01/11/2014,Sat,1940,GE,CE1C,387A 145B ,,R,D,BF,F ,T,N,C,50,0,0,1,1754758,5931121
Auckland,21/08/2014,Thu,1815,CB,CN1T,129A 330A 350A ,M,R,D,DO,F ,T,N,N,50,0,0,1,1755084,5930772
Auckland,08/10/2014,Wed,1640,FO,CS1B,330A 386A ,M,R,D,O ,F , , ,C,50,0,0,0,1755377,5930457
Auckland,07/11/2014,Fri,1835,FB,CE1C,181A 331A 434A ,,R,D,B ,F ,T,S,C,50,0,0,0,1755414,5930442
Auckland,15/05/2014,Thu,2300,EA,CN1C,129A ,M,E,D,DN,F , ,N,C,50,0,0,0,1754717,5931150
Auckland,20/06/2014,Fri,1855,FB,CN1C,181A ,,R,D,DO,F ,T,G,C,50,0,0,0,1754661,5931244
Auckland,24/05/2014,Sat,1244,NA,CN1E,712B 713B 727B ,,R,D,O ,F , , ,L,50,1,0,0,1767197,5899394
Auckland,09/04/2014,Wed,1830,MO,CN1C,386A ,M,R,D,TO,F , , ,C,50,0,0,0,1766947,5899998
Auckland,07/12/2014,Sun,2115,MO,CS1C,371A 929 ,M,R,D,DO,F ,D,N,C,50,0,0,0,1756477,5925161
Auckland,02/12/2014,Tue,1950,FA,VW1S,181A 902 ,,R,D,B ,F , , ,C,50,0,0,1,1763201,5911863
Auckland,24/05/2014,Sat,920,FF,CE1CTC,331A 191B 191C 205D ,,R,D,B ,F , , ,R,50,0,0,0,1763201,5911863