TLANAME,CRASHDATE,CRASHDOW,CRASHTIME,MVMT,VEHICLES,CAUSES,OBJECTSSTRUCK,ROADCURVE,ROADWET,LIGHT,WTHRa,JUNCTYPE,TRAFCTRL,ROADMARK,SPDLIM,CRASHFATALCNT,CRASHSEVCNT,CRASHMINCNT,EASTING,NORTHING
Auckland,16/07/2014,Wed,830,GD,TE1T,331A 363A 922 ,,R,D,BF,F ,D,N,C,50,0,0,0,1763509,5911993
Auckland,15/02/2014,Sat,2320,DA,4W1,103A ,C,E,D,DN,F , ,N,N,100,0,0,0,1757112,5919058
Auckland,14/12/2014,Sun,1313,CB,CN1,112A 130A ,C,R,W,OF,L , ,N,N,80,0,0,0,1757155,5919032
Auckland,27/06/2014,Fri,1440,DA,CN1,111A 131A 801 ,C,M,W,O ,L , , ,N,80,0,0,0,1757243,5918896
Auckland,03/04/2014,Thu,2142,DB,CN1,110A 132A 410A 901 ,G,R,W,DO,H ,Y,N,C,80,0,0,0,1757262,5918872
Auckland,09/12/2014,Tue,1620,AA,VN1T,355A 372A ,,E,D,O ,F ,T,N,P,80,0,0,0,1757262,5918872
Auckland,10/06/2014,Tue,1740,MA,CS1C,371B ,,E,W,DO,L ,M,T,C,50,0,0,0,1757213,5919367
Auckland,14/08/2014,Thu,345,CB,CS1,129A ,CG,R,W,DO,L ,M,G,N,50,0,0,0,1757215,5919382
Auckland,22/04/2014,Tue,745,MO,CN1C,371A ,M,R,D,O ,F , , ,C,50,0,0,0,1757028,5919001
Auckland,15/07/2014,Tue,1304,JA,CN1C,322A 334A ,,R,D,OF,F ,X,T,N,50,0,0,0,1757068,5919082
Auckland,27/10/2014,Mon,1400,AA,CN1C,372A ,,R,D,OF,F ,X,T,C,50,0,0,0,1757068,5919082
Auckland,03/04/2014,Thu,1800,AA,CS1C,381A ,,R,W,DO,L ,X,T,C,50,0,0,0,1757332,5919518
Auckland,02/12/2014,Tue,1738,NA,CN1E,713B ,,R,D,B ,F , , ,P,50,0,0,1,1757355,5919544
Auckland,02/08/2014,Sat,2040,LB,PN1C,303B 377B ,,R,D,DO,F ,T,G,C,50,0,1,1,1757321,5919507
Auckland,21/07/2014,Mon,113,CB,CS1,103A 130A ,C,R,D,DO,F ,X,T,R,50,0,0,0,1757215,5919382
Auckland,11/02/2014,Tue,1634,AO,BS1S,129A ,,M,D,B ,F ,X,T, ,50,0,0,0,1757220,5919391
Auckland,23/03/2014,Sun,700,MC,CS1V,103A 410A 103B 372B 410B ,,R,D,DO,F , ,N,L,50,0,0,0,1757208,5919369
Auckland,07/08/2014,Thu,1830,FE,CS1CC,181A ,,R,D,DO,F ,X,T,C,50,0,0,0,1757215,5919382
Auckland,24/03/2014,Mon,1715,FE,CN1C,181A ,,R,D,BF,F ,X,T,C,50,0,0,0,1757215,5919382
Auckland,16/04/2014,Wed,1830,AC,CN1C,372A ,,R,D,DO,L ,T,T,L,50,0,0,0,1757830,5920089
Auckland,13/03/2014,Thu,2123,FE,CS1CX,181A 423A 181B ,,R,D,DO,F ,X,T,C,50,0,0,0,1757220,5919391
Auckland,12/11/2014,Wed,1225,FD,CN1C,181A 331A ,,R,D,B ,F , , ,C,50,0,0,0,1757225,5919400
Auckland,24/04/2014,Thu,1600,AA,CN1V,372A ,,R,D,OF,F , ,N,C,50,0,0,0,1757202,5919355
Auckland,01/03/2014,Sat,745,AC,CN1C,381A ,,R,D,BF,F ,X,T,C,50,0,0,0,1757215,5919382
Auckland,25/07/2014,Fri,1630,MG,CN1C,371B ,,R,W,DO,F ,T,T,C,50,0,0,0,1757215,5919382
Auckland,31/03/2014,Mon,654,LB,MW2C,303B ,,E,D,DO,F ,X,T,R,50,0,0,1,1756969,5918790
Auckland,30/09/2014,Tue,1630,JA,CE1C,308B 927 ,,R,D,B ,F ,D, ,C,50,0,0,0,1758213,5913344
Auckland,05/12/2014,Fri,2237,AA,CS1C,372A ,,E,D,DO,F ,Y,T,C,50,0,0,0,1756935,5918650
Auckland,22/05/2014,Thu,500,EA,CS1CC,129A 410A ,MP,R,W,DO,F ,T,N,C,50,0,0,0,1757575,5919779
Auckland,27/03/2014,Thu,1805,AO,BN1C,386A ,,R,D,B ,F ,X,T,C,50,0,0,0,1756971,5918800
Auckland,28/08/2014,Thu,856,AA,MN1X,372A ,,R,D,BF,F , ,N,R,50,0,0,0,1756982,5918838
Auckland,05/07/2014,Sat,15,GB,CN1C,172B ,,R,D,DO,F ,X,T,R,50,0,0,0,1756969,5918790
Auckland,26/08/2014,Tue,1020,EA,BS1C,512A ,M,R,D,BF,F , ,N,L,50,0,0,0,1757357,5919546
Auckland,24/09/2014,Wed,1617,JA,CS1X,200A 377A 301B 375B ,,R,D,B ,F ,T,S,C,50,0,0,1,1757330,5919516
Auckland,19/12/2014,Fri,1610,JA,CS1C,322A 334A ,,R,D,B ,F ,X,T,C,50,0,0,2,1757068,5919082
Auckland,26/11/2014,Wed,810,AO,BN1S,129A 208A ,,R,D,B ,F , , ,C,50,0,1,0,1757626,5919848
Auckland,12/05/2014,Mon,845,FD,CW1CV,181A ,,R,D,B ,F , ,N,C,50,0,0,0,1757397,5919592
Auckland,23/04/2014,Wed,2010,LB,CS1C,302B 370B ,,M,D,DO,F ,T,G,R,50,0,0,0,1757417,5919614
Auckland,18/10/2014,Sat,2140,FE,CN1C,331A 901 ,,R,W,DO,H ,X,T,C,50,0,0,0,1758015,5920273
Auckland,12/08/2014,Tue,1820,MO,BS1V,357A 386A 209B ,M,R,D,DO,F , , ,C,50,0,0,0,1757668,5919898
Auckland,23/10/2014,Thu,1226,LB,SN1P,303B 375B ,,R,W,O ,  ,M,T,C,50,0,0,2,1757636,5919862
Auckland,21/05/2014,Wed,1850,AC,CN1C,372A ,,R,W,DO,F ,T,N,C,50,0,0,0,1757427,5919626
Auckland,20/03/2014,Thu,2140,DB,CW1T,131A 502A ,M,M,D,DO,F , , ,N,50,0,0,0,1765652,5902652
Auckland,06/11/2014,Thu,859,GA,CS1CC,181A 331A 181B 801 930 ,,R,W,O ,L ,D, ,C,50,0,0,1,1757083,5927098
Auckland,01/09/2014,Mon,915,FD,CS1C,181A ,,R,W,OF,H , ,N,C,50,0,0,0,1757062,5927120
Auckland,02/02/2014,Sun,1655,FB,CS1C,331A 412A ,,M,D,BF,F ,X,T,P,50,0,0,0,1757222,5926964
Auckland,11/03/2014,Tue,2138,LB,BW1C,303B 375B 402B ,,E,D,DO,F ,X,T,C,50,0,0,0,1757222,5926964
Auckland,15/01/2014,Wed,1621,AA,CN1C,372A ,,R,D,OF,F , ,N,C,50,0,0,0,1756939,5927250
Auckland,05/11/2014,Wed,1700,FD,CN1C,181A 331A 359A ,,R,D,B ,F , , ,C,50,0,0,1,1756981,5927206
Auckland,28/06/2014,Sat,1447,AA,CN1C,372A 671A ,,R,W,O ,H ,T,N,C,50,0,0,0,1756967,5927221
Auckland,30/08/2014,Sat,2200,MO,4N1C,101A 129A 930 ,,R,W,DO,F ,D,N,C,50,0,0,0,1757079,5927102
Auckland,17/12/2014,Wed,1357,LB,4N1CC,314B 377B 927 ,,R,D,O ,F ,D, ,P,50,0,1,0,1756924,5927266
Auckland,17/04/2014,Thu,1110,EC,CS1,821 901 903 ,X,R,W,OF,HS, ,N,C,50,0,0,0,1756997,5927189
Auckland,04/09/2014,Thu,1610,FE,CS1C,181A 331A 801 ,,R,W,O ,L ,X,T,C,50,0,0,0,1756711,5927491
Auckland,12/02/2014,Wed,1650,LB,CN1C,303B 314B 926 ,,R,D,B ,F ,D,T,C,50,0,0,0,1756721,5927480
Auckland,07/03/2014,Fri,1045,AC,BN1V,381A ,,R,D,B ,F , , ,P,50,0,0,0,1756739,5927462
Auckland,03/09/2014,Wed,1740,LB,CS1C,303B 377B 929 ,,R,D,OF,F ,D,N,C,50,0,0,0,1756842,5927353
Auckland,12/09/2014,Fri,720,FE,CN1C,181A 331A ,,S,W,O ,L ,X,T,R,50,0,0,0,1756718,5927483
Auckland,01/03/2014,Sat,1015,FE,VW1S,341A ,,R,D,BF,F ,X,T,N,50,0,0,1,1756718,5927483
Auckland,14/04/2014,Mon,2237,LB,CN1C,303B ,,R,D,DO,F ,X,T,R,50,0,0,0,1756718,5927483
Auckland,10/06/2014,Tue,815,GF,4N1C,381A ,,R,W,OF,L ,X,T,R,50,0,0,0,1756718,5927483
Auckland,14/07/2014,Mon,1640,FB,VN1V,353A 387A ,,R, ,BF,F ,X,G,C,50,0,0,0,1756718,5927483
Auckland,21/08/2014,Thu,1741,FE,CS1C,181A ,,R,D,O ,F ,X,T,C,50,0,0,0,1756718,5927483
Auckland,31/08/2014,Sun,1524,CA,VN1C,130A ,,R,W,O ,F , , ,P,50,0,0,0,1756838,5927357
Auckland,08/05/2014,Thu,2240,CB,CN1,101A 108A ,P,R,W,DO,F , ,N,C,50,0,0,0,1756662,5927543
Auckland,04/06/2014,Wed,826,LB,CN1C,303B 377B ,,R,D,BF,F ,T,T,C,50,0,0,0,1756558,5927651
Auckland,29/03/2014,Sat,1244,DA,CN1C,133A 423A ,IS,E,D,BF,F ,T,T,R,50,0,0,0,1756431,5927790
Auckland,26/11/2014,Wed,1700,LB,CS1C,303B 353B 375B 922 ,,R,D,B ,F ,D, ,C,50,0,0,2,1759008,5903585
Auckland,21/08/2014,Thu,1825,JA,CS1C,308B 377B 839 929 ,,R,D,DO,F ,D,N,C,50,0,0,0,1761334,5916611
Auckland,22/07/2014,Tue,1430,MO,VN1C,371A 386A 929 ,M,M,D,B ,F , ,N,C,50,0,0,0,1761336,5916654
Auckland,21/03/2014,Fri,1800,DA,VN1,111A 131A 813 ,C,M,D,TN,F , , ,N,80,0,0,0,1729833,5922997
Auckland,08/09/2014,Mon,613,DB,CE1,101A 111A 131A ,KP,M,D,DO,F ,T,N,C,50,1,2,0,1746831,5921418
Auckland,11/08/2014,Mon,1341,KB,CE1C,302B 377B ,,R,D,O ,F ,T,G,C,50,0,0,0,1770873,5898680
Auckland,16/02/2014,Sun,1150,BF,CS1C,131A 358A ,,M,D,B ,F , , ,C,50,0,0,0,1748153,5910183
Auckland,18/08/2014,Mon,1900,FD,CW1C,181A ,,R,D,DO,F ,Y,N,C,50,0,0,0,1770067,5899220
Auckland,30/07/2014,Wed,1308,NB,VE1S,312B ,,R,D,OF,F , ,N,R,70,0,1,0,1770066,5899224
Auckland,17/09/2014,Wed,1034,DB,CN1,111A 131A 402A ,G,S,W,O ,F , , ,N,100,0,0,0,1769868,5899258
Auckland,20/05/2014,Tue,315,MO,CS1T,353A 371A 904 ,,R,D,DO,M ,T,G,C,50,0,0,0,1771119,5898999
Auckland,21/04/2014,Mon,1040,DB,CE1,136A 631A ,C,M,D,ON,F , ,N,C,100,0,0,2,1758701,5973629
Auckland,02/01/2014,Thu,,DB,VE1,131A ,,M,D,B ,F , , ,N,100,0,0,0,1760218,5972479
Auckland,06/01/2014,Mon,1450,DA,CS1,103A 131A ,T,S,D,BN,F , ,N,N,100,0,0,0,1760837,5972470
Auckland,18/10/2014,Sat,107,DA,CN1,111A 131A 402A ,V,S,D,DN,F , , ,C,100,0,0,0,1757913,5974318
Auckland,25/10/2014,Sat,1410,FA,CE1C,181A 182B 404B ,,E,D,B ,F ,T,G,N,50,0,0,0,1769948,5917071
Auckland,14/02/2014,Fri,2131,MO,VS1C,371A ,M,E,D,DN,F , ,N,N,50,0,0,0,1743561,5921393
Auckland,25/02/2014,Tue,640,DA,CE1,410A ,J,E,D,B ,F , , ,C,50,0,0,0,1763218,5920425
Auckland,22/11/2014,Sat,2344,DA,CW1,102A 133A 926 ,J,E,W,DO,L ,D,N,C,50,0,0,0,1763079,5920479
Auckland,19/07/2014,Sat,300,CC,CE1,103A 112A ,P,R,D,DO,F , ,N,P,50,0,1,0,1764201,5920226
Auckland,04/12/2014,Thu,1844,DA,CE1V,131A ,M,E,D,B ,F , , ,C,50,0,0,0,1765697,5920168
Auckland,05/08/2014,Tue,1300,EA,CE1C,129A ,Q,R,D,BF,F , ,N,C,50,0,0,0,1765642,5920145
Auckland,15/02/2014,Sat,139,DA,ME1,129A 131A ,,M,D,DO,F , ,N,C,50,0,0,2,1762671,5920820
Auckland,05/09/2014,Fri,1533,BF,CE1C,111A 131A ,,M,W,O ,L , ,N,C,50,0,0,3,1762746,5920796
Auckland,27/01/2014,Mon,1720,GB,SE1C,927,,E,D,BF,F ,D,N,C,50,0,0,1,1762293,5920700
Auckland,25/11/2014,Tue,220,DA,CW1,111A 131A 403A ,T,E,D,DO,F ,T,G,C,50,0,0,3,1762393,5920691
Auckland,07/12/2014,Sun,227,CB,CW1,103A 130A 351A ,P,R,D,DO,F ,T,G,C,50,0,0,1,1762393,5920691
Auckland,06/12/2014,Sat,1315,GB,SW1C,191A 197A 172B 330B ,,R,D,B ,F ,T,G,C,50,0,0,0,1762393,5920691
Auckland,30/06/2014,Mon,1739,HO,CN1S,370A 210B 801 ,,R,W,DO,L , , ,X,50,0,0,1,1762111,5920360
Auckland,29/06/2014,Sun,1500,GB,SS1C,303B 375B 927 ,,R,D,BF,F ,D,N,C,50,0,0,1,1762027,5920541
Auckland,10/04/2014,Thu,1441,FC,4N1C,181A ,,R,D,BF,F , ,N,X,50,0,0,1,1762023,5920561
Auckland,21/06/2014,Sat,250,BA,CS1CC,125A 137B 137C ,SX,R,D,DO,F , ,N,P,50,0,0,0,1762011,5920640
Auckland,12/03/2014,Wed,1655,MB,4S1CC,303B 382B ,,R,D,BF,F , ,N,P,50,0,0,0,1761975,5920100
Auckland,13/11/2014,Thu,1448,BF,CE1CV,130A 504A ,FM,E,D,O ,F , , ,C,50,0,0,1,1764325,5920163
Auckland,25/11/2014,Tue,1825,MA,VW1C,373B ,,R,D,OF,F , ,N,C,50,0,0,0,1763511,5920390
Auckland,05/03/2014,Wed,620,EE,SE1C,330B 374B ,M,R,W,TO,F , ,N,C,50,0,1,0,1761060,5919988
Auckland,09/06/2014,Mon,2030,CB,CW1,130A 402A 801 901 ,KT,R,W,DO,H , , ,C,50,0,0,0,1761156,5920016
Auckland,05/01/2014,Sun,805,MO,VE14C,423A ,MM,R,D,OF,F , ,N,C,50,0,0,0,1761166,5920019
Auckland,14/08/2014,Thu,1750,MC,SE1C,372B 801 903 ,,E,W,TO,LS, , ,C,50,0,0,1,1761257,5920073
Auckland,27/01/2014,Mon,1911,AO,CW1B,129A 363A 902 ,,R,D,B ,F ,T,N,C,50,0,0,0,1760956,5919954
Auckland,04/06/2014,Wed,841,FD,CW14,110A 331A 352A ,,R,D,B ,F , , ,C,50,0,0,0,1760927,5919945
Auckland,05/04/2014,Sat,1810,FD,CE1C,181A 191B ,,R,D,OF,F , ,N,C,50,0,0,0,1760288,5919967
Auckland,16/02/2014,Sun,730,LB,SW1C,303B 375B ,,R,D,O ,F ,T,G,C,50,0,0,1,1760965,5919957
Auckland,11/03/2014,Tue,1224,JA,CW1C,302B 382B ,,R,D,B ,F ,T,G,C,50,0,0,0,1760965,5919957
Auckland,19/07/2014,Sat,1031,JC,CN1C,302A 375A ,,R,D,B ,F ,T,G,R,50,0,0,0,1760965,5919957
Auckland,23/08/2014,Sat,1615,LB,SW1C,303B 377B ,,R,D,BF,F ,T,G,C,50,0,0,1,1760965,5919957
Auckland,23/07/2014,Wed,1906,LB,SW1C,534A 602A 103B 303B 375B ,,R,D,DO,F ,T,G,C,50,0,1,0,1760965,5919957
Auckland,28/10/2014,Tue,2310,DA,CW1,131A 504A ,,M,W,DO,H , ,N,P,50,0,0,1,1761757,5920009
Auckland,10/12/2014,Wed,2259,DA,CW1,104A 111A 131A 901 ,C,M,W,DO,H , , ,P,50,0,0,0,1761731,5920024
Auckland,30/03/2014,Sun,1540,EA,CE1CCC,129A 130A 410A ,M,E,D,B ,F , ,N,R,50,0,0,1,1761675,5920065
Auckland,17/05/2014,Sat,1204,MO,CE1V,385A ,M,R,D,BF,F , ,N,P,50,0,0,0,1761589,5920089
Auckland,14/05/2014,Wed,1300,EA,VW1C,386A ,M,R,D,B ,F ,T,N,C,50,0,0,0,1763328,5920389
Auckland,07/05/2014,Wed,1907,LB,ME1CC,303B 375B 926 ,Q,R,D,DO,F ,D,N,P,50,0,0,1,1763299,5920396
Auckland,15/11/2014,Sat,1620,FD,4E1CCC,181A ,,R,W,OF,L ,T,T,C,50,0,0,0,1763318,5920389
Auckland,28/09/2014,Sun,1100,AC,4W1S,372A ,,R,D,B ,F , , ,C,80,0,0,0,1759416,5920523
Auckland,07/09/2014,Sun,1204,MC,VW1C,372B ,,R,D,B ,F , , ,C,50,0,0,0,1759435,5920521
Auckland,27/06/2014,Fri,1030,AO,CE1C,381A ,,R,D,OF,F , ,N,C,50,0,0,0,1759485,5920515
Auckland,05/06/2014,Thu,1810,EA,CW1C,129A 386A ,M,M,D,TO,F , ,N,C,50,0,0,0,1759515,5920513
Auckland,07/01/2014,Tue,716,NB,BE1E,711B 731B ,,E,D,B ,F , ,N,C,50,0,0,1,1759565,5920511
Auckland,18/02/2014,Tue,1619,EA,CW1CCC,129A 350A ,MMM,E,D,BF,F , ,N,C,50,0,0,2,1759585,5920511
Auckland,16/10/2014,Thu,2110,EA,CE1C,129A 386A ,M,E,D,TO,F , ,N,C,50,0,0,1,1759634,5920503
Auckland,22/06/2014,Sun,1013,EA,ME1C,129A 130A 358A 405A ,M,E,D,B ,F , , ,C,50,0,0,1,1759729,5920472
Auckland,13/05/2014,Tue,801,FD,CN1CC,181A 191B 191C ,,R,D,B ,F , , ,C,50,0,0,0,1759850,5920386
Auckland,18/07/2014,Fri,1400,MC,CS1C,353A 372A 691A 313B ,,E,D,B ,F , , ,C,50,0,0,0,1759903,5920326
Auckland,01/05/2014,Thu,1045,LB,SW1C,331A 353A 303B ,,R,D,O ,F ,T,G,C,50,0,0,1,1765591,5920123
Auckland,03/06/2014,Tue,1530,JA,CW1C,303B 375B 926 ,,E,D,OF,F ,D,N,C,50,0,0,0,1765701,5920170
Auckland,28/03/2014,Fri,1250,KB,CW1C,301B ,,R,D,B ,F ,T,S,C,50,0,0,0,1765664,5920154
Auckland,24/04/2014,Thu,1845,FA,CE1S,129A 873 ,,R,D,DO,F , , ,R,50,0,0,1,1761854,5920033
Auckland,21/10/2014,Tue,1721,MC,MW1C,372B ,,R,D,OF,F , ,N,C,50,0,0,1,1761956,5920087
Auckland,05/02/2014,Wed,1110,JA,SW1X,302B 375B 671B ,,R,D,B ,F ,T,G,C,50,0,0,1,1761831,5920024
Auckland,08/02/2014,Sat,2339,CC,CW1,103A ,K,R,D,DO,F ,T,N,N,50,0,0,0,1754883,5968694
Auckland,03/03/2014,Mon,1300,EA,BE1C,386A ,M,R,D,B ,F , , ,C,50,0,0,0,1765305,5917087
Auckland,22/11/2014,Sat,1840,EA,CE1C,129A ,M,R,D,B ,F , , ,C,50,0,0,0,1766572,5917061
Auckland,18/05/2014,Sun,2223,EA,4W1C,103A 410A ,M,R,D,DO,F , ,N,C,50,0,0,1,1765725,5917009
Auckland,08/04/2014,Tue,2207,DB,CN1,103A 111A 131A ,PT,M,D,DO,F , ,N,C,50,0,1,1,1766940,5917293
Auckland,29/05/2014,Thu,1554,EA,CE1V,129A 357A ,M,R,D,O ,F , , ,N,50,0,0,0,1772495,5894643
Auckland,16/05/2014,Fri,1303,MO,CW1C,371A 929 ,M,R,D,BF,F ,D,N,N,50,0,0,0,1772392,5894626
Auckland,06/08/2014,Wed,1800,DA,CN2,111A 131A ,F,R,D,TO,F ,T,N,N,50,0,0,0,1772535,5894640
Auckland,30/11/2014,Sun,1556,MO,CS1C,371A 929 ,M,E,D,OF,F ,D,N,N,50,0,0,0,1744225,5916090
Auckland,08/06/2014,Sun,221,DA,CN2,130A 357A 524A ,KT,E,D,DO,F ,T,S,C,50,0,0,0,1764540,5919155
Auckland,27/11/2014,Thu,1030,EA,CE1VT,110A 620A ,M,E,D,B ,F , ,N,C,50,0,0,0,1754494,5930076
Auckland,22/09/2014,Mon,1027,FB,CW1C,331A 645A ,,E,W,O ,F ,T,G,R,50,0,0,0,1755000,5929384
Auckland,07/10/2014,Tue,1858,LB,CS1C,322A ,,R,D,O ,F ,T,T,C,50,0,0,0,1755000,5929384
Auckland,04/08/2014,Mon,1353,MO,VN1C,371B 927 ,,E,D,O ,F ,D, ,P,50,0,0,0,1755067,5929283
Auckland,31/10/2014,Fri,1320,MC,CN1C,372B ,,R,D,BF,F ,T,N,N,50,0,0,0,1770812,5911747
Auckland,26/02/2014,Wed,1736,HA,SS2V,204A 352A 375A ,,R,D,BF,F ,T,S,C,50,0,0,1,1772221,5894457
Auckland,01/06/2014,Sun,2139,CC,CS1,103A 112A 137A ,,R,D,DO,F , ,N,C,50,0,0,0,1749154,5928388
Auckland,26/04/2014,Sat,538,EA,4N14,129A 412A 801 ,M,R,W,DO,L , , ,C,50,0,0,0,1749318,5928202
Auckland,02/02/2014,Sun,1940,CC,CN1,130A 358A ,P,R,D,OF,F , , ,C,50,0,0,0,1749424,5928080
Auckland,26/05/2014,Mon,742,DA,TS1,111A 131A ,T,M,W,O ,L ,X,G,C,70,0,0,1,1739222,5924048
Auckland,02/03/2014,Sun,1830,FA,CS1C,181A ,,R,D,BN,F , ,N,C,70,0,0,0,1739091,5923930
Auckland,30/06/2014,Mon,620,DB,TN1,131A 407A 801 ,FP,E,W,DO,L ,T,N,C,50,0,0,0,1739234,5924068
Auckland,02/05/2014,Fri,2115,DB,CW1,103A 111A 131A 514A ,V,S,D,DN,F , ,N,C,70,0,0,0,1740348,5926136
Auckland,16/08/2014,Sat,1115,MG,CN1C,371B ,,R,D,O ,F , , ,C,50,0,0,0,1749756,5911800
Auckland,17/12/2014,Wed,1330,FE,CN1C,181A 331A 901 ,,E,W,O ,H ,X,T,C,50,0,0,0,1764765,5905770
Auckland,07/02/2014,Fri,1145,FB,CW1C,331A ,,R,D,B ,F ,T,N,N,50,0,0,0,1749560,5945448
Auckland,18/06/2014,Wed,1600,FB,TN1C,181A 331A 386A ,,R,D,O ,F ,R,G,C,50,0,0,0,1753262,5933039
Auckland,19/11/2014,Wed,1620,FA,CS1C,181A ,,E,D,OF,F , ,N,C,50,0,0,0,1753245,5933003
Auckland,21/07/2014,Mon,1545,GF,CN1T,129A ,,S,W,O ,F ,R,G,C,50,0,0,0,1753266,5933048
Auckland,07/02/2014,Fri,1600,FA,CN1C,181A ,,M,D,B ,F ,R,G,C,50,0,0,0,1753266,5933048
Auckland,05/03/2014,Wed,1727,CC,4S1,410A ,S,R, , F,  , ,N,C,50,0,0,0,1753288,5932658
Auckland,06/03/2014,Thu,745,MO,CE1C,386A ,M,R,D,B ,F ,X,G,C,50,0,0,0,1756023,5918003
Auckland,11/03/2014,Tue,840,EC,CE1,363A 902 ,S,R,D,BN,F , ,P,N,50,0,0,0,1759170,5909739
Auckland,02/05/2014,Fri,807,CB,4S1,130A 359A 904 ,V,R,D,B ,M , , ,L,80,0,0,1,1733793,5930854
Auckland,11/09/2014,Thu,2350,EA,CN1CV,101A 129A ,M,R,D,DO,F , , ,C,50,0,0,0,1751012,5913623
Auckland,18/09/2014,Thu,925,MO,CW1C,386A 929 ,M,R,D,O ,F ,D,N,C,50,0,0,0,1754665,5917473
Auckland,05/04/2014,Sat,900,FB,CN1C,331A ,,E,D,B ,F ,T,G,N,50,0,0,0,1747237,5919867
Auckland,15/09/2014,Mon,1704,FD,CW1CC,331A 363A 902 ,,R,D,BF,F , ,N,C,80,0,0,0,1747350,5919573
Auckland,03/03/2014,Mon,715,FE,CW1C,181A ,,E,W,OF,F ,T,T,N,50,0,0,0,1747302,5919580
Auckland,18/04/2014,Fri,1315,AA,CW1C,372A ,,E,D,O ,F , , ,C,50,0,0,0,1747381,5919569
Auckland,04/11/2014,Tue,1910,AO,MS1C,129A 197A ,,S,D,BF,F , ,N,C,100,0,0,1,1747166,5919753
Auckland,19/04/2014,Sat,1201,DB,CW1,131A 132A ,G,S,W,OF,H , ,N,C,100,0,0,0,1747176,5919782
Auckland,27/02/2014,Thu,2352,DA,CW1,103A 111A ,P,M,D,DO,F ,T,T,R,50,0,0,0,1747250,5919464
Auckland,10/04/2014,Thu,1825,BA,CN1CC,129A 410A ,Q,R,D,DO,F , ,N,C,50,0,0,1,1746659,5917997
Auckland,12/03/2014,Wed,300,EA,CS1C,129A ,M,R,D,DO,F , ,N,C,50,0,0,0,1746649,5917968
Auckland,08/08/2014,Fri,712,KB,CN1C,302B 382B ,,R,D,O ,F ,T,G,C,50,0,0,0,1746681,5918063
Auckland,26/02/2014,Wed,1835,FD,CN1C,181A ,,R,D,BF,F , ,N,C,50,0,0,0,1747181,5919382
Auckland,24/10/2014,Fri,1745,FD,CS1C,181A 351A ,,R,D,TF,F ,T,T,C,50,0,0,0,1747164,5919363
Auckland,21/02/2014,Fri,1400,GD,CN1C,181A 333A 929 ,,R,D,BF,F ,D,N,C,50,0,0,0,1747154,5919352
Auckland,07/07/2014,Mon,1429,FE,VN14,181A 331A 801 ,,R,W,O ,L ,T,T,C,50,0,0,0,1747171,5919371
Auckland,11/06/2014,Wed,1530,AA,CN14,159A 381A ,,R,D,OF,F ,T,T,L,50,0,0,0,1747171,5919371
Auckland,28/12/2014,Sun,845,EA,CS1C,129A ,M,R,D,B ,F , , ,C,50,0,0,0,1746747,5917390
Auckland,28/07/2014,Mon,1518,FB,TN1C,181A 331A 350A ,,R,D,B ,F ,R,G,R,50,0,0,0,1746817,5918813
Auckland,05/09/2014,Fri,2259,DA,CE2,103A 111A 131A 402A ,FT,M,W,DO,L ,R,G,C,50,0,0,0,1746808,5918833
Auckland,10/09/2014,Wed,1540,FA,BN1C,330A 386A ,,M,D,B ,F ,R,G,P,50,0,0,0,1746817,5918818
Auckland,25/01/2014,Sat,246,DA,VS1,103A 111A ,S,E,D,DO,F ,R,G,C,50,0,0,1,1746811,5918821
Auckland,07/07/2014,Mon,930,HA,CN1C,302A 375A ,,M,D,OF,F ,R,G,R,50,0,0,0,1746817,5918818
Auckland,15/08/2014,Fri,1600,FB,4N1C,112A ,,R,D,B ,F ,R,G,C,50,0,0,0,1746817,5918813
Auckland,20/07/2014,Sun,1410,HA,CN1C,302A 375A ,,M,D,OF,F ,R,G,R,50,0,0,0,1746817,5918818
Auckland,15/02/2014,Sat,428,DB,CN1,103A 410A ,S,M,D,DO,F ,R,G,R,50,0,0,0,1746811,5918821
Auckland,11/06/2014,Wed,1500,FC,VE1V,181A 330A ,,M,D,O ,F ,R,G,R,50,0,0,0,1746831,5918842
Auckland,11/11/2014,Tue,910,GF,TN1C,381A 671A ,,M,D,BF,F ,R,G,R,50,0,0,0,1746817,5918818
Auckland,21/08/2014,Thu,1825,HA,CS2C,302A ,,M,D,DO,F ,R,G,R,50,0,0,0,1746810,5918838
Auckland,18/03/2014,Tue,702,LB,CS2C,302A ,,M,D,TF,F ,R,G,R,50,0,0,0,1746810,5918838
Auckland,10/11/2014,Mon,1504,FB,CS1C,331A 517A ,,R,W,B ,F ,R,G,R,50,0,0,0,1746543,5916507
Auckland,24/09/2014,Wed,1630,NA,CS1E,306A 376A ,,R,D,B ,F ,R,G,X,50,0,1,0,1747282,5921503
Auckland,01/12/2014,Mon,1726,FB,CN1CC,331A 358A ,,R,D,BF,F ,R,G,C,50,0,0,0,1747283,5921448
Auckland,22/06/2014,Sun,2035,EA,TS1C,129A 645A ,M,R,D,DO,F , , ,C,50,0,0,0,1746712,5917179
Auckland,05/06/2014,Thu,1330,FC,CS1VT,331A 359A ,,R,D,B ,F , , ,X,50,0,0,0,1746713,5917189
Auckland,04/12/2014,Thu,1712,MG,CS1C,357A 357B 512B ,,R,D,B ,F , , ,C,50,0,0,0,1746847,5918867
Auckland,10/04/2014,Thu,906,FD,CS14C,181A 331A ,,R,D,O ,F , , ,C,50,0,0,2,1746847,5918867
Auckland,18/06/2014,Wed,1440,AO,CN1C,101A 381A ,,R,D,BF,F , ,N,C,60,0,0,0,1746850,5918871
Auckland,17/04/2014,Thu,1830,KA,CS1C,145B 302B ,,R,D,DO,F ,T,G,R,50,0,0,0,1746840,5918854
Auckland,25/02/2014,Tue,2032,KA,MN1C,103A 101B 302B ,,R,D,DO,F ,T,G,R,50,0,1,0,1746740,5917341
Auckland,21/06/2014,Sat,1030,MO,CN1C,371A 929 ,M,R,D,B ,F ,D,N,C,50,0,0,0,1747259,5921596
Auckland,22/09/2014,Mon,1000,FE,CS1C,181A 801 ,,R,W,O ,L ,T,T,C,50,0,0,0,1747187,5920216
Auckland,01/09/2014,Mon,1951,BB,CN1C,101A 123A ,,M,W,DO,L , ,N,P,50,0,0,0,1746642,5917923
Auckland,18/11/2014,Tue,53,DA,CN1,111A 131A ,FP,M,D,DO,F , ,N,C,50,0,0,1,1746667,5918019
Auckland,26/05/2014,Mon,1528,FC,CN1C,331A ,,R,D,O ,F ,T,G,X,50,0,0,0,1746690,5917792
Auckland,29/01/2014,Wed,1810,FB,CS1C,181A 191B ,,R,D,B ,F ,T,N,C,70,0,0,0,1746690,5917792