TLANAME,CRASHDATE,CRASHDOW,CRASHTIME,MVMT,VEHICLES,CAUSES,OBJECTSSTRUCK,ROADCURVE,ROADWET,LIGHT,WTHRa,JUNCTYPE,TRAFCTRL,ROADMARK,SPDLIM,CRASHFATALCNT,CRASHSEVCNT,CRASHMINCNT,EASTING,NORTHING
Auckland,21/03/2014,Fri,959,AC,TN1C,372A 671A ,,R,D,BF,F , ,N,L,50,0,0,0,1747231,5919441
Auckland,21/05/2014,Wed,1451,KA,CN1C,302B 353B 377B ,,R,D,BF,F ,T,G,C,50,0,0,0,1747222,5919429
Auckland,28/01/2014,Tue,1639,FD,VS1C,181A ,F,R,D,BF,F , ,N,X,50,0,0,1,1746744,5918252
Auckland,02/06/2014,Mon,1800,FF,CN1C,103A 112A 181A ,,R,D,DO,F , ,N,C,50,0,0,0,1747272,5921314
Auckland,20/10/2014,Mon,735,FB,CN2M,181A ,,M,D,B ,F ,T,G,N,50,0,0,1,1747237,5919867
Auckland,01/04/2014,Tue,1420,FE,CS1C,101A 331A ,,R,D,B ,F ,X,T,R,50,0,0,0,1747292,5919582
Auckland,10/07/2014,Thu,610,FE,CN1C,181A ,,R,W,DO,F ,T,T,R,60,0,0,0,1747281,5919571
Auckland,11/11/2014,Tue,745,LB,MN1V,303B ,,R,D,B ,F ,T,T,N,30,0,1,0,1747280,5919581
Auckland,08/07/2014,Tue,815,FE,CN1C,181A ,,R,D,OF,F ,T,T,C,50,0,0,0,1747280,5919581
Auckland,01/04/2014,Tue,1754,FC,CS1C,331A 353A ,,R,D,TF,F , ,N,C,50,0,0,0,1746583,5916568
Auckland,24/04/2014,Thu,1212,JA,CS1C,301B 375B ,,R,D,O ,F ,T,S,C,50,0,0,0,1746591,5916581
Auckland,22/03/2014,Sat,1400,CB,MS1,137A ,,R,D,BF,F ,T,S,C,50,0,0,1,1746591,5916581
Auckland,02/05/2014,Fri,1130,KA,CS1C,301B 372B ,,R,D,O ,F ,T,S,P,50,0,0,0,1746591,5916581
Auckland,17/09/2014,Wed,710,FC,CN1C,181A ,,R,D,B ,F ,T,G,X,50,0,0,1,1746734,5918222
Auckland,10/04/2014,Thu,1600,FD,CN1C,181A 363A 410A 902 ,,R,D,BF,F , ,N,C,50,0,0,0,1747203,5920001
Auckland,11/09/2014,Thu,810,NO,CN1S,370A 210B 377B ,,R,D,B ,F , , ,X,50,0,0,1,1746820,5918676
Auckland,15/01/2014,Wed,945,FC,CN1C,181A 402A ,,R,D,O ,F , , ,X,50,0,0,0,1746820,5918676
Auckland,07/06/2014,Sat,1440,FC,CS1C,181A 331A ,,R,D,B ,F , , ,X,50,0,0,3,1746821,5918631
Auckland,16/03/2014,Sun,652,CC,VN1C,103A 410A ,CFM,R,D,TF,F , ,N,C,50,0,0,1,1746823,5918546
Auckland,10/11/2014,Mon,1817,JA,CS1C,302B 375B ,,R,D,BF,F ,T,G,C,50,0,0,1,1746821,5918646
Auckland,25/08/2014,Mon,1151,JA,VN1CT,302B ,,R,D,B ,F ,T,G,C,50,0,0,1,1747258,5921132
Auckland,07/08/2014,Thu,2341,DB,CS1,103A 131A ,CX,E,W,DO,L , , ,N,100,0,1,0,1760875,5915346
Auckland,12/06/2014,Thu,251,CA,CS1,103A 111A 130A 402A ,IX,R,W,DO,F ,T,S,R,50,0,0,0,1760891,5915335
Auckland,16/02/2014,Sun,1645,FA,CS1C,102A 112A 181A ,G,R,D,BF,F , ,N,N,100,0,0,0,1760767,5915438
Auckland,13/04/2014,Sun,600,DA,CW1,131A 410A ,C,M,D,DN,F , ,N,C,50,0,0,0,1735237,5918231
Auckland,26/11/2014,Wed,1900,DA,CN1,111A 402A ,C,E,D,B ,F , , ,C,100,0,0,2,1735113,5918259
Auckland,16/12/2014,Tue,937,DA,TS1,111A 131A 402A ,C,M,D,O ,F , , ,C,100,0,2,0,1735312,5918173
Auckland,09/06/2014,Mon,1912,DB,VN1,103A 111A 131A 801 ,CT,E,W,DN,H , , ,C,100,0,0,1,1734413,5918658
Auckland,08/11/2014,Sat,230,DA,CS1,102A 111A 131A ,G,M,D,DO,F , , ,C,50,0,0,1,,
Auckland,25/01/2014,Sat,1600,FE,CS1C,331A ,,R,D,O ,F ,X,T,C,50,0,0,0,1769616,5908515
Auckland,28/10/2014,Tue,710,GB,CS1C,175B 922 ,P,R,W,OF,L ,D,N,R,80,0,0,0,1769711,5908899
Auckland,18/06/2014,Wed,838,LB,CN1C,303B ,,R,W,OF,F ,X,T,R,80,0,0,1,1769603,5908513
Auckland,23/10/2014,Thu,2015,HA,CS1C,322B ,,E,D,DO,F ,X,T,C,50,0,0,0,1769615,5908511
Auckland,11/01/2014,Sat,2220,FE,CN14,181A ,,R,D,DO,F ,T,T,P,80,0,0,0,1769603,5908513
Auckland,08/01/2014,Wed,2345,HA,CN1C,322B ,,R,D,DO,F ,X,T,C,80,0,0,0,1769603,5908513
Auckland,19/04/2014,Sat,1430,FE,VS1C,181A ,,R,D,OF,  ,X,T,R,50,0,0,0,1769615,5908511
Auckland,18/06/2014,Wed,2000,FD,CS1C,331A 353A 431A ,,R,D,DO,F ,T,N,C,80,0,0,1,1769791,5909233
Auckland,27/03/2014,Thu,2350,CC,CN1,194A ,RT,R,D,DO,F , , ,R,80,0,0,0,1769119,5906706
Auckland,20/03/2014,Thu,2115,FA,CN1C,191B 357B 512B ,,R,D,DO,F , ,N,R,80,0,0,0,1769439,5907936
Auckland,19/05/2014,Mon,840,FB,CS1C,181A 402A ,,E,D,B ,F ,X,T,R,80,0,0,0,1769456,5907952
Auckland,24/06/2014,Tue,645,CA,VN1,112A 197A ,P,R,W,OF,F ,X,T,R,80,0,0,1,1769444,5907955
Auckland,10/08/2014,Sun,1912,LB,CN1C,191A 303B 323B 404B ,,E,W,DO,F ,X,T,C,60,0,0,0,1770324,5911308
Auckland,17/11/2014,Mon,1145,LB,CE1C,303B ,,R,D,B ,F ,X,G,C,50,0,0,0,1768657,5905323
Auckland,20/09/2014,Sat,952,FE,CN1C,130A 501A ,,R,W,O ,L ,M,T,P,60,0,0,0,1768904,5905862
Auckland,28/09/2014,Sun,1730,FD,4N1C,181A ,,R,D,B ,F , , ,R,50,0,0,0,1768903,5905857
Auckland,01/04/2014,Tue,839,FD,CS1C4,181A 181B ,,R,D,B ,F , , ,R,60,0,0,0,1768842,5905573
Auckland,01/07/2014,Tue,1530,GA,CW1C,333A 801 929 ,,R,W,O ,L ,D, ,N,50,0,0,0,1768042,5905181
Auckland,07/11/2014,Fri,1450,FE,4E1C,181A 503A ,,R,D,B ,F ,X,T,R,60,0,0,0,1768065,5905204
Auckland,18/01/2014,Sat,1342,FE,CS1C,331A ,,R,D,B ,F ,X,T,C,50,0,0,0,1767442,5904928
Auckland,18/10/2014,Sat,1230,FD,CN14,181A 331A 358A 801 ,,R,W,O ,L , , ,R,50,0,0,0,1770116,5910715
Auckland,08/04/2014,Tue,1910,LB,CS1C,323B 351B 410B ,,R,D,DO,F ,X,T,P,80,0,0,1,1770124,5910694
Auckland,10/04/2014,Thu,1430,LB,4N1CCC,303B 375B ,,R,D,B ,F ,X,T,R,80,0,0,1,1770112,5910696
Auckland,07/09/2014,Sun,520,DA,CN2,129A 131A ,K,E,D,DO,F ,X,T,R,60,0,0,0,1768661,5905312
Auckland,09/04/2014,Wed,1340,CB,4N1,501A ,T,R,D,B ,F , , ,C,80,0,0,0,1770121,5910743
Auckland,04/11/2014,Tue,1620,AC,CS1C,372A ,,E,D,O ,F , , ,C,50,0,0,0,1769331,5907474
Auckland,23/08/2014,Sat,2045,LB,CN1C,303B ,,R,D,DO,F ,X,T,C,50,0,0,0,1769315,5907462
Auckland,04/12/2014,Thu,2200,HA,CS1C,309A 845 ,,R,D,DO,F ,M,T,R,80,0,0,0,1769327,5907459
Auckland,27/05/2014,Tue,1110,AC,CN1C,372A ,,R,D,B ,F , , ,C,60,0,0,0,1768975,5906155
Auckland,11/09/2014,Thu,730,MB,CN1C,303B 375B ,,R,D,BF,F , ,N,R,60,0,0,0,1768987,5906203
Auckland,02/07/2014,Wed,818,MD,SN1C,308B 371B 929 ,,R,W,O ,F ,D, ,R,50,0,0,1,1768998,5906252
Auckland,08/09/2014,Mon,1815,MB,CS1C,303B 375B ,,R,D,BF,F , ,N,C,60,0,0,0,1768998,5906252
Auckland,09/09/2014,Tue,843,MB,CS1V,382B ,,S,D,BF,F , ,N,R,50,0,0,1,1768954,5906067
Auckland,27/08/2014,Wed,1310,FD,VW1CC,181A 330A ,,R,D,O ,F , ,N,R,60,0,0,0,1768276,5905274
Auckland,15/12/2014,Mon,1456,KA,CS1C,302B 375B ,,R,D,OF,F ,X,G,R,80,0,0,0,1769948,5909864
Auckland,09/06/2014,Mon,1920,CC,CN1,139A 197A ,T,R,W,DO,L , ,N,R,80,0,0,1,1769954,5909945
Auckland,25/09/2014,Thu,1530,AO,CN1C,386A 401A ,,R,D,B ,F , , ,R,80,0,0,0,1769919,5909799
Auckland,05/08/2014,Tue,1710,KA,CS1V,302B ,,R,D,O ,F ,X,G,C,80,0,0,1,1769943,5909844
Auckland,04/04/2014,Fri,1525,KA,CN1CC,302B 382B ,,R,D,OF,F ,X,G,R,80,0,0,0,1769931,5909847
Auckland,16/05/2014,Fri,1600,FE,CS1C,181A 331A 402B 801 ,,R,W,O ,L ,X,T,R,80,0,0,0,1769943,5909844
Auckland,12/09/2014,Fri,1510,LB,CN1C,303B ,,R,W,O ,L ,X,T,R,80,0,0,0,1769931,5909847
Auckland,21/11/2014,Fri,1139,LB,VN1C,322A ,,R,D,BF,F ,X,T,R,80,0,0,0,1769931,5909847
Auckland,22/02/2014,Sat,2030,KA,CE1C,184B ,,R,D,DO,F ,T,G,R,60,0,0,0,1767765,5905083
Auckland,07/04/2014,Mon,1300,JA,CE1C,322B 334B ,,R,D,B ,F ,T,T,R,50,0,0,0,1767765,5905083
Auckland,14/10/2014,Tue,1820,FA,CN1C,110A 331A ,,R,D,TF,F , , ,R,60,0,0,0,1770310,5911261
Auckland,09/12/2014,Tue,1230,AA,CN1CC,372A ,,R,D,BF,F , ,N,C,50,0,0,2,1770293,5911214
Auckland,10/01/2014,Fri,1930,KA,CN1C,308B 375B 926 ,,R,D,B ,F ,D,N,C,80,0,0,0,1770293,5911214
Auckland,23/08/2014,Sat,900,FB,CW14,331A 387A ,,R,D,BF,F ,X,T,C,60,0,0,0,1770336,5911306
Auckland,12/06/2014,Thu,2135,MC,CN1C,372B ,,R,W,DO,L ,X,T,C,80,0,0,0,1770324,5911308
Auckland,02/01/2014,Thu,1102,GE,CN1X,193B ,,R,D,BF,F ,X,T,C,50,0,0,0,1770324,5911308
Auckland,16/03/2014,Sun,54,CC,CN1,102A 112A ,P,R,W,DO,L ,X,T,R,80,0,0,1,1770192,5910996
Auckland,15/02/2014,Sat,1708,CB,CN1,129A 355A ,P,R,D,B ,F , ,N,C,80,0,0,0,1769747,5909097
Auckland,19/08/2014,Tue,1750,FD,CN1C,181A ,,R,W,DO,H , ,N,C,80,0,0,0,1769723,5909000
Auckland,28/02/2014,Fri,835,MA,CW1C,373B ,,R,D,ON,F , ,N,N,50,0,0,0,1744956,5918127
Auckland,07/02/2014,Fri,1950,ND,CE1E,111A 370A 711B ,,M,D,B ,F , ,N,C,50,0,0,1,1758326,5920543
Auckland,19/10/2014,Sun,1938,DA,CN1,116A 131A 804 817 ,,E,D,TF,F , , ,N,50,0,0,0,1782397,5926911
Auckland,29/05/2014,Thu,1355,KB,CS1C,111A 330A 303B 378B 831 ,,E,D,B ,F ,T,N,C,50,0,0,0,1782416,5926742
Auckland,17/12/2014,Wed,1101,DB,TN1,110A 129A ,Z,E,D,B ,F , ,N,C,100,0,0,0,1748947,5884025
Auckland,03/09/2014,Wed,535,HA,CS2C,301A 375A ,,E,D,DO,F ,T,S,N,50,0,0,0,1760891,5915335
Auckland,15/11/2014,Sat,1800,JA,CN1V,308B 330B 901 930 ,,R,W,O ,H ,D,N,C,50,0,0,0,1760918,5915322
Auckland,10/12/2014,Wed,745,CB,TW1,129A ,H,R,D,B ,F , , ,N,50,0,0,0,1758441,5918156
Auckland,25/09/2014,Thu,1030,EA,400000000000000,359A ,M,E,D,BF,F , ,N,C,50,0,0,0,1762086,5908108
Auckland,24/02/2014,Mon,830,NA,CE1E,713B ,,R,D,BN,F ,T,N,N,50,0,1,0,1762125,5908100
Auckland,25/04/2014,Fri,18,EA,CW1C,129A ,M,M,W,DO,L , ,N,N,50,0,0,0,1747470,5912842
Auckland,02/08/2014,Sat,834,DB,CN2,112A 131A 514A ,P,R,W,OF,F ,T,N,C,50,0,0,0,1766667,5907451
Auckland,13/03/2014,Thu,851,MD,4W1T,371B 927 ,,R,D,BF,F ,D,N,C,50,0,0,0,1751835,5912963
Auckland,14/08/2014,Thu,1543,NA,TW1E,712B 713B ,,R,D,B ,F , , ,C,50,0,1,0,1752712,5913008
Auckland,06/08/2014,Wed,1930,GB,CW1C,333A 929 ,,R,D,DO,F ,D,N,C,50,0,0,0,1753266,5911701
Auckland,11/03/2014,Tue,730,JA,CW1S,324A ,,R,D,BF,F ,X,T,C,50,0,0,1,1753578,5911992
Auckland,12/06/2014,Thu,1528,LB,SN1C,210A ,,R,D,BN,F ,R,G,X,50,0,0,1,1756446,5927541
Auckland,11/07/2014,Fri,2136,DA,CS1T,103A 129A ,M,E,W,DO,L , ,N,C,50,0,0,1,1750749,5934200
Auckland,22/07/2014,Tue,800,KB,CN1C,301B 375B ,,R,D,B ,F ,T,S,C,50,0,0,0,1757575,5914954
Auckland,17/10/2014,Fri,1750,CA,CS1C4,130A 514A ,,R,D,B ,F ,X,T,C,50,0,0,0,1757732,5915590
Auckland,03/03/2014,Mon,1202,CA,CS1CC,130A 358A ,,R,W,OF,F , ,N,C,50,0,0,0,1757790,5915802
Auckland,09/12/2014,Tue,1045,FE,CN1C,181A ,,R,D,OF,F ,X,T,C,50,0,0,0,1757826,5915936
Auckland,06/02/2014,Thu,130,EA,CS1C,101A 129A ,M,R,D,DO,F , ,N,C,50,0,0,0,1757682,5915410
Auckland,23/12/2014,Tue,1930,MO,CN1,433A ,FIT,S,D,BF,F , ,N,R,50,0,2,1,1771018,5916939
Auckland,01/05/2014,Thu,1255,MO,4E1C,371A ,M,E,D,BF,F , ,N,C,50,0,0,0,1758307,5927287
Auckland,01/09/2014,Mon,1715,MA,CE1C,373B 402B 801 ,,R,W,DO,L , , ,C,50,0,0,0,1758161,5927046
Auckland,17/03/2014,Mon,2008,DB,4N2C,103A 111A 131A ,M,M,D,DO,F ,X,S,C,50,0,0,0,1757879,5927452
Auckland,28/07/2014,Mon,905,MG,CN1C,371B ,,R,W,BF,F ,T,G,C,50,0,0,0,1757879,5927452
Auckland,15/05/2014,Thu,1712,CB,CE1,130A 504A ,P,R,D,O ,F , ,N,C,50,0,0,1,1778098,5916289
Auckland,29/03/2014,Sat,533,CB,CE1C,410A ,M,R,D,DO,F , ,N,C,50,0,0,0,1769644,5905386
Auckland,03/11/2014,Mon,1630,MC,ME1C,372A ,,R,D,B ,F , , ,C,50,0,0,1,1769407,5905488
Auckland,08/08/2014,Fri,400,CB,CW1,103A 130A 402A ,T,R,W,DO,L , , ,C,50,0,0,1,1769361,5905517
Auckland,11/09/2014,Thu,950,MO,CS1V,371A 386A ,M,R,D,B ,F ,T,N,C,50,0,0,0,1759767,5906633
Auckland,16/02/2014,Sun,,DB,CN1,103A 131A ,K,M,D,BF,F , ,N,C,50,0,0,0,1768199,5899929
Auckland,02/04/2014,Wed,1800,MO,CE1,103A 501A ,H,R,D,OF,F , ,N,C,50,0,0,1,1746987,5916090
Auckland,03/11/2014,Mon,710,AC,TW1C,372A 671A ,,R,D,OF,F ,T,G,C,50,0,0,0,1769509,5911376
Auckland,18/02/2014,Tue,727,AO,MS1C,381A ,,R,D,BF,F , ,N,R,50,0,0,0,1766559,5913162
Auckland,13/05/2014,Tue,1610,JA,CS1C,302B 314B 377B ,,R,D,BF,F ,T,G,R,50,0,0,1,1766566,5913133
Auckland,18/12/2014,Thu,159,CB,CE1,103A 130A 801 ,P,R,W,DO,L , , ,C,60,0,0,0,1770308,5911325
Auckland,31/07/2014,Thu,1915,DA,CS2,133A ,P,M,D,DO,F ,X,T,R,60,0,0,0,1770339,5911317
Auckland,04/09/2014,Thu,1850,LB,CW1C,323B 334B 801 ,,R,W,DO,L ,X,T,R,60,0,0,2,1770327,5911320
Auckland,13/03/2014,Thu,830,LB,CE1C,303B 314B 377B 921 ,,R,D,BF,F ,D,N,R,60,0,0,0,1768763,5911609
Auckland,24/07/2014,Thu,1800,LB,CE1C,303B 929 ,,R,W,DO,L ,D,N,R,50,0,0,0,1768831,5911593
Auckland,20/10/2014,Mon,640,JA,CE1V,322A 363A 902 ,,R,D,B ,F ,T,T,R,60,0,0,0,1768734,5911616
Auckland,12/09/2014,Fri,2125,JA,CE1C,322A 334A 801 ,,R,W,DO,L ,T,T,C,60,0,0,0,1768734,5911616
Auckland,04/07/2014,Fri,1530,FB,CE1C,387A 387B ,,E,D,BF,F ,X,T,C,50,0,0,0,1770634,5911226
Auckland,06/06/2014,Fri,1115,FE,CE1C,181A 331A ,,R,D,O ,F ,X,T,R,50,0,0,0,1770634,5911226
Auckland,15/07/2014,Tue,1515,FD,CN1CCC,331A ,,R,W,B ,F , , ,C,60,0,0,2,1767235,5912285
Auckland,19/03/2014,Wed,700,FA,CN1C,181A ,,R,D,BF,F ,T,T,C,60,0,0,0,1767201,5912321
Auckland,18/07/2014,Fri,1500,AO,CN1B,129A 129B ,,R,D,B ,F , , ,C,60,0,0,0,1767221,5912300
Auckland,15/01/2014,Wed,635,MO,CS1,371A 423A ,H,R,D,B ,F ,T,N,N,50,0,0,0,1767440,5912107
Auckland,27/05/2014,Tue,2050,CB,CW1,501A ,T,R,D,DO,F , ,N,C,60,0,0,0,1767673,5912008
Auckland,20/09/2014,Sat,720,KA,SS1CS,302B 375B ,,R,W,O ,F ,T,G,C,50,0,0,2,1767892,5911916
Auckland,25/02/2014,Tue,1740,MB,4E1C,314B 377B ,,E,D,BF,F , ,N,R,60,0,0,0,1769496,5911396
Auckland,16/12/2014,Tue,1135,AA,CW1V,372A 926 ,,R,D,O ,F ,D,N,C,60,0,0,0,1769211,5911488
Auckland,31/07/2014,Thu,2350,KB,CE1C,322B ,,R,D,DO,F ,T,T,C,50,0,0,0,1769405,5911439
Auckland,09/10/2014,Thu,2035,FE,CW1CC,112A 331A 402A 862 ,,R,D,DO,F ,X,T,R,60,0,0,1,1769050,5911528
Auckland,04/04/2014,Fri,1840,FD,CE1C,181A ,,R,D,OF,F , ,N,R,60,0,0,0,1769057,5911539
Auckland,07/09/2014,Sun,1515,CC,CE1CC,103A 130A ,,R,D,B ,F , , ,R,60,0,0,3,1769091,5911530
Auckland,08/07/2014,Tue,2007,NA,CW1E,713B ,,R,W,DO,LS, ,N,R,50,0,0,1,1769088,5911518
Auckland,04/06/2014,Wed,1740,LB,TW1C,303B 375B 927 ,,R,D,TO,F ,D, ,R,60,0,1,1,1769234,5911482
Auckland,15/09/2014,Mon,745,AA,CE1CC,372A ,,R,D,B ,F , , ,C,60,0,0,0,1768994,5911555
Auckland,05/06/2014,Thu,720,FD,CW1C,331A ,,R,D,OF,F , ,N,R,60,0,0,0,1768962,5911550
Auckland,06/04/2014,Sun,1726,LB,CW1C,303B ,,R,D,O ,F ,T,T,C,50,0,0,0,1769040,5911530
Auckland,01/05/2014,Thu,550,LB,CW1C,303B 375B ,,R,W,DO,F ,T,T,C,60,0,0,0,1769040,5911530
Auckland,30/03/2014,Sun,2040,CA,CE1,103A ,IP,R,D,B ,F ,X,G,R,50,0,0,0,1769043,5911542
Auckland,06/11/2014,Thu,1220,FF,4W1C,313A 387A ,,R,D,OF,F ,T,T,R,60,0,0,0,1769685,5911298
Auckland,17/10/2014,Fri,845,NF,CS1E,376A ,,M,D,B ,F ,T,G,R,60,0,0,1,1767161,5912377
Auckland,07/06/2014,Sat,230,CB,CS1,130A 410A ,P,R,D,DO,F ,T,T,R,60,0,0,0,1766856,5912725
Auckland,07/05/2014,Wed,1934,LB,CN1C,303B 375B ,S,R,D,DO,F ,T,T,C,60,0,0,0,1766846,5912717
Auckland,13/05/2014,Tue,1332,KA,CS14,308B 353B 925 ,,R,D,O ,F ,D, ,C,50,0,0,0,1766632,5912967
Auckland,22/02/2014,Sat,1355,AO,CN1C,184A ,,R,D,B ,F ,T,T,C,60,0,0,0,1766668,5912906
Auckland,25/01/2014,Sat,1805,FE,CN1C,331A ,,R,D,B ,F ,T,T,C,50,0,0,0,1766521,5913265
Auckland,09/12/2014,Tue,1720,MB,CN1C,303B 375B ,,R,W,OF,L , ,N,R,60,0,0,0,1766532,5913222
Auckland,02/08/2014,Sat,1625,AA,CN1C,330A 372A ,,R,D,O ,F , , ,R,50,0,0,0,1766544,5913173
Auckland,14/04/2014,Mon,1800,FB,CN1C,181A ,,M,D,TO,F ,T,G,C,70,0,0,0,1766519,5913270
Auckland,31/08/2014,Sun,1340,FB,CN1V,181A ,,R,D,O ,F ,T,G,C,50,0,0,0,1766519,5913270
Auckland,29/07/2014,Tue,1500,FB,CN1C,181A ,,R,D,B ,F ,T,G,R,50,0,0,0,1766519,5913270
Auckland,07/01/2014,Tue,,JA,CN1C,302B 375B ,,R,D,BF,F ,T,G,R,60,0,0,0,1766573,5913057
Auckland,06/05/2014,Tue,1400,LB,CW1CC,303B 375B ,,E,D,O ,F ,T,G,R,60,0,0,0,1766573,5913057
Auckland,28/01/2014,Tue,,LB,CN1C,303B ,,R,D,B ,F ,T,G,P,50,0,0,0,1766573,5913057
Auckland,07/03/2014,Fri,1300,LB,CW2C,303B 323B ,,R,D,B ,F ,X,T,C,50,0,0,0,1766663,5912928
Auckland,14/11/2014,Fri,2100,CB,CS1,112A 130A 903 ,FT,R,D,DO, S, , ,R,60,0,1,0,1766991,5912531
Auckland,03/09/2014,Wed,845,FE,CW1CCC,181A 181D ,,R,D,BF,F ,M,T,C,50,0,0,0,1770346,5911303
Auckland,19/08/2014,Tue,1734,AC,VW1V,372A 381A 901 925 ,,E,W,DO,H ,D, ,C,60,0,0,0,1770472,5911271
Auckland,10/02/2014,Mon,830,FD,CW1C,181A ,,R,D,BF,F , ,N,R,60,0,0,0,1770226,5911322
Auckland,05/10/2014,Sun,,HA,4W1C,313A 327A ,,R,D,OF,F ,X,T,C,50,0,0,0,1770336,5911306
Auckland,16/08/2014,Sat,640,HA,CE1C,322A 351A ,,R,D,DO,F ,X,T,N,60,0,0,0,1770336,5911306
Auckland,23/08/2014,Sat,2020,LB,CW1C,323B ,,R,D,DO,F ,X,T,N,60,0,0,0,1770336,5911306
Auckland,26/04/2014,Sat,1915,LB,CW1C,303B 375B ,,E,D,TO,F ,X,T,C,60,0,0,0,1770336,5911306
Auckland,29/01/2014,Wed,1345,FA,CW1C,110A 181A ,,E,D,B ,F ,T,N,C,50,0,0,0,1770020,5911250
Auckland,21/03/2014,Fri,1350,JA,VE1C,322B ,,M,D,O ,F ,T,T,N,50,0,0,0,1770018,5911262
Auckland,30/06/2014,Mon,1800,FD,CW1CC,181A 331A 353A 402A ,,R,D,TF,F , , ,R,60,0,0,0,1768462,5911673
Auckland,19/08/2014,Tue,550,LB,TW1C,303B ,,E,D,TO,F ,T,T,R,50,0,1,1,1768490,5911664
Auckland,31/08/2014,Sun,1000,LB,BW1C,303B ,,R,W,O ,L ,T,T,R,60,0,0,4,1768490,5911664
Auckland,18/01/2014,Sat,1140,LB,CW1C,303B 334B ,,R,D,B ,F ,T,T,R,60,0,0,1,1768490,5911664
Auckland,22/06/2014,Sun,1710,LB,CW1C,303B 375B ,,R,D,B ,F ,T,T,C,50,0,0,0,1768490,5911664
Auckland,01/05/2014,Thu,2200,LB,CW1C,303B 375B ,,R,D,DO,F ,T,T,R,60,0,0,0,1768490,5911664
Auckland,10/07/2014,Thu,1830,FD,CN1CCC,110A 331A 402A ,,R,D,TO,F , , ,C,60,0,0,0,1767328,5912185
Auckland,05/07/2014,Sat,1700,JA,CN1CC,302B 314B 377B ,,R,D,TF,F ,T,G,C,60,0,0,0,1767342,5912170
Auckland,21/04/2014,Mon,1200,LB,CW1C,303B 375B ,,R,D,B ,F ,M,T,C,60,0,0,1,1770324,5911308
Auckland,22/12/2014,Mon,1435,HA,CS1C,302B 375B ,,R,D,B ,F ,X,G,C,50,0,0,0,1763857,5916043
Auckland,31/10/2014,Fri,1927,NA,VW1E,713B 727B ,,R,D,OF,F ,T,N,C,50,0,0,1,1760360,5908663
Auckland,26/12/2014,Fri,200,CB,CE1,130A ,F,R,D,DO,F , ,N,C,50,0,0,0,1767437,5907317
Auckland,18/08/2014,Mon,324,DA,CW1C,111A 131A 514A 517A ,M,M,D,DO,F ,T,N,N,50,0,0,0,1767363,5907143
Auckland,28/11/2014,Fri,2328,EA,CN1C,129A 517A ,M,R,D,DO,F , , ,C,50,0,0,0,1751498,5926350
Auckland,12/04/2014,Sat,322,DA,CN2,103A 111A 131A 402A ,C,M,D,DO,F ,T,G,C,50,0,0,2,1751548,5926241
Auckland,12/03/2014,Wed,1600,CC,CS1,103A ,F,R,D,BF,F , ,N,C,50,0,0,0,1747162,5916724
Auckland,01/06/2014,Sun,1220,PC,CN1E,371A 726B 929 ,,E,D,B ,F ,D,N,N,10,0,0,1,1747323,5917053
Auckland,30/05/2014,Fri,1755,DA,CN2,131A 363A ,K,R,D,DO,F ,T,S,P,50,0,0,0,1746591,5916581
Auckland,22/06/2014,Sun,650,DA,VS1,101A 111A 131A 414A 801 ,CP,E,W,DO,L , , ,C,50,0,0,0,1747287,5916981
Auckland,18/11/2014,Tue,1245,EA,CS1VCC,103A 129A ,MM,R,D,BF,F , ,N,N,50,0,0,0,1771802,5897711
Auckland,30/09/2014,Tue,2100,DA,CS1,111A 131A ,P,E,D,DO,F , , ,C,50,0,0,0,1771898,5897520
Auckland,17/09/2014,Wed,1000,MO,TS1C,371A ,M,M,D,B ,F , , ,N,50,0,0,0,1747408,5918627
Auckland,24/07/2014,Thu,715,EA,CN1C,331A 645A ,M,R,D,DO,F , ,N,C,50,0,0,0,1747123,5918548
Auckland,23/06/2014,Mon,1215,JA,CN1V,303B 330B ,,M,D,BF,F ,T,N,C,50,0,0,0,1747677,5910595
Auckland,26/10/2014,Sun,1030,AA,CE1V,184A ,,R,D,BF,F , ,N,C,50,0,0,0,1747327,5910693
Auckland,12/05/2014,Mon,801,DA,CS1,131A 504A ,P,E,D,O ,F , , ,C,50,0,0,1,1748023,5911899
Auckland,22/08/2014,Fri,1709,DA,CS1CC,352A ,M,M,W,B ,F , , ,C,50,0,0,0,1748712,5913178
Auckland,18/12/2014,Thu,914,NB,CW1E,306A 727B ,,R,D,OF,F , ,T,X,50,0,1,0,1748483,5913055
Auckland,09/05/2014,Fri,1210,LB,CE1C,303B 375B ,,R,D,OF,F ,T,T,C,50,0,0,2,1748501,5913064
Auckland,16/08/2014,Sat,2104,LB,CE1C,303B ,,R,D,DO,F ,T,T,R,50,0,0,0,1748501,5913064
Auckland,06/02/2014,Thu,1812,LB,SN1C,534A 303B 375B ,,R,D,B ,F ,T,T,R,50,0,1,0,1748501,5913064
Auckland,26/05/2014,Mon,1630,FA,4N1CC,357A 371A 512A ,M,M,D,B ,F ,R,G,R,50,0,0,0,1747797,5911255
Auckland,14/02/2014,Fri,1824,FB,CW1C,181A 350A ,,E,W,O ,F ,T,G,C,50,0,0,0,1749431,5913916
Auckland,12/05/2014,Mon,1845,JA,MS1C,308B 375B 922 ,,R,D,DO,F ,D, ,C,50,0,0,1,1749204,5913560
Auckland,22/03/2014,Sat,2350,JA,4S1C,322A 101B ,,E,D,DO,F ,T,T,R,50,0,0,1,1749245,5913590
Auckland,10/07/2014,Thu,2350,CB,CS1,412A 903 ,JKP,R,D,DO,FS,T,G,C,50,0,0,0,1748254,5912852
Auckland,27/03/2014,Thu,1745,KB,CN1C,302B ,,R,D,O ,F ,T,G,C,50,0,0,0,1747787,5911113
Auckland,22/04/2014,Tue,750,FC,CN1C,181A 331A ,,R,W,O ,F , , ,X,50,0,0,0,1748514,5913071
Auckland,07/01/2014,Tue,1520,FD,CS1CC,181A 331A 410A ,,R,D,BF,F , ,N,C,50,0,0,0,1748334,5912932
Auckland,14/08/2014,Thu,1638,LB,CW1C,303B 377B ,,E,W,OF,L ,T,S,L,50,0,0,0,1748532,5913080
Auckland,20/12/2014,Sat,851,DB,CS1C,111A 131A 514A 517A ,,M,D,O ,F ,T,T,C,50,0,0,0,1747964,5912524
Auckland,27/03/2014,Thu,1630,LB,VN1C,303B 375B ,,R,D,BF,F ,T,T,C,50,0,0,1,1747965,5912509
Auckland,13/11/2014,Thu,1728,LB,CN1C,303B ,,E,D,BF,F ,T,T,C,50,0,0,1,1747965,5912509
Auckland,24/06/2014,Tue,1715,LB,CN1C,323B 334B 801 ,,E,W,TF,L ,T,T,R,50,0,0,2,1747965,5912509