TLANAME,CRASHDATE,CRASHDOW,CRASHTIME,MVMT,VEHICLES,CAUSES,OBJECTSSTRUCK,ROADCURVE,ROADWET,LIGHT,WTHRa,JUNCTYPE,TRAFCTRL,ROADMARK,SPDLIM,CRASHFATALCNT,CRASHSEVCNT,CRASHMINCNT,EASTING,NORTHING
Auckland,12/01/2014,Sun,1005,DA,CS1C,131A 386A ,M,M,D,B ,F , ,N,P,50,0,0,0,1747644,5910783
Auckland,12/10/2014,Sun,1530,MA,PE1C,373B ,,R,D,B ,F ,T,N,C,50,0,0,1,1747601,5910759
Auckland,27/06/2014,Fri,840,JA,CW1C,301B 363B 902 ,,R,W,BF,F ,T,S,C,50,0,0,1,1747463,5910727
Auckland,07/06/2014,Sat,1630,ME,VN1C,371B ,,R,D,BF,F , ,N,C,50,0,0,0,1748862,5913319
Auckland,11/09/2014,Thu,1830,LB,CW1C,303B ,,E,D,B ,F ,T,N,C,50,0,0,0,1748849,5913311
Auckland,07/05/2014,Wed,2330,HA,PN1X,301B ,,R,W,DO,L ,X,S,R,50,0,0,0,1758656,5918970
Auckland,10/02/2014,Mon,1901,BB,CS1C,124A ,,E,D,TF,F ,T,G,R,50,0,0,0,1747231,5919905
Auckland,26/02/2014,Wed,1438,CB,MN1,103A 112A ,IK,R,D,B ,F , ,N,R,50,0,1,0,1746930,5920031
Auckland,25/07/2014,Fri,1854,FD,CW1C,181A ,,R,W,DO,L , ,N,P,50,0,0,1,1751726,5914211
Auckland,24/01/2014,Fri,1700,FB,CW1C,331A 817 ,,R,D,BF,F ,R,G,C,50,0,0,0,1751612,5914204
Auckland,14/06/2014,Sat,2000,FE,CW1C,181A ,,R,D,DO,F ,R,G,P,50,0,0,0,1751607,5914203
Auckland,12/09/2014,Fri,1715,JA,CW1C,308B 929 ,,R,D,B ,F ,D,N,C,50,0,0,0,1752483,5914247
Auckland,28/03/2014,Fri,1034,AA,CE1T,372A ,,R,D,B ,F , , ,C,80,0,0,0,1752403,5914246
Auckland,28/07/2014,Mon,1145,LB,VE1V,323B 330B ,,E,D,B ,F ,T,T,C,50,0,0,0,1752503,5914247
Auckland,08/03/2014,Sat,1250,FD,4W1CC,181A 330A ,,R,D,B ,F ,T,N,P,50,0,0,1,1751752,5914212
Auckland,30/03/2014,Sun,900,FD,PW1C,181A ,,R,D,BF,F , ,N,C,50,0,0,1,1752371,5914245
Auckland,15/04/2014,Tue,758,JA,CE1C,308B 929 ,,R,D,B ,F ,D,N,C,50,0,0,0,1752104,5914231
Auckland,22/02/2014,Sat,1505,HA,CS2S,302A 375A ,,R,D,BF,F ,R,G,R,50,0,0,0,1752161,5914243
Auckland,21/12/2014,Sun,345,DA,CE1,103A 111A 131A 357A ,SX,R,W,DO,F ,R,G,R,50,0,0,1,1768951,5881348
Auckland,22/12/2014,Mon,1635,JA,CW14,308B 314B 377B 927 ,,R,D,BF,F ,D,N,C,50,0,0,0,1759769,5903614
Auckland,26/06/2014,Thu,2015,GF,CN2V,381A ,,E,D,DO,F ,X,T,C,50,0,0,0,1759206,5903430
Auckland,02/09/2014,Tue,1400,AC,CE1C,372A ,,R,D,B ,F , , ,R,50,0,0,0,1759120,5903406
Auckland,14/10/2014,Tue,1620,FD,TE14,181A ,,R,D,BF,F ,X,G,C,50,0,0,0,1759876,5903648
Auckland,03/12/2014,Wed,1600,FD,4E1C,181A 352A ,,R,D,BF,F , ,N,C,50,0,0,1,1759871,5903647
Auckland,04/07/2014,Fri,1450,FA,CE1C,331A 355A ,,R,D,B ,F , , ,C,60,0,0,2,1759862,5903644
Auckland,05/12/2014,Fri,1045,BC,MS1C,111A 121A ,V,E,D,B ,F , ,N,C,100,0,0,1,1745077,5989105
Auckland,31/05/2014,Sat,1500,CA,MW1,433A ,,R,D,BF,F , ,N,N,50,0,0,1,1755741,5926452
Auckland,04/07/2014,Fri,830,JC,CN1V,302A 375A ,,E,D,OF,F ,T,G,C,50,0,0,0,1747130,5920212
Auckland,21/02/2014,Fri,1657,DB,CS1,111A 131A 427A 502A ,T,S,D,B ,F ,T,N,C,50,0,0,0,1770805,5896148
Auckland,02/08/2014,Sat,2110,DA,4N2,131A 801 ,S,M,W,DO,L ,T,T,C,50,0,0,1,1750241,5913957
Auckland,09/12/2014,Tue,2140,MO,CW1C,386A 929 ,M,R,D,O ,F ,D,N,C,50,0,0,0,1755329,5944708
Auckland,02/11/2014,Sun,1520,MO,CW1C,371A 929 ,M,R,D,BF,F ,D,N,C,50,0,0,0,1750397,5947264
Auckland,26/06/2014,Thu,2100,EA,CS1C,102A 129A ,M,E,W,DO,F , ,N,C,50,0,0,0,1754991,5930176
Auckland,04/08/2014,Mon,850,FD,CS1C,181A ,,R,D,BF,F , ,N,C,50,0,0,0,1755028,5930092
Auckland,08/05/2014,Thu,215,DA,CE1,111A 131A ,F,M,W,DN,L , ,N,C,100,0,0,0,1782841,5901875
Auckland,27/02/2014,Thu,1813,DA,CE1,103A 111A 131A 506A ,GP,E,D,B ,F , , ,C,100,0,0,1,1780276,5900890
Auckland,14/05/2014,Wed,1730,EA,CE14,129A ,M,R,W,DO,L , ,N,C,50,0,0,0,1758573,5912933
Auckland,13/09/2014,Sat,1210,MD,CE1C,371B 929 ,,R,W,OF,L ,D,N,C,50,0,0,0,1758469,5912923
Auckland,04/04/2014,Fri,1648,HA,CE1CC,301B ,,R,D,B ,F ,X,S,C,50,0,0,0,1758755,5912949
Auckland,25/09/2014,Thu,931,DA,CW1,131A 359A 930 ,P,R,D,B ,F ,D,N,C,50,0,0,0,1757976,5912922
Auckland,23/11/2014,Sun,235,CB,CS1,195A ,T,R,W,DN,L , , ,N,100,0,0,3,1743995,5895582
Auckland,09/08/2014,Sat,,MO,CE1C4,385A 514A 517A ,M,M,D,DO,F , ,N,N,50,0,0,0,1755147,5915805
Auckland,26/03/2014,Wed,1620,EA,VE1C,129A ,M,R,D,B ,FS, , ,N,50,0,0,0,1753174,5935668
Auckland,23/05/2014,Fri,800,PC,CN1E,308A 929 ,,R,D,OF,F ,D,N,R,50,0,0,1,1755600,5929835
Auckland,10/11/2014,Mon,1338,EA,CN14,129A ,M,E,D,B ,F , , ,N,50,0,0,0,1767450,5903213
Auckland,08/08/2014,Fri,1653,MC,VW14,372B ,,E,W,O ,L ,T,N,R,50,0,0,0,1767230,5903521
Auckland,23/08/2014,Sat,2120,BB,CW1C,103A 111A 123A ,,E,D,DO,F , , ,C,50,0,0,1,1767269,5903516
Auckland,11/05/2014,Sun,1203,GB,SE1C,350B 372B ,,M,D,B ,F ,X,S,C,50,0,1,0,1743578,5922043
Auckland,17/12/2014,Wed,1240,MO,VW1V,331B 929 ,M,R,W,OF,L ,D,N,C,50,0,0,0,1743008,5922265
Auckland,06/03/2014,Thu,1648,PD,CW1E,722B ,,E,D,BF,F , ,N,C,50,0,0,1,1743044,5922183
Auckland,02/11/2014,Sun,1100,QD,400,613A ,F,R,D,BF,F ,T,S,C,50,0,0,0,1744684,5921349
Auckland,02/05/2014,Fri,1950,DA,CN1,103A 111A 131A ,,M,D,DO,F ,R,G,R,50,0,0,1,1744881,5921173
Auckland,04/12/2014,Thu,2018,DB,CE1,103A 111A 131A ,F,E,D,O ,F ,T,G,R,50,0,0,1,1744216,5921922
Auckland,25/09/2014,Thu,2216,LB,4W1C,101B 303B ,,R,D,DO,F ,T,S,C,50,0,0,0,1743698,5922023
Auckland,20/05/2014,Tue,1500,BO,CW1C,129A 129B ,,R,D,O ,F , , ,L,50,0,0,2,1745077,5920810
Auckland,07/05/2014,Wed,2200,DA,CN1,101A 111A 131A 801 ,FH,R,W,DO,L ,R,G,R,50,0,0,0,1744881,5921173
Auckland,07/03/2014,Fri,1710,AO,CN1C,381A ,,M,D,OF,F ,R,G,R,50,0,0,0,1744888,5921156
Auckland,15/05/2014,Thu,630,HA,CE2S,302A ,,M,W,DO,F ,R,G,C,50,0,0,1,1744874,5921156
Auckland,15/08/2014,Fri,2241,DB,CE1C,104A 111A 131A ,MFH,E,D,DO,F , , ,L,50,0,0,0,1754548,5930255
Auckland,06/04/2014,Sun,1200,JC,CW1C,302A 375A ,,R,D,B ,F ,T,G,C,50,0,0,0,1753831,5930313
Auckland,24/10/2014,Fri,832,DA,4S1,111A 131A ,C,M,W,O ,L , , ,C,70,0,0,0,1744640,5925959
Auckland,05/05/2014,Mon,1235,JA,MN1C,301B 353B ,,R,W,OF,L ,T,S,C,50,0,0,0,1744781,5924577
Auckland,08/10/2014,Wed,1815,DA,CN1,103A 111A 131A ,F,E,D,TN,F , , ,C,70,0,0,0,1744505,5925791
Auckland,07/04/2014,Mon,2210,DA,CS1,111A 131A 862 ,F,E,D,DO,F , , ,C,80,0,0,0,1736490,5928934
Auckland,06/11/2014,Thu,140,DA,CS1,103A 111A 131A ,K,R,D,DO,F ,T,G,N,50,0,0,0,1770149,5900006
Auckland,16/11/2014,Sun,1030,CB,CE1,112A 130A 514A ,T,R,D,B ,F ,T,N,C,50,0,0,0,1752381,5912997
Auckland,15/05/2014,Thu,1800,LB,CN1C,303B 375B 929 ,,E,D,DO,F ,D,G,C,50,0,0,0,1765972,5915148
Auckland,21/05/2014,Wed,1252,LB,CE1C,303B 375B ,,E,W,OF,L ,T,G,P,50,0,0,0,1766088,5915957
Auckland,12/10/2014,Sun,848,CA,CW1,501A ,IP,R,D,B ,F , , ,R,50,0,0,1,1765707,5916151
Auckland,02/09/2014,Tue,750,CB,CS1,181A 197A ,F,R,W,BF,F , ,N,R,50,0,0,0,1766006,5915234
Auckland,24/02/2014,Mon,,EA,CW1C,129A ,M,R,D,O ,F , , ,C,50,0,0,0,1765605,5916203
Auckland,18/11/2014,Tue,1205,GD,CS1CC,333A 387A ,,R,D,BF,F ,T,G,C,50,0,0,0,1765723,5914817
Auckland,05/06/2014,Thu,438,BA,CS1C,125A 205A ,,R,D,DO,F ,T,N,C,80,0,0,0,1765723,5914817
Auckland,16/01/2014,Thu,100,DA,CN1,111A 131A ,GT,E,D,DO,F ,T,G,C,50,0,0,0,1766090,5915610
Auckland,28/10/2014,Tue,1600,GA,CN1C,181A 929 ,,R,W,O ,L ,D,N,C,50,0,0,0,1766138,5915883
Auckland,20/07/2014,Sun,50,CB,CE1C,129A 190A ,M,R,W,DO,L , ,N,C,50,0,0,1,1765910,5916051
Auckland,24/02/2014,Mon,109,EA,4W1CC,129A ,MM,R,D,DO,F , ,N,C,50,0,0,0,1765784,5916113
Auckland,24/07/2014,Thu,1852,HA,VE1C,322A ,,R,W,TF,F ,X,T,R,50,0,0,2,1755492,5929002
Auckland,24/07/2014,Thu,2044,HA,CE1C,322B ,,R,D,DO,F ,X,T,C,50,0,0,0,1755492,5929002
Auckland,01/09/2014,Mon,1205,DA,CW1C,110A 135A 110B 135B 801 ,Q,R,W,OF,L ,X,T,R,50,0,0,0,1755492,5929002
Auckland,29/12/2014,Mon,1235,FE,4E1C,181A ,,R,D,BF,F ,X,T,C,50,0,0,0,1755492,5929002
Auckland,12/05/2014,Mon,1720,FA,VE14,101A 112A 130A 331A ,T,R,D,TF,F ,T,S,L,50,0,0,0,1755984,5929167
Auckland,31/08/2014,Sun,1536,CB,CW1,197A 422A ,FT,R,W,O ,F , ,N,C,50,0,0,1,1755974,5929164
Auckland,13/08/2014,Wed,730,GE,CW14,160A 333A ,,R,W,OF,  ,T,G,C,50,0,0,0,1755998,5929171
Auckland,31/08/2014,Sun,1428,DA,CN2,111A 131A 357A 402A ,K,E,W,ON,L ,T,T,C,50,0,0,0,1755492,5929002
Auckland,28/10/2014,Tue,1854,HA,4N2C,324A 330A 322B 330B ,,R,D,O ,F ,X,T,C,50,0,0,0,1755492,5929002
Auckland,23/03/2014,Sun,229,DA,CN2,102A 129A 131A 402A ,K,E,D,DO,F ,T,T,R,50,0,0,0,1755492,5929002
Auckland,20/05/2014,Tue,955,FE,CS2C,181A ,,R,D,BF,F ,X,T,N,50,0,0,0,1755575,5929035
Auckland,27/10/2014,Mon,320,DB,CS2,103A 111A 131A 402A ,G,R,D,DO,F ,T,G,R,50,0,0,0,1755575,5929035
Auckland,27/07/2014,Sun,1257,FD,4W1CCC,181A 181B 181C ,,R,W,O ,F , , ,R,50,0,0,0,1755528,5929017
Auckland,10/06/2014,Tue,2007,GF,CE1C,173A 338A ,,E,W,DO,L ,T,T,R,50,0,0,0,1755575,5929035
Auckland,14/12/2014,Sun,1019,DA,CE1,111A 131A ,G,R,W,OF,L ,T,T,R,50,0,0,0,1755575,5929035
Auckland,13/03/2014,Thu,1237,AC,VW1C,372A ,,E,D,BF,F , ,T,C,50,0,0,0,1755407,5928964
Auckland,28/07/2014,Mon,1044,AA,CW1B,387A ,,R,D,B ,F , , ,C,50,0,0,0,1755411,5928966
Auckland,20/04/2014,Sun,4,AC,CW1C,372A ,,E,D,DO,F , , ,R,50,0,0,0,1755425,5928972
Auckland,12/03/2014,Wed,2100,AA,MW1C,197A 372B ,,R,D,BF,F ,T,T,C,50,0,0,1,1755388,5928957
Auckland,30/06/2014,Mon,1832,AC,CN1SCC,372A ,,M,W,DO,H ,T,G,C,80,0,0,2,1755467,5928984
Auckland,06/10/2014,Mon,1405,FD,CS14,181A ,,R,D,BN,F , ,N,N,70,0,0,0,1755413,5929364
Auckland,08/08/2014,Fri,700,FA,CS1V,181A 330A ,,R,D,O ,F ,T,G,R,50,0,0,0,1753997,5932320
Auckland,06/08/2014,Wed,720,MD,VN1T,158A 927 ,,E,D,O ,F ,D, ,C,50,0,1,0,1768654,5911257
Auckland,21/07/2014,Mon,1230,GB,VN1V,372B 671B 929 ,,R,D,BF,F ,D,N,C,60,0,0,0,1768529,5911409
Auckland,22/12/2014,Mon,839,BF,CS1T,129A 205A ,,E,D,B ,F , , ,C,50,0,0,1,1768465,5911469
Auckland,10/05/2014,Sat,1338,GA,CN1C,181A ,,R,D,B ,F ,T,G,C,50,0,0,2,1768490,5911664
Auckland,02/10/2014,Thu,1548,DB,CS1,129A 134A ,CV,M,W,O ,F , ,N,C,100,0,0,0,1770052,5877488
Auckland,05/04/2014,Sat,2325,MO,CN1,386A 402A ,V,R,D,DN,F , , ,L,50,0,0,0,1768903,5879128
Auckland,09/05/2014,Fri,10,DA,VN1,104A 131A ,C,S,W,DN,L , , ,C,100,0,0,0,1769448,5878124
Auckland,05/05/2014,Mon,1455,DA,CS1,111A 131A 402A 801 ,FP,M,W,O ,L , , ,L,50,0,0,0,1754475,5918582
Auckland,23/07/2014,Wed,906,NB,CW1E,713B 724B ,,R,D,B ,F , ,N,C,50,0,0,0,1754849,5918678
Auckland,12/06/2014,Thu,1730,DA,VE1,131A 407A ,F,M,W,DN,L , ,N,C,100,0,0,0,1769811,5885144
Auckland,18/09/2014,Thu,1300,DB,OW1,197A ,C,S,W,ON,F , ,N,C,100,0,0,1,1769795,5885133
Auckland,02/09/2014,Tue,345,DC,CW1,112A 191A ,T,R,W,DO,F ,T,G,C,50,0,0,0,1766168,5906552
Auckland,06/07/2014,Sun,1745,LB,CE1C,303B 382B 929 ,,R,D,DO,F ,D,N,C,50,0,0,0,1766908,5906367
Auckland,04/08/2014,Mon,806,HA,CW1C,302B 375B ,,R,D,O ,F ,X,G,C,50,0,0,0,1752816,5918569
Auckland,14/06/2014,Sat,1356,CB,CW1,130A 423A ,F,R,D,B ,F ,T,G,C,50,0,0,1,1758214,5913583
Auckland,21/03/2014,Fri,730,LB,SS1C,303B 375B ,,R,D,TO,F ,T,G,C,50,0,0,1,1758512,5913739
Auckland,25/07/2014,Fri,825,MD,TW1C,308B 382B 801 929 ,,R,W,O ,L ,D, ,N,50,0,0,0,1766842,5898000
Auckland,27/04/2014,Sun,1030,MO,CW14,371A ,M,R,D,BF,F , ,N,N,50,0,0,0,1757176,5919706
Auckland,21/12/2014,Sun,1515,MO,4E1C,385A ,M,R,D,BF,F , ,N,N,50,0,0,0,1757214,5919693
Auckland,13/11/2014,Thu,1145,DB,CE1,131A ,E,S,W,ON,L , ,N,C,100,0,0,0,1779713,5904873
Auckland,30/08/2014,Sat,1910,CA,CW1,103A ,C,R,W,DO,F ,T,N,R,40,0,0,0,1759428,5914190
Auckland,18/07/2014,Fri,1500,EC,CS1,820,X,R,D,BF,F , ,N,N,50,0,0,0,1759269,5915021
Auckland,22/04/2014,Tue,1410,EA,BW1C,129A ,M,R,D,O ,F ,T,S,X,50,0,0,0,1757557,5921008
Auckland,24/02/2014,Mon,1230,MO,TN1V,371A 929 ,,R,D,BF,F ,D,N,N,50,0,0,0,1753608,5930685
Auckland,08/04/2014,Tue,945,NA,CN1E,713B ,,R,D,B ,F , , ,N,50,0,0,1,1767796,5908689
Auckland,05/04/2014,Sat,1400,CB,VE1C,501A ,M,R,D,BF,F , ,N,C,50,0,0,0,1771144,5914085
Auckland,11/11/2014,Tue,2025,DB,CW1,111A 131A 901 ,P,M,W,DN,H ,T,G,C,100,0,0,0,1761531,5880858
Auckland,11/08/2014,Mon,1655,GB,MS1C,175B ,,R,D,BF,F ,T,N,N,50,0,0,0,1756336,5920460
Auckland,16/07/2014,Wed,1209,GC,CE1C,173A ,,R,D,BF,F ,X,T,R,50,0,0,0,1756759,5919874
Auckland,11/03/2014,Tue,1719,AA,CE1C,372A ,,E,D,BF,F ,M,T,R,50,0,0,0,1756669,5919911
Auckland,06/12/2014,Sat,1007,AC,CE1C,372A 671A ,,E,D,O ,F , , ,R,50,0,0,0,1756659,5919914
Auckland,15/02/2014,Sat,1930,FB,CW1C,181A ,,R,D,BF,F ,T,G,X,50,0,0,0,1756679,5919909
Auckland,01/06/2014,Sun,1858,FB,CE14,331A 353A ,,E,D,DO,F ,Y,G,R,50,0,0,0,1756679,5919909
Auckland,01/11/2014,Sat,2250,GC,4W1C,173A ,,R,D,DO,F ,X,T,R,50,0,0,0,1756679,5919909
Auckland,08/02/2014,Sat,1552,GD,VE1C,181A ,,R,D,BF,F ,T,T,C,50,0,0,0,1756326,5920545
Auckland,23/05/2014,Fri,1518,NA,4N1E,712B 714B ,,R,D,O ,F ,T,T,P,50,0,0,1,1756585,5919990
Auckland,31/10/2014,Fri,1523,FD,CS1VC,181A 331A 387A ,,R,D,B ,F ,T,T,C,50,0,0,0,1756575,5920007
Auckland,30/04/2014,Wed,136,DA,CW1,111A 131A 402A ,P,E,D,DO,F , , ,P,50,0,0,0,1744495,5919847
Auckland,16/11/2014,Sun,2248,CB,CW1T,410A ,M,R,D,DO,F , , ,C,50,0,0,0,1745775,5919741
Auckland,02/02/2014,Sun,1430,EA,CE1CC,103A 359A ,M,R,D,B ,F , ,N,R,50,0,0,0,1744008,5919618
Auckland,13/03/2014,Thu,821,LB,CE1C,303B 925 ,,R,D,B ,F ,D,N,C,50,0,0,0,1745266,5919752
Auckland,10/07/2014,Thu,1315,JA,CE1C,925,,R,D,B ,F ,D, ,C,50,0,0,0,1745206,5919758
Auckland,29/01/2014,Wed,1044,QG,VW1,128A 682A 687A ,,R,D,O ,F , ,N,C,50,0,0,0,1744739,5919818
Auckland,18/12/2014,Thu,2300,LB,CW1C,102A 101B 303B 386B ,,R,D,DO,F ,T,G,C,50,0,0,0,1744640,5919803
Auckland,30/10/2014,Thu,812,KB,4E1C,133B 302B 801 ,F,M,W,O ,L ,T,G,C,50,0,0,1,1744640,5919803
Auckland,15/02/2014,Sat,1400,AD,CW1C,150A 381A ,,R,D,B ,F , ,N,C,50,0,0,0,1745071,5919776
Auckland,27/11/2014,Thu,1258,EA,CS1V,129A 504A ,M,E,D,B ,F , ,N,C,50,0,0,0,1761281,5917088
Auckland,20/07/2014,Sun,252,DB,CE1,102A 111A 131A ,P,E,W,DF,F , ,N,C,70,0,0,0,1750840,5928489
Auckland,05/05/2014,Mon,1700,FD,CS1CV,331A 645A ,,R,W,OF,L , ,N,N,100,0,0,0,1754008,5931546
Auckland,11/06/2014,Wed,1424,FA,CN1C,181A 331A ,,R,D,B ,F , , ,C,100,0,0,0,1753908,5931620
Auckland,28/11/2014,Fri,1100,FD,CS1C,331A 358A ,,R,D,BF,F , ,N,N,100,0,0,0,1754585,5930796
Auckland,19/05/2014,Mon,750,AA,TS1C,372A ,,R,D,O ,F , , ,C,70,0,0,0,1754231,5931242
Auckland,01/04/2014,Tue,1425,FA,CS1V,110A 331A 358A ,,R,D,B ,F , , ,N,100,0,0,4,1754586,5930795
Auckland,02/06/2014,Mon,1610,CB,CN1,112A 129A ,,R,D,O ,F , ,N,C,100,0,0,0,1747772,5948556
Auckland,25/06/2014,Wed,1400,FE,CN1C,331A 801 ,,R,W,O ,L ,X,T,C,50,0,0,0,1756906,5919150
Auckland,15/05/2014,Thu,605,JA,CN1C,323B 334B ,,E,W,O ,F ,T,T,N,50,0,0,0,1756951,5919261
Auckland,24/11/2014,Mon,1849,JA,CN1C,102A 322A 361A ,,R,D,OF,F ,T,T,P,50,0,0,3,1756951,5919261
Auckland,10/06/2014,Tue,710,LB,CN1C,303B ,,E,W,DO,L ,T,T,N,50,0,0,0,1756951,5919261
Auckland,07/03/2014,Fri,1810,LB,SN1C,101B 303B 375B ,,R,D,BF,F ,T,N,P,50,0,0,1,1756995,5919369
Auckland,29/04/2014,Tue,1635,DA,VE1,103A 131A ,T,M,W,TN,F , , ,N,100,0,0,2,1747456,5953839
Auckland,21/11/2014,Fri,1915,FD,CW1C,181A 357A 434A ,,M,D,O ,F , , ,C,50,0,0,0,1742439,5919122
Auckland,07/05/2014,Wed,,CB,CN1,130A 517A ,P,R,D,DN,F , ,N,N,100,0,0,0,1764484,5895443
Auckland,20/10/2014,Mon,2040,CB,CW1,130A 517A ,S,R,D,DO,F ,T,G,C,50,0,0,0,1759107,5907832
Auckland,20/03/2014,Thu,1030,EA,CW1C,129A ,M,R,D,B ,F ,T,N,C,50,0,0,0,1759378,5907750
Auckland,14/12/2014,Sun,132,DA,CW1,103A 131A ,K,E,W,DO,L , ,N,C,50,0,0,0,1755971,5935631
Auckland,19/07/2014,Sat,1230,FB,CN1C,112A 181A 331A ,,R,D,B ,F ,T,G,C,50,0,0,0,1770206,5882085
Auckland,10/08/2014,Sun,1115,GA,VW1C,181A 333A 929 ,,R,D,BF,F ,D,N,C,50,0,0,0,1756078,5917447
Auckland,23/06/2014,Mon,1530,EA,CW1X,129A ,M,R,D,B ,F , , ,C,50,0,0,0,1756251,5917397
Auckland,13/11/2014,Thu,1545,AA,CN1C,372A ,,R,D,BF,F ,X,T,C,50,0,0,0,1756087,5917444
Auckland,28/10/2014,Tue,748,DA,CW1,131A ,F,M,W,ON,L , ,N,C,100,0,0,0,1769873,5882771
Auckland,23/05/2014,Fri,2300,NA,CW1E,105B 722B ,,R,D,DO,F , , ,C,50,0,0,1,1756592,5917185
Auckland,07/09/2014,Sun,30,EA,CN1C,129A ,M,R,D,DN,F , ,N,N,50,0,0,0,1770074,5881715
Auckland,17/02/2014,Mon,10,DA,CS1,104A 111A 131A ,P,M,D,DO,F , ,N,C,50,0,0,3,1761066,5923685
Auckland,19/09/2014,Fri,41,AD,CS1CC,103A 111A 131A 407A 103B 111B ,KMK,M,W,DO,F , , ,C,50,0,0,0,1761067,5923705
Auckland,22/07/2014,Tue,1320,JA,VN1C,302B 375B ,,R,D,B ,F ,T,G,C,50,0,0,0,1760918,5923987
Auckland,17/04/2014,Thu,957,DB,CE1,131A 402A 901 ,P,M,W,OF,H , ,N,N,50,0,0,0,1754811,5927294
Auckland,05/09/2014,Fri,2152,MD,CN1C,512B 514B 929 ,,E,W,DO,F ,D,N,N,50,0,0,0,1767499,5908166
Auckland,01/07/2014,Tue,806,EA,CE1T,363A 386A 902 ,M,R,W,BF,F , ,N,C,50,0,0,0,1746923,5919483
Auckland,14/01/2014,Tue,2339,CC,CN1C,103A 112A 130A ,IM,R,D,DO,F , , ,R,50,0,0,0,1752494,5926164
Auckland,26/11/2014,Wed,1336,BE,CS1C,130A 427A ,,R,D,O ,F , , ,C,50,0,0,0,1752494,5926174
Auckland,06/05/2014,Tue,1230,EA,CN1C,129A ,M,R,D,O ,F , , ,N,50,0,0,0,1752493,5926224
Auckland,27/10/2014,Mon,1035,GF,CN1V,129A 129B ,,R,D,O ,F ,T,G,C,50,0,0,0,1752495,5925924
Auckland,09/09/2014,Tue,242,DA,CS1V,131A 514A 929 ,M,R,D,DO,F ,D,N,N,50,0,0,0,1754292,5913085
Auckland,01/10/2014,Wed,1310,FB,CS1T,420B ,,M,D,B ,F ,R,G,C,50,0,0,0,1758998,5904644
Auckland,01/09/2014,Mon,515,EA,CN1C,129A 645A 801 ,M,R,W,DO,L , , ,C,50,0,0,1,1759447,5905567
Auckland,05/09/2014,Fri,1216,FD,CN1C,331A 351A ,,R,W,O ,F , ,N,P,50,0,0,0,1750176,5914316
Auckland,05/09/2014,Fri,1730,HA,MN1C,322B 351B ,,R,W,BF,L ,X,T,C,50,0,0,0,1750209,5914278
Auckland,06/08/2014,Wed,1026,GD,ME1C,181A 929 ,,E,D,O ,F ,D,N,C,50,0,0,1,1752341,5925251
Auckland,29/10/2014,Wed,1810,GO,TW1C,172A ,,R,D,O ,F ,T,T,C,50,0,0,0,1763323,5911519
Auckland,11/01/2014,Sat,1000,EA,CE1C,181A 331A ,M,R,D,B ,F , ,N,C,50,0,0,0,1763793,5911992
Auckland,10/09/2014,Wed,1050,DA,CN1CC,111A 131A ,MS,M,D,B ,F , ,N,C,50,0,0,1,1763656,5911627
Auckland,05/09/2014,Fri,1850,DB,MS1,101A 131A 501A ,,E,W,DO,L , , ,N,50,0,0,1,1759176,5907712
Auckland,31/10/2014,Fri,830,KB,CW1CC,130A 308B 330B 402B 930 ,,R,W,O ,L ,D,N,C,50,0,0,0,1750689,5915788
Auckland,05/03/2014,Wed,1402,BB,CN1CCV,124A 150A ,M,E,D,B ,F ,T,S,C,50,0,0,0,1750534,5915748
Auckland,21/07/2014,Mon,805,LB,CN1C,303B 353B 375B 801 ,,R,W,O ,L ,T,G,C,50,0,0,0,1760328,5917630
Auckland,20/10/2014,Mon,715,NB,CN1E,713B ,,R,D,BF,F ,T,N,C,50,0,0,1,1760359,5917771
Auckland,13/03/2014,Thu,720,NB,TS1E,711B 712B ,,R,D,OF,F ,T,T,C,50,0,0,2,1760254,5916867
Auckland,13/03/2014,Thu,900,DB,BS1,129A 386A ,S,R,D,O ,F ,T,T,C,50,0,0,0,1760253,5916847
Auckland,13/12/2014,Sat,2000,CA,CN1,103A 130A ,IS,R,W,DO,L , ,N,R,50,0,0,0,1760442,5918343
Auckland,13/03/2014,Thu,920,MO,CS1,385A 929 ,C,R,D,B ,F ,D,N,C,50,0,0,0,1760277,5917118
Auckland,14/06/2014,Sat,1100,EA,CN1C,129A ,M,E,D,O ,F , , ,C,50,0,0,0,1760293,5922365
Auckland,08/07/2014,Tue,1054,LB,CN14,303B 352B ,,R,D,OF,F ,T,N,C,50,0,0,2,1765660,5905363
Auckland,22/01/2014,Wed,1042,HA,4S1V,102B 321B ,,R,D,BN,F ,X,S,C,50,0,0,1,1759584,5912730
Auckland,23/05/2014,Fri,2350,DB,CN2CC,101A 111A 131A ,M,M,W,DO,L ,X,S,C,50,0,0,0,1768077,5881054
Auckland,20/12/2014,Sat,2345,HA,CW1C,322B ,,R,W,DO,L ,X,T,C,50,0,0,0,1757456,5920394
Auckland,11/01/2014,Sat,1708,AA,CE1C,372A 381A ,,R,D,BF,F ,X,T,C,50,0,0,0,1757456,5920394
Auckland,07/01/2014,Tue,815,GF,VE1C,129A 386A ,,M,D,B ,F ,T,N,C,50,0,0,1,1757517,5920371
Auckland,02/08/2014,Sat,1900,AO,BE1C,129A ,,R,D,DO,F ,T,G,C,50,0,0,0,1757517,5920371
Auckland,26/03/2014,Wed,1600,FE,4E1C,181A ,,M,D,BF,F ,T,T,C,50,0,0,0,1757517,5920371
Auckland,08/11/2014,Sat,1201,AO,400000000000000,386A 386B ,,E,D,B ,F ,T,T,C,50,0,0,0,1757517,5920371
Auckland,01/05/2014,Thu,1824,MG,CE1C,371B ,,R,D,B ,F , ,N,C,50,0,0,0,1757403,5920415
Auckland,12/09/2014,Fri,1800,AA,CE1C,330A 372A 901 ,,E,W,TO,H ,X,T,C,50,0,0,0,1757208,5920489
Auckland,02/10/2014,Thu,1755,FE,CE1C,181A ,,R,W,OF,L ,X,T,C,50,0,0,0,1757227,5920482
Auckland,09/12/2014,Tue,1720,GO,CE1B,381B ,,R,D,O ,F ,X,T,C,50,0,0,0,1757227,5920482
Auckland,12/04/2014,Sat,945,GF,BE1X,372A ,,M,D,B ,F ,X,T,C,50,0,0,0,1757227,5920482
Auckland,26/03/2014,Wed,1715,NF,CS2E,714B ,,R,D,BF,F ,T,G,C,50,0,0,1,1756670,5920538
Auckland,12/04/2014,Sat,935,QD,TE1,428A ,S,R,D,BF,F , ,N,C,50,0,0,0,1757289,5920459
Auckland,01/10/2014,Wed,1920,NA,CE1E,306A 353A ,,R,D,TO,F ,T,T,C,50,0,0,1,1757307,5920451