TLANAME,CRASHDATE,CRASHDOW,CRASHTIME,MVMT,VEHICLES,CAUSES,OBJECTSSTRUCK,ROADCURVE,ROADWET,LIGHT,WTHRa,JUNCTYPE,TRAFCTRL,ROADMARK,SPDLIM,CRASHFATALCNT,CRASHSEVCNT,CRASHMINCNT,EASTING,NORTHING
Auckland,09/05/2014,Fri,1445,FD,CE1C,181A ,,R,D,O ,F ,X,T,C,50,0,0,0,1757161,5920506
Auckland,01/10/2014,Wed,2300,FE,CW1C,103A 331A ,,R,D,DO,F ,X,T,C,50,0,0,0,1757147,5920511
Auckland,05/03/2014,Wed,,GD,CN1C,181A ,,R,D,B ,F ,X,G,C,50,0,0,0,1757147,5920511
Auckland,05/07/2014,Sat,230,JA,CW1C,103A 322A ,,R,W,DO,L ,T,T,L,50,0,0,1,1756295,5920546
Auckland,16/06/2014,Mon,1900,LB,PW1C,670A 303B 375B 801 ,,R,W,DO,L ,T,T,C,50,0,0,1,1756295,5920546
Auckland,05/11/2014,Wed,1140,FE,CE1C,387A ,,R,D,BF,F ,T,T,C,50,0,0,0,1756593,5920535
Auckland,23/01/2014,Thu,1712,FD,CW1C,181A 331A 350A 191B ,,R,D,O ,F , , ,P,50,0,0,0,1757051,5920548
Auckland,08/12/2014,Mon,1620,AA,CE1C,372A ,,R,D,O ,F , , ,C,50,0,0,0,1757018,5920560
Auckland,24/08/2014,Sun,1900,BO,BS1T,129A 386A ,M,M,D,DO,F ,X,T,C,50,0,0,0,1757065,5920542
Auckland,01/07/2014,Tue,1755,GF,BW1V,172A 338A 801 ,,E,W,TO,L ,X,T,C,50,0,0,0,1757065,5920542
Auckland,28/05/2014,Wed,1537,GF,TW1V,381A 671A ,,R,D,BF,F ,X,T,C,50,0,0,0,1757065,5920542
Auckland,12/01/2014,Sun,2300,HA,CS2C,322B 334B ,,R,D,DO,F ,X,T,C,50,0,0,0,1757065,5920542
Auckland,19/03/2014,Wed,742,GA,VW1B,181A ,,R,D,B ,F ,X,T,C,50,0,0,0,1757065,5920542
Auckland,12/04/2014,Sat,440,HA,XS2C,322B ,,R,D,DO,F ,X,T,N,50,0,0,0,1757065,5920542
Auckland,12/03/2014,Wed,1430,AC,CN1LC,372A 386A ,M,E,D,B ,F ,M,T,C,50,0,0,0,1757065,5920542
Auckland,20/11/2014,Thu,1800,FE,CW1C,331A ,,R,D,OF,F ,X,T,C,50,0,0,0,1757065,5920542
Auckland,02/11/2014,Sun,38,FE,CW1C,181A ,,R, ,DO,F ,X,T,C,50,0,0,0,1757065,5920542
Auckland,01/12/2014,Mon,1645,AA,BE1C,372A ,,R,D,B ,F , , ,C,50,0,0,0,1756943,5920584
Auckland,12/08/2014,Tue,1515,FA,VW1C,181A ,,R,D,BF,F , ,N,C,60,0,0,0,1757005,5920565
Auckland,25/02/2014,Tue,2149,MC,PW1C,372B 375B ,,R,D,DO,F , ,N,C,50,0,0,1,1756879,5920577
Auckland,31/07/2014,Thu,1215,LB,MW1V,303B 929 ,,R,D,B ,F ,D,N,C,50,0,0,1,1756731,5920550
Auckland,05/11/2014,Wed,730,LB,MW1C,158A 303B ,,R,W,O ,L ,T,N,C,50,0,0,0,1756326,5920545
Auckland,31/01/2014,Fri,520,LB,CW1C,303B ,,R,D,B ,F ,T,N,C,50,0,0,0,1756326,5920545
Auckland,13/03/2014,Thu,1120,MO,VE1M,370A 371A 671A ,,R,D,B ,F ,T,N,N,50,0,0,0,1756326,5920545
Auckland,14/09/2014,Sun,740,KB,CE1C,303B ,,R,W,O ,H ,M,T,P,50,0,0,0,1756553,5920534
Auckland,17/10/2014,Fri,2210,DA,CW1,103A 131A 801 ,C,M,W,DN,L , , ,C,50,0,0,1,1745446,5907298
Auckland,13/05/2014,Tue,2000,DA,CE1,103A 111A 131A ,P,E,D,DO,F , ,N,C,50,0,0,0,1746024,5907407
Auckland,08/10/2014,Wed,2130,DA,CS1C,130A 350A 402A 517A ,H,E,D,DO,F , , ,N,50,0,0,0,1766096,5916955
Auckland,12/11/2014,Wed,730,FE,CW1C,331A 801 ,,R,W,O ,L ,T,T,C,50,0,0,0,1756184,5917880
Auckland,18/07/2014,Fri,1347,JA,ME1C,308B 375B 926 ,,M,D,B ,F ,D,N,C,50,0,0,1,1756198,5917876
Auckland,19/01/2014,Sun,2046,CA,CE1,501A ,CJ,R,D,TO,F , , ,N,50,0,1,0,1756739,5917726
Auckland,21/09/2014,Sun,1010,EA,CS1C,129A ,M,R,W,O ,L , , ,C,50,0,0,0,1753682,5876386
Auckland,25/07/2014,Fri,,EA,CN1C,129A 801 ,M,R,W,DO,L , , ,C,50,0,0,0,1745796,5916319
Auckland,13/06/2014,Fri,1211,MG,CS1C,371B 817 930 ,,M,D,BF,F ,D, ,N,50,0,0,0,1754564,5929103
Auckland,15/06/2014,Sun,2320,EA,CW1CCC,129A 517A ,MMM,R,D,DO,F , , ,C,50,0,0,0,1757008,5917654
Auckland,01/07/2014,Tue,1745,FD,CE1CC,181A 427A ,,R,W,TO,H , ,N,C,50,0,0,0,1745490,5916515
Auckland,31/03/2014,Mon,723,FE,CW1C,181A 334A ,,R,D,O ,F ,M,T,C,50,0,0,0,1745597,5916437
Auckland,19/04/2014,Sat,1655,MD,CS1C,308B 371B 925 ,,R,D,B ,F ,D,N,C,50,0,0,0,1755050,5929124
Auckland,09/06/2014,Mon,1435,LB,CE1C,303B 375B 925 ,,R,D,OF,F ,D,N,C,50,0,0,0,1755012,5929091
Auckland,11/07/2014,Fri,1815,FD,CN1C,181A 331A 901 ,,R,W,DO,H ,T,G,P,50,0,0,0,1754418,5929211
Auckland,04/07/2014,Fri,2100,FB,VN1C,103A 111A 331A ,,R,D,DO,F ,T,G,C,50,0,0,0,1755087,5929158
Auckland,24/04/2014,Thu,1618,JA,TN1C,308B 375B 929 ,,M,D,OF,F ,D,N,P,50,0,0,0,1754428,5929183
Auckland,27/06/2014,Fri,1719,JA,CW14,302B 375B ,,R,W,OF,L ,T,G,C,50,0,0,0,1754412,5929230
Auckland,08/09/2014,Mon,1340,MO,VS1C,386A ,M,R,D,B ,F , , ,N,50,0,0,0,1757905,5912764
Auckland,09/02/2014,Sun,720,MO,CN1,371A 386A 929 ,T,E,D,O ,F ,D,N,P,30,0,0,1,1768769,5914251
Auckland,14/05/2014,Wed,1730,AC,BN1C,372A ,,R,D,O ,F ,X,G,C,50,0,0,0,1756988,5920099
Auckland,28/02/2014,Fri,1630,EE,SW1C,374B ,Q,R,D,BF,F , ,N,C,50,0,0,1,1756898,5919947
Auckland,15/10/2014,Wed,1829,JA,SN1C,308B 375B 929 ,,R,D,O ,F ,D,N,C,50,0,0,1,1756805,5919781
Auckland,16/01/2014,Thu,1013,QD,CN1M,428A ,M,R,D,OF,F , ,N,C,50,0,0,0,1756859,5919878
Auckland,20/05/2014,Tue,1830,HA,CE2V,302A 375A ,,R,D,BF,F ,R,G,R,50,0,0,0,1771523,5914219
Auckland,03/08/2014,Sun,253,CB,CS1,109A 130A ,FP,R,D,DO,F , , ,N,50,0,0,0,1762948,5907386
Auckland,18/03/2014,Tue,905,JA,CN1C,301B 375B ,,R,D,B ,F ,T,S,C,50,0,0,0,1753960,5946437
Auckland,22/10/2014,Wed,1810,FA,VS1C,181A ,,M,D,OF,F , ,N,C,50,0,0,0,1755119,5945288
Auckland,05/11/2014,Wed,1120,BF,4E1C,131A 330A 386A ,,S,D,O ,F , , ,N,100,0,0,0,1735268,5989620
Auckland,12/01/2014,Sun,1900,MO,CN1C,371A 386A ,,R,D,O ,F ,T,N,C,50,0,0,0,1756561,5918452
Auckland,05/12/2014,Fri,2030,DB,CN1,111A 131A 517A ,T,E,D,O ,F , , ,C,50,0,0,0,1759317,5906990
Auckland,01/05/2014,Thu,1700,NB,CS1E,311A 376A 925 ,,R,D,B ,F ,D, ,C,50,0,0,1,1745634,5916822
Auckland,11/07/2014,Fri,2053,AC,4N14,159A 801 ,,R,W,TO,L , , ,C,50,0,0,0,1745626,5916803
Auckland,05/12/2014,Fri,2025,AA,CN1C,372A ,,E,D,B ,F ,R,G,R,50,0,0,0,1745686,5916993
Auckland,12/08/2014,Tue,1522,MC,VN1C,372B ,,E,D,BF,F , ,N,C,50,0,0,0,1745609,5916585
Auckland,20/07/2014,Sun,1511,FE,CS1C,158A 331A ,,R,W,OF,F ,X,T,C,50,0,0,0,1745597,5916437
Auckland,28/12/2014,Sun,1135,DB,CW1CC,358A 423A ,M,S,D,O ,F , , ,N,50,0,0,0,1770170,5917515
Auckland,16/11/2014,Sun,350,CC,VN1,112A 130A 402A ,FK,R,D,DO,F , , ,R,50,0,0,0,1765941,5916280
Auckland,22/09/2014,Mon,1700,GD,CE1C,331A ,,E,D,O ,F ,T,G,N,50,0,0,0,1760387,5906831
Auckland,08/12/2014,Mon,1120,KB,CW1C,302B 927 ,,E,D,B ,F ,D,G,C,50,0,0,0,1759994,5906884
Auckland,22/07/2014,Tue,0,EA,CW1V,129A ,M,M,W,DO,F , ,N,C,50,0,0,0,1755081,5943331
Auckland,07/10/2014,Tue,1700,KB,CW1C,926,,R,D,B ,F ,D,N,N,50,0,0,0,1756342,5944001
Auckland,25/03/2014,Tue,1500,MO,VN1C,371A ,,E,D,BF,F ,T,S,C,50,0,0,1,1762435,5917018
Auckland,17/09/2014,Wed,2021,DA,CW1,111A 131A ,T,M,D,DN,F , , ,C,100,0,0,0,1759287,5886159
Auckland,13/01/2014,Mon,1830,DA,VN1,134A 139A ,,M,D,B ,F , ,N,C,80,0,0,1,1755732,5888004
Auckland,16/05/2014,Fri,1730,CB,40,129A 815 ,FT,R,D,DN,F , ,N,C,50,0,0,0,1788415,5925478
Auckland,25/04/2014,Fri,2340,CA,40,103A 130A ,,R,D,DN,F , , ,C,50,0,0,0,1787044,5926327
Auckland,03/12/2014,Wed,1312,BF,CS1V,501A ,,M,D,B ,F , , ,C,50,0,0,0,1787059,5926353
Auckland,04/10/2014,Sat,1850,DB,CN1,111A 131A 404A ,EF,M,W,O ,L , , ,C,80,0,0,0,1787094,5925811
Auckland,11/05/2014,Sun,234,CC,CE1,101A 111A ,S,R,D,DN,F ,X,G,C,80,0,0,1,1775232,5891087
Auckland,13/12/2014,Sat,1200,DB,4N1,111A 131A ,C,M,W,ON,L , ,N,C,80,0,0,3,1733882,5931000
Auckland,27/01/2014,Mon,915,CC,4S1,112A 410A ,P,R,D,B ,F , , ,C,50,0,0,1,1767479,5905999
Auckland,10/08/2014,Sun,140,CC,VN1,130A 358A ,KT,R,D,DO,F , , ,C,50,0,0,0,1767491,5905951
Auckland,09/06/2014,Mon,1838,DA,CW1,111A 131A 514A 801 929 ,X,E,W,DO,H ,D,N,C,50,0,0,0,1744562,5920875
Auckland,22/03/2014,Sat,1907,EA,CW1C,130A 351A 524A ,M,E,D,TF,F , ,N,C,50,0,0,0,1744523,5920881
Auckland,19/10/2014,Sun,1600,EA,CN1C,386A ,M,R,D,B ,F , ,N,C,50,0,0,0,1744810,5920998
Auckland,08/12/2014,Mon,940,KB,4S1V,197A ,,R,D,B ,F ,T,S,R,50,0,0,2,1744008,5921010
Auckland,14/04/2014,Mon,1938,DA,CN1,129A 134A ,,M,W,DN,F , ,N,C,100,0,0,1,1742977,5948094
Auckland,08/04/2014,Tue,930,CC,TW1,129A 134A ,,R,D,B ,F , , ,C,100,0,0,1,1747117,5947807
Auckland,05/07/2014,Sat,1500,MC,VW1C,372B ,,M,W,ON,F , , ,C,50,0,0,0,1749815,5946535
Auckland,17/05/2014,Sat,1540,MD,CE1C,371B 929 ,,R,D,BF,F ,D,N,N,50,0,0,0,1754234,5945623
Auckland,03/06/2014,Tue,1830,EA,CE1V,129A 363A 601A ,M,R,D,DO,F , ,N,C,50,0,0,1,1752414,5924922
Auckland,07/08/2014,Thu,1846,CB,CN1C,129A 358A ,M,R,W,DO,F , ,N,C,50,0,0,0,1752305,5925026
Auckland,19/04/2014,Sat,1829,MO,CW1C,357A 512A ,,R,W,DO,L , ,T,C,60,0,0,0,1764365,5913591
Auckland,24/05/2014,Sat,1504,DB,CE1,131A 198A ,CPY,E,D,B ,F , , ,C,80,0,0,0,1764749,5913564
Auckland,05/10/2014,Sun,1330,LB,CE1C,303B 845 ,,R,D,B ,F ,T,T,R,50,0,0,0,1764132,5913611
Auckland,26/03/2014,Wed,1623,LB,CE1VC,323B 334B ,,R,D,B ,F ,T,T,C,50,0,0,1,1764132,5913611
Auckland,18/06/2014,Wed,2230,LB,CE1C,303B 375B ,,E,D,DO,F ,T,T,C,50,0,0,0,1764132,5913611
Auckland,21/07/2014,Mon,755,FE,CW1C,387A ,,R,W,OF,F ,T,T,C,50,0,0,0,1764132,5913611
Auckland,10/11/2014,Mon,1900,CA,CN1CCC,130A 514A ,,R,D,B ,F ,X,T,C,50,0,0,0,1763813,5913698
Auckland,13/08/2014,Wed,645,JA,CW1C,322B 334B ,,R,W,TO,F ,T,T,C,50,0,0,0,1763979,5913625
Auckland,20/12/2014,Sat,1725,GF,CW2C,381A ,,E,W,OF,L ,T,T,C,50,0,0,0,1765163,5913376
Auckland,18/07/2014,Fri,2030,GD,CE1V,112A 929 ,,R,D,DO,F ,D,N,C,50,0,0,1,1764666,5913568
Auckland,29/05/2014,Thu,1730,HA,CE2V,301B 375B ,,R,D,OF,F ,X,S,C,50,0,0,0,1750263,5915496
Auckland,30/08/2014,Sat,1230,FD,CS1C,181A ,,R,W,OF,L , ,N,C,50,0,0,0,1755675,5928393
Auckland,04/11/2014,Tue,815,FA,CS1V,184A ,,R,D,B ,F , , ,P,50,0,0,0,1755638,5928464
Auckland,04/09/2014,Thu,2120,JA,CN1C,308B 375B 901 929 ,,R,W,DO,H ,D,N,C,50,0,0,0,1755286,5929039
Auckland,21/06/2014,Sat,1155,FD,CS1CC,331A 350A ,,R,D,B ,F , , ,C,50,0,0,0,1755286,5929039
Auckland,15/12/2014,Mon,1423,AC,CE14,102A 372A ,,R,D,O ,F , , ,C,50,0,0,0,1755147,5929108
Auckland,03/07/2014,Thu,1724,AC,4W1C,159A ,,E,D,O ,F , , ,C,50,0,0,0,1753932,5929356
Auckland,16/01/2014,Thu,1929,JC,CS2C,302B 314B 377B ,,R,D,OF,F ,T,G,C,50,0,0,0,1753981,5929363
Auckland,28/03/2014,Fri,1340,JC,CE2C,302A ,,R,D,BF,F ,T,G,C,50,0,0,0,1753981,5929363
Auckland,29/09/2014,Mon,817,LB,CE1C,303B 375B 801 ,,E,W,O ,L ,T,G,P,50,0,0,2,1753981,5929363
Auckland,06/06/2014,Fri,1736,BE,CW1C,130A ,,R,D,TO,F , , ,C,50,0,1,2,1756089,5928106
Auckland,21/05/2014,Wed,1714,GD,VE1CC,181A 331A 929 ,,R,D,DO,F ,D,N,C,50,0,0,0,1753893,5929345
Auckland,19/03/2014,Wed,1320,FD,4N1C,181A ,,R,D,BF,F , ,N,P,50,0,0,0,1755434,5928868
Auckland,27/10/2014,Mon,1100,FE,CN1C,386A ,,R,D,B ,F ,X,T,C,50,0,0,0,1755388,5928957
Auckland,05/12/2014,Fri,736,HA,CN1V,320A 377A 322B ,,R,D,B ,F ,X,T,C,50,0,0,1,1755388,5928957
Auckland,18/12/2014,Thu,1502,FE,4S14,181A ,,R,D,BF,F ,X,T,P,50,0,0,0,1755388,5928957
Auckland,08/11/2014,Sat,950,JA,CW1C,302B 377B ,,R,D,BF,F ,T,G,C,50,0,0,1,1754402,5929227
Auckland,12/11/2014,Wed,1610,FD,CW1C,181A ,,M,W,OF,L , ,N,P,50,0,0,1,1755866,5928142
Auckland,01/12/2014,Mon,1314,FD,CN1CC,331A ,,R,D,BF,F ,T,T,C,50,0,0,0,1755800,5928186
Auckland,03/03/2014,Mon,1900,KA,CN1C,302B 375B ,,E,D,BF,F ,X,G,R,50,0,0,0,1755786,5928200
Auckland,12/07/2014,Sat,1435,JA,4N14,334A 334B 801 ,,R,W,O ,L ,T,T,C,50,0,0,0,1755786,5928200
Auckland,06/09/2014,Sat,1845,FA,CS1C,102A 181A ,,R,D,DO,F ,T,N,R,50,0,0,0,1755786,5928200
Auckland,13/12/2014,Sat,1435,BF,CW1C,322A 330A ,,R,D,O ,F ,T,T,C,50,0,0,0,1755786,5928200
Auckland,01/09/2014,Mon,1906,LB,CN1C,303B ,,E,W,DO,L ,T,T,R,50,0,0,0,1755786,5928200
Auckland,20/09/2014,Sat,1350,FE,CS1C,181A 330A ,,R,D,B ,F ,T,T,R,50,0,0,0,1755786,5928200
Auckland,20/06/2014,Fri,2026,LB,CN1C,303B 334B ,,R,D,DO,F ,T,T,R,50,0,0,0,1755786,5928200
Auckland,07/07/2014,Mon,1836,LB,CN1CV,303B 323B ,,R,W,DO,L ,T,T,C,50,0,0,0,1755786,5928200
Auckland,15/01/2014,Wed,1642,FE,CN1C,181A 351A ,,R,D,B ,F ,M,T,C,80,0,0,0,1756431,5927790
Auckland,12/03/2014,Wed,1430,GB,CS1C,142B 175B ,,R,D,B ,F ,X,G,C,50,0,0,0,1756431,5927790
Auckland,19/07/2014,Sat,1535,AC,CS1C,372A ,,E,W,OF,L , ,N,R,60,0,0,0,1755054,5929195
Auckland,02/06/2014,Mon,1117,FE,CE1C,132A 334A ,,R,D,B ,F ,T,T,C,50,0,0,0,1755044,5929206
Auckland,31/03/2014,Mon,1205,AC,4W1C,372A ,,R,D,BF,F ,T,T,C,50,0,0,0,1755044,5929206
Auckland,30/07/2014,Wed,1115,AC,CN1V,372A ,,R,D,BF,F , ,N,R,50,0,0,0,1755368,5928979
Auckland,26/03/2014,Wed,1335,FA,CS1C,181A ,,R,D,B ,F , , ,R,50,0,0,0,1755316,5929025
Auckland,06/12/2014,Sat,1959,FE,VS1C,103A 181A ,,R,D,B ,F ,X,T,C,50,0,0,0,1755388,5928957
Auckland,07/02/2014,Fri,1145,FE,VN1C,112A 334A ,,R,D,B ,F ,X,T,C,50,0,0,0,1755388,5928957
Auckland,10/02/2014,Mon,1430,JA,CN1C,308B 375B 924 ,,R,D,B ,F ,D,N,P,50,0,0,0,1755368,5928979
Auckland,15/08/2014,Fri,1625,JA,CW1C,302B ,,R,D,O ,F ,X,G,C,50,0,0,1,1754412,5929230
Auckland,12/12/2014,Fri,1430,JA,4S1V,308B 377B 927 ,,R,D,BF,F ,D,N,P,50,0,0,0,1755098,5929147
Auckland,22/02/2014,Sat,1455,LB,CN1V,303B 377B ,,R,D,B ,F ,T,G,R,50,0,0,0,1755087,5929158
Auckland,26/02/2014,Wed,2054,JA,CN1C,302B 375B ,,R,D,DO,F ,T,G,P,50,0,0,0,1755087,5929158
Auckland,25/07/2014,Fri,1335,JA,CN14,302B 387B ,,R,W,OF,F ,T,G,C,50,0,0,0,1755087,5929158
Auckland,08/08/2014,Fri,1700,JA,CW1C,302B 377B 801 ,,R,W,O ,L ,T,G,C,50,0,0,1,1754412,5929230
Auckland,23/01/2014,Thu,1155,JC,CN2M,302A 375A ,,R,D,O ,F ,T,G,C,50,0,0,0,1754412,5929230
Auckland,08/10/2014,Wed,630,FB,4E1C,111A 331A 387A ,,E,D,B ,F ,T,G,C,80,0,0,1,1736949,5920476
Auckland,22/02/2014,Sat,1214,DA,CN1,129A 131A ,T,M,W,OF,L , ,N,C,80,0,1,0,1734878,5920576
Auckland,04/02/2014,Tue,2105,EC,CN1,402A 912 ,W,R,D,DN,F , ,N,C,80,0,0,0,1737629,5920903
Auckland,25/07/2014,Fri,1700,DA,CS1,103A 131A ,V,M,W,ON,L , ,N,C,100,0,0,0,1738110,5925623
Auckland,05/01/2014,Sun,1345,DB,VN1,111A 131A ,V,M,W,ON,L , ,N,C,80,0,0,1,1738199,5923599
Auckland,05/07/2014,Sat,1900,EA,CN1C,129A ,M,R,D,DO,F , ,N,C,50,0,0,0,1760419,5913279
Auckland,23/05/2014,Fri,1600,LB,CS1C,382B ,,R,D,O ,F ,T,G,C,50,0,0,0,1760419,5913294
Auckland,29/12/2014,Mon,2040,KA,SS1C,302B 375B ,,R,D,TF,F ,T,G,C,50,0,0,1,1760419,5913294
Auckland,02/11/2014,Sun,900,MD,CS1C,371B 929 ,,R,D,OF,F ,D,N,C,50,0,0,0,1760419,5913294
Auckland,27/08/2014,Wed,1913,MO,CE14,371B ,,R,D,DO,F , ,N,L,50,0,0,0,1754542,5914622
Auckland,18/07/2014,Fri,1950,GD,4N14,181A 144B 631B ,,R,D,DN,F ,T,N,C,100,0,0,0,1741685,5986823
Auckland,21/12/2014,Sun,1400,DA,MN1,131A ,V,M,D,BN,F , ,N,C,100,0,0,1,1740227,5984372
Auckland,03/01/2014,Fri,702,DA,CS1,131A 902 ,C,E,D,B ,F , , ,C,100,0,0,1,1740540,5984170
Auckland,27/01/2014,Mon,1505,DA,CS1,131A 191A ,F,M,D,O ,F , , ,C,100,0,0,0,1740561,5984162
Auckland,17/10/2014,Fri,1000,GB,CS1C,103A 112A 929 ,,R,D,B ,F ,D,N,C,50,0,0,2,1743033,5919260
Auckland,04/05/2014,Sun,204,CC,CW1,137A 817 ,V,R,D,DN,F , ,N,N,80,0,0,0,1764463,5877819
Auckland,24/09/2014,Wed,646,HA,CN1C,301A 375A ,,E,D,O ,F ,X,S,C,100,0,0,0,1765886,5878541
Auckland,05/08/2014,Tue,845,CB,TE1,130A 330A ,F,R,D,O ,F , , ,L,70,0,0,0,1755440,5875902
Auckland,05/04/2014,Sat,1001,LB,4W1CC,303B ,,R,D,O ,F ,T,G,P,70,0,1,0,1755257,5875981
Auckland,03/12/2014,Wed,720,DB,CW1,129A 131A 358A ,F,E,D,B ,F , , ,C,100,0,0,1,1759430,5879762
Auckland,02/04/2014,Wed,820,DA,CE1,131A ,C,M,D,BN,F , ,N,C,100,0,0,0,1759330,5879753
Auckland,13/10/2014,Mon,1528,DB,CW1,111A 131A 402A ,FT,M,D,B ,F , , ,C,100,0,0,1,1758834,5879512
Auckland,04/09/2014,Thu,2310,DA,CS1,103A 111A ,FJ,M,W,DN,L , ,N,C,100,0,0,1,1756925,5876196
Auckland,26/01/2014,Sun,930,JA,CN1C,301B ,,E,D,B ,F ,T,S,C,100,0,0,0,1757269,5876692
Auckland,06/10/2014,Mon,1715,KA,CN1C,301B ,,M,D,O ,F ,X,S,C,100,0,0,0,1757269,5876692
Auckland,06/10/2014,Mon,535,DA,CN1,131A 191A 800 ,K,M,W,DN,F , , ,C,100,0,0,0,1758385,5879175
Auckland,03/06/2014,Tue,1540,DB,CE1,101A ,V,E,D,O ,F , ,N,L,100,0,0,2,1758615,5879345
Auckland,27/03/2014,Thu,2330,DA,CN1,111A 131A 817 ,,M,D,DN,F , , ,N,100,0,0,0,1757891,5879034
Auckland,04/05/2014,Sun,1042,CB,CS1,137A 195A ,FP,R,D,B ,F , ,N,L,100,0,0,1,1757846,5878870
Auckland,29/03/2014,Sat,430,CB,CN1,112A 410A ,F,R,D,DN,F , ,N,N,100,0,0,0,1757750,5878523
Auckland,28/03/2014,Fri,706,DB,CW1,131A 804 ,ET,M,D,O ,F , , ,N,100,0,0,0,1757942,5879196
Auckland,27/08/2014,Wed,1420,FO,TW1V,145A 173A 132B ,,M,D,O ,F ,T,N,P,100,0,0,0,1757998,5879276
Auckland,05/03/2014,Wed,1130,FD,CW1C,181A ,,R,W,ON,L ,T,G,C,80,0,0,0,1764029,5877976
Auckland,23/03/2014,Sun,1027,HA,CW1C,321B 335B ,,E,D,B ,F ,X,S,C,100,0,1,6,1767019,5879552
Auckland,17/12/2014,Wed,1715,JA,CE1C,302B 375B 901 ,,R,W,O ,H ,T,G,L,100,0,0,0,1760381,5879313
Auckland,05/09/2014,Fri,1230,DA,CN1,111A 131A ,X,M,D,ON,F , ,N,C,80,0,0,0,1765055,5877897
Auckland,18/08/2014,Mon,1630,DA,CN1,129A 131A ,C,M,D,O ,F , , ,C,100,0,0,1,1765198,5878006
Auckland,31/01/2014,Fri,2254,DB,CN2C,111A 122A ,M,S,D,DO,F ,T,G,C,50,0,0,0,1752416,5918817
Auckland,28/06/2014,Sat,811,DB,CW1,111A 131A 191A 800 ,V,M,W,O ,F , , ,C,80,0,0,0,1744790,5932710
Auckland,05/10/2014,Sun,1802,DA,CN1T,101A 111A 131A 402A 407A 818 ,PV,E,D,B ,F , , ,C,100,0,0,2,1745780,5932007
Auckland,10/10/2014,Fri,2130,EA,CW1TV,103A 130A ,MM,R,D,TO,F ,T,N,C,50,0,0,0,1760787,5908565
Auckland,07/11/2014,Fri,2300,EA,CW14,103A 129A ,M,R,D,DO,F , ,N,C,50,0,0,0,1760642,5908482
Auckland,21/04/2014,Mon,1610,MO,CS1C,371A ,M,R,D,O ,F ,X,G,C,50,0,0,0,1757400,5919780
Auckland,21/10/2014,Tue,1215,JA,CN1C,302B 377B 839 ,,R,D,O ,F ,X,G,C,50,0,0,1,1757404,5919771
Auckland,17/07/2014,Thu,1724,BE,CN1CC,137A ,,R,D,TF,F ,X,S,C,50,0,0,0,1757404,5919771
Auckland,21/05/2014,Wed,0,FE,CN1C,181A 331A 801 ,,R,W,DO,L ,T,T,C,50,0,0,0,1757333,5919932
Auckland,02/10/2014,Thu,1620,MC,CN1C,372B ,,R,W,O ,L , , ,P,50,0,0,0,1757383,5919816
Auckland,27/09/2014,Sat,2130,JA,CS1C,301B ,J,R,D,DO,F ,X,S,C,50,0,0,0,1757404,5919771
Auckland,14/03/2014,Fri,1220,GA,PS1C,181A ,,R,D,B ,F ,T,G,C,50,0,0,0,1757404,5919771
Auckland,30/06/2014,Mon,1816,MC,CS1C,372B ,,R,D,DO,F , , ,C,50,0,0,0,1757276,5920054
Auckland,06/08/2014,Wed,1400,EA,CE1C,129A ,M,R,D,BF,F , ,N,C,50,0,0,0,1757348,5919895
Auckland,02/08/2014,Sat,2015,FE,CW1C,181A ,,R,D,TO,F ,T,T,C,50,0,0,0,1757258,5920071
Auckland,16/05/2014,Fri,1030,FE,BW1C,181A 387A ,,R,D,BF,F ,T,T,R,50,0,0,0,1757258,5920071
Auckland,06/03/2014,Thu,1300,EA,CS1C,129A ,M,R,D,O ,F , , ,C,50,0,0,0,1757373,5919838
Auckland,10/05/2014,Sat,2300,EA,CE1C,129A ,M,R,D,DO,F , ,N,C,50,0,0,0,1757446,5919687
Auckland,07/05/2014,Wed,1100,MO,CN1,420A 507A ,H,R,D,B ,F , , ,R,50,0,0,1,1777970,5916360
Auckland,26/02/2014,Wed,2340,DB,CN1,103A 130A 402A ,F,E,D,DO,F , , ,C,50,0,0,5,1758566,5908757
Auckland,06/08/2014,Wed,1250,GD,CN1C,181A 333A ,,E,D,OF,F ,T,G,C,60,0,0,0,1758137,5909360
Auckland,10/07/2014,Thu,1125,AB,CE14,153A 357A ,,R,W,OF,L ,T,G,C,50,0,0,0,1761241,5913652
Auckland,13/09/2014,Sat,46,EA,CN1C,103A 129A ,M,R,D,DO,F , , ,C,50,0,1,0,1752525,5918631
Auckland,03/10/2014,Fri,1450,JA,CE1C,308B 314B 801 927 ,,R,W,O ,L ,D, ,C,50,0,0,0,1760010,5908799
Auckland,20/12/2014,Sat,1720,LB,VW1C,303B 375B ,,R,W,OF,L ,X,T,C,50,0,0,1,1760116,5908830
Auckland,14/10/2014,Tue,850,FD,CW1CC,181A 331A 358A 181B ,,R,D,B ,F ,X,T,C,60,0,0,0,1760116,5908830
Auckland,17/03/2014,Mon,2210,EA,CW1C,103A 129A ,M,R,D,DO,F , , ,C,50,0,0,0,1759687,5908707
Auckland,13/02/2014,Thu,825,JA,CW1C,300B 353B ,,R,D,OF,F ,T,N,N,50,0,0,0,1759659,5908699
Auckland,07/04/2014,Mon,630,JA,CW1C,302B 375B ,,R,D,TF,F ,T,G,C,50,0,0,0,1759659,5908699
Auckland,15/10/2014,Wed,1530,LB,CE1C,103B 303B 375B 929 ,,R,D,B ,F ,D,N,C,50,0,0,0,1760145,5908838
Auckland,08/05/2014,Thu,900,JA,VE1C,308B 375B 922 ,,R,W,BF,F ,D,N,L,50,0,0,0,1760270,5908872
Auckland,14/04/2014,Mon,750,NA,CE1E,712B ,,R,D,B ,F , , ,C,50,0,0,1,1760049,5908810
Auckland,03/10/2014,Fri,1410,AC,CE1V,372A ,,R,D,O ,F , , ,C,60,0,0,0,1760445,5908920
Auckland,12/02/2014,Wed,2245,FE,CN1C,112A 334A ,,R,D,DO,F ,X,T,C,50,0,0,0,1763329,5909543
Auckland,08/11/2014,Sat,442,LB,CS1C,303B ,,E,D,DO,F ,T,T,C,50,0,0,0,1763329,5909543
Auckland,28/09/2014,Sun,1700,JA,4E1C,322A 410A ,,R,D,B ,F ,X,T,R,50,0,0,0,1759891,5908764
Auckland,13/04/2014,Sun,1045,FE,4E1C,181A ,,R,D,BF,F ,T,T,C,50,0,0,0,1759891,5908764
Auckland,19/05/2014,Mon,315,CB,CW1,111A 131A 514A ,,R,D,DO,F ,T,T,R,50,0,0,0,1759891,5908764
Auckland,14/10/2014,Tue,1400,MO,TE1C,386A ,M,R,D,B ,F ,T,S,C,50,0,0,0,1751130,5915645