TLANAME,CRASHDATE,CRASHDOW,CRASHTIME,MVMT,VEHICLES,CAUSES,OBJECTSSTRUCK,ROADCURVE,ROADWET,LIGHT,WTHRa,JUNCTYPE,TRAFCTRL,ROADMARK,SPDLIM,CRASHFATALCNT,CRASHSEVCNT,CRASHMINCNT,EASTING,NORTHING
Auckland,07/05/2014,Wed,855,LB,TW1C,303B 375B ,,E,D,B ,FF,T,N,C,50,0,0,0,1749862,5947994
Auckland,11/08/2014,Mon,730,EA,CE1C,351A 363A 902 ,M,R,W,BF,F , ,N,C,50,0,0,0,1770622,5898600
Auckland,03/09/2014,Wed,718,DB,CE1,111A 131A ,C,M,D,BN,F , ,N,N,100,0,0,0,1767995,5891533
Auckland,21/03/2014,Fri,650,EC,CE1,912,W,E,D,DN,F , ,N,C,100,0,0,1,1768698,5892053
Auckland,13/05/2014,Tue,815,CB,CN1,134A 402A 407A ,V,R,W,B ,F , , ,C,100,0,0,0,1768617,5891947
Auckland,02/09/2014,Tue,1630,QC,CW1,447A ,N,R,D,OF,F , ,T,C,50,0,0,0,1771795,5897919
Auckland,01/05/2014,Thu,1125,MO,CW1C,371A 371B 926 ,,R,D,B ,F ,D,N,N,50,0,0,0,1771758,5897905
Auckland,14/02/2014,Fri,220,DA,CS1,103A 111A 131A ,K,M,W,DN,F , , ,N,50,0,0,0,1764519,5910814
Auckland,19/08/2014,Tue,215,HA,VW1C,302A 375A ,,R,W,DO,L ,R,G,R,50,0,0,0,1771523,5897827
Auckland,18/05/2014,Sun,2015,MB,CW1C,370B ,,R,D,DO,F , , ,C,70,0,0,0,1772835,5898300
Auckland,25/08/2014,Mon,2110,DA,CS1,101A 111A ,C,M,D,DN,F , ,N,C,100,0,2,0,1769333,5892794
Auckland,11/02/2014,Tue,600,CC,CE1,195A 410A ,V,R,D,DN,F , , ,C,100,0,0,0,1769226,5892710
Auckland,21/07/2014,Mon,730,CB,CE1,129A ,P,R,W,OF,L , ,N,C,70,0,0,1,1773580,5898583
Auckland,16/06/2014,Mon,1815,HA,CS2C,302A 370A 404A 801 ,,E,W,DO,L ,R,G,C,50,0,0,0,1772098,5898022
Auckland,30/04/2014,Wed,,MO,CW1C,112A 129A ,M,R,D,O ,F , , ,N,50,0,0,0,1755502,5917717
Auckland,04/10/2014,Sat,1600,FB,CW1C,331A ,,E,D,B ,F ,T,G,C,50,0,0,0,1755347,5917757
Auckland,19/03/2014,Wed,,EA,CE1C,129A ,M,R,D,DO,F , , ,N,50,0,0,0,1758866,5916138
Auckland,29/01/2014,Wed,1812,FE,CS1C,181A 331A ,,R,D,B ,F ,T,T,C,50,0,0,0,1750380,5913767
Auckland,24/12/2014,Wed,830,CA,CS2C,112A 335A 350A ,IX,R,D,B ,F ,R,G,R,50,0,0,0,1768318,5880029
Auckland,27/01/2014,Mon,2026,FA,VW1C,103A 111A ,,M,D,TF,F ,T,G,C,50,0,0,0,1745788,5907601
Auckland,07/05/2014,Wed,1630,DA,CW1C,131A 929 ,M,M,D,O ,F ,D,N,C,50,0,0,1,1756511,5913500
Auckland,23/04/2014,Wed,735,FD,CE1CC,181A 331A 191B 902 ,,M,D,B ,F , ,N,C,50,0,0,0,1756559,5913516
Auckland,23/04/2014,Wed,735,EA,CE1T,363A 370A 902 ,M,M,D,B ,F , ,N,C,50,0,0,0,1756559,5913516
Auckland,19/11/2014,Wed,1350,KB,CS1C,301B ,,M,D,B ,F ,T,S,C,50,0,0,0,1756466,5913479
Auckland,29/07/2014,Tue,1005,MC,CN1C,372B ,,R,D,B ,F ,X,T,C,50,0,0,1,1756663,5913756
Auckland,25/11/2014,Tue,1750,FD,CN1C,331A 353A ,,R,D,BF,F , ,N,C,50,0,0,0,1756657,5913722
Auckland,19/05/2014,Mon,1640,KA,SE1C,302B 375B ,,E,D,B ,F ,X,G,C,50,0,0,1,1761831,5920024
Auckland,18/12/2014,Thu,2050,MA,XN1C,373B ,,R,D,DO,F , , ,C,50,0,0,0,1757902,5920400
Auckland,17/10/2014,Fri,2030,FB,CS1C,380A ,,E,W,DO,L ,T,G,C,50,0,0,0,1751979,5917906
Auckland,10/04/2014,Thu,2022,FE,CW1C,103A 181A ,,R,W,DO,L , ,T,N,50,0,0,0,1751273,5917999
Auckland,23/05/2014,Fri,1740,FA,CW1C,130A 427A 801 ,,R,W,DO,L , , ,N,100,0,0,1,1751712,5917906
Auckland,28/04/2014,Mon,1220,PD,CS1E,722B ,,R,D,B ,F , ,N,C,50,0,0,2,1766720,5907875
Auckland,07/04/2014,Mon,300,CC,CE1,129A 130A ,JP,R,W,DO,F , , ,C,50,0,0,0,1756994,5915415
Auckland,03/09/2014,Wed,1745,EA,CE1C,129A ,M,R,D,OF,F , ,N,C,50,0,0,0,1768614,5898916
Auckland,11/10/2014,Sat,708,BE,CN1T,125A 197A 330A ,,R,W,B ,F , ,N,C,100,0,0,0,1739237,5979895
Auckland,24/07/2014,Thu,650,EC,CS1,195A 912 ,W,R,W,DN,F , , ,C,100,0,0,0,1738956,5978899
Auckland,27/03/2014,Thu,1230,DA,CS1,410A ,CF,E,D,BN,F , ,N,C,100,0,0,1,1740348,5981953
Auckland,27/02/2014,Thu,1544,LB,CW1C,303B 352B ,,R,D,B ,F ,T,N,C,50,0,0,0,1755013,5936527
Auckland,24/06/2014,Tue,1019,FB,4S1C,181A 331A ,,R,D,B ,F ,T,G,C,50,0,0,0,1754552,5928528
Auckland,19/11/2014,Wed,825,BB,CE2C,124A 363A 902 ,,E,D,BF,F ,T,G,C,50,0,0,1,1753762,5928889
Auckland,27/06/2014,Fri,655,FD,VN1C,110A 331A 350A ,,R,W,DO,L , ,N,N,50,0,0,0,1757672,5919666
Auckland,14/02/2014,Fri,941,FD,TW1C,111A 331A ,,M,D,BF,F , ,N,N,80,0,0,0,1757255,5918894
Auckland,24/12/2014,Wed,909,JA,CW1C,322A ,,R,D,OF,F ,T,T,R,50,0,0,2,1757721,5919763
Auckland,03/10/2014,Fri,234,DA,CN2,103A 111A 131A 801 ,G,S,W,DO,L ,T,T,R,50,0,0,1,1757734,5919745
Auckland,21/01/2014,Tue,2128,JA,CW1C,322A 351A ,,E,D,DO,F ,T,T,R,50,0,0,1,1757734,5919745
Auckland,20/08/2014,Wed,1152,JA,CE14,301B ,,E,D,O ,F ,T,S,R,50,0,0,0,1757380,5920188
Auckland,02/10/2014,Thu,1810,FD,CN1V,331A 359A ,,R,D,B ,F , ,N,C,50,0,0,0,1757590,5919959
Auckland,07/05/2014,Wed,1924,AO,XW1C,129A ,,R,D,DO,F ,X,T,C,50,0,0,0,1757133,5920284
Auckland,22/07/2014,Tue,1805,MF,BN1V,371B ,,R,D,DO,F , ,N,C,50,0,0,0,1756606,5920484
Auckland,09/06/2014,Mon,1716,MO,CE1C,371A ,,R,W,DF,L , , ,N,50,0,0,0,1757249,5920240
Auckland,09/06/2014,Mon,1545,NA,ME1E,370A 711B 801 841 ,,R,W,O ,L ,T,T,C,50,0,0,2,1757230,5920247
Auckland,19/10/2014,Sun,730,NB,CW1E,713B ,,R,D,B ,F ,X,T,C,50,0,0,0,1756994,5920336
Auckland,19/06/2014,Thu,2357,FF,CE1C,181A 420B ,,R,D,DO,F ,X,T,C,50,0,0,0,1756989,5920338
Auckland,25/11/2014,Tue,2330,FE,CE1C,181A ,,R,D,DO,F ,T,T,L,50,0,0,0,1756989,5920338
Auckland,15/02/2014,Sat,1042,MO,BW1C,129A 386A ,,R,D,B ,F ,X,T,C,50,0,0,0,1757152,5920277
Auckland,22/04/2014,Tue,2045,LB,MW1C,201B 303B ,,R,D,DO,F ,X,T,C,50,0,0,0,1756853,5920389
Auckland,29/03/2014,Sat,2200,FE,CW1C,386A ,,R,D,DO,F ,X,T,C,50,0,0,0,1756853,5920389
Auckland,28/06/2014,Sat,705,FE,4E1C,103A 181A ,,R,W,B ,F ,X,T,C,50,0,0,0,1756853,5920389
Auckland,01/10/2014,Wed,1200,GF,4N1C,172A 381A ,,R,D,B ,F ,X,T,C,50,0,0,0,1757315,5920216
Auckland,05/07/2014,Sat,335,GD,CW1C,181A 333A 929 ,,R,W,DO,L ,D,N,C,50,0,0,0,1756686,5920452
Auckland,30/04/2014,Wed,1730,MC,CE1C,372B ,,R,D,TO,F , ,N,P,50,0,0,0,1756723,5920438
Auckland,20/06/2014,Fri,2320,FE,CN1C,181A 387A ,,R,D,DO,F ,T,T,C,50,0,0,0,1756593,5920535
Auckland,09/01/2014,Thu,835,LB,CN1C,303B 314B 375B 927 ,,R,D,BF,F ,D, ,C,50,0,0,0,1756581,5920494
Auckland,17/06/2014,Tue,1109,FE,CN1V,112A 331A ,,R,W,O ,F , ,T,N,100,0,0,0,1756404,5920151
Auckland,15/12/2014,Mon,1015,EA,CE1B,358A ,M,R,D,BF,F ,T,G,R,50,0,0,0,1755963,5920156
Auckland,22/05/2014,Thu,1248,HA,CS2C,302A 375A ,S,R,D,B ,F ,X,G,C,50,0,0,1,1772568,5896008
Auckland,02/04/2014,Wed,2005,EA,CS1CC,103A 129A ,M,R,D,DO,F , , ,C,50,0,0,0,1771571,5914325
Auckland,08/02/2014,Sat,324,FD,4W1CC,103A 331A ,,R,D,DO,F ,T,N,C,50,0,0,1,1756021,5920136
Auckland,21/03/2014,Fri,1800,MD,CW1C,308B 371B 930 ,,R,D,B ,F ,D,N,L,50,0,0,0,1756283,5920048
Auckland,17/04/2014,Thu,1645,FD,CW1C,181A 331A ,,R,D,BF,F , ,N,C,50,0,0,0,1756322,5920034
Auckland,18/02/2014,Tue,1900,NF,CS2E,383A ,,R,D,BF,F ,T,G,C,50,0,0,1,1756369,5920018
Auckland,16/10/2014,Thu,2130,JA,CW1C,302B 375B ,,E,D,DO,F ,T,G,R,50,0,0,0,1756369,5920018
Auckland,26/06/2014,Thu,1715,JA,CW1C,302B 423B ,,E,D,DO,F ,T,G,C,50,0,0,0,1756369,5920018
Auckland,26/11/2014,Wed,1547,EA,CS1CC,112A 130A 198A ,MM,R,D,B ,F , , ,C,50,0,0,1,1771810,5914855
Auckland,07/02/2014,Fri,1215,FD,CW1V,181A ,,R,D,O ,F , , ,C,50,0,0,0,1756111,5920105
Auckland,24/02/2014,Mon,1755,AA,CW1C,372A ,,R,D,B ,F , , ,R,50,0,0,0,1756495,5919999
Auckland,01/10/2014,Wed,1915,BB,CN1C,111A 123A ,,M,D,DN,F , ,N,N,100,0,0,1,1749954,5954704
Auckland,12/08/2014,Tue,1710,JA,CW1C,308B 377B 929 ,,R,W,O ,L ,D,N,C,50,0,0,0,1768822,5881034
Auckland,13/05/2014,Tue,1830,HA,4W1C,302A 375A ,,R,D,DO,F ,R,G,R,50,0,0,0,1768719,5881051
Auckland,06/12/2014,Sat,1901,LB,4W1C,303B 925 ,,R,D,B ,F ,D,N,C,50,0,0,2,1747373,5913711
Auckland,25/06/2014,Wed,1820,MC,CE1C,110B 135B 308B 901 ,,R,W,DO,H ,D,N,C,50,0,0,0,1747314,5913748
Auckland,16/01/2014,Thu,1900,KB,CS1C,302B 386B ,,R,D,O ,F ,T,T,C,80,0,0,0,1747398,5913695
Auckland,23/01/2014,Thu,740,AA,CE1C,184A ,,E,D,B ,F ,T,T,C,50,0,0,0,1747398,5913695
Auckland,04/07/2014,Fri,700,LB,CW1C,303B 353B 375B ,,R,W,DO,HS,T,T,C,50,0,0,0,1747398,5913695
Auckland,11/04/2014,Fri,1130,FA,CN2C,181A 330A ,,R,W,OF,L ,T,T,P,50,0,0,0,1747398,5913695
Auckland,05/06/2014,Thu,2015,LB,CW1V,322B ,,R,W,DO,L ,T,T,C,50,0,0,0,1747398,5913695
Auckland,24/03/2014,Mon,630,LB,CW1C,303B 375B 404B ,,R,D,DO,F ,T,T,C,50,0,0,2,1747398,5913695
Auckland,23/02/2014,Sun,1912,FD,CE14C,331A 331B 350B 817 ,,R,D,O ,F , , ,L,50,0,1,0,1747252,5913776
Auckland,22/05/2014,Thu,1615,AA,4E1C,372A 381A ,,R,D,O ,F , , ,C,50,0,0,0,1747252,5913776
Auckland,17/08/2014,Sun,1750,LB,CW1C,103B 303B ,,R,D,TF,F ,T,S,C,50,0,0,0,1747267,5913773
Auckland,14/02/2014,Fri,730,CC,CN1,129A 358A ,T,R,W,OF,F , ,N,N,70,0,0,1,1743871,5913266
Auckland,27/01/2014,Mon,901,BF,CN1B,111A 132A ,,S,D,B ,F , , ,C,70,0,0,1,1740771,5911572
Auckland,24/11/2014,Mon,1905,BF,CN14,111A 131A ,,M,W,TN,L , ,N,C,70,0,0,4,1740791,5911426
Auckland,03/03/2014,Mon,1029,DB,VN1,131A ,X,S,D,OF,F , ,N,C,50,0,0,0,1740795,5911361
Auckland,18/06/2014,Wed,1129,BF,CN1T,111A 131A ,,S,W,BF,F , ,N,C,50,0,0,1,1740746,5911360
Auckland,19/11/2014,Wed,2200,NG,CW1E,341A 715B ,,E,D,DO,F ,X,T,L,50,0,0,1,1747059,5913844
Auckland,17/10/2014,Fri,1735,FD,CE1C,181A 358A ,,R,D,O ,F , , ,C,50,0,0,1,1747041,5913852
Auckland,31/01/2014,Fri,1340,LB,CW1C,303B 375B 930 ,,R,D,B ,F ,D,N,P,50,0,0,0,1747036,5913854
Auckland,05/06/2014,Thu,1210,GD,CW1C,331A 927 ,,R,D,BF,F ,D,N,C,80,0,0,0,1746946,5913896
Auckland,12/11/2014,Wed,720,NA,VE1E,713B ,,R,W,OF,L ,T,T,C,50,0,0,1,1747055,5913846
Auckland,16/12/2014,Tue,1630,FE,CE1C,181A ,,R,D,ON,F ,T,T,C,50,0,0,0,1747055,5913846
Auckland,28/04/2014,Mon,1939,LB,CW1CC,303B 375B 103C ,,R,W,DO,L ,T,T,L,50,0,0,0,1747055,5913846
Auckland,16/02/2014,Sun,1400,KB,400000000000000,302B 375B ,,E,D,BF,F ,T,G,C,50,0,0,0,1744942,5914034
Auckland,05/11/2014,Wed,1006,EE,CN1C,374B 384B ,M,R,D,B ,F , , ,C,50,0,0,0,1747142,5913808
Auckland,29/08/2014,Fri,1924,LB,PE1C,303B 375B ,,R,D,DO,F ,T,T,C,50,0,0,1,1747179,5913794
Auckland,19/06/2014,Thu,1500,JA,CE14,113A 322A ,,R,W,OF,L ,T,T,C,50,0,0,1,1747179,5913794
Auckland,05/12/2014,Fri,725,LB,CE1C,303B ,,R,D,O ,F ,T,T,R,50,0,0,0,1747179,5913794
Auckland,28/11/2014,Fri,2215,LB,4E1C,323B 330B 402B ,,E,D,DO,F ,T,T,R,50,0,0,0,1747179,5913794
Auckland,18/06/2014,Wed,1519,KA,CS1C,308B 925 ,,R,D,B ,F ,D,N,C,50,0,0,0,1748177,5913934
Auckland,30/03/2014,Sun,1145,AA,CN1C,181A 372A ,,R,D,B ,F , ,N,C,50,0,0,0,1747506,5913628
Auckland,27/06/2014,Fri,1520,FE,CE1C,331A ,,R,W,OF,L ,X,T,C,60,0,0,0,1747523,5913617
Auckland,01/01/2014,Wed,1635,AC,CW1C,103A 150A 372A ,,R,D,O ,F , ,N,P,50,0,0,0,1746088,5913982
Auckland,09/09/2014,Tue,850,AC,CE1C,381A ,,R,D,BF,F , ,N,C,50,0,0,0,1746127,5913992
Auckland,20/05/2014,Tue,1840,JA,CW1C,301B 375B ,,R,D,DO,F ,T,S,P,50,0,0,0,1746069,5913977
Auckland,16/11/2014,Sun,320,DA,CN1,101A 131A 357A ,C,M,D,DN,F , , ,C,80,0,0,0,1742799,5912583
Auckland,24/03/2014,Mon,825,AC,CW1C,184A ,,R,D,B ,F , , ,C,50,0,0,0,1745082,5914075
Auckland,27/07/2014,Sun,1837,LB,CE1C,302A ,,E,D,DO,F ,R,G,R,50,0,0,0,1745054,5914086
Auckland,04/02/2014,Tue,1948,FB,CW1C,181A 330A ,,R,D,TO,F ,R,G,R,50,0,0,0,1745059,5914084
Auckland,05/10/2014,Sun,1000,AC,CW1C,159A 197B ,P,R,D,B ,F ,R,G,R,50,0,0,0,1745046,5914082
Auckland,29/03/2014,Sat,1018,JA,4W1C,197A 301B 375B ,,E,D,BF,F ,T,S,R,50,0,0,0,1747725,5913483
Auckland,03/11/2014,Mon,1600,DB,VE1,195A ,KP,E,D,BF,F ,T,N,C,50,0,0,0,1747725,5913483
Auckland,22/02/2014,Sat,1619,LB,BW1C,303B ,,M,D,B ,F ,T,G,C,50,0,0,0,1747725,5913483
Auckland,18/06/2014,Wed,831,AA,CE1C,372A 402A ,,R,D,BF,F , , ,C,50,0,0,0,1746206,5914011
Auckland,07/03/2014,Fri,1410,FD,CN1C,111A 331A ,,S,D,B ,F , , ,C,50,0,0,0,1747914,5913597
Auckland,14/04/2014,Mon,740,BE,CN1V,112A 130A 402A ,,R,W,OF,F , ,N,C,50,0,0,0,1747914,5913597
Auckland,27/01/2014,Mon,1700,KA,CW1C,372B 929 ,,R,D,B ,F ,D,N,C,50,0,0,0,1747932,5913620
Auckland,10/05/2014,Sat,1450,FD,MS1MM,181A 331A 387A 130B 130C ,,E,D,B ,F , , ,C,100,0,1,1,1730518,5958739
Auckland,12/11/2014,Wed,1415,DA,40,111A 131A ,FV,M,W,ON,LS, ,N,C,100,0,0,1,1732294,5959360
Auckland,21/12/2014,Sun,1145,DA,ME1,131A ,FK,M,D,B ,F , , ,C,100,0,0,1,1734300,5959539
Auckland,26/07/2014,Sat,1510,AC,4W1C,381A ,,R,D,OF,F , ,N,P,50,0,0,0,1746722,5913979
Auckland,13/10/2014,Mon,2130,FA,CE1C,181A 817 ,,R,D,DO,F , , ,N,80,0,0,0,1746753,5913963
Auckland,24/04/2014,Thu,1659,FD,TW1C,112A 181A ,,R,D,TF,F , ,N,C,50,0,0,1,1746597,5914023
Auckland,06/01/2014,Mon,740,MB,SE1C,197A 378B ,,M,D,B ,F ,T,N,C,70,0,0,1,1740963,5911586
Auckland,07/04/2014,Mon,800,JA,TE1C,308B 375B 929 ,,R,D,B ,F ,D, ,C,50,0,0,0,1745875,5913967
Auckland,10/05/2014,Sat,2155,KB,MN1C,308B 375B 925 ,,R,D,DO,F ,D,N,C,50,0,0,0,1748185,5913945
Auckland,31/07/2014,Thu,2200,CB,CN1,410A ,KP,R,D,DO,F , , ,C,50,0,0,0,1748090,5913824
Auckland,16/01/2014,Thu,1205,DB,CW14,103A 131A ,M,R,D,O ,F ,R,G,R,50,0,0,1,1748142,5913862
Auckland,07/04/2014,Mon,820,FD,CE1C,181A 330A 102B 191B ,,R,D,B ,F , ,N,C,50,0,0,1,1745544,5913955
Auckland,15/05/2014,Thu,2132,DA,VW1,103A 111A 131A ,T,M,D,DN,M , ,N,C,80,0,0,1,1743559,5912877
Auckland,21/08/2014,Thu,220,CB,CW14,101A 110A 358A 801 ,M,R,W,DO,L , , ,C,50,0,0,0,1753500,5920176
Auckland,28/08/2014,Thu,2353,CC,CE1,129A ,F,R,D,DO,F , ,N,C,50,0,0,0,1753240,5920047
Auckland,16/09/2014,Tue,1816,FD,PS1C,181A ,,R,W,DO,L , ,N,C,50,0,0,1,1754131,5920424
Auckland,21/05/2014,Wed,2030,DA,CS1,131A ,FP,E,W,DO,F , ,N,C,50,0,0,0,1753985,5920340
Auckland,05/11/2014,Wed,850,FB,CS1C,331A 801 ,,R,W,O ,L ,T,G,C,50,0,0,0,1750860,5950087
Auckland,10/11/2014,Mon,1620,MO,CE1,371A 929 ,C,R,D,B ,F ,D,N,N,50,0,0,0,1748172,5912338
Auckland,09/12/2014,Tue,1700,DB,TW1,111A 131A ,C,M,W,O ,H , , ,N,100,0,0,0,1777661,5904592
Auckland,05/09/2014,Fri,536,CC,CW1,410A 414A ,GV,R,D,DN,L ,T,G,C,100,0,0,0,1779216,5903355
Auckland,04/09/2014,Thu,2305,DA,CW1,111A 131A ,E,M,W,DN,L , , ,C,100,0,0,0,1780177,5903118
Auckland,15/02/2014,Sat,950,DB,CS1,101A 131A ,JV,M,D,B ,F , , ,C,100,0,0,1,1778754,5903548
Auckland,28/04/2014,Mon,2159,DA,CW1,131A 620A ,CV,M,W,DN,L , ,N,C,100,0,0,0,1778924,5903425
Auckland,12/09/2014,Fri,1245,FD,CE1CC,331A 501A ,,R,D,B ,F , , ,C,50,0,0,1,1768688,5881186
Auckland,27/08/2014,Wed,1120,FB,CN1C,181A 331A ,,R,D,O ,F ,R,G,C,50,0,0,0,1768185,5880863
Auckland,24/03/2014,Mon,836,JA,CE1C,302B 375B ,,E,D,BF,F ,T,G,P,50,0,0,2,1765752,5917984
Auckland,12/11/2014,Wed,855,LB,SE1C,303B 375B 402B 930 ,,R,D,B ,F ,D, ,C,50,0,0,1,1766944,5917989
Auckland,31/07/2014,Thu,810,JA,MW1C,302B 375B ,,E,D,B ,F ,T,G,C,50,0,0,1,1767045,5917972
Auckland,12/03/2014,Wed,1213,LB,CE1C,303B 370B ,,R,D,B ,F ,T,N,C,50,0,0,0,1754372,5917758
Auckland,29/08/2014,Fri,1248,CB,CW1C,501A ,M,R,D,B ,F ,T,G,C,50,0,0,1,1743520,5923452
Auckland,16/04/2014,Wed,1440,EA,CE1C,129A ,M,R,D,O ,F , , ,C,50,0,0,0,1743646,5923518
Auckland,21/05/2014,Wed,140,DB,CE1C,103A 131A 410A ,M,E,D,DO,F , , ,C,50,0,0,1,1752988,5914318
Auckland,02/09/2014,Tue,1545,AC,CN1C,372A ,,R,D,BF,F , ,N,C,50,0,0,0,1759577,5906338
Auckland,19/02/2014,Wed,1745,FB,CN1C,181A ,,R,D,BF,F ,T,S,C,50,0,0,0,1759584,5906351
Auckland,11/04/2014,Fri,1425,FB,CN1C,331A ,,R,W,O ,L ,T,G,C,40,0,0,0,1759584,5906351
Auckland,30/07/2014,Wed,1124,LB,CN1C,303B 375B 927 ,,R,D,O ,F ,D, ,C,50,0,0,2,1759187,5905629
Auckland,15/04/2014,Tue,1045,MO,TS1C,371A ,M,R,D,O ,F , , ,C,50,0,0,0,1747989,5913997
Auckland,03/04/2014,Thu,110,CC,CS1,101A 112A ,T,R,D,DO,F , , ,C,50,0,1,0,1765732,5898402
Auckland,17/09/2014,Wed,1401,CC,CW1C,129A 197A ,FT,R,D,OF,F , ,N,P,50,0,0,1,1768274,5900571
Auckland,25/07/2014,Fri,1920,DA,CE1,103A 129A ,GS,M,W,DO,FF, ,N,C,50,0,0,0,1766447,5899817
Auckland,17/08/2014,Sun,1442,FD,CE1CC,181A 181B ,,R,D,O ,F , , ,C,50,0,0,1,1768520,5900675
Auckland,22/08/2014,Fri,719,JA,CW1V,302B 377B ,,R,D,B ,F ,T,G,C,50,0,0,0,1768082,5900493
Auckland,03/02/2014,Mon,2037,MC,CS1C,372B 402B ,,R,D,DO,F , ,N,C,50,0,0,0,1766304,5899697
Auckland,25/11/2014,Tue,805,MO,VS1C,330A 371A 302B 330B ,,R,W,O ,  ,T,G,N,50,0,0,0,1766645,5899897
Auckland,08/11/2014,Sat,1910,JO,CE1C,129A ,,E,D,OO,F ,T,G,C,50,0,0,1,1768916,5900839
Auckland,02/12/2014,Tue,851,BA,CS1C,129A 358A ,,R,D,BF,F , ,N,C,50,0,1,1,1766141,5899344
Auckland,04/08/2014,Mon,925,MC,CE1C,101A 112A 402A 381B ,,R,D,B ,F , , ,C,50,0,0,0,1766701,5899919
Auckland,06/11/2014,Thu,845,LB,4E1C,303B ,,R,D,B ,F ,T,G,C,50,0,0,0,1767883,5900410
Auckland,04/02/2014,Tue,2000,JC,CS1V,302A 111B 131B ,,M,D,O ,F ,T,G,R,50,0,0,0,1768430,5900636
Auckland,04/05/2014,Sun,51,EA,CW1C,129A 130A ,M,R,D,DO,F , , ,C,50,0,0,0,1768525,5900677
Auckland,09/07/2014,Wed,1030,HA,CS2CC,197A 302A 350A ,M,M,D,B ,F ,R,G,C,50,0,0,0,1768602,5900719
Auckland,22/08/2014,Fri,830,GD,4S1C,331A 351A ,,R,D,BN,F ,T,G,C,50,0,0,0,1766069,5899256
Auckland,30/04/2014,Wed,650,CB,CE1,102A 130A 410A ,P,R,D,TF,F , ,N,C,50,0,0,1,1767587,5900286
Auckland,20/11/2014,Thu,1200,QD,CS1,428A ,BF,R,D,BF,F , ,N,C,50,0,0,0,1782710,5925939
Auckland,19/01/2014,Sun,1230,GA,CE1C,181A 929 ,,R,D,BF,F ,D,N,P,50,0,0,0,1754849,5944911
Auckland,08/05/2014,Thu,510,DB,CE1,131A ,C,E,W,DO,H , ,N,C,50,0,0,0,1754203,5945180
Auckland,12/03/2014,Wed,1200,GA,CW1C,181A 929 ,T,R,D,B ,F ,D, ,C,50,0,0,0,1754153,5945182
Auckland,03/01/2014,Fri,1106,EA,CS1C,129A 350A ,M,R,D,BF,F , ,N,C,50,0,0,0,1758231,5945234
Auckland,01/02/2014,Sat,2336,DB,CN1,103A 111A 131A ,FP,E,D,DO,F , , ,C,50,0,1,0,1758245,5945303
Auckland,21/01/2014,Tue,715,EA,CE1TC,101A 129A ,M,E,D,OF,L ,T,N,C,50,0,0,0,1753740,5945681
Auckland,12/08/2014,Tue,712,JA,CE1C,302B 375B ,,R,W,OF,H ,T,G,C,50,0,0,0,1753753,5945672
Auckland,30/11/2014,Sun,1818,DB,VW1,131A 801 ,K,M,W,O ,L , , ,P,50,0,0,0,1753983,5945413
Auckland,26/07/2014,Sat,2315,DA,CS1,131A 363A ,,M,D,DO,F , , ,L,50,0,0,0,1753998,5945387
Auckland,28/09/2014,Sun,1710,NB,CE1E,713B ,,R,D,B ,F ,T,N,C,50,0,0,1,1760366,5947434
Auckland,19/02/2014,Wed,803,FD,CW1CC,181A 331A 353A 181B 331B 353B ,,E,D,B ,F , , ,C,60,0,0,1,1750780,5946657
Auckland,24/01/2014,Fri,1710,MG,CW1C,371B ,,R,D,BF,F ,X,T,C,50,0,0,0,1750709,5946689
Auckland,07/05/2014,Wed,1640,BE,MN1C,132A ,,R,W,O ,F , , ,P,50,0,1,0,1754934,5944845
Auckland,04/08/2014,Mon,820,BE,CS1T,501A ,,R,D,O ,F ,T,G,C,50,0,0,1,1754969,5944809
Auckland,09/03/2014,Sun,900,CB,CS1,136A 631A ,C,R,W,BF,F ,T,N,C,50,0,0,0,1754969,5944809
Auckland,28/06/2014,Sat,135,EA,CN1C,129A 801 ,FM,R,W,DO,L , , ,C,50,0,0,0,1756341,5944021
Auckland,19/11/2014,Wed,919,JA,CW1C,301B 375B ,,E,D,BF,F ,T,S,C,50,0,0,1,1755595,5944237
Auckland,09/01/2014,Thu,1600,GA,VE1C,181A 333A 929 ,,R,D,BF,F ,D,N,P,50,0,0,0,1757015,5943543
Auckland,26/04/2014,Sat,2047,CA,CE1,103A 359A ,G,R,D,DO,F , ,N,P,50,0,0,0,1756730,5943744
Auckland,18/06/2014,Wed,1800,AO,CE1V,129A ,,R,D,DO,F ,T,G,P,50,0,0,0,1756028,5944184
Auckland,16/11/2014,Sun,850,QD,CS1C,428A ,M,E,D,B ,F , , ,C,50,0,0,0,1755463,5944385
Auckland,26/02/2014,Wed,851,EA,CN1V,129A 350A ,Q,R,D,OF,F , ,N,P,50,0,0,1,1755454,5944396
Auckland,27/03/2014,Thu,1829,DB,VE1,131A ,GIK,E,D,B ,F , , ,R,60,0,1,0,1752661,5946862
Auckland,04/10/2014,Sat,1040,KB,CE1C,308B 375B 926 ,,R,D,BF,F ,D,N,C,50,0,0,0,1755933,5944191
Auckland,15/05/2014,Thu,1815,AO,VE1T,381A ,,R,D,DO,F , ,N,C,60,0,0,0,1750975,5946649
Auckland,13/10/2014,Mon,1405,EA,CE1T,129A ,M,R,D,B ,F , , ,C,50,0,0,1,1755248,5944608
Auckland,25/02/2014,Tue,1541,JA,CN1444,308B 375B 927 ,EM,R,D,BF,F ,D,N,C,50,0,0,1,1755316,5944549
Auckland,27/11/2014,Thu,1310,AO,TN1V,184A 184B ,,R,D,BF,F , ,N,P,50,0,0,0,1753205,5946482
Auckland,14/11/2014,Fri,1806,LB,CN1MC,302A ,,R,D,TF,F ,R,G,R,50,0,0,1,1757715,5944603
Auckland,24/12/2014,Wed,1340,FD,CE14,181A 331A 402A ,,E,D,B ,F , , ,C,60,0,0,0,1752563,5946913
Auckland,29/05/2014,Thu,844,FE,4W14,181A 403A ,,R,D,BF,F ,X,T,C,60,0,0,1,1752197,5946930
Auckland,25/01/2014,Sat,1849,FE,CW14,331A ,,M,D,OF,F ,T,T,C,50,0,0,0,1752197,5946930
Auckland,22/11/2014,Sat,1327,FE,VE1C,181A ,,R,D,BF,F ,X,T,C,50,0,0,1,1752197,5946930
Auckland,25/07/2014,Fri,920,DA,CE1,110A 131A 407A 800 ,F,M,W,O ,F , , ,C,50,0,0,2,1760951,5947651
Auckland,10/03/2014,Mon,1320,DB,CS1,524A ,X,E,D,BF,F , ,N,C,50,0,0,2,1759781,5947411
Auckland,24/07/2014,Thu,706,BA,MW1T,110A 151A 929 ,,R,D,B ,F ,D, ,C,60,0,1,0,1751357,5946739
Auckland,09/09/2014,Tue,958,KB,VS1C,302B 375B ,,M,D,B ,F ,T,G,L,50,0,0,0,1758178,5944941