TLANAME,CRASHDATE,CRASHDOW,CRASHTIME,MVMT,VEHICLES,CAUSES,OBJECTSSTRUCK,ROADCURVE,ROADWET,LIGHT,WTHRa,JUNCTYPE,TRAFCTRL,ROADMARK,SPDLIM,CRASHFATALCNT,CRASHSEVCNT,CRASHMINCNT,EASTING,NORTHING
Auckland,03/05/2014,Sat,2117,EA,CS1C,129A 352A ,M,R,D,DO,F , ,N,C,50,0,0,1,1757697,5944578
Auckland,02/09/2014,Tue,900,FF,CS1C,357A 512A ,,E,D,BF,F , ,N,C,50,0,0,0,1753210,5946568
Auckland,21/07/2014,Mon,959,JA,CS1C,322A ,,R,D,BF,F ,T,T,C,50,0,0,4,1753220,5946617
Auckland,24/02/2014,Mon,1814,BE,CS1C,501A ,,R,D,BF,F ,T,T,C,60,0,0,0,1753220,5946617
Auckland,20/06/2014,Fri,1055,DA,CE2C,131A 358A ,I,E,D,B ,F ,T,T,R,50,0,0,0,1756350,5944007
Auckland,02/05/2014,Fri,1050,FE,CS1C,181A 334A 191B ,,R,D,O ,F ,M,T,C,50,0,0,0,1756350,5944007
Auckland,29/10/2014,Wed,1915,DA,4N1,101A 131A 412A 801 ,V,E,W,DN,L , , ,C,100,0,0,1,1744526,5983463
Auckland,14/09/2014,Sun,1230,FA,VE1C,181A 140B 191B ,,M,D,B ,F , ,N,C,100,0,0,1,1738295,5982272
Auckland,01/12/2014,Mon,830,JA,4E1C,302B ,,E,D,O ,F ,T,G,C,100,0,0,1,1741074,5983670
Auckland,23/05/2014,Fri,1310,DA,MN1,131A ,V,M,D,ON,F ,T,G,C,100,0,1,0,1740724,5983560
Auckland,20/12/2014,Sat,1709,EA,CS1C,129A ,M,R,W,BF,L , ,N,N,50,0,0,0,1758498,5911801
Auckland,07/11/2014,Fri,2315,DC,CW1,103A 330A ,KT,R,D,DO,F , , ,N,50,0,0,0,1746516,5922538
Auckland,21/09/2014,Sun,1325,LB,CS1C,321A 335A 801 ,,E,W,O ,L ,T,S,C,50,0,0,0,1782345,5925864
Auckland,28/07/2014,Mon,1830,EA,CE1C,129A 363A 902 ,M,R,D,BF,F , ,N,C,50,0,0,0,1747471,5922548
Auckland,16/11/2014,Sun,1747,CC,CW1V,103A 129A ,MP,R,D,B ,F ,T,G,C,50,0,0,1,1746766,5922531
Auckland,20/06/2014,Fri,2142,CB,CN1,103A 134A ,GT,R,D,DN,F , ,N,C,50,0,0,0,1782567,5926123
Auckland,19/04/2014,Sat,1006,GD,CN1T,181A 330A 191B ,,R,W,B ,F ,T,N,C,50,0,0,0,1782184,5925652
Auckland,26/05/2014,Mon,2130,EA,CE1C,129A ,M,R,D,DO,F , , ,N,50,0,0,0,1767305,5912137
Auckland,15/01/2014,Wed,2208,CA,CS1C,101A 130A ,M,R,D,DO,F , , ,R,50,0,0,0,1759823,5915271
Auckland,28/03/2014,Fri,1830,EA,CS1C,129A ,M,R,D,TO,F ,T,N,N,50,0,0,0,1757465,5919584
Auckland,15/07/2014,Tue,1430,BE,4W14,352A ,,R,D,B ,F , , ,C,50,0,0,0,1749116,5970297
Auckland,13/02/2014,Thu,1200,EA,CW1C,129A 501A ,M,R,D,BN,F , ,N,C,50,0,0,0,1749116,5970297
Auckland,23/02/2014,Sun,1442,BB,CN1C4,129A 359A ,M,E,D,BF,F , ,N,N,50,0,0,2,1744856,5922904
Auckland,10/09/2014,Wed,1140,HA,CW14C,301B ,,R,D,B ,F ,X,S,C,50,0,0,1,1753494,5913053
Auckland,02/10/2014,Thu,1904,JA,CE1C,321B 353B 375B ,,E,W,OF,L ,T,S,R,50,0,0,0,1753034,5912486
Auckland,07/11/2014,Fri,1845,FD,CN1C,181A ,,R,D,BF,F , ,N,C,50,0,0,0,1753172,5912660
Auckland,14/08/2014,Thu,1609,NA,CW1E,713B ,,R,W,O ,L , , ,X,50,0,0,1,1752577,5912403
Auckland,23/10/2014,Thu,1530,FD,CW1C,181A ,,R,D,BF,F , ,N,X,50,0,0,0,1752582,5912404
Auckland,19/06/2014,Thu,645,AC,CE1C,372A ,,R,W,OF,F , ,N,C,50,0,0,0,1752660,5912419
Auckland,25/10/2014,Sat,1730,AC,CN1V,381A ,,R,D,B ,F , ,N,C,80,0,0,0,1753901,5913414
Auckland,08/10/2014,Wed,1825,KB,VN1C,308B 375B 927 ,,R,D,TF,F ,D,N,C,50,0,0,0,1753908,5913420
Auckland,20/07/2014,Sun,1220,KB,CN1C,308A 375A 927 ,,R,D,B ,F ,D, ,C,50,0,0,0,1753901,5913414
Auckland,11/12/2014,Thu,120,DB,CS1CC,103A 111A 131A 801 ,M,E,W,DO,L , , ,C,50,0,0,1,1753697,5913237
Auckland,30/11/2014,Sun,1405,CC,CN1,133A 433A ,T,R,D,B ,F , , ,C,100,0,0,0,1777178,5906184
Auckland,26/08/2014,Tue,820,JA,TN2C,301B ,,E,D,B ,F ,T,S,L,100,0,0,0,1777275,5906157
Auckland,03/05/2014,Sat,400,DB,CS1,410A ,ST,E,D,DN,F , ,N,C,70,0,0,1,1775238,5908483
Auckland,25/02/2014,Tue,1552,LB,CW1C,303B 375B ,,R,D,BF,F ,T,G,C,70,0,0,0,1775069,5908845
Auckland,20/04/2014,Sun,2224,DA,CN1,130A 631A ,T,M,W,DN,F , ,N,C,70,0,0,0,1774867,5909168
Auckland,12/07/2014,Sat,2040,DA,CN1,111A 131A ,CFT,M,W,DN,L , ,N,C,80,0,0,1,1772900,5910431
Auckland,03/01/2014,Fri,1220,DA,CN1,131A 402A ,V,E,D,B ,F , , ,C,80,0,0,0,1772600,5910745
Auckland,08/02/2014,Sat,809,BF,CN1C,111A 131A ,,M,W,ON,H , ,N,C,80,0,2,0,1772553,5911123
Auckland,06/03/2014,Thu,1130,CC,CN1C,350A ,M,R,D,BF,F , ,N,C,50,0,0,1,1771863,5913553
Auckland,13/09/2014,Sat,2200,DA,CN1,103A 131A ,V,E,W,DN,L , , ,C,80,0,0,0,1773281,5909993
Auckland,15/11/2014,Sat,1440,BF,CE14,131A ,,S,D,O ,F , , ,C,80,0,1,2,1772375,5911756
Auckland,22/05/2014,Thu,830,FD,CN14,181A ,,R,D,OF,F , ,N,C,50,0,0,0,1771729,5912916
Auckland,02/07/2014,Wed,1000,HA,CN2C,302A ,,M,W,OF,L ,R,G,L,50,0,0,0,1771660,5912964
Auckland,03/11/2014,Mon,1030,DB,4N1,131A ,P,M,W,OF,L , ,N,C,80,0,0,2,1772744,5910558
Auckland,08/02/2014,Sat,824,DA,CN1,134A 135A 806 ,T,E,W,O ,F , ,N,C,80,0,0,0,1771885,5912286
Auckland,30/08/2014,Sat,1510,DB,VN1,131A 801 ,P,M,W,O ,L , , ,C,80,0,0,0,1772418,5911620
Auckland,15/03/2014,Sat,1500,DA,CN1C,131A 801 ,,E,W,O ,L , , ,C,80,0,2,0,1772383,5911427
Auckland,21/12/2014,Sun,617,DA,CN1,131A 801 ,ET,M,W,O ,L , , ,C,100,0,0,0,1772407,5911330
Auckland,24/10/2014,Fri,830,FD,CE1C,181A ,,R,D,B ,F , , ,P,50,0,0,0,1772115,5912118
Auckland,02/07/2014,Wed,1125,DA,CN14,111A 131A ,FHM,M,W,OF,L , ,N,C,80,0,0,0,1772392,5911736
Auckland,10/05/2014,Sat,1500,BF,CN14,111A 131A 402A ,,M,D,B ,F , , ,P,80,0,0,0,1771942,5912246
Auckland,19/06/2014,Thu,1921,DB,VN1,131A ,C,M,W,OF,L , ,N,C,80,0,0,0,1772201,5912030
Auckland,03/03/2014,Mon,752,DA,XN1,111A 131A ,V,S,W,OF,L , ,N,C,60,0,0,0,1772203,5911940
Auckland,08/02/2014,Sat,926,DA,CS1,135A 801 ,F,M,W,ON,H , ,N,C,80,0,0,0,1772571,5911107
Auckland,06/07/2014,Sun,2310,BC,CN1C,121A 137B ,V,M,D,DN,F , ,N,C,80,0,0,0,1772571,5911107
Auckland,15/11/2014,Sat,2211,DA,40,101A 131A ,T,E,W,DN,L , ,N,L,80,0,0,1,1774250,5909469
Auckland,15/11/2014,Sat,1735,DA,TE1,111A 131A ,G,E,W,O ,L , , ,C,80,0,0,0,1774262,5909453
Auckland,16/10/2014,Thu,2115,FA,CW1C,181A 191B ,,M,D,DN,F , , ,C,80,0,0,0,1774549,5909487
Auckland,23/10/2014,Thu,900,DB,CE1,137A ,E,E,D,B ,F , , ,C,80,0,0,0,1773874,5909476
Auckland,16/10/2014,Thu,2112,DB,CW1,111A 131A ,,M,D,TN,F , , ,C,80,0,0,0,1774634,5909591
Auckland,05/01/2014,Sun,1503,DB,CN1,111A 131A ,CK,M,W,O ,L , , ,C,80,0,0,0,1774398,5909432
Auckland,20/09/2014,Sat,800,DA,CW1,131A ,T,M,W,O ,L ,R,G,R,60,0,0,0,1774864,5909391
Auckland,12/04/2014,Sat,800,BC,CN1,130A 410A ,PS,R,D,B ,F , ,N,C,50,0,0,0,1779347,5915315
Auckland,04/03/2014,Tue,1800,FB,4N1C,181A ,,R,D,BF,F ,R,G,R,50,0,0,0,1779349,5915409
Auckland,14/08/2014,Thu,1850,CB,CS1,130A 358A ,P,R,W,DN,L , , ,C,100,0,0,2,1777187,5910243
Auckland,11/04/2014,Fri,1530,DA,CS1,110A 134A ,,M,W,B ,F , ,N,C,80,0,0,0,1777446,5910759
Auckland,26/07/2014,Sat,550,AC,CN14,357A 434A 512A ,,M,D,DO,F ,T,G,P,80,0,0,0,1777114,5910106
Auckland,24/11/2014,Mon,1620,BF,CS1C,111A 131A 800 ,,E,W,O ,M , , ,P,80,0,0,0,1777089,5910069
Auckland,28/11/2014,Fri,1500,JA,4N14,301B 375B ,,E,D,B ,F ,T,S,P,80,0,0,0,1777117,5910110
Auckland,07/02/2014,Fri,2316,DA,CN1,111A 131A 800 901 ,V,S,W,DN,H , , ,C,100,0,0,0,1777640,5911463
Auckland,23/05/2014,Fri,1420,BF,CS1CC,111A 131A 197B 197C ,,M,D,ON,F , , ,C,80,0,0,0,1778625,5913527
Auckland,28/04/2014,Mon,343,DA,VS1,111A 131A 801 830 ,F,M,W,DO,L , , ,C,100,0,0,1,1778794,5913152
Auckland,26/09/2014,Fri,300,DB,CE1,101A 131A ,FX,E,D,DN,F , ,N,L,80,0,0,0,1777175,5910221
Auckland,04/08/2014,Mon,1030,DA,TN1,131A 927 ,,S,D,B ,F ,D,N,P,80,0,0,0,1777072,5910050
Auckland,20/08/2014,Wed,900,DB,CN1,131A 801 ,F,M,W,O ,L , , ,C,80,0,0,0,1775601,5909784
Auckland,30/07/2014,Wed,611,DA,CE1,131A ,V,E,W,DO,L , ,N,C,80,0,0,0,1775226,5909729
Auckland,24/11/2014,Mon,1340,LB,CS1CCC,303B 927 ,,E,D,B ,F ,D, ,C,100,0,0,0,1777994,5911740
Auckland,10/06/2014,Tue,1417,MF,CE1V,371A 370B 801 ,,R,W,O ,L , , ,C,50,0,0,0,1774895,5909367
Auckland,30/07/2014,Wed,1730,CA,MS1,132A 151A ,T,R,D,TN,F , ,N,C,100,0,0,1,1777445,5910791
Auckland,15/07/2014,Tue,728,EA,CN1C,129A 350A ,M,R,D,B ,F , ,N,N,50,0,0,0,1755508,5912029
Auckland,19/10/2014,Sun,1654,JA,CS1C,302B 353B ,,R,D,B ,F ,T,G,C,50,0,0,0,1752207,5913376
Auckland,20/08/2014,Wed,720,HA,CS1C,302A 375A ,,E,W,OF,F ,R,G,R,50,0,0,0,1752199,5913545
Auckland,24/07/2014,Thu,827,MD,VN1C,371B 925 ,,R,D,OF,F ,T,T,C,50,0,0,0,1761548,5907696
Auckland,13/11/2014,Thu,2105,MO,4E1C,371A 926 ,,R,D,B ,F ,D,N,C,50,0,0,0,1761565,5907732
Auckland,16/04/2014,Wed,832,MG,CS14,371B ,,R,D,O ,F , ,N,C,40,0,0,0,1761532,5907659
Auckland,30/08/2014,Sat,1400,CB,CE1,104A 410A ,T,R,W,O ,L , , ,C,50,0,0,0,1761532,5907659
Auckland,24/02/2014,Mon,1550,AO,CW1S,150A 351A 512A ,,R,D,B ,F , ,N,C,50,0,0,2,1762023,5907905
Auckland,23/07/2014,Wed,1330,MO,CS1C,350A 371A 514A ,,E,D,B ,F , , ,C,50,0,0,0,1762132,5907990
Auckland,15/06/2014,Sun,1310,LB,CW1C,303B ,,R,D,O ,F ,T,G,C,50,0,0,3,1761926,5907897
Auckland,01/06/2014,Sun,948,JC,CW14,301A ,,R,D,B ,F ,T,S,C,50,0,0,0,1744623,5922541
Auckland,16/02/2014,Sun,1809,JA,CS1C,308B 926 ,,S,D,B ,F ,D,N,C,50,0,0,0,1761515,5914357
Auckland,09/10/2014,Thu,2056,JA,CS1C,302B 375B 861 ,,R,D,DF,F ,T,G,C,50,0,0,1,1761633,5914518
Auckland,05/04/2014,Sat,636,DC,CN2,335A 904 ,F,E,D,DN,M ,T,G,C,80,0,0,0,1748056,5942942
Auckland,31/03/2014,Mon,1200,QD,4S1E,428A 929 ,,R,D,BN,F ,D,N,N,50,0,1,0,1746660,5943866
Auckland,02/05/2014,Fri,1700,EA,CN1C,129A 130A ,M,R,D,O ,F , , ,N,50,0,0,0,1752618,5916558
Auckland,23/03/2014,Sun,1020,GD,CS2C,331A ,,R,D,B ,F ,T,G,C,50,0,0,0,1752761,5916718
Auckland,09/06/2014,Mon,1900,EA,CN1C,129A ,M,R,W,O ,H , , ,C,50,0,0,0,1751764,5931669
Auckland,05/02/2014,Wed,1720,LB,CN1CC,303B 375B ,,R,D,B ,F ,T,G,P,50,0,0,0,1752026,5931375
Auckland,13/06/2014,Fri,1929,HA,CN2S,301A 375A ,,R,D,DO,F ,X,S,C,50,0,1,0,1755435,5919095
Auckland,06/05/2014,Tue,820,HA,CW14,301B ,,R,W,O ,L ,X,S,N,50,0,0,1,1755033,5918791
Auckland,14/05/2014,Wed,8,CB,4N1CCC,103A 112A 130A 801 ,FM,R,W,DO,L ,X,S,R,50,0,0,1,1755273,5918973
Auckland,16/10/2014,Thu,1835,MA,CE1C,373B ,,R,D,BF,F , ,N,P,50,0,0,0,1755532,5919166
Auckland,19/12/2014,Fri,2315,NF,CS1E,103A 370A 724B 922 ,,R,D,DO,F ,D, ,C,50,0,0,1,1755838,5919395
Auckland,06/05/2014,Tue,920,HA,PE1C,301B ,,R,D,B ,F ,X,S,C,50,0,0,1,1755435,5919095
Auckland,03/04/2014,Thu,1554,JA,MW1C,301B 377B ,,R,D,B ,F ,T,S,P,50,0,1,0,1755838,5919395
Auckland,16/11/2014,Sun,1259,FD,CS1C,181A ,,R,D,BF,F ,T,N,C,50,0,0,0,1755838,5919395
Auckland,19/05/2014,Mon,841,FE,CN1C,331A 363A 902 ,,R,D,B ,F ,X,T,C,50,0,0,0,1755931,5919466
Auckland,01/08/2014,Fri,835,LB,CN1C,303B 377B ,,R,D,O ,F ,T,S,R,50,0,0,0,1755894,5919437
Auckland,25/03/2014,Tue,1617,NA,VE1E,105B 711B ,,E,D,OF,F ,T,G,C,50,0,0,1,1773261,5896434
Auckland,28/05/2014,Wed,1200,FB,CW1C,181A ,,R,D,BF,F ,R,G,R,50,0,0,0,1773201,5896435
Auckland,28/07/2014,Mon,900,EA,CE1C,129A ,M,R,D,BF,F , ,N,C,50,0,0,0,1773520,5896473
Auckland,17/06/2014,Tue,655,KB,CE1C,302B 375B 801 ,,R,W,OO,L ,T,G,C,50,0,0,0,1773743,5896509
Auckland,26/01/2014,Sun,12,DC,CN24,103A 112A 130A ,HKX,R,D,DO,F ,T,N,N,50,0,0,0,1773743,5896509
Auckland,29/09/2014,Mon,1847,HA,CW1C,302B ,,R,D,TF,F ,X,G,N,50,0,0,1,1765572,5906112
Auckland,16/10/2014,Thu,1225,FB,CW1C,331A ,,R,D,B ,F ,R,G,C,50,0,0,0,1747239,5913608
Auckland,25/05/2014,Sun,1246,FB,CW1C,181A ,,E,D,OF,F ,R,G,C,50,0,0,0,1747239,5913608
Auckland,04/02/2014,Tue,1715,BF,CW1C,111A 131A ,,S,D,BN,F , ,N,N,50,0,0,0,1750143,5969314
Auckland,28/01/2014,Tue,1650,BC,CE14,121A 330B ,,E,D,O ,F , ,N,N,80,0,0,0,1715125,5950013
Auckland,09/08/2014,Sat,1028,EA,CN1T,103A ,M,R,D,BF,F , ,N,C,50,0,0,0,1763660,5913743
Auckland,11/07/2014,Fri,1622,KB,CW1C,302B ,,E,D,OF,F ,T,G,C,50,0,0,0,1757188,5916137
Auckland,22/07/2014,Tue,740,KB,CE1C,302B ,,R,D,O ,F ,T,G,C,50,0,0,0,1750916,5914949
Auckland,13/03/2014,Thu,845,NA,CW1E,713B ,,R,D,OF,F , ,P,C,50,0,0,1,1759577,5925263
Auckland,20/01/2014,Mon,1715,JA,SN1C,204A ,,M,D,B ,F ,T,G,N,50,0,0,1,1765975,5907095
Auckland,05/08/2014,Tue,710,CC,CN1,110A 130A 410A 800 812 ,KTX,R,W,TF,F , , ,C,50,0,0,0,1766037,5906693
Auckland,08/08/2014,Fri,100,MO,CW1C,385A ,M,R,D,DO,F , ,N,C,50,0,0,0,1755670,5916143
Auckland,02/08/2014,Sat,1010,MO,CE1C,341A 929 ,M,R,D,BF,F ,D,N,C,50,0,0,0,1755641,5916151
Auckland,09/08/2014,Sat,1830,HA,CE1C,321B 375B ,,R,D,DO,F ,X,S,C,50,0,0,0,1755430,5916211
Auckland,09/06/2014,Mon,1725,FE,CW1C,181A ,,R,W,DO,H ,X,T,R,60,0,0,0,1765977,5903282
Auckland,04/06/2014,Wed,1538,AC,TW1C,372A 671A ,,R, , F,  , ,N,C,50,0,0,0,1766856,5903651
Auckland,02/09/2014,Tue,1010,AC,VW1T,331A 358A ,,R,D,O ,F , ,N,P,60,0,0,1,1766666,5903564
Auckland,26/12/2014,Fri,1537,DA,CS2CC,501A ,MP,R,D,B ,F ,X,T,R,60,0,0,1,1766967,5903715
Auckland,27/03/2014,Thu,1500,FA,CE1C,330A ,,R,D,BF,F , ,N,C,60,0,0,0,1766760,5903620
Auckland,27/11/2014,Thu,2205,JA,CE1C,302B 377B ,,R,D,DO,F ,T,G,C,50,0,0,0,1766331,5903435
Auckland,28/05/2014,Wed,1845,LB,CE14,303B 375B ,,M,D,DO,F ,T,G,R,70,0,0,0,1766331,5903435
Auckland,14/01/2014,Tue,1550,LB,TE1V,303B ,,R,D,B ,F ,T,G,R,50,0,0,0,1766331,5903435
Auckland,24/01/2014,Fri,1110,LB,VE1T,303B 387B ,,R,D,B ,F ,T,G,R,50,0,0,0,1766331,5903435
Auckland,22/07/2014,Tue,1437,KA,CE1C,302B 375B ,,R,D,BF,F ,T,G,R,60,0,0,0,1766331,5903435
Auckland,26/06/2014,Thu,1440,FB,TW1C,181A ,,E,D,B ,F ,T,G,R,60,0,0,0,1765070,5902851
Auckland,01/06/2014,Sun,905,CB,CS1,130A 402A 412A ,ET,R,D,B ,F , , ,C,100,0,0,1,1731183,5937437
Auckland,29/06/2014,Sun,1829,DA,4W1,101A 111A 131A ,CFT,E,D,DN,F , ,N,C,100,0,0,1,1730800,5937715
Auckland,23/02/2014,Sun,1710,JA,CS1C,303B ,,E,D,O ,F ,T,N,N,50,0,0,0,1752544,5928154
Auckland,14/10/2014,Tue,1743,MO,BN1,386A ,J,R,D,B ,F , , ,C,50,0,0,0,1746753,5912515
Auckland,28/07/2014,Mon,1737,EA,CN1C,129A 517A ,M,R,D,TF,F ,T,N,N,50,0,0,0,1763039,5906174
Auckland,29/11/2014,Sat,1500,EA,CW1C,386A ,M,R,D,B ,F , ,N,C,50,0,0,0,1757268,5920891
Auckland,14/11/2014,Fri,1626,AC,TW1CT,372A ,,R,D,ON,F , ,N,P,50,0,0,0,1751390,5914082
Auckland,25/02/2014,Tue,1415,LB,CW1C,303B 314B 377B ,,R,D,BF,F ,T,S,C,50,0,0,0,1751189,5913960
Auckland,13/08/2014,Wed,1040,LB,CW1C,302B 375B ,,R,D,O ,F ,T,G,C,50,0,0,0,1751189,5913960
Auckland,16/09/2014,Tue,1805,JA,CW1C,301B 321B ,,R,D,O ,F ,T,S,C,50,0,0,1,1751189,5913960
Auckland,15/01/2014,Wed,2250,FE,CN1C,331A 387A 402A ,,R,D,DO,F ,T,T,C,50,0,0,0,1751120,5913918
Auckland,08/10/2014,Wed,1315,FA,TW1C,181A ,,R,D,B ,F , , ,C,50,0,0,0,1750971,5913829
Auckland,27/11/2014,Thu,40,BF,CW1C,103A 111A 131A 197B ,,E,D,DO,F ,T,G,P,50,0,0,1,1750746,5913719
Auckland,22/12/2014,Mon,1930,MO,CN1C,371A 385A ,M,R,D,BF,F , ,N,N,50,0,0,0,1755652,5920460
Auckland,12/09/2014,Fri,1300,EA,TN1C,129A ,M,R,D,OF,F , ,N,N,50,0,0,0,1754779,5929452
Auckland,18/02/2014,Tue,545,DB,CE1,111A 131A 402A ,G,E,D,DF,F , , ,X,50,0,0,1,1748451,5969654
Auckland,15/10/2014,Wed,2157,DB,CW1,101A 111A ,TV,E,D,DN,F , ,N,C,100,0,1,0,1745530,5969747
Auckland,15/07/2014,Tue,910,DA,CE1,111A 131A 404A 904 ,V,M,W,B ,M , , ,C,100,0,0,0,1747108,5969626
Auckland,19/08/2014,Tue,1853,BE,CW1C,125A 137A 404A ,FP,R,D,DN,F , ,N,C,80,0,1,0,1747572,5969499
Auckland,17/06/2014,Tue,735,DA,40,111A 131A 633A 801 ,F,M,W,O ,L , , ,C,100,0,0,1,1744399,5969037
Auckland,22/10/2014,Wed,1645,JA,VE1C,112A 158A 330A 308B 314B 377B 930 ,,R,D,O ,F ,D,N,C,50,0,0,0,1748596,5969753
Auckland,10/11/2014,Mon,1730,MC,CW1C,330A 330B 372B ,,R,D,B ,F , , ,C,50,0,0,0,1748447,5969653
Auckland,12/05/2014,Mon,1237,GE,VW1C,387A 929 ,,R,D,BF,F ,D,N,C,50,0,0,0,1745425,5918587
Auckland,24/08/2014,Sun,2315,BC,CS1C,121A ,,M,D,DN,F , , ,C,50,0,0,0,1745888,5910694
Auckland,29/09/2014,Mon,2123,CA,MW1,181A 387A 407A ,,R,W,DO,F , ,N,N,50,0,0,1,1756683,5916345
Auckland,10/05/2014,Sat,1649,DA,CS1,197A 402A 407A 929 ,F,R,D,O ,F ,D,N,N,50,0,0,0,1755802,5930771
Auckland,21/09/2014,Sun,1650,HA,CW2CC,302B 375B 400B ,,R,D,B ,F ,X,G,C,50,0,0,1,1758924,5909917
Auckland,19/10/2014,Sun,1618,FD,CS1C,181A 331A ,,R,D,B ,F , , ,C,50,0,0,0,1752383,5916232
Auckland,07/11/2014,Fri,1640,FE,CS1C,331A 359A ,,R,D,BF,F ,X,T,C,50,0,0,0,1752402,5916052
Auckland,21/09/2014,Sun,155,EC,CS1,103A 130A 645A ,P,R,W,DO,F ,X,T,C,50,0,0,0,1752402,5916052
Auckland,22/12/2014,Mon,2349,EA,CN1C,103A 129A 359A ,M,R,D,DO,F , ,N,L,50,0,0,0,1752376,5916303
Auckland,03/03/2014,Mon,1000,MO,CN1C,371A 929 ,M,R,D,O ,F ,D,N,C,50,0,0,0,1764566,5906652
Auckland,06/05/2014,Tue,2355,CC,CS1C,104A 130A ,M,R,D,DO,F , , ,N,50,0,0,0,1763967,5917881
Auckland,25/05/2014,Sun,2008,EA,CE1T,103A 410A ,M,R,D,DO,F , ,N,C,50,0,0,1,1766900,5900943
Auckland,02/03/2014,Sun,1607,ME,CW14,371B 925 ,,R,D,BF,F ,D,N,C,50,0,0,0,1766446,5900762
Auckland,16/08/2014,Sat,1858,MO,VE1C,371A 929 ,M,R,D,DO,F ,D,N,C,80,0,0,0,1766230,5900674
Auckland,07/12/2014,Sun,1615,GE,CE1C,160A 330A ,,R,D,B ,F ,X,G,C,50,0,0,0,1766286,5900696
Auckland,28/07/2014,Mon,1635,HA,CN2C,302A ,,R,D,B ,F ,X,G,R,50,0,0,2,1766286,5900696
Auckland,11/08/2014,Mon,1029,NA,CW1E,713B ,,R,D,B ,F ,T,G,C,50,0,0,1,1766028,5900592
Auckland,20/08/2014,Wed,1647,KB,VW1M,302A 375A 801 ,,R,W,O ,L ,R,G,R,50,0,0,1,1766730,5900874
Auckland,26/09/2014,Fri,240,DA,CW1,331A ,I,S,D,DO,F ,R,G,R,50,0,0,0,1766729,5900867
Auckland,15/03/2014,Sat,1335,DA,CE1V,132A 402A 801 ,Q,M,W,O ,L , , ,C,50,0,0,0,1767122,5901012
Auckland,28/08/2014,Thu,1630,JA,ME1C,302B 375B ,,E,D,O ,F ,T,G,P,50,0,0,1,1767103,5901019
Auckland,06/02/2014,Thu,1400,FB,CW1V,181A ,,E,D,B ,F ,T,G,C,50,0,0,0,1765989,5900577
Auckland,20/10/2014,Mon,1435,JA,400000000000000,197A 309B 375B ,,R,D,B ,F ,T,N,N,50,0,0,0,1736639,5982125
Auckland,19/09/2014,Fri,,JO,4S1S,308A 204B 929 ,,R,D,B ,F ,D,N,C,50,0,0,2,1751652,5919189
Auckland,05/09/2014,Fri,805,EA,CN1T,101A 129A 402A ,M,R,W,B ,F , , ,C,50,0,1,1,1764406,5904696
Auckland,09/07/2014,Wed,1746,GD,4S1CC,181A 333A ,,R,W,DO,L ,T,G,C,50,0,0,0,1764407,5904671
Auckland,23/04/2014,Wed,1800,LB,CN1C,303B 375B ,,R,D,BF,F ,T,G,C,50,0,0,0,1764595,5905553
Auckland,25/07/2014,Fri,825,NA,CS1E,711B 726B ,,R,W,O ,F ,X,G,C,50,0,0,1,1764636,5905682
Auckland,12/03/2014,Wed,820,FC,CN1C,181A 427A ,,R,D,B ,F , , ,C,50,0,0,0,1764444,5904990
Auckland,05/08/2014,Tue,500,EA,CS1C,129A 331A ,M,R,W,DO,L , , ,C,50,0,0,0,1764417,5904909
Auckland,30/01/2014,Thu,1145,MD,CN1C,371B 929 ,,E,D,B ,F ,D,N,C,50,0,0,2,1764414,5904899
Auckland,29/11/2014,Sat,1821,JA,CS1C,302B 353B 375B ,,R,D,O ,F ,T,G,P,50,0,0,0,1764449,5905004
Auckland,24/05/2014,Sat,1905,GA,CN1C,181A 925 ,,R,W,DO,F ,D,N,L,50,0,0,0,1764421,5904452
Auckland,23/07/2014,Wed,1900,MB,CS1C,303B 357B 375B ,,R,D,DO,F , ,N,C,50,0,0,0,1764418,5904502
Auckland,23/10/2014,Thu,2100,CB,CN1,112A 130A 402A ,F,R,D,DO,F , , ,N,50,0,0,0,1765543,5908576
Auckland,02/01/2014,Thu,1900,MO,CS1C,371A ,M,R,D,B ,F , , ,C,50,0,0,0,1765587,5908297
Auckland,04/12/2014,Thu,845,AC,CE1C,372A ,,R,D,O ,F ,X,T,L,50,0,0,0,1757127,5920719
Auckland,11/09/2014,Thu,1430,GF,CN1C,381A ,,R,D,BF,F ,X,T,N,50,0,0,0,1757132,5920717
Auckland,18/12/2014,Thu,1043,GF,VW1C,129A 404A 801 ,,E,W,O ,L ,M,T,P,50,0,0,0,1757132,5920717
Auckland,30/08/2014,Sat,30,FE,CW1C,181A ,,R,D,DO,F ,X,T,C,50,0,0,0,1757132,5920717
Auckland,24/04/2014,Thu,135,NA,CW1E,105B 712B ,,R,D,DO,F , ,N,L,30,0,0,1,1757416,5920606
Auckland,28/12/2014,Sun,10,ND,VS2E,711B 718B ,,S,D,DO,F ,T,T,C,50,0,0,1,1757434,5920599
Auckland,16/01/2014,Thu,2050,JA,CN1S,308B 382B 929 ,,R,D,DO,F ,D,N,C,50,0,0,2,1756503,5917891
Auckland,02/08/2014,Sat,20,CC,CS1,103A 410A ,PSX,R,W,DO,F ,X,S,C,50,0,0,0,1743224,5916800
Auckland,27/02/2014,Thu,2220,LB,CE1C,303B 382B 929 ,,R,D,DO,F ,D,N,C,50,0,0,1,1762530,5907337
Auckland,20/04/2014,Sun,1903,DA,4S2V,110A 131A 402A 423A 801 ,Q,E,W,DO,L ,T,S,C,50,0,0,0,1762546,5907325
Auckland,27/08/2014,Wed,1632,FB,CE1V,331A 350A ,,R,D,BN,F ,T,S,C,50,0,0,0,1762546,5907325
Auckland,10/06/2014,Tue,1710,JA,CN1C,302B 387B ,,R,W,DO,L ,T,G,C,50,0,0,0,1762214,5907565
Auckland,24/04/2014,Thu,1230,MO,CN1C,371A 929 ,M,R,D,OF,F ,D,N,C,50,0,0,0,1765815,5905194
Auckland,24/10/2014,Fri,1750,MO,CS1C,371A 386A ,,R,D,B ,F , , ,N,50,0,0,0,1765797,5905240
Auckland,01/08/2014,Fri,1400,EA,CW1C,129A ,M,R,D,BF,F ,T,N,C,50,0,0,0,1758606,5920179
Auckland,29/05/2014,Thu,925,MO,CE1C,371A 385A ,M,R,D,OF,F , ,N,C,50,0,0,0,1754740,5913200
Auckland,31/12/2014,Wed,2245,MO,4S14,370A 102B 370B 812 904 ,,R,D,DN,M , , ,N,100,0,0,1,1712527,5949475