TLANAME,CRASHDATE,CRASHDOW,CRASHTIME,MVMT,VEHICLES,CAUSES,OBJECTSSTRUCK,ROADCURVE,ROADWET,LIGHT,WTHRa,JUNCTYPE,TRAFCTRL,ROADMARK,SPDLIM,CRASHFATALCNT,CRASHSEVCNT,CRASHMINCNT,EASTING,NORTHING
Auckland,22/02/2014,Sat,1400,QO,MN1M,370A 430A 370B ,,R,D,B ,F , , ,N,60,0,1,1,1719219,5938915
Auckland,13/11/2014,Thu,100,HA,CN1C,370A 901 ,,R,W,DO,H ,X,G,N,30,0,0,1,1758798,5903198
Auckland,08/05/2014,Thu,721,PO,CE1E,376A ,,R,D,O ,F , , ,N,10,0,0,1,1758038,5915095
Auckland,18/10/2014,Sat,215,PO,CE1E,101A 371A 512A 105B 926 ,,R,D,DO,F ,D,N,C,50,1,0,0,1771723,5913103
Auckland,14/10/2014,Tue,2330,MO,CN1,103A 130A 402A ,P,R,D,TO,F , , ,N,50,0,0,1,1768502,5901152
Auckland,14/04/2014,Mon,1645,MO,CS1C,371A ,M,R,D,BF,F , ,N,C,50,0,0,0,1766223,5899868
Auckland,14/09/2014,Sun,1400,PO,CS1EC,130A 423A 501A 801 ,MX,R,W,O ,L , , ,N,20,0,1,0,1745254,5919713
Auckland,17/04/2014,Thu,1100,PO,CN1E,370A ,,R,W,O ,HS,T,N,C,30,0,1,0,1757729,5920928
Auckland,27/12/2014,Sat,2125,MO,CE1,370A 386A 926 ,P,R,D,B ,F , ,N,N,50,0,0,0,1758435,5927596
Auckland,13/04/2014,Sun,1224,MO,CS1C,386A ,M,R,D,BF,F , ,N,N,50,0,0,0,1762408,5907273
Auckland,20/07/2014,Sun,1310,EA,CN14,423A ,M,R,D,ON,F , ,N,N,15,0,0,1,1745396,5917023
Auckland,07/11/2014,Fri,1154,MO,CW1,423A ,C,R,D,B ,F , , ,N,20,0,0,1,1758394,5918001
Auckland,18/09/2014,Thu,1100,PO,CN1E,370A 720B ,,R,D,O ,F , , ,N,80,0,0,1,1745654,5917031
Auckland,18/11/2014,Tue,1120,MO,CN1C44,130A 423A ,M,R,D,B ,F , , ,N,20,0,0,1,1743642,5923702
Auckland,07/06/2014,Sat,1555,MO,CW1,103A 108A 410A ,JST,E,D,O ,F , , ,R,30,0,0,1,1755701,5921408
Auckland,16/10/2014,Thu,1100,MO,VN1C,930,M,E,D,B ,F ,D,N,N,50,0,0,0,1759377,5906135
Auckland,09/02/2014,Sun,1244,NB,CE1E,929,,R,D,B ,F ,D,N,N,50,0,0,1,1755595,5935195
Auckland,20/08/2014,Wed,1245,MO,VE1E,371A 727B 929 ,,R,D,B ,F ,D,N,N,50,0,1,0,1775008,5895900
Auckland,18/05/2014,Sun,430,MO,CW1C,386A 929 ,M,R,D,DO,F , ,N,N,20,0,0,0,1754351,5913317
Auckland,05/07/2014,Sat,1025,MO,CE1C,330A 371A 671A 922 ,Q,R,D,B ,F ,D,N,N,50,0,1,0,1761518,5914785
Auckland,18/12/2014,Thu,1705,FB,CW1C,181A 331A 925 ,,R,D,O ,F ,D,G,N,50,0,0,0,1748260,5913908
Auckland,16/05/2014,Fri,1511,MO,CE1C,927,FM,R,D,B ,F ,D,N,N,50,0,0,0,1755637,5928061
Auckland,02/04/2014,Wed,945,BO,CS1M,201A 927 ,,M,D,B ,F ,D, ,C,30,0,0,1,1769970,5899466
Auckland,11/02/2014,Tue,1812,HA,CW1M,302A 370A ,,R,D,O ,F ,X,G,C,50,0,0,1,1743725,5923759
Auckland,08/11/2014,Sat,2205,MO,CE1C,371A 386A ,M,R,D,DO,F , , ,N,50,0,0,0,1759887,5906301
Auckland,30/07/2014,Wed,1330,QO,CW1CE,350A 423A 428A ,X,R,D,O ,F , , ,N,20,0,0,1,1755017,5924793
Auckland,22/01/2014,Wed,2359,CB,CW1,105A 130A 524A ,PX,R,D,DN,F , , ,N,50,0,0,2,1755792,5967045
Auckland,04/02/2014,Tue,1000,NG,CE1E,371A ,,R,D,B ,F , , ,N,30,0,0,1,1752904,5912591
Auckland,01/02/2014,Sat,1900,MO,4N1,101A 130A 812 ,,R,W,B ,F , , ,N,60,0,1,1,1725894,5926471
Auckland,07/07/2014,Mon,1012,MO,4N1,130A 407A 423A ,X,R,D,O ,F , , ,N,20,0,0,0,1750244,5931058
Auckland,13/12/2014,Sat,2335,DB,CS1,104A 111A 131A 929 ,GZ,M,W,DN,L , , ,N,30,0,1,1,1743996,5939146
Auckland,20/10/2014,Mon,1110,MO,MN1,130A 403A ,X,R,D,O ,F , , ,N,20,0,0,1,1769589,5880454
Auckland,28/08/2014,Thu,1345,DA,CN1,111A 131A ,F,E,D,O ,F , ,N,N,80,0,0,0,1737872,5936495
Auckland,12/10/2014,Sun,950,LB,CW1C,303B 387B ,,E,D,BF,F ,T,T,C,50,0,0,0,1759016,5920539
Auckland,03/02/2014,Mon,2135,BB,CN1C,124A ,,E,D,TO,F ,T,G,C,50,0,0,2,1758971,5920416
Auckland,01/12/2014,Mon,600,JA,CS1C,302B ,,R,D,BF,F ,T,G,C,50,0,0,1,1758971,5920416
Auckland,22/09/2014,Mon,830,KB,CN1C,302B 375B ,,E,D,B ,F ,T,G,C,50,0,0,0,1758971,5920416
Auckland,08/09/2014,Mon,1957,FD,CN1C,181A ,G,R,D,DO,F , , ,N,80,0,0,0,1758966,5920410
Auckland,08/08/2014,Fri,1803,EA,CS1CC4,129A 504A ,M,R,W,O ,H , ,N,P,50,0,0,0,1758935,5920374
Auckland,04/01/2014,Sat,100,EA,CS1CC,129A 350A ,M,R,W,DO,F , ,N,P,50,0,0,0,1758919,5920355
Auckland,17/04/2014,Thu,1510,JA,MW1C,308B 927 ,,R,D,B ,F ,D,N,C,50,0,0,0,1758774,5920331
Auckland,01/05/2014,Thu,1130,AO,CE1T,150A 386A ,,E,D,OF,F , ,N,C,50,0,0,0,1758570,5920386
Auckland,26/01/2014,Sun,157,CB,VS1,103A ,P,R,D,DO,F , ,N,C,50,0,0,0,1758475,5920338
Auckland,15/10/2014,Wed,810,AC,CN1C,372A ,K,R,D,O ,F , , ,C,50,0,0,0,1758272,5920217
Auckland,07/01/2014,Tue,1415,KA,TS1S,322B ,,S,D,B ,F ,X,T,C,50,1,0,0,1758274,5920198
Auckland,02/11/2014,Sun,1000,BF,VE2M,131A ,I,R,D,BF,F ,X,T,R,50,0,0,0,1758274,5920198
Auckland,14/04/2014,Mon,1530,AC,CS1C,159A ,,R,D,B ,F ,X,T,C,50,0,0,0,1758264,5920204
Auckland,06/05/2014,Tue,1740,AA,CN1C,372A ,,R,D,O ,F ,M,T,R,50,0,0,0,1758264,5920204
Auckland,18/01/2014,Sat,1800,FE,CN1C,331A ,,R,D,B ,F ,X,T,C,50,0,0,0,1758261,5920199
Auckland,20/09/2014,Sat,1105,FE,CS1C,501A ,,R,D,B ,F ,X,T,R,50,0,0,0,1758145,5920019
Auckland,27/06/2014,Fri,30,DB,CS1,111A 131A ,KP,M,W,DO,L ,X,T,C,50,0,0,0,1758136,5920027
Auckland,09/01/2014,Thu,810,AA,CS1C,372A ,,R,D,BF,F , ,N,C,50,0,0,0,1758074,5919949
Auckland,20/05/2014,Tue,357,AO,CS1T,129A 386A ,,R,D,DO,F , , ,N,80,0,0,0,1758056,5919911
Auckland,14/09/2014,Sun,1840,AD,CS1,136A 801 ,G,E,W,DO,F , ,N,R,50,0,0,0,1757984,5919868
Auckland,05/11/2014,Wed,1718,AA,CE1C,372A 357B ,,M,D,B ,F , ,N,P,50,0,0,0,1757966,5919874
Auckland,10/12/2014,Wed,2226,CA,CN1,101A 133A 330A ,G,R,W,DO,L , , ,C,80,0,0,0,1757778,5919733
Auckland,25/08/2014,Mon,1045,KA,CS1C,302B ,,R,D,B ,F ,T,G,C,80,0,0,0,1757765,5919718
Auckland,09/04/2014,Wed,1040,HA,CW1C,322A 334A ,,R,D,B ,F ,R,T,R,50,0,0,0,1757765,5919718
Auckland,02/02/2014,Sun,439,CA,CW1,103A 130A 357A ,G,R,D,DO,F , , ,N,80,0,0,0,1757644,5919572
Auckland,29/04/2014,Tue,646,FA,CN1CC,331A ,,R,D,DO,F , , ,C,80,0,0,0,1757524,5919396
Auckland,27/05/2014,Tue,915,FD,CN1V,181A ,,S,D,B ,F , ,N,C,80,0,0,1,1757434,5919233
Auckland,15/03/2014,Sat,1030,CB,CS1,110A 133A ,G,R,W,O ,F , ,N,C,80,0,0,0,1757448,5919209
Auckland,27/06/2014,Fri,2252,CB,CW1,133A 402A 431A ,C,R,W,DO,L , ,N,R,80,0,0,0,1757414,5919172
Auckland,10/10/2014,Fri,37,DB,CN1,111A ,G,E,D,DO,F , ,N,C,80,0,0,0,1757308,5919133
Auckland,29/03/2014,Sat,1459,AC,4S1C,372A ,G,M,D,B ,F , ,N,N,80,0,1,0,1757299,5919130
Auckland,09/09/2014,Tue,1510,AA,CW1C,381A ,,R,D,BF,F , ,N,R,80,0,0,0,1757003,5919174
Auckland,22/12/2014,Mon,230,DA,CE1,103A 131A ,G,M,D,DO,F , , ,C,80,0,1,1,1756907,5919225
Auckland,06/05/2014,Tue,2210,BA,CE1C,205A ,,R,D,DO,F , ,N,N,100,0,0,0,1756838,5919234
Auckland,04/04/2014,Fri,1602,CB,CN1,112A 132A ,P,R,D,B ,F , ,N,N,100,0,0,0,1756756,5919235
Auckland,26/12/2014,Fri,645,AC,CW1C,372A ,,M,D,B ,F , , ,N,80,0,0,0,1756562,5919077
Auckland,11/06/2014,Wed,1746,FD,CW1CC,110A 181A 331A ,,R,D,DO,F , , ,C,80,0,0,0,1756464,5919008
Auckland,22/08/2014,Fri,1513,FD,CE1V,181A ,,R,D,BN,F , ,N,C,100,0,0,0,1756441,5919083
Auckland,11/04/2014,Fri,1453,FD,VE1V,181A ,,R,D,BF,F , ,N,R,100,0,0,0,1756406,5919048
Auckland,22/03/2014,Sat,1137,FD,CN1CCC,181A 351A ,,R,D,B ,F ,M,N,C,100,0,0,0,1756385,5919026
Auckland,29/01/2014,Wed,1003,FD,4S144C,181A 181B 181C 181D ,,R,D,B ,F , , ,C,100,0,0,0,1756318,5918904
Auckland,11/07/2014,Fri,1335,AA,CW1C,103A 632A ,,R,D,OF,F , ,N,P,80,0,0,0,1756318,5918904
Auckland,02/12/2014,Tue,1303,FD,CE1V,331A 358A ,,R,D,BF,F , ,N,R,80,0,0,0,1756266,5918904
Auckland,13/08/2014,Wed,1223,CA,VS1C,132A 181A 331A 615A 801 ,G,R,W,B ,L , , ,C,80,0,0,1,1756254,5918846
Auckland,30/08/2014,Sat,1454,FD,CE1C,181A ,,R,W,OF,L , ,N,R,80,0,0,0,1756253,5918890
Auckland,24/01/2014,Fri,1615,FD,CN1C,181A ,,R,D,B ,F , , ,N,80,0,0,0,1756233,5918868
Auckland,09/06/2014,Mon,1658,FD,CE1C4,181A ,,R,W,DO,L , ,N,R,100,0,0,0,1756233,5918868
Auckland,18/03/2014,Tue,1849,FD,CN1CC,112A 331A 181B ,,R,D,TN,F , , ,C,100,0,0,0,1756204,5918798
Auckland,07/09/2014,Sun,1356,FD,CN14C,181A 331A 402A ,,R,D,B ,F , , ,C,80,0,0,0,1756202,5918834
Auckland,02/12/2014,Tue,1217,FD,CE1CCV,181A 331A 181B 181C ,,R,D,B ,F , , ,N,80,0,0,0,1756198,5918831
Auckland,02/08/2014,Sat,1231,FD,TE1VC,181A ,,R,D,OF,F , ,N,N,100,0,0,2,1756166,5918793
Auckland,30/10/2014,Thu,717,CA,MN1,110A 130A 191A 331A 801 ,,R,W,O ,L , , ,C,80,0,0,1,1756116,5918735
Auckland,13/11/2014,Thu,1631,FD,VW1CC,132A 181A ,,R,W,O ,F , ,N,C,80,0,0,0,1756053,5918638
Auckland,02/05/2014,Fri,1849,FA,CW1C,112A 331A 402A ,,R,D,DO,F , , ,C,100,0,0,0,1756036,5918620
Auckland,26/02/2014,Wed,949,FD,CE1C,331A 353A ,,R,D,B ,F , ,N,C,100,0,0,2,1756031,5918646
Auckland,02/07/2014,Wed,741,FD,CE1C,181A 331A ,,R,W,OO,L , , , ,100,0,0,0,1756031,5918646
Auckland,17/02/2014,Mon,1235,FD,CE1C,181A ,,R,D,BF,F ,Y,N,C,100,0,0,2,1756004,5918618
Auckland,18/08/2014,Mon,913,AA,VN1M,330A 372A ,,R,D,B ,F ,T,N,N,80,0,0,1,1755984,5918565
Auckland,05/05/2014,Mon,1517,FD,TS1CC,112A ,,R,W,O ,F , ,N,C,80,0,0,2,1755959,5918564
Auckland,21/10/2014,Tue,1209,AC,TN1C,671A 333B ,,R,D,B ,F , , ,C,100,0,0,0,1755945,5918548
Auckland,05/09/2014,Fri,1625,AC,CN14C,372A ,,R,W,O ,L , , ,N,100,0,0,3,1755939,5918542
Auckland,18/07/2014,Fri,1602,FD,CE1V,181A 331A 191B ,,R,D,B ,F , , ,C,100,0,0,0,1755876,5918480
Auckland,11/04/2014,Fri,1638,FD,4E1C,181A 331A ,,E,D,B ,F , ,N,C,80,0,0,1,1755793,5918406
Auckland,02/12/2014,Tue,1841,FA,CW1C,331A 352A ,,R,D,B ,F , , ,C,100,0,0,0,1755752,5918353
Auckland,10/12/2014,Wed,2312,AA,CW1CCC,103A 372A 386A ,,E,W,DO,L , ,N, ,100,0,0,1,1755699,5918325
Auckland,06/02/2014,Thu,1730,AC,CW1C,103A 381A 410A ,,E,D,B ,F , ,N,C,100,0,0,0,1755663,5918306
Auckland,15/11/2014,Sat,1211,FA,CW1C,112A 330A 372A ,,R,D,O ,F , , ,C,100,0,0,0,1755637,5918292
Auckland,24/01/2014,Fri,1650,FD,CE14,181A 331A ,,R,D,BF,F , ,N,C,100,0,0,0,1755641,5918315
Auckland,23/07/2014,Wed,1514,EC,CE1,820,Y,R,D,BF,F , ,N,R,100,0,0,0,1755537,5918278
Auckland,28/11/2014,Fri,1540,FD,CE1C,112A 331A ,,R,D,B ,F , , ,C,100,0,0,0,1755466,5918264
Auckland,02/07/2014,Wed,749,AC,TE1C,372A 671A ,,R,W,OF,L , ,N,R,100,0,0,0,1755439,5918262
Auckland,14/05/2014,Wed,1929,AA,CW1C,524A 130B 197B 801 ,,R,W,DO,L , , ,C,100,0,0,0,1755345,5918242
Auckland,03/05/2014,Sat,955,FD,CE1VC,181A 197A 331A 181B 331B ,,R,D,B ,F , , ,C,100,0,0,0,1755340,5918260
Auckland,29/09/2014,Mon,920,FD,VE1V,181A ,,R,W,BF,F , ,N,R,100,0,0,0,1755267,5918269
Auckland,27/06/2014,Fri,715,AC,CE1VC,331A 353A ,,R,W,OF,L , ,N,R,100,0,0,0,1755267,5918269
Auckland,01/10/2014,Wed,1644,FD,4E1C,181A 331A 501A ,,R,D,B ,F , , ,N,100,0,0,1,1755141,5918284
Auckland,25/09/2014,Thu,1825,FD,CW1CCC,331A ,,R,D,TO,F , , ,C,80,0,0,2,1755092,5918271
Auckland,01/10/2014,Wed,1044,FD,CW1CC,181A 181B ,,R,D,B ,F , , ,N,100,0,0,0,1754860,5918299
Auckland,13/01/2014,Mon,730,FD,CE14CC,110A 181A ,,R,D,B ,F , ,N,N,100,0,0,2,1754857,5918318
Auckland,22/07/2014,Tue,545,FD,CW1C,181A ,,R, ,O ,  , ,N,R,100,0,0,0,1754857,5918318
Auckland,02/03/2014,Sun,335,AC,CW1C,103A 357A 372A ,,R,D,DO,F , ,N,N,100,0,0,0,1754818,5918304
Auckland,05/06/2014,Thu,950,FA,400000000000000,181A 330A 350A ,,R,D,BF,F , ,N,R,80,0,0,0,1754807,5918324
Auckland,17/09/2014,Wed,927,FA,VE1C,331A 614A 191B ,,R,D,O ,F , , ,R,100,0,0,1,1754773,5918328
Auckland,08/03/2014,Sat,1223,FD,CW1C4,181A ,,R,D,BF,F , ,N,R,100,0,0,0,1754748,5918312
Auckland,03/03/2014,Mon,1804,FD,CW1CC,181A ,,R,D,BF,F , ,N,R,100,0,0,0,1754708,5918316
Auckland,15/02/2014,Sat,1505,FF,CW1C,181A 191B ,,R,D,BF,F , ,N,R,100,0,0,0,1754669,5918321
Auckland,06/11/2014,Thu,947,FD,TE1CM,181A 331A 130C 800 ,,R,W,B ,F , , ,C,100,0,0,0,1754674,5918340
Auckland,02/04/2014,Wed,1818,FD,CW1CC,181A 197B 191C ,,R,D,TO,F , , ,C,100,0,0,1,1754619,5918327
Auckland,16/11/2014,Sun,1235,FD,CW1C,181A ,,R,D,BF,F , ,N,C,100,0,0,0,1754420,5918337
Auckland,08/03/2014,Sat,1247,AA,4W1C,179A 386A ,,R,D,B ,F , ,N,C,100,0,0,0,1754363,5918331
Auckland,08/05/2014,Thu,2051,AA,CE14,372B ,,R,W,DO,L ,Y,N,N,100,0,0,0,1754375,5918354
Auckland,19/05/2014,Mon,627,AA,VE1C,197A 331A 372A ,G,R,D,DO,F , , ,C,100,0,0,2,1754321,5918344
Auckland,06/04/2014,Sun,251,CA,VW1,104A 130A ,G,R,D,DO,F , , ,C,100,0,0,0,1754272,5918313
Auckland,02/04/2014,Wed,700,FD,VW1C,181A ,,R,D,DO,F , ,N,R,100,0,0,0,1754265,5918312
Auckland,12/11/2014,Wed,1910,FD,CW1CCC,112A 181A 331A ,,R,D,B ,F , , ,C,100,0,0,2,1754223,5918303
Auckland,05/09/2014,Fri,1634,FD,CE1CC,181A 181B ,,R,W,O ,L , , ,C,100,0,0,0,1754223,5918326
Auckland,13/02/2014,Thu,653,FD,CE1C,110A 181A ,,E,W,O ,L , ,N,C,100,0,0,2,1754187,5918295
Auckland,30/08/2014,Sat,314,DB,CW1,101A 111A 410A ,IP,M,W,DO,F ,X,G,R,50,0,0,0,1754167,5918291
Auckland,26/02/2014,Wed,958,FD,CE14C,181A 350A ,,E,D,O ,F , ,N,N,100,0,0,2,1754163,5918315
Auckland,08/03/2014,Sat,1339,FD,CW1C,181A ,,R,D,OF,F , ,N,R,100,0,0,0,1754125,5918284
Auckland,07/10/2014,Tue,1953,CB,CE1,101A 130A ,P,R,D,DO,F , , ,C,80,0,0,0,1754124,5918307
Auckland,30/07/2014,Wed,838,FD,CE1VC,181A 181C ,,R,D,BF,F , ,N,R,100,0,0,0,1754124,5918307
Auckland,19/12/2014,Fri,840,FD,CE1CC,181A 331A 191C ,,R,D,B ,F , , ,C,100,0,0,1,1754065,5918298
Auckland,08/05/2014,Thu,2247,DA,CE1,131A ,IS,M,W,DO,L , ,N,R,100,0,0,0,1754025,5918294
Auckland,20/10/2014,Mon,1025,FD,VE14,110A 331A 191B 801 ,,R,W,O ,L , , ,C,100,0,0,0,1753976,5918292
Auckland,14/10/2014,Tue,1555,AA,TE1C,112A 197A 372A ,G,R,D,B ,F , , ,C,100,0,0,1,1753926,5918296
Auckland,04/08/2014,Mon,2335,FD,CW1C,331A 350A ,,R,W,DO,L , ,N,N,100,0,0,3,1753869,5918276
Auckland,31/03/2014,Mon,1651,FD,CE1C,181A ,,R,D,BF,F , ,N,N,100,0,0,1,1753876,5918299
Auckland,21/01/2014,Tue,733,FD,CE1CC,181A 181B ,,R,W,O ,H , , ,R,100,0,0,0,1753846,5918301
Auckland,16/08/2014,Sat,1946,FD,CE1CV,181A 181B ,,S,W,DO,F , , ,C,80,0,0,0,1753816,5918303
Auckland,03/04/2014,Thu,751,FD,CE1C,110A 331A 191B ,,E,D,B ,F , , ,C,100,0,0,0,1753816,5918303
Auckland,21/01/2014,Tue,642,FD,4E1C,181A 331A 801 ,,R,W,O ,L , , ,C,100,0,0,2,1753806,5918304
Auckland,18/03/2014,Tue,1300,QG,VE1,630A 687A ,,R,D,B ,F , , ,C,100,0,0,0,1753776,5918306
Auckland,31/03/2014,Mon,1651,FD,4E1VC,181A 181C ,,R,D,BN,F , ,N,N,50,0,0,0,1753756,5918308
Auckland,13/08/2014,Wed,155,FD,CW1C,181A 103B 817 ,,R,W,DO,L , ,N,N,100,0,0,0,1753726,5918288
Auckland,04/02/2014,Tue,745,FD,CE1CC,112A 331A 353A ,,R,D,BF,F , ,N,N,100,0,0,0,1753616,5918317
Auckland,15/08/2014,Fri,718,FD,VE1C,181A 191B 817 ,,R,W,B ,F , , ,C,100,0,0,0,1753534,5918304
Auckland,15/03/2014,Sat,2022,AO,CE1C,110A 403A ,,R,W,DO,F , ,N,C,100,0,0,1,1753494,5918306
Auckland,17/12/2014,Wed,1015,AA,CE1C,111A 177A 372A 901 ,G,E,W,O ,H , , ,C,80,0,0,0,1753427,5918323
Auckland,16/10/2014,Thu,1135,FD,CW1CT,181A 330A ,,R,D,B ,F , ,N,C,80,0,0,0,1753355,5918297
Auckland,05/06/2014,Thu,627,FD,CE1C4,181A ,,R,D,DO,F , ,N,R,80,0,0,1,1753328,5918311
Auckland,11/10/2014,Sat,350,CC,CW1,103A 130A 359A 817 ,G,R,D,DO,F , , ,C,100,0,0,0,1753232,5918266
Auckland,05/04/2014,Sat,1415,AC,CE1C,372B ,,E, ,BF,F , , , ,100,0,0,0,1753178,5918247
Auckland,28/01/2014,Tue,1830,FD,CW1CCC,181A ,,R,D,BF,F , ,N,N,100,0,0,1,1753138,5918232
Auckland,24/09/2014,Wed,800,FD,CW1V,181A 331A 191B 817 ,,R,D,B ,F , , ,C,100,0,0,0,1753130,5918229
Auckland,10/04/2014,Thu,1840,FD,CW1C,181A 330A ,,E,D,TO,F , ,N,C,80,0,0,0,1753070,5918206
Auckland,13/08/2014,Wed,2125,FD,VW1CC,181A ,,R,W,DO,L , ,N,R,100,0,0,0,1753044,5918196
Auckland,13/08/2014,Wed,2125,AA,CW1CC,181A 197A ,,R,W,DO,L , , ,N,100,0,0,1,1752997,5918179
Auckland,10/09/2014,Wed,815,FD,CE1C,181A ,,R,D,OF,F , ,N,R,100,0,0,0,1752978,5918191
Auckland,13/11/2014,Thu,1615,AC,TE1C,381A ,,R,D,B ,F , ,N,N,80,0,0,0,1752910,5918146
Auckland,10/12/2014,Wed,1845,FD,CW1XC,331A 801 ,,R,W,O ,L , , ,R,80,0,0,0,1752910,5918146
Auckland,28/06/2014,Sat,1644,FD,CW1C4,331A 350A 801 ,,R,W,DO,L , , ,C,80,0,0,0,1752626,5918049
Auckland,18/11/2014,Tue,2208,FD,CW1C4,181A 181B ,,R,D,TO,F , , ,C,80,0,0,0,1752480,5918016
Auckland,04/08/2014,Mon,753,FD,4W1CC4,181A ,,R,D,BF,F , ,N,R,100,0,0,0,1752455,5918012
Auckland,31/08/2014,Sun,0,FD,CW1C,103A 181A ,,R,W,DO,L , ,N,R,100,0,0,0,1752455,5918012
Auckland,05/03/2014,Wed,855,FD,ME1C,181A ,,R,D,BF,F , ,N,N,100,0,0,2,1752453,5918030
Auckland,25/09/2014,Thu,744,AA,CW1M,372A 120B ,,R,D,B ,F , , ,C,80,0,0,1,1752405,5918006
Auckland,17/03/2014,Mon,1700,FD,4W1CV,181A 331A 353A ,,R,D,B ,F , , ,C,80,0,0,0,1752405,5918006
Auckland,27/11/2014,Thu,1630,AC,TW1C,177A 372A ,,R,D,B ,F , , ,C,80,0,0,0,1752331,5918006
Auckland,25/01/2014,Sat,242,AO,VW1C,103A 120A ,,R,D,DO,F , ,N,C,100,0,0,0,1752306,5918005
Auckland,05/09/2014,Fri,751,FD,CE1CC,181A ,,R,D,BF,F , ,N,R,100,0,0,0,1752264,5918020
Auckland,11/07/2014,Fri,1745,FA,CW1C,110A 331A 901 ,,R,W,DO,H , , ,C,100,0,0,0,1752207,5917994
Auckland,12/01/2014,Sun,1825,AD,CE1C,101A 130A ,G,R,D,OF,F , , ,C,100,0,0,0,1752225,5918014
Auckland,21/05/2014,Wed,702,FD,VE1C,110A 132A 181A 191B ,,E,W,B ,F , , ,C,100,0,0,0,1752206,5918011
Auckland,03/10/2014,Fri,955,AC,TE1C,372A 671A ,G,R,D,OF,F , ,N,R,100,0,0,0,1752165,5918004
Auckland,10/10/2014,Fri,1652,EB,CE1C,331A 402A 440B ,Q,M,D,BF,F , , ,C,100,0,0,0,1752165,5918004
Auckland,27/02/2014,Thu,612,AC,TE1C,372A 671A ,,R,D,DO,F , ,N,R,100,0,0,0,1752127,5917992
Auckland,17/10/2014,Fri,807,FD,TE1T,112A 181A 331A ,,R,D,O ,F , , ,C,100,0,0,0,1752109,5917987
Auckland,04/08/2014,Mon,654,AA,CE1T,372A 381A 817 ,,E,D,B ,F , , ,C,100,0,0,0,1752069,5917975
Auckland,04/04/2014,Fri,936,FD,CE1C,181A 331A 191B ,,E,D,B ,F , , ,C,80,0,0,0,1752021,5917962
Auckland,19/07/2014,Sat,411,DB,CW1C,103A 111A 131A ,G,E,W,DO,F , , ,C,100,0,0,0,1751995,5917937
Auckland,14/10/2014,Tue,556,AC,TW1C,372A ,,R,D,O ,F , , ,C,100,0,0,0,1751975,5917933
Auckland,25/07/2014,Fri,1614,FD,CW1C,130A 427A 801 ,,R,W,O ,L , , ,R,100,0,0,0,1751926,5917923
Auckland,08/11/2014,Sat,1315,AA,CE1C,372A ,,R,D,BF,F ,T,N,R,100,0,0,0,1751855,5917935
Auckland,19/05/2014,Mon,904,FA,CE1M,131A 181A 402A ,,R,D,B ,F , , ,C,100,0,0,0,1751774,5917934
Auckland,17/02/2014,Mon,930,FD,CE1C,181A ,,R,D,BF,F , ,N,R,100,0,0,0,1751774,5917934
Auckland,04/09/2014,Thu,2145,FD,CW1C,181A ,,E,W,DO,L , , ,C,100,0,0,0,1751677,5917928
Auckland,12/08/2014,Tue,1722,AA,VE1M,372A 671A ,,R,D,TF,FF, ,N,N,100,0,0,0,1751675,5917947
Auckland,30/08/2014,Sat,2213,CA,CW1,130A 801 817 ,G,R,W,DO,L , , ,C,100,0,0,0,1751550,5917955
Auckland,26/03/2014,Wed,1911,FD,CW1C,181A ,,R,D,BF,F , ,N,R,100,0,0,0,1751482,5917970
Auckland,03/04/2014,Thu,2300,AD,CW14,133A ,,R,W,DO,F , ,N,R,80,0,0,0,1751482,5917970
Auckland,27/02/2014,Thu,640,FD,CE14VV,181A 331A 402A 181B 331B ,,R,D,DO,F , , ,C,100,0,0,1,1751479,5917989
Auckland,26/12/2014,Fri,2252,CA,CE1,101A 112A 130A ,G,R,D,DO,F , , ,N,100,0,0,0,1751282,5918017
Auckland,29/11/2014,Sat,1321,AC,CW1T,177A 184A 817 ,,M,D,B ,F ,T,N,C,80,0,0,0,1751243,5918003
Auckland,15/07/2014,Tue,1440,AA,CW1C,381A ,,R,D,BF,F ,Y,N,R,100,0,0,0,1751243,5918003
Auckland,04/10/2014,Sat,1048,FD,VW1CC,181A ,,R,W,OF,L , ,N,R,80,0,0,0,1751193,5918002
Auckland,04/09/2014,Thu,2129,FD,CW1T,181A ,,R,W,O ,L , , ,N,100,0,0,0,1751143,5918000
Auckland,12/10/2014,Sun,957,AD,CW1T,150A 381A ,,R,D,B ,F , ,N,C,80,0,0,0,1750973,5917996
Auckland,10/09/2014,Wed,57,FD,VE1C,181A 330A 191B ,,E,D,DO,F , ,N,N,80,0,0,0,1750683,5917995
Auckland,19/06/2014,Thu,1704,CA,PW1,191A ,,R,D,OF,F , ,N,R,100,0,1,0,1750627,5917995
Auckland,03/10/2014,Fri,2222,AC,CE1M,159A 801 ,G,R,W,DO,L , , ,C,80,0,0,1,1750597,5918010
Auckland,27/11/2014,Thu,730,AA,VE1M,330A 372A ,G,R,D,B ,F , , ,C,100,0,0,0,1750482,5918009
Auckland,11/09/2014,Thu,1830,AA,CW14,372A ,,R,D,DO,F , ,N,R,100,0,0,0,1750412,5917995
Auckland,12/05/2014,Mon,214,CB,CW1,410A ,G,R,D,DO,F , , ,C,100,0,0,0,1750243,5917995
Auckland,27/10/2014,Mon,1948,EB,CW1CC,331A ,Q,R,W,DO,L , , ,N,80,0,0,0,1750077,5918002
Auckland,11/09/2014,Thu,1832,FD,CW1CCV,181A ,,R,D,DO,F , ,N,R,100,0,0,3,1750012,5918006
Auckland,07/08/2014,Thu,643,AG,ME1C,381A ,,R,W,OF,F , ,N,C,80,0,0,1,1749991,5918022
Auckland,24/09/2014,Wed,635,CC,CW1,198A ,G,R,D,OF,F , ,N,C,100,0,0,1,1749613,5918030
Auckland,03/03/2014,Mon,700,CA,ME1,181A 191A ,,R,W,BF,L , ,N,N,80,0,0,1,1749592,5918049
Auckland,28/11/2014,Fri,1100,CC,CW1,136A 631A ,G,R,D,OF,F , ,N,C,100,0,0,0,1749564,5918039
Auckland,12/12/2014,Fri,1022,FD,CE1VC,181A ,,R,W,OF,L , ,N,R,80,0,0,0,1749544,5918063
Auckland,12/02/2014,Wed,652,FD,VE14,132A 181A 191B ,,R,D,O ,F , ,N,C,100,0,0,0,1749544,5918063