TLANAME,CRASHDATE,CRASHDOW,CRASHTIME,MVMT,VEHICLES,CAUSES,OBJECTSSTRUCK,ROADCURVE,ROADWET,LIGHT,WTHRa,JUNCTYPE,TRAFCTRL,ROADMARK,SPDLIM,CRASHFATALCNT,CRASHSEVCNT,CRASHMINCNT,EASTING,NORTHING
Auckland,20/09/2014,Sat,1403,CB,4W1,129A 350A ,G,R,D,O ,F , ,N,R,80,0,0,0,1749496,5918057
Auckland,09/06/2014,Mon,1617,AA,CW1M,372A ,,R,W,DO,F , , ,C,80,0,0,0,1749393,5918107
Auckland,02/10/2014,Thu,700,CB,4W1,130A 517A ,G,R,D,OF,F , ,N,R,100,0,0,0,1749254,5918196
Auckland,29/05/2014,Thu,1852,FD,CW1CC,181A ,,R,W,DO,F , ,N,N,80,0,0,0,1749199,5918231
Auckland,26/11/2014,Wed,1626,AC,CS1C,177A 357A ,,R,D,O ,F , , ,R,80,0,0,0,1749201,5918252
Auckland,19/08/2014,Tue,2059,FA,CE1C,181A 377A 191B 830 ,,R,W,DO,F , ,N,C,100,0,0,0,1749176,5918268
Auckland,20/05/2014,Tue,1914,FD,CW1C,181A ,,E,D,DO,F , ,N,R,100,0,0,0,1749166,5918252
Auckland,18/06/2014,Wed,1845,FD,CW1CC,331A 358A 801 817 ,,R,W,DO,L , , ,C,100,0,0,0,1749115,5918284
Auckland,06/08/2014,Wed,829,FD,BE1CC,181A 181B 801 ,,R,W,B ,L , , ,N,100,0,0,0,1749075,5918333
Auckland,12/09/2014,Fri,1646,FD,CW14,181A ,,R,W,OF,L , ,N,C,100,0,0,2,1749056,5918322
Auckland,11/12/2014,Thu,1620,FF,CE14CT,372A 386A ,,E,D,O ,F , , ,C,100,0,0,1,1748991,5918387
Auckland,08/10/2014,Wed,1625,FA,CS1C,330A 386A ,,R,D,B ,F , , ,C,100,0,0,0,1748974,5918398
Auckland,09/12/2014,Tue,1415,AO,TE1T,381A ,,R,D,BF,F , ,N,R,100,0,0,0,1748760,5918543
Auckland,02/10/2014,Thu,1643,FD,CN1C,110A 331A 801 ,,R,W,O ,L , , ,C,100,0,1,0,1748681,5918578
Auckland,29/10/2014,Wed,738,FD,ME1C,181A ,,R,W,OF,H , ,N,N,100,0,0,1,1748580,5918698
Auckland,21/08/2014,Thu,1055,AC,TS1C,350A 372A ,,E,D,B ,F , , ,C,80,0,0,0,1748574,5918706
Auckland,28/10/2014,Tue,2108,EC,CN1C4,191A 341A 181B ,C,E,W,O ,FF, ,N,C,80,0,0,0,1748542,5918720
Auckland,08/07/2014,Tue,1720,FD,CW1C,181A ,,E,W,O ,L , , ,C,100,0,0,0,1748526,5918740
Auckland,27/07/2014,Sun,523,DA,CN1,130A 410A ,G,E,D,DO,F , ,N,N,100,0,0,1,1748515,5918759
Auckland,29/01/2014,Wed,753,FD,MS1C,331A 350A ,,E,D,O ,F , , ,C,80,0,1,0,1748502,5918815
Auckland,30/08/2014,Sat,255,AA,TN1V,181A 193B ,,R,D,DO,F ,T,N,C,80,0,0,1,1748451,5918870
Auckland,14/05/2014,Wed,1852,FD,CN14,181A 331A 402A ,,R,D,TO,F , , ,C,100,0,0,1,1748440,5918889
Auckland,13/02/2014,Thu,2251,DB,CW1,108A 131A ,G,E,D,DO,F , , ,R,100,0,0,0,1748440,5918889
Auckland,19/06/2014,Thu,607,CA,CN1C,137A 197A 197B ,,R,D,DO,F , , ,C,100,0,0,0,1748402,5918957
Auckland,24/06/2014,Tue,644,AA,CW14,197A ,,E,D,DO,F , , ,C,100,0,0,0,1748350,5919040
Auckland,13/05/2014,Tue,1810,AO,CW1C,381A ,,R,D,DO,F , ,N,R,100,0,0,0,1748124,5919235
Auckland,05/07/2014,Sat,1130,AA,CW1T,372A ,G,E,D,BF,F , ,N,N,100,0,0,1,1748034,5919279
Auckland,26/11/2014,Wed,2101,AA,CN1C,386A ,G,R,D,DO,F , , ,C,80,0,0,1,1748014,5919289
Auckland,17/04/2014,Thu,1755,AO,VW1T,103A 129A ,,R,D,O ,F , , ,C,80,0,0,0,1747946,5919322
Auckland,17/02/2014,Mon,1700,AO,CE1C,125A 128A 130A ,G,R,D,B ,F , ,N,C,80,0,0,0,1747924,5919354
Auckland,22/09/2014,Mon,837,FD,TE14C,331A 901 ,,R,W,O ,H , , ,C,80,0,0,0,1747834,5919398
Auckland,06/05/2014,Tue,829,CA,MW1,181A 191A ,,R,W,BF,F , ,N,C,100,0,0,0,1747810,5919389
Auckland,05/11/2014,Wed,1659,FD,CN1C,181A 331A 359A ,,R,D,B ,F , , ,R,100,0,0,0,1747766,5919410
Auckland,29/07/2014,Tue,825,FF,ME1C,132A 181A ,,R,D,BF,F , ,N,R,100,0,0,0,1747719,5919453
Auckland,18/07/2014,Fri,1600,FA,TW14,181A ,,R,D,OF,F , ,N,R,100,0,0,0,1747675,5919455
Auckland,18/07/2014,Fri,1524,FD,4W14,181A 363A 902 ,,R,D,BF,F , ,N,R,100,0,0,0,1747587,5919498
Auckland,30/10/2014,Thu,925,FE,CE1C,331A 903 ,,R,W,B ,FS,T,T,C,100,0,0,0,1747563,5919528
Auckland,17/03/2014,Mon,1745,FD,CW1C,181A ,,E,D,BF,F , ,N,C,100,0,0,0,1747542,5919520
Auckland,22/03/2014,Sat,1704,FD,4W1V,197A 331A ,,E,D,B ,F , , ,C,80,0,0,0,1747540,5919521
Auckland,18/07/2014,Fri,654,FD,VE1VCC,181A ,,R,D,BF,F , ,N,R,100,0,0,0,1747539,5919540
Auckland,18/03/2014,Tue,1453,AC,CN1C,159A ,,R,D,B ,F , , ,N,100,0,0,0,1747536,5919541
Auckland,29/08/2014,Fri,1844,AO,CW2C,184A ,,E,D,DO,F ,T,N,C,80,0,0,0,1747497,5919542
Auckland,29/06/2014,Sun,245,AC,CW1C,159A 372A 137B ,G,R,D,DO,F ,Y,N,R,100,0,0,0,1747497,5919542
Auckland,05/03/2014,Wed,2230,FD,CW1C,181A ,,E,D,DO,F , , ,C,100,0,0,0,1747407,5919586
Auckland,15/05/2014,Thu,1642,FA,CW1C,181A 331A 402A ,,R,D,O ,F , , ,C,70,0,0,0,1747360,5919608
Auckland,11/10/2014,Sat,110,FA,CN1C,103A 112A 331A 817 ,G,R,D,DO,F , , ,R,100,0,1,1,1747291,5919660
Auckland,02/09/2014,Tue,1623,FD,CW1CC,331A 352A ,,R,D,OF,F , ,N,R,100,0,0,0,1747288,5919642
Auckland,19/03/2014,Wed,739,FA,CE1C,181A 331A ,,R,D,O ,F , , ,C,80,0,0,0,1747273,5919669
Auckland,28/10/2014,Tue,1645,AO,CW1C,386A 402A ,,E,W,O ,L , , ,R,100,0,0,0,1747270,5919651
Auckland,26/07/2014,Sat,1230,EC,TE1,686A ,B,R,D,BF,F , ,N,R,100,0,0,0,1747269,5919671
Auckland,12/03/2014,Wed,1742,FD,CW1C,181A ,,R,D,OF,F , ,N,C,100,0,0,0,1747225,5919673
Auckland,29/04/2014,Tue,924,DB,CS1C,111A 131A 801 ,G,S,W,O ,L ,T,S,C,100,0,0,0,1747219,5919696
Auckland,04/09/2014,Thu,1757,BF,CE2C,111A 131A ,,M,W,OO,L ,T,N,C,80,0,0,0,1747219,5919696
Auckland,18/07/2014,Fri,1524,FD,CW1V,181A 331A 191B ,,R,D,B ,F , , ,C,80,0,0,0,1747039,5919783
Auckland,06/08/2014,Wed,1714,FD,CS1CC4,112A 331A 632A ,,R,D,O ,F , , ,C,100,0,0,1,1747031,5919786
Auckland,25/09/2014,Thu,1744,FD,CE1C,331A ,,R,D,TF,F , , ,C,80,0,0,0,1747004,5919799
Auckland,03/10/2014,Fri,2236,FA,CE1C,331A 801 ,,R,W,DO,L , , ,C,80,0,0,0,1747001,5919801
Auckland,26/12/2014,Fri,2339,CB,CE1,129A 130A 817 ,G,R,D,DO,F , , ,C,100,0,0,0,1747001,5919801
Auckland,29/08/2014,Fri,1145,CA,OE1C,668A ,D,R,D,BF,F ,Y,N,R,100,0,0,0,1746986,5919808
Auckland,09/06/2014,Mon,1850,FD,4W1CC,181A 181B ,,R,W,DO,F , , ,N,80,0,0,0,1746985,5919790
Auckland,11/08/2014,Mon,1925,FD,CW1CB,181A 181C ,,R,D,DO,F , ,N,R,100,0,0,0,1746911,5919827
Auckland,03/11/2014,Mon,1735,FD,CE1CCC,181A ,,R,D,BF,F , ,N,R,100,0,0,2,1746897,5919853
Auckland,14/08/2014,Thu,1930,AA,CW1M,159A 817 ,,R,W,DO,L , , ,C,100,0,0,0,1746822,5919872
Auckland,15/01/2014,Wed,1152,CB,TW1,191A 197A ,,R,D,B ,F , , ,C,100,0,0,0,1746753,5919927
Auckland,23/10/2014,Thu,1650,AA,VW1T,330A 372A ,,R,D,O ,F , , ,C,100,0,0,0,1746389,5920123
Auckland,12/01/2014,Sun,405,AF,CS1C,112A 158A ,G,R,D,DO,F , ,N,C,70,0,0,1,1746091,5920338
Auckland,26/03/2014,Wed,1840,CA,CE1,130A ,G,R,D,O ,F , , ,R,100,0,0,1,1746041,5920348
Auckland,06/04/2014,Sun,804,CC,CW1,130A 410A ,G,R,D,B ,F ,T,T,C,70,0,0,0,1745987,5920384
Auckland,16/11/2014,Sun,1026,CA,CN14,130A 504A 903 ,,R,D,O ,FS,T,N,C,80,0,0,0,1745978,5920389
Auckland,17/01/2014,Fri,1643,FD,CW1C,181A 191B ,,R,D,B ,F , , ,C,80,0,0,0,1745920,5920427
Auckland,18/11/2014,Tue,625,AG,ME1V,159A ,,R,D,O ,F , , ,C,50,0,0,0,1745857,5920492
Auckland,15/03/2014,Sat,1840,FD,CE1C,331A 353A 817 ,,E,W,OF,L , ,N,R,100,0,0,0,1745798,5920531
Auckland,14/05/2014,Wed,658,FD,CE1C4,112A 181A ,,R,W,O ,F , ,N,C,80,0,0,0,1745773,5920547
Auckland,13/08/2014,Wed,1105,AO,CE1T,184B ,,R,D,BF,F ,Y,N,C,80,0,0,0,1745756,5920558
Auckland,30/04/2014,Wed,1832,AA,CS1V,372A 402A ,,R,D,DO,F ,T,N,C,70,0,0,0,1745756,5920558
Auckland,26/07/2014,Sat,1940,LB,CS1C,322A 334A ,,E,D,DO,F ,M,T,R,50,0,1,1,1745756,5920558
Auckland,25/07/2014,Fri,746,FD,CE1CC,181A ,,R,D,BF,F , ,N,N,100,0,0,1,1745715,5920586
Auckland,15/03/2014,Sat,1840,CA,CE1,137A 407A ,G,R,W,OF,L , ,N,R,100,0,0,0,1745623,5920622
Auckland,21/06/2014,Sat,759,FA,CW1C,181A 817 ,,R,W,O ,F , , ,C,100,0,0,1,1745501,5920709
Auckland,14/01/2014,Tue,741,AO,VE1V,129A ,,R,D,O ,F , ,N,C,100,0,0,0,1745461,5920739
Auckland,08/04/2014,Tue,822,FD,CE1C,181A 330A ,,R,D,BF,F , ,N,N,100,0,0,0,1745388,5920799
Auckland,10/01/2014,Fri,1040,GF,ON1C,179A 381A ,,M,D,B ,F ,Y,N,N,100,0,0,0,1745373,5920812
Auckland,14/06/2014,Sat,1228,FD,CN1C,112A 331A 353A ,,R,D,B ,F ,T,N,C,100,0,0,0,1745365,5920819
Auckland,13/10/2014,Mon,1904,CA,MN1,104A 130A ,G,R,D,O ,F , , ,C,80,0,1,0,1745358,5920825
Auckland,12/02/2014,Wed,1318,FD,VW1V,181A 330A ,,R,D,B ,F , ,N,C,80,0,0,1,1745312,5920865
Auckland,22/07/2014,Tue,836,CA,VW1,130A 501A ,G,R,W,BF,F , ,N,R,100,0,0,0,1745308,5920868
Auckland,28/07/2014,Mon,900,FD,CE1CT,331A 353A ,,R,D,BF,F , ,N,C,100,0,0,0,1745168,5921023
Auckland,16/10/2014,Thu,1152,QG,CN1CV4,682A 181D 197D 331D ,D,R,D,B ,F , , ,C,100,0,0,0,1745108,5921056
Auckland,02/09/2014,Tue,720,FD,VS1C,181A 191B ,,R,D,B ,F , , ,C,80,0,0,1,1745024,5921162
Auckland,28/05/2014,Wed,1850,FF,CW1C,434A ,,R,D,DO,F , ,N,C,100,0,0,0,1744864,5921289
Auckland,16/05/2014,Fri,1913,AA,CN1C,372A ,,R,D,DO,F , , ,C,100,0,0,0,1744714,5921430
Auckland,01/07/2014,Tue,255,DA,CW1,103A 410A ,G,E,W,DO,L , ,N,R,100,0,0,0,1744519,5921717
Auckland,18/10/2014,Sat,1907,CB,CE1,103A 137A ,P,R,W,BF,H , ,N,R,100,0,0,0,1744472,5922058
Auckland,05/04/2014,Sat,942,AA,CN1C,381A ,,E,D,B ,F , , ,C,100,0,0,0,1744440,5922171
Auckland,13/09/2014,Sat,1345,AA,TS1C,184A 330A ,,R,D,B ,F , , ,C,100,0,0,0,1744450,5922252
Auckland,29/11/2014,Sat,325,CB,CN1,102A 130A 412A ,S,R,D,DO,F ,T,N,R,100,0,0,0,1744429,5922270
Auckland,27/02/2014,Thu,810,FD,CS1C,181A ,,R,D,BF,F , ,N,R,100,0,0,0,1744444,5922302
Auckland,02/02/2014,Sun,1736,DB,CN1,131A 402A ,G,E,D,B ,F , , ,N,100,0,0,0,1744334,5922849
Auckland,15/05/2014,Thu,1530,AA,VW1C,101A 177A ,,M,D,B ,F ,R,G,C,50,0,0,0,1742501,5926444
Auckland,20/06/2014,Fri,1641,GC,MN14,171B 340B ,,E,D,B ,F ,R,G,R,80,0,0,1,1742480,5926410
Auckland,22/03/2014,Sat,1300,GB,4N1C,197A 370A 172B 372B ,,M,D,B ,F ,R,G,C,80,0,0,0,1742480,5926410
Auckland,27/08/2014,Wed,334,DA,CN1,103A 357A 817 ,IPR,E,D,DN,F ,R,G,R,70,0,0,0,1742475,5926470
Auckland,13/09/2014,Sat,500,DB,CN1,131A 410A ,IPX,E,W,DO,M ,R,G,R,100,0,0,0,1742475,5926470
Auckland,14/01/2014,Tue,745,AA,VS1C,372A ,,E,D,B ,F ,R,G,C,80,0,0,0,1742475,5926470
Auckland,18/06/2014,Wed,1135,GF,CS1C,129A 129B 801 ,,S,W,O ,L ,R,G,R,80,0,0,0,1742452,5926465
Auckland,19/01/2014,Sun,1530,FD,CS1CCC,331A ,,R,D,B ,F ,T,N,L,50,0,0,0,1742262,5926713
Auckland,01/06/2014,Sun,1300,GD,CS14,331A 350A 929 ,,R,D,B ,F ,D,N,C,80,0,0,1,1741764,5926976
Auckland,04/09/2014,Thu,214,EC,VS1,912,W,R,D,DO,M , ,N,C,80,0,0,0,1741630,5927076
Auckland,24/06/2014,Tue,655,FB,VS14,181A ,,R,D,DO,F ,T,S,R,50,0,0,0,1741287,5927439
Auckland,23/11/2014,Sun,1617,EC,CN1,129A ,I,E,D,BF,F ,T,S,R,80,0,0,0,1741287,5927439
Auckland,08/08/2014,Fri,1323,KB,TW1C,301B 382B ,,E,D,O ,F ,T,S,C,80,0,0,1,1741287,5927439
Auckland,19/05/2014,Mon,948,LB,CE2C,197A 303A 353A ,,E,D,B ,F ,T,S,L,80,0,0,2,1741287,5927439
Auckland,22/02/2014,Sat,1549,DB,CW2,103A 131A ,FIS,E,D,BF,F ,R,G,R,80,0,0,1,1740669,5927578
Auckland,17/04/2014,Thu,1856,AC,4W14CV,159A 197B ,,E,D,TO,F , , ,C,80,1,4,2,1740271,5927799
Auckland,23/04/2014,Wed,1500,FD,CN1C,331A 352A ,,R,D,OF,F , ,N,C,80,0,0,0,1740223,5927942
Auckland,27/03/2014,Thu,1145,GD,VN1C,333A 929 ,,R,D,BF,F ,D,N,C,80,0,0,0,1740197,5928017
Auckland,25/10/2014,Sat,1415,FD,CE1C,181A ,,R,D,BN,F , ,N,C,80,0,0,1,1740191,5928036
Auckland,23/04/2014,Wed,1440,GD,VS14,333A 358A 929 ,,R,D,BF,F ,D,N,L,80,0,0,0,1739911,5928428
Auckland,09/07/2014,Wed,1509,BB,4E1C,103A 123A 801 ,,E,W,O ,L ,T,G,P,60,0,0,0,1739586,5928652
Auckland,20/04/2014,Sun,1236,JA,CE14,350A 302B 375B ,,E,W,O ,F ,T,G,C,60,0,0,1,1739586,5928652
Auckland,18/06/2014,Wed,1415,GD,4W1C,331A 350A 378A 902 927 ,,R,D,B ,F ,D, ,C,60,0,1,1,1739192,5928646
Auckland,21/05/2014,Wed,629,DB,CN2V,131A 133A ,,R,D,TO,F ,T,T,C,50,0,0,0,1738960,5928779
Auckland,07/04/2014,Mon,1150,JA,VE1V,308B 929 ,,R,D,B ,F ,D,N,P,60,0,0,0,1738888,5928803
Auckland,04/04/2014,Fri,1300,JA,CE1C,308B 377B 925 ,,R,D,B ,F ,D,S,P,60,0,0,2,1738825,5928841
Auckland,01/04/2014,Tue,1550,NB,TW1E,507B 710B ,,R,D,BF,F , , ,P,60,1,0,0,1737957,5929258
Auckland,26/11/2014,Wed,1215,NB,VW1E,711B ,,R,W,OF,L , ,N,C,50,0,0,1,1737957,5929258
Auckland,11/10/2014,Sat,1847,JA,VE1C,302B 902 ,,R,D,B ,F ,T,G,C,60,0,0,2,1737829,5929297
Auckland,29/06/2014,Sun,718,BF,CW1V,101A 410A ,,R,D,DN,F , , ,C,100,0,0,0,1735486,5929935
Auckland,10/01/2014,Fri,1630,GD,CE1C,181A 333A ,,R,D,ON,F ,T,N,C,100,0,0,0,1734980,5929967
Auckland,23/11/2014,Sun,1047,QG,CE1C,682A 198B ,D,R,D,O ,F ,T,S,C,100,0,0,0,1734175,5929988
Auckland,08/07/2014,Tue,720,GD,CW1C,181A 333A 350A ,,R,D,DO,F ,T,N,C,100,0,0,2,1734165,5929987
Auckland,07/05/2014,Wed,1420,NB,TW1E,711B ,,R,D,OF,L , ,N,L,100,0,1,0,1734132,5929984
Auckland,20/04/2014,Sun,1211,GD,CW1C,331A 353A 926 ,,R,W,O ,L ,D,N,C,100,0,0,1,1734125,5929984
Auckland,18/01/2014,Sat,1300,LB,CS2C,301A 387A ,,R,D,ON,F ,X,S,C,70,0,0,2,1733167,5929690
Auckland,02/11/2014,Sun,935,HA,CW14,302B ,,E,D,B ,F ,X,G,C,50,0,0,0,1733167,5929690
Auckland,24/06/2014,Tue,1715,HA,CW1V,301B 375B ,,R,D,DO,F ,X,S,C,70,0,0,0,1733152,5929686
Auckland,18/07/2014,Fri,2016,DA,MW1,103A 131A 412A ,FP,M,W,DN,F , , ,L,100,1,0,0,1732074,5929816
Auckland,08/01/2014,Wed,825,MC,VS14,372B ,,R,D,BN,F , ,N,C,100,0,0,0,1728929,5931660
Auckland,30/03/2014,Sun,2045,EO,TN1C,129A 443B 692B ,QP,R,D,DN,F , , ,C,100,0,1,1,1728720,5931820
Auckland,01/08/2014,Fri,1449,CB,CS1,130A 415A ,X,R,D,O ,F , ,N,C,100,0,0,0,1728699,5932929
Auckland,07/03/2014,Fri,830,DA,CS1,131A ,G,M,D,BN,F , ,N,N,80,0,0,0,1728420,5937044
Auckland,13/10/2014,Mon,2300,DB,CS1,101A 111A ,FT,M,D,DN,F , ,N,C,100,0,1,0,1727653,5938540
Auckland,11/09/2014,Thu,1745,DA,4N1,501A ,G,E,W,O ,F , , ,C,100,0,0,1,1727780,5938805
Auckland,15/06/2014,Sun,59,CB,CN1,112A 130A ,V,R,W,DN,M ,T,G,C,100,0,0,0,1727952,5939051
Auckland,21/12/2014,Sun,705,CC,CN1,130A 402A 412A ,T,R,D,O ,F , , ,N,100,0,0,0,1728189,5939374
Auckland,22/05/2014,Thu,1125,GA,TS1T,181A 331A 333A 929 ,,R,D,B ,F ,D, ,C,70,0,0,0,1729165,5939780
Auckland,04/01/2014,Sat,1415,JA,CN1C,308B 375B 926 ,,R,D,BF,F ,D,N,C,50,0,0,0,1729589,5939868
Auckland,11/12/2014,Thu,1200,EA,TN1C,129A ,M,R, , F,F , ,N,N,50,0,0,0,1729618,5940015
Auckland,18/10/2014,Sat,1840,DB,CS1,131A 901 ,F,S,W,TF,H , ,N,C,50,0,0,0,1729650,5940462
Auckland,20/11/2014,Thu,835,CC,CN1,501A ,V,R,D,B ,F , , ,C,100,0,0,4,1729644,5941604
Auckland,07/02/2014,Fri,2009,DB,CS1,111A 131A 191A 801 ,F,E,W,O ,L , , ,C,100,0,0,0,1729625,5942062
Auckland,15/06/2014,Sun,1457,BF,CS14,131A ,,E,D,BN,F , ,N,N,100,0,2,1,1729495,5942501
Auckland,09/12/2014,Tue,1900,DA,CW1,135A 801 ,F,M,W,ON,L , ,N,C,100,0,0,0,1729421,5943425
Auckland,29/07/2014,Tue,620,BF,CS1CV,131A ,V,E,D,DN,F , , ,C,100,0,3,0,1729918,5943437
Auckland,03/11/2014,Mon,1400,DA,CE1,131A 404A ,V,M,D,ON,F , ,N,C,100,0,0,0,1730386,5943774
Auckland,27/12/2014,Sat,1622,BF,MS1C,111A 131A 191A ,,E,D,B ,F , , ,L,100,0,2,0,1732733,5944607
Auckland,05/01/2014,Sun,1530,MC,MW14,137A 191A ,,R,W,O ,L , , ,C,100,0,1,0,1734246,5945508
Auckland,08/02/2014,Sat,2209,MC,CS1C,372B ,,R,D,DN,F , ,N,C,100,0,0,0,1734307,5945699
Auckland,26/01/2014,Sun,1620,JA,VN1C,302B 382B 901 ,,R,W,ON,H ,T,G,N,100,0,0,0,1734308,5945724
Auckland,08/09/2014,Mon,1729,GD,CN1CC,331A 350A ,,E,D,OF,F ,T,G,C,100,0,0,2,1734312,5946125
Auckland,14/02/2014,Fri,1550,AA,CS1C,140A ,,R,D,BN,F , ,N,C,100,0,0,0,1733856,5946371
Auckland,27/08/2014,Wed,538,DB,4S1,111A 131A 800 ,T,M,W,DN,F , , ,C,100,0,0,0,1732372,5948522
Auckland,01/06/2014,Sun,1138,DB,CS1,131A 354A ,V,E,D,B ,F , , ,C,100,0,0,0,1732551,5948742
Auckland,18/07/2014,Fri,1505,JA,VN1C,302B 375B ,,R,D,OF,F ,T,G,C,100,0,0,1,1732169,5951699
Auckland,17/05/2014,Sat,1142,DA,CN1,101A 111A 131A ,C,M,D,O ,F , , ,L,100,0,0,0,1731820,5953165
Auckland,06/05/2014,Tue,620,EC,CS1,912,W,M,W,DN,M , ,N,C,100,0,0,0,1730941,5954420
Auckland,29/03/2014,Sat,1148,DA,MN1,139A 350A ,T,E,D,B ,F , ,N,C,100,0,1,0,1730575,5954963
Auckland,22/10/2014,Wed,1923,CB,CS1,410A ,V,R,D,O ,F , , ,C,100,0,1,0,1729799,5962498
Auckland,03/06/2014,Tue,1230,AD,CS1C,111A 137A ,,E,D,BN,F , ,N,C,100,0,0,0,1728474,5965367
Auckland,08/01/2014,Wed,1119,DA,MN1,111A 121A ,,E,D,B ,F , ,N,C,100,0,0,1,1728404,5965654
Auckland,28/02/2014,Fri,2330,DA,CN1,103A 131A ,C,E,D,DN,F , , ,C,100,0,4,3,1728700,5967065
Auckland,26/12/2014,Fri,1200,EC,MS1,350A 911 ,W,R,D,B ,F , ,N,L,100,0,0,1,1729922,5967885
Auckland,27/04/2014,Sun,1331,DA,MS1,111A 129A 131A 532A ,EFS,M,D,B ,F , , ,C,100,1,1,0,1731066,5974990
Auckland,04/07/2014,Fri,1420,BA,VN1C,330A 665A ,,R,D,O ,F , ,N,C,100,0,0,1,1731817,5978164
Auckland,21/09/2014,Sun,1500,GE,4W1C,197A 929 ,,M, ,ON,  ,D,N,C,70,0,0,0,1735755,5981814
Auckland,06/09/2014,Sat,1500,CC,CE1,130A 354A ,F,R,W,O ,F , , ,C,50,0,0,0,1736399,5981852
Auckland,12/11/2014,Wed,703,GF,CE1C,381A ,,M,D,BF,F ,T,T,R,50,0,0,0,1754197,5931414
Auckland,12/06/2014,Thu,1530,GF,VE1C,129A ,,R,D,B ,F ,X,T,C,50,0,0,0,1754197,5931414
Auckland,05/12/2014,Fri,1605,FB,CS1C,331A 353A ,,E,D,OF,F ,R,G,N,50,0,0,0,1754134,5931406
Auckland,17/11/2014,Mon,1540,AA,CW1T,372A ,,R,D,OF,FS,X,T,R,80,0,0,0,1754126,5931391
Auckland,21/05/2014,Wed,1230,AA,VE1C,381A ,,R,D,BF,F ,T,T,C,50,0,0,0,1754126,5931391
Auckland,10/05/2014,Sat,1216,MG,CW1C,428B ,,R,D,BF,F ,X,T,C,50,0,0,0,1754126,5931391
Auckland,12/09/2014,Fri,720,FB,CS1C,181A ,,R,W,O ,L ,T,G,P,50,0,0,1,1754118,5931401
Auckland,14/11/2014,Fri,1115,FD,CE1C,387A ,,R,D,O ,F , , ,C,50,0,0,0,1754071,5931384
Auckland,23/06/2014,Mon,820,FD,CE1C,181A ,,R,D,BF,F ,X,T,C,60,0,0,0,1754052,5931378
Auckland,19/04/2014,Sat,1010,MG,CW1C,371A 400A ,,R,D,B ,F ,T,T,R,50,0,0,0,1754049,5931364
Auckland,04/08/2014,Mon,1451,JA,CE1C,322B ,,E,D,O ,F ,T,T,C,50,0,0,0,1754049,5931364
Auckland,06/03/2014,Thu,845,FE,CN2C,112A 130A ,,R,D,BF,F ,T,T,N,50,0,0,0,1754049,5931364
Auckland,07/04/2014,Mon,725,GF,BN1C,381A 671A ,,R, , F,  ,M,T,R,60,0,0,0,1754049,5931364
Auckland,21/11/2014,Fri,705,FB,CN1V,181A 387A 191B ,,R,D,O ,F ,T,G,C,50,0,0,0,1754049,5931364
Auckland,19/02/2014,Wed,2000,FB,CN1C,331A ,,R,D,O ,F ,T,G,N,50,0,0,0,1754049,5931364
Auckland,15/10/2014,Wed,1450,KB,CE1C,322A 353A ,,R,D,B ,F ,X,T,C,50,0,0,0,1754030,5931358
Auckland,16/07/2014,Wed,1845,FB,CN1C,331A 350A ,,R,D,DO,F ,T,G,N,50,0,0,0,1754030,5931358
Auckland,15/08/2014,Fri,910,FB,CN1C,181A 387A ,,R,D,B ,F ,X,G,C,50,0,0,0,1754030,5931358
Auckland,25/10/2014,Sat,1926,CB,CW1,129A 353A 357A 402A ,P,R,D,B ,F ,X,G,P,50,0,0,0,1754001,5931349
Auckland,25/08/2014,Mon,1730,FD,CW1V,112A 181A 331A ,,R,D,O ,F , , ,R,80,0,0,0,1753729,5931265
Auckland,12/10/2014,Sun,933,FE,CN1C,371B 427B ,,R,D,O ,F ,T,T,R,50,0,0,1,1753681,5931251
Auckland,15/10/2014,Wed,1435,KA,CW1V,322B ,,R,D,B ,F ,T,T,C,80,0,0,0,1753681,5931251
Auckland,26/09/2014,Fri,1620,FE,CW1V,331A ,,R,D,O ,F ,T,T,R,50,0,0,0,1753681,5931251
Auckland,21/10/2014,Tue,925,FD,CE1C,181A 331A ,,R,D,B ,F , , ,C,80,0,0,0,1753630,5931248
Auckland,23/05/2014,Fri,1717,FA,CE1C,331A 350A ,,R,D,TO,F , , ,R,80,0,0,2,1753194,5931195
Auckland,08/06/2014,Sun,1027,AO,CW1V,375A 381A ,,R,D,B ,F , ,N,C,80,0,0,0,1752947,5931171
Auckland,26/06/2014,Thu,1755,FD,4W1C4,181A 331A 181B ,,R,D,DO,F , , ,R,80,0,0,1,1752898,5931166
Auckland,08/07/2014,Tue,710,GF,TW1C,179A 381A ,,R,D,DO,F ,X,G,R,50,0,0,0,1752341,5930946
Auckland,08/03/2014,Sat,845,MC,CS1C,372B ,,R,D,B ,F ,X,T,R,50,0,0,0,1752336,5930955
Auckland,06/09/2014,Sat,1638,AA,4S1C,372A 386A ,,R,D,O ,F , , ,N,100,0,0,0,1752035,5930641
Auckland,16/05/2014,Fri,1630,FB,CE2C,181A 191B ,,E,D,B ,F ,T,G,C,80,0,0,0,1751829,5930353
Auckland,10/06/2014,Tue,532,CC,CS1,112A 130A 901 ,G,R,W,DO,H , , ,C,100,0,0,0,1751475,5930014
Auckland,22/09/2014,Mon,1442,DA,CS1C,501A 512B ,G,E,D,B ,F , , ,C,100,0,1,0,1751357,5929950
Auckland,02/07/2014,Wed,630,AD,CN1V,130A 181A 197A 331A ,,R,W,DO,F , , ,C,100,0,0,1,1750495,5929245
Auckland,31/08/2014,Sun,1719,CA,CE1,112A 801 ,G,R,W,O ,L , , ,C,100,0,0,0,1750475,5929199
Auckland,06/10/2014,Mon,1615,FA,CS1V,181A 331A ,,R,D,O ,F , , ,N,100,0,0,0,1750276,5928737
Auckland,30/01/2014,Thu,1214,CC,CW1,504A ,,R,D,OF,F , ,N,C,100,0,0,1,1749665,5928066
Auckland,04/09/2014,Thu,1740,AC,CW1CC,197A 386A ,,R,W,DO,L , , ,C,100,0,0,0,1749605,5928012
Auckland,07/07/2014,Mon,1450,QG,VS1,130A 687A ,G,R,W,OF,L , ,N,R,100,0,0,0,1749424,5927878
Auckland,04/10/2014,Sat,2301,QG,VW1C,682A 198B ,G,E,W,DO,L , , ,C,100,0,0,0,1749144,5927773