TLANAME,CRASHDATE,CRASHDOW,CRASHTIME,MVMT,VEHICLES,CAUSES,OBJECTSSTRUCK,ROADCURVE,ROADWET,LIGHT,WTHRa,JUNCTYPE,TRAFCTRL,ROADMARK,SPDLIM,CRASHFATALCNT,CRASHSEVCNT,CRASHMINCNT,EASTING,NORTHING
Auckland,24/12/2014,Wed,1841,DA,CW1,136A 631A ,G,E,D,BF,F , ,N,R,100,0,0,0,1749066,5927762
Auckland,25/08/2014,Mon,1,CA,CW1,410A ,G,R,D,DO,F , , ,C,100,0,0,0,1747116,5926653
Auckland,09/09/2014,Tue,1650,FA,4N1C,112A 181A 357A ,,R,D,O ,F , , ,C,100,0,0,0,1746417,5926247
Auckland,23/05/2014,Fri,827,CC,CE1,130A 357A ,G,R,D,B ,F ,T,N,C,100,0,0,2,1746331,5926195
Auckland,25/03/2014,Tue,1253,CC,VE1,129A 359A ,G,R,D,B ,F , ,N,C,100,0,0,2,1745145,5925477
Auckland,03/11/2014,Mon,822,QG,VE1,682A ,G,R,W,O ,L , , ,N,100,0,0,0,1744803,5925270
Auckland,30/09/2014,Tue,1446,CA,CE1,130A ,G,R,D,B ,F , , ,C,100,0,0,0,1744582,5925135
Auckland,26/09/2014,Fri,720,AO,CW1C,370A 370B ,,R,D,B ,F , , ,C,100,0,0,0,1744504,5925075
Auckland,08/11/2014,Sat,2315,CB,CE1,103A ,BG,R,D,DN,F , ,N,C,100,0,0,0,1734989,5989477
Auckland,07/02/2014,Fri,1008,CB,40,135A 330A 631A 801 903 ,C,R,W,O ,LS, ,N,C,100,0,0,1,1735455,5989378
Auckland,29/12/2014,Mon,830,BA,CS1C,129A 130A 330A ,,R,D,B ,F , , ,C,100,0,0,0,1735790,5988849
Auckland,30/04/2014,Wed,2330,CB,CS1,101A 112A 130A ,F,R,D,DN,F , ,N,L,100,0,0,0,1735574,5987846
Auckland,17/01/2014,Fri,1420,JA,CN1C,302B 375B ,,R,D,BN,F ,T,G,C,70,0,0,6,1735626,5986396
Auckland,16/08/2014,Sat,1915,BE,CN1V,112A 137A 632A ,G,R,D,DO,F ,T,G,C,70,0,0,0,1735628,5986379
Auckland,04/10/2014,Sat,708,CB,CS1,410A ,V,R,W,ON,F , ,N,C,100,0,0,1,1735822,5985483
Auckland,08/03/2014,Sat,815,BF,CS1C,131A ,,M,D,B ,F , , ,C,100,0,0,0,1736435,5983701
Auckland,21/09/2014,Sun,913,FD,CS1CC,181A ,,R,W,OF,L , ,N,C,50,0,0,1,1736516,5983412
Auckland,03/02/2014,Mon,1408,FD,CS1CCC,181A 331A 191B ,,R,D,B ,F ,X,G,C,50,0,0,0,1736884,5982559
Auckland,07/01/2014,Tue,1939,DA,CW2,103A 131A 433A ,F,R,D,BF,F ,T,G,R,50,0,0,0,1736884,5982559
Auckland,23/11/2014,Sun,300,MO,TN1,386A 801 ,P,R,W,DO,L , , ,C,50,0,0,0,1736851,5982410
Auckland,01/11/2014,Sat,1844,EA,CN1C,103A 129A ,M,R,D,O ,F , , ,C,50,0,0,0,1736807,5982032
Auckland,02/03/2014,Sun,1845,JA,CS1C,308B 375B 930 ,,R,D,BF,F ,D,N,C,50,0,0,0,1736814,5981983
Auckland,16/05/2014,Fri,1410,CC,CN1,410A ,P,R,D,BF,F , ,N,C,50,0,0,0,1736827,5981883
Auckland,21/10/2014,Tue,920,MC,CN1C,372B ,,R,D,B ,F , , ,C,50,0,0,0,1736869,5981617
Auckland,14/02/2014,Fri,1345,GD,CS1V,333A 387A ,,R,D,BF,F ,T,G,C,50,0,0,0,1736944,5981432
Auckland,04/02/2014,Tue,1410,BC,CS14,121A ,C,E,W,B ,L , ,N,L,100,0,0,3,1737303,5980621
Auckland,09/04/2014,Wed,555,DB,CS1,116A 150A ,C,M,D,TN,F , ,N,L,80,0,0,1,1737315,5980582
Auckland,08/02/2014,Sat,1412,DA,CS1,110A 131A ,CS,E,W,B ,F , ,N,C,100,0,0,1,1737435,5980412
Auckland,09/12/2014,Tue,1021,CB,CN1,402A 410A 632A ,G,R,D,OF,F , ,N,C,100,0,0,0,1738338,5979249
Auckland,08/08/2014,Fri,845,CB,CN1,130A 412A ,G,R,D,O ,F , , ,R,80,0,0,0,1738715,5978542
Auckland,13/06/2014,Fri,1450,BC,CN1C,121A ,,E,D,BN,F , ,N,C,100,0,0,0,1739133,5978045
Auckland,13/02/2014,Thu,1955,DB,CN1,132A 930 ,X,E,D,TN,F ,D, ,C,80,0,0,0,1741134,5976273
Auckland,30/08/2014,Sat,1346,BF,CS1C,131A 197B 800 ,G,M,W,O ,  , , ,C,80,0,1,1,1741209,5976087
Auckland,22/09/2014,Mon,850,DA,CS1,131A 402A 812 901 ,FV,E,W,O ,H , , ,L,100,0,0,0,1741837,5976084
Auckland,27/01/2014,Mon,1610,FD,CN1C,181A ,,E,D,B ,F , , ,C,80,0,0,0,1743409,5975715
Auckland,29/03/2014,Sat,1559,BA,CS1C,129A 410A ,,R,D,BN,F , ,N,C,80,0,1,0,1743802,5975075
Auckland,04/03/2014,Tue,1220,FD,CN1C,181A ,,E,D,BF,F , ,N,L,80,0,0,2,1744671,5974385
Auckland,27/02/2014,Thu,1331,LB,CS1C,303B 370B 404B ,,E,D,B ,F ,T,N,C,80,0,0,1,1744668,5974345
Auckland,03/10/2014,Fri,615,DA,CN1,131A 410A ,C,M,W,DN,F , ,N,C,80,0,0,1,1744832,5974010
Auckland,25/10/2014,Sat,440,BF,TN1T,129A 131A 411A 197B ,,M,D,DN,F , , ,L,80,0,0,0,1745467,5974001
Auckland,01/03/2014,Sat,1655,AG,CS1CCV,125A 410A ,,R,D,B ,F , ,N,C,100,0,2,2,1746813,5972552
Auckland,17/10/2014,Fri,1515,DA,CS1,131A 501A ,V,E,D,B ,F , , ,L,100,0,0,0,1747261,5971894
Auckland,02/08/2014,Sat,948,AO,CS1CC,691A 512B 514B ,,R,D,O ,F , , ,L,70,0,0,0,1747902,5971436
Auckland,11/10/2014,Sat,1900,AO,BS1C,381A 434B ,,R,D,OF,F , ,N,C,70,0,0,0,1748051,5971354
Auckland,19/11/2014,Wed,1520,FE,TW1C,112A 181A ,,R,D,BF,F ,X,T,R,100,0,0,1,1748077,5971340
Auckland,13/03/2014,Thu,1440,FD,CE1C,181A ,,R,D,BN,F , ,N,P,70,0,0,2,1748296,5971219
Auckland,02/09/2014,Tue,1420,AA,CN1T,381A 386B ,,E,D,B ,F , , ,C,50,0,0,0,1748862,5970431
Auckland,06/11/2014,Thu,1425,AA,CN14,184A 184B ,,R,D,B ,F , , ,C,60,0,0,0,1748844,5970385
Auckland,12/01/2014,Sun,1427,FD,CS1C,181A ,,R,D,OF,F , ,N,C,60,0,0,0,1748783,5970230
Auckland,10/10/2014,Fri,1310,FE,CN1C,331A ,,R,D,O ,F ,T,T,C,60,0,0,0,1748747,5970137
Auckland,21/09/2014,Sun,2000,FE,4N1C,181A 357B 512B ,,R,D,DO,F ,T,T,C,60,0,0,0,1748747,5970137
Auckland,30/12/2014,Tue,1120,AC,CS1T,184A ,,R,D,BF,F , ,N,P,60,0,0,0,1748740,5970118
Auckland,02/04/2014,Wed,712,BA,CN1C,125A 358A ,,R,D,OF,F , ,N,C,50,0,0,0,1748580,5968975
Auckland,25/01/2014,Sat,1145,FD,CN1VCC,181C 331C 402C 331D ,,R,D,B ,F , , ,C,100,0,0,1,1747972,5968197
Auckland,24/01/2014,Fri,1024,MC,CS1C,197A 110B 372B 381B 507B ,,R,D,B ,F , , ,C,100,0,0,1,1747920,5968137
Auckland,19/03/2014,Wed,510,FA,CS1C,181A ,,M,D,DF,F , , ,L,100,0,0,0,1747818,5968052
Auckland,22/12/2014,Mon,1222,GD,TS1C,157A 386A ,,M,D,B ,F ,T,S,C,100,0,0,0,1747609,5967709
Auckland,07/10/2014,Tue,518,EC,CS1C,912,W,E,W,DN,L , ,N,L,100,0,0,0,1747607,5967689
Auckland,11/07/2014,Fri,1607,CC,CN1,112A 130A 402A 901 ,P,R,W,O ,H , , ,C,100,0,0,0,1747654,5967226
Auckland,20/02/2014,Thu,1610,JA,TN1CC,301B 375B ,,M,D,OF,F ,T,S,N,100,0,0,0,1747734,5966458
Auckland,19/02/2014,Wed,1901,DB,CS1,131A 404A ,G,M,W,OF,L , ,N,C,100,0,0,0,1747934,5965526
Auckland,20/03/2014,Thu,720,DB,CS1,111A 131A ,C,E,D,TN,F , ,N,C,100,0,0,2,1747920,5965132
Auckland,06/01/2014,Mon,1142,FD,VN1CC,181A ,,E,D,OF,F , ,N,L,100,0,0,0,1748087,5963753
Auckland,27/10/2014,Mon,120,DA,4S1,103A 111A 131A ,C,M,D,DO,F , , ,C,100,0,0,1,1748513,5961429
Auckland,03/08/2014,Sun,1410,DA,CS1,111A 131A ,S,M,W,O ,F , , ,L,100,0,0,0,1748500,5961371
Auckland,03/08/2014,Sun,1519,DA,CS1,111A 131A 407A ,C,M,W,O ,F , , ,L,100,0,0,0,1748465,5961336
Auckland,12/09/2014,Fri,1957,DA,CS1,111A 131A ,T,E,W,DN,H , ,N,C,100,0,0,1,1748334,5961263
Auckland,21/08/2014,Thu,1902,DB,CS1,131A 410A 501A ,,E,D,DN,F , ,N,L,100,0,0,0,1748295,5961233
Auckland,04/07/2014,Fri,1625,AO,CN1C,129A 330A 129B 330B 902 ,,R,D,BN,F , , ,C,100,0,0,0,1748250,5961179
Auckland,13/07/2014,Sun,1831,EC,CS1C,826,DD,M,D,DN,M , ,N,N,100,0,0,1,1748226,5961140
Auckland,06/03/2014,Thu,1815,CB,CN1,129A 363A 902 ,F,R,D,BN,F , ,N,L,100,0,0,0,1748448,5961014
Auckland,20/10/2014,Mon,740,DA,4S1,131A ,ST,M,D,B ,F , , ,L,100,0,1,0,1748755,5960916
Auckland,15/05/2014,Thu,1548,DA,TS1,110A 131A ,S,M,D,B ,F , ,N,L,100,0,0,0,1748755,5960606
Auckland,23/08/2014,Sat,928,AA,CN1T,372A ,,R,D,B ,F , , ,C,100,0,0,0,1748709,5960518
Auckland,27/08/2014,Wed,1622,BF,4S1VCT,111A 131A 632A 901 ,G,E,W,O ,H , , ,C,100,0,0,1,1748662,5960441
Auckland,06/06/2014,Fri,714,AD,TS1,131A ,,E,W,ON,F , ,N,L,100,0,0,0,1748932,5959506
Auckland,27/08/2014,Wed,1800,FD,CN1CC,181A 410A 181B 901 ,,E,W,DO,H , , ,C,100,0,1,0,1749787,5957171
Auckland,29/07/2014,Tue,1755,BF,CS1V,125A 507A 197B ,,R,D,DO,F , ,N,C,80,0,0,0,1750163,5956509
Auckland,04/02/2014,Tue,1629,CA,4N1,197A ,G,R,D,O ,F , , ,P,80,0,0,0,1750194,5956006
Auckland,12/10/2014,Sun,601,CC,CN1,103A ,G,R,D,DO,F , ,N,R,100,0,0,0,1750288,5955635
Auckland,09/05/2014,Fri,2218,DA,CW1,103A 111A ,G,S,W,DO,F , ,N,C,80,0,0,0,1750321,5955574
Auckland,09/07/2014,Wed,730,EC,CS1,341A 820 901 ,X,E,W,O ,H , , ,C,80,0,0,0,1750380,5955509
Auckland,26/02/2014,Wed,920,FA,TS1C,181A 191B ,,R,D,B ,F , ,N,C,80,0,0,0,1750463,5955260
Auckland,31/05/2014,Sat,2033,DB,CN1,131A ,G,S,D,DN,F , , ,C,80,0,0,0,1750398,5953889
Auckland,29/06/2014,Sun,1648,QG,VS1,130A 665A 682A ,G,E,D,TN,F , , ,C,100,0,1,3,1750391,5953288
Auckland,14/01/2014,Tue,1725,FD,CN1C,350A ,,R,D,B ,F , ,N,C,100,0,0,0,1748970,5950058
Auckland,27/06/2014,Fri,1719,FB,CW1C,181A 330A ,,R,W,O ,L ,X,G,C,70,0,0,0,1748896,5949598
Auckland,09/08/2014,Sat,1615,FA,VS1V,103A 331A 370A ,,R,D,O ,F , , ,C,100,0,0,0,1748733,5948714
Auckland,08/05/2014,Thu,1615,FD,CS1C,181A 331A ,,R,D,TF,F , ,N,C,80,0,0,0,1748717,5948474
Auckland,16/01/2014,Thu,1847,AA,VN1C,103A 150A 372A ,,R,D,O ,F , ,N,C,100,0,0,0,1748670,5947916
Auckland,03/10/2014,Fri,1355,CA,CN1,130A 412A ,F,R,W,O ,L , , ,R,100,0,0,0,1748640,5947770
Auckland,21/06/2014,Sat,543,DB,CN1,130A 412A ,G,E,D,DO,F , , ,C,80,0,0,0,1748662,5946412
Auckland,15/11/2014,Sat,553,DA,CS1,131A 195A ,,E,D,O ,F , , ,N,100,0,0,0,1748712,5946069
Auckland,09/12/2014,Tue,2240,CB,CS1,130A 402A ,G,R,D,DN,F , ,N,R,100,0,0,0,1748709,5945992
Auckland,01/07/2014,Tue,720,FD,CS1C,181A 331A 402A 197B 904 ,G,R,W,OF,M , , ,R,100,0,0,0,1748694,5945419
Auckland,14/05/2014,Wed,636,FD,4S1VCV,181A 181D ,,R,W,DN,M , ,N,R,100,0,0,0,1748682,5945027
Auckland,14/05/2014,Wed,735,FA,CS1C,181A 353A ,,R,W,TF,M , , ,C,100,0,0,1,1748682,5945017
Auckland,25/11/2014,Tue,815,AA,CS1C4,330A 372A 434A 197B ,,R,D,O ,F ,T,N,N,100,0,0,0,1748683,5944992
Auckland,17/02/2014,Mon,1219,AO,4S1C,129A 357A ,,R,D,O ,F , , ,N,100,0,0,1,1748654,5944394
Auckland,08/12/2014,Mon,1104,FA,CS14,110A 331A 358A ,,R,D,B ,F , , ,C,100,0,0,0,1748648,5943728
Auckland,10/11/2014,Mon,1217,FA,MS1C,181A 331A 377A ,,R,D,B ,F , , ,R,100,0,0,0,1748645,5943628
Auckland,11/08/2014,Mon,2230,CB,CS1,130A ,FT,R,D,DN,F , , ,C,100,0,0,0,1748627,5942928
Auckland,12/05/2014,Mon,1815,FD,CN1C,181A ,,R,D,DN,F , ,N,C,100,0,0,0,1748621,5942794
Auckland,21/05/2014,Wed,200,CB,CN1,130A ,G,R,D,DN,F , , ,C,100,0,0,0,1748669,5942469
Auckland,27/12/2014,Sat,1423,FA,CN14,331A 410A 500A ,,E,D,BF,F , ,N,R,100,0,0,0,1748670,5942464
Auckland,31/01/2014,Fri,1540,FA,TN1C,112A 132A 181A ,,R,D,O ,F , ,N,C,100,0,0,0,1749029,5941628
Auckland,01/07/2014,Tue,642,AA,CS1C,372A ,,R,D,DN,F , , ,N,100,0,0,0,1749112,5941534
Auckland,01/07/2014,Tue,642,FD,CS14VC,181A ,,R,W,DN,L , ,N,R,100,0,0,0,1749274,5941339
Auckland,14/05/2014,Wed,1417,EC,CN1,827,D,R,D,ON,F , ,N,C,100,0,0,0,1749504,5941101
Auckland,21/06/2014,Sat,427,CB,VS1,137A 195A 800 ,,R,W,DN,F , , ,C,100,0,1,0,1750016,5940668
Auckland,17/04/2014,Thu,1104,DA,VS1V,137A ,,E,W,OF,FS, ,N,R,100,0,0,0,1750088,5940599
Auckland,27/08/2014,Wed,1119,CB,CN1,130A 501A ,G,R,D,O ,F , , ,C,100,0,0,1,1750565,5939757
Auckland,11/10/2014,Sat,325,CC,CS1,103A 410A ,G,R,W,DF,H , ,N,R,100,0,0,0,1750595,5939748
Auckland,03/03/2014,Mon,1545,CC,VS1,134A 402A 410A ,,R,D,B ,F , ,N,C,100,0,0,1,1751158,5939354
Auckland,29/03/2014,Sat,1836,CB,CN1,129A 358A ,G,R,D,O ,F , ,N,N,100,0,0,0,1751621,5939083
Auckland,05/07/2014,Sat,1205,FF,CN1C,181A 191B ,,E,D,B ,F , , ,C,100,0,0,0,1751719,5938978
Auckland,24/04/2014,Thu,715,AC,CN1C,372A ,,R,D,ON,F , ,N,C,100,0,0,0,1751774,5938910
Auckland,05/09/2014,Fri,1555,FD,VN1C,181A ,,E,W,O ,H , , ,C,100,0,0,0,1751930,5938695
Auckland,27/05/2014,Tue,620,AD,CS1C,130A ,,R,D,DO,F , , ,C,100,0,0,0,1752250,5937348
Auckland,23/07/2014,Wed,633,FD,CN1V,181A 331A 191B ,,R,W,DN,F , , ,C,100,0,0,1,1752244,5937293
Auckland,01/08/2014,Fri,633,FD,4N14,112A 132A 191B ,,R,D,DN,F , ,N,C,100,0,0,1,1752244,5937293
Auckland,01/07/2014,Tue,1745,FD,CS1V,181A ,,R,D,B ,F , ,N,C,100,0,0,0,1752381,5936356
Auckland,08/07/2014,Tue,1427,AC,VN1T,372A 386A ,,R,W,O ,F , ,N,C,100,0,0,0,1752371,5936321
Auckland,21/11/2014,Fri,1605,AO,TN1C,671A ,,R,D,BF,F , ,N,R,100,0,0,0,1752707,5935432
Auckland,06/10/2014,Mon,820,AC,CS1C,159A ,,R,D,O ,F ,T,N,R,100,0,0,0,1752730,5935430
Auckland,27/01/2014,Mon,1408,CB,CN1,136A 621A ,CT,R,D,OF,F , ,N,N,100,0,0,1,1752816,5935249
Auckland,28/10/2014,Tue,1013,FD,CS1CC,181A ,,R,W,OF,L , ,N,R,100,0,0,0,1752869,5935180
Auckland,16/02/2014,Sun,1709,FD,CS1V,181A ,,R,D,B ,F , , ,C,100,0,0,0,1753004,5934859
Auckland,10/04/2014,Thu,728,FD,CS1C,181A ,,R,D,OF,F ,Y,N,N,50,0,0,0,1753081,5934590
Auckland,07/04/2014,Mon,2220,HA,CN1C,322B 334B ,,R,D,DO,F ,T,T,C,50,0,0,0,1753080,5934526
Auckland,22/01/2014,Wed,803,FD,CS1C,181A 350A ,,R,D,O ,F , , ,N,100,0,0,0,1753094,5934521
Auckland,30/10/2014,Thu,611,CB,CS1,133A 350A ,K,R,D,O ,F , , ,C,100,0,1,0,1753112,5934396
Auckland,19/01/2014,Sun,1631,FD,CS1CC,331A 832 ,,R,D,OF,F , ,N,R,100,0,0,0,1753133,5934147
Auckland,28/10/2014,Tue,631,FD,CS1CC,181A 181B 801 ,,R,W,O ,L , , ,R,100,0,0,0,1753139,5934047
Auckland,22/08/2014,Fri,1025,CA,MS1,132A 507A 832 ,,R,D,B ,F , ,N,C,100,0,1,0,1753139,5934047
Auckland,10/02/2014,Mon,704,FD,CS1C,181A 358A ,,R,D,B ,F , ,N,C,100,0,0,2,1753140,5934029
Auckland,04/10/2014,Sat,725,CA,CS1C,137A 197A ,,R,W,OF,F , ,N,C,100,0,0,0,1753140,5934023
Auckland,21/01/2014,Tue,900,FD,CS1CC,181A ,,R,W,OF,L , ,N,C,100,0,0,1,1753159,5933777
Auckland,20/07/2014,Sun,1810,CA,VS1,103A 137A ,G,R,D,DO,F , ,N,N,100,0,0,0,1753175,5933679
Auckland,08/12/2014,Mon,830,FD,4S1C,181A ,,R,D,O ,F , , ,C,10,0,0,0,1753182,5933648
Auckland,21/06/2014,Sat,1855,CB,CS1,350A 410A ,G,R,D,DO,F , ,N,P,100,0,0,0,1753194,5933593
Auckland,07/02/2014,Fri,1250,GO,CN1T,205A 444A ,,E,D,O ,F ,R,G,C,50,0,0,0,1753197,5933581
Auckland,31/08/2014,Sun,849,CA,CN1,135A 801 ,G,R,W,OF,LS, ,N,R,100,0,0,0,1753232,5933424
Auckland,19/09/2014,Fri,2029,CA,VN1,130A 410A ,G,R,D,DO,F , , ,C,100,0,0,1,1753241,5933401
Auckland,01/04/2014,Tue,750,AA,CS1M,372A ,,R,D,BF,F , ,N,N,100,0,0,1,1753270,5933362
Auckland,13/02/2014,Thu,825,FD,CS1C,331A 353A ,,R,D,BF,F , ,N,R,100,0,0,0,1753311,5933271
Auckland,03/02/2014,Mon,1215,AO,TN1C,150A 381A ,,E,D,B ,F ,R,G,C,50,0,0,0,1753301,5933264
Auckland,18/03/2014,Tue,800,FD,TS1C,191A 620A ,,R,D,B ,F , ,N,C,100,0,0,0,1753333,5933226
Auckland,16/10/2014,Thu,1355,FD,CN1C,181A 817 ,,R,D,B ,F , , ,C,100,0,0,1,1753384,5933082
Auckland,12/04/2014,Sat,527,DB,CN1,414A ,G,E,D,DN,F , ,N,C,100,0,0,0,1753393,5933062
Auckland,04/02/2014,Tue,1645,FD,CN1C,181A 330A ,,R,D,B ,F , ,N,C,50,0,0,0,1753419,5932993
Auckland,15/10/2014,Wed,953,AO,CN1BV,129A 130A 407A 423A 129B ,G,R,D,B ,F , , ,C,50,0,0,1,1753423,5932984
Auckland,19/01/2014,Sun,1351,AA,TS1C,197A ,,R,D,BF,F , ,N,R,100,0,0,0,1753480,5932855
Auckland,01/09/2014,Mon,1753,FD,CS1C,181A ,,R,W,DO,F , ,N,C,100,0,0,0,1753480,5932855
Auckland,14/05/2014,Wed,1330,FA,CS1C,181A 331A 901 ,,R,W,O ,H ,T,N,C,80,0,0,0,1753482,5932849
Auckland,27/07/2014,Sun,915,AC,4S1C,372A 372 ,,E,D,B ,F ,R,G,C,50,0,0,0,1753482,5932849
Auckland,14/05/2014,Wed,1530,FD,CS1C,191A ,,R,W,OF,H ,T,N,N,80,0,0,0,1753482,5932849
Auckland,27/07/2014,Sun,915,AC,4S1C,372A ,,E,D,B ,L ,T,G,C,50,0,0,0,1753482,5932849
Auckland,01/05/2014,Thu,622,FD,4S1C,181A 331A 361A ,,E,D,B ,F ,T,N,C,100,0,0,0,1753490,5932820
Auckland,05/04/2014,Sat,303,CB,CN1,104A 112A ,,R,D,DO,F ,Y,N,N,80,0,1,0,1753481,5932803
Auckland,13/08/2014,Wed,905,FA,CN1C,110A 181A ,,R,W,O ,F ,T,N,R,100,0,0,1,1753481,5932803
Auckland,11/01/2014,Sat,1210,MG,CN2C,371B ,,E,D,B ,F ,T,N,C,80,0,0,0,1753481,5932803
Auckland,03/06/2014,Tue,655,AC,CS1M,372A 671A ,,R,W,OF,F , ,N,C,100,0,0,1,1753508,5932752
Auckland,22/05/2014,Thu,211,CA,CS1,112A 130A 402A ,G,R,D,DO,F , , ,C,100,0,0,0,1753518,5932709
Auckland,10/06/2014,Tue,843,CC,VN14,110A 132A 402A ,,R,W,O ,L , ,N,C,80,0,0,0,1753503,5932705
Auckland,08/07/2014,Tue,1624,CA,MN1,130A 901 903 ,,R,W,TO,HS, , ,C,100,0,0,0,1753585,5932314
Auckland,12/06/2014,Thu,843,AA,CN1V,372A ,G,R,D,BF,F , ,N,R,80,0,0,0,1753601,5932263
Auckland,16/04/2014,Wed,856,FA,CS1C,181A 331A ,,R,D,O ,F , , ,R,100,0,0,0,1753641,5932197
Auckland,06/04/2014,Sun,1320,FD,CN1CC4,181A 331A 191B 191C 191D 817 ,,R,D,B ,F , , ,C,100,0,0,2,1753767,5931900
Auckland,22/01/2014,Wed,710,FD,4S1CC,181A 352A 181B ,,R,D,O ,F , , ,C,100,0,0,0,1753791,5931855
Auckland,02/12/2014,Tue,1645,AC,CS1V,381A ,,R,D,BF,F ,T,N,R,100,0,0,0,1753863,5931749
Auckland,17/08/2014,Sun,1619,FD,4N1V,181A ,,R,D,OF,F , ,N,N,100,0,0,0,1753965,5931553
Auckland,16/05/2014,Fri,2016,FA,CN1C,331A 353A 191B ,,R,D,DO,F , , ,C,100,0,0,1,1753991,5931510
Auckland,24/10/2014,Fri,1741,AF,MN1V,158A 159A 330A ,,R,D,B ,F , , ,C,100,0,0,1,1754022,5931464
Auckland,10/07/2014,Thu,1535,QG,CN1C,682A ,D,R,D,O ,F , , ,C,100,0,0,0,1754046,5931427
Auckland,14/02/2014,Fri,1900,FD,CS1C,181A ,,R,D,TF,F , ,N,C,100,0,0,0,1754069,5931414
Auckland,16/02/2014,Sun,1146,FD,CN1C,181A 191B ,,E,D,B ,F , ,N,C,100,0,0,0,1754063,5931402
Auckland,15/11/2014,Sat,1342,FD,CS1CC,181A 353A ,,R,W,O ,F , ,N,C,100,0,0,0,1754116,5931347
Auckland,17/12/2014,Wed,1127,FD,4S1CV,181A ,G,R,W,ON,L , ,N,N,100,0,0,2,1754118,5931343
Auckland,09/08/2014,Sat,1440,AA,CN1M,372A 381A 132B ,,R,D,B ,F , ,N,C,100,0,0,1,1754128,5931309
Auckland,15/01/2014,Wed,722,FD,CS1C4,181A 331A ,,R,D,O ,F , , ,C,100,0,0,2,1754200,5931235
Auckland,14/02/2014,Fri,1152,FD,VS1C,181A ,,R,D,BF,F , ,N,R,100,0,0,0,1754258,5931161
Auckland,19/08/2014,Tue,1828,CA,CS1,103A 109A 901 ,G,R,W,DO,H , , ,C,100,0,0,1,1754289,5931122
Auckland,30/08/2014,Sat,1416,FD,4S1CC,181A 181B ,,R,W,O ,L , , ,N,100,0,0,1,1754289,5931122
Auckland,14/11/2014,Fri,1705,CC,CN1,130A 504A ,G,R,D,O ,FS, ,N,R,100,1,0,0,1754282,5931108
Auckland,12/12/2014,Fri,1335,FD,XS1CC,181A 181C ,,R,W,OF,L , ,N,R,100,0,0,0,1754321,5931084
Auckland,14/02/2014,Fri,1900,FD,CS1C,181A 402A 191B ,,R,D,TF,F , , ,N,100,0,0,0,1754321,5931084
Auckland,17/01/2014,Fri,1125,FA,CS1C,112A 181A 331A ,,R,D,BF,F , ,N,N,100,0,0,0,1754321,5931084
Auckland,27/03/2014,Thu,2117,FD,CS1C,181A ,,R,D,DO,F , ,N,C,100,0,0,0,1754325,5931079
Auckland,27/03/2014,Thu,1643,AA,TN14,372A ,,R,D,OF,F , ,N,N,100,0,0,0,1754340,5931039
Auckland,15/11/2014,Sat,1415,FD,VS1C,181A ,,R,D,OF,F , ,N,N,100,0,0,0,1754353,5931046
Auckland,27/03/2014,Thu,2130,FD,4S1C,110A 181A 191B 817 ,,R,D,DO,F , , ,C,100,0,0,0,1754366,5931031
Auckland,20/08/2014,Wed,859,FD,CN1CC,181A 181B ,,R,D,OO,F , , ,N,100,0,0,2,1754379,5930993
Auckland,12/09/2014,Fri,834,FD,CS1C,181A ,,R,W,OF,L , ,N,R,100,0,0,0,1754418,5930970
Auckland,14/03/2014,Fri,648,FD,CS1V,181A ,,R,D,DO,F , ,N,R,100,0,0,0,1754569,5930808
Auckland,13/03/2014,Thu,740,FD,CS14,181A ,,R,D,OF,F , ,N,R,100,0,0,0,1754569,5930808
Auckland,25/06/2014,Wed,1850,FD,CS1C,181A 331A ,,R,W,DO,H ,Y,N,C,100,0,0,2,1754603,5930771
Auckland,06/09/2014,Sat,943,FD,CS14,331A 353A ,,R,W,OF,F ,Y,N,N,100,0,0,0,1754603,5930771
Auckland,06/12/2014,Sat,1747,FD,CN1V,181A ,,R,D,BF,F ,Y,N,N,100,0,0,3,1754589,5930762
Auckland,26/08/2014,Tue,2047,FA,CS1T,103A 112A 330A ,G,R,D,DO,F , , ,C,100,0,2,0,1754613,5930760
Auckland,14/08/2014,Thu,1902,FA,VN14,181A 331A ,,R,W,DO,L , , ,C,100,0,0,0,1754615,5930733
Auckland,17/06/2014,Tue,1846,FD,CN1C,197A 331A 501A 801 ,,R,W,DO,L , , ,C,100,0,0,0,1754713,5930625
Auckland,24/09/2014,Wed,1528,FD,CN1C,181A ,,R,D,BF,F , ,N,R,100,0,0,0,1754730,5930607
Auckland,22/05/2014,Thu,1743,FD,CS1C,181A 331A ,,R,D,DO,F , , ,C,100,0,0,2,1754808,5930552
Auckland,20/03/2014,Thu,1543,CA,MN1,130A 191A ,,R,D,B ,F , , ,N,100,0,0,1,1754797,5930532
Auckland,20/03/2014,Thu,653,EB,TN1C,330A 350A ,Q,E,D,O ,F , , ,C,100,0,0,2,1754810,5930519
Auckland,12/06/2014,Thu,1020,FD,CN14,331A 358A ,,R,D,BF,F , ,N,R,100,0,0,0,1754817,5930511
Auckland,15/05/2014,Thu,1609,FA,CN1C,181A 331A 353A ,,R,D,O ,F , , ,C,100,0,0,0,1754837,5930489
Auckland,15/10/2014,Wed,1528,FD,CN1C,181A ,,R,D,BF,F , ,N,R,100,0,0,0,1754950,5930363
Auckland,20/02/2014,Thu,642,FD,CS1444,331A 358A ,,R,D,OF,F , ,N,N,100,0,0,0,1755012,5930312
Auckland,14/12/2014,Sun,1053,FD,CS1C,181A ,,R,W,OF,L , ,N,R,100,0,0,0,1755130,5930126
Auckland,15/08/2014,Fri,2015,CA,CS1,130A 197A ,G,R,D,DO,F , , ,N,100,0,0,0,1755153,5930082
Auckland,20/10/2014,Mon,1747,FD,CN1V,331A 351A ,,R,D,O ,F , , ,R,100,0,0,1,1755136,5930069
Auckland,02/12/2014,Tue,1240,QG,VN1,130A 330A 687A ,FP,R,D,B ,F , , ,C,100,0,0,1,1755215,5929892
Auckland,25/06/2014,Wed,1743,FD,VS1CCC,181A ,,R,W,BF,HS, ,N,C,100,0,0,0,1755234,5929899
Auckland,19/08/2014,Tue,1906,FD,CS1C,197A 191B 901 ,,R,W,DO,H , , ,C,100,0,0,0,1755251,5929853