TLANAME,CRASHDATE,CRASHDOW,CRASHTIME,MVMT,VEHICLES,CAUSES,OBJECTSSTRUCK,ROADCURVE,ROADWET,LIGHT,WTHRa,JUNCTYPE,TRAFCTRL,ROADMARK,SPDLIM,CRASHFATALCNT,CRASHSEVCNT,CRASHMINCNT,EASTING,NORTHING
Auckland,18/11/2014,Tue,1415,FA,CN1C,331A 352A ,,E,D,B ,F , , ,C,100,0,0,0,1755253,5929789
Auckland,03/12/2014,Wed,1552,FD,CN1C,331A 410A ,,R,D,BF,F , ,N,N,100,0,0,0,1755260,5929764
Auckland,13/02/2014,Thu,1547,FD,VS1C,181A ,,R,D,BF,F , ,N,C,100,0,0,0,1755283,5929758
Auckland,10/05/2014,Sat,1506,FD,CN1CCC,110A 181A ,,R,D,O ,F , ,N,N,100,0,0,0,1755293,5929648
Auckland,28/04/2014,Mon,1345,FD,CS1C,331A 355A ,,R,D,B ,F , ,N,C,50,0,0,0,1755357,5929502
Auckland,15/05/2014,Thu,1824,FD,CN1CCC,181A 331A ,,R,D,DO,F , , ,C,100,0,0,0,1755375,5929387
Auckland,22/08/2014,Fri,1724,FD,CS1CC,181A 181B ,,R,D,B ,F , , ,C,100,0,0,0,1755395,5929395
Auckland,24/07/2014,Thu,746,FA,CS1C,181A 331A ,,R,D,B ,F , , ,C,100,0,0,0,1755408,5929361
Auckland,12/06/2014,Thu,945,FD,CN1C,331A 353A ,,R,D,BF,F , ,N,R,100,0,0,0,1755449,5929201
Auckland,19/03/2014,Wed,1839,FD,CS1CCC,181A 191A 181B 181C ,,R,D,B ,F , , ,C,100,0,0,1,1755468,5929208
Auckland,16/04/2014,Wed,1844,FD,CN1C,181A 331A 191B 801 ,,R,W,O ,L , , ,C,100,0,0,2,1755501,5929072
Auckland,21/11/2014,Fri,1517,FA,CN14,181A 331A 358A ,,R,D,B ,F , , ,N,100,0,0,0,1755524,5929016
Auckland,04/04/2014,Fri,704,FA,CS14C,331A 353A ,,R,D,B ,F , , ,C,100,0,0,1,1755547,5929014
Auckland,13/08/2014,Wed,906,CA,TS1,132A ,G,R,W,O ,L , , ,C,100,0,0,0,1755572,5928949
Auckland,07/05/2014,Wed,839,FA,MS1C,331A 353A ,,E,D,B ,F , , ,C,100,0,0,0,1755560,5928932
Auckland,21/08/2014,Thu,1755,AG,MN14,386A ,,R,D,TO,F , ,N,C,100,0,0,1,1755564,5928925
Auckland,17/10/2014,Fri,1354,FF,CS1C,331A 353A 387A ,,R,D,BF,F , ,N,R,100,0,0,0,1755579,5928930
Auckland,17/10/2014,Fri,1354,FD,VS1CCC,181A 181C ,,R,D,BF,F , ,N,C,100,0,0,1,1755579,5928930
Auckland,22/08/2014,Fri,1059,FD,CS14,331A 352A ,,R,D,B ,F , ,N,C,100,0,0,0,1755595,5928893
Auckland,14/08/2014,Thu,938,FA,MS1C,181A 331A ,,R,W,B ,F , , ,C,100,0,1,0,1755599,5928884
Auckland,03/09/2014,Wed,845,FD,CS1C,331A 353A ,,R,D,OF,F , ,N,R,100,0,0,0,1755619,5928838
Auckland,22/01/2014,Wed,1949,CA,MS1,108A 130A 514A ,,R,D,TF,F , , ,C,100,0,0,1,1755660,5928747
Auckland,03/03/2014,Mon,1319,DA,CE1,133A 632A ,G,M,W,O ,L ,M,T,C,50,0,0,2,1755683,5928659
Auckland,22/03/2014,Sat,1726,EC,CN1,827,D,R,D,BF,F , ,N,C,100,0,0,0,1755687,5928651
Auckland,24/04/2014,Thu,1600,FD,4N1C,181A 331A ,,R,W,O ,F , , ,C,100,0,0,0,1755726,5928568
Auckland,22/08/2014,Fri,1845,FA,CN1C,181A 191B ,,R,D,DO,F , ,N,C,100,0,0,0,1755726,5928568
Auckland,23/12/2014,Tue,831,CB,CN1,130A 197A ,G,R,D,O ,F , , ,C,80,0,0,0,1755730,5928561
Auckland,25/12/2014,Thu,1127,FD,CN1C,331A ,,R,D,B ,F , , ,C,100,0,0,1,1755730,5928561
Auckland,01/05/2014,Thu,1757,FD,CS14,112A 181A 191B ,,R,D,DO,F , ,N,C,100,0,0,1,1755764,5928530
Auckland,25/08/2014,Mon,829,FD,CS1C,181A ,,R,D,B ,F , , ,C,100,0,0,0,1755803,5928450
Auckland,27/05/2014,Tue,1236,AC,TS1CC,372A 386A ,G,R,D,B ,F , ,N,C,100,0,0,0,1755807,5928440
Auckland,20/06/2014,Fri,1843,FD,CN1CC,331A 350A ,,R,D,TO,F , , ,C,100,0,0,0,1755899,5928207
Auckland,21/01/2014,Tue,1759,FD,VS1C,181A 191B ,,R,D,O ,F , ,N,C,100,0,0,0,1756024,5927989
Auckland,19/08/2014,Tue,1739,FD,4S1CC,331A 191B 191C 901 ,,R,W,DO,H , , ,C,100,0,0,0,1756048,5927938
Auckland,16/07/2014,Wed,1800,FD,CS1CV,181A ,,R,D,DO,F , ,N,C,100,0,0,2,1756103,5927824
Auckland,30/06/2014,Mon,1635,FD,CN1CV,181A ,,R,W,DO,H , ,N,R,100,0,0,0,1756115,5927757
Auckland,19/08/2014,Tue,1800,FA,CS1C,181A 331A 901 ,,R,W,DO,H , , ,C,100,0,0,0,1756146,5927734
Auckland,13/07/2014,Sun,1205,BC,CN1,110A 137A 407A 801 ,G,R,W,O ,L , , ,C,100,0,0,0,1756193,5927596
Auckland,02/09/2014,Tue,710,EC,CN1C,827,DD,R,D,B ,F , , ,C,100,0,0,0,1756219,5927541
Auckland,10/10/2014,Fri,1758,FD,CN1CC,181A ,,R,D,O ,F ,T,N,N,100,0,0,0,1756258,5927461
Auckland,19/03/2014,Wed,1748,FD,CS1CC,181A 181B ,,R,D,B ,F , , ,C,100,0,0,2,1756284,5927445
Auckland,19/08/2014,Tue,1727,FD,CS1C,181A 330A 132B ,,R,W,DO,F , ,N,C,100,0,0,0,1756306,5927400
Auckland,08/05/2014,Thu,1812,FD,CN1C,181A 191B ,,R,D,DO,F , ,N,C,100,0,0,0,1756322,5927325
Auckland,25/12/2014,Thu,1209,CA,CS1,130A 504A ,G,R,D,B ,F , , ,C,100,0,0,0,1756349,5927310
Auckland,04/07/2014,Fri,1823,FD,CS1V,181A ,,R,D,DO,F , ,N,R,100,0,0,2,1756361,5927283
Auckland,23/09/2014,Tue,1215,AC,TS1C,330A 372A 671A ,,R,D,O ,F , , ,C,100,0,0,0,1756370,5927264
Auckland,28/03/2014,Fri,722,AA,CS1M,372A ,,R,D,BF,F , ,N,N,100,0,0,1,1756383,5927238
Auckland,30/07/2014,Wed,921,FD,CS1C,181A ,,R,D,BF,F , ,N,R,100,0,0,0,1756383,5927238
Auckland,03/12/2014,Wed,1507,AC,TS1C,372A ,,R,D,B ,F , , ,C,100,0,0,0,1756387,5927229
Auckland,28/08/2014,Thu,915,AA,CS1T,372A ,,R,D,BF,F , ,N,N,100,0,0,0,1756392,5927219
Auckland,10/01/2014,Fri,1738,FD,CS1C,110A 181A ,,R,D,B ,F , ,N,N,100,0,0,1,1756405,5927193
Auckland,12/05/2014,Mon,1630,FD,CS1C,181A 330A ,,R,D,O ,F , ,N,C,50,0,0,0,1756405,5927193
Auckland,22/08/2014,Fri,1950,FD,CS1V,181A 331A ,,R,D,TO,F , , ,C,100,0,0,0,1756405,5927193
Auckland,03/05/2014,Sat,1204,CC,VS1,132A 331A ,G,R,D,B ,F , , ,N,100,0,0,0,1756405,5927193
Auckland,07/05/2014,Wed,1230,AO,CN1T,150A 197A ,,M,D,O ,F , ,N,C,80,0,0,0,1756391,5927180
Auckland,09/12/2014,Tue,1754,CC,CS1,136A 631A 660A ,G,R,D,BF,F , ,N,R,100,0,0,0,1756413,5927175
Auckland,11/02/2014,Tue,1009,FD,CS14,181A 191B 350B ,,R,D,B ,F , , ,C,100,0,0,0,1756426,5927148
Auckland,29/05/2014,Thu,751,AA,CS1C,372A ,,R,D,O ,F , , ,C,100,0,0,0,1756439,5927121
Auckland,04/07/2014,Fri,1820,FD,CS1CC,181A 181B ,,R,D,DO,F , ,N,R,100,0,0,0,1756448,5927103
Auckland,03/07/2014,Thu,919,FD,CS14,331A 353A ,,R,W,OF,F , ,N,R,100,0,0,0,1756448,5927103
Auckland,13/04/2014,Sun,1455,FD,CS14M,181A 181B 651C ,,R,D,B ,F , , ,C,100,0,0,0,1756448,5927103
Auckland,17/06/2014,Tue,917,FD,CS14,181A 331A ,,R,W,O ,F , , ,C,100,0,0,0,1756448,5927103
Auckland,20/09/2014,Sat,,AO,CS1C,150A 386A ,,R,D,B ,F , ,N,C,100,0,0,0,1756466,5927067
Auckland,05/02/2014,Wed,1719,FD,CS1C4,112A 181A 331A ,,R,D,OF,F , ,N,C,100,0,0,0,1756492,5927013
Auckland,28/02/2014,Fri,1721,FD,CN1C,181A ,,R,D,BF,F , ,N,N,100,0,0,0,1756495,5926968
Auckland,20/08/2014,Wed,624,FD,CS1C,181A ,,R,D,O ,F , , ,C,100,0,0,0,1756536,5926923
Auckland,05/12/2014,Fri,1632,AA,CS1C,357A 381A 507A ,,R,D,BF,F , ,N,R,100,0,0,0,1756650,5926712
Auckland,21/10/2014,Tue,1002,FD,CS1CC,181A 181B 191C ,,R,D,B ,F , , ,C,100,0,0,0,1756705,5926628
Auckland,30/01/2014,Thu,1639,FD,CN1CC,181A 331A 181B ,,R,D,B ,FS, , ,N,100,0,0,0,1756725,5926566
Auckland,19/08/2014,Tue,1758,FA,CS14,112A 331A ,,R,W,DO,H , , ,N,100,0,0,0,1756771,5926531
Auckland,06/08/2014,Wed,638,FD,VS1C,181A 191B 801 ,,R,W,TO,L , , ,C,100,0,0,1,1756825,5926459
Auckland,25/07/2014,Fri,1745,FD,CS1V,181A 331A 402A ,,R,W,TO,F , , ,C,100,0,0,0,1756865,5926406
Auckland,02/10/2014,Thu,1759,FA,CS1C,112A 181A 331A 353A ,,R,W,OO,L , , ,C,100,0,0,0,1756865,5926406
Auckland,30/01/2014,Thu,1650,FA,CS1C,181A 331A ,,R,D,  ,  ,T,N,N,100,0,0,0,1756926,5926327
Auckland,16/02/2014,Sun,2349,CA,CS1,130A 190A 335A 404A ,GP,R,D,DO,F ,T,N,C,100,0,0,0,1756926,5926327
Auckland,10/03/2014,Mon,1634,FD,CN1CV,181A ,,R,D,BF,F , ,N,N,100,0,0,1,1756992,5926209
Auckland,05/09/2014,Fri,1748,AG,MS1CCC,177A ,,R,W,O ,L , , ,C,100,0,1,0,1757012,5926212
Auckland,11/07/2014,Fri,1808,FA,CS14,101A 110A 331A 191B ,,R,W,TO,FS, , ,C,100,0,0,0,1757036,5926180
Auckland,22/08/2014,Fri,853,FD,MS1C,181A ,,M,D,B ,F , , ,C,100,0,0,2,1757088,5926095
Auckland,02/12/2014,Tue,939,FD,CN1C,181A ,,R,D,BF,F , ,N,R,100,0,0,0,1757095,5926039
Auckland,17/04/2014,Thu,1654,FD,CN1C,181A ,,R,D,O ,F , , ,N,100,0,0,0,1757105,5926013
Auckland,10/04/2014,Thu,1627,FD,CN1CV,331A 350A 181B ,,E,D,O ,F ,T,N,C,100,0,0,0,1757115,5925979
Auckland,27/03/2014,Thu,925,FA,TN1C,129A 358A ,G,R,D,O ,F , ,N,N,100,0,0,1,1757133,5925902
Auckland,05/01/2014,Sun,1443,DB,CS1,131A ,G,M,W,OF,L , ,N,R,100,0,0,0,1757150,5925895
Auckland,03/04/2014,Thu,618,FA,CS1V,181A 331A 191B ,,R,D,DO,F , , ,C,100,0,0,0,1757151,5925756
Auckland,07/05/2014,Wed,1903,AA,CS1CT,372A ,,R,W,DO,L , , ,N,100,0,0,0,1757135,5925657
Auckland,12/06/2014,Thu,1911,FD,CS14,181A ,,R,W,DO,L , , ,C,100,0,0,0,1757135,5925657
Auckland,25/06/2014,Wed,1855,FA,CS1CC,110A 331A 801 903 ,,R,W,B ,LS, , ,C,100,0,0,1,1757127,5925631
Auckland,09/02/2014,Sun,2226,DB,CS1,121A 131A ,G,M,W,DO,F , ,N,N,60,0,0,0,1757124,5925621
Auckland,14/08/2014,Thu,1157,FD,VS1CC,112A 132A ,,R,W,B ,F , ,N,N,100,0,0,0,1757124,5925621
Auckland,05/02/2014,Wed,800,AA,CS1T,372A ,,R,D,B ,F , , ,C,100,0,0,0,1757115,5925593
Auckland,15/06/2014,Sun,455,CB,CS1,201A 407A 507A ,G,R,D,DO,F , ,N,N,80,0,0,1,1757082,5925498
Auckland,24/07/2014,Thu,1318,QG,CS1C,330A 682A ,D,R,D,O ,F , , ,C,100,0,0,0,1757071,5925468
Auckland,18/06/2014,Wed,1651,FD,CN1C,181A ,,R,W,O ,F , , ,C,100,0,0,0,1756799,5925028
Auckland,25/09/2014,Thu,1535,QG,TS14,682A ,D,R,D,B ,F , , ,C,100,0,0,0,1756827,5925035
Auckland,11/10/2014,Sat,1555,EC,CN1C,137A 137B ,D,R,D,B ,F , ,N,N,100,0,0,0,1756743,5924957
Auckland,09/08/2014,Sat,1620,FA,CS14B,197A 331A 358A ,G,R,D,B ,F , , ,C,100,0,0,0,1756701,5924876
Auckland,07/03/2014,Fri,1111,FA,TN1TCV,181A 614A ,,R,D,B ,F , , ,N,80,0,0,1,1756641,5924827
Auckland,24/04/2014,Thu,1824,FD,CS1C,181A ,,R,D,DO,F , , ,C,100,0,0,0,1756614,5924766
Auckland,09/10/2014,Thu,1629,FA,CS14,331A 358A 402A ,,R,D,O ,F , , ,N,100,0,0,0,1756602,5924751
Auckland,25/01/2014,Sat,1343,FE,CW1C,181A ,,E,D,B ,F ,M,T,C,50,0,0,0,1756558,5924721
Auckland,22/05/2014,Thu,2240,FA,CN24,181A 331A ,,R,D,DO,F ,T,N,C,80,0,0,0,1756558,5924721
Auckland,24/03/2014,Mon,1517,FD,CS14,181A ,,R,D,BF,F , ,N,R,80,0,0,0,1756503,5924625
Auckland,02/10/2014,Thu,1620,FD,CS1CCC,181A 331A 181B 358B 801 ,,R,W,O ,L , , ,C,100,0,0,0,1756426,5924528
Auckland,29/08/2014,Fri,827,FA,CN1C,112A ,,R,D,B ,F , ,N,C,100,0,0,1,1756396,5924516
Auckland,04/07/2014,Fri,1845,FD,CS14,181A ,,R,D,DF,F , ,N,C,80,0,0,0,1756373,5924485
Auckland,18/10/2014,Sat,310,CA,CN1,102A 130A ,G,R,D,DN,F , , ,C,100,0,0,0,1756367,5924476
Auckland,29/07/2014,Tue,1746,AC,CS1C,112A 386A ,,R,D,TO,F , ,N,N,80,0,0,0,1756381,5924467
Auckland,26/07/2014,Sat,1836,FD,CS1C,331A 352A ,,R,D,TO,F , , ,C,100,0,0,0,1756367,5924447
Auckland,01/05/2014,Thu,1830,FD,CN1C,112A 181A 331A ,,R,D,DO,F , , ,C,100,0,0,0,1756308,5924395
Auckland,01/09/2014,Mon,1621,FD,TS1V,181A ,,E,W,OF,L , ,N,C,80,0,0,0,1756293,5924342
Auckland,15/01/2014,Wed,831,FD,CS1CC,181A ,,R,D,OF,F , ,N,C,100,0,0,0,1756293,5924342
Auckland,03/02/2014,Mon,1632,AA,TS1V,184A ,,E,D,B ,F , , ,N,100,0,0,0,1756293,5924342
Auckland,22/12/2014,Mon,1627,FD,CS1C,331A 358A ,,R,D,B ,F , , ,C,100,0,0,0,1756293,5924342
Auckland,26/12/2014,Fri,1108,FD,CS1CC,331A 353A ,,R,D,BF,F , ,N,R,80,0,0,0,1756264,5924301
Auckland,29/08/2014,Fri,1907,FD,CS1C,181A ,,R,D,DO,F , , ,R,80,0,0,0,1756264,5924301
Auckland,24/03/2014,Mon,1639,FD,CS1C,181A ,,R, , F,  , ,N,R,100,0,0,0,1756264,5924301
Auckland,26/03/2014,Wed,1627,CA,TS1C,191A ,,R,D,BF,F , ,N,N,100,0,0,0,1756253,5924283
Auckland,08/10/2014,Wed,1750,FD,CS1CC,181A 331A 181B ,,E,D,B ,F , , ,C,100,0,0,0,1756253,5924283
Auckland,27/05/2014,Tue,1833,FD,VS1C,181A 191B ,,R,D,DO,F , , ,C,80,0,0,0,1756248,5924275
Auckland,02/09/2014,Tue,555,AC,4N1V,372A ,,R,W,OO,F , , ,C,100,0,0,0,1756218,5924261
Auckland,27/05/2014,Tue,1833,FD,CS1CM,181A ,,R,D,DO,F , ,N,N,80,0,0,0,1756238,5924258
Auckland,15/12/2014,Mon,1519,FD,CS1C,112A 181A 331A 402A 817 ,,R,D,O ,F , , ,C,80,0,0,0,1756224,5924234
Auckland,15/10/2014,Wed,1835,AC,CS1C,130A 423A ,,R,D,B ,F , , ,N,100,0,0,0,1756217,5924215
Auckland,27/12/2014,Sat,1050,FD,CS1C,372A 372B 817 ,,R,D,BF,F , ,N,R,80,0,0,0,1756216,5924213
Auckland,08/05/2014,Thu,1533,FD,CS14,181A ,,R,D,BF,F , ,N,R,80,0,0,0,1756216,5924213
Auckland,07/05/2014,Wed,1801,FD,CS1V,112A 181A 331A ,,R,W,TO,F , , ,C,80,0,0,0,1756206,5924187
Auckland,28/05/2014,Wed,1014,FD,VS1V4,181A 181B ,,M,D,B ,F , , ,C,80,0,0,0,1756175,5924178
Auckland,28/03/2014,Fri,1807,FD,CN1C,181A ,,R,D,BF,F , ,N,R,100,0,0,0,1756175,5924178
Auckland,25/06/2014,Wed,1746,AO,CS1C,372A 381A 372B 381B ,,R,D,DO,F , ,N,C,80,0,0,0,1756199,5924168
Auckland,13/04/2014,Sun,2105,FD,CS1C,181A ,,R,D,DO,F , , ,R,80,0,0,0,1756189,5924131
Auckland,01/04/2014,Tue,1144,AA,CS1C,372A ,,R,D,BF,F , ,N,N,80,0,0,0,1756187,5924121
Auckland,29/08/2014,Fri,1445,AO,CS1C,184A ,,R,D,O ,F , , ,N,80,0,0,0,1756186,5924118
Auckland,10/04/2014,Thu,1840,FD,VS1CCC,181A 181C ,,R,D,DO,F , ,N,R,80,0,0,0,1756186,5924118
Auckland,18/02/2014,Tue,1536,FD,CS1CC,181A ,,R,D,BF,F , ,N,C,80,0,0,1,1756186,5924118
Auckland,27/06/2014,Fri,1728,FD,CS1C,331A 353A ,,R,W,DO,L , , ,C,80,0,0,0,1756184,5924111
Auckland,05/09/2014,Fri,2002,FD,CS1C,181A ,,R,W,DO,L , , ,C,80,0,0,0,1756182,5924099
Auckland,07/01/2014,Tue,1631,FD,CS1C,181A ,,R,D,BF,F , ,N,C,80,0,0,1,1756179,5924089
Auckland,25/08/2014,Mon,1740,FD,CN1C,181A ,,R,D,TO,F , ,N,R,100,0,0,0,1756143,5924085
Auckland,24/06/2014,Tue,1620,FD,CS1V,181A ,,R,D,TF,F , , ,C,80,0,0,0,1756175,5924069
Auckland,26/06/2014,Thu,1750,FA,CS1C,181A ,,R,D,BF,F , ,N,R,80,0,0,0,1756170,5924047
Auckland,27/08/2014,Wed,1505,FD,CS14,181A 331A ,,R,D,O ,F , ,N,C,100,0,0,0,1756164,5924022
Auckland,20/07/2014,Sun,1319,FD,CS1C,331A 351A ,,R,W,OF,L , ,N,R,100,0,0,0,1756164,5924021
Auckland,29/07/2014,Tue,1745,FD,CN1C,112A 331A 358A 401A ,,R,D,DO,F , , ,C,100,0,0,0,1756117,5923988
Auckland,13/03/2014,Thu,1659,AC,TS1C,380A 671A ,,R,D,O ,F , , ,C,80,0,0,0,1756153,5923972
Auckland,08/01/2014,Wed,1642,FD,CS1V,181A ,,R,D,BF,F , ,N,R,70,0,0,0,1756146,5923942
Auckland,05/09/2014,Fri,1903,FD,CS1CC,181A 181B ,,R,W,DO,L , , ,C,80,0,0,0,1756142,5923925
Auckland,22/08/2014,Fri,1512,FD,CS1C4,181A 181B ,,E,D,B ,F , , ,C,80,0,0,0,1756142,5923923
Auckland,16/07/2014,Wed,1845,FD,CS1CC,331A ,,R,D,DO,F , , ,C,80,0,0,0,1756126,5923847
Auckland,15/07/2014,Tue,1536,FD,CS1C,181A 387A 191B ,,E,D,B ,F , , ,C,80,0,0,0,1756126,5923847
Auckland,04/10/2014,Sat,1048,FD,CS14C,331A 341A ,,R,W,O ,L , ,N,R,80,0,0,0,1756121,5923829
Auckland,18/09/2014,Thu,1846,FD,CS1VC,181A 191B ,,R,D,DO,F , , ,C,80,0,0,0,1756121,5923825
Auckland,19/08/2014,Tue,1544,FD,CS14,181A 801 ,,R,W,OO,L , , ,C,80,0,0,2,1756121,5923825
Auckland,27/05/2014,Tue,1310,AA,TS1C,197A 372A ,,R,D,BF,F , ,N,C,80,0,0,0,1756121,5923825
Auckland,11/03/2014,Tue,1645,FA,CS1V,330A 352A ,,R,D,O ,F , , ,C,80,0,0,0,1756111,5923782
Auckland,04/12/2014,Thu,1515,FD,CS1CC,181A ,,R,D,OF,F , ,N,R,80,0,0,0,1756106,5923758
Auckland,23/05/2014,Fri,1832,FD,4S1CC,181A 331A 353A ,,R,W,DO,F , , ,C,80,0,0,0,1756104,5923749
Auckland,21/01/2014,Tue,2243,AC,TS1C,386A ,,R,D,DO,F , , ,N,100,0,0,0,1756100,5923728
Auckland,30/05/2014,Fri,1512,FD,CS1CC,181A 181B ,,R,D,B ,F , , ,C,80,0,0,0,1756094,5923700
Auckland,28/07/2014,Mon,1645,FD,4N1C,112A 331A ,,R,D,B ,F , , ,C,80,0,0,0,1756053,5923695
Auckland,18/10/2014,Sat,2351,FD,CN1C,181A ,,R,D,DO,F , ,N,R,80,0,0,0,1756053,5923695
Auckland,22/08/2014,Fri,1510,FD,CS14,181A ,,R,D,BF,F , ,N,C,80,0,0,1,1756093,5923690
Auckland,09/09/2014,Tue,1850,FA,CS14,331A 350A ,,E,W,DO,L , ,N,N,80,0,0,0,1756091,5923679
Auckland,09/09/2014,Tue,1851,FA,CS14,112A 402A ,,R,W,DO,L , ,N,C,80,0,0,0,1756091,5923679
Auckland,18/07/2014,Fri,1904,FD,CS1C,181A 331A 191B ,,R,D,DO,F , , ,C,70,0,0,0,1756091,5923579
Auckland,17/01/2014,Fri,1533,AO,TS1C,372A 372B ,,R,D,B ,F , , ,C,80,0,0,0,1756094,5923550
Auckland,07/03/2014,Fri,1815,FD,CN1C,181A ,,R,D,BF,F , ,N,R,80,0,0,0,1756073,5923547
Auckland,23/07/2014,Wed,1811,FD,CN1C,181A 331A ,,E,D,DO,F , , ,C,80,0,0,0,1756073,5923547
Auckland,18/02/2014,Tue,1849,FD,CS1CC,181A 191B ,,R,D,B ,F , ,N,C,80,0,0,0,1756109,5923430
Auckland,06/03/2014,Thu,1522,FD,CS1CCC,112A 181A ,,R,D,B ,F , ,N,C,80,0,0,1,1756109,5923430
Auckland,29/04/2014,Tue,1635,FD,CN1C,331A ,,M,D,O ,F , , ,C,50,0,0,0,1756095,5923409
Auckland,05/08/2014,Tue,826,DA,CN1,130A 631A ,,E,D,O ,F , ,N,N,80,0,0,0,1756095,5923409
Auckland,14/01/2014,Tue,716,FD,CS1C,181A ,,R,D,O ,F , , ,N,80,0,0,0,1756112,5923380
Auckland,04/05/2014,Sun,2215,CC,CN1,103A 112A ,G,R,D,DO,F , ,N,C,80,0,0,3,1756097,5923379
Auckland,27/03/2014,Thu,1440,FD,CN1C,181A ,,E,D,B ,F , , ,C,80,0,0,0,1756097,5923379
Auckland,13/06/2014,Fri,1734,FD,CN14,181A ,,R,D,TO,F , , ,C,80,0,0,0,1756097,5923379
Auckland,11/04/2014,Fri,1048,AO,CN1T,129A 130A 197B ,,R,D,B ,F , , ,C,90,0,0,0,1756097,5923379
Auckland,24/08/2014,Sun,1230,AO,VN14,381A ,,R,D,BF,F , ,N,R,80,0,0,0,1756094,5923342
Auckland,25/12/2014,Thu,1023,CA,CS1C,136A 668A ,D,R,D,BF,F , ,N,R,80,0,0,0,1755864,5922854
Auckland,06/03/2014,Thu,1742,FD,CN1CC,181A 330A ,,R,D,O ,F , ,N,N,80,0,0,0,1755864,5922854
Auckland,07/05/2014,Wed,2025,FD,CN1C,112A 331A ,,R,W,DO,F , , ,C,80,0,0,1,1755830,5922792
Auckland,13/01/2014,Mon,2014,FD,VS1CC,181A 330A ,,R,D,B ,F , ,N,C,80,0,0,0,1755826,5922785
Auckland,25/10/2014,Sat,216,CA,CN1,102A 412A ,G,R,D,DO,F , , ,P,80,0,0,0,1755815,5922766
Auckland,09/06/2014,Mon,652,FD,MS1C,181A ,,R,W,DO,F , ,N,R,80,0,0,0,1755804,5922708
Auckland,28/04/2014,Mon,829,FD,CN1CCC,110A 110C 801 ,,R,W,O ,L , , ,C,80,0,0,1,1755776,5922696
Auckland,15/10/2014,Wed,1005,FD,TN14C,181A 181C ,,R,D,BF,F , ,N,R,80,0,0,0,1755773,5922690
Auckland,25/06/2014,Wed,1845,FD,CS1C,112A 181A ,,R,W,DO,H , , ,C,80,0,0,0,1755755,5922620
Auckland,06/03/2014,Thu,1146,AC,CS1V,129A 363A ,,R,D,BF,F , ,N,R,80,0,0,0,1755755,5922620
Auckland,11/06/2014,Wed,321,CA,TS1,135A 903 ,,R,W,DO,LS, ,N,P,100,0,0,0,1755706,5922531
Auckland,04/07/2014,Fri,1720,AA,CN1M,372A ,,R,D,O ,F , , ,R,80,0,0,1,1755670,5922505
Auckland,13/08/2014,Wed,1005,FD,CS1C,181A ,,R,W,O ,L , , ,C,100,0,0,0,1755682,5922487
Auckland,15/09/2014,Mon,1005,FD,CN1C,181A ,,R,D,O ,F , , ,C,80,0,0,0,1755655,5922477
Auckland,06/06/2014,Fri,1328,AO,CN1T,184A 181B ,,R,D,B ,F , , ,C,80,0,0,0,1755655,5922477
Auckland,15/07/2014,Tue,2021,FD,MN1C,181A 331A 191B ,,R,D,DO,F , , ,C,80,0,0,1,1755655,5922477
Auckland,20/02/2014,Thu,2104,AC,CN1C,372A ,,E,D,DO,F , , ,C,80,0,0,0,1755655,5922477
Auckland,25/06/2014,Wed,1300,AC,CS1C,372A ,,R,D,O ,F , , ,C,80,0,0,0,1755671,5922469
Auckland,17/04/2014,Thu,1535,FD,CS1C,181A ,,R,D,B ,F , , ,C,80,0,0,0,1755671,5922469
Auckland,24/08/2014,Sun,1228,FD,CS1CC,181A 181C ,,R,D,BF,F , ,N,N,80,0,0,2,1755671,5922469
Auckland,14/04/2014,Mon,630,FD,CS1C,181A ,,R,D,TO,F , , ,C,50,0,0,0,1755671,5922469
Auckland,08/10/2014,Wed,1817,FD,VS1CC,181A 331A ,,R,D,DO,F , , ,C,80,0,0,1,1755610,5922358
Auckland,18/10/2014,Sat,1711,FD,CN1VCC,331A 331B 801 ,,R,W,O ,L , , ,C,80,0,0,1,1755582,5922346
Auckland,28/07/2014,Mon,638,EO,ON1,686A ,G,R,D,BF,F , ,N,R,80,0,0,0,1755575,5922333
Auckland,27/12/2014,Sat,1320,FD,CN1C,181A ,,R,D,BF,F , ,N,R,80,0,0,0,1755531,5922253
Auckland,09/09/2014,Tue,1720,FD,CN1CC,112A 181A 331A ,,R,D,O ,F , , ,N,80,0,0,0,1755478,5922158
Auckland,27/12/2014,Sat,1316,AO,VN1C,129A 380A ,,R,D,B ,F , , ,C,80,0,0,0,1755469,5922143
Auckland,24/10/2014,Fri,1357,FD,CN1C,181A 331A ,,R,D,B ,F , , ,C,80,0,0,0,1755468,5922141
Auckland,20/08/2014,Wed,1030,FD,4N14,181A ,,R,W,O ,L , , ,N,80,0,0,0,1755433,5922079
Auckland,05/11/2014,Wed,1755,FD,MN1C,102A 181A 331A ,,R,D,B ,F , , ,R,80,0,0,0,1755429,5922071
Auckland,22/09/2014,Mon,1725,FD,CN1CC,132A 181A 191B ,,R,D,B ,F , ,N,C,80,0,0,0,1755429,5922071
Auckland,01/09/2014,Mon,1048,FD,CN1C,181A 331A 901 ,,R,W,O ,H , , ,C,80,0,0,0,1755429,5922071
Auckland,19/12/2014,Fri,1347,AC,CN1B,372A 404A ,,R,D,B ,F , , ,R,80,0,0,0,1755429,5922071
Auckland,23/07/2014,Wed,909,FD,4N1CC,331A 352A ,,R,D,B ,F , , ,C,80,0,0,1,1755421,5922055
Auckland,27/05/2014,Tue,1618,AC,TN1C,372A ,,M,W,O ,F , ,N,N,80,0,0,0,1755441,5922051
Auckland,09/05/2014,Fri,1600,FA,CN1C,181A ,,R,D,B ,F , ,N,C,80,0,0,0,1755431,5922034
Auckland,16/08/2014,Sat,2149,EA,CS1C,330A ,Q,R,D,DO,F , , ,C,80,0,0,0,1755425,5922022
Auckland,27/09/2014,Sat,1154,CC,TS1C,130A 330A 668A ,D,R,D,B ,F ,T,N,P,80,0,0,0,1755416,5922008
Auckland,30/06/2014,Mon,832,FD,MS1C,181A ,,R,W,OF,L ,Y,N,C,80,0,0,1,1755416,5922008