TLANAME,CRASHDATE,CRASHDOW,CRASHTIME,MVMT,VEHICLES,CAUSES,OBJECTSSTRUCK,ROADCURVE,ROADWET,LIGHT,WTHRa,JUNCTYPE,TRAFCTRL,ROADMARK,SPDLIM,CRASHFATALCNT,CRASHSEVCNT,CRASHMINCNT,EASTING,NORTHING
Auckland,03/04/2014,Thu,1305,AD,VN1,130A 901 ,G,R,W,O ,H , , ,C,80,0,0,0,1755381,5921984
Auckland,05/09/2014,Fri,1756,FD,CN1C,331A ,,R,W,DO,L , ,N,R,80,0,0,0,1755381,5921984
Auckland,14/02/2014,Fri,124,AO,4S14,381A ,,M,W,DO,L , ,N,R,80,0,0,0,1755401,5921982
Auckland,29/12/2014,Mon,1454,FD,CN1CCV,181A 181B 181C ,,R,D,B ,F , , ,R,80,0,0,0,1755372,5921968
Auckland,17/03/2014,Mon,1428,AC,CS1C,372A ,,M,D,BF,F , ,N,C,80,0,0,1,1755391,5921964
Auckland,01/04/2014,Tue,2240,FA,CN14,331A 614A 817 ,,M,W,DO,L , ,N,C,100,0,0,0,1755356,5921940
Auckland,19/11/2014,Wed,943,AC,CN1BC,184A 197B ,,R,D,B ,F , , ,C,80,0,0,0,1755356,5921940
Auckland,10/01/2014,Fri,,FA,CS1C,104A 112A 331A ,,R,D,B ,F , , ,C,80,0,0,1,1755376,5921935
Auckland,30/12/2014,Tue,1320,FD,CS1C,181A 330A 191B ,,R,D,B ,F , ,N,C,80,0,0,0,1755368,5921920
Auckland,14/04/2014,Mon,630,FD,CS14CC,181A ,,R,W,DO,L , ,N,C,80,0,0,1,1755368,5921920
Auckland,17/01/2014,Fri,1400,EO,CN1T,198A 330B 682B ,D,R,D,B ,F , , ,C,80,0,0,1,1755336,5921904
Auckland,02/11/2014,Sun,1148,FD,CN1C,112A 181A 331A ,,R,D,O ,F , , ,N,80,0,0,0,1755336,5921904
Auckland,15/10/2014,Wed,1050,AC,TN1C,372A 671A ,,R,D,OF,F , ,N,C,80,0,0,1,1755296,5921812
Auckland,09/06/2014,Mon,1756,FA,CN1C,181A 331A 801 ,,R,W,DO,L , , ,C,80,0,0,0,1755296,5921812
Auckland,19/01/2014,Sun,1524,FD,VS1CC,112A 331A ,,R,D,B ,F , , ,N,80,0,0,0,1755305,5921750
Auckland,23/07/2014,Wed,904,FD,CN1C4,181A ,,R,D,BF,F , ,N,C,80,0,0,0,1755285,5921714
Auckland,10/04/2014,Thu,2141,FF,CN1C,181A 387A ,,R,W,DO,F , ,N,R,80,0,0,0,1755285,5921705
Auckland,21/02/2014,Fri,759,AA,MS1C,372A 402A 630A ,,M,D,B ,F , , ,C,80,0,0,1,1755306,5921700
Auckland,16/04/2014,Wed,1840,FD,CN14,331A 353A ,,R,W,DO,L , ,N,R,80,0,0,0,1755292,5921665
Auckland,02/01/2014,Thu,1920,CC,CS1CC,137A ,,R,D,OF,F , ,N,N,80,0,0,0,1755335,5921627
Auckland,25/01/2014,Sat,1645,AF,CN1C,129A 150A ,G,E,D,DO,F ,M,N,N,50,0,0,0,1755312,5921619
Auckland,25/01/2014,Sat,457,AA,XN1C,372A 381A ,G,R,D,DO,F ,M,N,C,80,0,0,0,1755317,5921611
Auckland,03/11/2014,Mon,1405,EC,CN1,198A ,D,R,D,O ,F , , ,C,80,0,0,0,1755342,5921580
Auckland,13/02/2014,Thu,1739,FD,VN1C,181A ,,M, , F,  , ,N,R,80,0,0,0,1755342,5921580
Auckland,09/06/2014,Mon,650,FD,CN1C,112A 181A ,,R,W,TO,L , ,N,R,80,0,0,0,1755393,5921562
Auckland,22/01/2014,Wed,1011,AC,TN1C,372A ,,E,D,B ,F , , ,C,80,0,0,0,1755377,5921545
Auckland,19/09/2014,Fri,802,FD,CN1C,331A 353A 191B ,,R,D,O ,L , ,N,R,80,0,0,0,1755384,5921539
Auckland,09/12/2014,Tue,1930,AC,CS1V,372A ,,E,W,O ,F , , ,C,80,0,0,0,1755526,5921453
Auckland,14/04/2014,Mon,625,FD,CS14,181A ,,R,W,DF,L , ,N,R,80,0,0,0,1755534,5921447
Auckland,16/12/2014,Tue,1005,FD,CN1C,181A ,,R,D,OF,F , ,N,C,80,0,0,0,1755651,5921261
Auckland,30/12/2014,Tue,1035,FD,CS1V,181A ,,R,D,BN,F , ,N,C,80,0,0,0,1755713,5921211
Auckland,20/09/2014,Sat,1507,AA,CN1C4,372A 381A ,,R,D,O ,F , ,N,C,70,0,0,0,1755713,5921186
Auckland,14/11/2014,Fri,1631,FD,CS1C,130A 410A ,,R,D,B ,F , ,N,C,80,0,0,1,1755765,5921156
Auckland,16/10/2014,Thu,1700,AA,CN14C,103A 177A 372A ,,R,D,BF,F , ,N,R,80,0,0,0,1755889,5921116
Auckland,03/01/2014,Fri,1220,AA,CN1C,372A ,,E,D,OF,F , ,N,R,80,0,0,0,1755974,5921085
Auckland,10/04/2014,Thu,2105,AA,CN1C,372A ,,M,W,TO,F , , ,C,70,0,0,0,1755978,5921083
Auckland,27/02/2014,Thu,1900,AA,BN1C,372A ,,R,D,O ,F ,T,N,R,80,0,0,0,1756044,5921049
Auckland,25/07/2014,Fri,955,AC,TN1C,372A 671A ,,R,D,BF,F , ,N,N,80,0,0,0,1756061,5921035
Auckland,02/10/2014,Thu,1836,DA,VS1,137A 181A ,G,M,W,OF,F , ,N,R,80,0,0,0,1756113,5921016
Auckland,14/09/2014,Sun,21,AA,CN1C,103A 372A ,,M,W,DO,L , ,N,C,80,0,0,1,1756148,5920964
Auckland,25/06/2014,Wed,2240,AD,CN1C,111A 133A 402A 800 ,X,E,W,DO,L , , ,N,80,0,0,0,1756177,5920941
Auckland,13/03/2014,Thu,651,DB,CN1C,131A 631A ,G,E,D,BF,F , ,N,N,80,0,0,0,1756214,5920901
Auckland,04/09/2014,Thu,2043,AC,CN1C,184A ,,E,W,DO,H , , ,C,80,0,0,0,1756251,5920842
Auckland,02/10/2014,Thu,1638,FA,TS1C,181A 191B ,,R,W,O ,  , , ,C,100,0,0,3,1756297,5920802
Auckland,25/07/2014,Fri,2024,DA,CS1,101A 131A 801 ,GK,E,W,DO,L , , ,R,80,0,0,0,1756307,5920753
Auckland,19/06/2014,Thu,1529,AO,VN1V,130A 191A ,,M,W,OO,F , , ,N,80,0,0,0,1756282,5920739
Auckland,28/07/2014,Mon,837,AC,TN1C,372A 671A ,,R,D,BF,F , ,N,R,80,0,0,0,1756294,5920618
Auckland,25/05/2014,Sun,403,CA,4S1,103A 110A 130A ,G,R,W,DO,F , , ,N,80,0,0,0,1756313,5920581
Auckland,26/05/2014,Mon,654,FD,CS1C,103A 181A ,,R,W,DO,H , ,N,R,80,0,0,0,1756321,5920481
Auckland,25/03/2014,Tue,1809,FD,CS1CC,331A 358A ,,R,D,OF,F , ,N,R,80,0,0,1,1756324,5920454
Auckland,25/02/2014,Tue,1610,FA,CN1C,181A ,,E,D,B ,F , , ,C,80,0,0,0,1756316,5920432
Auckland,09/03/2014,Sun,1818,AC,CN14,372A ,,R,D,OF,F , ,N,R,80,0,0,0,1756341,5920314
Auckland,16/06/2014,Mon,710,FD,CN1C,181A ,,E,D,BF,F , ,N,R,80,0,0,0,1756371,5920235
Auckland,06/03/2014,Thu,1715,FD,CN1C,331A 358A ,,R,D,BF,F , ,N,R,80,0,0,0,1756391,5920194
Auckland,27/07/2014,Sun,1656,AC,CN1CC,159A 184A 357A 191B 386C 402C ,,R,D,O ,F , , ,R,80,0,0,0,1756400,5920177
Auckland,15/05/2014,Thu,1800,FA,CN14,181A 331A ,,E,D,DO,F , , ,C,80,0,0,0,1756405,5920167
Auckland,30/12/2014,Tue,1301,FD,CN1C,181A ,,E,D,BF,F , ,N,C,80,0,0,0,1756425,5920133
Auckland,25/06/2014,Wed,1740,FD,CN1C,181A 330A ,,E,W,DO,F , ,N,C,80,0,0,0,1756425,5920133
Auckland,20/08/2014,Wed,1629,FA,CN1C,110A 331A ,,R,D,O ,F , , ,C,80,0,0,0,1756473,5920055
Auckland,03/09/2014,Wed,1217,CB,CN1,501A ,,R,D,OF,F , ,N,R,80,0,0,0,1756511,5920019
Auckland,01/12/2014,Mon,905,AC,TN1C,372A 671A ,,R,D,OF,F , ,N,R,80,0,0,0,1756580,5919865
Auckland,05/03/2014,Wed,800,FD,CS1C,181A ,,M,D,O ,F , ,N,C,100,0,0,0,1756612,5919858
Auckland,20/02/2014,Thu,750,AC,VN1C,372A ,,E,D,B ,F ,T,N,C,100,0,0,0,1756523,5919536
Auckland,28/08/2014,Thu,2230,FD,CS1C,181A 331A ,,R,D,DO,F , , ,C,70,0,0,0,1756600,5919603
Auckland,11/10/2014,Sat,2210,EC,CS1,198A 341A ,D,M,D,DO,F , ,N,N,80,0,0,0,1756562,5919461
Auckland,08/02/2014,Sat,1740,AO,CS14,381A 381B ,,R,D,B ,F , , ,C,80,0,0,0,1756566,5919431
Auckland,15/01/2014,Wed,935,AC,TN1C,372A 671A ,GG,E,D,B ,F , ,N,C,80,0,0,0,1756584,5919326
Auckland,14/11/2014,Fri,1405,AC,TN1C,372A 671A ,,E,D,BF,F , ,N,R,80,0,0,0,1756630,5919261
Auckland,16/12/2014,Tue,1510,FA,TN1C,181A ,,E,D,B ,F , ,N,C,100,0,0,0,1756700,5919211
Auckland,27/05/2014,Tue,807,FD,CN1CT,331A 353A ,,E,D,OF,F , ,N,R,80,0,0,0,1756898,5919178
Auckland,26/11/2014,Wed,1704,AC,TE1CC,372A 671A ,,M,D,BF,F , ,N,R,80,0,0,0,1756914,5919242
Auckland,07/01/2014,Tue,2356,DB,CE1,101A 111A 131A ,G,M,W,DO,L ,Y,N,R,80,0,0,0,1756942,5919170
Auckland,28/05/2014,Wed,831,AA,TW1C,372A ,,R,D,B ,F , ,N,C,80,0,0,0,1757036,5919136
Auckland,12/04/2014,Sat,1145,FD,CN1C,181A ,,M,D,B ,F , , ,C,80,0,0,0,1757125,5919086
Auckland,09/05/2014,Fri,703,AA,TS1C,372A 671A ,,M,W,O ,L , , ,C,80,0,0,0,1757108,5919163
Auckland,23/05/2014,Fri,2229,DB,CN1,131A 355A 801 ,G,M,W,DO,L , , ,C,80,0,0,0,1757162,5919052
Auckland,28/11/2014,Fri,1407,FD,TN1C,181A 331A ,,R,W,O ,L , , ,N,80,0,0,0,1757162,5919052
Auckland,12/02/2014,Wed,1816,AO,CS1C,150A 381A ,,R,D,O ,F , ,N,N,80,0,0,0,1757233,5919004
Auckland,06/08/2014,Wed,1127,AC,TS1C,386A ,,R,W,O ,F , , ,C,80,0,0,0,1757247,5918974
Auckland,15/05/2014,Thu,1800,FD,CN1C,331A ,,R,D,TF,F , , ,C,100,0,0,0,1757280,5918892
Auckland,24/10/2014,Fri,1637,FD,CS1C,331A ,,R,D,O ,F , , ,C,80,0,0,0,1757253,5918963
Auckland,10/03/2014,Mon,1534,FD,CS1CC,181A ,,R,D,BF,F , ,N,R,80,0,0,0,1757253,5918963
Auckland,25/08/2014,Mon,1246,QO,4N1,826,Y,E,D,B ,F , , ,C,80,0,0,0,1757303,5918867
Auckland,18/07/2014,Fri,1654,AA,CN1C,381A ,,R,D,DO,F , ,N,R,100,0,0,0,1757317,5918853
Auckland,27/11/2014,Thu,1320,AA,CN1C,372A ,,R,D,B ,F , ,N,L,70,0,0,0,1757281,5918916
Auckland,08/11/2014,Sat,948,CB,CS1C,132A 137A 181A ,,R,D,B ,F ,T,N,C,80,0,0,0,1757299,5918889
Auckland,21/11/2014,Fri,1612,AA,CS1T,184A 372A ,,R,D,B ,F ,T,N,C,80,0,0,0,1757299,5918889
Auckland,15/03/2014,Sat,1724,DB,CN1,131A ,G,E,D,OF,FS, ,N,R,80,0,0,0,1757343,5918826
Auckland,20/06/2014,Fri,1803,FD,CS1C,103A 181A ,,E,D,DO,F , , ,N,80,0,0,0,1757321,5918866
Auckland,28/04/2014,Mon,1840,AC,TS1C,372A 671A ,,R,D,TO,F , , ,C,80,0,0,0,1757334,5918853
Auckland,16/07/2014,Wed,1759,FA,CN1M,181A 352A ,,E,D,TO,F , , ,C,80,0,0,1,1757382,5918795
Auckland,23/04/2014,Wed,650,AC,CN1C,372A 381A ,,E,W,OF,F , ,N,R,80,0,0,0,1757400,5918781
Auckland,07/06/2014,Sat,1404,FD,CN1CCC,181A 331A ,,R,D,B ,F , , ,C,80,0,0,0,1757410,5918773
Auckland,30/08/2014,Sat,1956,DB,CN1,131A 351A 402A 801 ,G,E,W,TO,L , , ,C,80,0,0,2,1757410,5918773
Auckland,25/06/2014,Wed,1815,FA,TS1C,331A 801 ,,E,W,DN,L , , ,C,50,0,0,0,1757373,5918822
Auckland,02/09/2014,Tue,1323,GF,VN1T,129A 330A 129B 330B ,,R,D,B ,F ,T,N,C,80,0,0,0,1757422,5918764
Auckland,19/02/2014,Wed,1830,AA,CN1T,372A ,,E,D,O ,F , ,N,N,80,0,0,0,1757450,5918732
Auckland,18/09/2014,Thu,1303,AA,CN1V,370A 372A 671A ,,E,D,O ,F , , ,C,80,0,0,0,1757450,5918732
Auckland,05/03/2014,Wed,2205,FD,CS1C,181A 330A ,,M,D,DO,F , ,N,C,100,0,0,0,1757429,5918779
Auckland,29/07/2014,Tue,1807,FD,CS1C4,181A ,,R,D,DO,F , ,N,N,100,0,0,1,1757436,5918772
Auckland,22/09/2014,Mon,1615,FD,CS1C,112A 181A ,,R,D,O ,F , ,N,C,80,0,0,0,1757450,5918758
Auckland,05/02/2014,Wed,814,AO,CS1C,381A ,,R,D,O ,F , ,N,C,80,0,0,0,1757450,5918758
Auckland,15/10/2014,Wed,1148,FD,CN1CC,132A 330A ,,R,D,B ,F , ,N,N,80,0,0,0,1757488,5918683
Auckland,17/05/2014,Sat,1355,FD,XN1C,181A 331A ,,R,D,B ,F , , ,C,100,0,0,0,1757521,5918610
Auckland,04/04/2014,Fri,145,AC,CS1C,103A ,,R,D,DO,F , ,N,C,80,0,0,0,1757514,5918668
Auckland,12/08/2014,Tue,1803,FD,CS1C,181A ,,R,D,OF,L , ,N,R,80,0,0,1,1757523,5918651
Auckland,13/08/2014,Wed,822,FD,CS1C,181A ,,R,W,O ,L , , ,N,80,0,0,0,1757548,5918574
Auckland,06/08/2014,Wed,140,DA,CN1,111A 131A ,G,M,D,DO,F , ,N,N,80,0,0,3,1757568,5918453
Auckland,08/08/2014,Fri,1842,FD,CN1CC,331A 353A ,,R,D,DF,F , , ,C,80,0,0,1,1757582,5918420
Auckland,12/08/2014,Tue,1241,AA,4N1TC,372A 381A ,,R,D,B ,F , ,N,C,80,0,0,0,1757600,5918385
Auckland,11/02/2014,Tue,1414,FA,BN1C,331A 353A ,,R,D,B ,F , ,N,C,80,0,0,0,1757614,5918365
Auckland,21/08/2014,Thu,1055,FA,TS1C,181A 331A ,,R,D,BF,F , ,N,C,100,0,0,0,1757601,5918416
Auckland,09/08/2014,Sat,1751,FD,CN1C,181A ,,R,D,TO,F , , ,C,80,0,0,0,1757637,5918338
Auckland,08/04/2014,Tue,1537,FD,CN1C,181A 353A ,,R,D,O ,F , ,N,N,80,0,0,0,1757664,5918308
Auckland,19/08/2014,Tue,917,AA,CN1C,372A ,,E,D,B ,F , , ,N,80,0,0,0,1757668,5918304
Auckland,24/01/2014,Fri,2300,CA,CN1C,103A 129A ,G,R,D,DO,F ,Y,N,P,100,0,0,2,1757674,5918297
Auckland,06/06/2014,Fri,1806,FD,CS1V,181A ,,R,D,DO,F , ,N,R,80,0,0,0,1757635,5918364
Auckland,20/04/2014,Sun,2303,CC,CN1,103A 112A ,G,R,W,DO,F ,T,N,N,100,0,0,0,1757681,5918290
Auckland,29/08/2014,Fri,1609,FD,CN1CC,110A 331A 350A ,,R,D,O ,F , , ,C,80,0,0,1,1757692,5918280
Auckland,12/09/2014,Fri,1425,FD,CN1C4,181A 330A ,,R,W,O ,F , ,N,C,80,0,0,0,1757695,5918276
Auckland,16/05/2014,Fri,645,AC,TN1C,372A 671A ,,R,D,DO,F , ,N,R,100,0,0,0,1757703,5918270
Auckland,16/11/2014,Sun,1500,FD,CN1CCC,181A 330A 191B ,,R,D,B ,F , ,N,C,80,0,0,0,1757703,5918270
Auckland,19/04/2014,Sat,1328,FD,CN1CC,331A 350A ,,R,W,B ,F , , ,C,80,0,0,4,1757711,5918262
Auckland,02/08/2014,Sat,1615,FD,CN1C,331A 353A ,,R,D,OF,F , ,N,N,80,0,0,0,1757717,5918256
Auckland,14/05/2014,Wed,1444,FD,CN1CC,181A ,,R,W,BF,F , ,N,R,80,0,0,0,1757718,5918255
Auckland,08/07/2014,Tue,1845,AC,CN1C,372A 381A ,,R,W,DO,L , ,N,C,100,0,0,0,1757736,5918238
Auckland,22/03/2014,Sat,1340,FD,CN1VC4,331A 353A ,,R,D,BF,F , ,N,R,80,0,0,0,1757739,5918236
Auckland,04/03/2014,Tue,1535,FD,TN1CCC,181A ,,R,D,BF,F , ,N,R,80,0,0,0,1757740,5918235
Auckland,28/07/2014,Mon,1923,FD,CN1CV,181A ,,R,D,DO,F , ,N,C,80,0,0,3,1757740,5918235
Auckland,01/11/2014,Sat,1355,FD,CN1C4,181A 331A ,,E,D,B ,F , , ,C,80,0,0,0,1757740,5918235
Auckland,18/08/2014,Mon,1140,AC,TS1C,372A ,,R,D,OF,F ,Y,N,C,70,0,0,0,1757704,5918292
Auckland,27/04/2014,Sun,14,CB,CS2,111A 131A ,,R,D,DO,F ,Y,N,C,80,0,0,0,1757704,5918292
Auckland,21/08/2014,Thu,1854,FD,CS1C,181A ,,R,D,DO,F ,Y,N,R,80,0,0,0,1757704,5918292
Auckland,24/10/2014,Fri,1250,AC,CN1C,372A ,,R,D,BF,F ,Y,N,R,80,0,0,0,1757704,5918292
Auckland,25/09/2014,Thu,1715,FA,MS1C,150A 330A 434A ,,E,D,B ,F ,T,N,C,80,0,1,0,1757704,5918292
Auckland,10/07/2014,Thu,1441,FD,CN1CC4,110A 110C 191D ,,R,D,O ,F , , ,C,80,0,0,6,1757751,5918225
Auckland,10/04/2014,Thu,1458,FD,CN1C,181A ,,R,D,BF,F , ,N,R,80,0,0,0,1757754,5918222
Auckland,19/04/2014,Sat,1500,FD,CN1C,181A 191B ,,R,D,B ,F , ,N,C,100,0,0,0,1757754,5918222
Auckland,21/07/2014,Mon,945,FA,CN1C,331A 353A ,,R,W,O ,F , , ,C,80,0,0,0,1757754,5918222
Auckland,30/09/2014,Tue,1703,FD,CN1CC,181A ,,R,D,BF,F , ,N,R,80,0,0,0,1757754,5918221
Auckland,20/05/2014,Tue,1537,FD,CN1CC4,112A 181A 191D ,,R,D,O ,F , ,N,N,80,0,0,0,1757762,5918214
Auckland,26/02/2014,Wed,1704,FD,MS14,331A 353A ,,R,D,BF,F , ,N,R,80,0,0,0,1757730,5918267
Auckland,04/05/2014,Sun,2044,AC,CN1C,103A 110A 372A ,G,R,D,DO,F , , ,C,80,0,1,4,1757776,5918201
Auckland,22/04/2014,Tue,1652,FD,CN1CC,331A 353A ,,R,D,OF,F , ,N,R,80,0,0,0,1757798,5918180
Auckland,08/07/2014,Tue,1229,AC,VS1C,372A ,,R,D,OF,F , ,N,R,80,0,0,0,1757759,5918240
Auckland,23/04/2014,Wed,1204,MC,SN1V,330B 372B ,,E,D,B ,F , ,N,C,50,0,0,1,1757762,5918237
Auckland,13/06/2014,Fri,1754,FD,MS14,331A 353A ,,R,D,DO,F , ,N,N,80,0,0,1,1757766,5918233
Auckland,02/04/2014,Wed,1155,FD,CN1C,181A ,,E,D,O ,F , , ,N,80,0,0,0,1757813,5918166
Auckland,21/06/2014,Sat,1319,FD,VN1C,181A 331A ,,R,D,B ,F , , ,C,80,0,0,1,1757813,5918166
Auckland,02/05/2014,Fri,1850,CC,VN1C,102A 110A 197A 331A 351A ,G,R,D,DO,F , ,N,N,80,0,1,2,1757813,5918166
Auckland,26/02/2014,Wed,1525,AA,TS1C,372A 671A ,,R,D,BF,F , ,N,R,80,0,0,0,1757781,5918220
Auckland,12/07/2014,Sat,1547,FA,CN1C,331A 801 903 ,,R,W,BF,LS, ,N,N,100,0,0,0,1757827,5918153
Auckland,29/08/2014,Fri,1649,FD,4N1C,181A ,,E,D,O ,F , , ,N,80,0,0,0,1757852,5918129
Auckland,10/02/2014,Mon,900,AC,TN1CCC,372A 150B ,,R,D,B ,F , ,N,N,80,0,0,0,1757881,5918101
Auckland,18/07/2014,Fri,1534,FD,CS1CC,410A 504A ,,R,D,B ,F , , ,C,80,0,0,0,1757839,5918165
Auckland,23/08/2014,Sat,1438,FD,CN144,181A ,,R,D,BF,F , ,N,N,80,0,0,1,1757898,5918083
Auckland,24/04/2014,Thu,1515,FD,CN1T,331A 352A ,,R,D,OF,F , ,N,R,80,0,0,0,1757940,5918035
Auckland,20/03/2014,Thu,1522,AA,CN1CC,386A 130B 197C ,G,R,D,B ,F , , ,C,80,0,0,0,1757940,5918035
Auckland,23/08/2014,Sat,1545,AC,CN1M,372A ,,E,D,BN,F ,Y,N,N,100,0,0,0,1757947,5918026
Auckland,11/02/2014,Tue,1015,FD,VN1CC,331A 353A 181B ,,E,D,B ,F ,T,N,C,80,0,0,0,1757947,5918026
Auckland,13/08/2014,Wed,1700,KO,VN14,184A ,,R,W,OF,L ,Y,N,N,100,0,0,0,1757947,5918026
Auckland,27/11/2014,Thu,1450,FA,CN2C,181A ,,E,D,B ,F ,T,N,C,80,0,0,0,1757947,5918026
Auckland,26/05/2014,Mon,2051,LB,CS1C,322A 334A ,,R,D,DO,F ,T,T,C,50,0,0,0,1757947,5918026
Auckland,08/04/2014,Tue,815,AA,CN1T,372A ,,R,D,BF,F , , , ,80,0,0,0,1757965,5918002
Auckland,10/04/2014,Thu,1630,FD,CS1C,181A ,,R,D,O ,F , , ,N,100,0,0,0,1757929,5918071
Auckland,05/12/2014,Fri,1535,FD,CS1C,331A 353A ,,R,D,BF,F ,T,N,R,100,0,0,0,1757929,5918071
Auckland,06/03/2014,Thu,1355,FD,CS1C,181A ,,R,D,BF,F ,Y,N,R,50,0,0,0,1757942,5918056
Auckland,22/03/2014,Sat,1746,AC,XS1C,372A ,,R,D,B ,F , , ,C,80,0,0,0,1757944,5918053
Auckland,12/09/2014,Fri,1847,FD,CS1C,181A 191B ,,R,W,DO,F , ,N,N,80,0,0,0,1757954,5918040
Auckland,12/08/2014,Tue,2133,FD,CN1CC,331A 353A ,,R,W,DO,F , ,N,R,100,0,0,0,1757999,5917955
Auckland,03/10/2014,Fri,2000,AA,TS1C,671A 801 ,,R,W,DO,L , , ,C,50,0,0,0,1757972,5918016
Auckland,03/04/2014,Thu,1320,AO,TS1T,129A ,,R,W,O ,H , , ,N,80,0,0,0,1758004,5917973
Auckland,21/08/2014,Thu,1505,AO,TN1C4,129A 130B ,,R,D,O ,F , , ,C,80,0,0,0,1758066,5917865
Auckland,27/09/2014,Sat,816,AC,TN1C,370A 671A ,,R,D,B ,F , , ,C,80,0,0,0,1758066,5917865
Auckland,14/10/2014,Tue,1113,AC,VN14,177A 330A 130B ,G,R,D,O ,F , , ,N,80,0,0,0,1758100,5917831
Auckland,21/02/2014,Fri,1700,FD,VS1C,181A ,,R,D,BF,F , ,N,R,100,0,0,0,1758063,5917897
Auckland,17/07/2014,Thu,1827,FD,CS1CC,181A ,,R,D,DO,F , ,N,R,80,0,0,0,1758063,5917897
Auckland,18/07/2014,Fri,1600,FD,CN1C,181A 330A ,,R,D,O ,F , ,N,R,100,0,0,0,1758129,5917804
Auckland,14/02/2014,Fri,1757,FD,CS1C,331A 191B ,,R,D,B ,F , , , ,80,0,0,0,1758130,5917823
Auckland,14/05/2014,Wed,1300,AA,CS1C,381A ,,R,W,OF,L , ,N,C,80,0,0,0,1758130,5917823
Auckland,19/07/2014,Sat,1420,QG,4S1C,682A 801 ,D,R,W,O ,L , , ,C,80,0,0,0,1758209,5917762
Auckland,20/02/2014,Thu,1913,AG,CS14C,150A 191C ,,R,D,TO,F , , ,C,80,0,0,0,1758212,5917760
Auckland,28/04/2014,Mon,1825,FD,CS1C,181A 191B 801 ,,R,W,DO,L , , ,R,80,0,0,0,1758212,5917760
Auckland,09/05/2014,Fri,1836,AC,CN1C,181B 197B ,,R,W,DO,L , ,N,R,100,0,0,0,1758313,5917690
Auckland,05/02/2014,Wed,800,FD,4S1V,181A 191B ,,R,D,B ,F , ,N,C,100,0,0,0,1758297,5917714
Auckland,04/08/2014,Mon,916,AC,TS1C,372A 671A ,G,R,D,B ,F , ,N,C,80,0,0,0,1758297,5917714
Auckland,25/02/2014,Tue,1824,FD,CS1CCC,331A 363A 902 ,,E,D,B ,F , , ,N,80,0,0,0,1758300,5917713
Auckland,24/05/2014,Sat,2349,DB,CN1,101A 131A 517A ,G,E,W,DO,L , , ,C,80,0,0,0,1758475,5917606
Auckland,01/04/2014,Tue,1332,EC,CS1,827,D,E,D,BF,F , ,N,N,80,0,0,0,1758437,5917645
Auckland,17/01/2014,Fri,1311,EC,CS1,341A ,D,R,D,B ,F , ,N,N,80,0,0,0,1758460,5917633
Auckland,27/03/2014,Thu,1657,FD,CS1C,181A ,,R,D,BF,F , ,N,C,80,0,0,0,1758479,5917624
Auckland,03/05/2014,Sat,2243,FA,CN1C,103A 110A 181A ,,R,D,DO,F , , ,C,80,0,0,3,1758559,5917552
Auckland,02/07/2014,Wed,705,FA,CN1C,181A 191B ,,R,W,DO,F , , ,C,80,0,0,1,1758581,5917535
Auckland,18/07/2014,Fri,1408,AC,TS1C,372A 671A ,,R,D,BF,F , ,N,R,80,0,0,0,1758563,5917569
Auckland,13/02/2014,Thu,1621,FA,CS14,181A 402A ,,R,D,B ,F , ,N,N,80,0,0,0,1758750,5917364
Auckland,12/04/2014,Sat,1630,AC,CS1T4,372A ,,E,D,B ,F , ,N,C,80,0,0,0,1758766,5917342
Auckland,29/05/2014,Thu,2123,FD,CS1V,181A 357A ,,R,D,DO,F , ,N,R,80,0,0,0,1758798,5917299
Auckland,01/07/2014,Tue,1839,FD,CS1V,181A ,,R,D,DO,F , ,N,R,100,0,0,0,1758815,5917276
Auckland,07/09/2014,Sun,1222,FD,CS1C4,181A ,,R,D,OF,F , ,N,R,80,0,0,0,1758838,5917246
Auckland,13/05/2014,Tue,1741,FD,VN1T,181A 191B ,,R,D,DO,F , , ,C,80,0,0,0,1758831,5917226
Auckland,28/04/2014,Mon,1757,FD,CS1CC,331A 350A ,,R,W,TO,F , , ,C,100,0,0,0,1758895,5917170
Auckland,14/05/2014,Wed,1452,FD,CS1C,181A ,,R,W,BF,F , ,N,N,100,0,0,0,1758959,5917083
Auckland,16/07/2014,Wed,1801,FD,CN1CC,181A 331A ,,E,D,DO,F , , ,C,80,0,0,0,1758951,5917065
Auckland,05/12/2014,Fri,810,FD,CS1C,181A ,,R,D,BF,F ,T,N,N,100,0,0,0,1758995,5917035
Auckland,09/05/2014,Fri,1843,FD,CS1CC,181A 330A 191B ,,R,W,DO,F , ,N,C,100,0,0,2,1759110,5916884
Auckland,06/12/2014,Sat,1524,FD,CN1C,181A ,,R,D,O ,F , ,N,C,80,0,0,0,1759132,5916826
Auckland,26/10/2014,Sun,1041,FD,CN1VC,181A 181B ,,R,D,O ,F , , ,R,80,0,0,0,1759132,5916826
Auckland,17/02/2014,Mon,1832,FD,VS1C,181A 331A ,,R,D,B ,F , , ,C,100,0,0,0,1759146,5916837
Auckland,20/10/2014,Mon,1745,FD,CN1C,181A ,,R,D,BF,F , ,N,R,100,0,0,0,1759205,5916731
Auckland,01/07/2014,Tue,639,FD,CS1V,110A 331A 352A 801 ,,R,W,TO,L , , ,C,100,0,0,0,1759232,5916727
Auckland,20/03/2014,Thu,2001,CA,CN14,137A ,G,R,D,BF,F , ,N,R,100,0,0,0,1759255,5916669
Auckland,09/05/2014,Fri,1843,FD,4S1C,181A ,,R,W,DO,L , ,N,R,100,0,0,0,1759269,5916680
Auckland,10/09/2014,Wed,1845,FD,CS1C,181A 191B ,,R,D,DO,F , ,N,R,100,0,0,0,1759269,5916680
Auckland,30/11/2014,Sun,1200,AA,VN1C,177A 330A 357A ,,R,D,B ,F ,T,N,C,100,0,0,0,1759376,5916515
Auckland,07/02/2014,Fri,851,FA,CN14,331A 353A ,,R,D,OF,F , ,N,R,100,0,0,0,1759379,5916512
Auckland,30/07/2014,Wed,1757,FO,VS1C,130A 428A 651A ,,R,D,O ,F , , ,N,100,0,0,0,1759392,5916522
Auckland,22/10/2014,Wed,632,AC,TS1C,372A ,,R,D,OF,F , ,N,N,100,0,0,1,1759414,5916494
Auckland,27/06/2014,Fri,1840,FD,CS1CCC,181A 331A 181B 331B 181C 331C 181D 901+,,R,W,DO,H , , ,N,100,0,0,0,1759414,5916494