TLANAME,CRASHDATE,CRASHDOW,CRASHTIME,MVMT,VEHICLES,CAUSES,OBJECTSSTRUCK,ROADCURVE,ROADWET,LIGHT,WTHRa,JUNCTYPE,TRAFCTRL,ROADMARK,SPDLIM,CRASHFATALCNT,CRASHSEVCNT,CRASHMINCNT,EASTING,NORTHING
Auckland,27/06/2014,Fri,1840,FF,4S1VC,181A 331A 191B 196B 901 ,,R,W,DO,H , , , ,100,0,0,0,1759414,5916494
Auckland,28/07/2014,Mon,221,CA,CS1,103A 130A ,G,R,D,DO,F , , ,C,100,0,0,0,1759430,5916476
Auckland,01/05/2014,Thu,1438,CA,TS1,130A 197A ,G,R,D,O ,F , , ,C,80,0,0,0,1759434,5916472
Auckland,05/03/2014,Wed,1850,CB,4S1C,103A 197A ,GG,R,D,TF,F , ,N, ,100,0,0,0,1759447,5916457
Auckland,29/04/2014,Tue,1845,FD,CN1V,181A ,,R,D,DO,F , ,N,C,100,0,0,0,1759442,5916439
Auckland,31/10/2014,Fri,818,FD,CS1C,181A 331A ,,E,D,B ,F , , ,C,100,0,0,0,1759458,5916447
Auckland,12/12/2014,Fri,1055,FD,CS1CV,181A ,,R,D,OF,F , ,N,R,100,0,0,0,1759468,5916437
Auckland,17/03/2014,Mon,905,FA,CN1CC,331A 350A ,,E,D,O ,F , , ,C,80,0,0,0,1759481,5916402
Auckland,18/02/2014,Tue,1828,FD,CS1C,181A 191B ,,R,D,B ,F , ,N,N,80,0,0,0,1759503,5916404
Auckland,20/08/2014,Wed,1845,FD,CS1C,181A ,,R,W,DO,L , ,N,R,100,0,0,0,1759503,5916404
Auckland,25/09/2014,Thu,822,FA,CS14,112A 331A 402A ,,R,D,O ,F , , ,C,100,0,0,0,1759503,5916404
Auckland,01/09/2014,Mon,851,FD,CS1C,358A 427A 801 ,,R,W,O ,L , , ,C,100,0,0,0,1759519,5916389
Auckland,29/12/2014,Mon,858,QD,CN1C,682A ,,R,D,B ,F , ,N,C,100,0,0,0,1759514,5916370
Auckland,14/05/2014,Wed,1430,FD,TS1T,181A ,,R,D,BF,F , ,N,C,100,0,0,1,1759576,5916336
Auckland,22/08/2014,Fri,745,CA,CS1,132A ,G,R,D,B ,F , , ,C,100,0,0,2,1759593,5916322
Auckland,14/06/2014,Sat,1350,CB,CS1,130A 181A 331A ,G,R,D,B ,F , , ,C,100,0,0,0,1759593,5916322
Auckland,09/11/2014,Sun,1849,AA,CN1C4,372A ,,R,D,B ,F , ,N,N,100,0,0,0,1759588,5916303
Auckland,22/08/2014,Fri,1114,FA,VS1C,181A 331A ,,R,D,B ,F , , ,C,100,0,0,2,1759608,5916309
Auckland,02/10/2014,Thu,1658,FD,CS1C,181A 353A ,,R,W,O ,L , , ,R,100,0,0,0,1759684,5916251
Auckland,07/07/2014,Mon,1818,FD,4S1C4,181A 181B ,,R,D,DO,F , , ,N,100,0,0,0,1759731,5916215
Auckland,09/06/2014,Mon,1852,FD,CS1C,110A 181A ,,R,W,DO,L , ,N,C,100,0,0,0,1759734,5916213
Auckland,25/09/2014,Thu,1810,FA,CN1C,112A 331A 370A ,,R,D,TF,F , , ,C,100,0,0,0,1759741,5916187
Auckland,14/06/2014,Sat,1349,FD,MS1C,181A 191B ,,E,D,B ,F , , ,C,100,0,1,0,1759779,5916183
Auckland,19/08/2014,Tue,1925,FD,CS14C,181A 181B ,,R,W,O ,LS, , ,N,100,0,0,0,1759825,5916133
Auckland,20/09/2014,Sat,1922,FD,VS1CV,181A ,,R,D,DO,F , ,N,R,100,0,0,0,1759859,5916130
Auckland,19/07/2014,Sat,1220,FA,CS1C,181A 191B ,,R,D,O ,F , ,N,C,50,0,0,0,1759867,5916125
Auckland,12/11/2014,Wed,758,AC,MS1C,372A 381A ,,R,W,B ,F , ,N,C,100,0,0,0,1759885,5916114
Auckland,11/04/2014,Fri,1235,FD,VS1CC,110A 350A 181B ,,E,W,O ,L ,R,G,C,50,0,0,0,1759902,5916104
Auckland,25/11/2014,Tue,1235,FD,VS1VC4,181A 331A 355C 370C 446C 197D ,,E,D,O ,F ,T,N,P,100,0,0,0,1759902,5916104
Auckland,12/11/2014,Wed,820,FD,CS1C,181A 353A ,,R,W,O ,F , ,N,N,100,0,0,0,1759919,5916094
Auckland,11/12/2014,Thu,1702,FF,CS1C,414A ,,R,W,BF,F , ,N,R,100,0,0,0,1759919,5916094
Auckland,20/03/2014,Thu,1719,AA,CN1M,372A ,,E,D,B ,F ,R,G,C,100,0,0,0,1759911,5916081
Auckland,24/03/2014,Mon,1554,FD,VN1CVC,181A 331A ,,R,D,B ,F , , ,C,100,0,0,0,1759912,5916080
Auckland,07/04/2014,Mon,1840,FD,CS1C,181A ,,R,D,BF,F , ,N,R,100,0,0,0,1759945,5916079
Auckland,13/11/2014,Thu,1246,FD,CS1C,110A 181A ,,R,D,B ,F , ,N,N,100,0,0,0,1759945,5916079
Auckland,06/05/2014,Tue,818,FD,CS1C,181A ,,R,D,OF,F , ,N,R,100,0,0,0,1759976,5916060
Auckland,09/06/2014,Mon,1819,AC,CS1C,372A 801 ,,R,W,DO,L , , ,C,100,0,0,0,1759991,5916051
Auckland,07/09/2014,Sun,1146,FD,CS14,181A ,,R,D,B ,F , , ,N,100,0,0,0,1759997,5916030
Auckland,03/07/2014,Thu,811,FD,CS1C,181A 331A ,,E,W,OF,L , , ,N,100,0,0,0,1760034,5916025
Auckland,03/07/2014,Thu,1821,FD,CS1C,181A ,,R,W,DO,F , ,N,N,100,0,0,0,1760061,5916008
Auckland,28/07/2014,Mon,1855,FD,CN1C,181A 331A ,,R,D,O ,F , , ,N,50,0,0,0,1760067,5915989
Auckland,20/03/2014,Thu,1346,AA,CS1C,372A 181B ,,E,D,B ,F , , ,C,100,0,0,0,1760102,5915983
Auckland,03/03/2014,Mon,1535,FD,4N14,331A 358A ,,R,D,OF,F , ,N,R,100,0,0,0,1760104,5915966
Auckland,22/02/2014,Sat,1819,EB,CS1C,331A 378A 831 ,Q,M,D,BF,F , ,N,N,100,0,0,1,1760118,5915971
Auckland,10/03/2014,Mon,1655,FB,TS1C,181A ,,R,D,B ,F ,R,G,C,50,0,0,0,1760118,5915971
Auckland,15/10/2014,Wed,752,FD,MS1C,112A 331A 358A ,,R,D,B ,F , , ,N,100,0,0,0,1760131,5915963
Auckland,05/09/2014,Fri,540,EC,CN1,135A 136A 631A 823 ,L,R,W,DO,H , ,N,R,100,0,0,0,1760176,5915912
Auckland,26/09/2014,Fri,654,AA,CS1C,372A ,,R,D,BF,F , ,N,R,100,0,0,0,1760221,5915889
Auckland,28/09/2014,Sun,1542,FD,CS1C,181A ,,R,D,B ,F , , ,C,100,0,0,0,1760229,5915862
Auckland,01/07/2014,Tue,630,FF,CS1C4,112A 181A 331A 130C 196C ,Q,R,W,OF,F , , ,C,100,0,0,0,1760249,5915862
Auckland,12/05/2014,Mon,1828,FD,CN1CC,181A ,,R,D,DO,F , ,N,R,100,0,0,0,1760270,5915822
Auckland,24/01/2014,Fri,900,FD,CN1C,181A ,,R,D,B ,F , ,N,C,100,0,0,0,1760273,5915820
Auckland,26/11/2014,Wed,819,FD,CS1C,112A 181A ,,R,D,B ,F , ,N,C,100,0,0,0,1760301,5915813
Auckland,09/11/2014,Sun,1015,FA,CS2C,181A ,,R,D,B ,F ,R,G,C,50,0,0,0,1760378,5915750
Auckland,04/11/2014,Tue,1338,FA,CS1C,181A 330A ,,E,D,B ,F ,R,G,C,50,0,0,0,1760378,5915750
Auckland,01/07/2014,Tue,1429,FD,TS1T,181A ,,R,D,OF,F , ,N,C,100,0,0,1,1760394,5915737
Auckland,25/10/2014,Sat,1248,FD,CN1C,181A 331A ,,R,D,B ,F , , ,C,100,0,0,0,1760387,5915723
Auckland,11/07/2014,Fri,1154,FA,CS1C,181A 331A 353A 191B ,,R,D,B ,F , , ,C,100,0,0,0,1760417,5915718
Auckland,25/09/2014,Thu,1758,FD,CN1C,181A ,,R,D,BN,F , ,N,N,100,0,0,1,1760420,5915716
Auckland,20/02/2014,Thu,600,CB,CN1,136A 668A ,G,R,D,DO,F , ,N,R,100,0,0,0,1760418,5915697
Auckland,12/02/2014,Wed,1416,AA,VN1T,372A ,,R,D,BF,F , ,N,R,100,0,0,0,1760438,5915680
Auckland,08/09/2014,Mon,2112,FD,CN1C,181A ,,R,D,DO,F , ,N,C,100,0,0,0,1760454,5915668
Auckland,19/08/2014,Tue,1620,FD,4N1CT,331A 410A 801 ,,R,W,O ,L , , ,C,100,0,0,1,1760456,5915665
Auckland,15/11/2014,Sat,1240,FD,CN14C,181A 181B ,,R,D,O ,F , , ,N,100,0,0,1,1760456,5915665
Auckland,06/05/2014,Tue,1500,AA,CN1C,372A ,,R,D,BF,F , ,N,R,100,0,0,0,1760456,5915665
Auckland,18/06/2014,Wed,1730,FD,CS1C4,331A 353A ,,R,D,DO,F , ,N,C,100,0,1,1,1760487,5915662
Auckland,02/11/2014,Sun,2030,EC,CS1,112A 330A 341A ,X,R,D,DO,F , , ,C,100,0,0,0,1760521,5915635
Auckland,02/11/2014,Sun,2024,AC,CS1C,112A 177A 330A 387A ,,R,D,DO,F , , ,C,100,0,0,1,1760521,5915635
Auckland,19/08/2014,Tue,1830,FD,CS1C,181A 901 ,,R,W,DO,H , , ,C,50,0,0,0,1760599,5915572
Auckland,06/05/2014,Tue,1829,FD,CS1CCC,181A 331A ,,R,D,TO,F , , ,C,100,0,0,0,1760676,5915508
Auckland,02/07/2014,Wed,2323,CA,CS1,135A 802 901 903 ,G,R,I,DO,HS, , ,C,100,0,0,0,1760676,5915508
Auckland,06/05/2014,Tue,940,FA,CN1C,181A 331A ,,R,W,O ,L , ,N,N,50,0,0,0,1760697,5915471
Auckland,02/07/2014,Wed,2320,CC,CS1,135A 901 903 ,G,R,W,DO,HS, ,N,C,100,0,0,0,1760715,5915477
Auckland,01/09/2014,Mon,1609,CA,CS1C,130A 668A ,D,R,D,O ,F ,T,N,C,100,0,0,0,1760754,5915445
Auckland,20/12/2014,Sat,457,CC,CS1,103A 112A 130A ,G,R,D,DO,F , ,N,R,100,0,0,0,1760759,5915441
Auckland,14/07/2014,Mon,1843,FD,CS14,331A ,,R,D,DO,F , , ,C,100,0,0,0,1760766,5915435
Auckland,30/09/2014,Tue,710,CA,CN1,501A ,G,R,D,O ,F , , ,C,100,0,0,0,1760766,5915413
Auckland,01/11/2014,Sat,1011,AC,CN1C,387A 402A 650A ,,R,D,B ,F , , ,C,100,0,0,0,1760893,5915289
Auckland,27/08/2014,Wed,1148,AA,CS1T,184A ,,R,D,BF,F , ,N,N,100,0,0,0,1760976,5915218
Auckland,22/07/2014,Tue,1830,FD,CS1CC,181A ,,R,D,DO,F , ,N,R,100,0,0,0,1761036,5915119
Auckland,06/08/2014,Wed,1812,FA,CS1C,112A 331A 353A ,,R,D,DO,F , , ,C,100,0,0,1,1761060,5915071
Auckland,02/02/2014,Sun,1415,AC,CN1C,133A 381A ,,R,D,B ,F , ,N,C,100,0,0,0,1761053,5915051
Auckland,14/02/2014,Fri,1026,DA,CS1,131A ,G,E,D,B ,F , , ,C,100,0,0,1,1761074,5915036
Auckland,05/11/2014,Wed,1010,EC,CN1,130A 341A 668A ,D,E,D,O ,F , , ,C,100,0,0,0,1761153,5914801
Auckland,25/06/2014,Wed,755,FD,CS1C,181A ,,R,D,OF,F , ,N,R,100,0,0,0,1761194,5914730
Auckland,09/05/2014,Fri,805,AA,CN1T,372A ,,R,W,BF,F , ,N,C,100,0,0,1,1761192,5914698
Auckland,02/10/2014,Thu,820,FD,VN1V,181A ,,R,D,OF,F , ,N,R,100,0,0,0,1761211,5914651
Auckland,16/12/2014,Tue,1715,FD,CN1CC,181A 181B ,,E,D,O ,F , , ,C,100,0,0,0,1761223,5914620
Auckland,18/02/2014,Tue,1615,FD,VS1C,181A ,,R,D,B ,F , ,N,C,100,0,0,0,1761249,5914590
Auckland,25/06/2014,Wed,719,FD,CS1C,181A 331A 800 ,,R,W,O ,F , , ,C,100,0,0,0,1761257,5914571
Auckland,10/10/2014,Fri,812,FD,CN1CC,181A 181B ,,R,D,O ,F , , ,N,100,0,0,0,1761247,5914558
Auckland,01/08/2014,Fri,725,CA,MS1,132A 407A ,,R,W,B ,F , ,N,C,100,0,0,0,1761260,5914562
Auckland,13/11/2014,Thu,1549,FD,CS1C,331A ,,R,D,O ,F , , ,C,50,0,0,0,1761262,5914557
Auckland,14/08/2014,Thu,947,FD,TN1C,181A 331A ,,R,D,B ,F , , ,C,100,0,0,0,1761254,5914540
Auckland,11/10/2014,Sat,1310,GA,CS1C,181A 330A ,,R,D,B ,F ,T,G,C,50,0,0,0,1761268,5914544
Auckland,11/10/2014,Sat,300,CC,CS1,103A 130A 402A ,G,R,D,DO,F , , ,C,100,0,0,1,1761287,5914497
Auckland,20/01/2014,Mon,1305,AA,CS1T,372A ,G,E,W,OF,L , ,N,N,100,0,0,1,1761341,5914390
Auckland,02/07/2014,Wed,2328,CA,CS1,135A 402A 407A 802 803 ,G,R,I,DO,H , , ,C,100,0,0,0,1761341,5914390
Auckland,01/12/2014,Mon,1831,FD,CS1C,181A 331A ,,R,D,B ,F , , ,C,100,0,0,0,1761350,5914375
Auckland,24/06/2014,Tue,654,FA,VN1V,331A ,,R,D,B ,F , , ,C,100,0,0,0,1761342,5914361
Auckland,31/08/2014,Sun,108,CA,4S1,103A 130A 631A ,G,R,W,DO,L , , ,C,100,0,0,0,1761380,5914332
Auckland,13/09/2014,Sat,15,EC,4S1,135A ,CL,E,W,DO,H , ,N,C,100,0,0,1,1761397,5914307
Auckland,20/01/2014,Mon,1338,FD,VS1CCV,181A 350A ,,E,W,O ,F , ,N,C,100,0,0,0,1761454,5914239
Auckland,08/08/2014,Fri,1615,FD,CN1C,181A 331A 358A 801 ,,R,W,O ,L , , ,C,100,0,0,0,1761466,5914208
Auckland,11/10/2014,Sat,1228,FD,CN1V,181A ,,R,D,B ,F , , ,C,100,0,0,0,1761478,5914197
Auckland,29/04/2014,Tue,1837,FD,CN1CC,181A ,,R,D,DO,F , ,N,C,100,0,0,1,1761556,5914135
Auckland,05/08/2014,Tue,812,FD,CN1V,181A ,,R,D,BN,F , ,N,N,100,0,0,1,1761558,5914134
Auckland,04/04/2014,Fri,1500,FD,TN1CC,181A 331A 181B ,,R,D,B ,F , , ,C,80,0,0,0,1761594,5914127
Auckland,16/01/2014,Thu,1420,FD,VS1T,181A 331A 402A ,,R,D,BF,F , , ,C,100,0,0,0,1761599,5914108
Auckland,22/07/2014,Tue,1810,FD,CS1C,181A 191B ,,R,D,DO,F , ,N,N,100,0,0,0,1761647,5914098
Auckland,14/11/2014,Fri,1648,FD,CS14,132A 351A 402A ,,R,D,O ,F , ,N,N,100,0,0,0,1761654,5914094
Auckland,16/03/2014,Sun,1200,AA,CS1C,372A ,,R,D,O ,F , , ,C,100,0,0,0,1761681,5914080
Auckland,28/01/2014,Tue,1728,FD,CS14C,331A 358A ,,E,D,BF,F , , ,C,100,0,0,0,1761718,5914061
Auckland,25/06/2014,Wed,736,FD,CS1C,181A ,,R,W,O ,L , , ,C,100,0,0,0,1761731,5914036
Auckland,06/06/2014,Fri,1341,FD,CN1CC,181A ,,R,D,BF,F , ,N,R,100,0,0,0,1761732,5914036
Auckland,29/05/2014,Thu,1219,FD,CN14,184A ,,R,D,O ,F , , ,N,100,0,0,1,1761761,5914021
Auckland,26/09/2014,Fri,911,AC,TN1CV,159A 330A 671A 130B 197B ,G,R,D,B ,F , , ,C,100,0,0,0,1761777,5914013
Auckland,25/02/2014,Tue,1613,FD,CS1C,181A ,,R,D,BF,F , ,N,N,100,0,0,0,1762004,5913902
Auckland,21/07/2014,Mon,1750,AC,TS1C,372A 381A ,,E,W,DO,F , ,N,N,100,0,0,0,1762043,5913868
Auckland,19/02/2014,Wed,1557,FD,4N1CCC,331A 350A ,,R,D,O ,F , ,N,R,100,0,0,0,1762043,5913868
Auckland,17/12/2014,Wed,1832,FA,CS1C,331A 351A ,,R,D,B ,F , ,N,C,100,0,0,0,1762043,5913868
Auckland,13/05/2014,Tue,1836,FD,TN1C,671A ,,R,D,OF,F , ,N,R,100,0,0,0,1762066,5913821
Auckland,03/04/2014,Thu,708,FO,CN14,184A 352A 386A ,,R,D,B ,F , , ,N,100,0,0,0,1762066,5913821
Auckland,22/07/2014,Tue,1820,FD,CN1CC,181A ,,R,D,DO,F , ,N,R,100,0,0,0,1762098,5913783
Auckland,18/08/2014,Mon,1554,FD,4S1C,181A 353A ,,R,D,O ,F , , ,N,100,0,0,0,1762136,5913753
Auckland,18/08/2014,Mon,1550,FD,4N1C,331A 352A ,,E,D,B ,F , , ,C,100,0,0,0,1762126,5913742
Auckland,25/08/2014,Mon,821,FA,CN1C,181A 331A 359A 402A ,,E,D,OF,F , , ,N,100,0,0,0,1762126,5913742
Auckland,29/10/2014,Wed,1045,FD,CN14,181A ,,R,W,OF,L , ,N,R,100,0,0,0,1762152,5913699
Auckland,22/08/2014,Fri,1359,FA,CN1C,181A ,,R,D,B ,F , , ,C,100,0,0,0,1762152,5913699
Auckland,09/05/2014,Fri,734,FD,CN1C,181A ,,R,W,B ,F , , ,C,100,0,0,0,1762168,5913674
Auckland,27/06/2014,Fri,848,FD,TN1C,331A 353A ,,R,W,OF,F , ,N,R,100,0,0,0,1762171,5913670
Auckland,14/07/2014,Mon,1228,EC,TS1,330A 386A ,B,R,D,B ,F , , ,C,100,0,0,0,1762190,5913669
Auckland,07/08/2014,Thu,1127,EC,TS1,386A ,B,E,D,O ,F , , ,N,100,0,0,0,1762190,5913669
Auckland,25/08/2014,Mon,1621,EC,TS1,330A 386A ,B,R,D,B ,F , , ,N,100,0,0,0,1762190,5913669
Auckland,21/08/2014,Thu,843,FD,TN1T,181A ,,R,D,B ,F , , ,C,100,0,0,1,1762179,5913657
Auckland,18/02/2014,Tue,1134,FD,TN14TC,181A ,,R,D,BF,F , ,N,R,100,0,0,0,1762179,5913657
Auckland,16/06/2014,Mon,1815,FD,CN1CC,181A 331A 801 ,,R,W,DO,L , , ,C,100,0,0,0,1762186,5913644
Auckland,18/08/2014,Mon,1527,FD,CN1C,181A ,,R,D,B ,F , , ,C,100,0,0,0,1762189,5913640
Auckland,09/07/2014,Wed,1822,FD,4N1V,181A 191A ,,R,W,DO,L , , ,C,100,0,0,0,1762189,5913640
Auckland,22/07/2014,Tue,818,FD,CN1C,181A 331A 358A 402A ,,R,W,O ,F , , ,C,100,0,0,1,1762189,5913640
Auckland,01/12/2014,Mon,1715,FD,CN1C,181A ,,R,D,BF,F , ,N,R,100,0,0,0,1762191,5913635
Auckland,14/08/2014,Thu,1646,AO,CS1C,181A ,,R,D,TN,F , , ,C,100,0,0,0,1762205,5913643
Auckland,01/03/2014,Sat,1440,FA,4N1C,181A 331A ,,R,D,B ,F , , ,C,100,0,0,0,1762194,5913631
Auckland,12/09/2014,Fri,1910,FD,CN1C,181A ,,R,W,DO,L , ,N,C,100,0,0,1,1762203,5913613
Auckland,20/08/2014,Wed,847,FD,CN1C,181A ,,R,D,OF,F , ,N,R,100,0,0,0,1762203,5913613
Auckland,23/09/2014,Tue,845,FD,TN1C,181A ,,R,D,B ,F , , ,N,100,0,0,0,1762203,5913613
Auckland,10/12/2014,Wed,1449,FD,CN14,331A ,,R,D,B ,F , , ,C,100,0,0,0,1762203,5913613
Auckland,12/09/2014,Fri,1528,FD,TS1C,181A ,,R,W,OF,L , ,N,N,100,0,0,1,1762225,5913608
Auckland,07/09/2014,Sun,1027,CB,CS1,136A 613A ,P,R,D,BF,F , ,N,R,100,0,0,0,1762225,5913608
Auckland,25/06/2014,Wed,653,AD,CN1,130A 357A 801 ,T,R,W,O ,L , , ,N,100,0,0,1,1762218,5913587
Auckland,30/10/2014,Thu,1542,FD,CS1C,181A ,,R,D,O ,F , , ,C,100,0,0,1,1762240,5913582
Auckland,28/11/2014,Fri,1922,AA,CS1T,372A 801 ,,R,W,O ,L , , ,C,100,0,0,0,1762240,5913582
Auckland,18/08/2014,Mon,1754,FD,CS1C,181A ,,R,D,O ,F , , ,N,100,0,0,1,1762240,5913582
Auckland,06/09/2014,Sat,1151,FD,VN14,181A 331A ,,R,D,B ,F , , ,N,100,0,0,1,1762228,5913570
Auckland,16/06/2014,Mon,734,FD,CN1C,181A 331A ,,R,D,O ,F , , ,C,100,0,0,0,1762228,5913570
Auckland,21/02/2014,Fri,1829,FD,CS1C,181A ,,R,D,B ,F , , ,N,100,0,0,1,1762265,5913539
Auckland,08/10/2014,Wed,1908,FD,CN1C,112A 181A 331A ,,R,D,O ,F , , ,C,100,0,0,1,1762252,5913526
Auckland,10/07/2014,Thu,1800,FA,CS1CC,110A 331A ,,R,D,DO,F , , ,C,100,0,0,0,1762290,5913496
Auckland,25/07/2014,Fri,1515,FD,CS14,181A 330A 801 ,,R,W,O ,L , , ,C,100,0,0,0,1762290,5913496
Auckland,10/10/2014,Fri,1632,AC,TS1CC,372A 671A ,,R,D,O ,F , , ,C,100,0,0,0,1762290,5913496
Auckland,21/08/2014,Thu,1212,AA,TS1C,372A 671A ,G,R,D,B ,F , , ,C,100,0,0,1,1762290,5913496
Auckland,12/03/2014,Wed,919,AA,TN1C,381A ,,E,D,BF,F , ,N,N,100,0,0,0,1762277,5913483
Auckland,02/12/2014,Tue,757,AC,CN1V,159A ,,E,D,BF,F , ,N,R,100,0,0,0,1762277,5913483
Auckland,16/07/2014,Wed,1146,FD,CN1C,331A 353A ,,R,D,BF,F , ,N,C,80,0,0,0,1762277,5913483
Auckland,25/02/2014,Tue,1611,FA,VN1V,331A 359A 101B ,,E,D,B ,F , , ,C,100,0,0,1,1762277,5913483
Auckland,21/07/2014,Mon,1831,FD,CS1C4C,181A ,,R,W,DO,F , ,N,R,100,0,0,0,1762315,5913452
Auckland,05/02/2014,Wed,1635,FD,CS1C,112A 181A 331A ,,R,D,OF,F , ,N,C,100,0,0,0,1762340,5913409
Auckland,09/07/2014,Wed,1653,FD,CN1CC,181A 191A 181B ,,R,W,DO,L , , ,C,100,0,0,0,1762326,5913395
Auckland,20/02/2014,Thu,1812,FD,CN14,331A 353A ,,R,D,O ,F , , ,C,100,0,0,0,1762326,5913395
Auckland,31/07/2014,Thu,1800,FD,CN1CC,181A 331A 353A ,,R,D,DO,F , , ,C,100,0,0,0,1762326,5913395
Auckland,06/03/2014,Thu,1708,FD,4S14,181A ,,R,D,BF,F , ,N,R,100,0,0,0,1762365,5913366
Auckland,15/05/2014,Thu,1105,FD,CN1TV,181A ,,R,D,BF,F , ,N,C,100,0,0,0,1762358,5913338
Auckland,26/12/2014,Fri,2145,MO,CS1C,434A 515A ,Y,R,D,DO,F , , ,C,100,0,0,0,1762390,5913322
Auckland,19/08/2014,Tue,1515,AA,VN1C,372A ,,E,D,O ,F , ,N,C,100,0,0,0,1762383,5913294
Auckland,03/03/2014,Mon,1740,FD,VS1CC,181A 331A 410A ,,E,D,B ,F , , ,C,100,0,0,0,1762440,5913236
Auckland,05/06/2014,Thu,1732,FD,TS1C,181A ,,R,D,DO,F , ,N,R,100,0,0,0,1762440,5913236
Auckland,06/11/2014,Thu,815,FA,VN1T,181A 331A 801 ,,R,W,O ,L , , ,C,100,0,0,0,1762426,5913222
Auckland,29/05/2014,Thu,1813,FD,TN1C,181A ,,R,D,DO,F , ,N,R,80,0,0,0,1762465,5913169
Auckland,25/06/2014,Wed,611,DB,TN14VC,136A 668A ,DDD,M,W,DO,F , ,N,R,100,0,0,0,1762487,5913143
Auckland,22/04/2014,Tue,1221,FD,TN1C,181A 331A ,,R,D,B ,F , , ,C,100,0,0,1,1762561,5913076
Auckland,22/02/2014,Sat,828,FD,VN1CC,181A 504A ,G,E,W,OF,L , ,N,N,100,0,0,1,1762573,5913066
Auckland,01/04/2014,Tue,1650,FD,TS1C,181A ,,E,D,BF,F , ,N,C,100,0,0,0,1762843,5912961
Auckland,10/11/2014,Mon,1641,FD,VS1C,181A ,,R,D,BF,F , ,N,C,100,0,0,1,1762938,5912930
Auckland,18/02/2014,Tue,1606,FD,VS1CC4,181A ,,R,D,B ,F , ,N,N,100,0,0,0,1762969,5912920
Auckland,16/06/2014,Mon,1826,FD,CN1C,331A 353A 801 ,,R,W,DO,L , , ,C,100,0,0,0,1762990,5912896
Auckland,13/12/2014,Sat,1210,AG,CN1C,357A 357B ,,R,D,O ,F , , ,N,100,0,0,1,1763020,5912886
Auckland,26/09/2014,Fri,1431,AC,CN1BC,372A ,,R,D,B ,F , , ,C,100,0,0,0,1763066,5912871
Auckland,09/02/2014,Sun,654,FA,CN1C,181A ,,R,D,OF,F , ,N,R,100,0,0,0,1763082,5912866
Auckland,04/07/2014,Fri,1521,FD,CN1C,331A 353A ,,R,D,BF,F , ,N,R,100,0,0,0,1763161,5912841
Auckland,30/04/2014,Wed,1816,FD,CN1C,110A 331A ,,R,D,DO,F , , ,C,100,0,0,0,1763177,5912836
Auckland,11/07/2014,Fri,1833,FD,CN1VVC,331A 331B 801 ,,R,W,TO,L , , ,C,100,0,0,0,1763186,5912833
Auckland,26/11/2014,Wed,1215,AO,VS1T,330A 372A 330B 372B ,,R,D,B ,F , , ,N,100,0,0,0,1763205,5912843
Auckland,06/06/2014,Fri,1745,FA,CS1C,112A 181A 331A ,,R,D,DO,F , , ,C,100,0,0,0,1763253,5912827
Auckland,26/09/2014,Fri,1458,FD,CW1C4,110A 331A ,,R,D,B ,F , , ,C,100,0,0,1,1763256,5912811
Auckland,07/05/2014,Wed,910,FD,CN1C,181A ,,R,W,O ,L , , ,C,100,0,0,0,1763273,5912806
Auckland,25/10/2014,Sat,1110,FD,CN1C,181A 331A ,,R,D,B ,F , , ,C,100,0,0,0,1763273,5912806
Auckland,30/07/2014,Wed,734,FD,CS1V,181B 331B ,,E,W,O ,F , , ,C,100,0,0,0,1763350,5912796
Auckland,07/10/2014,Tue,1547,AA,TN1C,370A 381A ,,E,D,B ,F , , ,C,100,0,0,0,1763352,5912781
Auckland,06/11/2014,Thu,720,AA,CN1M,372A ,,R,W,ON,L , ,N,R,100,0,0,0,1763363,5912777
Auckland,17/02/2014,Mon,1758,FA,MW1C,330A ,,M,D,B ,F , ,N,C,80,0,0,0,1763421,5912775
Auckland,09/07/2014,Wed,1734,FD,CS14,112A 331A 353A 801 ,,R,W,TO,L , , ,C,100,0,0,0,1763445,5912767
Auckland,20/05/2014,Tue,1406,AC,CE1T,110A 197A 353A 370A ,,E,D,B ,F , , ,C,100,0,0,0,1763445,5912767
Auckland,06/11/2014,Thu,1654,AO,TN1C,129A 330A 129B 330B ,,R,D,O ,F , , ,C,100,0,0,1,1763447,5912751
Auckland,14/07/2014,Mon,1805,FD,CW1C,331A 358A ,G,R,D,DO,F , , ,C,100,0,0,0,1763447,5912751
Auckland,28/10/2014,Tue,1724,FA,CS1C,181A 331A 801 ,,R,W,O ,L , , ,C,100,0,0,2,1763493,5912751
Auckland,09/06/2014,Mon,1742,FD,CN1CT,181B 330C ,,R,W,DO,H , ,N,C,100,0,0,0,1763540,5912721
Auckland,02/04/2014,Wed,958,FD,CN1CCC,181A 181B 181C ,,R,D,B ,F , , ,N,100,0,0,0,1763542,5912720
Auckland,23/03/2014,Sun,622,AO,BS1C,184A 184B ,,E,D,DO,F , , ,C,100,0,0,0,1763582,5912720
Auckland,16/09/2014,Tue,1705,FD,CS1C,181A ,,R,W,OF,L , ,N,R,100,0,0,0,1763632,5912698
Auckland,25/08/2014,Mon,1545,AO,TE1C,671A ,,M,D,BF,F , ,N,R,100,0,0,0,1763631,5912681
Auckland,19/06/2014,Thu,1024,CB,CN1,136A 631A ,G,R,W,OF,L ,Y,N,C,100,0,0,1,1763649,5912672
Auckland,26/02/2014,Wed,1115,AO,CN1T,184A 402A ,G,R,D,O ,F ,T,N,C,100,0,0,1,1763649,5912672
Auckland,13/06/2014,Fri,1915,FA,CW1C,181A 191B ,,R,D,B ,F ,T,N,C,100,0,0,0,1763649,5912672
Auckland,07/05/2014,Wed,645,FD,CN1C,181A ,,R,D,B ,F ,T,N,C,100,0,0,0,1763649,5912672
Auckland,02/05/2014,Fri,745,FD,CN1C,181A ,,R,D,B ,F , , ,N,100,0,0,0,1763667,5912662