TLANAME,CRASHDATE,CRASHDOW,CRASHTIME,MVMT,VEHICLES,CAUSES,OBJECTSSTRUCK,ROADCURVE,ROADWET,LIGHT,WTHRa,JUNCTYPE,TRAFCTRL,ROADMARK,SPDLIM,CRASHFATALCNT,CRASHSEVCNT,CRASHMINCNT,EASTING,NORTHING
Auckland,14/05/2014,Wed,1433,FD,CN1C,181A 331A 191B 801 ,,R,W,O ,L , , ,C,100,0,0,0,1763678,5912656
Auckland,17/11/2014,Mon,1328,FD,CN1C,181A 331A 358A ,,R,W,O ,L , , ,C,100,0,0,0,1763702,5912644
Auckland,25/07/2014,Fri,1650,FD,4S1V,181A 331A ,,R,D,O ,F , , ,C,100,0,0,0,1763719,5912648
Auckland,24/07/2014,Thu,1846,FD,CS1C,181A 331A 353A 402A ,,R,D,DO,F , , ,R,100,0,0,1,1763719,5912648
Auckland,14/11/2014,Fri,1417,FD,CN1C,181A 191B ,,R,D,B ,F , , ,N,100,0,0,0,1763722,5912633
Auckland,12/11/2014,Wed,1534,FD,CN1C,181A ,,E,W,OF,L , ,N,N,100,0,0,0,1763722,5912633
Auckland,14/05/2014,Wed,1430,FD,CN1C,181A ,,R,W,BF,F , ,N,R,100,0,0,0,1763722,5912633
Auckland,19/09/2014,Fri,1930,FD,CN1CC,112A 181A 331A ,,R,D,DO,F , , ,C,100,0,0,1,1763722,5912633
Auckland,05/05/2014,Mon,1703,FD,CN1C,331A 361A ,,R,W,BF,L , ,N,R,100,0,0,0,1763722,5912633
Auckland,05/02/2014,Wed,933,FD,CN14C,181A 181B ,,R,D,B ,F , , ,C,100,0,0,0,1763722,5912633
Auckland,20/09/2014,Sat,636,AO,CS1TT,184A 330A 370B 671B ,G,R,W,B ,F , , ,C,100,0,0,0,1763806,5912599
Auckland,09/09/2014,Tue,825,FA,CS1C,181A 330A 191B ,,R,D,B ,F , ,N,C,100,0,0,0,1763893,5912549
Auckland,04/07/2014,Fri,636,FD,CN14,181A ,,R,W,DO,F , ,N,R,100,0,0,0,1763896,5912534
Auckland,21/02/2014,Fri,737,AC,CS1T,381A ,,R,D,BF,F , ,N,R,100,0,0,0,1763910,5912540
Auckland,03/01/2014,Fri,1847,FD,CN1C,331A 358A ,,R,D,OF,F , ,N,R,50,0,0,0,1763912,5912525
Auckland,17/11/2014,Mon,325,CA,CS1,112A 130A 402A ,G,R,D,DO,F , , ,N,100,0,0,1,1763936,5912525
Auckland,27/05/2014,Tue,1623,FD,4S1C,181A ,,R,D,BF,F , ,N,C,100,0,0,0,1763979,5912500
Auckland,03/04/2014,Thu,900,FA,TW1C,331A 350A ,,R,D,B ,F , , ,C,100,0,0,0,1763982,5912485
Auckland,06/10/2014,Mon,646,FD,CN1C,181A ,,R,D,DF,F , ,N,R,100,0,0,0,1763982,5912485
Auckland,27/08/2014,Wed,1515,FA,VS1C,331A 351A ,,R,D,B ,F , ,N,C,100,0,0,1,1764016,5912480
Auckland,18/12/2014,Thu,1815,CA,MS1,135A 191A 804 901 ,,R,W,O ,H , , ,C,100,0,0,0,1764049,5912461
Auckland,28/05/2014,Wed,855,AA,TN1M,372A ,,R,D,BF,F , ,N,N,100,0,0,1,1764051,5912446
Auckland,09/07/2014,Wed,937,FD,VW14VV,110A 181A 110B 181B 110C 181C 801 ,,R,W,O ,L , , ,C,100,0,0,1,1764069,5912436
Auckland,13/06/2014,Fri,1854,FD,CN1C,181A ,,E,D,DO,F , ,N,R,100,0,0,0,1764069,5912436
Auckland,27/11/2014,Thu,1449,FD,TN1CC,181A ,,E,D,BF,F , ,N,C,100,0,0,0,1764069,5912436
Auckland,11/10/2014,Sat,1410,AG,MN1C,110A 158A ,,R,D,B ,F , , ,C,100,0,0,1,1764112,5912411
Auckland,04/04/2014,Fri,1543,FA,CE1C,181A ,,R,D,B ,F , ,N,C,50,0,0,0,1764153,5912402
Auckland,24/09/2014,Wed,1425,AA,CN1T,184A 404A ,,R,D,O ,F , , ,C,100,0,0,0,1764153,5912388
Auckland,16/02/2014,Sun,1650,FD,CN1CCC,181A 181B 181C ,,R,D,B ,F , , ,N,100,0,0,0,1764156,5912387
Auckland,07/11/2014,Fri,1250,FD,CN1CC,112A 331A 402A ,,R,D,O ,F , , ,N,100,0,0,0,1764191,5912366
Auckland,22/11/2014,Sat,1311,FD,CN1C,181A ,,R,D,BF,F , ,N,N,100,0,0,0,1764233,5912342
Auckland,03/12/2014,Wed,838,AA,CN1M,372A ,,E,D,B ,F , , ,C,100,0,1,0,1764242,5912337
Auckland,03/10/2014,Fri,1420,FD,TS1C4C,181A 191A 181B 181C 181D 801 ,,R,W,O ,L , , ,C,100,0,0,2,1764284,5912328
Auckland,13/11/2014,Thu,1505,AC,CN1T,372A ,,R,D,BF,F , ,N,R,100,0,0,0,1764318,5912290
Auckland,08/08/2014,Fri,2053,AO,CE1T,184A ,,R,W,DO,L , , ,C,100,0,0,0,1764356,5912282
Auckland,17/10/2014,Fri,348,CB,CN1,129A 358A ,G,R,D,DO,F , ,N,R,100,0,0,0,1764359,5912262
Auckland,29/10/2014,Wed,1553,AO,CS2C,199A ,,R,D,O ,F ,T,N,N,100,0,0,0,1764378,5912267
Auckland,08/07/2014,Tue,1719,FD,CN1CCC,181A 181B 181C ,,R,W,DO,H , , ,N,100,0,0,0,1764384,5912244
Auckland,09/04/2014,Wed,1828,FD,CN1C,181A ,,R,D,O ,F , , ,C,100,0,0,0,1764407,5912224
Auckland,15/02/2014,Sat,1059,FD,CN1CCC,181A ,,R,D,BF,F , ,N,C,100,0,0,2,1764464,5912164
Auckland,01/05/2014,Thu,1820,FD,TN1C,181A 331A ,,R,D,TF,F , , ,N,100,0,0,0,1764468,5912159
Auckland,06/12/2014,Sat,149,CB,CN1,130A 410A ,FX,R,W,DO,F , ,N,R,100,0,0,0,1764529,5912067
Auckland,13/11/2014,Thu,,FD,VN1C,110A 181A ,,E,W,B ,L , ,N,N,100,0,0,1,1764566,5911986
Auckland,13/02/2014,Thu,949,FD,CN1CVC,181A 402A ,,E,D,O ,F , ,N,N,100,0,0,2,1764603,5911866
Auckland,12/09/2014,Fri,1136,FD,VN1CC,181A ,,R,W,OF,L , ,N,C,100,0,0,0,1764624,5911794
Auckland,23/08/2014,Sat,1305,MO,CN1C,357A 386A 423A ,,E,D,B ,F , , ,C,100,0,0,0,1764631,5911770
Auckland,15/05/2014,Thu,1045,FA,CN1C,181A 331A ,,R,D,O ,F , , ,C,100,0,0,0,1764654,5911693
Auckland,03/03/2014,Mon,651,FD,CN1C,181A 191B ,,E,W,O ,F , , ,C,100,0,0,0,1764656,5911688
Auckland,20/08/2014,Wed,1707,FD,VN14,181A 330A 190B ,,R,W,O ,L , ,N,C,100,0,0,0,1764661,5911670
Auckland,11/04/2014,Fri,1846,FD,CN14,181A 352A ,,R,D,DO,F , , ,C,100,0,0,0,1764665,5911655
Auckland,13/11/2014,Thu,1630,AC,TS1C,372A 671A ,,R,D,B ,F , , ,C,100,0,0,0,1764686,5911629
Auckland,16/12/2014,Tue,950,FD,VN1T,181A ,,R,D,OF,F , ,N,C,100,0,0,0,1764684,5911588
Auckland,13/06/2014,Fri,700,FD,VN1C,181A ,,R,D,BF,F , ,N,R,100,0,0,0,1764687,5911578
Auckland,18/04/2014,Fri,731,FA,CS1C,331A ,G,R,D,B ,F , , ,C,100,0,0,3,1764700,5911581
Auckland,20/06/2014,Fri,1643,FD,VN1CC,181A 191B ,,R,D,B ,F , , ,C,100,0,0,0,1764742,5911386
Auckland,06/09/2014,Sat,1038,FD,CN1CC,181A 410A 191B ,,R,D,O ,F , ,N,N,100,0,0,1,1764764,5911364
Auckland,20/10/2014,Mon,824,FD,CS1CC,181A 191A 181B 191B 191C ,,R,D,O ,F , , ,C,100,0,0,0,1764764,5911364
Auckland,27/11/2014,Thu,1642,CA,CS1T,650A ,,R,D,B ,F , , ,C,100,0,0,0,1764790,5911274
Auckland,06/12/2014,Sat,303,CC,CN1,103A 130A ,G,R,W,DO,F , ,N,R,100,0,0,0,1764818,5911128
Auckland,24/03/2014,Mon,623,FD,VN1VC,181A ,,R,D,TO,F , ,N,C,100,0,0,1,1764834,5911073
Auckland,03/04/2014,Thu,723,AC,TN1C,372A ,,R,D,B ,F , , , ,100,0,0,0,1764900,5910840
Auckland,17/12/2014,Wed,1320,FD,CN1T,181A ,,R,W,OF,L , ,N,C,100,0,0,1,1764928,5910744
Auckland,09/04/2014,Wed,731,FD,4N1V,181A ,,R,D,B ,F , , ,C,100,0,0,0,1764928,5910744
Auckland,11/07/2014,Fri,1838,FD,CN1C,110A 331A 901 903 ,,R,W,DO,HS, , ,C,100,0,0,0,1764928,5910744
Auckland,26/11/2014,Wed,1110,QG,VS1C,330A 682A 198B ,D,R,D,B ,F , , ,C,100,0,0,0,1764943,5910747
Auckland,13/06/2014,Fri,632,FD,CN1C,181A ,,R,D,BN,F , ,N,R,100,0,0,0,1764937,5910714
Auckland,22/12/2014,Mon,1727,FD,CN14CC,181A ,,R,D,BN,F , ,N,N,100,0,0,3,1764937,5910714
Auckland,05/07/2014,Sat,1856,CA,CS1,136A 630A 650A ,G,R,W,DO,F , ,N,R,100,0,0,0,1764962,5910680
Auckland,06/01/2014,Mon,1205,CA,CS1,353A ,G,R,D,B ,F , , ,C,100,0,0,0,1764984,5910603
Auckland,24/07/2014,Thu,1723,AA,CN1T,184A ,,R,W,TO,L ,T,N,C,100,0,0,0,1764973,5910592
Auckland,21/03/2014,Fri,1738,FD,CN1C,181A ,,R,D,BF,F , ,N,C,100,0,0,0,1765011,5910455
Auckland,09/06/2014,Mon,1118,QG,VN1,130A 688A 903 ,P,R,D,O ,FS, , ,N,100,0,0,0,1765011,5910455
Auckland,04/04/2014,Fri,1443,AA,4S1C,372A ,,R,D,B ,F , , ,C,100,0,0,1,1765025,5910458
Auckland,09/08/2014,Sat,257,CA,4N1,130A ,G,R,W,DO,M , , ,C,100,0,0,0,1765025,5910407
Auckland,03/07/2014,Thu,1811,FD,CN1CCC,331A 352A ,,R,W,OF,L , ,N,C,100,0,0,0,1765025,5910407
Auckland,31/10/2014,Fri,2359,CB,CS1,103A 130A ,BG,R,D,DO,F , ,N,R,100,0,0,0,1765053,5910362
Auckland,29/04/2014,Tue,754,CC,TS1CVC,132A ,G,R,W,O ,L , , ,C,100,0,0,2,1765053,5910362
Auckland,20/03/2014,Thu,1144,CA,4S1TT,130A 190A 680A 191B 191C ,E,R,D,B ,F , , ,C,100,0,0,0,1765053,5910362
Auckland,29/05/2014,Thu,1508,CB,CS1,501A ,FP,R,D,OF,F , ,N,R,100,0,0,0,1765053,5910362
Auckland,21/08/2014,Thu,1000,CA,TS1C,682A ,D,R,D,BF,F , ,N,R,100,0,0,0,1765053,5910362
Auckland,20/04/2014,Sun,640,AA,CN1C,103A 372A ,,R,D,O ,F , , ,N,100,0,0,1,1765050,5910311
Auckland,07/05/2014,Wed,1015,CA,CN1,197A 350A ,G,R,D,B ,F , , ,C,10,0,0,1,1765057,5910281
Auckland,14/08/2014,Thu,1319,FD,VN1C,181A 331A ,,R,W,O ,F , , ,C,100,0,0,1,1765060,5910263
Auckland,04/02/2014,Tue,838,AC,TS1C,372A 671A ,,R,D,B ,F , , ,N,100,0,0,0,1765073,5910266
Auckland,12/12/2014,Fri,734,FD,VN1CC,181A 330A ,,R,D,B ,F , ,N,C,100,0,0,1,1765067,5910224
Auckland,04/04/2014,Fri,1501,FD,TN14,181A ,,R,D,B ,F , , ,C,100,0,0,0,1765068,5910214
Auckland,24/10/2014,Fri,1640,FA,CS14,181A ,,R,D,BF,F , ,N,R,100,0,0,0,1765104,5910068
Auckland,25/03/2014,Tue,1525,AA,CS1T,184B ,,R,D,O ,F ,T,N,N,100,0,0,0,1765106,5910054
Auckland,28/02/2014,Fri,1534,FD,CN1T,331A 353A ,,R,D,BF,F , ,N,C,100,0,0,0,1765112,5909922
Auckland,04/09/2014,Thu,1915,AC,TN1C,372A ,,R,W,DO,F , ,N,N,100,0,0,0,1765115,5909902
Auckland,03/06/2014,Tue,1816,FD,CS14,181A ,,R,D,DO,F , ,N,R,100,0,0,0,1765133,5909871
Auckland,11/07/2014,Fri,1740,FA,CS1C,331A 353A 801 ,,R,W,TO,L , , ,C,100,0,0,0,1765133,5909871
Auckland,18/04/2014,Fri,1106,FD,CS1CCC,181A 181B 181C ,,R,D,B ,F , , ,P,100,0,0,0,1765133,5909871
Auckland,26/07/2014,Sat,2209,CA,CN1,103A 130A ,G,R,W,DO,F , , ,C,100,0,0,0,1765123,5909852
Auckland,30/06/2014,Mon,1635,FD,CS1C,110A 331A 901 ,,R,W,O ,H , , ,C,100,0,0,0,1765136,5909856
Auckland,01/07/2014,Tue,1804,FA,CS1C,110A 331A 801 ,,R,W,DO,L , , ,C,100,0,0,1,1765136,5909856
Auckland,04/07/2014,Fri,1902,FD,CN1C,331A 353A ,G,R,W,DO,F , ,N,C,100,0,0,2,1765132,5909793
Auckland,13/05/2014,Tue,641,FD,CN14CC,181A 181B 181C ,,R,D,DO,F , , ,N,100,0,0,1,1765135,5909769
Auckland,11/07/2014,Fri,1800,FD,CS1C,181A 331A 901 903 ,,R,W,DO,HS, , ,C,100,0,0,0,1765149,5909772
Auckland,28/10/2014,Tue,1512,AA,CS1CV,330A 372A 130B 801 ,,R,W,O ,L , , ,C,100,0,0,1,1765152,5909757
Auckland,11/07/2014,Fri,1843,FD,CS1CCC,181A 181B 181C 181D ,,R,W,DN,L , , ,C,100,0,0,1,1765156,5909740
Auckland,27/05/2014,Tue,645,FD,CN1V,181A 191B ,,E,D,B ,F , ,N,C,100,0,0,0,1765150,5909708
Auckland,06/11/2014,Thu,2115,FA,CN1C,181A 331A 402A ,,R,D,DO,F , , ,R,100,0,0,0,1765164,5909673
Auckland,18/04/2014,Fri,1230,FD,4S1CCC,181A 181B 181C 181D ,,R,D,B ,F , , ,R,100,0,0,0,1765177,5909676
Auckland,09/05/2014,Fri,1754,FD,VN1CC,181A ,,R,D,TO,F , ,N,C,100,0,0,0,1765169,5909659
Auckland,23/10/2014,Thu,835,FA,MN1CV,112A 181A 331A ,,R,D,B ,F , , ,C,100,0,0,0,1765207,5909560
Auckland,18/12/2014,Thu,956,FD,4N1C,181A ,,M,W,OF,F , ,N,R,100,0,0,0,1765207,5909560
Auckland,23/01/2014,Thu,1733,FD,CN1CVC,181A 181B 181C ,,R,D,O ,F , , ,N,100,0,0,0,1765259,5909428
Auckland,02/12/2014,Tue,1501,AC,TN14,177A 370A 671A ,G,R,D,B ,F , , ,C,100,0,0,1,1765333,5909243
Auckland,03/03/2014,Mon,1400,EC,VN1,820,D,E,D,BF,F , ,N,N,100,0,0,0,1765333,5909243
Auckland,08/04/2014,Tue,1747,CA,CS1,137A 350A ,G,R,D,DO,F , ,N,R,100,0,0,0,1765360,5909212
Auckland,19/11/2014,Wed,205,AC,TN1C,372A 671A ,,R,D,DO,F , ,N,C,100,0,0,0,1765351,5909196
Auckland,01/08/2014,Fri,730,FD,CN1C,181A ,,R,D,OF,F , ,N,C,100,0,0,0,1765351,5909196
Auckland,16/05/2014,Fri,1841,FA,CN1C,181A 331A ,,R,D,DO,F , , ,C,100,0,0,0,1765355,5909188
Auckland,17/06/2014,Tue,1635,FA,CS1C,110A 181A ,,R,W,O ,F ,R,G,R,50,0,0,0,1765383,5909155
Auckland,19/08/2014,Tue,1620,FD,CS1C,181A ,,R,W,OF,L ,Y,N,N,100,0,0,0,1765383,5909155
Auckland,27/03/2014,Thu,1650,FD,CS1C,181A ,,R,D,BF,F , ,N,C,100,0,0,0,1765402,5909108
Auckland,06/08/2014,Wed,800,FD,CN1CC,181A 181B ,,R,W,O ,F , , ,N,100,0,0,0,1765392,5909096
Auckland,21/06/2014,Sat,2030,AA,CS1C,372A ,C,R,W,DO,F , ,N,R,100,0,0,1,1765405,5909100
Auckland,28/07/2014,Mon,703,FD,CN1CCC,331A 410A ,,R,D,B ,F , , ,C,100,0,0,1,1765411,5909049
Auckland,24/06/2014,Tue,836,FD,CN1C,331A 353A ,,R,D,BF,F , ,N,R,100,0,0,0,1765429,5909003
Auckland,01/10/2014,Wed,1757,FD,CS1V,181A ,,R,D,B ,F , , ,N,100,0,0,0,1765443,5909008
Auckland,08/07/2014,Tue,1626,FD,CS14,181A ,,R,W,O ,H , , ,N,100,0,0,0,1765443,5909008
Auckland,28/11/2014,Fri,743,FD,VN1C4,112A 181A 331A ,,R,W,O ,L , , ,C,100,0,0,0,1765448,5908956
Auckland,11/12/2014,Thu,1535,FD,CN1CV,181A ,,R,D,OF,F , ,N,N,100,0,0,0,1765466,5908910
Auckland,29/08/2014,Fri,1825,FD,CS1CC,181A 181B ,,R,D,DO,F , , ,R,100,0,0,0,1765480,5908915
Auckland,25/12/2014,Thu,1448,AA,CS14,372A 402A ,,R,D,B ,F , , ,C,100,0,0,0,1765480,5908915
Auckland,08/07/2014,Tue,1659,FD,CS1C,181A 191A ,,R,W,TF,H , , ,C,100,0,0,0,1765480,5908915
Auckland,03/06/2014,Tue,1812,FD,CS1CC,110A 181A 331A ,,R,D,DO,F , , ,C,100,0,0,0,1765480,5908915
Auckland,01/12/2014,Mon,1050,EC,CN1,911,W,R,D,B ,F , , ,C,100,0,0,0,1765485,5908863
Auckland,01/10/2014,Wed,855,FD,CN1CC,181A 331A ,,R,D,B ,F , , ,C,100,0,0,0,1765492,5908845
Auckland,20/01/2014,Mon,2310,CA,CN1,130A 903 ,G,R,W,DO,HS, , ,C,100,0,0,0,1765492,5908845
Auckland,30/07/2014,Wed,1800,FD,CS1CC,181A ,,R,D,DO,F ,T,N,C,100,0,0,0,1765522,5908808
Auckland,05/05/2014,Mon,1252,FD,CN1V,181A ,,R,W,OF,L , ,N,R,100,0,0,0,1765522,5908771
Auckland,15/09/2014,Mon,930,AC,CN14,372A ,,R,D,BF,F , ,N,R,100,0,0,0,1765533,5908743
Auckland,20/05/2014,Tue,903,FD,CN1C,181A ,,R,D,B ,F , , ,C,100,0,0,0,1765541,5908724
Auckland,25/07/2014,Fri,1417,CB,CN1,136A 650A ,G,R,D,BF,F , ,N,C,100,0,0,0,1765541,5908724
Auckland,27/05/2014,Tue,759,FD,4N1CC,331A 352A ,,R,D,B ,F , , ,C,100,0,0,0,1765597,5908585
Auckland,03/04/2014,Thu,1440,AC,TS1C,372A ,,R,D,B ,F , , ,N,100,0,0,0,1765621,5908561
Auckland,11/11/2014,Tue,2049,CB,CS1,112A 130A 330A 901 ,P,R,W,DO,H ,T,N,C,100,0,0,0,1765682,5908412
Auckland,08/01/2014,Wed,823,KA,CN1C,302B 387B ,,M,D,B ,F ,R,G,C,50,0,0,0,1765682,5908412
Auckland,03/12/2014,Wed,1845,FD,CE1C,181A 330A ,,R,D,O ,F ,M,T,C,50,0,0,0,1765743,5908261
Auckland,14/11/2014,Fri,2020,JA,CS1C4,103B 322B ,,M,D,TO,F ,T,T,C,50,0,0,1,1765743,5908261
Auckland,17/08/2014,Sun,950,QG,4S1CCC,682A ,,R,D,B ,F , , ,N,100,0,0,1,1765772,5908188
Auckland,05/05/2014,Mon,1742,FD,CS1CC,181A 320A ,,R,W,DO,F , ,N,N,100,0,0,0,1765836,5908030
Auckland,12/09/2014,Fri,1538,FD,CS14,181A ,,E,W,OF,L , ,N,R,100,0,0,0,1765892,5907913
Auckland,18/09/2014,Thu,516,FD,CS1C,181A ,,R,D,DO,F , , ,C,100,0,0,0,1765900,5907899
Auckland,18/10/2014,Sat,1610,CA,4S1,136A ,G,R,W,OF,L , ,N,R,100,0,0,0,1765920,5907869
Auckland,02/12/2014,Tue,830,FD,CN1C,181A 331A ,,R,D,B ,F ,T,N,N,100,0,0,0,1766086,5907673
Auckland,27/08/2014,Wed,715,CB,MS1,191A 407A 651A ,,R,D,O ,F , , ,C,100,0,0,1,1766099,5907681
Auckland,30/05/2014,Fri,40,BA,CS1C,103A 205A 338A 801 ,G,R,W,DO,L ,T,N,C,100,1,1,0,1766093,5907666
Auckland,30/06/2014,Mon,1740,FD,CS1C,181A 330A 181B ,,R,W,DO,F , ,N,C,100,0,0,0,1766156,5907625
Auckland,27/09/2014,Sat,2356,CA,CN1,112A 431A ,G,R,D,DO,F , ,N,R,100,0,0,2,1766153,5907607
Auckland,18/03/2014,Tue,850,FA,CN1C,331A ,,R,D,OF,F , ,N,R,100,0,0,0,1766193,5907568
Auckland,23/10/2014,Thu,827,AC,TS1C,177A ,G,R,D,O ,F , , ,N,100,0,0,1,1766213,5907568
Auckland,02/02/2014,Sun,1014,DB,CN1,111A 131A ,P,S,D,B ,F , ,N,R,100,0,0,0,1766203,5907558
Auckland,17/07/2014,Thu,710,FD,CN1C,112A 181A 331A ,,R,D,TO,F , , ,C,100,0,0,2,1766203,5907558
Auckland,23/03/2014,Sun,2026,DB,CN1,111A 131A ,G,M,D,DO,F , , ,N,100,0,0,0,1766234,5907547
Auckland,01/07/2014,Tue,1331,AA,VN1C,372A 671A ,,R,D,BF,F , ,N,R,100,0,0,0,1766224,5907537
Auckland,02/05/2014,Fri,910,AC,TN1C,372A ,,R,D,BF,F , ,N,N,100,0,0,0,1766224,5907537
Auckland,07/10/2014,Tue,830,AC,TN1C,372A 381A ,,R,D,B ,F , ,N,C,60,0,0,0,1766256,5907505
Auckland,31/05/2014,Sat,2317,EO,TN1,686A ,B,R,D,DO,F , ,N,R,100,0,0,0,1766260,5907502
Auckland,31/03/2014,Mon,1640,FD,CS1C,181A ,,R,D,BN,F , ,N,N,100,0,0,0,1766277,5907505
Auckland,06/06/2014,Fri,842,FD,CN1C,181A 331A 402A 191B ,,R,D,O ,F , , ,C,100,0,0,0,1766274,5907488
Auckland,17/07/2014,Thu,1606,FD,CN1V,181A ,,R,D,BF,F , ,N,N,100,0,0,0,1766274,5907488
Auckland,17/02/2014,Mon,1919,EC,CS1C,341B 827 ,DD,R,D,TF,F , ,N,C,100,0,0,0,1766341,5907442
Auckland,10/04/2014,Thu,2142,CA,TS1,103A 130A ,G,R,D,B ,F , , ,N,100,0,0,0,1766341,5907442
Auckland,15/02/2014,Sat,450,FA,CN14,103A 181A 331A ,,R,D,DO,F , , ,C,100,0,0,0,1766331,5907432
Auckland,26/09/2014,Fri,2306,CA,CN1,130A 351A ,G,R,D,DO,F , , ,N,100,0,0,0,1766331,5907432
Auckland,01/10/2014,Wed,900,AC,TS1C,372A 671A ,,R,D,BF,F , ,N,R,100,0,0,0,1766377,5907407
Auckland,26/08/2014,Tue,724,AC,CN1C,197A 372A ,,R,D,BF,F , ,N,N,100,0,0,0,1766366,5907396
Auckland,14/05/2014,Wed,1748,FD,TS1C,181A ,,R,W,DO,L , ,N,R,100,0,0,0,1766412,5907372
Auckland,16/04/2014,Wed,1010,AC,CS1C,159A 372A ,,R,D,B ,F , , ,C,100,0,0,0,1766448,5907337
Auckland,14/11/2014,Fri,643,FD,4N1C,181A 331A ,,R,W,O ,F , ,N,C,100,0,0,0,1766527,5907238
Auckland,01/01/2014,Wed,110,CC,CS1,105A 524A ,G,R,D,DO,F , ,N,C,100,0,0,0,1766768,5907020
Auckland,03/05/2014,Sat,1250,AA,4S1C,150A 372A 381A ,,R,D,B ,F , ,N,C,100,0,0,0,1766804,5906986
Auckland,19/06/2014,Thu,1544,FA,CS1CCT,110A 331A 191B 132C 801 ,,R,W,O ,L , , ,N,100,0,0,0,1766804,5906986
Auckland,06/05/2014,Tue,714,FD,CN1T,181A ,,R,W,BF,F , ,N,N,100,0,0,0,1767115,5906660
Auckland,18/06/2014,Wed,1359,AC,TN1C,331A 353A ,,R,D,BF,F , ,N,N,100,0,0,1,1767361,5906159
Auckland,25/05/2014,Sun,212,AD,CN1,103A 112A 130A 801 ,P,R,W,DO,L , , ,R,100,0,0,0,1767384,5906062
Auckland,08/09/2014,Mon,727,FD,4N1VC,181A ,,R,D,OF,F , ,N,R,100,0,0,0,1767398,5906004
Auckland,24/07/2014,Thu,1745,FD,CS1CV,102A 112A 331A ,,R,D,OO,F , , ,N,100,0,0,0,1767421,5905972
Auckland,25/03/2014,Tue,1633,QG,VN1,402A 682A ,G,R,D,BF,F , ,N,R,100,0,0,0,1767437,5905838
Auckland,10/09/2014,Wed,1146,AC,TS1C,372A 671A ,G,R,D,BF,F , ,N,R,100,0,0,0,1767458,5905815
Auckland,02/06/2014,Mon,520,CB,CN1,103A 410A ,T,R,D,DO,F , ,N,C,100,0,0,1,1767456,5905770
Auckland,21/06/2014,Sat,2338,EB,CS1C,129A 443B ,GQ,R,D,DO,F , , ,C,100,0,0,1,1767487,5905710
Auckland,13/07/2014,Sun,1132,CB,CN1,112A 130A 357A 524A ,T,R,D,O ,F , , ,C,100,0,0,1,1767535,5905524
Auckland,09/08/2014,Sat,1355,AO,TS1CC,381A 130B 130C ,,R,D,BF,F , ,N,C,100,0,0,0,1767612,5905369
Auckland,12/04/2014,Sat,820,EC,4S1,131A 631A 820 ,GX,M,D,B ,F , , ,C,100,0,0,0,1767602,5905351
Auckland,25/03/2014,Tue,712,FD,CN1CCC,181A 331A 181B 181C ,,R,D,O ,F , , ,C,100,0,0,0,1767679,5905150
Auckland,30/08/2014,Sat,227,DA,CS1,102A 111A 131A 402A ,G,E,D,DO,F , , ,C,100,0,0,1,1767699,5905138
Auckland,11/11/2014,Tue,808,FD,CN14C,181A 358A 181B ,,R,D,B ,F , , ,C,100,0,0,1,1767697,5905104
Auckland,03/04/2014,Thu,700,FD,VN1CC,181A ,,R,D,BF,F , ,N,C,100,0,0,1,1767697,5905104
Auckland,30/05/2014,Fri,1828,FD,CS14,181A ,,R,D,DO,F , , ,C,100,0,0,2,1767735,5905044
Auckland,18/03/2014,Tue,1548,FA,VS1C,181A ,,R,D,B ,F , , ,C,100,0,0,1,1767773,5904949
Auckland,03/09/2014,Wed,2,FA,TS1C,330A ,G,R,D,DO,F , , ,C,100,0,0,1,1767781,5904927
Auckland,21/02/2014,Fri,1557,FD,CS1C,181A ,,R,D,BF,F , ,N,C,100,0,0,0,1767855,5904741
Auckland,28/01/2014,Tue,731,CA,CN1C,132A 181A 197A ,,R,D,B ,F , , ,C,100,0,0,0,1767886,5904617
Auckland,27/07/2014,Sun,1723,AD,CN1C,112A 514A ,,R,D,TF,F , ,N,C,100,0,0,0,1767888,5904613
Auckland,08/02/2014,Sat,1659,AA,CN1,130A 372A 671A ,G,R,D,B ,F , , ,N,100,0,0,0,1767903,5904570
Auckland,05/04/2014,Sat,1042,KA,CS1T,302A ,,R,D,B ,F ,T,G,C,100,0,0,0,1767952,5904482
Auckland,17/04/2014,Thu,1747,FD,CS1CC,181A 181B ,,R,D,B ,F , , ,C,100,0,0,0,1767971,5904433
Auckland,21/05/2014,Wed,1523,AA,TS1C,362A 372A 386A 801 ,G,R,W,O ,L , , ,C,100,0,0,0,1768007,5904340
Auckland,29/08/2014,Fri,1912,FD,CS1V,181A ,,R,D,DO,F , , ,N,100,0,0,0,1768197,5903874
Auckland,19/08/2014,Tue,1736,CA,TS1,110A 132A ,,R,W,DO,F , ,N,C,100,0,0,0,1768331,5903593
Auckland,10/07/2014,Thu,830,FA,TS1CC,132A 181A 184C ,,R,W,DO,F ,T,G,C,100,0,0,0,1768361,5903538
Auckland,17/10/2014,Fri,1744,AG,MS1C,177A 200A 330A 402A 372B ,,R,D,B ,F , , ,C,100,0,0,1,1768423,5903433
Auckland,13/06/2014,Fri,1020,AA,CN1C,372A ,,R,D,BF,F , ,N,R,100,0,0,0,1768486,5903289
Auckland,19/12/2014,Fri,1245,AC,TN1C,372A 671A ,,R,D,BF,F ,T,N,R,100,0,0,0,1768573,5903143
Auckland,17/03/2014,Mon,520,AD,VN1,111A 131A ,G,E,W,DO,M , ,N,N,100,0,0,1,1768581,5903130
Auckland,09/06/2014,Mon,605,CC,CN1,501A ,G,R,W,DO,F , ,N,R,100,0,0,0,1768581,5903130
Auckland,12/06/2014,Thu,805,CA,CN1,103A 130A 330A ,E,R,D,O ,F , , ,C,100,0,0,0,1768709,5902915
Auckland,08/07/2014,Tue,555,AC,TN1C,372A 671A ,,R,D,DO,F , ,N,R,100,0,0,0,1768727,5902885
Auckland,10/06/2014,Tue,2132,DA,CN1,111A 131A 191A 402A 800 ,G,E,W,DO,F , , ,C,100,0,0,0,1768819,5902761
Auckland,27/06/2014,Fri,1807,AC,CS1T,372A ,,R,W,DO,L , ,N,R,100,0,0,0,1768848,5902755