TLANAME,CRASHDATE,CRASHDOW,CRASHTIME,MVMT,VEHICLES,CAUSES,OBJECTSSTRUCK,ROADCURVE,ROADWET,LIGHT,WTHRa,JUNCTYPE,TRAFCTRL,ROADMARK,SPDLIM,CRASHFATALCNT,CRASHSEVCNT,CRASHMINCNT,EASTING,NORTHING
Auckland,18/10/2014,Sat,2231,CA,CS1,130A 402A ,G,R,W,DO,H , , ,N,100,0,0,1,1768875,5902726
Auckland,03/02/2014,Mon,926,EC,CN1,827,X,E,D,B ,F , , ,C,100,0,0,0,1768859,5902716
Auckland,15/08/2014,Fri,1506,FD,4S1CCC,181A 350A 191B ,,R,D,B ,F , ,N,C,100,0,0,2,1768912,5902693
Auckland,21/03/2014,Fri,707,FD,CS1C,181A 331A 402A ,,R,D,TO,F , , ,C,100,0,0,0,1768966,5902648
Auckland,15/08/2014,Fri,1911,FD,4S1CC,110A 331A 110B 331B ,,R,D,DN,F , , ,C,100,0,0,0,1769175,5902477
Auckland,20/08/2014,Wed,1835,CB,MN1,135A 801 901 ,,R,W,DO,H , ,N,R,100,0,0,0,1769197,5902436
Auckland,18/02/2014,Tue,1628,FD,TS1C,181A 331A ,P,R,D,B ,F , , ,C,100,0,0,0,1769297,5902375
Auckland,04/03/2014,Tue,1125,QG,VN1,682A ,,R,D,BF,F , ,N,R,100,0,0,0,1769340,5902304
Auckland,23/08/2014,Sat,1343,FA,CN1C,101A 181A 331A ,,R,D,B ,F , , ,N,100,0,0,0,1769399,5902224
Auckland,09/06/2014,Mon,1754,AC,TN1C,372A 671A ,,R,W,DO,L , ,N,R,100,0,0,0,1769421,5902220
Auckland,11/06/2014,Wed,640,FD,CN1CCC,181A 181B 181C 181D ,,R,D,TN,F , , ,C,100,0,0,1,1769426,5902177
Auckland,28/07/2014,Mon,630,DB,CN1,131A 358A ,G,E,W,DO,F , ,N,R,100,0,0,0,1769448,5902132
Auckland,01/11/2014,Sat,1019,FA,CS14,103A 132A ,,R,D,B ,F ,M,T,C,100,0,0,0,1769502,5902037
Auckland,24/08/2014,Sun,1241,FD,CS1C,181A ,,E,D,BF,F ,Y,N,C,100,0,0,0,1769502,5902037
Auckland,20/12/2014,Sat,2159,DB,CN1,103A 111A 131A ,C,E,D,DO,F , ,N,C,100,0,0,1,1769488,5902029
Auckland,29/06/2014,Sun,250,CB,CS1,130A 517A ,G,R,D,DO,F , , ,C,100,0,0,0,1769517,5901998
Auckland,29/01/2014,Wed,1710,FD,CN1C,181A ,,R,D,B ,F , ,N,R,100,0,0,0,1769503,5901992
Auckland,16/05/2014,Fri,1435,FD,CS1O,181A ,,R,D,BF,F , ,N,R,100,0,0,0,1769573,5901859
Auckland,21/03/2014,Fri,1430,FD,CS1C,181A ,,R,D,BF,F , ,N,R,100,0,0,0,1769573,5901859
Auckland,30/09/2014,Tue,1426,AA,TS1C,372A 197B ,,R,D,B ,F , , ,N,100,0,0,0,1769633,5901722
Auckland,10/06/2014,Tue,1821,FD,CS1CC,181A 331A 181B ,,R,D,O ,F , , ,N,100,0,0,0,1769633,5901722
Auckland,24/04/2014,Thu,1356,FD,CS1C,132A 181A ,,R,D,B ,F , ,N,C,100,0,0,0,1769633,5901722
Auckland,16/05/2014,Fri,1426,FD,CN1C,181A ,,R,D,BF,F , ,N,R,100,0,0,0,1769616,5901715
Auckland,04/07/2014,Fri,1508,FD,CS1C,181A ,G,R,D,BF,F , ,N,R,100,0,0,0,1769677,5901632
Auckland,14/11/2014,Fri,612,FA,CN1C,181A 801 ,,R,W,O ,L , , ,C,100,0,0,0,1769861,5901209
Auckland,28/03/2014,Fri,230,CB,CS1,130A 410A ,PS,R,D,DO,F , , ,C,100,0,0,0,1769886,5901187
Auckland,06/11/2014,Thu,1500,FD,CS1CC,181A 331A 402A 191B 191C ,,R,D,B ,F , , ,C,100,0,0,0,1769910,5900940
Auckland,17/12/2014,Wed,1023,AA,TS1C,372A 671A ,,R,W,OF,L , ,N,C,100,0,0,0,1769907,5900640
Auckland,30/10/2014,Thu,1500,FD,TS14B,181A ,,R,D,OF,F , ,N,C,100,0,0,1,1769905,5900497
Auckland,11/02/2014,Tue,1504,AA,CS14C,181A 197A ,,R,D,BF,F , ,N,C,100,0,0,1,1769902,5900247
Auckland,01/01/2014,Wed,2105,QG,CS1,131A 687A ,G,E,D,DO,F , ,N,C,100,0,0,0,1769902,5900240
Auckland,21/01/2014,Tue,1421,EO,TN1,666A 682A ,P,R,D,O ,F , ,N,C,100,0,0,0,1769886,5900233
Auckland,23/07/2014,Wed,606,CB,VS1,103A 410A ,S,R,D,DO,F , ,N,R,100,0,0,0,1769901,5900175
Auckland,03/11/2014,Mon,1619,AA,TN1C,330A 372A 671A ,,R,D,B ,F , , ,C,100,0,0,0,1769885,5900023
Auckland,24/08/2014,Sun,1624,FD,CS1C,181A ,,R,D,BF,F , ,N,N,100,0,0,0,1769896,5899797
Auckland,08/12/2014,Mon,539,AA,CN1C,184A ,,R,W,O ,L , , ,C,100,0,0,0,1769883,5899703
Auckland,30/09/2014,Tue,1328,FD,CS14,181A ,,R,D,BF,F , ,N,R,100,0,0,0,1769893,5899597
Auckland,29/08/2014,Fri,1912,FD,CS14CC,181A ,,R,D,DO,F , ,N,C,100,0,0,0,1769893,5899597
Auckland,31/05/2014,Sat,1043,FD,CS14C4,181A ,,R,D,BF,F , ,N,N,100,0,0,0,1769893,5899547
Auckland,14/04/2014,Mon,1750,FD,CS14,181A 331A 191B ,,R,D,DO,F , , ,C,100,0,0,2,1769892,5899527
Auckland,25/04/2014,Fri,1028,FD,CS1C,181A 191B ,,R,W,O ,F , ,N,N,100,0,0,1,1769892,5899517
Auckland,30/05/2014,Fri,1905,FD,CS1CV,181A ,,R,D,DO,F , ,N,R,100,0,0,0,1769892,5899515
Auckland,26/07/2014,Sat,2215,CC,CS1C,501A ,G,R,D,DO,F ,T,N,C,100,0,1,0,1769892,5899497
Auckland,25/10/2014,Sat,1252,FD,CS1C,181A 331A ,,R,D,B ,F ,T,N,C,100,0,0,0,1769892,5899497
Auckland,18/04/2014,Fri,1513,FD,CS14,181A 191B ,,R,D,B ,F , , ,C,100,0,0,0,1769891,5899457
Auckland,28/02/2014,Fri,1100,AC,TN1C,372A 671A ,,R,D,BF,F , ,N,C,100,0,0,0,1769880,5899447
Auckland,19/12/2014,Fri,1639,AC,TN1C,372A 671A ,,R,D,B ,F , , ,C,100,0,0,0,1769880,5899447
Auckland,23/12/2014,Tue,2150,AA,CN1T,372A ,,R,D,DO,F , ,N,R,100,0,0,0,1769879,5899446
Auckland,18/07/2014,Fri,1121,FD,CN1C,101A 351A ,,R,D,BF,F ,Y,N,C,100,0,0,1,1769879,5899397
Auckland,27/12/2014,Sat,1423,FD,CS14,181A ,,R,D,B ,F , , ,C,100,0,0,1,1769891,5899385
Auckland,27/12/2014,Sat,1327,FD,CS1CC,181A 181B ,,R,D,B ,F , , ,C,100,0,0,0,1769891,5899385
Auckland,09/08/2014,Sat,1542,FD,CS1CC,181A 331A 181B 331B 191C 197C ,,R,D,B ,F , , ,C,100,0,0,0,1769891,5899385
Auckland,25/12/2014,Thu,1043,FD,CS1CCC,181A ,,R,D,BF,F , ,N,C,100,0,0,1,1769890,5899353
Auckland,28/07/2014,Mon,715,AA,CN1C,372A ,,R, ,BF,  ,Y,N,R,100,0,0,0,1769879,5899296
Auckland,11/04/2014,Fri,542,FD,CN2C,181A ,,M,W,DO,F ,Y,T,N,100,0,0,0,1769879,5899296
Auckland,30/01/2014,Thu,1816,AA,TN1C,372A ,,R,D,OF,F ,T,N,C,100,0,0,0,1769879,5899296
Auckland,28/09/2014,Sun,2147,AC,CN1T,184A 339A 817 ,,R,D,DO,F , , ,N,100,0,0,0,1769890,5899297
Auckland,07/11/2014,Fri,1658,FD,TS14C,112A 181A 331A ,,R,D,B ,F , , ,C,100,0,0,0,1769890,5899286
Auckland,05/01/2014,Sun,1321,FD,CN1C,112A 331A 402A ,,R,W,OF,H , ,N,N,100,0,0,0,1769879,5899242
Auckland,05/09/2014,Fri,1826,FD,CS1C,181A ,,R,W,DO,F , , ,C,100,0,0,0,1769889,5899216
Auckland,23/07/2014,Wed,1822,EB,TS1T,378A 838 ,MP,E,D,DO,F , ,N,R,100,0,0,0,1769889,5899186
Auckland,29/08/2014,Fri,1617,AA,CS2T,372A ,,R,D,O ,F ,T,G,R,100,0,0,0,1769889,5899053
Auckland,05/12/2014,Fri,937,AA,CS1C,372A ,,E,D,BF,F ,T,N,R,100,0,0,0,1769889,5899053
Auckland,24/12/2014,Wed,1442,FD,CS1C,181A ,,R,D,BF,F , ,N,C,100,0,0,1,1769890,5899033
Auckland,24/06/2014,Tue,1750,FD,CS1C,181A ,,R,D,DO,F , ,N,R,100,0,0,0,1769902,5898954
Auckland,24/12/2014,Wed,1555,AA,CS1V,372A ,,R,D,BF,F , ,N,R,100,0,0,0,1770017,5898674
Auckland,10/07/2014,Thu,638,FD,CN1VC,181A 331A ,,R,W,DO,F , , ,C,100,0,0,0,1770051,5898579
Auckland,30/07/2014,Wed,618,FD,CN1CC,181A 181B ,,R,W,DO,F , , ,C,100,0,0,0,1770061,5898558
Auckland,31/05/2014,Sat,236,CB,CS1,101A 110A 130A ,G,R,D,DO,F , , ,C,100,0,0,0,1770100,5898514
Auckland,12/02/2014,Wed,852,FD,CN1C,181A ,,R,W,B ,F , ,N,C,100,0,0,0,1770088,5898508
Auckland,25/07/2014,Fri,731,FD,4N1CC,101A 110A 331A ,,R,W,O ,F , , ,C,100,0,1,2,1770088,5898508
Auckland,21/05/2014,Wed,820,CB,CE1,363A ,G,R,D,B ,F , ,N,C,50,0,0,0,1770109,5898496
Auckland,09/10/2014,Thu,805,FD,CN1CC,181A 181B ,,R,D,B ,F , , ,C,100,0,0,0,1770142,5898401
Auckland,24/03/2014,Mon,839,FD,CN1CC,181A 181B ,,R,D,B ,F , , ,C,100,0,0,1,1770142,5898401
Auckland,17/03/2014,Mon,644,FD,CN1V4,331A ,,E,D,TO,F , , ,C,100,0,0,0,1770188,5898313
Auckland,14/05/2014,Wed,1617,CC,CN1,130A 801 806 ,G,R,W,TF,L , , ,C,100,0,0,0,1770234,5898224
Auckland,25/06/2014,Wed,809,FD,CS1CC,181A ,,R,W,BF,F , ,N,R,100,0,0,0,1770292,5898141
Auckland,22/12/2014,Mon,1714,AD,4S1C,132A ,P,R,D,B ,F , , ,C,100,0,0,2,1770381,5897967
Auckland,23/07/2014,Wed,941,FD,TN1VC,112A 386A 412A ,G,R,D,B ,F , , ,C,100,0,0,1,1770566,5897581
Auckland,11/10/2014,Sat,1930,AA,CN14,381A ,,R,D,DO,F , ,N,R,100,0,0,0,1770576,5897562
Auckland,19/08/2014,Tue,25,CC,4S1,129A 687A ,G,R,D,DO,F , ,N,C,100,0,0,1,1770749,5897256
Auckland,10/11/2014,Mon,729,FD,CN14,331A 358A ,,R,D,BF,F , ,N,R,100,0,0,0,1770807,5897114
Auckland,19/06/2014,Thu,720,FD,VN1T,331A 500A 800 ,,R,W,O ,F , , ,C,100,0,0,1,1770828,5897073
Auckland,12/11/2014,Wed,830,AC,TN1C,372A 671A ,,R,D,O ,FS, ,N,C,100,0,0,1,1770881,5896971
Auckland,28/05/2014,Wed,856,FD,CN14,181A 331A ,,R,W,B ,F , ,N,C,100,0,0,0,1770920,5896895
Auckland,27/11/2014,Thu,910,FD,CN1C,181A ,,R,D,B ,F , , ,N,100,0,0,1,1770922,5896892
Auckland,23/11/2014,Sun,1807,FD,CN1C4,181A 331A 181B ,,R,D,B ,F , , ,C,100,0,0,0,1771069,5896575
Auckland,28/05/2014,Wed,1713,QG,4N1CC,682A ,,R,D,TO,F , , ,C,100,0,0,0,1771188,5896193
Auckland,14/03/2014,Fri,613,FD,4N14CC,181A 181B 181C 181D ,,R,D,DO,F , , ,N,100,0,0,1,1771300,5895809
Auckland,14/02/2014,Fri,639,FD,VN1CC,181A 331A ,,R,D,B ,F , , ,C,100,0,0,0,1771328,5895713
Auckland,15/08/2014,Fri,1930,FA,CS1C,331A 359A ,,R,D,DO,F , , ,C,100,0,0,0,1771390,5895551
Auckland,04/03/2014,Tue,1429,QG,TN1,137A 181A ,GV,R,D,BF,F , ,N,R,100,0,0,0,1771384,5895521
Auckland,27/08/2014,Wed,2348,CB,CS1C,410A ,PD,R,D,DO,F , , ,C,100,0,0,0,1771399,5895520
Auckland,28/04/2014,Mon,1212,AA,TS1C,372A 381A ,,E,D,B ,F ,T,T,R,50,0,0,0,1771402,5895512
Auckland,01/04/2014,Tue,1755,BA,CS1C,130A 500A ,,R,D,B ,F ,T,N,C,50,0,0,1,1771402,5895512
Auckland,25/10/2014,Sat,1254,FD,CS1V4,181A 331A ,,R,D,B ,F , , ,R,100,0,0,0,1771428,5895425
Auckland,10/11/2014,Mon,1511,AA,TN1C,184A 330A ,,R,D,B ,F , , ,C,100,0,0,0,1771455,5895281
Auckland,09/03/2014,Sun,1622,FD,CN1C,181A ,,R,D,BF,F , ,N,C,100,0,0,1,1771455,5895281
Auckland,08/09/2014,Mon,1815,CB,CS1,103A 410A ,G,R,D,DO,F ,M,N,C,50,0,0,0,1771474,5895267
Auckland,07/03/2014,Fri,709,FD,CN1VV4,181A 181B 181C 181D ,,R,D,B ,F , , ,C,100,0,0,0,1771468,5895237
Auckland,31/12/2014,Wed,1401,DB,MW1,110A 330A 806 ,,E,D,B ,F ,T,N,R,80,0,0,0,1771468,5895233
Auckland,11/05/2014,Sun,1706,FD,CN14,181A ,,R,D,BF,F , ,N,C,100,0,0,0,1771474,5895214
Auckland,24/11/2014,Mon,920,FD,CN1C,181A ,,R,D,BF,F , ,N,R,100,0,0,0,1771476,5895208
Auckland,23/01/2014,Thu,821,FD,CN1C,181A ,,R,D,B ,F , , ,C,100,0,0,0,1771480,5895195
Auckland,28/11/2014,Fri,835,FD,CN1C,181A ,,R,W,O ,L , , ,N,100,0,0,1,1771539,5894994
Auckland,01/12/2014,Mon,1504,CC,CS1,130A 410A ,G,R,D,B ,F , ,N,C,100,0,0,0,1771606,5894822
Auckland,25/02/2014,Tue,811,FD,CN1VC,181A 331A ,,R,D,B ,F , ,N,C,100,0,0,1,1771614,5894755
Auckland,28/05/2014,Wed,759,FD,CN1VC,181A 353A ,,R,W,B ,F , ,N,C,100,0,0,0,1771652,5894663
Auckland,28/01/2014,Tue,1635,CB,CS1,103A 410A ,T,R,D,B ,F , , ,C,100,0,0,1,1772001,5894100
Auckland,28/03/2014,Fri,1308,CC,TS1,136A 631A ,G,R,D,BF,F , ,N,R,100,0,0,0,1772033,5894050
Auckland,02/04/2014,Wed,125,CC,CS1,112A 130A ,G,R,D,DO,F , ,N,C,100,0,0,0,1772071,5893991
Auckland,28/07/2014,Mon,719,FD,CN1CC,112A 181A ,,R,D,B ,F , ,N,C,100,0,0,1,1772060,5893974
Auckland,21/11/2014,Fri,1518,FD,CN1C,181A ,,R,D,BF,F , ,N,R,100,0,0,0,1772090,5893927
Auckland,22/11/2014,Sat,1014,CA,TS1,631A ,CX,R,D,B ,F , , ,N,100,0,0,0,1772179,5893823
Auckland,05/05/2014,Mon,713,FD,VN1C,181A ,,R,D,BF,F , ,N,R,100,0,0,0,1772275,5893638
Auckland,26/04/2014,Sat,1833,FD,CS1CC,331A 351A ,,R,D,DO,F , ,N,C,100,0,0,0,1772341,5893570
Auckland,21/04/2014,Mon,1354,FD,CN1C,181A 191B ,,R,D,B ,F , , ,C,100,0,0,0,1772330,5893553
Auckland,06/03/2014,Thu,1841,FA,CN1CC,177A 181A 357A 512A 357B ,GP,R,D,O ,F , , ,C,100,0,0,0,1772818,5892404
Auckland,25/10/2014,Sat,1207,AA,CS144,197A 331A 372A 197B 191C 615C ,,R,D,B ,F , , ,R,100,0,0,0,1772864,5892012
Auckland,26/02/2014,Wed,1349,QG,VN1,130A ,G,E,D,BF,F , ,N,R,100,0,0,0,1772851,5892009
Auckland,12/06/2014,Thu,815,CA,TN1,410A ,G,R,D,O ,F , , ,C,100,0,0,0,1772862,5891910
Auckland,31/05/2014,Sat,1250,CB,CN1,103A ,P,R,D,O ,F , , ,C,100,0,0,0,1772866,5891875
Auckland,03/10/2014,Fri,947,CB,VN1,112A 132A ,,R,W,O ,L , ,N,C,100,0,0,0,1772900,5891647
Auckland,04/05/2014,Sun,300,CB,CS1,112A 514A ,G,R,D,DO,F ,T,N,C,100,0,0,4,1772960,5891261
Auckland,12/08/2014,Tue,1720,AC,TS1C,372A 671A ,,R,W,TO,L , , ,C,100,0,0,1,1773541,5890196
Auckland,17/07/2014,Thu,1029,DA,CS1,131A 351A ,FG,E,D,BF,F , ,N,R,100,0,0,0,1774196,5889041
Auckland,05/11/2014,Wed,1848,CC,CN1,130A 503A ,G,R,D,B ,F , , ,C,100,0,0,0,1774512,5888292
Auckland,27/12/2014,Sat,927,FD,CS1C,181A ,,R,D,BN,F , ,N,R,100,0,0,0,1774736,5887847
Auckland,20/10/2014,Mon,1136,CC,CN1,135A 806 ,G,R,D,B ,F ,T,N,N,100,0,0,0,1774788,5887698
Auckland,05/10/2014,Sun,824,CB,CS1,136A 660A ,E,R,W,OF,F , ,N,R,100,0,0,1,1774863,5887575
Auckland,16/08/2014,Sat,804,CC,CN1,130A 414A ,P,R,D,BN,F , ,N,N,100,0,0,0,1774849,5887567
Auckland,18/06/2014,Wed,905,AA,TN1C,372A ,,R,W,O ,F , , ,C,100,0,0,0,1774849,5887567
Auckland,11/12/2014,Thu,1027,CB,TN1,129A 386A ,P,R,D,B ,F , , ,N,100,0,0,0,1774993,5887256
Auckland,23/09/2014,Tue,1004,AD,CN1,112A 150A 404A ,G,R,D,B ,F , ,N,C,100,0,0,0,1775779,5885573
Auckland,08/07/2014,Tue,702,EC,CN1,820,DP,R,D,DO,F , ,N,R,100,0,0,0,1775779,5885573
Auckland,24/09/2014,Wed,1650,CC,CN1,688A ,G,R,D,B ,F , ,N,C,100,0,0,0,1775784,5885565
Auckland,25/11/2014,Tue,729,CC,VN1,130A 359A ,G,R,W,OF,L , ,N,R,100,0,0,0,1775917,5885307
Auckland,24/03/2014,Mon,900,FA,CN1C,129A 190A ,,R,D,B ,F , ,N,C,100,0,0,0,1776138,5884131
Auckland,13/03/2014,Thu,1320,EC,TN1,827,D,R,D,BF,F , ,N,R,100,0,0,0,1776026,5883884
Auckland,27/06/2014,Fri,740,CC,CN1,130A 350A 410A ,G,R,W,OF,F , ,N,N,100,0,0,0,1776026,5883884
Auckland,24/11/2014,Mon,920,FD,VN1C,181A 330A ,,R,W,O ,L , ,N,C,100,0,0,0,1775840,5883424
Auckland,28/08/2014,Thu,1145,AA,TS1C,372A 671A ,,R,D,B ,F , , ,C,100,0,0,0,1775805,5882932
Auckland,13/02/2014,Thu,2000,FD,CN1C,181A 191B ,,R,D,B ,F , ,N,C,100,0,0,0,1775878,5882307
Auckland,23/09/2014,Tue,809,QG,VS1,402A 406A 665A ,,E,D,B ,F , ,N,N,100,0,0,1,1775891,5882310
Auckland,17/03/2014,Mon,1015,FD,CN1C,181A 352A ,,R,D,O ,F , , ,C,100,0,0,0,1775901,5882261
Auckland,02/04/2014,Wed,841,FA,4N1C,110A 181A ,,R,D,B ,F , ,N,N,100,0,0,0,1775917,5882110
Auckland,17/03/2014,Mon,719,CC,4N1,136A 652A ,G,R,D,BN,F , ,N,N,100,0,0,0,1775946,5881993
Auckland,22/11/2014,Sat,19,CB,CS1,112A 130A ,P,R,D,DO,F , , ,C,100,0,0,0,1775958,5881996
Auckland,23/11/2014,Sun,1639,FA,CN1C,112A 331A 434A 632A ,,R,D,B ,F , , ,N,100,0,0,0,1775953,5881970
Auckland,29/08/2014,Fri,2003,FD,CS1CVC,181A 181B 181C ,,R,D,DO,F , , ,N,100,0,0,0,1776164,5881604
Auckland,14/04/2014,Mon,1750,FD,VS14CC,112A 181A 191C ,,R,D,O ,F ,T,N,C,100,0,0,2,1776291,5881463
Auckland,25/01/2014,Sat,1720,FB,CW1C,181A ,,R,D,B ,F ,X,G,C,50,0,0,0,1776297,5881455
Auckland,21/11/2014,Fri,2224,CB,CN1,130A 351A 402A 407A ,GJK,R,D,DO,F , , ,R,100,0,0,0,1776540,5880973
Auckland,30/06/2014,Mon,1300,KA,CN1C,308B 375B 927 ,,M,W,O ,F ,D,N,R,100,0,0,2,1777149,5879928
Auckland,27/07/2014,Sun,456,DB,CN1,103A 111A 130A 801 ,G,M,W,DO,L ,T,N,N,100,0,0,0,1767888,5903934
Auckland,13/02/2014,Thu,1830,EC,TW1,820,D,R,D,BF,F , ,N,R,80,0,0,0,1767757,5903919
Auckland,11/09/2014,Thu,1658,AC,CW1TC,668A 330B 372B ,DG,E,D,BF,F ,Y,N,C,100,0,0,1,1767738,5903919
Auckland,29/03/2014,Sat,1119,AC,TW1C,372A 671A ,,R,D,BF,F , ,N,R,100,0,0,0,1767687,5903918
Auckland,10/03/2014,Mon,1700,FD,TE1C4C,331A 358A ,,R,D,OF,F , ,N,C,100,0,0,3,1767517,5903934
Auckland,23/03/2014,Sun,238,DA,CE1,103A 111A ,G,M,D,DO,F , ,N,C,100,0,1,0,1767417,5903935
Auckland,02/10/2014,Thu,2025,CA,CW1,130A 190A 338A ,S,R,D,DO,F , , ,C,100,0,0,1,1767302,5903920
Auckland,28/02/2014,Fri,1428,CB,CE1,410A ,CP,R,D,B ,F , , ,C,100,0,0,1,1766900,5903900
Auckland,28/11/2014,Fri,1640,FD,CE1CCC,112A 350A ,,R,D,B ,F ,T,N,C,100,0,0,0,1766897,5903900
Auckland,29/03/2014,Sat,1819,FE,CE1C,103A 112A ,,R,D,TF,F ,X,T,R,60,0,0,1,1766877,5903897
Auckland,25/03/2014,Tue,1755,AA,CE1T,372A ,,R,D,BF,F ,Y,N,R,100,0,0,0,1766877,5903897
Auckland,28/02/2014,Fri,1730,FD,CE1C,181A ,,R,D,B ,F , , ,R,100,0,0,0,1766861,5903895
Auckland,30/09/2014,Tue,1643,FD,CW1CC,181A 330A 191B ,,R,D,B ,F , ,N,N,100,0,0,2,1766837,5903877
Auckland,14/11/2014,Fri,1640,CC,CW1,137A 197A ,G,R,W,O ,F , ,N,N,60,0,0,0,1766837,5903877
Auckland,12/06/2014,Thu,1756,FD,CE1CCC,101A 181A ,,R,D,DO,L , ,N,N,100,0,0,1,1766821,5903889
Auckland,15/05/2014,Thu,1530,AA,CW1T,372A 501A ,,R,D,B ,F , , ,C,100,0,0,0,1766808,5903873
Auckland,01/07/2014,Tue,1555,CB,CW1,130A 501A ,P,R,D,OF,L , ,N,N,100,0,0,0,1766758,5903866
Auckland,11/12/2014,Thu,1436,CA,TW1C,130A 181A 191A 197B ,,R,W,O ,L , , ,N,100,0,0,0,1766659,5903851
Auckland,08/11/2014,Sat,1654,FA,CW1C,181A ,,R,D,B ,F , ,N,C,100,0,0,0,1766603,5903843
Auckland,17/04/2014,Thu,1815,QG,CW1,682A 683A ,,E,D,DN,F , , ,C,100,0,0,0,1766461,5903824
Auckland,12/06/2014,Thu,1750,AC,CW1C,330A 350A ,,R,D,BF,F ,Y,N,R,100,0,0,0,1766444,5903822
Auckland,04/04/2014,Fri,634,CB,CE1,137A ,G,R,D,ON,F , ,N,C,100,0,0,1,1766393,5903832
Auckland,08/11/2014,Sat,1603,CA,40,130A 198A ,G,R,D,B ,F , ,N,C,100,0,0,0,1766295,5903807
Auckland,03/12/2014,Wed,15,HA,CE1C,334A 334B ,,E,D,DO,F ,T,T,R,50,0,0,1,1766294,5903820
Auckland,04/06/2014,Wed,530,AC,CE1T,372A ,G,R,D,DO,F , , ,C,100,0,0,0,1766244,5903814
Auckland,28/11/2014,Fri,1535,FD,CE1CC,181A 181C ,,R,D,BF,F , ,N,R,100,0,0,0,1766244,5903814
Auckland,25/03/2014,Tue,930,AD,VW1CCC,112A 130A ,,R,D,B ,F , , ,C,100,0,0,0,1766216,5903797
Auckland,25/09/2014,Thu,839,FD,CW1C,181A 330A 191B ,,R,D,B ,F , ,N,C,100,0,0,1,1766107,5903783
Auckland,12/12/2014,Fri,320,CB,VW1,103A 410A ,G,R,D,DO,F , ,N,C,100,0,0,1,1765454,5903716
Auckland,10/10/2014,Fri,2356,CA,CS1C,103A 112A 130A 359A ,GG,R,D,DO,F , , ,C,100,0,0,0,1764884,5903754
Auckland,25/02/2014,Tue,1142,KB,TS1V,303B ,,R,D,O ,F ,T,N,N,100,0,0,0,1764590,5903853
Auckland,02/10/2014,Thu,1255,GE,CS1T,174B 330B ,,R,D,B ,F ,X,T,C,50,0,0,0,1764590,5903853
Auckland,29/08/2014,Fri,957,EB,TW1V,129A 352A ,Q,R,D,B ,F , , ,N,100,0,0,0,1764423,5903928
Auckland,10/06/2014,Tue,821,AC,TN1C,372A ,,E,W,O ,H ,T,N,C,50,0,0,0,1764380,5903952
Auckland,14/08/2014,Thu,757,CA,CN1,110A 130A 191A 800 ,G,R,W,O ,F , , ,C,100,0,0,0,1764229,5904077
Auckland,13/10/2014,Mon,1151,CA,CW1,101A 112A 130A 402A ,G,R,D,B ,F , , ,N,100,0,1,0,1764136,5904181
Auckland,31/05/2014,Sat,1513,CA,4S1CC,136A 668A ,DD,R,D,BF,F , ,N,R,100,0,0,0,1763895,5904455
Auckland,16/07/2014,Wed,2025,AF,TE1V,129A 129B ,G,R,D,DO,F , , ,C,100,0,0,1,1763869,5904479
Auckland,06/08/2014,Wed,1906,FF,CN1C,181A 197B ,,R,D,DO,F , ,N,R,100,0,0,0,1763795,5904526
Auckland,24/12/2014,Wed,1000,FB,4S1C,181A ,,R,D,B ,F ,X,G,N,70,0,0,0,1763715,5904607
Auckland,17/09/2014,Wed,843,FD,CN14,132A 407A ,,R,D,O ,F , ,N,C,100,0,0,0,1763632,5904673
Auckland,12/06/2014,Thu,1808,FD,CN1C,104A 110A 181A 191B ,,R,W,DO,F , ,N,N,100,0,0,1,1763364,5904956
Auckland,16/10/2014,Thu,804,FA,CN1CC,331A 350A ,,E,D,O ,F , , ,C,100,0,0,0,1763161,5905176
Auckland,17/09/2014,Wed,1728,FD,TS1CC,181A 191A 181B ,,R,D,O ,F , , ,R,100,0,0,2,1763020,5905359
Auckland,30/08/2014,Sat,950,CB,CN1,130A 402A 630A ,P,R,W,O ,F , ,N,N,100,0,0,1,1762956,5905408
Auckland,08/07/2014,Tue,718,FD,4N1CC,181A ,,R,D,OF,F , ,N,C,100,0,0,0,1762869,5905506
Auckland,16/06/2014,Mon,1730,FD,CS1CC,181A 330A ,,R,W,DO,F , ,N,N,100,0,0,0,1762863,5905535
Auckland,17/09/2014,Wed,1219,CC,CN1TC,198A ,GD,R,W,OF,F , ,N,N,100,0,0,2,1762856,5905521
Auckland,30/05/2014,Fri,638,FD,CS14C,181A ,,R,W,DO,F , , ,N,100,0,0,0,1762770,5905639
Auckland,23/10/2014,Thu,717,FD,CN1CC,181A 181B ,,R,D,O ,F , , ,N,100,0,0,1,1762756,5905632
Auckland,21/08/2014,Thu,1240,FD,VN1V,181A 331A 402A ,,R,D,B ,F , , ,R,100,0,0,0,1762491,5905899
Auckland,08/07/2014,Tue,1746,FD,CN1VC,181A 181B ,,R,W,DO,L , , ,N,100,0,0,0,1762174,5906166
Auckland,08/02/2014,Sat,1928,MC,VN1C,197A 101B 372B 402B ,,R,D,B ,F , , ,C,100,0,0,1,1762121,5906208
Auckland,17/08/2014,Sun,2145,FA,CS1C,181A ,CT,R,D,DO,F , ,N,R,100,0,0,0,1762044,5906292
Auckland,29/09/2014,Mon,750,FB,CN1V,181A ,,R,D,B ,F ,T,N,C,50,0,0,0,1761942,5906355
Auckland,24/01/2014,Fri,2116,AC,CS1C,159A ,,R,D,DO,F , , ,N,100,0,0,0,1761919,5906395
Auckland,24/05/2014,Sat,1145,AA,CS1C,372A ,,R,D,OF,F , ,N,R,100,0,0,0,1761809,5906486
Auckland,29/03/2014,Sat,400,DA,CS1,111A 131A ,,E,D,DO,F ,M,T,N,50,0,0,1,1761732,5906550
Auckland,06/02/2014,Thu,930,GE,CE1C,173B ,,R,D,O ,F ,M,T,R,50,0,0,0,1761732,5906550
Auckland,01/05/2014,Thu,1619,FD,CS1C,110A 181A 191B ,,E,D,O ,F , , ,C,100,0,0,1,1761573,5906672
Auckland,04/07/2014,Fri,2044,CB,CS1,103A 105A 130A 412A ,G,R,D,DO,F , , ,C,100,0,2,0,1761574,5906671