TLANAME,CRASHDATE,CRASHDOW,CRASHTIME,MVMT,VEHICLES,CAUSES,OBJECTSSTRUCK,ROADCURVE,ROADWET,LIGHT,WTHRa,JUNCTYPE,TRAFCTRL,ROADMARK,SPDLIM,CRASHFATALCNT,CRASHSEVCNT,CRASHMINCNT,EASTING,NORTHING
Auckland,26/10/2014,Sun,2230,FA,CS1C,112A 331A 191B 195B ,,R,D,DO,F ,T,N,C,100,0,0,0,1761498,5906730
Auckland,30/06/2014,Mon,1522,AO,CN1T,130A 631A 197B ,G,R,W,O ,L , , ,C,100,0,0,0,1761406,5906771
Auckland,15/05/2014,Thu,1822,FA,CN1C,181A 331A ,,E,D,DO,F , , ,C,100,0,0,0,1761398,5906776
Auckland,24/05/2014,Sat,1755,AA,CN1C,330B 372B ,,R,D,DO,F , , ,C,100,0,0,0,1761242,5906885
Auckland,14/10/2014,Tue,1353,CB,CN1,130A 357A 410A ,P,R,D,B ,F , , ,N,100,0,0,0,1761236,5906890
Auckland,23/10/2014,Thu,1234,CB,CN1,132A 191A ,X,R,D,B ,F , , ,C,100,0,0,1,1761070,5907006
Auckland,09/06/2014,Mon,1707,FD,CN1C,181A ,,R,W,DO,L , ,N,R,100,0,0,0,1760907,5907121
Auckland,20/06/2014,Fri,1743,CC,CN1VX,103A ,G,R,D,DO,F , ,N,C,100,0,1,1,1760907,5907121
Auckland,11/07/2014,Fri,1453,AC,CN1T,159A 381A 671A ,,R,D,OF,F , ,N,C,100,0,0,0,1760751,5907231
Auckland,19/02/2014,Wed,211,DB,VS1T,410A ,Q,M,D,DO,F , ,N,N,100,0,1,0,1760718,5907278
Auckland,24/05/2014,Sat,1703,AG,VN1CC,103A 112A ,GP,R,D,BF,F , ,N,C,100,0,0,1,1760662,5907293
Auckland,24/12/2014,Wed,1545,AO,VN14,381A ,,R,D,BN,F , ,N,C,100,0,0,0,1760502,5907411
Auckland,09/03/2014,Sun,2003,CB,CS1,103A 112A ,G,R,D,O ,F , ,N,C,100,0,0,0,1760176,5908013
Auckland,28/09/2014,Sun,727,DA,CS1,103A 111A ,IKP,E,W,TF,F ,X,T,R,100,0,0,0,1760126,5908099
Auckland,10/06/2014,Tue,1741,FA,CN1C,181A 191A 331A 801 ,,R,W,DO,L , , ,C,100,0,0,1,1760069,5908143
Auckland,04/11/2014,Tue,1125,CA,CS1,130A 191A 330A 402A 632A ,GIX,R,D,O ,F , , ,R,100,0,0,1,1760069,5908214
Auckland,13/10/2014,Mon,1015,AC,TN1C,381A ,,M,W,O ,F , ,N,C,100,0,0,0,1760001,5908326
Auckland,07/02/2014,Fri,1530,EC,TN1,820,S,R,D,ON,F , ,N,R,100,0,0,0,1759896,5908599
Auckland,05/05/2014,Mon,1810,FD,CN1CCC,181A ,,R,W,DO,L , ,N,R,100,0,0,0,1759876,5908656
Auckland,17/09/2014,Wed,1709,FD,CN1CC,331A 350A ,,E,D,O ,F , ,N,C,100,0,0,0,1759860,5908701
Auckland,28/02/2014,Fri,1741,FD,CN1CC,181A ,,R,D,BF,F , ,N,N,100,0,0,0,1759840,5908759
Auckland,23/06/2014,Mon,813,QG,TN1,130A 682A ,,R,D,B ,F , , ,C,100,0,0,0,1759811,5908845
Auckland,17/11/2014,Mon,1415,CA,CS1,198A 330A ,D,R,W,O ,F ,X,T,C,50,0,0,0,1759780,5908998
Auckland,26/07/2014,Sat,43,CC,CN1,130A 631A 801 ,G,R,W,DO,L , , ,C,100,0,0,0,1759752,5909036
Auckland,10/10/2014,Fri,2318,CB,CS1,136A 632A 661A ,G,R,D,DO,F , ,N,R,100,0,0,0,1759719,5909234
Auckland,08/10/2014,Wed,721,AC,4N1C,112A 177A 330A ,,R,D,B ,F , , ,C,100,0,0,1,1759690,5909276
Auckland,18/05/2014,Sun,1503,CC,CS1,129A 350A ,,R,D,OF,F , ,N,R,100,0,0,1,1759632,5909573
Auckland,24/05/2014,Sat,50,FA,BS1T,130A 410A ,G,R,D,DO,F , ,N,R,100,0,1,1,1759606,5909672
Auckland,10/07/2014,Thu,1741,FD,CN1CCX,181A 331A ,,R,D,TN,F , , ,C,100,0,0,1,1759549,5909845
Auckland,10/03/2014,Mon,1620,AA,CN1C,372A ,,R,D,B ,F , ,N,C,80,0,0,0,1759476,5910136
Auckland,16/04/2014,Wed,1824,FD,CN1C,181A 330A ,,E,D,DO,F , ,N,C,100,0,0,0,1759464,5910184
Auckland,08/02/2014,Sat,2209,CB,CS1,103A 133A 431A ,GX,R,D,DO,F , , ,C,100,0,0,1,1759459,5910265
Auckland,15/08/2014,Fri,1626,FD,VN1C,112A 181A 331A ,,R,D,B ,F , , ,N,100,0,0,0,1759429,5910330
Auckland,21/04/2014,Mon,712,FA,CN1C,112A 181A 331A 402A 801 904 ,,R,W,O ,M , , ,C,100,0,0,0,1759404,5910427
Auckland,03/05/2014,Sat,1308,AA,CN1C,177A 372A 386A ,GT,R,D,B ,F , , ,C,100,0,0,1,1759378,5910534
Auckland,26/07/2014,Sat,1327,QG,4S1C,330A 682A 198B ,D,E,D,B ,F , , ,C,100,0,0,0,1759355,5910693
Auckland,23/03/2014,Sun,750,FD,CS1C,181A ,,R,W,OF,L , ,N,C,100,0,0,1,1759341,5910749
Auckland,02/07/2014,Wed,820,FD,CS1CCC,112A 181A 331A 112C 181C 331C 903 ,,R,W,OF, S, , , ,100,0,0,0,1759324,5910819
Auckland,29/04/2014,Tue,1800,FD,CN1CC,181A 191B 191C ,,R,D,DO,F , , ,C,100,0,0,1,1759251,5911007
Auckland,06/08/2014,Wed,834,QG,CS1CCC,181A 331A 181B 331B 181D 331D ,,R,W,O ,L , , ,N,100,0,0,0,1759259,5911028
Auckland,14/08/2014,Thu,425,QG,TW1,682A ,,R,W,DO,FS, ,N,C,100,0,0,0,1759259,5911028
Auckland,30/09/2014,Tue,2015,FA,CS1C,514A 517A ,,E,D,DO,F , ,N,C,100,0,0,0,1759234,5911085
Auckland,30/09/2014,Tue,207,FA,CN14,181A ,,R,W,DO,L , , ,N,100,0,0,1,1759161,5911201
Auckland,24/06/2014,Tue,1013,QG,VN1C,631A 687A ,,R,D,B ,F , , ,R,100,0,0,0,1759139,5911206
Auckland,13/09/2014,Sat,658,AC,BN1C,372A 386A ,G,E,W,O ,L , ,N,C,100,0,0,1,1759133,5911214
Auckland,16/01/2014,Thu,1555,FA,CS1T,110A 181A 330A ,,E,D,O ,F , ,N,C,100,0,0,0,1759074,5911313
Auckland,18/06/2014,Wed,1825,FD,4N1C,112A 181A 331A ,,R,D,DO,F , , ,R,100,0,0,0,1759036,5911328
Auckland,17/02/2014,Mon,810,FD,VN1CC,181A ,,R,D,BF,F , ,N,R,100,0,0,0,1759000,5911363
Auckland,08/04/2014,Tue,1058,QG,CS1,665A 688A ,G,R,D,BF,F , ,N,N,100,0,0,0,1759002,5911383
Auckland,14/10/2014,Tue,657,AO,CN1VC,132A 193A 357A ,,R,D,B ,F , ,N,C,100,0,0,0,1759002,5911383
Auckland,27/12/2014,Sat,952,CA,CN2,353A 407A ,G,R,D,B ,F ,T,T,N,50,0,0,1,1758962,5911395
Auckland,18/03/2014,Tue,831,FD,CN14,181A 191B ,,R,D,B ,F , ,N,N,100,0,0,2,1758964,5911415
Auckland,16/07/2014,Wed,,EO,TN1C,682A ,X,R,D,O ,F , , ,L,100,0,0,0,1758879,5911451
Auckland,12/11/2014,Wed,751,AC,TS1C,184A 330A ,,R,D,O ,F ,T,N,N,100,0,0,0,1758844,5911505
Auckland,07/06/2014,Sat,450,AD,CS1CT,103A 151A 410A ,,R,D,DO,F ,T,N,N,100,0,0,1,1758844,5911505
Auckland,20/12/2014,Sat,2153,CC,CS1,103A 130A ,G,R,D,DO,F , ,N,R,100,0,0,0,1758828,5911516
Auckland,01/07/2014,Tue,1453,FD,CS1V,331A 361A ,,R,W,B ,L , ,N,C,100,0,0,0,1758718,5911586
Auckland,01/09/2014,Mon,545,EC,4N1,136A 402A 823 ,GL,R,W,DO,H , ,N,C,100,0,0,0,1758686,5911571
Auckland,27/05/2014,Tue,901,FD,CN1CV,181A 191B ,,R,D,B ,F , ,N,C,100,0,0,0,1758643,5911597
Auckland,24/02/2014,Mon,807,CB,TN1,137A 181A ,,R,D,BF,F , ,N,R,100,0,0,0,1758601,5911623
Auckland,16/06/2014,Mon,1245,AC,TS1C,372A 671A ,,R,D,OF,F , ,N,R,100,0,0,0,1758493,5911710
Auckland,14/12/2014,Sun,456,AA,VN1B,372A ,,E,W,DO,H , ,N,C,100,0,0,0,1758388,5911754
Auckland,11/06/2014,Wed,235,CB,CS1,410A 901 903 ,,R,W,DO,HS, , ,C,100,0,0,0,1758405,5911758
Auckland,10/02/2014,Mon,820,FD,CN1C,181A 350A ,,R,D,B ,F , ,N,C,100,0,0,0,1758281,5911842
Auckland,02/03/2014,Sun,953,CC,CS1,197A 407A ,,R,D,B ,F , ,N,C,100,0,0,1,1758241,5911869
Auckland,08/01/2014,Wed,1159,CC,TN1,136A 631A ,G,R,D,BF,F , ,N,N,100,0,0,1,1758003,5912016
Auckland,07/02/2014,Fri,2014,AC,CN1C,372A ,,R,D,DO,F , ,N,C,100,0,0,0,1757920,5912072
Auckland,17/09/2014,Wed,1940,QG,TS1,130A 682A 688A ,G,R,D,DO,F , , ,N,100,0,0,0,1757870,5912124
Auckland,27/09/2014,Sat,23,FA,CN1C,181A 331A 192B 403B 404B ,,R,D,DO,F ,T,N,C,100,0,0,0,1757837,5912127
Auckland,19/09/2014,Fri,815,FD,4S1C,181A ,,R,W,OF,L , ,N,R,100,0,0,0,1757778,5912178
Auckland,15/08/2014,Fri,1548,AC,4W1V,372A ,,R,D,B ,F , , ,C,100,0,0,0,1757728,5912190
Auckland,03/11/2014,Mon,906,CA,CE1C,112A 130A 801 901 ,,R,W,O ,H , , ,N,100,0,0,0,1757691,5912227
Auckland,28/02/2014,Fri,255,CB,CS1,103A ,S,R,D,DO,F , ,N,R,100,0,0,0,1757653,5912247
Auckland,07/02/2014,Fri,1400,FD,TE1CC,181A ,,R,D,B ,F ,T,N,C,50,0,0,0,1757618,5912266
Auckland,28/11/2014,Fri,735,FD,CE1C,181A ,,R,W,OF,H , ,N,R,100,0,0,0,1757496,5912329
Auckland,28/11/2014,Fri,735,AA,CS1CC,159A ,,R,D,B ,F , , ,C,100,0,0,1,1757469,5912343
Auckland,25/07/2014,Fri,1500,AC,CS1C,330A 372A ,,R,D,O ,F , , ,C,100,0,0,0,1757408,5912375
Auckland,10/06/2014,Tue,1636,EC,CN1,801,D,R,W, O,L , , , ,100,0,0,0,1757328,5912395
Auckland,03/02/2014,Mon,1735,FF,CW1V,181A ,,R,D,BF,F , ,N,R,100,0,0,0,1757243,5912447
Auckland,24/10/2014,Fri,1516,CB,CE1,137A 191A ,G,R,D,B ,F , , ,C,100,0,0,0,1757236,5912476
Auckland,26/09/2014,Fri,1248,QG,VS1T,130A 682A ,,R,D,B ,F , , ,P,100,0,0,2,1757192,5912508
Auckland,01/02/2014,Sat,1458,QF,4S1,668A 669A ,,R,D,B ,F , , ,C,100,0,0,0,1756975,5912684
Auckland,15/10/2014,Wed,1024,CC,CN1,501A 503A ,P,R,D,B ,F ,X,T,R,50,0,0,1,1756922,5912696
Auckland,24/11/2014,Mon,740,AC,CW1C,372A ,,R,D,OF,L , ,N,R,100,0,0,0,1756828,5912730
Auckland,07/07/2014,Mon,1745,AA,CE1C,410A ,,R,D,BF,F , ,N,R,100,0,0,0,1756773,5912765
Auckland,07/07/2014,Mon,1637,CA,CS1,130A 404A ,G,R,W,O ,L , , ,N,100,0,0,0,1756443,5912907
Auckland,03/11/2014,Mon,728,LB,CW1C,322A 334A ,,R,W,O ,H ,X,T,R,50,0,0,0,1756350,5912952
Auckland,07/12/2014,Sun,1830,CB,CE1,506A 512A ,G,R,D,B ,F ,T,N,N,100,0,0,1,1756350,5912952
Auckland,12/06/2014,Thu,1729,AA,CW1C,372A ,,E,W,DO,L ,Y,N,N,100,0,0,0,1756350,5912952
Auckland,16/10/2014,Thu,2102,CB,CW1,112A 353A ,,R,D,DO,F , ,N,R,100,0,0,0,1755818,5913195
Auckland,10/11/2014,Mon,1625,DB,TW1,134A 532A ,GS,E,D,B ,F , ,N,C,100,1,0,0,1755518,5913246
Auckland,11/11/2014,Tue,1727,FD,CW1CCC,181A ,,R,W,OF,L , ,N,N,100,0,1,0,1755045,5913489
Auckland,10/02/2014,Mon,800,FD,CE1C,181A ,,E,D,B ,F , ,N,C,100,0,0,0,1754968,5913559
Auckland,23/02/2014,Sun,441,CA,TW1,136A 631A ,G,R,D,DO,F , ,N,R,100,0,0,0,1754905,5913589
Auckland,01/02/2014,Sat,1515,CB,CW1,129A 350A ,PS,R,D,B ,F ,T,T,R,100,0,0,0,1754832,5913620
Auckland,24/02/2014,Mon,725,FD,CS14V,331A 363A 902 ,,R,D,BF,F , ,N,R,100,0,0,0,1754837,5913631
Auckland,26/06/2014,Thu,1614,AA,CW14,372A ,,R,D,BF,F , ,N,R,100,0,0,0,1754717,5913653
Auckland,19/06/2014,Thu,1740,FD,CW1CC,112A 386A 692A ,,R,W,DO,F , ,N,N,100,0,0,0,1754624,5913690
Auckland,10/10/2014,Fri,855,CB,VN1,130A 412A ,,R,D,B ,F , , ,C,80,0,0,0,1754525,5913737
Auckland,06/09/2014,Sat,2130,FA,CW1C,181A ,,R,D,DO,F , , ,C,50,0,0,0,1754269,5913893
Auckland,12/10/2014,Sun,850,AC,CS1C,372A 381A ,,R,D,B ,F , ,N,C,100,0,0,0,1754235,5913915
Auckland,13/01/2014,Mon,1814,AA,CW1C,372A 386A ,G,R,D,O ,F , ,N,C,80,0,0,0,1754022,5914064
Auckland,11/07/2014,Fri,652,AA,CN1C,129A 330A 903 ,,R,W,TO,FS, , ,C,100,0,0,0,1753957,5914110
Auckland,04/08/2014,Mon,450,CC,CS1,112A 402A ,,R,W,DO,F , ,N,C,100,0,0,0,1753908,5914161
Auckland,08/07/2014,Tue,1048,GE,CE14,173A ,,R,D,O ,F ,M,T,C,50,0,0,0,1753859,5914180
Auckland,08/11/2014,Sat,550,DB,CN1,101A 112A ,T,R,D,O ,F ,T,T,C,50,0,0,0,1753859,5914180
Auckland,15/06/2014,Sun,148,DA,CW1,131A 514A 517A ,B,S,D,DO,F ,T,T,C,50,0,0,0,1753859,5914180
Auckland,20/10/2014,Mon,1730,DB,CN1,131A 353A 407A ,G,E,D,O ,F , , ,C,100,0,0,1,1760141,5907540
Auckland,12/06/2014,Thu,1745,FD,CN1X,102A 181A ,,R,D,DO,F , ,N,R,100,0,0,0,1759837,5907280
Auckland,02/09/2014,Tue,730,FE,CE14,181A ,,R,D,O ,F ,X,T,C,50,0,0,0,1759265,5906547
Auckland,01/08/2014,Fri,15,FE,CN1CC,181A 181B ,,R,D,DO,F ,X,T,R,100,0,0,0,1759265,5906547
Auckland,23/02/2014,Sun,559,LB,CN1C,323B ,,R,W,DO,L ,X,T,R,50,0,0,2,1759265,5906547
Auckland,09/05/2014,Fri,1200,FA,CE1C,181A 191B ,,R,D,O ,F ,X,T,C,50,0,0,0,1759265,5906547
Auckland,28/11/2014,Fri,1725,AC,VN1C,372A ,,R,D,O ,F ,T,T,C,50,0,0,0,1759263,5906543
Auckland,15/09/2014,Mon,800,AC,CS1C,386A ,,R,D,B ,F ,X,G,C,50,0,0,0,1759283,5906542
Auckland,17/11/2014,Mon,650,FE,CS2C,181A ,,R,D,O ,F ,X,T,C,60,0,0,0,1759281,5906538
Auckland,25/11/2014,Tue,620,FE,TS1C,331A 350A ,,R,D,OF,F ,X,T,R,100,0,0,0,1759281,5906538
Auckland,11/09/2014,Thu,825,MG,CE1T,371B ,,R,D,OF,F ,T,T,C,50,0,0,0,1758803,5905575
Auckland,11/04/2014,Fri,728,CC,CS1,130A ,FG,R,W,B ,F , , ,C,100,0,0,0,1758848,5905425
Auckland,20/07/2014,Sun,415,CB,CN1,101A 351A 402A ,P,R,W,TO,F , ,N,C,100,0,0,0,1758923,5904860
Auckland,23/09/2014,Tue,1250,FB,CS1C,181A ,,R,D,O ,F ,R,G,C,60,0,0,0,1758958,5904668
Auckland,23/09/2014,Tue,1420,GB,CW1T,142B 172B ,,E,D,O ,F ,R,G,C,60,0,0,0,1758979,5904638
Auckland,22/03/2014,Sat,1416,LB,CN1C,303B 361B 375B ,,R,D,BF,F ,T,S,R,50,0,0,3,1758935,5904301
Auckland,01/10/2014,Wed,937,FD,CN1V,181A 331A ,,R,D,B ,F ,T,N,R,60,0,0,0,1758933,5904291
Auckland,21/09/2014,Sun,1235,DA,CS1,111A 131A ,,M,W,O ,L ,R,G,R,50,0,0,0,1759050,5903847
Auckland,15/11/2014,Sat,800,GB,XS1C,330B 404B ,,M,D,O ,L ,R,G,C,50,0,0,0,1759057,5903829
Auckland,13/11/2014,Thu,745,GE,4S1C,171B ,,E,W,O ,L ,R,G,R,50,0,0,0,1759057,5903829
Auckland,28/03/2014,Fri,740,GF,CS1V,171B ,,E,D,OF,F ,R,G,R,50,0,0,0,1759057,5903829
Auckland,16/05/2014,Fri,1845,GC,CS1T,171B ,,R,D,DO,F ,R,G,R,50,0,0,0,1759057,5903829
Auckland,15/08/2014,Fri,2140,HA,CN1CC,302B 181C ,,R,D,DO,F ,R,G,C,50,0,0,0,1759036,5903816
Auckland,08/10/2014,Wed,620,FB,CN1C,181A 331A ,,R,D,OO,F ,R,G,C,50,0,0,0,1759034,5903821
Auckland,22/08/2014,Fri,615,LB,CE1C,322A ,,R,D,BF,F ,X,T,C,50,0,0,0,1763993,5904256
Auckland,31/01/2014,Fri,2233,GF,CW1C,124A 159A 184A 170B 184B ,,E,D,DO,F ,T,T, ,60,0,0,0,1763993,5904256
Auckland,22/10/2014,Wed,1856,AA,TE14,176A 357A 512A ,,R,D,B ,F ,X,T,L,50,0,0,0,1763993,5904256
Auckland,29/01/2014,Wed,1052,AC,TW1V,372A 671A ,,R,D,BF,F , ,N,C,100,0,0,0,1763709,5904141
Auckland,12/03/2014,Wed,820,FD,CW1CC,181A 181B ,,R,D,B ,F , , ,C,80,0,0,0,1763160,5903920
Auckland,31/01/2014,Fri,1630,FD,4E1CV,331A 352A ,,E,D,BF,F ,T,S,P,80,0,0,2,1762976,5903844
Auckland,13/09/2014,Sat,342,CB,CW1,130A 410A ,FP,R,W,DO,L , , ,C,100,0,0,0,1762933,5903818
Auckland,21/07/2014,Mon,1900,MC,CE1C,102B 370B 372B ,,R,D,DO,FS, , ,C,60,0,0,0,1762933,5903818
Auckland,08/01/2014,Wed,1410,GD,CW1C,137A 181A 333A ,P,R,D,B ,F ,T,N,L,100,0,0,0,1762480,5903638
Auckland,03/02/2014,Mon,555,AC,CW1C,153A 155A 159A ,V,R,D,DO,F , , ,L,100,0,0,0,1762294,5903563
Auckland,11/10/2014,Sat,915,FD,CW1C,181A 331A 352A ,,R,D,B ,F , , ,C,100,0,0,0,1762202,5903525
Auckland,15/04/2014,Tue,845,FD,CW1CC,181A 331A 350A ,,R,D,OF,F , ,N,C,100,0,0,0,1762175,5903514
Auckland,25/06/2014,Wed,1410,JA,TE1T,301B 353B 377B ,,R,W,OF,L ,T,S,C,70,0,0,0,1773133,5891535
Auckland,16/03/2014,Sun,305,FE,CS2C,112A 181A ,,R,W,DO,LS,T,T,C,70,0,0,0,1773031,5891470
Auckland,12/07/2014,Sat,208,CA,CW1,112A 130A ,G,R,W,DO,F , ,N,C,50,0,0,0,1772962,5891431
Auckland,29/12/2014,Mon,1420,FE,CN14,181A 331A ,,R,D,B ,F ,X,T,N,50,0,0,0,1772881,5891388
Auckland,08/12/2014,Mon,1945,DA,CE1,111A 131A 410A ,T,E,D,TF,F , , ,C,100,0,0,0,1772257,5890360
Auckland,16/03/2014,Sun,809,DA,CE1,131A 402A ,F,E,W,OF,L , ,N,L,100,0,0,0,1771892,5890140
Auckland,26/04/2014,Sat,130,DA,CW1,111A 131A ,FP,E,W,DO,L , ,N,C,100,0,0,0,1771892,5890140
Auckland,25/06/2014,Wed,1640,GD,CW1C,333A 901 ,,R,W,TO,H ,T,S,C,100,0,0,1,1771113,5889962
Auckland,12/04/2014,Sat,45,DB,CW1,103A 111A ,FT,E,D,DO,F , ,N,C,100,0,0,1,1770994,5889943
Auckland,22/04/2014,Tue,825,FD,CW1T,181A ,,E,W,BF,F , ,N,L,100,0,0,0,1770459,5889678
Auckland,07/02/2014,Fri,2003,BF,CW1T,110A 131A 800 801 ,,M,W,O ,L , , ,L,100,0,0,0,1770034,5889688
Auckland,27/11/2014,Thu,1640,JA,4W1C,301B 375B ,,R,D,BF,F ,X,S,C,100,0,0,0,1769823,5889637
Auckland,20/04/2014,Sun,1920,DA,CE1,111A 131A ,G,M,W,DO,L , ,N,L,100,0,0,0,1769723,5889640
Auckland,29/10/2014,Wed,1222,BF,CE1V,131A ,F,E,W,OF,L , ,N,C,100,0,0,1,1769603,5889643
Auckland,12/09/2014,Fri,2018,BF,VE14,110A 135A 801 901 ,,M,W,DO,H , ,N,C,100,0,0,0,1769593,5889643
Auckland,13/01/2014,Mon,1525,BF,CE1C4,410A ,GCG,E,W,OF,L , ,N,L,100,1,1,0,1769583,5889642
Auckland,25/11/2014,Tue,440,DA,CE1,111A 131A ,FP,M,W,DO,L , ,N,C,100,0,0,1,1769524,5889634
Auckland,21/01/2014,Tue,1031,DA,CE1,110A 131A ,G,E,W,O ,F , ,N,C,100,0,0,0,1769423,5889576
Auckland,03/06/2014,Tue,734,DB,CE1,133A 428A ,C,R,D,BF,F ,T,G,C,80,0,0,0,1769117,5889408
Auckland,12/09/2014,Fri,2145,DA,CE1,129A 134A ,FP,E,W,DO,H , ,N,C,100,0,0,0,1769046,5889337
Auckland,21/01/2014,Tue,1056,DB,4N1,111A 131A 191A 801 ,P,E,W,OF,L , , ,L,100,0,0,0,1768763,5888996
Auckland,25/07/2014,Fri,1730,QG,TW1CCC,682A 191B 198B 191C 181D ,D,E,W,TO,F , , ,C,100,0,0,0,1768763,5888996
Auckland,26/08/2014,Tue,815,JA,TW1C,308B 922 ,,E,D,B ,F ,D,N,P,100,0,1,0,1767278,5888174
Auckland,18/03/2014,Tue,,FA,CE1T,181A 331A 387A ,,R,D,B ,F ,T,G,N,70,0,0,0,1767232,5888098
Auckland,22/09/2014,Mon,725,FD,CN1C,181A 331A ,,R,D,B ,F ,T,G,R,100,0,0,0,1767230,5888094
Auckland,22/04/2014,Tue,1305,FB,CE14,331A 387A ,,E,D,OF,F ,Y,G,N,50,0,0,0,1767228,5888089
Auckland,20/01/2014,Mon,844,LB,CN1C,302B ,,E,D,B ,F ,T,G,C,100,0,0,0,1767228,5888089
Auckland,21/04/2014,Mon,841,LB,CN14,303B 382B ,,E,D,BF,F ,M,G,R,100,0,0,0,1767228,5888089
Auckland,14/11/2014,Fri,1540,KB,CS1C,302B 382B ,,E,D,B ,F ,T,G,C,100,0,0,0,1767228,5888089
Auckland,04/07/2014,Fri,1100,GD,VN1CC,181A 331A 351A 181B 387B 929 ,,R,W,B ,F ,D,N,L,100,0,0,0,1767245,5888011
Auckland,15/12/2014,Mon,2228,FA,CW1C,110A 330A 817 ,,R,D,DO,F , ,N,L,80,0,0,0,1767313,5887698
Auckland,08/08/2014,Fri,1412,GD,VS1C,181A 331A ,,R,D,O ,F ,T,G,C,70,0,0,0,1768532,5883553
Auckland,19/12/2014,Fri,546,FA,CN1C,112A ,F,R,D,ON,F , ,N,L,70,0,0,2,1768576,5883310
Buller District,09/02/2014,Sun,330,DB,VW1,103A 131A ,BG,M,D,DN,F , , ,C,100,0,0,1,1489286,5319922
Buller District,12/01/2014,Sun,1830,HA,CS2V,302B ,,R,W,O ,L ,X,G,C,50,0,0,0,1484019,5375679
Buller District,07/12/2014,Sun,1435,DB,CS1,111A 131A 402A ,F,S,D,B ,F , , ,C,50,0,0,0,1483095,5378480
Buller District,17/11/2014,Mon,1412,HA,4W1C,302B 350B 375B ,,R,D,O ,F ,X,G,C,50,0,0,0,1483491,5377150
Buller District,26/05/2014,Mon,1045,HA,CN2C,302A 355A ,,R,D,OF,F ,X,G,C,50,0,0,2,1483491,5377150
Buller District,21/11/2014,Fri,1830,JC,CE2C,302A ,,R,D,OF,L ,T,G,C,50,0,1,1,1484640,5375966
Buller District,20/01/2014,Mon,1510,MC,CE14,372B 377B 839 ,,R,D,OF,L , , ,N,50,0,0,0,1483675,5375953
Buller District,22/04/2014,Tue,1145,HA,4S2C,302B 375B ,,R,W,O ,F ,X,G,R,50,0,0,0,1483714,5375961
Buller District,21/05/2014,Wed,1250,QC,CW1,302A 330A ,N,R,W,O ,L ,X,G,N,100,2,0,0,1508455,5352183
Buller District,06/01/2014,Mon,839,DA,4S1,111A 131A ,EZ,S,W,ON,F , ,N,C,100,0,0,0,1497780,5334656
Buller District,22/11/2014,Sat,2300,DB,CW1,131A 804 ,,M,W,DN,L , , ,C,100,0,0,0,1505095,5390980
Buller District,26/06/2014,Thu,849,HA,CW1C,302A ,,E,W,O ,L ,T,G,L,50,0,0,1,1483880,5377069
Buller District,16/08/2014,Sat,905,HA,CW24,302B 375B ,,R,D,OF,F ,X,G,C,50,0,0,0,1483988,5375843
Buller District,16/04/2014,Wed,1910,HA,SS1C,302A 534A ,,R,D,DO,F ,X,G,C,50,0,0,1,1483941,5376743
Buller District,23/01/2014,Thu,1330,QC,4W1,321A ,N,R,D,ON,L , ,S,N,100,1,0,0,1508368,5353735
Buller District,04/08/2014,Mon,1950,DB,CW1,111A 131A ,F,M,D,DN,F , , ,N,100,0,0,0,1495623,5322801
Buller District,06/06/2014,Fri,2355,DA,4W1,101A 138A ,T,M,D,DN,F , ,N,N,100,0,0,0,1524116,5419228
Buller District,08/02/2014,Sat,1300,CB,CW14,501A ,M,R,D,B ,F , , ,C,50,0,0,2,1525606,5433365
Buller District,26/06/2014,Thu,635,EC,4S1,912,W,E,W,DN,M , ,N,N,100,0,0,0,1478932,5369244
Buller District,08/01/2014,Wed,30,DA,TN1T,136A 650A 901 ,,E,W,DN,H , , ,C,100,0,0,1,1525880,5371953
Buller District,15/03/2014,Sat,1500,DB,CW1,116A 131A 191A 817 ,T,M,D,B ,F , , ,C,100,0,0,0,1522639,5370694
Buller District,21/10/2014,Tue,850,BA,VS1T,125A 153A ,,R,W,O ,F , ,N,C,100,1,0,0,1520788,5372464
Buller District,21/05/2014,Wed,1835,BC,CN1C,121A ,V,E,W,DN,F , ,N,C,100,0,0,1,1519057,5371751
Buller District,05/07/2014,Sat,1440,DB,4N1,111A 131A 407A 801 ,C,M,W,O ,L , , ,C,100,0,0,0,1518954,5371214
Buller District,16/06/2014,Mon,30,DB,CW1,110A 131A ,CV,S,W,DN,F , ,N,C,100,0,0,1,1517997,5370740
Buller District,15/05/2014,Thu,730,DA,VE1,129A 134A 500A ,,M,D,O ,F , ,N,C,100,0,0,0,1515476,5365992
Buller District,04/10/2014,Sat,1159,DA,4S1,131A 402A ,C,E,W,O ,L , , ,C,100,0,0,2,1515452,5365914
Buller District,22/06/2014,Sun,1100,BA,CE1C,310A ,,R,D,B ,F , ,G,N,100,0,0,1,1512476,5365251
Buller District,01/06/2014,Sun,1535,DA,CN1,101A 129A ,,M,D,BN,F , ,N,C,100,0,0,0,1508107,5366716
Buller District,23/07/2014,Wed,810,DA,TE1,130A 407A 802 ,,E,I,B ,FF, , ,C,100,0,0,2,1490719,5367643
Buller District,02/10/2014,Thu,1525,BE,CW1V,125A 386A ,B,R,W,O ,L , , ,C,100,1,1,0,1484934,5369031
Buller District,14/05/2014,Wed,1619,LB,CN1V,303B 363B 375B ,,R,D,B ,F ,T,G,R,100,0,0,2,1482939,5370757
Buller District,26/01/2014,Sun,1000,DA,ME1,131A ,,S,W,ON,HS, ,N,R,100,0,0,1,1482891,5370764
Buller District,26/04/2014,Sat,1645,GC,VW1C,171B 330B ,,E,D,B ,F ,T,G,L,100,0,0,0,1478703,5364391
Buller District,14/08/2014,Thu,1910,EC,CW1,915,W,R,D,DN,F , ,N,C,100,0,0,0,1477747,5364095
Buller District,06/07/2014,Sun,1300,DA,CW1,129A 131A ,X,E,D,B ,F , , ,C,100,0,0,0,1476940,5363968