TLANAME,CRASHDATE,CRASHDOW,CRASHTIME,MVMT,VEHICLES,CAUSES,OBJECTSSTRUCK,ROADCURVE,ROADWET,LIGHT,WTHRa,JUNCTYPE,TRAFCTRL,ROADMARK,SPDLIM,CRASHFATALCNT,CRASHSEVCNT,CRASHMINCNT,EASTING,NORTHING
Buller District,29/03/2014,Sat,1300,DB,MS1,111A 131A ,,S,D,O ,F , , ,C,100,0,0,1,1469883,5356123
Buller District,17/04/2014,Thu,2000,EC,TS1,821 903 ,VX,E,D,DN,FS, , ,C,100,0,0,0,1467058,5347166
Buller District,08/02/2014,Sat,1930,DA,4W1,101A 111A 131A ,F,M,D,TN,F , , ,C,100,0,0,0,1464974,5343817
Buller District,16/06/2014,Mon,1330,DA,CS1,110A 131A ,C,M,W,O ,L , ,N,C,100,0,0,1,1464783,5343127
Buller District,08/06/2014,Sun,1140,DA,TS1,131A 139A ,CV,M,W,O ,F , ,N,C,100,0,0,0,1536864,5332620
Buller District,26/09/2014,Fri,1300,DA,CS1,111A 131A ,C,M,W,O ,L , , ,C,100,0,0,1,1537098,5325606
Buller District,07/06/2014,Sat,1548,CB,CN1,410A ,FT,R,W,ON,H , ,N,C,100,0,0,3,1535059,5318827
Buller District,29/08/2014,Fri,2120,BF,CN1T,310A 337A 412A ,B,M,D,DN,F , ,G,N,100,0,1,2,1534327,5315598
Buller District,12/09/2014,Fri,1515,JA,CW2C,302B ,,R,D,O ,F ,T,G,R,100,0,0,0,1483033,5375149
Buller District,04/01/2014,Sat,1500,HA,4N1C,302B 375B ,,R,D,BF,F ,X,G,C,50,0,0,0,1483534,5376265
Buller District,17/09/2014,Wed,1115,MO,VN1C,386A ,M,R,W,O ,  ,X,G,C,50,0,0,0,1483509,5376408
Buller District,13/07/2014,Sun,844,CC,CW1,130A 410A ,P,R,D,O ,F , ,N,C,100,0,0,2,1491390,5378054
Buller District,25/05/2014,Sun,400,CB,CS1,130A 901 903 ,V,R,W,DN,HS, , ,C,100,0,0,0,1491432,5378078
Buller District,01/01/2014,Wed,1200,FA,VS14,197A 331A 191B ,,R,W,O ,  , , ,C,100,0,0,0,1496390,5380531
Buller District,01/01/2014,Wed,1500,CC,CN1,101A 410A ,FV,R,D,B ,F , , ,C,100,0,0,0,1497679,5382679
Buller District,04/09/2014,Thu,1830,DA,CS1,103A 111A ,PS,E,D,TN,F , ,N,C,100,0,0,0,1502557,5388303
Buller District,10/06/2014,Tue,420,DB,CN1,103A 131A 400A ,V,E,W,DO,F , ,N,C,70,0,1,0,1505380,5391958
Buller District,16/01/2014,Thu,1730,BA,4S14,101A 125A 801 ,,R,W,O ,L , , ,C,100,0,0,1,1482453,5376484
Buller District,28/04/2014,Mon,1040,KB,TE1C,302B 375B ,,E,W,OF,L ,T,G,C,100,0,0,1,1480727,5377128
Buller District,17/12/2014,Wed,1230,CB,4N1,129A 134A ,EP,R,W,ON,L , ,N,C,100,0,0,1,1504452,5342038
Buller District,12/01/2014,Sun,1807,DA,CE1,111A ,FT,M,W,O ,L , ,N,C,100,0,0,0,1550339,5308538
Buller District,16/09/2014,Tue,1315,DA,CW1,131A 407A 800 901 ,C,M,W,O ,H , , ,C,100,0,0,1,1548962,5308495
Buller District,26/12/2014,Fri,1350,DB,40,129A 358A ,C,E,D,BN,F , ,G,C,100,0,0,1,1548770,5308540
Buller District,05/01/2014,Sun,2030,DB,CE1,131A ,T,M,W,DN,H , , ,C,100,0,1,0,1548142,5308469
Buller District,27/06/2014,Fri,530,DA,TW1,110A 410A ,T,E,W,DN,M , ,N,C,100,0,1,0,1540602,5307880
Buller District,29/05/2014,Thu,1310,AC,CE1C,156A 159A 330A 839 901 ,,M,W,ON,H , , ,C,100,0,0,0,1534514,5310464
Buller District,14/01/2014,Tue,915,DB,CS1,131A 351A ,F,E,D,ON,F , ,N,C,100,0,0,1,1533036,5311371
Buller District,30/12/2014,Tue,1435,DA,4S1,131A 404A ,E,M,D,B ,F , , ,C,100,0,0,1,1523223,5317487
Buller District,24/08/2014,Sun,1944,DB,CW1,111A 135A 804 ,C,E,D,DN,F , ,N,C,100,0,0,1,1520705,5317355
Buller District,29/06/2014,Sun,2300,DB,CE1,101A 110A ,T,M,W,DN,H , ,N,C,100,0,0,0,1520547,5317340
Buller District,14/08/2014,Thu,1235,DA,CE1,110A 131A 802 905 ,C,M,I,O ,SF, ,N,C,100,0,0,1,1519500,5317357
Buller District,16/03/2014,Sun,1630,DB,VE1,111A 131A 407A 801 ,ET,M,W,ON,L , , ,C,100,0,0,0,1518729,5317523
Buller District,23/05/2014,Fri,1915,EC,CN14,135A 823 ,FL,R,W,DN,L , ,N,C,100,0,0,0,1512410,5327589
Buller District,15/02/2014,Sat,1820,DB,MN1,111A 131A ,,M,D,B ,F , , ,C,100,0,1,0,1512107,5329928
Buller District,19/11/2014,Wed,1350,HA,CW1C,112B 302B 412B 801 ,,R,W,O ,L ,X,G,C,50,0,0,1,1506298,5336317
Buller District,11/04/2014,Fri,1120,LB,CW1C,303B 375B 801 ,,R,W,O ,L ,X,G,C,50,0,0,1,1506176,5336322
Buller District,03/03/2014,Mon,1250,MC,CW14,372B ,,R,W,OF,L ,X,G,C,50,0,0,0,1506056,5336328
Buller District,25/05/2014,Sun,320,CB,4S1,103A 130A ,V,R,W,DN,L , , ,C,100,0,0,0,1503368,5335186
Carterton District,31/12/2014,Wed,2209,MO,CS1C,386A ,M,R,D,DO,F , , ,C,50,0,0,0,1811936,5456161
Carterton District,28/02/2014,Fri,50,MO,CS1,103A 371A 926 ,I,R,D,DO,F , ,N,R,50,0,0,0,1812561,5455506
Carterton District,07/06/2014,Sat,630,CA,CN2,103A 402A 433A ,,R,D,DO,F ,X,S,C,70,0,0,0,1811042,5454989
Carterton District,23/01/2014,Thu,1225,MO,CN1S,197A 378A 205B 330B 831 ,,M,D,B ,F , , ,C,100,0,1,0,1813467,5454898
Carterton District,04/09/2014,Thu,820,CB,TN1,129A 134A ,,R,D,O ,F , ,N,C,100,0,0,1,1817819,5453212
Carterton District,04/03/2014,Tue,1500,CC,4N1,130A 412A 801 ,FT,R,W,O ,L , , ,N,100,0,0,2,1816016,5465157
Carterton District,24/08/2014,Sun,1227,EA,CS1T,129A ,M,R,D,O ,F , , ,C,100,0,0,0,1815527,5464656
Carterton District,02/01/2014,Thu,1804,DB,CN2,131A 402A 420A ,P,R,D,O ,F ,T,G,C,100,0,0,2,1816157,5465299
Carterton District,01/07/2014,Tue,1100,DA,CN1,135A 806 ,F,M,W,ON,F , , ,N,100,0,0,0,1821840,5453992
Carterton District,08/08/2014,Fri,2215,CB,40,103A 130A ,FP,R,W,DO,L ,T,N,C,100,0,0,0,1809504,5454407
Carterton District,22/12/2014,Mon,1720,HA,TN1C,301B 433B ,,R,D,B ,F ,X,S,C,100,0,0,0,1808292,5455417
Carterton District,30/03/2014,Sun,1046,HA,CW1C,302B 335B ,,E,D,BN,F ,X,G,C,100,0,0,3,1819178,5458045
Carterton District,16/07/2014,Wed,1050,KB,CS1C,308B 929 ,,R,W,BF,L ,D,N,C,50,0,0,0,1812283,5455415
Carterton District,26/07/2014,Sat,2230,DA,CN1,101A 111A 130A 402A 514A 801 811 812+,X,E,W,DN,L , , ,N,100,0,0,0,1820455,5460762
Carterton District,24/10/2014,Fri,1016,DB,TN1,132A 407A ,C,E,W,O ,L , ,N,C,100,0,0,0,1815858,5447012
Carterton District,10/10/2014,Fri,1300,DA,TS1,129A 134A 407A ,C,E,D,O ,F , , ,C,100,0,0,0,1815302,5449624
Carterton District,28/08/2014,Thu,2130,CB,CW1,103A 130A ,F,R,D,DN,F , , ,N,100,0,0,0,1807008,5452167
Carterton District,02/03/2014,Sun,1930,DA,CN1,131A ,FT,M,D,BF,F , ,N,C,100,0,0,4,1814020,5445324
Carterton District,19/04/2014,Sat,1300,DB,ME1,110A 131A 840 ,,S,W,O ,F ,M,N,C,100,0,0,1,1815867,5446517
Carterton District,19/12/2014,Fri,1930,CC,CW1,112A 433A ,T,R,D,B ,F , ,N,N,100,0,0,0,1814420,5454324
Carterton District,16/12/2014,Tue,705,DA,TW1,129A 139A 816 ,,E,D,B ,F , ,N,C,100,0,0,1,1827517,5447670
Carterton District,05/09/2014,Fri,1925,DB,CS1,131A 133A ,,S,W,DN,F ,T,G,C,100,0,0,0,1818961,5461340
Carterton District,01/05/2014,Thu,1120,CB,40,110A 197A 331A 801 ,FV,R,W,O ,L , , ,L,100,0,0,0,1817665,5460260
Carterton District,24/02/2014,Mon,810,JA,CW1C,303B 375B ,,R,D,B ,F ,T,G,L,100,0,0,0,1817519,5460141
Carterton District,08/09/2014,Mon,830,JA,VW1C,302B 375B ,,R,D,B ,F ,T,G,C,100,0,0,0,1817519,5460141
Carterton District,16/11/2014,Sun,1150,JA,CW14,302B 375B ,,R,D,B ,F ,T,G,C,100,0,0,0,1817519,5460141
Carterton District,14/04/2014,Mon,750,CB,CN1,197A 801 ,FT,R,W,O ,L , , ,C,100,0,0,0,1816426,5459248
Carterton District,05/01/2014,Sun,904,DB,CS1,104A 110A ,P,M,W,O ,HS, ,N,C,100,0,1,0,1815148,5458200
Carterton District,16/04/2014,Wed,1655,DA,CS1,131A 801 ,P,M,W,O ,L , , ,C,100,0,0,1,1815136,5458184
Carterton District,03/10/2014,Fri,1400,GE,ME1C,144B 145B 929 ,,R,D,O ,F ,D,N,C,100,0,0,1,1813983,5456872
Carterton District,09/06/2014,Mon,1400,JA,VN1C,197A 302B 375B 901 ,,R,W,O ,H ,T,G,P,50,0,0,0,1812957,5456015
Carterton District,01/10/2014,Wed,1655,EA,CN1V,129A 358A ,M,R,D,B ,F , , ,C,50,0,0,0,1812882,5455912
Carterton District,05/09/2014,Fri,155,CA,CN1V,103A 194A ,M,R,D,DO,F , , ,X,50,0,0,0,1812602,5455537
Carterton District,13/10/2014,Mon,750,MA,CN1C,373B ,,R,D,B ,F ,T,N,C,50,0,0,0,1812499,5455398
Carterton District,31/05/2014,Sat,1140,FD,4N1V4,181A ,,R,D,BF,F , ,N,C,50,0,0,0,1812118,5454901
Carterton District,09/02/2014,Sun,1425,MO,VN1V,371A ,M,R,W,OF,L , ,N,C,50,0,0,0,1812023,5454782
Carterton District,18/09/2014,Thu,1500,FC,CS1T,181A 331A ,,R,D,O ,F , , ,X,50,0,0,0,1811745,5454440
Carterton District,15/01/2014,Wed,2350,CA,VN1,514A ,,R,D,DO,F , ,N,C,50,0,0,0,1811548,5454206
Carterton District,21/04/2014,Mon,1050,GD,CS1C,331A 358A ,,R,D,B ,F ,T,N,C,50,0,0,1,1811071,5453668
Carterton District,16/06/2014,Mon,2216,DC,CS1,103A 321A ,FT,R,D,DO,F ,T,S,C,50,0,1,0,1810774,5453348
Carterton District,05/08/2014,Tue,845,JA,VS1V,302B ,,E,D,B ,F ,T,G,P,100,0,0,2,1809987,5452603
Central Hawkes Bay District,28/06/2014,Sat,903,BA,VW1C,129A 902 ,,R,D,B ,F , , ,N,100,0,0,3,1878402,5570187
Central Hawkes Bay District,13/02/2014,Thu,1630,DB,CS1,129A 134A 402A ,V,E,D,B ,F , , ,C,100,0,0,0,1886609,5565433
Central Hawkes Bay District,26/02/2014,Wed,735,HA,CN2V,301B 375B ,,R,W,OF,F ,X,S,C,50,0,0,0,1906284,5572649
Central Hawkes Bay District,27/11/2014,Thu,1334,DA,CN1,195A ,V,E,D,BN,F , ,N,N,100,0,0,2,1925749,5560534
Central Hawkes Bay District,21/12/2014,Sun,55,EA,CN1V,103A 112A 129A 330A 606B ,M,R,D,DO,F ,T,G,C,100,0,1,0,1907396,5573862
Central Hawkes Bay District,25/01/2014,Sat,2000,DA,CN1,129A 130A ,CV,M,D,DN,F , , ,C,100,0,0,1,1916098,5577524
Central Hawkes Bay District,25/01/2014,Sat,2030,CA,PE1,103A 112A 433A ,,R,D,DO,F , ,N,N,50,0,0,1,1904045,5566643
Central Hawkes Bay District,29/09/2014,Mon,1540,DA,CE1,131A 404A ,VX,M,D,ON,F , ,N,C,100,0,0,0,1883199,5573115
Central Hawkes Bay District,18/03/2014,Tue,1400,DA,CW1,131A 692A ,T,E,D,BN,F , ,N,C,100,0,3,0,1903144,5558611
Central Hawkes Bay District,25/01/2014,Sat,130,CC,CN1,139A 402A 410A ,TV,R,D,DN,F , , ,N,100,0,0,0,1906550,5567915
Central Hawkes Bay District,27/05/2014,Tue,1502,HA,VN1C,112A 302A 363A 902 ,FV,R,D,B ,F ,X,G,P,100,0,1,1,1897285,5561435
Central Hawkes Bay District,05/07/2014,Sat,1930,DB,4N1,135A 808 901 903 ,F,M,W,DN,HS, , ,N,100,0,0,1,1893455,5548229
Central Hawkes Bay District,25/12/2014,Thu,2100,DA,CW1,131A 138A 402A 815 ,P,E,D,DN,F , , ,N,100,0,0,1,1874411,5566961
Central Hawkes Bay District,26/10/2014,Sun,1523,FA,CN1M,112A 181A 331A ,,R,D,B ,F , , ,C,100,0,0,1,1900208,5560017
Central Hawkes Bay District,01/03/2014,Sat,2030,DA,CS1,101A 410A ,C,M,D,DN,F , ,N,C,100,0,0,1,1900383,5553371
Central Hawkes Bay District,24/04/2014,Thu,1955,CB,MN1,112A 130A ,K,R,D,DO,F , , ,C,50,1,0,0,1902997,5565522
Central Hawkes Bay District,17/12/2014,Wed,1150,DA,CN1,103A 131A 402A 801 ,V,E,W,O ,L , , ,C,100,0,0,3,1899801,5558939
Central Hawkes Bay District,03/02/2014,Mon,800,PE,CS1EEV,129A 363A 370A 642A 440D ,,R,D,B ,F , , ,C,100,0,0,2,1903259,5547765
Central Hawkes Bay District,04/04/2014,Fri,1800,JA,VW1C,302B 378B 836 ,,R,D,B ,F ,T,G,C,70,0,1,0,1908040,5572288
Central Hawkes Bay District,17/04/2014,Thu,2325,DA,CE1C,111A 131A 923 ,M,E,W,DO,L ,D,N,C,50,0,0,0,1903855,5566617
Central Hawkes Bay District,21/10/2014,Tue,920,HA,VS2C,302A ,,R,D,O ,F ,X,G,C,50,0,0,0,1903483,5566838
Central Hawkes Bay District,06/08/2014,Wed,1200,DB,CN1,111A 131A ,,M,W,ON,L , ,N,N,100,0,0,0,1901510,5568217
Central Hawkes Bay District,18/01/2014,Sat,1505,EC,VW1,912,W,E,D,BN,F , , ,N,100,0,0,0,1871524,5566325
Central Hawkes Bay District,05/12/2014,Fri,1620,MG,VE1C,371B ,,E,D,OF,F ,T,G,C,50,0,0,0,1907315,5572748
Central Hawkes Bay District,06/12/2014,Sat,1215,FF,CN1C,181A 191B ,,R,D,BF,F ,T,G,C,50,0,0,0,1903928,5565949
Central Hawkes Bay District,24/01/2014,Fri,550,DB,VE1,102A 111A 131A ,F,M,D,TN,F , , ,C,100,0,0,0,1904821,5572281
Central Hawkes Bay District,07/07/2014,Mon,1235,DA,TE1,134A 652A ,FP,M,D,B ,F , ,N,C,100,0,0,1,1890543,5552914
Central Hawkes Bay District,06/04/2014,Sun,1414,FA,TW1O,181A 330A ,,R,D,B ,F , ,N,C,100,0,0,0,1894522,5576848
Central Hawkes Bay District,05/11/2014,Wed,1730,HA,CE2CC,302A 375A ,M,R,D,O ,L ,X,G,C,50,0,0,0,1903920,5566596
Central Hawkes Bay District,24/06/2014,Tue,1842,DC,CN1,103A 112A 430A 929 ,T,R,D,DN,F ,D,N,C,100,0,1,2,1882496,5569038
Central Hawkes Bay District,15/11/2014,Sat,2203,DB,CN1,116A 131A ,F,E,D,DN,F , ,N,C,100,0,0,0,1910636,5583029
Central Hawkes Bay District,11/07/2014,Fri,1700,FD,VN1CC,112A 181A ,,R,D,TF,F , ,N,C,100,0,0,0,1910047,5578594
Central Hawkes Bay District,14/08/2014,Thu,1705,CA,CN1,110A 129A 134A 901 ,C,R,W,TN,H , , ,C,100,0,0,0,1910012,5578500
Central Hawkes Bay District,17/07/2014,Thu,1535,EE,CS1C,374A 443A 501A ,M,R,D,B ,F , , ,C,100,0,0,0,1907237,5574299
Central Hawkes Bay District,28/12/2014,Sun,1404,CB,CS1,130A 356A ,,R,D,B ,F , , ,C,70,0,0,0,1907190,5574012
Central Hawkes Bay District,07/03/2014,Fri,1720,CB,CS1,129A 358A ,K,R,D,B ,F , , ,C,70,0,0,0,1907157,5573805
Central Hawkes Bay District,18/03/2014,Tue,1700,GD,CN1C,181A 331A ,,E,D,B ,F ,T,G,C,50,0,0,0,1907023,5572988
Central Hawkes Bay District,01/03/2014,Sat,2345,CB,CN1,410A ,P,R,D,DO,F , ,N,C,50,0,0,0,1906901,5572735
Central Hawkes Bay District,18/07/2014,Fri,1130,HA,CW2CC,302A 375A ,,R,D,B ,F ,X,G,C,50,0,0,0,1906705,5572552
Central Hawkes Bay District,04/07/2014,Fri,1340,DA,CS1,131A 501A ,FVX,E,D,B ,F , , ,L,100,0,0,1,1906310,5571368
Central Hawkes Bay District,24/12/2014,Wed,2115,AF,PS1T,130A 402A 671B ,,E,D,DN,F , , ,L,100,0,0,1,1906303,5571308
Central Hawkes Bay District,07/10/2014,Tue,1330,FD,CN1C,181A ,,R,D,ON,F , ,N,C,100,0,0,0,1904828,5569001
Central Hawkes Bay District,25/01/2014,Sat,1715,DB,4S1,410A ,BG,E,D,BF,F , , ,L,70,0,0,0,1904546,5568492
Central Hawkes Bay District,14/03/2014,Fri,430,DA,CS1,136A 410A 620A ,G,M,D,DN,F , ,N,L,100,0,0,0,1904226,5567829
Central Hawkes Bay District,04/12/2014,Thu,1205,KA,CN1T,302B 375B ,,R,D,BF,F ,T,G,C,50,0,0,0,1903715,5566903
Central Hawkes Bay District,28/02/2014,Fri,1320,MC,VN1C,372B ,,R,D,B ,F , , ,C,50,0,0,0,1903672,5566727
Central Hawkes Bay District,13/01/2014,Mon,1000,FA,CE1C,505A 512A ,,R,D,B ,F , ,N,C,50,0,0,0,1903289,5566767
Central Hawkes Bay District,31/03/2014,Mon,1511,HA,CS1C,302B 375B ,,M,D,BF,F ,X,G,C,50,0,0,0,1903250,5566777
Central Hawkes Bay District,15/01/2014,Wed,905,BO,CW1M,156A 197B 831 ,,E,D,B ,F , , ,C,100,0,1,0,1898368,5569260
Central Hawkes Bay District,27/09/2014,Sat,1621,CB,CW1,410A ,V,R,D,ON,F , ,N,C,100,0,0,0,1892173,5567023
Central Hawkes Bay District,02/10/2014,Thu,1800,DA,CW1,134A 402A ,F,E,D,BN,F , ,N,C,100,0,0,0,1890948,5566853
Central Hawkes Bay District,24/06/2014,Tue,1515,JC,CN2C,302A 902 ,,R,D,B ,F ,T,G,L,100,0,0,0,1890020,5566503
Central Hawkes Bay District,19/06/2014,Thu,1520,JA,CW1C,302B 377B ,,R,D,O ,F ,T,G,L,100,0,0,0,1890020,5566503
Central Hawkes Bay District,12/10/2014,Sun,2255,CC,VE1,130A 402A 414A ,FT,R,D,DN,F , , ,C,100,0,0,0,1889151,5566009
Central Hawkes Bay District,29/03/2014,Sat,1600,CB,CW1,129A 130A ,F,R,D,O ,F , , ,C,100,0,0,0,1886815,5565141
Central Hawkes Bay District,28/02/2014,Fri,1218,LB,OW1C,303B ,,R,D,BN,F ,T,G,C,100,0,0,2,1884493,5564559
Central Hawkes Bay District,17/06/2014,Tue,2359,DA,CW1,103A 131A 410A ,FP,E,W,DN,F , ,N,C,100,0,0,0,1884165,5564553
Central Hawkes Bay District,20/10/2014,Mon,1520,DB,CS1,129A 131A 410A ,F,E,D,BF,F , ,N,L,100,0,0,0,1878815,5564642
Central Hawkes Bay District,20/02/2014,Thu,230,DA,CN1,410A ,F,E,D,DN,F , , ,L,100,0,0,0,1878706,5564511
Central Hawkes Bay District,05/07/2014,Sat,510,CA,TS1,130A 903 ,,R,D,DN,FS, , ,C,100,0,0,0,1878548,5564318
Central Hawkes Bay District,20/09/2014,Sat,1228,DA,4N1,135A 903 ,,M,W,OF,LS, ,N,C,100,0,0,0,1897232,5590609
Central Hawkes Bay District,01/06/2014,Sun,1300,DA,4N1,131A ,FV,E,W,O ,F , , ,L,100,0,0,0,1897153,5590428
Central Hawkes Bay District,22/09/2014,Mon,705,CA,CN1,130A 359A 402A ,B,R,W,O ,F , , ,C,100,0,1,0,1886476,5573130
Central Otago District,03/02/2014,Mon,1850,BF,ME1C,111A 120A 132A 137B ,,E,D,B ,F , ,N,C,100,1,0,0,1298404,5000856
Central Otago District,09/02/2014,Sun,2130,DA,CS1,111A 500A ,X,R,D,TN,F ,T,N,C,100,0,0,0,1312098,4979922
Central Otago District,03/09/2014,Wed,1845,DA,CE1,131A 813 ,F,M,D,TN,F , , ,N,100,0,0,0,1323487,4987976
Central Otago District,12/03/2014,Wed,1400,DB,4N1,111A 131A 138A ,C,M,D,B ,F , , ,N,100,0,0,0,1385210,5012683
Central Otago District,31/05/2014,Sat,1530,CA,VN1,198A 902 ,,R,D,B ,F , , ,C,100,0,0,2,1315265,4985583
Central Otago District,20/10/2014,Mon,2220,DB,CN1,103A 131A ,C,M,D,DO,F ,T,S,C,50,0,0,0,1313830,4988367
Central Otago District,10/02/2014,Mon,320,BC,SN1C,122A 404A ,,R,D,DF,F ,X,G,C,50,0,0,1,1316439,4983266
Central Otago District,22/11/2014,Sat,1430,DB,4S1,129A 131A ,V,E,W,ON,H , ,N,N,100,0,0,2,1350615,5027801
Central Otago District,29/12/2014,Mon,633,EA,CS1C,129A 363A 386A 818 902 ,M,R,D,B ,F , , ,C,50,0,0,1,1310868,4989795
Central Otago District,11/04/2014,Fri,630,EC,4S1,915,W,R,D,DF,F , ,N,C,100,0,0,0,1352241,5007636
Central Otago District,22/02/2014,Sat,950,HA,CN2C,302A 382A ,,R,D,BF,F ,X,G,C,50,0,0,0,1301197,5004715
Central Otago District,11/04/2014,Fri,1509,HA,CE1C,301B 375B ,,E,D,B ,F ,X,S,C,50,0,0,0,1316980,4983055
Central Otago District,19/02/2014,Wed,2328,DA,CN1,131A 400A ,,S,D,DN,F ,T,N,C,100,0,0,0,1312273,4951775
Central Otago District,12/06/2014,Thu,2345,CC,CE1,103A 112A 802 ,G,R,I,DO,MF, , ,N,50,0,0,1,1317665,4982961
Central Otago District,20/06/2014,Fri,1409,DA,TW1,131A ,E,S,D,B ,F , , ,C,100,0,1,0,1318655,4982803
Central Otago District,04/04/2014,Fri,1340,DB,4S1,110A 138A 407A ,P,E,D,B ,F , , ,N,100,0,0,1,1312341,5028541
Central Otago District,10/11/2014,Mon,1240,DA,4N1,131A 191A 402A 813 ,,M,D,O ,F , , ,N,100,0,0,1,1315830,4991393
Central Otago District,24/02/2014,Mon,1,EA,CN1C,129A ,M,E,D,DO,F , , ,N,50,0,0,0,1301239,5004584
Central Otago District,14/08/2014,Thu,2300,CB,CE1,129A ,F,R,D,DO,F , ,N,C,50,0,0,0,1316737,4981756
Central Otago District,08/11/2014,Sat,1700,DA,MS1,138A 433A 813 ,,E,D,B ,F , , ,N,100,0,1,0,1361030,4968097
Central Otago District,17/06/2014,Tue,2240,DB,CS1,103A 111A 131A 800 ,FV,M,W,DN,F , , ,C,100,0,1,0,1372739,4987870
Central Otago District,22/02/2014,Sat,1500,CC,CE1,138A 422A 433A ,F,R,D,O ,F , , ,N,100,0,0,0,1358370,4983077
Central Otago District,17/06/2014,Tue,2240,DA,CS1,103A 111A ,,M,W,DN,F , ,N,C,100,0,1,0,1370356,4989370
Central Otago District,08/02/2014,Sat,1545,DB,MN1,131A 681A ,,M,D,O ,F , , ,C,100,0,0,1,1312508,4954936
Central Otago District,18/03/2014,Tue,1900,BB,TN1C,205A 404A ,,M,D,B ,F , , ,C,100,0,0,0,1312403,4957048
Central Otago District,18/10/2014,Sat,1715,DB,CW1,111A 131A ,F,M,W,ON,L , ,N,C,100,0,0,0,1312882,4951059
Central Otago District,02/10/2014,Thu,2121,EA,VW1C,103A 129A ,FKM,R,D,DO,F , , ,R,50,0,0,0,1316409,4983270
Central Otago District,23/05/2014,Fri,1535,CB,TW1,110A 134A ,G,R,W,O ,L , ,N,C,100,0,0,1,1383714,5000950
Central Otago District,20/01/2014,Mon,815,DC,CE1,501A ,F,R,D,BF,F ,X,G,C,50,0,0,0,1300939,5006593
Central Otago District,23/05/2014,Fri,1135,EC,CW1,132A 350A 912 ,W,M,W,O ,F , ,N,N,100,0,0,0,1312226,4988997
Central Otago District,09/01/2014,Thu,1100,DB,CS1,130A 501A ,X,E,D,O ,F ,T,G,C,50,0,0,0,1375200,5010440
Central Otago District,09/11/2014,Sun,1711,DB,MN1,131A 810 ,,M,D,B ,F , , ,C,100,0,1,0,1319542,4938488
Central Otago District,06/01/2014,Mon,1210,AB,MN14C,104A 156A 810 831 ,,E,D,B ,F , , ,N,100,0,1,0,1321178,4939574
Central Otago District,16/03/2014,Sun,2030,EA,CS1C,386A ,M,R,D,DO,F , ,N,C,50,0,0,0,1316455,4982737
Central Otago District,05/12/2014,Fri,2015,EA,CS1V,129A 386A ,M,R,D,TF,F , , ,C,50,0,0,0,1299437,5004821
Central Otago District,17/03/2014,Mon,2300,DA,TS1,129A ,X,M,D,DO,F ,R,G,R,50,0,0,0,1316688,4983345
Central Otago District,05/11/2014,Wed,800,DA,VN1,111A 131A 358A ,G,M,D,B ,F , , ,L,100,0,0,0,1310209,5032611
Central Otago District,20/07/2014,Sun,730,DA,CN1,135A 802 ,C,E,I,DN,F , ,N,C,100,0,0,2,1303687,5013984
Central Otago District,31/12/2014,Wed,1706,MC,4N1C,191A 352B 372B ,F,R,D,O ,F , , ,C,100,0,0,0,1303530,5013583
Central Otago District,07/11/2014,Fri,2200,EC,CN1,911,W,R,D,DN,F , ,N,C,100,0,0,0,1300547,5006968
Central Otago District,08/01/2014,Wed,1010,JA,4S1C,302B 375B ,,R,D,O ,F ,T,G,C,80,0,0,0,1300057,5006224
Central Otago District,09/02/2014,Sun,1600,KA,CN1C,308B 375B 927 ,,R,D,O ,F ,D, ,C,100,0,0,0,1299271,5005659
Central Otago District,01/06/2014,Sun,835,DA,4S1,135A 802 904 ,PX,E,I,O ,MF, , ,C,100,0,0,0,1298033,5003726