TLANAME,CRASHDATE,CRASHDOW,CRASHTIME,MVMT,VEHICLES,CAUSES,OBJECTSSTRUCK,ROADCURVE,ROADWET,LIGHT,WTHRa,JUNCTYPE,TRAFCTRL,ROADMARK,SPDLIM,CRASHFATALCNT,CRASHSEVCNT,CRASHMINCNT,EASTING,NORTHING
Christchurch City,08/02/2014,Sat,1522,CC,CN1CC,137A ,,R,D,BF,F ,T,G,C,50,0,0,2,1570665,5177633
Christchurch City,17/03/2014,Mon,1210,GD,TS1C,181A 333A ,,R,D,BF,F ,T,G,C,50,0,0,0,1570648,5178506
Christchurch City,24/11/2014,Mon,1558,FD,CS1C,331A 350A ,,R,D,BF,F , ,N,C,50,0,0,1,1570654,5178162
Christchurch City,17/04/2014,Thu,1401,FD,CN1CCC,181A 427A ,,R,W,OF,H , ,N,P,50,0,0,1,1570654,5178152
Christchurch City,11/04/2014,Fri,1444,LB,VW2C,303B ,,R,D,OF,F ,X,T,R,50,0,0,1,1570658,5177997
Christchurch City,23/12/2014,Tue,1032,NC,VE2E,307A 334A 710B 817 ,,M,D,B ,F ,X,T,C,50,0,0,2,1570641,5179795
Christchurch City,03/04/2014,Thu,1140,FE,CN1C,331A 358A ,,R,D,BF,F ,X,T,R,50,0,0,1,1570658,5177997
Christchurch City,22/02/2014,Sat,1150,HA,CE2C,322B ,,R,D,BF,F ,X,T,R,50,0,0,0,1570658,5177997
Christchurch City,19/07/2014,Sat,1914,HA,CE2C,103B 322B ,,R,W,DO,L ,X,T,C,50,0,0,4,1570644,5179172
Christchurch City,25/07/2014,Fri,1310,HA,CE24,322A ,,R,D,B ,F ,X,T,C,50,0,0,0,1570634,5180884
Christchurch City,20/06/2014,Fri,1635,AF,CN1P,103A 129A ,,R,D,O ,F , , ,C,50,0,0,1,1570651,5178300
Christchurch City,28/04/2014,Mon,1400,JA,CS1C,308B 377B 839 930 ,,R,W,OF,H ,D,N,C,50,0,0,0,1570669,5177275
Christchurch City,11/06/2014,Wed,1255,JA,CN1C,322A 334A ,,E,D,O ,F ,T,T,C,50,0,0,0,1570670,5177245
Christchurch City,12/11/2014,Wed,1615,AC,TN1C,372A ,,R,D,B ,F , , ,C,50,0,0,0,1570642,5179537
Christchurch City,09/06/2014,Mon,1320,HA,CW24,322B 334B ,,R,W,O ,L ,X,T,C,50,0,0,0,1570642,5179552
Christchurch City,10/12/2014,Wed,2200,HA,CW2C,322B ,,R,D,DO,FF,X,T,C,50,0,0,0,1570642,5179552
Christchurch City,06/06/2014,Fri,1210,HA,CW2C,322B ,,R,W,O ,F ,X,T,C,50,0,0,0,1570642,5179552
Christchurch City,21/03/2014,Fri,450,FE,CN1C,103A 181A ,,R,D,DO,F ,T,T,C,50,0,0,0,1570670,5177245
Christchurch City,27/03/2014,Thu,1709,FE,SN1C,181A 330A 132B 353B ,,R,D,B ,F ,T,T,C,50,0,0,0,1570670,5177245
Christchurch City,06/05/2014,Tue,710,JA,CS1C,334A 334B ,,R,D,B ,F ,T,T,C,50,0,0,2,1570671,5177155
Christchurch City,17/04/2014,Thu,1700,LB,VS1C,303B 375B ,,R,W,DO,F ,T,T,C,50,0,0,0,1570671,5177155
Christchurch City,15/12/2014,Mon,1200,GD,VS1C,331A ,,R,D,B ,F ,T,G,C,50,0,0,0,1570690,5176446
Christchurch City,12/06/2014,Thu,1816,FE,CN1C,427A ,,R,W,DO,F ,X,T,C,50,0,0,0,1570642,5179674
Christchurch City,10/04/2014,Thu,120,CB,CS1,112A 129A ,K,R,W,DO,L ,T,N,P,50,0,0,0,1570574,5176170
Christchurch City,10/09/2014,Wed,1540,HA,CS1C,322A 334A ,,R,D,B ,F ,X,T,C,50,0,0,0,1570647,5178626
Christchurch City,28/08/2014,Thu,809,MD,SE1C,308B 645B 929 ,,R,D,O ,F ,D,N,N,50,0,1,0,1567195,5182993
Christchurch City,10/08/2014,Sun,227,NF,XN1E,370A ,,E,D,DO,FS,T,N,C,50,0,0,1,1567655,5183617
Christchurch City,04/03/2014,Tue,2020,CC,CW1C,137A 195A ,M,R,W,DO,H , ,N,N,50,0,0,0,1567347,5183808
Christchurch City,20/10/2014,Mon,2236,GB,VN14,158A 333A 387A 175B 372B 929 ,,R,D,DO,F ,D, ,C,50,0,0,0,1567611,5183683
Christchurch City,01/04/2014,Tue,1735,JA,SN1C,204A 377B 833 835 929 ,,R,D,OF,F ,D,N,N,50,0,0,1,1567285,5177473
Christchurch City,01/04/2014,Tue,2016,EA,CW1C,129A ,M,R,D,DO,F , ,N,N,50,0,0,0,1568938,5177685
Christchurch City,11/12/2014,Thu,1948,JA,CW1C,302B ,,E,D,OF,F ,T,G,C,50,0,0,0,1569452,5178102
Christchurch City,04/01/2014,Sat,2235,CA,MS1,102A 112A 132A 514A ,,R,D,DO,F , , ,R,50,0,1,0,1570354,5182642
Christchurch City,19/07/2014,Sat,730,DA,CW1,111A 131A 359A ,F,S,D,BF,F , ,N,C,100,0,0,0,1565882,5190123
Christchurch City,11/06/2014,Wed,1910,DA,CN1,111A 131A ,F,E,W,DO,F ,T,N,N,50,0,0,1,1565497,5183699
Christchurch City,11/08/2014,Mon,1800,MC,MN1C,191A 372B ,,R,D,TO,F , ,N,C,50,0,0,1,1570764,5182528
Christchurch City,18/07/2014,Fri,721,LB,CS1C,303B ,,E,W,TO,L ,T,T,C,50,0,0,0,1570760,5182627
Christchurch City,17/02/2014,Mon,940,FD,BS1TC,132A 181A 191B ,,R,D,B ,F , ,N,C,50,0,0,0,1570763,5182285
Christchurch City,24/07/2014,Thu,1740,FD,CN14C,181A 350A ,,R,D,DO,F , ,N,C,50,0,0,0,1570760,5182216
Christchurch City,26/06/2014,Thu,1757,FD,CN1C4,331A ,,R,D,DO,F , , ,C,50,0,0,0,1570751,5182136
Christchurch City,19/09/2014,Fri,1520,MC,CN1C,372B ,T,R,D,B ,F , , ,C,50,0,1,1,1570491,5183037
Christchurch City,08/12/2014,Mon,830,FD,VS1CV,331A 358A ,,R,D,O ,F ,X,S,C,50,0,0,1,1570505,5183016
Christchurch City,17/10/2014,Fri,1735,CB,MS1,130A 504A ,,R,D,B ,F ,X,S,C,50,0,0,1,1570502,5183020
Christchurch City,28/05/2014,Wed,1803,LB,4N1C,303B 375B ,,R,D,DO,F ,X,T,R,50,0,0,0,1570747,5182104
Christchurch City,06/08/2014,Wed,1420,MC,CE1C,372B 375B ,,R,D,BF,F , ,N,C,50,0,0,0,1569211,5184755
Christchurch City,17/03/2014,Mon,815,FD,CE1CC,181A ,,R,W,BN,F , ,N,C,50,0,0,2,1569461,5184557
Christchurch City,02/08/2014,Sat,1925,CB,CS1,103A 514A ,I,R,D,DO,F , ,N,R,60,0,0,0,1569665,5184260
Christchurch City,01/09/2014,Mon,712,KA,VN1TCC,308B 929 ,MM,R,D,O ,F ,D,N,P,60,0,0,0,1569244,5184732
Christchurch City,23/01/2014,Thu,1520,JA,CS1C,308B 377B 839 926 ,,R,D,O ,F ,D,N,C,50,0,0,0,1569375,5184640
Christchurch City,15/08/2014,Fri,1230,FD,4W1C,181A 191B ,,R,D,O ,F , ,N,C,50,0,0,1,1569105,5184829
Christchurch City,02/09/2014,Tue,952,FE,CS1V,331A 353A ,,R,D,B ,F ,X,T,C,50,0,0,0,1570302,5183314
Christchurch City,04/03/2014,Tue,854,HA,VE2C,322A 334A ,,R,W,O ,H ,X,T,C,50,0,0,1,1570308,5183305
Christchurch City,04/06/2014,Wed,1630,LB,CN1C,303B 375B ,,R,D,ON,F ,X,T,C,50,0,0,0,1570308,5183305
Christchurch City,18/10/2014,Sat,1135,FD,CN1C,181A 423A ,,R,D,O ,F , , ,R,50,0,0,0,1568962,5184929
Christchurch City,16/10/2014,Thu,1345,EA,CW1CCC,129A 358A ,M,R,D,B ,F , ,N,C,60,0,0,0,1569195,5184766
Christchurch City,17/03/2014,Mon,842,FD,CS1C,181A 330A 191B ,,R,D,B ,F , ,N,C,60,0,0,1,1570071,5183670
Christchurch City,26/11/2014,Wed,815,FD,CS1C,181A ,,R,D,B ,F , , ,N,60,0,0,0,1569856,5183983
Christchurch City,14/08/2014,Thu,846,FD,CS1T,181A ,,R,D,BF,F , ,N,C,60,0,0,0,1569799,5184066
Christchurch City,27/01/2014,Mon,729,CA,MS1,132A 191A 402A ,,R,W,O ,F , ,N,C,50,0,0,1,1570113,5183602
Christchurch City,23/02/2014,Sun,2241,HA,CW2C,321A 335A ,,R,D,DO,F ,X,S,R,50,0,0,0,1570083,5183654
Christchurch City,21/08/2014,Thu,2100,KA,CS1C,301B ,,R,D,DO,F ,T,S,C,50,0,0,0,1570764,5182561
Christchurch City,30/07/2014,Wed,1407,EA,VS1CCC,410A ,MM,R,D,B ,F , , ,C,50,0,0,1,1570568,5182919
Christchurch City,07/06/2014,Sat,1445,FE,VN1V,331A 350A ,,R,D,BF,F ,X,T,C,50,0,0,0,1570595,5182878
Christchurch City,29/03/2014,Sat,1336,HA,CS14C,322A 334A ,,R,D,B ,F ,X,T,C,50,0,0,2,1570595,5182878
Christchurch City,18/04/2014,Fri,2120,GD,CN1C,331A 358A ,,R,W,DO,F ,X,G,C,50,0,0,0,1570185,5183486
Christchurch City,06/07/2014,Sun,315,EE,CS1X,374B 520B ,M,R,D,DO,F , , ,C,50,0,0,0,1573473,5182753
Christchurch City,28/10/2014,Tue,1147,BF,CN2T,111A 131A ,,R,D,BF,F ,X,T,C,50,0,0,0,1566817,5181090
Christchurch City,08/03/2014,Sat,1200,CB,CE1,501A ,FJK,R,D,BN,F , ,N,N,50,0,0,0,1566056,5181408
Christchurch City,14/02/2014,Fri,620,LB,CE1V,303B 375B ,,R,W,O ,F ,X,T,C,50,0,0,1,1566817,5181090
Christchurch City,25/12/2014,Thu,1710,CB,MN1,101A 181A 403A ,K,R,D,B ,F , ,N,N,50,0,0,1,1566073,5186061
Christchurch City,29/11/2014,Sat,2104,FA,CN1C,181A 357A 357B ,,R,D,DO,F , , ,R,50,0,0,0,1563293,5181689
Christchurch City,03/11/2014,Mon,1736,GE,VS1S,144B 193B 929 ,,R,D,B ,F ,D,N,N,50,0,0,1,1574746,5180420
Christchurch City,02/06/2014,Mon,1700,CB,CE1,130A 385A 812 ,KT,R,D,TF,F , ,N,N,50,0,0,0,1573796,5180627
Christchurch City,08/02/2014,Sat,143,DC,CN1,112A 514A ,HJ,R,W,DO,F ,T,N,N,50,0,0,1,1568482,5180789
Christchurch City,05/01/2014,Sun,36,GF,CS1C,111A 512A 514A 517A ,,E,D,DO,F ,T,G,R,50,0,0,0,1568674,5180304
Christchurch City,12/10/2014,Sun,200,FD,CS1C,181A 191B ,,R,D,DO,F , , ,P,50,0,0,0,1568677,5179326
Christchurch City,09/07/2014,Wed,1024,LB,VE2C,303B 353B ,,R,W,OF,L ,X,T,R,60,0,0,0,1568682,5179126
Christchurch City,05/06/2014,Thu,1928,LB,PN1C,303B 375B ,,R,D,DO,F ,T,T,R,50,0,1,0,1568677,5180626
Christchurch City,16/09/2014,Tue,1705,NA,CN1E,712B 713B ,,R,D,B ,F ,T,N,R,50,0,1,0,1568687,5180778
Christchurch City,20/06/2014,Fri,2246,FD,CS1CC,181A 331A 350A ,,R,D,DO,F , , ,C,50,0,0,0,1568683,5180723
Christchurch City,01/11/2014,Sat,1048,NA,CS1E,712B 713B ,,R,D,B ,F ,T,N,R,50,0,1,0,1568679,5179662
Christchurch City,14/10/2014,Tue,1130,CB,4S1CC,501A ,M,R,D,B ,F , , ,R,50,0,0,0,1568665,5179926
Christchurch City,28/05/2014,Wed,1155,KB,CN1S,302A 375A ,,S,D,O ,F ,R,G,R,50,0,0,1,1568662,5180380
Christchurch City,10/04/2014,Thu,2348,DA,CN2,103A 131A 402A 801 ,X,M,W,DO,L ,R,G,R,50,0,1,0,1568675,5180382
Christchurch City,18/06/2014,Wed,1400,FA,MS1M,181A ,,R,D,B ,F ,R,G,R,50,0,0,1,1568674,5180395
Christchurch City,19/06/2014,Thu,936,AC,VN1C,184A ,,R,D,B ,F , , ,R,50,0,0,1,1568663,5180410
Christchurch City,14/02/2014,Fri,1125,FB,CN1C,181A 387A ,,R,D,B ,F ,R,G,C,50,0,0,1,1568662,5180375
Christchurch City,03/09/2014,Wed,1705,FB,CN1S,387A ,,R,D,B ,F ,R,G,R,50,0,1,0,1568662,5180375
Christchurch City,27/09/2014,Sat,1530,GE,SS1C,357A 171B 357B ,,E,D,B ,F ,R,G,R,50,0,0,1,1568674,5180395
Christchurch City,03/07/2014,Thu,1615,NB,CE1E,712B 713B ,,R,D,BF,F , ,N,C,50,0,0,1,1567826,5180050
Christchurch City,10/11/2014,Mon,832,HA,4E1C,301B 404B ,,R,D,O ,F ,X,S,C,50,0,0,1,1569767,5178894
Christchurch City,27/09/2014,Sat,449,CB,CW1,108A 130A 402A ,F,R,D,DO,F , , ,C,50,0,0,0,1570059,5178879
Christchurch City,20/10/2014,Mon,1400,MO,VE1C,371A 386A ,M,R,D,B ,F , , ,C,50,0,0,0,1570001,5181117
Christchurch City,13/01/2014,Mon,1420,EA,CE1C,129A 350A ,M,R,D,B ,F , ,N,N,50,0,0,0,1572214,5180975
Christchurch City,20/10/2014,Mon,1450,LB,SE1C,303B ,,E,D,O ,FS,X,S,R,50,0,0,1,1572262,5180986
Christchurch City,24/04/2014,Thu,2251,DA,CS1C,101A 131A ,MP,E,D,DO,F ,T,N,N,50,0,0,0,1577382,5172597
Christchurch City,26/07/2014,Sat,2150,EA,CW1C,129A 353A ,M,R,D,DO,F , ,N,C,50,0,0,0,1565020,5175775
Christchurch City,10/08/2014,Sun,815,CB,CW1,101A 130A 410A ,KS,R,D,DO,F , , ,P,50,0,0,0,1565375,5175614
Christchurch City,08/10/2014,Wed,1358,GB,CW1CV,333A 387A 926 ,M,R,D,BF,F ,D,N,N,50,0,0,0,1570838,5179300
Christchurch City,11/08/2014,Mon,1010,JA,CS1C,308B 375B 507B 929 ,,R,D,B ,F ,D, ,C,50,0,1,1,1570385,5181452
Christchurch City,11/10/2014,Sat,1654,GE,CS1C,144B 171B ,,R,D,O ,F ,X,T,C,50,0,0,0,1570394,5180278
Christchurch City,25/07/2014,Fri,845,EC,PS1,330A 341A 817 ,D,R,D,B ,F , ,N,C,50,0,0,1,1570392,5180625
Christchurch City,12/05/2014,Mon,1205,MO,BS1,386A 502A ,IS,M,D,B ,F ,X,T,R,50,0,0,0,1570390,5179793
Christchurch City,12/08/2014,Tue,1525,MF,CN1T,179B 381B ,,R,D,B ,F ,T,N,C,50,0,0,0,1570399,5179163
Christchurch City,30/05/2014,Fri,1256,HA,VN1C,301B 382B ,,R,D,BF,F ,X,S,R,50,0,0,1,1570399,5178867
Christchurch City,18/12/2014,Thu,1339,HA,CN1CC,301B 375B ,Q,R,D,OF,F ,X,S,P,50,0,0,0,1570399,5178867
Christchurch City,05/12/2014,Fri,832,JA,CS1C,308B 377B 930 ,,R,D,OF,F ,D,N,C,50,0,0,0,1570406,5178403
Christchurch City,06/04/2014,Sun,1210,MO,CW1CV,130A 653A ,QX,R,D,B ,F , , ,C,50,0,0,0,1562739,5184756
Christchurch City,07/06/2014,Sat,200,BB,ON1OC,102A 123A 330A 102B 123B 330B ,,S,D,DO,F , ,N,C,50,0,2,0,1570368,5176091
Christchurch City,07/04/2014,Mon,1633,HA,CN1S,302A ,,R,W,OF,L ,R,G,C,50,0,1,0,1570510,5176094
Christchurch City,28/07/2014,Mon,830,LB,CN14,302A ,,R,D,B ,F ,R,G,R,50,0,0,1,1570510,5176094
Christchurch City,22/04/2014,Tue,2258,DB,CE1,111A 131A 632A 801 ,T,E,W,DN,L , , ,C,100,0,0,0,1571783,5171101
Christchurch City,22/11/2014,Sat,1544,DA,CN1,111A 131A ,ST,E,D,OF,F ,T,N,C,50,0,0,3,1570120,5175631
Christchurch City,05/06/2014,Thu,100,DA,CN1,103A 111A 131A ,FT,S,D,DO,F ,T,N,C,50,0,0,1,1570120,5175631
Christchurch City,08/06/2014,Sun,900,DB,CN1,131A 197A 632A 800 ,E,M,W,O ,M , , ,C,70,0,0,0,1570752,5174017
Christchurch City,16/08/2014,Sat,1630,DA,CS1,137A ,E,E,D,BN,F , ,N,C,70,0,0,0,1571015,5173544
Christchurch City,11/03/2014,Tue,752,CA,MN1,191A ,,R,W,OF,L , ,N,C,70,0,1,0,1571381,5171845
Christchurch City,24/05/2014,Sat,30,DA,CN1,111A 402A 433A ,EGT,S,D,DN,F , ,N,C,80,0,0,1,1571241,5172057
Christchurch City,19/04/2014,Sat,1030,DA,SN1,111A 132A 137A 926 ,,M,W,BN,F ,D,N,C,70,0,0,1,1571151,5172462
Christchurch City,30/09/2014,Tue,1400,DB,CS1,103A 111A 131A ,C,M,D,BN,F , ,N,C,70,0,0,1,1571151,5172462
Christchurch City,12/07/2014,Sat,600,EB,CN1C,129A 370A 103B ,M,E,W,DN,F , ,N,C,70,0,0,0,1571066,5172630
Christchurch City,18/05/2014,Sun,1704,DA,CN1,131A 352A 402A ,G,E,D,TN,F , , ,C,80,0,0,0,1571104,5173051
Christchurch City,01/05/2014,Thu,2100,DA,CN1,111A 131A 402A ,C,M,D,DN,F , , ,C,70,0,0,0,1570703,5174063
Christchurch City,25/10/2014,Sat,951,BC,SS1C,111A 121A ,,S,D,B ,F , ,N,C,50,0,1,0,1571394,5171527
Christchurch City,18/01/2014,Sat,2145,DA,CS1,111A 131A 402A ,E,M,D,DN,F , , ,C,70,0,0,1,1571557,5171334
Christchurch City,08/05/2014,Thu,2020,DB,CN1,103A 111A 131A 359A 901 ,,M,W,DN,H , , ,C,100,0,0,0,1571564,5171326
Christchurch City,29/11/2014,Sat,150,DA,CS1,111A 131A ,C,M,W,DN,L , ,N,C,70,0,0,1,1571576,5171310
Christchurch City,01/03/2014,Sat,450,DB,CE1,103A 111A 131A 433A 862 ,T,S,D,DO,F , , ,C,100,0,0,0,1571620,5171121
Christchurch City,16/09/2014,Tue,1020,DB,CN1,111A 135A 801 ,T,M,W,OF,L , ,N,C,70,0,0,0,1571185,5173263
Christchurch City,08/09/2014,Mon,701,BA,CN1C,129A 358A ,C,R,D,O ,F , , ,C,70,0,0,1,1571032,5173695
Christchurch City,01/06/2014,Sun,1540,DA,4S1,110A 131A 407A ,C,M,D,BN,F , ,N,C,70,0,0,0,1570488,5174568
Christchurch City,27/10/2014,Mon,955,DB,40,129A 134A ,CT,M,W,O ,L , ,N,N,80,0,0,1,1571106,5173069
Christchurch City,31/12/2014,Wed,1808,DA,CN1,103A 351A ,F,M,D,B ,F , ,N,C,50,0,0,0,1570379,5174619
Christchurch City,27/04/2014,Sun,1710,DB,CW1,131A 363A 402A 902 ,FTX,E,D,B ,F , , ,N,50,0,0,0,1571428,5184365
Christchurch City,25/04/2014,Fri,2355,DA,CW1,103A 111A 131A 514A 517A ,P,E,D,DO,F , , ,C,50,0,0,2,1571234,5175810
Christchurch City,18/04/2014,Fri,2110,HA,CS2C,112B 322B 350B 801 ,,R,W,DO,L ,X,T,C,50,0,0,0,1571383,5182107
Christchurch City,21/11/2014,Fri,1922,MC,ME1C,102B 372B ,,R,D,BF,F ,T,S,R,50,0,0,1,1570626,5182103
Christchurch City,14/10/2014,Tue,2220,EA,CS1C,111A 129A ,M,E,D,DO,F , , ,C,50,0,0,0,1563354,5177540
Christchurch City,30/07/2014,Wed,2015,CC,CW1C,103A 129A ,M,R,D,DO,F , ,N,N,50,0,0,0,1571216,5182372
Christchurch City,11/02/2014,Tue,1240,HA,CE2C,116A 339A 817 ,,R,D,BF,F ,X,S,C,50,0,0,0,1577265,5184610
Christchurch City,03/09/2014,Wed,1725,MB,CW1CCV,372B 375B ,M,R,D,TF,F , , ,N,50,0,0,1,1567741,5179675
Christchurch City,13/07/2014,Sun,1409,CC,CN1,112A 129A ,FT,R,D,B ,F , ,N,C,50,0,0,0,1572238,5183699
Christchurch City,13/06/2014,Fri,2349,CC,CN14,103A 130A ,M,R,W,DO,F , ,N,N,50,0,0,1,1572176,5183867
Christchurch City,19/07/2014,Sat,2230,DC,CE2,103A 110A 335A 801 ,HK,R,W,DO,L ,T,N,N,50,0,0,1,1565184,5175451
Christchurch City,01/05/2014,Thu,2200,AA,CS14,372A 130B ,FI,R,D,DO,F , , ,R,50,0,0,0,1572762,5178572
Christchurch City,28/10/2014,Tue,546,DA,VS1C,402A 501A ,M,E,D,TO,F , , ,C,60,0,0,1,1572907,5178736
Christchurch City,07/06/2014,Sat,1936,EA,CS1V,341A ,M,R,D,DO,F , ,N,R,50,0,0,1,1572766,5178601
Christchurch City,30/05/2014,Fri,220,DC,CE2,103A 357A 512A ,P,E,D,DO,F ,T,G,R,50,0,0,0,1572828,5178679
Christchurch City,27/11/2014,Thu,1540,FA,4N1M,103A 434A 512A ,,R,D,O ,F , , ,R,60,0,0,0,1572735,5178545
Christchurch City,13/10/2014,Mon,1005,MC,CS1C,372B ,,R,D,B ,F ,T,G,R,60,0,0,0,1572765,5178576
Christchurch City,01/02/2014,Sat,305,CB,CN1V,103A 130A ,M,R,D,DO,F , , ,R,50,0,0,0,1572729,5178534
Christchurch City,16/12/2014,Tue,1155,AC,BN1T,372A ,,R,D,B ,F ,T,G,R,60,0,0,0,1572666,5178414
Christchurch City,08/04/2014,Tue,1632,DA,CN1C,131A 350A 500A ,FM,M,W,O ,F , ,N,C,50,0,0,0,1563540,5179748
Christchurch City,13/03/2014,Thu,1435,JA,CS1C,377B 839 ,,R,D,BF,F ,T,N,C,50,0,0,0,1563805,5179371
Christchurch City,11/12/2014,Thu,1100,JA,CN14,308B 377B 926 ,,R,D,O ,F ,D,N,C,50,0,0,0,1563848,5179311
Christchurch City,09/11/2014,Sun,1405,FB,VS1C,181A 387A ,,E,D,BF,F ,R,G,C,50,0,0,1,1563938,5179201
Christchurch City,19/07/2014,Sat,1547,FB,VS1C,181A 387A ,,M,D,B ,F ,R,G,X,50,0,0,1,1563938,5179201
Christchurch City,14/02/2014,Fri,835,FB,CS1C,181A 387A ,,E,W,O ,F ,R,G,R,50,0,0,0,1563938,5179201
Christchurch City,12/01/2014,Sun,1006,MO,TN1,386A ,P,R,D,B ,F , , ,C,50,0,0,0,1578431,5180935
Christchurch City,28/07/2014,Mon,825,NB,VN1E,306A 376A ,,R,D,B ,F , ,N,C,50,0,1,0,1578497,5180725
Christchurch City,30/05/2014,Fri,1850,CC,CN1,112A 402A ,P,R,D,DO,F , ,N,C,50,0,0,1,1578769,5179881
Christchurch City,25/07/2014,Fri,805,MC,4S1CC,363B 372B 902 ,M,R,D,B ,FS,T,N,C,50,0,0,1,1578634,5180300
Christchurch City,16/01/2014,Thu,1953,DA,CS1,101A 131A ,G,S,D,TN,F ,T,N,C,70,0,0,0,1580340,5174512
Christchurch City,28/11/2014,Fri,2011,CC,CE1,129A ,X,R,W,DO,L ,T,N,N,50,0,0,0,1569770,5178691
Christchurch City,10/03/2014,Mon,28,DB,CS1,111A 402A 514A ,GT,M,D,DO,F ,T,N,C,50,0,0,0,1571771,5178834
Christchurch City,26/08/2014,Tue,1120,MO,CE1CC,407A 423A 926 ,K,R,D,B ,F ,D,N,N,50,0,0,0,1566745,5184826
Christchurch City,10/04/2014,Thu,1035,CB,CN1,112A 130A ,P,R,W,O ,F ,T,N,C,50,0,0,0,1566359,5184401
Christchurch City,19/07/2014,Sat,1906,DA,CN1C,111A 131A ,M,M,W,DO,L , ,N,C,50,0,0,0,1565860,5184084
Christchurch City,17/08/2014,Sun,849,JA,CE1C,302B ,,R,D,B ,F ,T,G,C,50,0,0,0,1565831,5184057
Christchurch City,19/02/2014,Wed,1810,KA,SS1C,302B 375B ,,R,D,B ,F ,T,G,C,50,0,0,1,1565831,5184057
Christchurch City,04/07/2014,Fri,1740,EA,CE1C,129A ,M,R,D,TO,F , , ,N,50,0,0,0,1568680,5178637
Christchurch City,14/11/2014,Fri,834,JA,CE1C,322A 334A 902 ,,R,D,B ,F ,T,T,R,50,0,0,1,1567213,5181488
Christchurch City,04/08/2014,Mon,1620,LB,SS1C,303B 375B ,,E,W,B ,F ,T,G,R,50,0,1,0,1568501,5181163
Christchurch City,30/07/2014,Wed,1659,GB,SE1C,353B 372B ,,R,D,B ,F ,T,G,R,50,0,1,0,1567893,5181394
Christchurch City,17/10/2014,Fri,1600,FD,CE1CX,181A 358A 181B ,,R,D,B ,F , , ,R,50,0,0,0,1567670,5181414
Christchurch City,03/03/2014,Mon,1641,FE,CE14,181A 324A 191B ,,R,W,O ,F ,X,T,N,50,0,0,0,1567769,5181400
Christchurch City,25/09/2014,Thu,815,PD,CE1E,722B ,,R,D,B ,F ,T,G,R,50,0,0,1,1567105,5181499
Christchurch City,23/06/2014,Mon,849,MC,4S1C,363B 372B 645B 802 ,,M,D,B ,FF, , ,N,50,0,0,1,1564586,5175046
Christchurch City,08/11/2014,Sat,1625,MO,CE1C,357A ,Q,R,D,BF,F ,X,T,P,50,0,0,0,1572979,5178860
Christchurch City,22/10/2014,Wed,1608,LB,SE1C,303B 330B ,,R,D,B ,F ,X,T,R,50,0,0,1,1572979,5178860
Christchurch City,22/10/2014,Wed,2345,CA,CE1C,103A 130A 402A ,M,R,D,DO,F , , ,C,50,0,0,1,1571243,5179525
Christchurch City,23/10/2014,Thu,955,EE,TW1C,374B ,M,R,D,B ,F ,T,N,P,50,0,0,0,1572398,5179137
Christchurch City,12/08/2014,Tue,1915,BE,CW1C,125A 350A ,,R,D,DO,F ,T,N,C,80,0,0,0,1575318,5177456
Christchurch City,13/11/2014,Thu,2245,CC,CW1,103A 130A ,P,R,D,DO,F , , ,C,50,0,0,0,1575102,5177614
Christchurch City,25/02/2014,Tue,1510,NB,4E1E,712B 713B ,,R,D,O ,F , , ,C,50,0,1,0,1571821,5179330
Christchurch City,24/09/2014,Wed,1650,DA,CN2C4,131A 407A ,MM,R,D,B ,F ,T,N,R,50,0,0,1,1572497,5179103
Christchurch City,22/01/2014,Wed,1229,AA,VE1V,184A ,,R,D,OF,F , ,N,C,50,0,0,0,1574093,5178346
Christchurch City,12/02/2014,Wed,1045,AO,4E1V,381A ,,R,D,BF,F , ,N,C,50,0,0,0,1574199,5178270
Christchurch City,22/01/2014,Wed,2118,HA,CS2C,322A 334A ,,R,D,DO,F ,X,T,L,50,0,0,0,1574077,5178357
Christchurch City,11/09/2014,Thu,357,CC,CW1,112A 130A 514A ,F,R,D,DO,F ,T,S,P,50,0,0,0,1574215,5178258
Christchurch City,01/07/2014,Tue,1517,NB,CE1E,713B 726B ,,R,D,B ,F , , ,P,50,0,0,1,1573613,5178533
Christchurch City,23/04/2014,Wed,732,CC,CE1,501A ,H,R,D,B ,F , , ,P,50,0,0,0,1573462,5178611
Christchurch City,09/05/2014,Fri,907,JA,CW1CC,302B 382B ,,R,D,B ,F ,T,G,P,50,0,0,1,1573506,5178588
Christchurch City,05/05/2014,Mon,1030,QG,TW1C,682A ,M,R,D,B ,F , , ,C,50,0,0,1,1576124,5177195
Christchurch City,25/03/2014,Tue,728,FD,CW1CCC,181A 181C ,,R,D,OF,F , ,N,C,50,0,0,1,1573395,5178645