TLANAME,CRASHDATE,CRASHDOW,CRASHTIME,MVMT,VEHICLES,CAUSES,OBJECTSSTRUCK,ROADCURVE,ROADWET,LIGHT,WTHRa,JUNCTYPE,TRAFCTRL,ROADMARK,SPDLIM,CRASHFATALCNT,CRASHSEVCNT,CRASHMINCNT,EASTING,NORTHING
Christchurch City,08/12/2014,Mon,745,LB,SN1C,534A 303B ,,R,D,O ,F ,T,G,P,50,0,0,1,1566884,5185231
Christchurch City,17/11/2014,Mon,1745,PE,CS1E,129A 350A 721B ,,R,D,BF,F , ,N,C,50,0,0,1,1567174,5185748
Christchurch City,19/10/2014,Sun,130,DA,CS1,103A 111A 131A ,HI,S,W,DO,L ,R,G,R,50,0,0,0,1567114,5185624
Christchurch City,13/12/2014,Sat,837,CC,CE1C,410A ,M,R,D,OF,L , ,N,C,50,0,0,1,1571727,5183813
Christchurch City,12/03/2014,Wed,650,CB,TN1,129A ,P,R,D,O ,F , ,N,C,50,0,0,0,1571845,5182082
Christchurch City,27/11/2014,Thu,1811,GB,PN1C,175B 372B 929 ,,R,D,B ,F ,D, ,P,50,0,0,1,1571845,5182072
Christchurch City,13/02/2014,Thu,1625,FA,CS1C,181A 331A 194B 801 ,,R,W,O ,L ,T,G,C,50,0,0,0,1571845,5182112
Christchurch City,21/07/2014,Mon,1650,JA,MN1C,104A 302B 377B ,,R,D,OF,F ,T,G,R,50,0,1,0,1571849,5181738
Christchurch City,25/03/2014,Tue,1218,CB,CS1C,130A 622A ,FJM,R,D,B ,F , , ,P,50,0,0,1,1571845,5182270
Christchurch City,15/01/2014,Wed,1700,JA,CS1C,302B 375B ,,R,D,B ,F ,T,G,C,50,0,0,0,1571850,5181645
Christchurch City,12/07/2014,Sat,1445,NA,4N1E,712B 713B ,,R,D,OF,F , ,N,C,50,0,0,1,1571841,5182681
Christchurch City,09/12/2014,Tue,1650,NA,CN1E,711B 712B ,,R,D,OF,F ,X,T,C,50,0,0,1,1571841,5182671
Christchurch City,13/06/2014,Fri,1754,JA,CN1C,308B 377B 927 ,,R,D,DO,F ,D, ,C,50,0,0,0,1571841,5182661
Christchurch City,27/07/2014,Sun,240,EA,CN14C,103A 129A 130A ,M,R,D,DO,F , , ,P,50,0,0,0,1571843,5182473
Christchurch City,19/12/2014,Fri,1305,MC,CN1C,330B 372B ,,R,D,B ,F , ,N,C,50,0,0,0,1571841,5182651
Christchurch City,16/08/2014,Sat,2053,BA,CN1C,125A ,M,R,D,DO,F , ,N,N,50,0,0,0,1566773,5183048
Christchurch City,15/07/2014,Tue,1311,MO,TW1V,371A 386A 386B 387B 929 ,,R,D,B ,F ,D,N,C,50,0,0,0,1568933,5181405
Christchurch City,19/01/2014,Sun,1406,CB,CW1,112A 129A ,P,R,D,B ,F , ,N,N,30,0,0,0,1565902,5180799
Christchurch City,15/03/2014,Sat,1550,HA,CN2C,302B 378B 834 ,,R,D,OF,F ,X,G,R,50,0,0,0,1578202,5182530
Christchurch City,24/04/2014,Thu,1810,EC,CS1,911,W,R,D,DO,F ,T,N,C,50,0,0,0,1568596,5175935
Christchurch City,20/09/2014,Sat,1424,JA,MS1C,302B 352B 375B ,,R,D,BF,F ,T,G,C,50,0,0,0,1568611,5175883
Christchurch City,08/11/2014,Sat,430,DB,CN1,103A 111A 514A ,F,E,D,DO,F , , ,C,50,0,0,0,1567201,5177444
Christchurch City,16/11/2014,Sun,1542,NA,VS1K,710B ,,R,D,B ,F ,R,G,R,50,0,1,0,1568431,5176401
Christchurch City,19/10/2014,Sun,1349,HA,CE2S,302A 375A ,,R,D,B ,F ,R,G,C,50,0,0,1,1568434,5176418
Christchurch City,27/03/2014,Thu,1713,LB,CN1C,303B ,,R,D,B ,F ,X,G,C,50,0,0,0,1572487,5183018
Christchurch City,17/10/2014,Fri,1822,NA,CE1E,711B 712B ,,R,D,B ,F , , ,C,50,0,0,1,1571968,5178180
Christchurch City,12/04/2014,Sat,511,DA,VE1VC,103A 110A 131A 517A 801 ,MP,E,W,DO,L ,T,N,N,50,0,0,0,1566264,5184331
Christchurch City,03/10/2014,Fri,2326,EA,CN1C,103A 129A ,M,R,D,DO,F , , ,N,50,0,0,0,1565077,5181742
Christchurch City,02/12/2014,Tue,1650,FD,CW1C,103A 331A 358A ,,R,D,O ,F ,T,G,C,50,0,0,0,1570900,5177998
Christchurch City,12/04/2014,Sat,944,HA,VW1C,322B 334B ,,R,W,O ,F ,X,T,C,50,0,0,0,1570658,5177997
Christchurch City,26/08/2014,Tue,2046,LB,CW1C,103B 303B ,,R,D,DO,F ,X,T,C,50,0,0,0,1570658,5177997
Christchurch City,28/03/2014,Fri,802,LB,VW1C,113A 324A 303B 334B ,,R,D,B ,F ,X,T,C,50,0,0,1,1570658,5177997
Christchurch City,27/08/2014,Wed,1125,CA,MS1C,133A ,M,R,D,B ,F , , ,N,50,0,1,0,1571334,5177613
Christchurch City,02/07/2014,Wed,1433,HA,CS1S,302A 375A 110B 817 ,,R,D,B ,F ,R,G,R,50,0,0,1,1568012,5181987
Christchurch City,01/06/2014,Sun,1050,DA,CN14,131A 361A ,M,E,D,BF,F , ,N,C,50,0,0,0,1567866,5182358
Christchurch City,27/07/2014,Sun,1945,EA,CW1C,101A 129A ,M,R,D,DO,F ,T,N,C,50,0,0,0,1567895,5181784
Christchurch City,19/08/2014,Tue,833,KB,MS1C,309B 375B ,,R,D,O ,F ,T,N,C,50,0,0,0,1567895,5181784
Christchurch City,28/02/2014,Fri,1600,CC,CS1C,129A ,MT,R,W,OF,L , ,N,C,50,0,1,0,1566626,5182512
Christchurch City,18/11/2014,Tue,837,NC,VE2,204B 711B 727B ,,R,D,BF,F ,X,T,L,50,0,1,0,1566113,5182175
Christchurch City,31/03/2014,Mon,1430,NA,CN1E,306A ,,R,D,BF,F ,T,G,X,50,0,0,1,1566021,5180618
Christchurch City,05/08/2014,Tue,1729,CB,VS1,357A 407A ,K,R,D,DO,F , ,N,C,50,0,0,0,1565997,5181061
Christchurch City,26/07/2014,Sat,1451,MO,CE1,330A 423A 929 ,F,R,D,B ,F ,D,N,C,50,0,0,0,1567353,5182713
Christchurch City,19/05/2014,Mon,1655,GD,CE1C,331A 358A 402A 929 ,,R,D,TF,F ,D, ,C,50,0,0,1,1567363,5182716
Christchurch City,07/07/2014,Mon,1400,MO,CE1,371A 514A 929 ,C,R,D,B ,F ,D,N,N,50,0,0,0,1572693,5179461
Christchurch City,22/01/2014,Wed,2051,CB,CS1,101A 130A ,F,R,D,TF,F , ,N,N,50,0,0,0,1571128,5177872
Christchurch City,15/07/2014,Tue,1815,FD,VW1C,197A 331A 191B ,,R,D,TO,F , , ,R,50,0,0,1,1571693,5184216
Christchurch City,26/01/2014,Sun,150,EA,CW1V,103A 129A ,M,R,D,DO,F ,T,N,C,50,0,1,0,1569582,5182813
Christchurch City,14/03/2014,Fri,1120,HA,CE14,322A ,,R,D,BF,F ,X,T,N,50,0,0,0,1570308,5183305
Christchurch City,20/07/2014,Sun,1106,HA,CN2C,322B 334B 801 ,F,R,W,O ,L ,X,T,C,50,0,0,2,1570308,5183305
Christchurch City,05/07/2014,Sat,2315,FE,CE1C,103A ,,R,D,DO,F ,X,T,C,50,0,0,0,1571550,5184147
Christchurch City,04/10/2014,Sat,1812,DA,VS2C,111A 131A ,M,S,D,B ,F ,X,T,P,50,0,0,0,1571550,5184147
Christchurch City,01/04/2014,Tue,2025,LB,CW1V,103B 303B ,,R,D,DO,F ,X,T,C,50,0,0,3,1571550,5184147
Christchurch City,04/08/2014,Mon,1958,CA,CE1C,129A 130A ,M,R,D,DO,F , , ,C,50,0,0,1,1571046,5183802
Christchurch City,21/03/2014,Fri,730,LB,CS1C,303B 375B ,,R,D,BF,F ,X,S,C,50,0,0,1,1571129,5183857
Christchurch City,20/12/2014,Sat,1502,EA,CN1C,129A 330A 358A ,M,R,D,B ,F ,T,N,C,50,0,0,0,1571427,5184059
Christchurch City,26/08/2014,Tue,1613,MC,4W1C,372B ,,R,D,B ,F ,T,N,C,50,0,0,0,1571411,5184048
Christchurch City,19/04/2014,Sat,1444,MC,CW1C,372B ,,R,D,BF,F , ,N,C,50,0,0,0,1571394,5184036
Christchurch City,10/11/2014,Mon,915,LB,CW1T,324A 303B ,,R,D,B ,F ,X,T,C,50,0,0,0,1569211,5182564
Christchurch City,15/04/2014,Tue,1310,HA,CW1C,322A ,,R,D,O ,F ,X,T,R,50,0,0,1,1569889,5183020
Christchurch City,30/11/2014,Sun,857,KB,SE1C,322A ,IS,R,D,B ,F ,X,T,R,50,0,0,0,1569889,5183020
Christchurch City,24/06/2014,Tue,315,LB,MW1C,303B 375B ,,R,D,DO,F ,X,T,C,50,0,1,0,1569889,5183020
Christchurch City,12/05/2014,Mon,811,LB,PW1C,303B 902 ,,R,D,B ,F ,T,N,P,50,0,0,1,1570492,5183429
Christchurch City,20/05/2014,Tue,300,EA,4N1C,101A 129A 386A ,M,R,D,DO,F , ,N,C,50,0,0,1,1575803,5185986
Christchurch City,27/01/2014,Mon,1226,EA,CW1C,129A 350A ,M,R,D,B ,F , ,N,C,50,0,0,0,1567285,5182158
Christchurch City,01/06/2014,Sun,1650,HA,CW1C,101B 321B 335B 404B ,,R,D,O ,F ,X,S,C,50,0,0,1,1567323,5182169
Christchurch City,31/03/2014,Mon,1632,GF,VW1C,158A 387A ,,R,D,BF,F ,T,G,R,50,0,0,0,1566930,5182056
Christchurch City,12/08/2014,Tue,1028,DB,TN1CCC,129A 386A ,MMM,E,D,O ,F ,T,N,N,50,0,0,0,1565048,5178777
Christchurch City,13/01/2014,Mon,1525,MC,MS14,372B ,,R,D,B ,F ,T,N,N,50,0,0,1,1565091,5178723
Christchurch City,20/02/2014,Thu,1529,JA,CE1C,308B 377B 839 930 ,,R,D,B ,F ,D,N,C,50,0,0,0,1567458,5180792
Christchurch City,31/08/2014,Sun,1958,PA,CN1E,330A 105B 703B 724B ,,E,D,DO,F , , ,C,70,0,1,0,1572322,5193022
Christchurch City,07/09/2014,Sun,235,GD,CN1C,101A 112A 181A 101B 112B ,,R,D,DO,F ,T,N,C,50,0,0,1,1574880,5180886
Christchurch City,25/01/2014,Sat,2000,CA,MS1,103A 111A 131A ,K,R,D,O ,F ,T,G,N,50,0,0,1,1574592,5179644
Christchurch City,05/05/2014,Mon,1210,QG,TE1,682A ,,M,D,O ,F , , ,N,50,0,0,1,1574604,5179067
Christchurch City,04/04/2014,Fri,1940,CC,CE1C,112A 195A ,M,R,D,DO,F , ,N,C,50,0,0,1,1574505,5179694
Christchurch City,01/02/2014,Sat,1746,MC,CE1C,372B ,P,R,D,B ,F , , ,C,50,0,0,0,1565489,5183791
Christchurch City,05/06/2014,Thu,1700,EA,CW1CC,103A 129A 351A ,M,M,D,TF,F , , ,C,50,0,0,1,1565153,5183576
Christchurch City,14/04/2014,Mon,930,GD,CW1V,331A 350A 929 ,,R,D,OF,F ,D,N,C,50,0,0,1,1565759,5183849
Christchurch City,18/10/2014,Sat,1240,EA,VS1C,330A 355A ,MP,R,D,O ,F , , ,C,50,0,0,0,1565416,5173586
Christchurch City,28/07/2014,Mon,1220,NG,4N1E,730B ,,R,D,O ,F , , ,N,50,0,1,0,1565368,5174040
Christchurch City,03/10/2014,Fri,1545,DA,CE1,111A 402A ,H,M,D,B ,F ,R,G,C,50,0,0,0,1566838,5172288
Christchurch City,02/02/2014,Sun,1500,CC,CS1C,501A ,M,R,D,B ,F , , ,R,50,0,0,1,1574248,5181086
Christchurch City,08/10/2014,Wed,910,HA,TS1C,302A ,,R,D,B ,F ,R,G,R,50,0,0,0,1574250,5180805
Christchurch City,21/07/2014,Mon,820,NA,4E1E,712B 713B 839 ,,R,D,BF,L ,T,S,C,50,0,1,0,1577531,5182791
Christchurch City,17/07/2014,Thu,1749,FD,CW1C,181A 331A ,,R,W,TO,F , , ,C,50,0,0,0,1566675,5184353
Christchurch City,03/04/2014,Thu,2059,GD,CW1C,103A 181A 927 ,,E,D,DO,F ,D,N,C,50,0,0,0,1568662,5180625
Christchurch City,04/04/2014,Fri,700,JA,CW1C,321B 375B ,,R,D,DO,F ,X,S,C,50,0,0,0,1568370,5180599
Christchurch City,07/08/2014,Thu,1834,HA,SE1C,301B ,,R,D,DO,F ,X,S,N,50,0,0,0,1568370,5180599
Christchurch City,25/11/2014,Tue,920,LB,PS1C,158A 197A 353A 303B 377B ,,R,D,O ,F ,X,T,C,50,0,0,1,1567850,5180556
Christchurch City,29/11/2014,Sat,1610,DA,CN2,111A 131A 402A ,F,R,D,O ,F ,X,T,C,50,0,0,0,1567850,5180556
Christchurch City,03/03/2014,Mon,928,GD,CW14,181A 926 ,,R,D,B ,F ,D,N,C,50,0,0,0,1570535,5180641
Christchurch City,24/03/2014,Mon,1655,JA,CS2C,322A 334A 352A 817 ,,R,D,O ,F ,X,T,C,50,0,1,1,1570879,5180644
Christchurch City,25/06/2014,Wed,1039,HA,CW1C,301A 375A ,,R,D,O ,F ,X,S,R,50,0,0,0,1571131,5178750
Christchurch City,12/11/2014,Wed,1651,LB,CS1C,303B ,,R,D,B ,F ,X,S,P,70,0,0,0,1557532,5177478
Christchurch City,30/09/2014,Tue,1345,MO,CE1C,371A 386A 929 ,M,E,D,B ,F ,D,N,N,50,0,0,0,1572870,5177294
Christchurch City,06/09/2014,Sat,125,DC,CS1,101A 110A 332A ,F,S,D,DO,F , , ,C,50,0,2,0,1560751,5177097
Christchurch City,30/06/2014,Mon,1050,JA,4N1CC,303B 375B 402B ,M,R,D,B ,F ,T,N,N,50,0,0,0,1574633,5179761
Christchurch City,17/10/2014,Fri,712,DB,CE1,111A 131A ,KP,E,D,B ,F ,T,N,N,50,0,0,0,1574539,5179969
Christchurch City,18/06/2014,Wed,831,EA,CW1C,129A 412A ,FM,R,W,O ,F , , ,C,50,0,0,0,1574153,5183820
Christchurch City,20/06/2014,Fri,2230,DB,CE1,111A 131A ,F,M,D,DO,F , ,N,P,50,0,0,1,1573368,5184079
Christchurch City,04/08/2014,Mon,820,EA,CE1C,129A 363A 902 ,M,M,D,BF,F , ,N,C,50,0,0,1,1573967,5184106
Christchurch City,24/08/2014,Sun,140,DB,CE2C,103A 131A 402A ,FHM,R,D,DO,F ,T,N,C,50,0,0,0,1576409,5185584
Christchurch City,15/07/2014,Tue,1808,CB,CS1,130A 504A ,P,R,D,DO,F ,T,G,C,50,0,0,1,1564386,5175460
Christchurch City,16/07/2014,Wed,2020,CB,CW1,197A ,F,R,W,DO,L , , ,C,50,0,0,0,1568063,5184392
Christchurch City,01/08/2014,Fri,1825,CB,CW14,410A ,M,R,D,DO,F , ,N,C,50,0,1,0,1567858,5184536
Christchurch City,01/08/2014,Fri,1957,HA,VW1C,302A 387A ,,R,D,DO,F ,R,G,C,50,0,0,0,1568266,5184248
Christchurch City,06/10/2014,Mon,1810,KB,4N1C,322A ,,R,D,TF,F ,T,T,C,50,0,0,0,1571074,5180160
Christchurch City,13/02/2014,Thu,1853,DA,TE1,131A ,P,E,W,O ,F ,T,N,R,30,0,0,0,1574157,5177982
Christchurch City,07/05/2014,Wed,1240,DA,CN2,111A 131A 433A ,KP,E,D,B ,F ,T,N,N,50,0,0,0,1575735,5181363
Christchurch City,25/11/2014,Tue,1513,CA,ON1,135A 800 801 ,,R,W,O ,L , , ,N,50,0,1,0,1597757,5150139
Christchurch City,12/12/2014,Fri,2130,HA,VS2C,322B ,,R,D,DF,F ,X,T,C,50,0,0,0,1571371,5179799
Christchurch City,20/06/2014,Fri,2305,CA,CE1,103A 112A ,I,R,D,DO,F ,X,T,R,50,0,0,0,1570641,5179795
Christchurch City,18/02/2014,Tue,2354,HA,CS2C,322B 350B ,,R,D,DO,F ,X,T,C,50,0,0,0,1570390,5179793
Christchurch City,15/04/2014,Tue,1415,LB,CS1C,322A ,,R,D,OF,F ,X,T,R,50,0,0,0,1568400,5178551
Christchurch City,07/07/2014,Mon,1510,EA,CE1B,129A 359A ,M,R,D,B ,F , , ,C,50,0,0,0,1568812,5178889
Christchurch City,15/01/2014,Wed,1740,FD,CE1C,331A 352A ,,R,D,B ,F , ,N,C,50,0,0,0,1568724,5178816
Christchurch City,26/07/2014,Sat,2203,NB,XE1E,320A 512A ,,R,D,DO,F , ,N,X,50,0,0,1,1568598,5178712
Christchurch City,05/03/2014,Wed,1307,DA,CN14,133A 402A 929 ,M,R,W,OF,L ,D,N,C,50,0,0,0,1568583,5178699
Christchurch City,09/04/2014,Wed,954,EE,SE1C,330B 374B ,M,R,D,B ,F , ,N,P,50,0,0,1,1568528,5178655
Christchurch City,21/05/2014,Wed,1703,FD,PS1C,181A ,,R,D,OF,F ,T,G,C,50,0,1,0,1568560,5178680
Christchurch City,07/07/2014,Mon,1555,MO,CE1C,131A 386A ,M,R,D,B ,F , ,N,C,50,0,0,0,1568839,5178912
Christchurch City,23/07/2014,Wed,1640,KA,CS1CC,302B 375B ,M,R,D,B ,F ,T,G,C,50,0,0,0,1568828,5178902
Christchurch City,04/02/2014,Tue,1415,FE,CE1CV,350A 504A ,,R,D,B ,F ,T,T,R,50,0,0,2,1568888,5178953
Christchurch City,27/05/2014,Tue,1725,LB,PS1C,303B 375B ,,R,D,TF,F ,T,T,C,50,0,1,0,1568888,5178953
Christchurch City,02/04/2014,Wed,631,GB,SN1T,102B 372B 671B 930 ,,R,D,DO,F ,D,G,C,50,1,0,0,1567448,5177773
Christchurch City,16/08/2014,Sat,1555,FA,CN1C,331A 353A ,,R,D,B ,F , , ,R,50,0,0,0,1567802,5178066
Christchurch City,02/10/2014,Thu,658,KA,SS14,308B 375B 927 ,,R,D,TF,F ,D,N,R,50,0,0,1,1567755,5178022
Christchurch City,14/02/2014,Fri,27,CA,CW1,103A 132A 380A ,P,R,D,DO,F ,X,T,R,50,0,0,0,1567767,5178031
Christchurch City,18/08/2014,Mon,1450,LB,SS1C,303B 375B ,,R,D,BF,F ,T,N,C,50,0,0,1,1568670,5178771
Christchurch City,11/02/2014,Tue,1220,LB,4S1C,303B ,,R,D,B ,F ,T,N,C,50,0,0,2,1568670,5178771
Christchurch City,10/01/2014,Fri,1821,LB,CW1C,303B ,,R,D,B ,F ,X,T,R,50,0,0,0,1569119,5179139
Christchurch City,18/03/2014,Tue,920,EA,CN1C,525A ,M,R,D,O ,F , , ,C,50,0,0,0,1568525,5178653
Christchurch City,22/04/2014,Tue,1715,FD,CS1C,181A 331A ,,R,D,TF,F ,T,N,C,50,0,0,0,1567568,5177869
Christchurch City,25/06/2014,Wed,1510,LB,SW1V,314B 377B 929 ,,R,W,O ,F ,D, ,P,50,0,1,0,1567533,5177841
Christchurch City,06/12/2014,Sat,1815,CA,CS1,104A 434A ,IT,R,D,OF,F , ,N,R,50,0,1,0,1568204,5178380
Christchurch City,14/03/2014,Fri,850,FD,CN1C,331A 352A ,,R,D,B ,F ,T,G,R,50,0,0,0,1567673,5177955
Christchurch City,31/07/2014,Thu,1225,AA,CE1CC,372A 381A ,,R,D,B ,F ,T,N,R,50,0,0,0,1568192,5178385
Christchurch City,27/03/2014,Thu,856,HA,VS1CC,322A 334A ,,R,D,B ,F ,X,T,C,50,0,0,2,1568400,5178551
Christchurch City,20/02/2014,Thu,1528,FE,CE1CC,181A ,,R,D,BF,F ,X,T,C,50,0,0,0,1568400,5178551
Christchurch City,22/03/2014,Sat,945,LB,CN14,101A 303B 377B ,,R,D,BF,F ,X,T,R,50,0,1,1,1567767,5178031
Christchurch City,15/08/2014,Fri,928,CB,BN1,132A 610A ,KP,R,W,O ,L ,X,T,C,50,0,0,1,1573600,5179857
Christchurch City,26/04/2014,Sat,1950,LB,CN1C,303B 375B ,,R,D,DO,F ,X,T,R,50,0,0,0,1573580,5179876
Christchurch City,31/07/2014,Thu,902,LB,CN1VV,324A 191B 303B 181C ,,R,D,B ,F ,X,T,N,50,0,0,0,1573589,5179867
Christchurch City,11/05/2014,Sun,1115,FB,CN1C,331A 387A 402A ,,R,D,B ,F ,X,G,C,50,0,0,0,1572555,5180802
Christchurch City,01/08/2014,Fri,1507,HA,4S1C,301B 375B 830 ,,R,D,O ,F ,X,S,C,50,0,0,0,1572716,5180661
Christchurch City,06/11/2014,Thu,1254,HA,CN2C,301A 377A ,,R,D,O ,F ,X,S,C,50,0,0,0,1572716,5180661
Christchurch City,30/06/2014,Mon,1540,FD,CS1C,181A 331A 403A 423A ,,R,D,B ,F , , ,C,50,0,0,1,1573559,5179912
Christchurch City,26/08/2014,Tue,1855,NA,CN1E,713B ,,R,D,TO,F ,X,T,C,50,0,0,0,1573581,5179891
Christchurch City,15/08/2014,Fri,950,HA,CE1CC,309A 845 ,,R,W,O ,L ,X,T,N,50,0,0,1,1573588,5179885
Christchurch City,03/05/2014,Sat,1450,CB,CW1CC,102A 129A ,MM,R,D,BF,F , ,N,R,50,0,0,1,1573800,5179678
Christchurch City,24/11/2014,Mon,1740,LB,CE1CC,303B 387B ,IQ,R,D,BF,F ,T,G,R,50,0,0,1,1573709,5179801
Christchurch City,27/08/2014,Wed,1700,LB,CE1C,302B ,,R,D,B ,F ,T,G,C,50,0,0,1,1573709,5179801
Christchurch City,16/03/2014,Sun,1151,FA,CE1C,181A ,T,E,W,OF,HS, ,N,R,60,0,0,2,1574406,5179205
Christchurch City,13/06/2014,Fri,1416,HA,CW2B,101A 301A ,,R,D,BF,F ,X,S,C,50,0,0,1,1572852,5180540
Christchurch City,08/10/2014,Wed,1613,FD,CW1C,331A 352A ,,R,D,B ,F , , ,R,50,0,0,0,1573173,5180243
Christchurch City,18/07/2014,Fri,630,HA,4S1S,302A 375A ,,R,D,TO,F ,T,G,C,60,0,1,0,1574033,5179517
Christchurch City,09/05/2014,Fri,1353,FE,CN1C,331A 351A ,,R,D,B ,F ,T,T,C,50,0,0,0,1573388,5180050
Christchurch City,21/01/2014,Tue,1645,FB,CE1C,181A 387A 930 ,,E,D,O ,F , , ,N,50,0,0,0,1574006,5179495
Christchurch City,14/09/2014,Sun,1454,GB,CN1S,175A 303A 330A ,,R,D,B ,F ,X,G,C,50,0,0,1,1573976,5179521
Christchurch City,03/10/2014,Fri,1626,EA,CW1C,129A 358A ,M,R,D,O ,F , , ,P,60,0,0,0,1574876,5178833
Christchurch City,20/06/2014,Fri,735,KA,SW1C,301B ,,R,D,OF,F ,X,S,C,50,0,0,1,1574998,5178745
Christchurch City,03/07/2014,Thu,1320,HA,TN2V,301A 387A ,,R,D,BF,F ,X,S,C,50,0,0,0,1574998,5178745
Christchurch City,01/07/2014,Tue,1340,HA,TE1T,301B 375B 671B 902 ,,R,D,B ,F ,X,S,C,50,0,0,0,1574998,5178745
Christchurch City,14/01/2014,Tue,1528,KB,VS14,113B 301B 321B ,,R,D,B ,F ,X,S,C,50,0,0,1,1574998,5178745
Christchurch City,28/03/2014,Fri,2003,EA,CW1C,129A 410A ,M,R,D,DO,F , ,N,R,60,0,0,0,1574246,5179288
Christchurch City,04/02/2014,Tue,1535,EE,SN1C,374B ,M,R,D,B ,F , , ,C,50,0,0,1,1574178,5179346
Christchurch City,21/08/2014,Thu,1845,DA,CW1CC,111A 131A 402A ,T,S,D,DO,F , , ,N,50,0,0,0,1573505,5181044
Christchurch City,23/01/2014,Thu,145,CC,CN1,112A 402A ,CT,R,D,DO,F ,T,G,N,50,0,0,0,1574335,5182215
Christchurch City,03/11/2014,Mon,1858,CB,CN1,135A 195A 812 813 ,P,R,D,B ,F , , ,N,50,0,0,0,1574297,5182780
Christchurch City,20/04/2014,Sun,1830,CC,CW1,130A ,T,R,D,O ,F ,T,N,N,50,0,0,0,1574657,5178673
Christchurch City,28/07/2014,Mon,1010,HA,CS2C,301B ,,R,D,B ,F ,X,S,N,50,0,0,0,1577445,5172246
Christchurch City,30/04/2014,Wed,2015,MF,CW1C,371B ,,R,D,DO,F , , ,C,50,0,0,0,1577580,5172198
Christchurch City,03/05/2014,Sat,1900,DA,CS1,111A 131A ,,M,D,DO,F ,T,N,N,50,0,0,0,1574681,5177321
Christchurch City,17/05/2014,Sat,1200,MC,CE1C,372B ,,R,D,BF,F , ,N,C,50,0,0,0,1565651,5178746
Christchurch City,27/05/2014,Tue,1945,QO,4E1C,129A 517A ,HMX,R,W,DO,F , ,N,N,50,0,0,0,1574498,5181034
Christchurch City,10/12/2014,Wed,750,FD,4N1CC,181A 331A 181B ,,R,W,O ,L , , ,C,50,0,0,1,1567887,5177868
Christchurch City,18/03/2014,Tue,1309,FB,CS1C,181A 387A ,,R,D,O ,F ,R,G,R,50,0,0,0,1568850,5176609
Christchurch City,15/02/2014,Sat,1120,MD,SS1C,204A 308B 370B 929 ,,R,D,B ,F ,D, ,P,50,0,0,1,1567771,5178022
Christchurch City,12/02/2014,Wed,1518,HA,CS2CC,321A 335A ,,R,D,O ,F ,X,S,C,50,0,0,0,1568143,5177558
Christchurch City,29/11/2014,Sat,630,EA,CS1C,414A ,M,R,D,O ,F , , ,C,50,0,0,0,1568758,5176781
Christchurch City,18/06/2014,Wed,1712,HA,CN1C,302A 375A ,,R,D,DO,F ,R,G,C,50,0,0,1,1568852,5176605
Christchurch City,16/06/2014,Mon,1959,CC,VN1,129A 130A 407A ,IP,R,W,DO,F , , ,R,50,0,0,0,1572997,5178390
Christchurch City,04/06/2014,Wed,715,DA,CE1,111A 131A 802 ,V,M,I,B ,F , , ,N,100,0,0,0,1556105,5178440
Christchurch City,13/04/2014,Sun,205,HA,CN1C,322A 378A 322B 378B 817 901 ,,R,W,DO,H ,X,T,C,50,0,0,1,1571124,5180403
Christchurch City,25/04/2014,Fri,1450,HA,4N1C,322A 817 ,,R,D,BF,F ,X,T,C,50,0,0,0,1571124,5180403
Christchurch City,18/06/2014,Wed,1340,HA,CN1C,324A ,,R,D,BF,F ,X,T,C,50,0,0,0,1571124,5180403
Christchurch City,17/01/2014,Fri,1432,HA,CN1C,322A 334A ,,R,D,B ,F ,X,T,N,50,0,0,0,1571124,5180403
Christchurch City,05/06/2014,Thu,1240,LB,CE2C,303B 375B 817 ,,R,D,OF,F ,X,T,R,50,0,0,2,1571120,5181287
Christchurch City,09/09/2014,Tue,2326,HA,CE2C,322A 330A ,,R,D,DO,F ,X,T,C,50,0,0,0,1571120,5181287
Christchurch City,04/09/2014,Thu,653,HA,CW24,301A ,,R,W,O ,F ,X,S,C,50,0,0,0,1571117,5181854
Christchurch City,29/03/2014,Sat,128,DA,CN1,111A 131A 402A ,P,S,D,DO,F ,T,T,C,50,0,0,0,1571127,5180040
Christchurch City,28/11/2014,Fri,1143,GF,CN1C,129A 131A 407A 801 ,KS,M,W,O ,L ,T,T,C,50,0,0,0,1571127,5180040
Christchurch City,12/05/2014,Mon,1418,GF,CN1C,129A 129B ,,R,D,O ,F ,T,T,C,50,0,0,0,1571127,5180040
Christchurch City,19/01/2014,Sun,1317,DA,CW2,111A 131A 427A ,FT,R,D,B ,F ,X,T,C,50,0,0,1,1571122,5180647
Christchurch City,28/02/2014,Fri,2116,AA,VN1C,372A ,,R,W,DO,L , ,N,C,50,0,0,0,1571128,5179772
Christchurch City,25/11/2014,Tue,1535,AO,CN1C,129A 129B ,,R,D,O ,F , , ,C,50,0,0,0,1571132,5179248