TLANAME,CRASHDATE,CRASHDOW,CRASHTIME,MVMT,VEHICLES,CAUSES,OBJECTSSTRUCK,ROADCURVE,ROADWET,LIGHT,WTHRa,JUNCTYPE,TRAFCTRL,ROADMARK,SPDLIM,CRASHFATALCNT,CRASHSEVCNT,CRASHMINCNT,EASTING,NORTHING
Christchurch City,25/06/2014,Wed,1749,FD,CN1C,331A 352A 801 ,,R,W,DO,L , , ,C,50,0,0,0,1571131,5179368
Christchurch City,24/09/2014,Wed,1450,HA,SN1V,301B 375B ,,R,D,OF,F ,X,S,C,50,0,0,1,1571118,5181533
Christchurch City,13/01/2014,Mon,720,HA,VS1C,321B 902 ,,R,D,B ,F ,X,S,N,50,0,0,2,1571118,5181533
Christchurch City,05/11/2014,Wed,1308,AC,CN1C,372A ,,R,W,OF,L , ,N,C,50,0,0,0,1571130,5179428
Christchurch City,23/08/2014,Sat,2135,FE,CN1C,102A 334A 359A ,,R,D,DO,F ,M,T,C,50,0,0,0,1571129,5179555
Christchurch City,24/02/2014,Mon,1413,HA,CE2C,322A ,,R,D,BF,F ,X,T,C,50,0,0,0,1571129,5179677
Christchurch City,02/09/2014,Tue,1646,DA,CN1,131A 425A ,GH,M,D,B ,F , , ,C,50,0,0,0,1577712,5177083
Christchurch City,15/07/2014,Tue,1950,HA,CE1S,302B 375B ,,M,D,DO,L ,X,G,C,50,0,1,0,1566338,5178695
Christchurch City,09/10/2014,Thu,2136,NB,CW1E,719B ,,R,W,DO,H , , ,C,50,0,0,1,1564226,5181690
Christchurch City,23/04/2014,Wed,1639,LB,CE1C,303B 375B ,,R,D,OF,F ,X,T,C,50,0,0,0,1565980,5181382
Christchurch City,10/05/2014,Sat,2119,EA,CW1C,129A 412A ,M,R,D,DO,F ,Y,N,N,50,0,0,0,1565110,5181678
Christchurch City,13/03/2014,Thu,1245,FO,TS1X,197A 331A 353A 927 ,,R,D,B ,F ,D,G,P,50,0,0,0,1565748,5181495
Christchurch City,05/05/2014,Mon,2045,LB,CS2C,303B 351B 402B ,,R,D,TO,F ,X,T,C,50,0,0,2,1565413,5181702
Christchurch City,09/01/2014,Thu,1425,FD,CN1C,181A ,,R,D,B ,F , , ,C,50,0,0,0,1568773,5184672
Christchurch City,05/09/2014,Fri,1250,DA,CS1,111A 801 ,V,M,W,O ,L ,T,T,R,80,0,0,0,1571699,5191959
Christchurch City,13/12/2014,Sat,430,DA,TW1,130A 410A ,G,E,D,DO,F , ,N,C,100,0,0,0,1571226,5190776
Christchurch City,19/05/2014,Mon,1445,DB,CN1,131A 330A ,GK,E,D,B ,F , ,N,C,80,0,0,0,1571890,5192909
Christchurch City,16/09/2014,Tue,1220,CB,CS1,130A 504A ,T,R,D,B ,F , ,N,C,80,0,0,1,1571896,5192969
Christchurch City,28/01/2014,Tue,1246,CB,VN1,330A 386A ,B,R,D,B ,F , ,N,C,80,0,0,1,1571795,5193222
Christchurch City,01/02/2014,Sat,1814,FC,CN1CCC,181A 181B 181C ,,R,D,B ,F , , ,C,50,0,0,0,1568582,5184400
Christchurch City,14/01/2014,Tue,2348,CA,CN1,130A ,I,R,D,DO,F , , ,R,50,0,0,0,1568465,5184232
Christchurch City,24/03/2014,Mon,731,LB,SS1C,314B 377B ,,R,D,B ,F ,T,N,C,80,0,0,1,1571784,5192130
Christchurch City,27/05/2014,Tue,1700,LB,PN1C,150A 204A 303B 922 ,,R,D,DO,F ,D,N,C,50,0,0,1,1568348,5184064
Christchurch City,20/06/2014,Fri,1830,FE,CN1CC,331A 353A ,,R,D,DO,F ,X,T,C,50,0,0,0,1568404,5184144
Christchurch City,12/12/2014,Fri,925,LB,SS1C,303B 314B 377B 801 ,,R,W,O ,L ,T,G,P,50,0,0,1,1568860,5184795
Christchurch City,18/06/2014,Wed,650,GD,BN1CC,333A 358A 901 ,,R,W,DO,H ,T,G,P,50,0,0,1,1568860,5184795
Christchurch City,22/09/2014,Mon,1555,NA,CN1E,712B 713B ,,R,D,B ,F , , ,R,60,0,0,1,1568963,5185252
Christchurch City,16/04/2014,Wed,1822,GB,SN1C,172B 355B 925 ,,R,W,O ,F ,D,N,R,50,0,1,0,1568571,5184383
Christchurch City,09/05/2014,Fri,1819,FE,CS1CCV,181A ,,R,D,DO,FS, ,T,R,50,0,0,0,1568446,5184204
Christchurch City,18/08/2014,Mon,1435,FD,CN14C,181A 353A ,,R,D,B ,F , ,N,R,50,0,0,3,1568755,5184646
Christchurch City,17/02/2014,Mon,1550,NA,CS1E,711B 712B ,,R,D,B ,F , , ,C,50,0,0,1,1568680,5184539
Christchurch City,15/07/2014,Tue,1230,FE,CS1C,181A ,,R,D,B ,F ,T,T,C,50,0,0,0,1568697,5184564
Christchurch City,01/03/2014,Sat,657,CB,CW1,103A 410A ,G,R,D,BF,F , ,N,C,80,0,0,0,1570710,5190557
Christchurch City,30/09/2014,Tue,920,MA,CN1C,373B ,,R,D,B ,F , , ,C,50,0,0,0,1568740,5184625
Christchurch City,01/01/2014,Wed,330,FA,CN1X,181A 331A 193B 351B ,F,R,D,DO,F ,T,G,C,50,0,0,1,1568732,5184612
Christchurch City,18/09/2014,Thu,1721,FD,CN1CC,181A 181B ,,R,D,TF,F ,T,S,C,50,0,0,0,1568841,5184769
Christchurch City,13/09/2014,Sat,1325,JA,CN1C,301B ,,R,W,O ,L ,T,S,P,50,0,0,0,1568847,5184777
Christchurch City,16/04/2014,Wed,1628,GB,BS14,101A 172B 372B 929 ,,R,W,OF,L ,D,N,R,50,0,0,1,1568965,5185067
Christchurch City,20/04/2014,Sun,250,DA,CS1VC,103A 111A ,M,E,D,DO,F , ,N,C,50,0,2,0,1578363,5177329
Christchurch City,13/09/2014,Sat,2125,BF,4N1B,103A 111A 131A 801 ,,M,W,DO,L , , ,L,50,0,1,0,1579784,5176546
Christchurch City,18/08/2014,Mon,1135,AO,CE1S,129A 817 ,,E,D,BF,F , ,N,N,50,0,0,1,1576909,5177401
Christchurch City,07/12/2014,Sun,1325,FD,CN1C,181A ,,R,D,BF,F , ,N,P,50,0,0,0,1564717,5179758
Christchurch City,14/12/2014,Sun,400,CC,CE1,112A 130A 402A ,S,R,D,DO,F , , ,C,50,0,0,0,1564611,5179683
Christchurch City,06/03/2014,Thu,2210,CB,CW1E,103A 129A ,,R,D,DO,F ,T,G,C,50,0,0,0,1564635,5179701
Christchurch City,01/02/2014,Sat,1845,NB,CW1E,711B ,,R,D,B ,F , , ,R,50,0,0,1,1565062,5179983
Christchurch City,30/05/2014,Fri,1655,LB,SW1C,303B 377B 929 ,,R,D,TF,F ,D,N,C,50,0,0,1,1565122,5179989
Christchurch City,08/08/2014,Fri,1442,FD,CN1V,181A 191B ,,R,D,B ,F , , ,C,50,0,0,0,1564940,5179921
Christchurch City,20/08/2014,Wed,1230,EA,CW1C4,129A 358A ,M,R,D,B ,F , , ,C,50,0,0,0,1564444,5179560
Christchurch City,07/07/2014,Mon,1600,MC,CE1C,372B 381B ,,R,D,B ,F , ,N,C,50,0,0,1,1564347,5179489
Christchurch City,05/06/2014,Thu,900,JA,MS1C,302B 375B ,,R,D,O ,F ,T,G,C,50,0,0,1,1564428,5179548
Christchurch City,27/04/2014,Sun,1046,MC,4S1C,372B 375B ,,R,D,BF,F , ,N,C,50,0,0,0,1564254,5179422
Christchurch City,09/06/2014,Mon,1911,JA,CE1C,302B 375B ,,R,W,DO,H ,X,G,R,50,0,0,0,1565418,5180023
Christchurch City,26/10/2014,Sun,550,CC,CE1,103A 410A ,P,R,D,DO,F , , ,C,80,0,0,1,1572759,5185114
Christchurch City,09/02/2014,Sun,2136,DA,CN14,101A 111A 131A ,M,M,D,DO,F , ,N,N,50,0,0,2,1571600,5175400
Christchurch City,11/08/2014,Mon,1734,LB,4S1C,303B 817 ,,R,D,TO,F ,X,T,C,50,0,0,1,1570881,5180402
Christchurch City,25/03/2014,Tue,1625,HA,CE2C,301A 314A 377A ,,R,W,OF,L ,X,S,C,50,0,0,0,1570880,5180523
Christchurch City,07/04/2014,Mon,1530,HA,VN14C,321B 375B ,M,R,D,O ,F ,X,S,C,50,0,0,1,1570872,5181853
Christchurch City,09/09/2014,Tue,849,JC,CW2V,302A 353A ,,R,D,B ,F ,T,G,C,50,0,0,0,1570888,5179299
Christchurch City,26/11/2014,Wed,1206,LB,PS1C,303B 375B ,,R,D,B ,F ,X,T,C,50,0,1,0,1570881,5180281
Christchurch City,10/10/2014,Fri,910,LB,CS1V,303B ,,R,D,B ,F ,X,T,C,50,0,0,0,1570883,5180038
Christchurch City,17/12/2014,Wed,1033,LB,CS1C,303B 375B ,,R,D,O ,F ,T,N,P,50,0,0,1,1570888,5179247
Christchurch City,29/03/2014,Sat,1055,HA,CN1C,302B ,,R,D,B ,F ,X,G,C,50,0,0,0,1570880,5180444
Christchurch City,29/05/2014,Thu,729,FD,VS1CC,331A 358A ,,R,D,B ,F ,X,S,C,50,0,0,1,1570879,5180760
Christchurch City,06/02/2014,Thu,1558,HA,CE2C,322B 334B ,,R,D,B ,F ,X,T,C,50,0,0,0,1570878,5180886
Christchurch City,27/10/2014,Mon,330,FE,CN1C,181A 331A 350A ,,R,D,DO,F ,X,T,C,50,0,0,0,1570886,5179554
Christchurch City,21/03/2014,Fri,0,HA,CW2C,322A 322B 817 ,RFR,R,D,DO,F ,X,T,C,50,0,0,0,1570886,5179554
Christchurch City,21/01/2014,Tue,816,HA,CE2C,427B ,,R,W,O ,L ,X,T,C,50,0,0,1,1570885,5179675
Christchurch City,07/12/2014,Sun,1815,GB,CN14,158A 387A 925 ,,R,D,ON,F ,D,N,C,50,0,0,0,1568230,5179774
Christchurch City,17/07/2014,Thu,1115,JA,CS1C,322A ,,R,D,O ,L ,T,T,R,50,0,0,0,1568257,5179524
Christchurch City,04/11/2014,Tue,903,MO,TW1CC,386A 929 ,M,R,D,O ,F ,D,N,N,50,0,0,0,1569505,5182344
Christchurch City,14/12/2014,Sun,1111,DA,CN1,111A 131A ,Z,E,D,B ,F , ,N,C,50,0,0,0,1576776,5168040
Christchurch City,02/03/2014,Sun,5,DB,CN1,111A 131A 402A ,T,E,D,DO,F ,T,G,N,50,0,0,0,1578927,5169480
Christchurch City,26/06/2014,Thu,1201,GE,MN1C,112A 160A 333A 514A 532A 926 ,,R,D,B ,F ,D, ,C,50,1,0,1,1578159,5183152
Christchurch City,27/05/2014,Tue,1300,JA,VN14C,301B 375B ,,R,D,BF,F ,T,S,R,50,0,0,0,1578208,5182968
Christchurch City,30/08/2014,Sat,2130,DA,VS1,103A 131A 385A 404A 929 ,C,R,D,DO,F ,D,N,C,50,0,0,0,1578309,5182618
Christchurch City,04/09/2014,Thu,2142,EA,CN1C,101A 129A 645A ,M,R,D,DO,F , , ,C,50,0,0,0,1578976,5180220
Christchurch City,18/09/2014,Thu,1222,GD,CS1V4,112A 387A ,KM,R,D,B ,F ,T,N,C,50,0,0,0,1577868,5184279
Christchurch City,29/03/2014,Sat,140,DB,VS1,111A 131A ,F,M,D,DO,M , , ,N,50,0,0,0,1578438,5181924
Christchurch City,22/05/2014,Thu,1754,NB,CS1E,711B ,,R,D,DO,F , , ,N,50,0,1,0,1577700,5184900
Christchurch City,23/06/2014,Mon,851,EA,CN14,129A 351A ,M,R,D,B ,F ,T,N,C,50,0,0,0,1578489,5181747
Christchurch City,13/04/2014,Sun,1728,DA,TN2,103A 111A 131A ,F,R,W,OF,L ,T,N,R,50,0,0,0,1575856,5182371
Christchurch City,19/06/2014,Thu,2031,CB,CS1T,195A ,M,R,D,DO,F , , ,N,50,0,0,1,1576189,5182069
Christchurch City,11/10/2014,Sat,1301,MC,CS1C,372B ,,R,D,B ,F , , ,P,50,0,0,1,1572713,5183174
Christchurch City,08/07/2014,Tue,1730,FD,4N1CC4,112A 181A ,,R,W,TO,L , ,N,C,50,0,1,0,1572694,5183426
Christchurch City,17/09/2014,Wed,750,FD,CS1C,181A ,,R,D,OF,F , ,N,C,80,0,0,0,1572339,5188385
Christchurch City,26/01/2014,Sun,1235,CC,CS1,134A 410A ,F,R,D,B ,F , ,N,C,80,0,0,0,1572316,5188783
Christchurch City,19/03/2014,Wed,1357,JA,CN1C,302B 387B ,F,R,D,BF,F ,T,G,L,80,0,0,1,1572342,5188185
Christchurch City,28/02/2014,Fri,1645,LB,CN1C,324A 930 ,,R,W,OF,H ,D,T,R,50,0,0,0,1572623,5184310
Christchurch City,01/08/2014,Fri,1040,LB,CN1C,324A 377B ,,R,D,B ,F ,X,T,R,50,0,0,0,1572631,5184210
Christchurch City,14/03/2014,Fri,747,LB,CN1C,303B 353B 375B ,,R,D,BF,F ,X,T,N,50,0,0,0,1572631,5184210
Christchurch City,02/11/2014,Sun,1650,GD,CN1C,331A 352A 927 ,,R,D,B ,F ,D,N,C,80,0,0,0,1571964,5190441
Christchurch City,28/05/2014,Wed,658,GD,VS1V,331A ,,R,D,DO,F ,T,G,C,80,0,0,0,1572052,5190261
Christchurch City,24/05/2014,Sat,1424,FD,CS1CC,181A ,,R,D,BF,F , ,N,P,50,0,0,0,1572706,5183270
Christchurch City,24/02/2014,Mon,1749,LB,MN1C,112A 303B 314B ,,R,D,B ,F ,T,G,P,50,0,0,2,1572726,5183022
Christchurch City,23/11/2014,Sun,734,CA,CN1,102A 130A 412A ,P,R,D,B ,F ,T,T,R,50,0,0,0,1572617,5184379
Christchurch City,26/01/2014,Sun,1238,HA,CS1C,322B 505B 517B ,,R,D,O ,F ,X,T,R,50,0,0,0,1572631,5184210
Christchurch City,30/06/2014,Mon,1015,JA,4S1V,122A 322A 358A ,,R,D,B ,F ,X,T,R,50,0,0,1,1572631,5184210
Christchurch City,17/06/2014,Tue,1940,CB,CN1,130A ,BZ,R,D,DO,F , , ,N,80,0,0,0,1572354,5187724
Christchurch City,14/03/2014,Fri,1749,JA,CS1C,301B 375B ,,R,D,BF,F ,X,S,C,80,0,0,0,1572355,5187709
Christchurch City,03/12/2014,Wed,814,FD,4S1TC4,181A ,,R,D,BF,F , ,N,C,80,0,0,3,1571692,5191001
Christchurch City,21/12/2014,Sun,130,CB,CS1,103A 130A ,TX,R,D,DO,F , , ,C,80,0,0,0,1571745,5190893
Christchurch City,27/07/2014,Sun,1130,JA,CS14,302B 382B ,,R,D,OF,F ,T,G,P,50,0,0,0,1572561,5185089
Christchurch City,04/08/2014,Mon,817,KA,TS1C,302B ,,R,D,B ,F ,T,G,C,80,0,0,0,1572560,5185099
Christchurch City,11/04/2014,Fri,2122,AD,CN1C,150A 431A 150B ,P,R,D,DO,F , ,N,C,70,0,0,2,1572545,5185287
Christchurch City,30/01/2014,Thu,1315,MC,CN1C,372B ,,R,D,O ,F , , ,C,70,0,0,0,1572545,5185287
Christchurch City,11/01/2014,Sat,2150,CB,CN1,103A 130A 357A ,P,R,D,DO,F , , ,C,70,0,0,1,1572537,5185387
Christchurch City,13/06/2014,Fri,1855,LB,4S1C,303B 375B 927 ,,R,D,DO,F ,D, ,C,50,0,0,0,1572671,5183712
Christchurch City,18/06/2014,Wed,851,BE,CN1C,136A 668A 801 817 ,,R,W,O ,L , , ,C,80,0,0,0,1572452,5186484
Christchurch City,15/03/2014,Sat,1100,NA,CS1E,711B 712B ,,R,D,BF,F ,R,T,P,80,0,1,0,1572452,5186489
Christchurch City,15/07/2014,Tue,1626,BA,CS1T,103A 125A ,,R,D,B ,F , ,N,C,50,0,1,1,1572429,5186778
Christchurch City,20/04/2014,Sun,420,CC,CN1,412A ,PT,R,D,DN,F , ,N,C,80,0,0,1,1572414,5186968
Christchurch City,24/06/2014,Tue,646,MA,CS1T,373B 817 ,,R,D,DO,FF, , ,P,70,0,0,0,1572463,5186350
Christchurch City,13/11/2014,Thu,849,FD,CS1CC,181A ,,R,D,BF,F , ,N,P,70,0,0,1,1572414,5186968
Christchurch City,03/08/2014,Sun,1600,LB,CS1CC,302A 330A ,,R,W,O ,F ,R,G,C,80,0,0,0,1572453,5186469
Christchurch City,22/09/2014,Mon,1432,FE,CS1C,103A 331A ,,R,D,B ,F ,X,T,P,80,0,0,0,1572453,5186469
Christchurch City,23/08/2014,Sat,2255,KB,4N1C,308B 330B 925 ,,R,D,DO,F ,D,N,R,50,0,0,0,1572734,5182909
Christchurch City,19/06/2014,Thu,1459,MA,CS14,373B ,,R,D,B ,F , , ,C,80,0,0,3,1572246,5189290
Christchurch City,02/07/2014,Wed,221,CB,CE1,112A 130A 517A ,P,R,D,DN,L , ,N,N,100,0,0,0,1561719,5175397
Christchurch City,31/07/2014,Thu,130,EA,CW1C,129A ,M,R,D,DO,F , ,N,N,50,0,0,0,1568444,5184114
Christchurch City,11/08/2014,Mon,2230,EA,CE1T,129A 359A ,M,R,D,DO,F , , ,N,50,0,0,1,1567261,5176817
Christchurch City,16/11/2014,Sun,902,JA,CS1C,308B 423B 927 ,,R,D,BF,F ,D,N,C,50,0,0,0,1567409,5179381
Christchurch City,03/02/2014,Mon,1735,LB,CN1V,303B 377B 922 ,,R,D,BF,F ,D,N,L,50,0,0,0,1567411,5179361
Christchurch City,13/11/2014,Thu,1732,GD,CS1C,331A 922 ,,R,D,O ,F ,D,N,C,50,0,0,0,1567412,5179351
Christchurch City,20/03/2014,Thu,756,LB,SS1C,322A ,,R,D,BF,F ,X,T,C,60,0,0,1,1567404,5179423
Christchurch City,14/01/2014,Tue,2030,DB,TN1,386A ,P,E,D,TF,F ,X,T,C,50,0,0,0,1567405,5179411
Christchurch City,27/04/2014,Sun,1348,FD,4S1C,181A ,,R,D,BF,F , ,N,C,50,0,0,0,1567324,5180165
Christchurch City,01/02/2014,Sat,1413,JA,CS1C,308B 375B 925 ,,R,D,O ,F ,D,N,P,50,0,0,1,1567338,5180036
Christchurch City,17/09/2014,Wed,1426,HA,CS14,301B ,,R,D,B ,F ,X,S,R,50,0,0,0,1567342,5179996
Christchurch City,04/07/2014,Fri,1445,HA,TN1C,301B 377B ,,R,D,B ,F ,X,S,C,50,0,0,2,1567354,5179879
Christchurch City,29/05/2014,Thu,1616,JA,VS1C,301B ,,R,D,O ,F ,X,S,C,50,0,0,0,1567354,5179879
Christchurch City,04/05/2014,Sun,1505,JA,CS1C,302B 370B 925 ,,R,D,O ,F ,D,G,C,50,0,0,0,1567335,5180057
Christchurch City,29/07/2014,Tue,1405,KA,SS1C,308B 377B 925 ,,R,D,O ,F ,D,G,P,50,0,1,0,1567319,5180206
Christchurch City,30/05/2014,Fri,1256,KA,CS1C,308B 926 ,,R,D,B ,F ,D,N,P,50,0,0,0,1567338,5180037
Christchurch City,26/09/2014,Fri,1952,BC,4W2C,103A 122A ,Q,R,D,DO,F ,T,G,C,50,0,0,1,1567997,5184114
Christchurch City,14/05/2014,Wed,2340,CA,CW1C,103A 130A ,M,R,D,DO,F , , ,C,50,0,0,0,1575541,5181654
Christchurch City,09/10/2014,Thu,1733,JA,CS1T,302B 382B ,,R,D,O ,F ,T,G,C,80,0,0,1,1564262,5186514
Christchurch City,12/07/2014,Sat,1625,KB,CN1C,302B ,,R,D,O ,F ,T,G,C,80,0,0,0,1564262,5186514
Christchurch City,09/05/2014,Fri,1812,DA,CE1,129A 404A ,F,E,D,DN,F , ,N,N,100,0,0,0,1562575,5186878
Christchurch City,09/09/2014,Tue,1615,DA,CW1,111A 131A 402A ,F,S,D,BF,F , ,N,C,100,0,0,0,1561065,5186208
Christchurch City,03/12/2014,Wed,1116,KA,TS1V,302B 375B ,,E,D,B ,F ,T,G,C,100,0,0,0,1562254,5186264
Christchurch City,27/01/2014,Mon,1300,JC,CE1C,302A ,,R,D,B ,F ,X,G,C,50,0,0,0,1566896,5181525
Christchurch City,28/06/2014,Sat,1145,LB,CN1C,303B 353B 375B ,,R,D,B ,F ,X,T,R,60,0,0,0,1565322,5182843
Christchurch City,13/07/2014,Sun,225,CC,CS1C,103A 130A ,M,R,D,DO,F , , ,P,50,0,0,0,1565755,5182481
Christchurch City,15/03/2014,Sat,400,LB,CW1C,313A ,,R,D,DO,F ,X,T,R,50,0,0,0,1565717,5182514
Christchurch City,04/01/2014,Sat,100,LB,XE1C,101B 303B ,,R,D,DO,F ,X,T,R,60,0,0,0,1565717,5182514
Christchurch City,13/09/2014,Sat,1855,LB,VE1C,303B 375B ,,R,W,DO,L ,X,T,R,50,0,0,1,1565717,5182514
Christchurch City,06/06/2014,Fri,1915,JA,MS14,308B 375B 929 ,,R,W,DO,F ,D,N,C,50,0,1,0,1565850,5182400
Christchurch City,18/07/2014,Fri,1215,FE,4E1CC,191A 331A 181B ,,R,W,O ,L ,X,T,C,60,0,0,0,1566113,5182175
Christchurch City,01/12/2014,Mon,2050,HA,CW1V,322B ,,R,W,TO,L ,X,T,C,50,0,0,0,1566113,5182175
Christchurch City,17/10/2014,Fri,2220,BE,CS14,101A 112A ,P,R,D,DO,F , ,N,R,60,1,4,2,1564659,5183424
Christchurch City,18/02/2014,Tue,1700,KA,4S1C,302B 375B ,,R,D,B ,F ,T,G,R,60,0,0,0,1564704,5183385
Christchurch City,22/09/2014,Mon,720,JA,CN1V,308B 377B 839 929 ,,R,W,O ,H ,D, ,C,50,0,0,0,1566349,5181974
Christchurch City,10/02/2014,Mon,1527,FD,CN1CC,132A 181A ,,R,D,B ,F , ,N,P,50,0,0,0,1566349,5181974
Christchurch City,20/10/2014,Mon,1745,GB,CW1S4,372A ,,R,D,O ,F ,T,G,C,50,0,0,1,1566685,5181687
Christchurch City,18/10/2014,Sat,503,EA,CN1CC,130A 410A ,M,R,D,DO,F , ,N,R,60,0,0,1,1564226,5183782
Christchurch City,21/12/2014,Sun,510,EA,CE1VCC,130A 410A ,M,R,D,TO,F , ,N,R,50,0,0,1,1563640,5184309
Christchurch City,15/09/2014,Mon,446,EA,VW1C44,129A 130A 359A ,MMM,R,D,TO,F , , ,C,60,0,0,0,1563767,5184182
Christchurch City,09/12/2014,Tue,1645,HA,CE1S,302A 375A ,,R,D,O ,L ,R,G,C,50,0,0,1,1569307,5181661
Christchurch City,08/02/2014,Sat,245,CB,CS1,103A 130A 412A ,P,R,D,DO,F , , ,C,50,0,0,0,1564310,5180369
Christchurch City,26/03/2014,Wed,2205,EA,CS1C,501A ,M,R,D,DO,F , , ,C,50,0,0,0,1564320,5180395
Christchurch City,03/12/2014,Wed,1013,MC,CN1C,372B 375B ,,R,D,BF,F ,X,S,C,50,0,0,1,1566144,5179392
Christchurch City,04/05/2014,Sun,1550,FB,CN1C,112B 130B ,F,R,D,O ,F ,X,G,R,50,0,0,0,1566054,5180095
Christchurch City,02/04/2014,Wed,1600,FB,CS1C,181A 387A ,,R,D,B ,F ,T,S,R,50,0,0,0,1566156,5179281
Christchurch City,02/02/2014,Sun,1340,CA,MN1,101A 330A 810 ,,R,D,B ,F , ,N,C,100,0,0,0,1569324,5160909
Christchurch City,04/08/2014,Mon,800,CB,CE1,129A 351A ,,R,D,BF,FF, ,N,C,50,0,0,0,1565910,5175236
Christchurch City,11/02/2014,Tue,1045,FD,CW1CTC,181A 353A ,,R,D,B ,F , ,N,P,50,0,2,1,1569355,5177143
Christchurch City,27/03/2014,Thu,1655,JA,TW1C,308B 377B 929 ,,R,D,BF,F ,D,N,R,50,0,0,1,1570613,5177975
Christchurch City,17/03/2014,Mon,105,KA,CE1C,302B 375B ,,R,W,DO,L ,X,G,R,50,0,0,0,1570658,5177997
Christchurch City,22/04/2014,Tue,658,LB,CW14,303B 375B ,,R,W,DO,F ,X,T,R,50,0,0,1,1570658,5177997
Christchurch City,13/05/2014,Tue,1,JA,SN1C,534A 602A 605A 302B 370B 830 901 ,,E,W,DO,H ,T,G,C,50,0,0,0,1570347,5177938
Christchurch City,26/03/2014,Wed,803,FD,CE1CC,331A 363A 902 ,,R,D,B ,F , , ,C,50,0,0,1,1569806,5177515
Christchurch City,13/05/2014,Tue,1800,LB,MW1C,303B ,,R,W,DO,H ,X,G,C,50,0,0,1,1569582,5177330
Christchurch City,28/08/2014,Thu,1524,FE,4W14,103A 181A ,,R,D,B ,F ,X,T,C,50,0,0,0,1570174,5177818
Christchurch City,19/12/2014,Fri,1740,CB,CN1V,102A 129A 358A ,M,R,D,BF,F , ,N,C,50,0,0,1,1568362,5180720
Christchurch City,17/12/2014,Wed,753,AD,TN1,150A 610A ,CG,E,D,B ,F , ,N,N,50,0,0,1,1578766,5176417
Christchurch City,11/10/2014,Sat,2320,FE,CN1C,103A 181A ,,R,D,DO,F ,T,T,C,50,0,0,0,1570144,5181268
Christchurch City,03/03/2014,Mon,721,JA,PN1C,308B 375B 927 ,,R,W,OF,L ,D,N,C,50,0,0,1,1570159,5178595
Christchurch City,24/06/2014,Tue,1235,HA,CE2CC,322B 334B ,Q,R,D,O ,F ,X,T,C,50,0,0,1,1570153,5179912
Christchurch City,11/07/2014,Fri,1740,HA,CN1V,301B ,,R,D,DO,F ,X,S,C,50,0,1,1,1570157,5178863
Christchurch City,28/05/2014,Wed,1154,FA,CN1C,331A 352A ,,R,D,B ,F , ,N,C,50,0,0,1,1570151,5180296
Christchurch City,06/02/2014,Thu,1620,MO,CN1C,371A 404A ,Q,R,D,BF,F ,X,T,N,50,0,0,0,1570151,5180276
Christchurch City,04/07/2014,Fri,555,CA,CN14,112A 130A 407A ,M,R,W,DO,F ,X,T,C,50,0,0,0,1570151,5180276
Christchurch City,24/06/2014,Tue,1614,MA,VN14,330B 373B 817 ,,R,D,O ,F , ,N,C,50,0,0,0,1570158,5179006
Christchurch City,22/03/2014,Sat,110,HA,XE2C,322B 410B ,,R,D,DO,F ,X,T,C,50,0,0,0,1570154,5179713
Christchurch City,11/05/2014,Sun,200,DB,CN1,103A 111A 514A ,HP,R,D,DO,F ,T,N,C,50,0,0,0,1570157,5179258
Christchurch City,25/06/2014,Wed,1522,HA,CN1C,322A 334A ,,R,D,O ,F ,X,T,C,50,0,0,0,1570155,5179670
Christchurch City,10/09/2014,Wed,850,HA,CN1C,334A 334B 404B ,,R,D,B ,F ,X,T,C,50,0,0,0,1570155,5179670
Christchurch City,16/08/2014,Sat,1613,FD,CE1CC,331A 358A 402A ,,R,D,B ,F ,T,N,C,50,0,0,2,1569951,5179160
Christchurch City,20/03/2014,Thu,1730,FD,CE1CC,181A 350A ,,R,D,O ,F , ,N,C,50,0,0,0,1569981,5179160
Christchurch City,23/06/2014,Mon,1311,NF,CN2E,307A ,,M,D,B ,F ,X,T,C,50,0,0,1,1569941,5179160
Christchurch City,06/06/2014,Fri,1556,FE,CW1C,181A ,,R,D,O ,F ,X,T,R,50,0,0,0,1569941,5179148
Christchurch City,28/05/2014,Wed,1104,HA,CN2C,322B 334B ,,R,D,B ,F ,X,T,C,50,0,0,0,1569941,5179148
Christchurch City,15/02/2014,Sat,1826,EC,CE1C,827,X,R,D,B ,F , , ,R,50,0,0,0,1571426,5179170
Christchurch City,26/01/2014,Sun,1724,FD,CE1CC,331A 353A ,,R,D,OF,F , ,N,R,50,0,0,0,1571356,5179169
Christchurch City,05/06/2014,Thu,1650,EA,CW1C,129A ,Q,R,D,TO,F , ,N,R,50,0,0,0,1570645,5179153
Christchurch City,11/06/2014,Wed,1630,FA,CE1C,181A 801 ,,R,W,O ,L ,X,T,R,50,0,0,0,1570645,5179165