TLANAME,CRASHDATE,CRASHDOW,CRASHTIME,MVMT,VEHICLES,CAUSES,OBJECTSSTRUCK,ROADCURVE,ROADWET,LIGHT,WTHRa,JUNCTYPE,TRAFCTRL,ROADMARK,SPDLIM,CRASHFATALCNT,CRASHSEVCNT,CRASHMINCNT,EASTING,NORTHING
Christchurch City,18/03/2014,Tue,1930,LB,CW1C,206B 375B ,,R,D,TF,F ,X,T,C,50,0,0,1,1570456,5179151
Christchurch City,04/01/2014,Sat,200,MC,VE1C,372B 382B ,,R,D,DO,F , ,N,P,50,0,0,0,1568779,5179144
Christchurch City,13/12/2014,Sat,1413,FD,CW1CC,181A ,,R,D,B ,F ,X,T,R,50,0,0,0,1570419,5179151
Christchurch City,26/11/2014,Wed,1529,AA,CW1T,372A ,,R,D,B ,F ,X,T,R,50,0,0,0,1570389,5179151
Christchurch City,16/07/2014,Wed,1621,CB,CW1,112A 133A ,P,R,W,O ,F ,X,T,R,50,0,0,0,1570399,5179151
Christchurch City,09/01/2014,Thu,835,LB,VW1C,303B 382B ,,R,D,OF,F ,X,T,R,50,0,0,1,1570399,5179151
Christchurch City,09/06/2014,Mon,1740,FE,CE1C,181A ,,R,W,DO,L ,X,T,R,50,0,0,0,1570399,5179163
Christchurch City,21/02/2014,Fri,617,LB,CW1V,303B ,,R,W,DO,M ,X,T,N,50,0,0,0,1570399,5179151
Christchurch City,16/09/2014,Tue,1015,FE,4E1C,331A ,,R,D,B ,F ,X,T,R,50,0,0,0,1571769,5179167
Christchurch City,13/05/2014,Tue,2036,FD,CE1C,331A ,,R,W,DO,L , , ,P,50,0,0,0,1571743,5179172
Christchurch City,20/03/2014,Thu,1147,LB,VW1CT,303B 375B ,Q,R,D,BF,F ,X,T,R,50,0,0,1,1571769,5179167
Christchurch City,20/02/2014,Thu,620,CB,BE1,129A 500A ,F,R,D,DO,F , ,N,N,50,0,0,0,1571751,5179173
Christchurch City,05/07/2014,Sat,1415,JA,CW1C,303B ,,E,D,O ,F ,M,T,C,50,0,0,0,1569129,5179140
Christchurch City,24/09/2014,Wed,1521,JA,SW1C,204A ,,E,D,B ,F ,T,G,N,50,0,0,1,1569135,5179153
Christchurch City,02/08/2014,Sat,300,EA,CW1C,103A 129A ,M,R,D,DO,F , ,N,C,60,0,0,0,1569019,5179134
Christchurch City,14/08/2014,Thu,1154,KC,CW1C,315B ,,E,W,O ,L ,M,T,C,50,0,0,0,1569119,5179139
Christchurch City,06/06/2014,Fri,1749,LB,CW1C,303B ,,R,W,DO,L ,M,T,C,50,0,0,0,1569119,5179139
Christchurch City,13/05/2014,Tue,1918,LB,CS24,303B 901 ,,R,W,DO,H ,M,T,C,50,0,0,0,1569119,5179139
Christchurch City,10/10/2014,Fri,2330,HA,CE1C,322A 334A ,,R,D,DO,F ,X,T,R,50,0,0,0,1571132,5179168
Christchurch City,27/06/2014,Fri,2300,FE,4E1X,181A 353A ,,R,D,DO,F ,X,T,C,50,0,0,0,1571132,5179168
Christchurch City,19/08/2014,Tue,830,CB,CW1,501A ,P,R,D,O ,F ,X,T,R,50,0,0,0,1571132,5179168
Christchurch City,29/07/2014,Tue,2040,LB,CE1C,303B ,S,R,D,DO,F ,X,T,R,50,0,0,0,1571132,5179168
Christchurch City,29/10/2014,Wed,1130,LB,CE1C,322A ,,R,D,O ,F ,X,T,R,50,0,1,1,1571132,5179168
Christchurch City,23/05/2014,Fri,1229,FD,CE14,181A 410A ,,R,D,B ,F , , ,R,50,0,0,1,1570868,5179167
Christchurch City,25/03/2014,Tue,1556,FD,BW1TCV,181A 181B 181C ,,R,W,O ,L , , ,N,50,0,0,0,1570738,5179166
Christchurch City,31/08/2014,Sun,1203,NA,CE1E,711B ,,R,D,B ,F , , ,R,50,0,1,0,1570688,5179165
Christchurch City,01/02/2014,Sat,46,JA,CE1C,322A ,,R,D,DO,F ,X,T,P,50,0,0,0,1570888,5179167
Christchurch City,29/12/2014,Mon,517,FE,CW1C,181A ,,R,D,TO,F ,T,T,C,50,0,0,0,1570888,5179167
Christchurch City,23/07/2014,Wed,725,HA,CE1C,322A ,,R,D,B ,F ,X,T,R,50,0,0,2,1570888,5179167
Christchurch City,22/05/2014,Thu,1240,FD,CW1C,103A 331A 359A ,,R,D,BF,F , ,N,R,50,0,0,2,1570182,5179150
Christchurch City,17/02/2014,Mon,854,MA,SE1C,387A 407A 448B ,,R,D,O ,F , ,N,R,50,0,1,0,1570187,5179162
Christchurch City,20/04/2014,Sun,1140,HA,CN2C,322B 355B ,,R,D,B ,F ,X,T,N,50,0,0,0,1570157,5179150
Christchurch City,16/05/2014,Fri,445,CC,CW1CC,103A 130A ,M,R,D,DO,FF, , ,R,50,0,1,0,1569385,5179145
Christchurch City,07/03/2014,Fri,140,GB,CW1T,103A 158A 927 ,,R,D,DO,F ,D,N,C,50,0,0,1,1569345,5179145
Christchurch City,16/11/2014,Sun,507,DA,CE1,104A 111A 131A ,P,R,D,DO,F ,X,T,R,50,0,0,1,1569445,5179157
Christchurch City,02/07/2014,Wed,727,LB,CW1C,303B 375B ,,R,W,O ,F ,X,T,R,50,0,0,0,1569445,5179145
Christchurch City,17/07/2014,Thu,1915,LB,4W1C,303B 387B ,,R,W,DO,F ,X,T,C,50,0,0,0,1569445,5179145
Christchurch City,07/04/2014,Mon,738,LB,CW1C,303B 375B ,,R,D,O ,F ,X,T,R,50,0,0,0,1569445,5179145
Christchurch City,29/07/2014,Tue,1510,LB,MW1C,303B 387B ,,R,D,BF,F ,X,T,R,50,0,0,0,1569445,5179145
Christchurch City,07/03/2014,Fri,1100,MG,VS2C,371B ,,R,D,BF,F ,T,N,C,50,0,0,0,1569606,5179158
Christchurch City,26/10/2014,Sun,1105,FE,CW1CC,181A 423A 181B ,,R,D,O ,F ,X,T,R,50,0,0,0,1571392,5179158
Christchurch City,19/07/2014,Sat,2133,LB,4W1C,303B 387B ,,R,W,DO,L ,X,T,R,50,0,0,2,1571392,5179158
Christchurch City,11/12/2014,Thu,1516,DA,MS1,133A 402A 420A ,H,R,D,O ,F ,T,S,C,50,0,0,1,1567572,5184710
Christchurch City,21/07/2014,Mon,300,CC,CS1,130A 402A 802 ,,R,I,DO,S , , ,C,70,0,0,0,1577180,5176642
Christchurch City,31/10/2014,Fri,1215,MA,CS1C,373B ,,E,D,O ,F , , ,C,50,0,0,0,1566132,5178591
Christchurch City,21/10/2014,Tue,755,HA,PW1V,302A 331A 353A ,,R,D,BF,F ,R,G,R,50,0,0,1,1574756,5183591
Christchurch City,16/03/2014,Sun,909,DB,CW1,103A 131A ,,E,W,OF,L ,T,G,R,50,0,0,0,1574489,5183544
Christchurch City,05/04/2014,Sat,1345,KA,CN1C,302B 377B ,,R,D,OF,F ,R,G,C,50,0,0,0,1577506,5182615
Christchurch City,13/03/2014,Thu,2136,LB,MW1C,103A 303B 377B ,,R,D,DO,F ,X,T,C,50,0,1,0,1572748,5182710
Christchurch City,31/10/2014,Fri,1300,DA,CW2CC,111A 122A ,M,E,D,O ,F ,T,G,N,50,0,0,0,1572788,5177247
Christchurch City,02/03/2014,Sun,410,BO,4N2C,357A 434A 512A 205B ,,M,D,DO,F ,T,G,R,50,0,0,1,1574536,5180811
Christchurch City,11/04/2014,Fri,2035,PF,XE1E,383A 105B 720B ,,R,D,DO,F , , ,C,50,0,0,1,1574691,5180802
Christchurch City,31/01/2014,Fri,1708,AB,4W1VC,153A 159A ,,R,D,B ,F , , ,C,50,0,0,0,1564826,5174689
Christchurch City,30/09/2014,Tue,1629,HA,VW1C,302B 375B ,,R,D,BF,F ,X,G,N,50,0,0,0,1572735,5181653
Christchurch City,08/07/2014,Tue,245,DC,CS2,112A ,J,R,D,DO,F ,T,N,N,50,0,0,0,1572310,5181649
Christchurch City,25/02/2014,Tue,1500,NB,CS1E,402A 711B ,,R,D,B ,F , ,N,R,50,0,0,1,1572761,5182533
Christchurch City,20/07/2014,Sun,105,LB,CS1C,324A ,,R,W,DO,L ,X,T,R,50,0,0,0,1572748,5182710
Christchurch City,01/11/2014,Sat,1022,MC,CW14,372B 671B ,,R,D,B ,F , , ,C,50,0,0,0,1568131,5185345
Christchurch City,15/03/2014,Sat,1445,CB,CW1,130A 410A ,P,R,D,B ,F , ,N,C,50,0,0,1,1568846,5185315
Christchurch City,24/11/2014,Mon,1740,FD,4E1CC,181A 331A ,,R,D,B ,F , , ,R,50,0,0,1,1568078,5185339
Christchurch City,13/10/2014,Mon,1350,MA,4E1C,373B ,,R,D,B ,F ,T,G,P,50,0,0,0,1567798,5185332
Christchurch City,24/07/2014,Thu,1902,FD,CW1C,181A 331A ,,R,D,DO,F ,T,G,R,50,0,0,1,1568288,5185346
Christchurch City,27/01/2014,Mon,1713,EA,CN1C,501A ,M,R,D,B ,F , , ,R,50,0,0,1,1565534,5185470
Christchurch City,30/07/2014,Wed,1639,KA,SE2C,302B 902 ,,R,D,B ,F ,T,G,C,50,0,0,0,1572219,5179198
Christchurch City,26/09/2014,Fri,2114,DB,CW1,103A 131A ,T,E,D,DO,F ,T,G,R,50,0,0,0,1572219,5179198
Christchurch City,26/04/2014,Sat,930,EA,TW1CC,386A 818 ,M,R,D,O ,F ,T,N,R,50,0,0,0,1569458,5182167
Christchurch City,24/02/2014,Mon,935,BB,CS1T,123A ,,M,D,B ,F , ,N,C,100,0,0,0,1597349,5156029
Christchurch City,31/12/2014,Wed,1615,DB,CS1,111A 131A 402A ,F,E,W,O ,F , , ,N,50,0,0,0,1597499,5150607
Christchurch City,05/11/2014,Wed,5,EA,CN1CC,102A 129A ,MFM,R,D,DO,F , ,N,N,50,0,0,0,1572568,5183778
Christchurch City,17/04/2014,Thu,716,EA,VE1C,129A 358A ,M,R,D,OF,F , ,N,C,50,0,0,0,1572439,5178039
Christchurch City,13/04/2014,Sun,1045,KB,CS1C,302A 501A ,,E,D,O ,F ,R,G,C,50,0,0,0,1563191,5184736
Christchurch City,15/09/2014,Mon,1519,HA,4E2C,301A 330A 404A ,F,R,D,B ,F ,X,S,R,50,0,0,0,1563572,5185164
Christchurch City,29/01/2014,Wed,1113,GF,CE1C,381B ,,E,D,B ,F ,X,T,N,50,0,0,0,1570154,5179713
Christchurch City,25/06/2014,Wed,2021,HA,CE1C,322B 334B ,,R,W,DO,F ,X,T,C,50,0,0,0,1570154,5179713
Christchurch City,23/10/2014,Thu,1208,GB,VE1V,173A ,,R,D,BF,F ,X,T,C,50,0,0,0,1570154,5179713
Christchurch City,23/12/2014,Tue,1915,GB,CE1M,173A ,,R,D,BF,F ,X,T,C,50,0,0,0,1570154,5179713
Christchurch City,12/06/2014,Thu,340,DB,CS24,103A ,M,M,W,DO,L ,X,T,C,50,0,0,2,1569802,5179703
Christchurch City,05/09/2014,Fri,1827,DB,CS1,111A ,PT,R,W,DO,F ,T,N,N,50,0,0,0,1576802,5184326
Christchurch City,18/10/2014,Sat,1900,DB,CN2,131A 402A 801 ,FK,R,W,O ,L ,T,N,N,50,0,0,0,1568724,5185426
Christchurch City,29/12/2014,Mon,1528,CB,40,129A 410A ,F,R,D,B ,F ,T,N,C,50,0,0,1,1574929,5181041
Christchurch City,18/02/2014,Tue,1726,FD,CE1C,101A 359A ,,R,D,B ,F , ,N,C,50,0,0,0,1575849,5181660
Christchurch City,01/08/2014,Fri,1213,NA,TE1E,711B 712B ,,R,D,B ,F , , ,P,50,0,0,1,1575819,5181634
Christchurch City,14/06/2014,Sat,45,DA,CN1,103A 111A 407A ,F,R,W,DO,M ,X,T,R,50,0,0,0,1575895,5181699
Christchurch City,07/01/2014,Tue,1656,KA,CN1C,308B 370B 923 ,,R,D,B ,F ,D,N,R,60,0,0,1,1574597,5180920
Christchurch City,26/07/2014,Sat,2136,CB,CE1,112A 130A 621A ,F,R,D,DO,F , , ,C,70,0,0,0,1576859,5182252
Christchurch City,11/02/2014,Tue,1852,GD,VW1C,181A ,,R,D,BF,F ,T,N,C,50,0,1,1,1576130,5181833
Christchurch City,18/05/2014,Sun,2200,CB,VW1,101A 112A ,FH,R,D,DO,F , ,N,R,60,0,0,0,1574784,5180982
Christchurch City,13/06/2014,Fri,1606,KO,CW1S,205B 372B ,,R,D,O ,F ,T,N,P,50,0,0,1,1575281,5181203
Christchurch City,21/10/2014,Tue,1330,CB,CW1,130A 359A ,KP,R,D,B ,F , , ,C,50,0,0,0,1575136,5181136
Christchurch City,07/06/2014,Sat,1050,HA,CE1M,302A ,,R,D,O ,F ,R,G,R,50,0,1,0,1577492,5182603
Christchurch City,31/07/2014,Thu,1948,CC,40,501A ,F,R,D,DO,F , ,N,C,50,0,0,0,1576544,5182071
Christchurch City,26/09/2014,Fri,2220,MA,CW1C,402A 373B 817 ,F,R,W,DO,L , , ,C,50,0,0,0,1575696,5181529
Christchurch City,05/06/2014,Thu,1209,FD,CE1C,353A 387A 817 ,,R,D,BF,F , ,N,P,60,0,0,0,1575574,5181426
Christchurch City,16/11/2014,Sun,1238,GD,CW1C,331A 350A ,,R,D,BF,F ,X,S,C,50,0,0,2,1575636,5181477
Christchurch City,28/10/2014,Tue,2200,CC,CW1T,103A 129A ,,R,D,DN,F , ,N,N,50,0,0,0,1574378,5181102
Christchurch City,20/10/2014,Mon,1938,JA,CN1V,334A 334B ,,R,D,TO,F ,T,T,R,50,0,0,0,1569396,5182290
Christchurch City,20/08/2014,Wed,1628,FE,CS1C,331A 350A ,,R,D,BF,F ,T,T,C,50,0,0,0,1569396,5182290
Christchurch City,30/08/2014,Sat,2342,EE,CN1X,330B 374B ,M,R,D,DO,FS,X,G,C,50,0,0,0,1569934,5181287
Christchurch City,22/06/2014,Sun,25,BA,CN1C,129A 352A 377A 839 ,,R,D,DO,F ,X,T,C,50,0,0,0,1569930,5181296
Christchurch City,01/03/2014,Sat,1350,FD,CS1C4,181A 331A ,,R,D,O ,F , , ,C,50,0,0,0,1569916,5181322
Christchurch City,14/08/2014,Thu,1540,FD,VS1C4,112A 181A 331A 352A 181B 331B 605C +,,R,D,B ,F , , , ,50,0,0,0,1569600,5181919
Christchurch City,15/01/2014,Wed,1107,MC,CN1C,372B ,,R,D,B ,F , ,N,C,50,0,0,0,1568450,5183687
Christchurch City,22/02/2014,Sat,1149,KB,VS1C,302B 353B 377B ,,R,D,BF,F ,T,G,P,50,0,0,0,1568433,5183712
Christchurch City,02/03/2014,Sun,315,BA,CS1X,103A 125A ,,R,D,DO,F , ,N,C,50,0,0,0,1569781,5181577
Christchurch City,12/09/2014,Fri,652,JA,CS14,302B ,,R,D,B ,F ,T,G,C,50,0,0,1,1569809,5181524
Christchurch City,13/03/2014,Thu,1853,GB,SN1C,142B 370B 402B 923 ,,R,D,B ,F ,D,N,C,50,0,0,1,1569882,5181386
Christchurch City,26/02/2014,Wed,2239,EA,VS1C,101A 129A 903 ,FM,R,D,DO,FS, , ,C,50,0,0,0,1568768,5183216
Christchurch City,10/10/2014,Fri,224,FE,CE2C,331A ,,E,D,DO,F ,X,T,C,50,0,0,0,1568302,5183906
Christchurch City,16/09/2014,Tue,735,BE,MN1B,130A ,,E,D,B ,F ,X,T,P,50,0,0,0,1568302,5183906
Christchurch City,09/06/2014,Mon,2106,LB,CN1C,303B ,,E,W,DO,H ,X,T,C,50,0,0,1,1568302,5183906
Christchurch City,11/12/2014,Thu,1620,LB,CS1C,303B 377B ,,R,D,BF,F ,T,N,C,50,0,0,0,1569219,5182552
Christchurch City,04/07/2014,Fri,1453,LB,CN1C,303B 377B ,,R,D,BF,F ,X,T,L,50,0,0,0,1569211,5182564
Christchurch City,20/02/2014,Thu,1303,LB,TS1C,303B 382B ,,R,D,BF,F ,X,T,N,50,0,0,0,1569211,5182564
Christchurch City,08/04/2014,Tue,610,GD,CN1X,181A 331A 801 927 ,,R,W,DO,L ,D, ,C,50,0,0,0,1569694,5181743
Christchurch City,31/03/2014,Mon,1212,PC,CW1E,311A 330A 350A 927 ,,R,D,B ,F ,D, ,C,50,0,1,0,1569250,5182506
Christchurch City,21/08/2014,Thu,1743,FD,CN1C,501A 507A ,,R,D,TO,F , , ,C,50,0,0,1,1569350,5182359
Christchurch City,05/04/2014,Sat,1345,NB,CN1EE,209A 711B 712B 711C 712C ,,R,D,OF,F ,T,G,C,50,0,2,0,1568708,5183306
Christchurch City,19/11/2014,Wed,1737,FD,CN1C,181A 404A ,,R,D,B ,F , , ,C,50,0,0,1,1568724,5183281
Christchurch City,13/09/2014,Sat,1206,FD,CN14C,331A 358A ,,R,W,O ,F , ,N,C,50,0,0,3,1568741,5183257
Christchurch City,03/04/2014,Thu,1937,MC,CN1C,330B 372B ,,R,D,DO,F , ,N,C,50,0,0,1,1569532,5182048
Christchurch City,07/08/2014,Thu,210,DA,CW2,101A 131A 358A ,X,E,D,DO,F ,T,T,N,50,0,0,0,1569486,5182134
Christchurch City,27/12/2014,Sat,1915,MB,CS1V,370B ,,R,D,O ,F ,T,G,R,50,0,0,0,1569634,5181856
Christchurch City,17/05/2014,Sat,1230,GB,PS1V,158A 208A 372B ,,R,D,B ,F ,T,G,P,50,0,0,1,1569634,5181856
Christchurch City,04/09/2014,Thu,2330,JA,CS1C,322A 322B ,,E,D,DO,F ,T,T,P,50,0,0,0,1569950,5180637
Christchurch City,18/12/2014,Thu,2328,EA,CS1T,129A 358A ,M,R,D,DO,F , ,N,C,50,0,0,1,1560863,5178822
Christchurch City,12/03/2014,Wed,1811,GC,4W1T,160A 927 ,,R,D,O ,F ,D,N,P,50,0,0,0,1564930,5178472
Christchurch City,21/02/2014,Fri,1424,AC,TE14,372A 671A ,,R,D,BF,F , ,N,N,50,0,0,0,1565253,5178732
Christchurch City,18/06/2014,Wed,1645,JA,VS1C,302B 377B ,,R,D,BF,F ,T,G,R,50,0,0,1,1565228,5178711
Christchurch City,10/12/2014,Wed,745,JA,PS1C,308B 375B 929 ,,R,W,O ,F ,D,N,N,50,0,1,0,1574839,5184257
Christchurch City,23/11/2014,Sun,146,DA,CS2,103A 131A 402A ,F,E,D,DO,F ,T,N,C,50,0,0,0,1574633,5179761
Christchurch City,07/05/2014,Wed,837,DA,CS1C,131A 501A ,M,E,D,B ,F , , ,N,50,0,0,0,1572942,5180867
Christchurch City,18/10/2014,Sat,1439,CC,CE1,103A 410A ,,R,D,O ,F ,T,N,N,50,0,0,0,1564191,5175386
Christchurch City,19/12/2014,Fri,1145,CB,CS1CC,137A 197A ,M,R,D,B ,F , ,N,P,50,0,0,0,1565357,5180733
Christchurch City,20/07/2014,Sun,313,CB,CS1,103A ,K,R,W,DO,L ,T,S,C,50,0,0,0,1565195,5180349
Christchurch City,27/04/2014,Sun,713,DB,CN2,103A 111A 131A 904 ,KT,E,D,O ,M ,T,N,N,50,0,0,0,1577031,5185036
Christchurch City,24/08/2014,Sun,1725,DA,CS14,103A 111A 131A ,M,E,D,O ,FF, , ,N,50,0,0,1,1569804,5188421
Christchurch City,01/04/2014,Tue,1400,HA,TE1C,112A 321A 330A ,,R,D,O ,F ,X,S,C,50,0,0,0,1570878,5180765
Christchurch City,13/09/2014,Sat,15,HA,XN2C,103B 321B 330B ,,R,W,DO,L ,X,S,C,50,0,0,0,1570147,5180760
Christchurch City,07/05/2014,Wed,1432,HA,TW2C,321A 375A ,,R,D,OF,F ,X,S,C,50,0,0,0,1572306,5181917
Christchurch City,09/12/2014,Tue,1130,MO,VW1C,386A ,M,R,D,BF,F , ,N,N,50,0,0,0,1566794,5179755
Christchurch City,31/05/2014,Sat,1751,NB,CE1E,352A 105B 724B 862 ,,E,D,DO,F ,T,N,C,50,0,0,1,1566884,5179708
Christchurch City,17/06/2014,Tue,1550,NA,CN1E,712B ,,R,D,B ,F , , ,N,50,0,1,0,1570893,5183760
Christchurch City,07/08/2014,Thu,1324,CB,CN1,130A 501A ,P,R,D,B ,F , ,N,C,50,0,0,1,1570557,5184648
Christchurch City,07/09/2014,Sun,1036,GC,VN1C,372B 927 ,,R,D,B ,F ,D,N,C,50,0,0,0,1570559,5184698
Christchurch City,12/01/2014,Sun,1018,CB,CN1,129A 358A ,KP,R,D,B ,F , , ,C,50,0,0,1,1570551,5184408
Christchurch City,13/09/2014,Sat,1230,DA,CW1,111A 131A 402A ,P,E,W,O ,L ,T,N,C,50,0,0,0,1573429,5176584
Christchurch City,15/04/2014,Tue,630,JA,SS1C,302B 375B ,,E,W,DO,F ,T,G,R,50,0,0,1,1575306,5175660
Christchurch City,03/10/2014,Fri,2336,CC,CN1TCC,112A 130A ,FHM,R,D,DO,F , , ,C,50,0,0,0,1576078,5175156
Christchurch City,25/01/2014,Sat,1310,MO,CE1C,371A 386A ,M,R,D,BF,F , ,N,C,50,0,0,0,1569077,5178655
Christchurch City,03/10/2014,Fri,1800,CB,CN1,130A 403A 801 ,FPV,R,W,O ,L , , ,C,80,0,0,0,1560079,5181608
Christchurch City,27/06/2014,Fri,831,LB,TN1C,302A 375A ,,R,D,B ,F ,R,G,C,80,0,0,0,1559976,5181365
Christchurch City,10/07/2014,Thu,1629,FA,TN1T,331A 350A 191B 353B ,,M,D,O ,F ,R,G,R,80,0,0,0,1559976,5181365
Christchurch City,25/01/2014,Sat,350,EA,CN1CE,129A 370A ,M,R,D,DO,F ,X,S,C,100,0,0,2,1560665,5183019
Christchurch City,16/03/2014,Sun,1543,JA,CN1C,103B 308B 929 ,,R,W,OF,L ,D,N,C,70,0,0,1,1560244,5182003
Christchurch City,14/09/2014,Sun,2340,DC,CW1,103A 131A ,C,E,D,DO,F , , ,C,50,0,0,0,1568388,5181925
Christchurch City,06/05/2014,Tue,1302,GB,PE1C,142B 157B 175B ,,R,D,BN,F ,T,N,C,50,0,0,0,1569632,5186479
Christchurch City,30/03/2014,Sun,2120,DA,ME1,103A 111A ,F,E,D,DO,F , ,N,C,60,0,1,0,1573610,5186477
Christchurch City,24/02/2014,Mon,912,MD,SE1C,308B 375B 929 ,,R,D,BF,F ,D,N,N,50,0,0,1,1570361,5186433
Christchurch City,10/07/2014,Thu,848,CB,CW1,501A ,PV,R,D,B ,F , , ,C,80,0,0,1,1569783,5186470
Christchurch City,05/04/2014,Sat,1025,GD,VE1C,181A 333A 402A ,,R,D,O ,F ,X,S,R,50,0,0,0,1569863,5186463
Christchurch City,22/09/2014,Mon,2130,HA,CS2C,301A 375A ,,R,D,DN,F ,X,S,C,80,0,1,1,1571077,5186394
Christchurch City,17/07/2014,Thu,1540,MC,CE1C,181A 387A 817 ,,R,W,O ,F , , ,N,60,0,0,0,1572564,5186467
Christchurch City,18/07/2014,Fri,1158,FD,VW1C,110A 427A 817 ,,R,W,O ,L , ,N,C,30,0,0,1,1572614,5186470
Christchurch City,30/10/2014,Thu,1747,MC,ME1C,381B ,,R,D,BF,F , ,N,L,80,0,1,0,1572664,5186474
Christchurch City,06/05/2014,Tue,1438,AO,CE1T,110A 150A 110 150 817 ,,R,D,BF,F ,R,G,R,80,0,0,0,1572494,5186462
Christchurch City,04/08/2014,Mon,1252,JA,TS2C,302B ,,R,D,B ,F ,R,G,R,80,0,0,0,1572464,5186460
Christchurch City,04/08/2014,Mon,919,HA,CW1C,302B 382B ,,R,D,BF,F ,X,G,C,80,0,0,2,1572444,5186459
Christchurch City,17/08/2014,Sun,1151,GD,CW1C,181A 330A ,,R,D,B ,F ,T,G,C,80,0,1,1,1571820,5186410
Christchurch City,15/09/2014,Mon,1801,CC,VS1C,410A ,M,R,D,TO,F , , ,N,50,0,0,1,1573220,5186512
Christchurch City,13/10/2014,Mon,1430,GF,TE1C,179A 386A ,,R,D,B ,F ,T,S,C,50,0,0,0,1568006,5179324
Christchurch City,19/11/2014,Wed,840,EA,CW1C,129A 358A ,M,R,D,BF,F , ,N,C,50,0,0,1,1566681,5179559
Christchurch City,09/06/2014,Mon,745,HA,CN2CC,301B 375B ,,R,W,O ,L ,X,S,C,50,0,1,0,1571118,5181533
Christchurch City,13/01/2014,Mon,1732,JA,CS1S,301A 375A ,,R,D,BF,F ,X,S,C,50,0,0,0,1566976,5180563
Christchurch City,22/02/2014,Sat,1738,GC,CN1V,303B 381B 929 ,,R,D,BF,F ,D,N,C,80,0,0,1,1571796,5186709
Christchurch City,28/04/2014,Mon,1305,MC,CW1C,372B 501B 901 ,F,R,W,O ,H ,T,G,C,50,0,0,0,1575577,5185958
Christchurch City,17/03/2014,Mon,1513,LB,SS1C,204A 330A 370B ,,R,D,B ,F ,T,N,C,50,0,0,1,1576108,5185705
Christchurch City,14/07/2014,Mon,1430,BA,CW1C,357A 434A 443A 130B 357B ,,R,D,B ,F , , ,C,50,0,0,0,1575946,5185788
Christchurch City,05/07/2014,Sat,1704,EE,VW1C,374B ,M,R,D,TO,F , , ,C,50,0,0,0,1575981,5185770
Christchurch City,20/10/2014,Mon,847,HA,CN1C,321B 335B ,,R,D,O ,F ,X,S,N,50,0,0,1,1572339,5183274
Christchurch City,03/02/2014,Mon,1630,JA,CN1S,308B 370B 929 ,,R,D,B ,F ,D, ,N,50,0,1,0,1572336,5183334
Christchurch City,26/11/2014,Wed,1713,MC,CW14,102B 372B ,,R,D,B ,F , , ,C,50,0,0,0,1563361,5179846
Christchurch City,18/10/2014,Sat,2246,MC,4W1C,372B ,,M,D,DO,F , , ,C,50,0,0,0,1563474,5179929
Christchurch City,19/09/2014,Fri,730,BF,CS1CC,131A 402A ,,M,D,B ,F ,T,G,C,50,0,0,0,1563212,5179740
Christchurch City,23/12/2014,Tue,1511,JA,CE1C,301B 375B ,,R,D,BF,F ,T,S,C,80,0,0,1,1570315,5187753
Christchurch City,04/04/2014,Fri,930,MO,CW1CC,386A ,M,R,W,OF,F , ,N,C,50,0,0,0,1573881,5178125
Christchurch City,06/02/2014,Thu,2052,CB,CN1,103A 112A ,F,R,D,TO,F ,T,N,C,50,0,0,0,1573952,5178209
Christchurch City,10/06/2014,Tue,1645,CB,CE1,129A 359A ,P,R,W,TF,L , ,N,N,50,0,0,0,1569964,5181959
Christchurch City,29/06/2014,Sun,2250,CB,CW1,400A 517A ,X,R,D,DO,F , ,N,N,50,0,0,1,1561866,5180927
Christchurch City,24/05/2014,Sat,122,EA,CE1C,129A 433A ,M,R,D,DO,F , , ,N,50,0,0,0,1567215,5179497
Christchurch City,11/06/2014,Wed,2347,DA,CE1,103A 111A 131A ,FGP,E,W,DO,L , ,N,P,50,0,0,1,1568967,5180126
Christchurch City,13/07/2014,Sun,1434,LB,CE1C,303B 930 ,,R,D,B ,F ,D,N,C,50,0,0,0,1569042,5180060
Christchurch City,30/08/2014,Sat,1055,MA,TW1B,373B 386B ,,R,D,B ,F , ,N,R,50,0,0,0,1569115,5179993
Christchurch City,15/04/2014,Tue,1537,MA,CN1CC,373B ,M,R,D,O ,F , ,N,C,50,0,0,0,1568878,5180170
Christchurch City,23/05/2014,Fri,654,JA,ME1C,308B 375B 922 ,,R,D,DO,F ,D,N,C,50,0,1,0,1565729,5180058
Christchurch City,31/08/2014,Sun,1859,GD,CW1C,112A 331A 925 ,,R,D,DO,F ,D,N,C,50,0,0,0,1565431,5180024
Christchurch City,09/03/2014,Sun,1435,CB,CW1,133A 423A ,FJ,R,D,OF,F ,T,G,C,50,0,0,0,1566239,5180116
Christchurch City,15/01/2014,Wed,1610,GD,CE1C,331A 350A 929 ,,R,D,BF,F ,D,N,C,50,0,0,0,1566328,5180126