TLANAME,CRASHDATE,CRASHDOW,CRASHTIME,MVMT,VEHICLES,CAUSES,OBJECTSSTRUCK,ROADCURVE,ROADWET,LIGHT,WTHRa,JUNCTYPE,TRAFCTRL,ROADMARK,SPDLIM,CRASHFATALCNT,CRASHSEVCNT,CRASHMINCNT,EASTING,NORTHING
Christchurch City,09/12/2014,Tue,1820,FD,CE1C,331A 359A ,,R,D,OF,F , ,N,C,50,0,0,0,1566358,5180129
Christchurch City,01/07/2014,Tue,1755,FD,CW1CC,181A 350A 181B ,,R,D,DO,F , , ,C,50,0,0,0,1566378,5180131
Christchurch City,28/09/2014,Sun,2030,BA,SW1C,129A ,,R,D,BF,F ,T,G,C,50,0,0,1,1566229,5180115
Christchurch City,04/08/2014,Mon,330,FA,CW1C,101A 517A ,,R,D,DO,F ,T,G,C,50,0,0,1,1566229,5180115
Christchurch City,13/09/2014,Sat,1130,AA,CE1C,184A ,,R,W,OF,L , ,N,C,50,0,0,0,1566639,5180161
Christchurch City,07/10/2014,Tue,2153,JC,CE1C,112A 300A ,,R,W,DO,L ,T,T,C,50,0,0,0,1566609,5180158
Christchurch City,14/01/2014,Tue,1940,MC,CW1C,372B ,,R,D,TF,F , , ,C,50,0,0,0,1568608,5180381
Christchurch City,19/08/2014,Tue,955,ND,CN2E,307A 330A ,,R,D,B ,F ,T,T,C,50,0,0,1,1567573,5180265
Christchurch City,25/08/2014,Mon,1332,LB,SW1C,303B 375B ,,R,D,B ,F ,T,G,C,50,0,0,0,1566655,5180163
Christchurch City,17/08/2014,Sun,1130,KA,CW1C,302B 314B ,,R,D,B ,F ,T,G,P,50,0,0,0,1566655,5180163
Christchurch City,22/10/2014,Wed,1233,NA,CE1E,712B ,,R,D,B ,F , ,N,C,50,0,0,1,1565525,5180034
Christchurch City,13/05/2014,Tue,1800,KA,CW1V,322A ,,R,W,DO,L ,T,T,R,50,0,0,0,1565554,5180038
Christchurch City,09/10/2014,Thu,1416,FD,CE1PC,181A 181B ,,R,D,B ,F ,X,T,C,50,0,0,0,1566085,5180098
Christchurch City,22/03/2014,Sat,945,CB,PE1,132A 181A 532A ,K,R,D,BF,F , ,N,C,50,0,0,1,1566060,5180096
Christchurch City,17/07/2014,Thu,1805,FD,CW1C,181A 331A ,,R,W,DO,L , , ,C,50,0,0,0,1565871,5180074
Christchurch City,01/06/2014,Sun,1515,LB,SE1C,303B 375B ,,R,D,ON,F ,X,T,C,50,0,0,1,1566080,5180098
Christchurch City,27/06/2014,Fri,2030,LB,CS2C,303B ,,R,D,DO,F ,X,T,C,50,0,0,2,1566080,5180098
Christchurch City,27/02/2014,Thu,1810,FE,CE14CC,331A 427A ,,R,D,B ,F ,X,T,C,50,0,0,0,1566080,5180098
Christchurch City,25/05/2014,Sun,1655,CA,PE1,132A ,,R,W,DO,H , ,N,C,50,0,0,0,1567431,5180249
Christchurch City,23/12/2014,Tue,1135,JA,CW1C,302B 357B ,,M,D,O ,F ,T,G,R,50,0,0,0,1565418,5180023
Christchurch City,22/09/2014,Mon,1710,JA,VW1C,302B ,,M,D,O ,F ,T,G,R,50,0,0,0,1565418,5180023
Christchurch City,01/05/2014,Thu,1435,JA,CN14C,130A 302B 370B ,CT,M,D,O ,F ,T,G,R,50,0,0,0,1565418,5180023
Christchurch City,08/10/2014,Wed,1747,EA,PW1C,374B ,Q,R,D,BF,F , ,N,C,50,0,1,0,1568188,5180334
Christchurch City,28/07/2014,Mon,1410,FC,CE1P,331A 353A ,,R,D,B ,F , ,N,L,50,0,0,1,1568467,5180365
Christchurch City,08/12/2014,Mon,1330,KB,ME1V,308B 375B 925 ,,R,D,BF,F ,D,N,C,50,0,0,0,1568119,5180327
Christchurch City,17/07/2014,Thu,815,JA,PW1C,302B 377B ,,R,W,O ,F ,T,G,R,50,0,0,0,1568169,5180332
Christchurch City,14/05/2014,Wed,1222,FD,CE1CC,181A 181B ,,R,D,O ,F , , ,N,50,0,0,0,1567346,5180239
Christchurch City,27/10/2014,Mon,1450,EO,BW1B,386A ,Q,R,D,O ,F , , ,C,50,0,0,0,1567366,5180241
Christchurch City,16/05/2014,Fri,1205,NB,4W1E,711B 712B ,,R,D,BF,F , ,N,C,50,0,0,0,1567366,5180241
Christchurch City,22/08/2014,Fri,1830,MA,VE1B,373B ,,R,D,DO,F , ,N,C,50,0,0,0,1567366,5180241
Christchurch City,08/10/2014,Wed,1740,FD,CW1C,181A 363A 902 ,,R,D,BF,F , ,N,C,50,0,0,0,1567266,5180230
Christchurch City,14/04/2014,Mon,1845,FE,CE1CC,331A 352A ,,R,D,DO,F ,X,T,P,50,0,0,0,1566039,5180093
Christchurch City,14/09/2014,Sun,1129,FD,CE1CC,181A 331A 181B 331B ,,R,D,B ,F , , ,C,50,0,0,0,1566004,5180089
Christchurch City,27/03/2014,Thu,1020,FD,CE14CC,110A 331A 191B ,,R,D,B ,F , , ,P,50,0,0,2,1565945,5180083
Christchurch City,18/11/2014,Tue,1845,HA,CE1C,308B 375B 922 ,,R,D,B ,F ,D,G,C,50,0,0,1,1568397,5180358
Christchurch City,15/11/2014,Sat,1915,JA,CE1C,308B 927 ,,R,D,TF,F ,D,N,C,50,0,0,1,1565793,5180065
Christchurch City,05/02/2014,Wed,1820,MA,CW1B,373B 671B ,,R,D,ON,F , ,N,C,50,0,0,0,1568128,5180328
Christchurch City,04/08/2014,Mon,1100,FA,400000000000000,331A 352A ,,R,D,B ,F , ,N,C,50,0,0,1,1566760,5180175
Christchurch City,12/06/2014,Thu,1439,NA,CE1E,713B 801 ,,R,W,O ,L , , ,C,50,0,0,1,1567804,5180291
Christchurch City,03/04/2014,Thu,2040,LB,VE1C,303B ,,R,D,DO,F ,X,T,C,50,0,0,0,1567834,5180294
Christchurch City,01/03/2014,Sat,900,KA,CE1L,324A ,,R,D,BF,F ,T,T,N,50,0,0,0,1565601,5180044
Christchurch City,19/07/2014,Sat,2125,LB,CE1C,103A 324A 303B 324B ,,R,W,DO,L ,T,T,R,50,0,0,0,1565601,5180044
Christchurch City,07/07/2014,Mon,11,EA,VE1B,102A 129A 410A 801 ,M,R,W,DO,L , , ,C,50,0,2,0,1566462,5180141
Christchurch City,12/05/2014,Mon,330,DB,CS1C,103A 131A ,CM,S,D,DN,F , , ,C,50,0,0,0,1580203,5175754
Christchurch City,06/11/2014,Thu,1254,HA,CS1C,301A 375A ,BFK,R,D,OF,F ,X,S,C,50,0,0,0,1572395,5177202
Christchurch City,23/05/2014,Fri,1750,JA,4N1C,197A 309B 377B 839 ,,R,D,DO,F ,T,N,C,50,0,0,2,1560866,5179637
Christchurch City,08/09/2014,Mon,2115,EA,CW1C,103A 129A ,M,R,D,DO,F , , ,C,50,0,0,0,1565590,5179540
Christchurch City,13/04/2014,Sun,550,EA,CW14C4,103A 129A ,M,E,D,DO,F ,R,G,C,50,0,0,1,1576646,5184149
Christchurch City,03/10/2014,Fri,751,HA,TW2C,302B ,,R,W,O ,L ,X,G,C,50,0,0,0,1570297,5183100
Christchurch City,12/12/2014,Fri,755,JA,CN1C,302B ,,R,D,B ,F ,T,G,C,50,0,0,0,1568812,5181655
Christchurch City,15/08/2014,Fri,2245,EA,CN1VC,129A 359A ,MM,R,D,DO,F , , ,C,50,0,0,0,1568753,5181768
Christchurch City,01/04/2014,Tue,930,CB,VE1,414A ,F,R,D,OF,F , ,N,R,50,0,0,0,1574312,5186193
Christchurch City,13/12/2014,Sat,430,DB,CE1,111A 131A ,K,E,D,DO,F ,T,N,C,50,0,0,0,1565842,5180561
Christchurch City,15/04/2014,Tue,1838,EA,CS1C,129A 130A 358A 800 801 ,M,R,W,DO,L , , ,C,50,0,0,0,1564837,5184485
Christchurch City,25/07/2014,Fri,727,LB,CE1C,303B 375B ,,R,D,O ,F ,X,T,C,60,0,0,2,1564460,5183594
Christchurch City,15/08/2014,Fri,1455,CA,CS1,102A 330A 507A ,,R,W,O ,F ,X,G,N,50,0,0,0,1596946,5149084
Christchurch City,26/12/2014,Fri,1530,EA,4N1C,129A 385A ,M,R,D,BN,F , ,N,N,50,0,0,0,1597382,5149926
Christchurch City,29/06/2014,Sun,355,CB,CN1,101A 112A 130A ,F,R,D,DO,F , , ,N,50,0,0,0,1597410,5149978
Christchurch City,18/12/2014,Thu,1530,EA,CN1C,330A 386A ,M,R,W,O ,F , ,N,N,50,0,0,1,1597383,5149812
Christchurch City,23/11/2014,Sun,1910,JA,CN1C,308B 385B 927 ,,R,D,OF,F ,D,N,C,50,0,0,0,1597619,5150261
Christchurch City,29/06/2014,Sun,928,MO,CW1C,371A 645A 929 ,M,R,D,B ,F ,D, ,N,50,0,0,0,1574002,5179977
Christchurch City,13/11/2014,Thu,1835,EA,CS1C,129A 350A ,M,R,D,OF,L , ,N,C,50,0,0,0,1570040,5182803
Christchurch City,07/04/2014,Mon,834,FC,CS1C,330A 427A ,,R,D,OF,F ,X,G,N,50,0,0,0,1569753,5183210
Christchurch City,17/11/2014,Mon,1020,CB,4E14C,129A 358A ,MM,R,D,ON,F , ,N,N,50,0,0,1,1569745,5183223
Christchurch City,01/08/2014,Fri,2151,CA,4N1,103A 130A ,KP,R,D,DO,F , , ,N,50,0,0,0,1568437,5176076
Christchurch City,07/07/2014,Mon,915,HA,4S2X,350A 372A ,,R,D,O ,F ,X,T,C,50,0,0,0,1570390,5180882
Christchurch City,07/12/2014,Sun,1805,HA,CS2C,322B ,,R,D,O ,F ,X,T,C,50,0,0,0,1570390,5180882
Christchurch City,01/10/2014,Wed,2112,HA,CS2C,322A ,,R,D,DO,F ,X,T,C,50,0,0,0,1570878,5180886
Christchurch City,22/02/2014,Sat,2035,DC,CN1,112A 514A ,KT,R,D,TO,F ,T,N,N,50,0,0,0,1566328,5183637
Christchurch City,27/05/2014,Tue,900,HA,4S2C,322B 334B ,,R,D,B ,F ,X,T,C,50,0,0,0,1570646,5178868
Christchurch City,30/06/2014,Mon,1140,HA,TN2C,301B 351B 382B ,,R,D,B ,F ,X,S,R,50,0,0,0,1570399,5178867
Christchurch City,28/03/2014,Fri,1102,DA,CS1,131A 354A ,P,E,D,BF,F , ,N,N,50,0,0,0,1564430,5175120
Christchurch City,09/08/2014,Sat,1557,CB,VS1V,129A 410A ,MT,R,D,B ,F ,T,N,C,50,0,0,5,1567333,5185492
Christchurch City,09/06/2014,Mon,1810,BE,CW1CC,101A 108A 130A ,,R,W,DO,H ,T,N,N,50,0,0,0,1567333,5185492
Christchurch City,11/08/2014,Mon,1428,HA,4E1CV,322A 331A 350A ,,R,D,B ,F ,X,T,C,50,0,0,1,1566426,5186001
Christchurch City,02/05/2014,Fri,2110,HA,CW1C,321B ,,R,D,DF,F ,X,S,C,50,0,0,0,1566426,5186001
Christchurch City,20/11/2014,Thu,2017,DB,CN2C,129A 197A 402A ,M,R,D,TO,F ,T,T,C,50,0,0,0,1568697,5184564
Christchurch City,19/05/2014,Mon,615,FB,ME1C,181A 331A 387A ,,R,D,DO,F ,R,G,C,60,0,1,0,1565238,5186689
Christchurch City,13/11/2014,Thu,1317,LB,CW1C,303B ,,R,D,BF,F ,T,G,C,50,0,0,0,,
Christchurch City,22/11/2014,Sat,25,CC,CW1,103A 112A 130A ,FP,R,D,DO,F , , ,C,50,0,0,1,1567150,5185595
Christchurch City,14/06/2014,Sat,9,DA,CN1,101A 137A ,C,E,D,DO,F , ,N,C,50,0,0,0,1581419,5175320
Christchurch City,23/06/2014,Mon,707,DB,TW1,135A 815 ,,S,D,OF,F ,T,N,L,50,0,0,0,1581602,5175736
Christchurch City,11/05/2014,Sun,1010,BB,BN2C,124A 363A 902 ,,R,D,BF,F ,T,N,N,50,0,0,0,1565205,5173466
Christchurch City,05/08/2014,Tue,804,NA,CE1E,370A 711B 732B ,,R,D,B ,F ,T,G,C,50,0,1,0,1577736,5182687
Christchurch City,31/05/2014,Sat,1835,FA,CS1V,101A 353A 102B ,,R,D,DO,F ,X,G,C,50,0,0,0,1569447,5178909
Christchurch City,22/04/2014,Tue,1210,HA,CS1CC,302B 375B 400B 801 ,,R,W,O ,L ,X,G,R,50,0,0,0,1569447,5178909
Christchurch City,27/08/2014,Wed,900,HA,CS1C,302B 375B ,,R,D,B ,F ,X,G,C,50,0,0,0,1569447,5178909
Christchurch City,26/08/2014,Tue,1445,HA,CW2C,301A ,,R,D,B ,F ,X,S,C,50,0,0,0,1569449,5178658
Christchurch City,12/08/2014,Tue,1015,FD,CS14,181A ,,R,D,O ,F , , ,C,50,0,0,0,1569445,5179177
Christchurch City,27/08/2014,Wed,1715,LB,CE24,303B ,,R,D,B ,F ,X,T,R,50,0,0,1,1569445,5179157
Christchurch City,07/10/2014,Tue,1732,MC,MS1C,372B ,,R,D,O ,F ,T,N,C,50,0,1,1,1569451,5178202
Christchurch City,02/02/2014,Sun,1809,EE,PN1C,374B 375B ,Q,R,D,BF,F , ,N,C,50,0,0,1,1569451,5178378
Christchurch City,21/09/2014,Sun,600,HA,CE2V,321A ,,R,D,TO,F ,X,S,N,50,0,0,0,1570583,5183293
Christchurch City,21/11/2014,Fri,1509,QG,CN1,131A ,,E,D,BF,FS, ,N,C,100,0,0,0,,
Christchurch City,06/04/2014,Sun,149,DA,CE1,103A 110A ,I,M,W,DO,F ,R,G,R,100,0,0,2,1565913,5178244
Christchurch City,14/03/2014,Fri,1524,AA,CE1C,372A 381A ,,R,D,BF,F ,R,G,R,60,0,0,0,1564008,5179183
Christchurch City,29/11/2014,Sat,2057,HA,TS1C,322B 351B ,,R,D,DO,F ,X,T,C,60,0,0,0,,
Christchurch City,05/08/2014,Tue,2115,DA,CS1,101A 111A 131A ,TV,M,D,DO,F ,R,G,C,70,0,0,1,1561951,5176699
Christchurch City,25/01/2014,Sat,1150,GB,4E1T,387A 175B ,,R,D,B ,F ,T,S,C,50,0,0,0,1571739,5178497
Christchurch City,29/05/2014,Thu,1305,AC,TN1C,372A 671A ,,R,D,BF,F , ,N,R,50,0,0,0,1561646,5178644
Christchurch City,11/06/2014,Wed,1857,ND,BN2E,307A 376A ,,R,W,DO,F ,X,T,R,50,0,0,1,1561612,5178550
Christchurch City,24/11/2014,Mon,35,FE,CN1C,103A 322A 817 ,,R,D,DO,F , ,T,C,50,0,0,1,,
Christchurch City,24/03/2014,Mon,630,HA,CS1S,322B 426B ,,E,D,DO,F ,X,T,R,50,0,1,0,1561612,5178550
Christchurch City,19/11/2014,Wed,1549,KA,MS1T,308B 375B 671B 927 ,,R,D,B ,F ,D, ,C,50,0,0,1,1561409,5178354
Christchurch City,28/11/2014,Fri,1725,GB,MS1T,158A 922 ,,R,W,O ,L ,D,N,C,70,0,0,0,1561016,5177948
Christchurch City,12/09/2014,Fri,2327,FE,CE2C,103A 387A ,,R,D,DO,F ,T,T,R,50,0,0,0,1570752,5181284
Christchurch City,31/07/2014,Thu,2115,AA,VN1C,372A 381A 404A ,,R,D,DO,F , ,N,C,50,0,0,1,1570748,5181942
Christchurch City,26/10/2014,Sun,1955,NF,CW1E,306A 376A ,,R,D,O ,F ,X,T,C,50,0,0,1,1570747,5182104
Christchurch City,04/10/2014,Sat,2312,HA,CN1C,301B ,,R,D,DO,F ,X,S,C,50,0,0,0,1570750,5181531
Christchurch City,19/01/2014,Sun,1950,BF,CE2V,101A 111A 131A 433A ,,R,D,OF,F ,T,N,N,50,0,0,2,1575883,5181159
Christchurch City,04/07/2014,Fri,755,EA,CN1C,195A 350A 645A ,M,R,D,O ,F , ,N,C,50,0,0,1,1569028,5178191
Christchurch City,20/11/2014,Thu,733,MD,CS14,308B 929 ,,R,D,B ,F ,D,N,N,50,0,0,0,1569027,5178290
Christchurch City,05/04/2014,Sat,1827,AO,CS1C,103A 193A ,,R,W,DO,F ,T,N,C,50,0,0,0,1562948,5177912
Christchurch City,05/06/2014,Thu,708,DA,CN14,129A 190A ,KM,E,D,B ,F , ,N,N,50,0,0,0,1564295,5183832
Christchurch City,06/11/2014,Thu,1918,LB,SE1C,303B 363B 375B 902 929 ,,R,D,BF,F ,D,N,N,50,0,0,1,1565751,5180652
Christchurch City,06/05/2014,Tue,1517,GF,TN1C,179A 381A 158B 387B ,,R,D,BF,F ,T,N,N,50,0,0,0,1561687,5179265
Christchurch City,03/11/2014,Mon,1740,HA,CN1S,351A ,,R,D,B ,F ,X,G,C,20,0,0,1,1573813,5179355
Christchurch City,22/09/2014,Mon,1320,DC,TN1,112A 610A ,F,R,W,O ,L ,T,N,C,50,0,0,1,1577593,5177237
Christchurch City,04/11/2014,Tue,1831,EA,CS1CC,130A 355A 423A ,M,R,D,O ,L ,T,N,N,50,0,0,0,1565107,5181560
Christchurch City,06/08/2014,Wed,1025,JA,TS1C,302B 387B ,,R,D,BF,F ,T,G,R,50,0,0,0,1569788,5176538
Christchurch City,28/04/2014,Mon,1527,BC,CE1C,504A 801 ,,E,W,O ,L ,T,T,L,50,0,0,0,1570670,5177245
Christchurch City,22/05/2014,Thu,1940,EA,SW1C,374B ,Q,R,D,DO,F , ,N,C,50,0,0,1,1570626,5177239
Christchurch City,23/09/2014,Tue,1520,EA,CN1C,103A 129A ,M,R,D,B ,F , , ,N,50,0,0,0,1569263,5178180
Christchurch City,20/12/2014,Sat,1707,LB,CN1C,303B 330B 382B 929 ,,R,D,O ,F ,D, ,N,50,0,0,0,1570841,5177741
Christchurch City,12/06/2014,Thu,2149,BA,CE1CC,103A 129A ,M,R,W,DO,L ,T,N,N,50,0,0,0,1570979,5177614
Christchurch City,06/12/2014,Sat,2306,EA,CE1C,103A 129A 130A ,M,R,D,DO,F , , ,C,70,0,0,0,1567198,5175928
Christchurch City,09/10/2014,Thu,2246,CB,CE1,103A 129A 130A ,V,R,D,DO,F , , ,C,50,0,0,0,1566793,5175564
Christchurch City,14/09/2014,Sun,1830,MC,CS1S,191A 372B 534B 602B ,,E,D,TO,F ,R,G,R,50,0,0,0,1568852,5176605
Christchurch City,02/05/2014,Fri,904,GE,MW1C,112A 160A ,,R,D,B ,F ,T,G,C,50,0,0,1,1568006,5176255
Christchurch City,24/08/2014,Sun,1150,GD,CW1C,331A 929 ,,R,D,O ,F ,D,N,C,50,0,0,1,1568533,5176456
Christchurch City,06/04/2014,Sun,1915,CC,CE1,129A 330A 402A ,,R,D,DN,F , ,N,C,100,0,0,0,1572372,5191051
Christchurch City,05/04/2014,Sat,1730,DA,CW1,111A 131A ,T,E,W,ON,L , ,N,N,80,0,0,1,1572481,5191033
Christchurch City,04/05/2014,Sun,1645,MC,CE1C,372B ,,R,W,O ,F , , ,C,80,0,0,0,1573403,5191085
Christchurch City,11/07/2014,Fri,2205,DA,CS1V,103A 131A ,M,E,W,DO,F , ,N,C,50,0,0,0,1566264,5183371
Christchurch City,06/06/2014,Fri,1907,EA,CS1C,129A ,M,R,W,DO,F , , ,C,50,0,0,0,1570299,5182004
Christchurch City,22/08/2014,Fri,835,HA,VN1C,301B 375B ,,R,D,B ,F ,X,S,C,50,0,0,0,1570297,5182104
Christchurch City,04/11/2014,Tue,1023,JA,CS1C,301B 375B 801 ,,R,W,O ,L ,X,S,C,50,0,0,1,1570297,5182104
Christchurch City,03/03/2014,Mon,1737,HA,CW2C,301A 375A ,,R,W,OF,L ,X,S,C,50,0,1,1,1570297,5182104
Christchurch City,12/09/2014,Fri,1725,JA,CN1C,302B ,,R,D,O ,F ,T,G,C,50,0,0,1,1562346,5177746
Christchurch City,08/06/2014,Sun,1240,DA,MS1,131A 191A 402A 901 ,,R,W,O ,H ,T,G,C,50,0,0,1,1562346,5177746
Christchurch City,06/04/2014,Sun,340,CB,CN1C,103A 130A ,M,R,D,DO,F ,T,G,C,50,0,0,0,1562126,5177345
Christchurch City,17/04/2014,Thu,1630,FD,CN1C,331A 901 903 ,,R,W,O ,HS, , ,C,80,0,0,1,1561520,5175997
Christchurch City,21/06/2014,Sat,1007,JA,4S1C,322A ,,R,D,B ,F ,T,T,C,50,0,0,1,1563077,5178445
Christchurch City,19/08/2014,Tue,1425,CC,SS1C,197A ,,R,D,BN,F ,T,N,C,100,0,0,1,1563048,5178403
Christchurch City,08/12/2014,Mon,1322,GD,VN1V,331A 350A ,,R,D,OF,F ,T,N,C,50,0,0,1,1562291,5177640
Christchurch City,14/02/2014,Fri,827,FD,TN1C,181A ,,R,W,OF,L , ,N,C,80,0,0,2,1561444,5175864
Christchurch City,21/10/2014,Tue,1640,HA,VW1C4,301B 375B ,,R,D,B ,F ,X,S,C,80,0,1,0,1561395,5175778
Christchurch City,02/05/2014,Fri,2035,LB,CN1C,303B 375B ,,R,D,DO,F ,X,S,C,80,0,0,2,1561395,5175778
Christchurch City,13/05/2014,Tue,744,HA,CS1V,301B 314B ,,R,D,O ,F ,X,S,C,80,0,0,0,1561395,5175778
Christchurch City,29/09/2014,Mon,1820,CB,CN1,130A 504A ,FT,R,D,B ,F ,T,G,C,70,0,0,0,1562037,5177096
Christchurch City,02/12/2014,Tue,1905,FB,SN1C,181A 331A 387A ,,R,D,B ,F ,R,G,R,70,0,1,0,1561918,5176689
Christchurch City,04/07/2014,Fri,721,GD,CS1V,333A 353A 927 ,,R,D,O ,F ,D, ,C,70,0,0,0,1562023,5177047
Christchurch City,30/05/2014,Fri,434,DB,CE1,101A 358A ,T,R,W,DO,L ,R,G,C,50,0,0,0,1570180,5182599
Christchurch City,30/01/2014,Thu,2026,JA,VE1T,309B 375B ,,R,D,TF,F ,T,N,C,50,0,0,2,1570032,5182500
Christchurch City,16/11/2014,Sun,948,HA,CW1C,322B 334B ,,R,D,B ,F ,X,T,C,50,0,0,1,1569912,5179547
Christchurch City,09/10/2014,Thu,1250,HA,VN2C,322A 334A ,,R,D,B ,F ,X,T,R,50,0,0,0,1569912,5179547
Christchurch City,19/04/2014,Sat,1540,HA,CW14,112A 322A 334A 404A 817 ,,R,D,B ,F ,X,T,C,50,0,0,0,1571373,5179557
Christchurch City,04/06/2014,Wed,1017,HA,CN24C,130B 322B 501B ,,R,D,B ,F ,X,T,C,50,0,1,2,1570642,5179552
Christchurch City,10/09/2014,Wed,2159,HA,4W14,322A 355A 402A 817 ,K,R,D,DO,F ,X,T,C,50,0,0,1,1570399,5179550
Christchurch City,06/07/2014,Sun,200,NA,XW1E,711B ,,R,D,DO,F , ,N,C,50,0,0,1,1570786,5179553
Christchurch City,07/06/2014,Sat,915,HA,CN2C,322A 334A ,,R,W,O ,F ,X,T,C,50,0,0,0,1570886,5179554
Christchurch City,01/03/2014,Sat,1934,HA,CW1C,322B ,,R,D,TF,F ,X,T,C,50,0,0,1,1570886,5179554
Christchurch City,06/08/2014,Wed,600,HA,CW1C,322A 334A ,,R,W,DO,L ,X,T,C,50,0,0,0,1570886,5179554
Christchurch City,06/06/2014,Fri,1728,HA,CN2C,322B ,,R,D,DO,F ,X,T,C,50,0,0,1,1570886,5179554
Christchurch City,11/12/2014,Thu,1350,HA,XN2C,322A 358A ,,R,D,B ,F ,X,T,C,50,0,0,1,1570155,5179549
Christchurch City,01/05/2014,Thu,1328,DB,CS1,134A 351A ,T,M,D,BF,F , ,N,C,50,0,0,0,1567911,5183742
Christchurch City,25/05/2014,Sun,1608,HA,CE2CM,301B 363B 375B 902 ,,R,D,O ,F ,X,S,P,60,0,0,1,1574998,5178745
Christchurch City,30/06/2014,Mon,740,HA,CE1CC,301B 375B ,Q,R,D,BF,F ,X,S,C,50,0,0,0,1574998,5178745
Christchurch City,24/08/2014,Sun,509,DA,CS1C,101A 111A 929 ,MT,M,W,DO,F ,D,N,C,50,0,0,0,1571639,5177062
Christchurch City,13/02/2014,Thu,2347,DB,CS1,103A 111A 131A 632A ,T,M,D,DO,F , ,N,C,50,0,0,2,1571649,5177058
Christchurch City,30/05/2014,Fri,1250,GD,CS1T,112A 181A ,,R,D,B ,F ,T,N,C,50,0,0,0,1571770,5176872
Christchurch City,29/12/2014,Mon,1959,HA,CW1C,302A 375A ,,R,D,O ,F ,R,G,R,50,0,0,0,1571878,5177444
Christchurch City,08/04/2014,Tue,1030,HA,CN24,302A 375A ,,R,W,O ,L ,R,G,R,50,0,0,0,1571891,5177441
Christchurch City,04/10/2014,Sat,1212,MC,CN1C,372B ,,R,D,B ,F , , ,C,50,0,0,1,1572232,5181183
Christchurch City,12/03/2014,Wed,741,HA,BW1S,302A ,,E,D,O ,F ,R,G,N,50,0,0,1,1572293,5179943
Christchurch City,28/11/2014,Fri,1745,MB,CS1CC,370B 801 ,M,R,W,O ,L , , ,C,50,0,0,0,1572289,5180275
Christchurch City,08/05/2014,Thu,801,HA,CN1S,302A 370A 640A ,,R,D,O ,F ,R,G,C,50,0,0,1,1572290,5180041
Christchurch City,27/08/2014,Wed,1450,NF,TS1E,105B 711B ,,R,D,B ,F ,R,G,C,50,0,0,0,1572290,5180041
Christchurch City,10/01/2014,Fri,1037,MC,CN1V,372B ,,R,D,B ,F , , ,N,50,0,0,0,1572229,5181339
Christchurch City,14/04/2014,Mon,820,NA,CS1E,711B 817 ,,R,D,OF,F , ,N,C,50,0,0,1,1572288,5180642
Christchurch City,17/07/2014,Thu,1844,CA,CN1,501A 929 ,P,R,W,DO,L ,D,N,C,50,0,0,0,1572225,5181618
Christchurch City,02/09/2014,Tue,815,HA,CW2C,302A 375A ,,R,D,B ,F ,X,G,X,50,0,0,0,1572232,5181123
Christchurch City,11/12/2014,Thu,950,MA,CN1C,373B ,,R,D,O ,F , , ,C,50,0,0,1,1572231,5181223
Christchurch City,03/03/2014,Mon,2143,AC,CN1C,372A 381A ,,R,W,DO,F ,T,G,N,50,0,0,0,1572231,5181283
Christchurch City,29/07/2014,Tue,1222,NF,CW2E,307A 353A ,,R,D,O ,F ,X,T,C,50,0,0,1,1572290,5180169
Christchurch City,20/11/2014,Thu,705,PO,CS1E,434A 512A ,,R,D,O ,F ,X,T,C,50,0,0,1,1572290,5180169
Christchurch City,25/10/2014,Sat,1559,CB,CS1,102A 410A ,S,R,D,B ,F ,X,T,C,50,0,0,0,1572290,5180169
Christchurch City,23/06/2014,Mon,1533,HA,CW2C,322B 334B ,,R,D,B ,F ,X,T,C,50,0,0,1,1572290,5180169
Christchurch City,12/01/2014,Sun,205,CC,CW1,190A 371A ,FH,R,D,DN,F , ,N,C,50,0,0,0,1562396,5180618
Christchurch City,20/12/2014,Sat,1331,HA,CN1CO,302A 375A ,M,R,D,OF,F ,X,G,C,50,0,0,1,1580611,5175700
Christchurch City,14/03/2014,Fri,2355,DA,4S1,101A 131A 692A ,F,E,D,DN,F , , ,N,100,0,0,0,1598682,5148839
Christchurch City,18/12/2014,Thu,30,DB,CN1,111A 131A 407A ,T,M,D,DN,F , , ,N,100,0,0,0,1599198,5147671
Christchurch City,26/10/2014,Sun,330,DB,CN1,101A 131A 433A ,K,E,D,DO,F , , ,C,50,0,0,0,1575205,5183732
Christchurch City,03/11/2014,Mon,2206,EA,4N1C,129A 197A 386A ,M,R,D,DO,F , , ,N,50,0,0,0,1567894,5181759
Christchurch City,01/05/2014,Thu,2149,HA,CE2C,102A 322B 330B ,,R,D,DO,F ,X,T,C,50,0,0,1,1567850,5180556
Christchurch City,18/02/2014,Tue,1235,EE,SN14S,374B ,M,R,D,B ,F , , ,C,50,0,1,1,1567851,5180576