TLANAME,CRASHDATE,CRASHDOW,CRASHTIME,MVMT,VEHICLES,CAUSES,OBJECTSSTRUCK,ROADCURVE,ROADWET,LIGHT,WTHRa,JUNCTYPE,TRAFCTRL,ROADMARK,SPDLIM,CRASHFATALCNT,CRASHSEVCNT,CRASHMINCNT,EASTING,NORTHING
Christchurch City,24/07/2014,Thu,1913,FD,CN1C4,331A 352A ,,R,D,DO,F , ,N,P,50,0,0,0,1567863,5180856
Christchurch City,22/10/2014,Wed,2205,KB,CN1P,322A 358A ,,R,D,DO,F ,X,T,C,50,0,0,1,1567850,5180556
Christchurch City,12/07/2014,Sat,2238,HA,CN1C,322B 334B ,,R,D,DO,F ,X,T,C,50,0,0,0,1567850,5180556
Christchurch City,17/09/2014,Wed,730,FD,CS1CCV,331A 352A 402A ,,R,D,B ,F , , ,C,50,0,0,0,1567839,5180313
Christchurch City,05/11/2014,Wed,1545,LB,CS1C,191A 303B 314B 402B 929 ,,R,W,O ,L ,D,N,C,50,0,0,0,1567841,5180343
Christchurch City,27/01/2014,Mon,822,CA,MS1,135A 806 850 ,,R,W,O ,L ,X,T,C,50,0,1,0,1567834,5180294
Christchurch City,27/04/2014,Sun,730,CB,4N1,410A ,FKP,R,D,B ,F , , ,P,50,0,0,0,1567823,5180973
Christchurch City,03/07/2014,Thu,1700,CB,VS1C,197A ,M,R,D,DO,F ,T,S,C,50,0,0,0,1567858,5180871
Christchurch City,11/05/2014,Sun,140,DA,CN1,103A 111A 131A ,S,E,D,DO,F ,X,S,C,50,0,0,0,1569942,5178141
Christchurch City,17/10/2014,Fri,1600,EE,SS1C,374B ,M,R,D,B ,F , , ,L,50,0,1,0,1570137,5177861
Christchurch City,27/08/2014,Wed,710,KA,SN1C,301B 375B ,,R,D,B ,FF,X,S,C,50,0,0,1,1570011,5178013
Christchurch City,13/02/2014,Thu,1800,DB,CS2C,103A 122A 130A 402A ,,M,D,O ,F ,X,T,P,50,0,0,0,1570174,5177818
Christchurch City,20/02/2014,Thu,1705,MO,VN1C,330A 386A 923 ,Q,R,D,B ,F ,D,N,C,50,0,0,0,1570606,5177291
Christchurch City,16/07/2014,Wed,1050,LB,CN1C,303B 375B ,,M,D,B ,F ,T,S,L,50,0,0,0,1570644,5177244
Christchurch City,02/07/2014,Wed,612,JA,SE1C,302B 375B 801 ,,M,W,DO,L ,T,G,R,50,0,1,0,1568194,5182484
Christchurch City,25/04/2014,Fri,1727,KA,SS1C,302B 363B 375B 902 ,,E,D,B ,F ,T,G,P,50,0,0,1,1568194,5182484
Christchurch City,17/06/2014,Tue,1630,JA,CE1C,302B ,,R,D,O ,F ,T,G,C,80,0,0,3,1568244,5187172
Christchurch City,22/07/2014,Tue,744,JA,CW1C,302B ,,R,D,O ,F ,T,G,C,80,0,0,1,1568244,5187172
Christchurch City,12/06/2014,Thu,1558,KA,TW1C,302B 375B ,,R,W,OF,L ,T,G,C,80,0,0,0,1568244,5187172
Christchurch City,28/01/2014,Tue,1622,BF,CS1C,129A 130A 404A ,,M,D,BN,F , ,N,C,100,0,0,0,1598109,5157421
Christchurch City,24/12/2014,Wed,2330,BF,CS1V,103A 111A 131A ,,E,D,DN,F , ,N,C,80,0,0,2,1571376,5171899
Christchurch City,10/08/2014,Sun,2300,DA,CS1,101A 111A 131A ,FT,S,D,DN,F , , ,C,100,0,0,0,1571429,5172194
Christchurch City,02/11/2014,Sun,1226,DB,CN1,505A 506A ,F,E,D,B ,F , ,N,C,70,0,0,1,1571254,5171581
Christchurch City,09/06/2014,Mon,2050,DA,CE1,131A 191A 402A 801 901 ,E,M,W,DN,H , , ,C,70,0,0,0,1571292,5171773
Christchurch City,09/03/2014,Sun,1435,DB,CE1,111A 131A ,ET,S,D,O ,F , ,N,C,100,0,0,0,1570822,5162442
Christchurch City,14/06/2014,Sat,230,DB,CW1,102A 111A 131A ,F,M,W,DN,F , ,N,C,70,0,0,0,1572669,5172951
Christchurch City,29/05/2014,Thu,2028,DA,VE1,102A 111A 131A ,F,M,W,DN,F , ,N,C,100,0,0,0,1594712,5158763
Christchurch City,17/07/2014,Thu,1724,HA,CS2C,301B ,,R,W,DO,L ,X,S,P,50,0,0,0,1565599,5179633
Christchurch City,24/10/2014,Fri,1840,MC,CW1C,191A 372B 386B ,,R,D,TF,F , , ,C,50,0,0,0,1566052,5179685
Christchurch City,09/02/2014,Sun,615,CC,CW1C,125A 195A ,MT,R,D,TO,F ,T,N,C,50,0,0,0,1565870,5179664
Christchurch City,15/05/2014,Thu,2053,MO,BE1C,357A 371A 929 ,M,R,D,DF,F ,D,N,N,50,0,0,0,1575158,5181975
Christchurch City,17/10/2014,Fri,1442,DA,CS1,111A 131A ,F,E,D,B ,F , ,N,N,50,0,0,0,1564112,5179632
Christchurch City,27/08/2014,Wed,20,PF,CS1E,129A ,,R,D,DO,F , , ,N,50,0,0,1,1572883,5179955
Christchurch City,06/06/2014,Fri,1210,MO,CS1C,512A 514A ,M,R,D,OF,F , ,N,C,50,0,0,0,1561325,5179873
Christchurch City,27/08/2014,Wed,415,CB,VW14,129A 130A ,FF,R,D,DO,F , , ,N,50,0,0,0,1577100,5184438
Christchurch City,11/11/2014,Tue,1938,GE,CW1CC,160A 514A ,MT,R,D,BF,F ,T,S,R,50,0,0,2,1570972,5177159
Christchurch City,25/06/2014,Wed,1741,JA,CE1C,314B 377B 801 ,,R,W,DO,L ,T,G,P,50,0,0,0,1570873,5177158
Christchurch City,04/12/2014,Thu,2245,CC,CW1,102A 524A ,IS,R,W,DO,H ,T,N,R,50,0,0,0,1571329,5177163
Christchurch City,05/10/2014,Sun,145,CB,400,101A 112A 130A ,ST,R,D,DO,F ,T,G,C,50,0,0,0,1573779,5178487
Christchurch City,03/08/2014,Sun,145,EA,VS1T,129A 357A ,M,M,D,DO,F , , ,N,50,0,0,0,1574897,5186352
Christchurch City,22/08/2014,Fri,1130,MD,VW1C,308B 371B 929 ,,R,D,O ,F ,D, ,C,50,0,1,1,1574779,5186217
Christchurch City,15/09/2014,Mon,1123,JA,4N1C,308B 423B 929 ,T,R,D,B ,F ,D,N,N,50,0,0,0,1567516,5178149
Christchurch City,27/11/2014,Thu,2345,EA,TN1C,129A 444B ,M,R,D,DO,F , , ,C,50,0,0,0,1567661,5177971
Christchurch City,21/11/2014,Fri,1640,DB,4N1CC,501A ,KMT,E,D,O ,F , , ,N,50,0,0,0,1570585,5182355
Christchurch City,10/11/2014,Mon,724,LB,SW1C,303B 363B 902 ,,R,D,B ,F ,T,G,C,50,0,0,0,1576063,5184327
Christchurch City,14/06/2014,Sat,958,NF,4N2EEE,307A 363A 902 ,,R,D,B ,F ,X,T,C,50,0,0,3,1569912,5179668
Christchurch City,05/04/2014,Sat,1955,CA,CW1,103A 130A 206A 817 ,STX,R,W,DO,L , , ,L,50,0,0,1,1570542,5179673
Christchurch City,04/12/2014,Thu,1515,JA,4E1B,308B 375B 930 ,,R,D,O ,F ,D,N,C,50,0,0,0,1570538,5179673
Christchurch City,25/01/2014,Sat,1500,HA,4S2C,322B 358B ,,R,D,B ,F ,X,T,C,50,0,0,0,1570398,5179672
Christchurch City,24/10/2014,Fri,1740,LB,CW1C,303B 375B ,,R,D,B ,F ,X,T,R,50,0,0,1,1569802,5179703
Christchurch City,25/07/2014,Fri,1450,MO,BW1CT,386A ,M,R,D,O ,F , , ,C,50,0,0,0,1570125,5179670
Christchurch City,22/05/2014,Thu,1607,ND,VW1E,353A 370A 711B ,,M,D,B ,F ,T,G,R,50,1,0,0,1572294,5179664
Christchurch City,28/08/2014,Thu,2235,CB,CE1,102A 197A ,P,R,D,DO,F ,T,N,P,50,0,0,1,1572614,5179666
Christchurch City,10/06/2014,Tue,1953,NB,CW1E,724B ,,R,W,DO,L , , ,C,50,0,0,1,1568975,5185827
Christchurch City,05/11/2014,Wed,914,MG,CS1C,330B 371B 402B ,,R,W,B ,L , , ,N,50,0,0,0,1567436,5181069
Christchurch City,20/09/2014,Sat,1640,HA,CE2C,302A 363A 902 ,,R,D,B ,F ,X,G,P,50,0,0,2,1577968,5182690
Christchurch City,17/01/2014,Fri,600,CB,CE1,112A 433A ,X,R,D,DO,F , ,N,N,50,0,0,0,1577709,5175037
Christchurch City,10/09/2014,Wed,2312,EA,CS1T,103A 129A 402A ,M,R,D,DO,F , , ,N,50,0,0,1,1568371,5185595
Christchurch City,03/06/2014,Tue,821,MC,CW1C,330B 372B ,,R,D,B ,F , ,N,C,50,0,0,1,1568831,5184789
Christchurch City,16/03/2014,Sun,1216,EA,CN1C,131A 402A 901 903 ,M,R,W,O ,HS, , ,C,50,0,0,0,1568219,5185260
Christchurch City,06/03/2014,Thu,1650,GB,PW1C,102A 158A 333A 387A 930 ,,R,D,OF,F ,D,N,R,50,0,0,1,1567861,5185670
Christchurch City,31/05/2014,Sat,129,DA,CN1T,111A 692A 692B ,M,E,D,DO,FF,T,N,N,50,0,0,1,1563757,5178671
Christchurch City,25/10/2014,Sat,920,FE,CS1C,181A ,,R,D,B ,F ,M,T,C,50,0,0,0,1570388,5180644
Christchurch City,24/05/2014,Sat,230,MO,CN1C,103A 371A ,M,R,D,DO,F , , ,C,50,0,0,0,1570355,5180676
Christchurch City,23/05/2014,Fri,1655,QD,VS1C,420A ,FHM,R,D,TF,F , , ,N,50,0,0,1,1576664,5172260
Christchurch City,08/10/2014,Wed,29,EA,CW1VV,103A 129A ,MM,R,D,DO,F , , ,N,50,0,0,0,1572291,5181161
Christchurch City,31/08/2014,Sun,334,CC,CN1CC4,103A 112A 130A ,M,R,D,DO,F , , ,C,50,0,0,0,1565535,5180629
Christchurch City,25/12/2014,Thu,2330,EA,CS1C,129A 197A ,M,R,D,DO,F , ,N,C,50,0,0,0,1565464,5181262
Christchurch City,19/11/2014,Wed,1845,MC,CN1V,372B ,,R,D,O ,F , , ,C,50,0,0,1,1565473,5181182
Christchurch City,04/02/2014,Tue,733,FC,CN1C,181A ,,R,D,BF,F , ,N,X,50,0,0,0,1565358,5182197
Christchurch City,19/12/2014,Fri,1538,KA,TS1C,302B 387B ,,R,D,B ,F ,T,G,C,50,0,0,0,1565361,5182167
Christchurch City,18/02/2014,Tue,1135,GD,CN1C,181A 350A ,,R,D,B ,F ,T,G,C,50,0,0,1,1565521,5180752
Christchurch City,05/02/2014,Wed,1700,KB,CN1C,308B 377B 830 927 ,,R,W,O ,L ,D,G,P,50,0,0,0,1565590,5180142
Christchurch City,04/02/2014,Tue,1257,HA,CN1C,322B 334B 353B ,,R,D,BF,F ,X,T,C,50,0,0,0,1565413,5181702
Christchurch City,19/01/2014,Sun,1610,LB,CS1C,303B 350B ,,R,D,B ,F ,X,T,C,50,0,0,2,1565413,5181702
Christchurch City,01/01/2014,Wed,514,CB,CS1C,195A ,M,R,D,TF,F , , ,C,50,0,0,0,1565437,5181507
Christchurch City,03/03/2014,Mon,1546,FE,CN1C,331A 352A ,,E,W,O ,F ,M,T,L,50,0,0,1,1565500,5180944
Christchurch City,08/05/2014,Thu,1730,FE,CS1C,387A 801 ,,E,W,DO,L ,T,T,C,50,0,0,1,1565499,5180954
Christchurch City,06/11/2014,Thu,840,LB,CS1C,191A 303B 314B 386B 925 ,,R,D,O ,F ,D,N,P,50,0,0,1,1565595,5180093
Christchurch City,13/05/2014,Tue,1718,LB,MS1C,303B ,,R,W,DO,L ,T,N,C,50,0,0,1,1565547,5180520
Christchurch City,26/10/2014,Sun,2038,CC,4S1,130A 423A ,C,R,D,O ,F ,T,N,C,50,0,0,0,1565367,5182119
Christchurch City,10/12/2014,Wed,840,NA,CS1E,712B 713B 801 ,,R,W,O ,L , , ,N,50,0,1,0,1574738,5181813
Christchurch City,03/10/2014,Fri,945,BF,CN2C,103A 131A ,P,R,D,O ,F ,T,G,C,50,0,0,0,1574712,5181770
Christchurch City,07/01/2014,Tue,1153,CB,CS1,130A 517A ,P,R,D,B ,F ,T,G,C,50,0,0,0,1574265,5181251
Christchurch City,15/07/2014,Tue,815,BF,CN1C,130A 358A 402A 817 ,,E,D,B ,F , , ,C,50,0,0,0,1574588,5181579
Christchurch City,05/12/2014,Fri,1240,MO,SE1C,204A 308B 929 ,,R,D,B ,F ,D,N,C,50,0,0,1,1575524,5182582
Christchurch City,19/07/2014,Sat,2248,NA,TW1E,713B ,,R,W,DO,H , , ,C,50,0,0,1,1575591,5182642
Christchurch City,23/01/2014,Thu,1629,EE,CS1C,525B 801 ,Q,R,W,O ,L , , ,L,50,0,0,0,1576235,5183147
Christchurch City,18/10/2014,Sat,1232,DA,CN1,195A 407A ,C,M,D,O ,F , , ,C,100,0,0,0,1592420,5151767
Christchurch City,10/09/2014,Wed,848,HA,CS1C,321B 351B ,,R,D,O ,F ,X,S,N,50,0,0,2,1567155,5179856
Christchurch City,28/03/2014,Fri,627,ED,CE1T,331A 387A ,Q,E,D,DO,F , ,N,P,50,0,0,1,1567134,5183213
Christchurch City,26/03/2014,Wed,757,LB,SS1C,303B 375B ,,R,D,B ,F ,T,G,C,50,0,0,1,1565831,5184057
Christchurch City,14/03/2014,Fri,1616,FD,ME1C,130A 191A ,,R,D,B ,F , , ,C,50,0,1,0,1566356,5183734
Christchurch City,05/06/2014,Thu,829,LB,CW1C,303B 375B ,,R,W,OF,F ,X,T,N,50,0,0,0,1566286,5183773
Christchurch City,17/11/2014,Mon,1854,HA,CE2T,322B 334B 350B ,,R,D,O ,F ,X,T,C,50,0,0,1,1566286,5183773
Christchurch City,16/11/2014,Sun,1230,JA,CW1C,308B 929 ,,R,D,B ,F ,D,N,P,50,0,0,0,1566599,5183588
Christchurch City,29/10/2014,Wed,1440,AA,CS1M,330A 372A ,,R,D,O ,F , , ,P,50,0,0,1,1566464,5183675
Christchurch City,18/12/2014,Thu,1110,MO,CE1CC,371A 423A 507A ,M,R,D,O ,F ,X,T,C,50,0,0,0,1566540,5183627
Christchurch City,01/10/2014,Wed,819,DA,CE1,108A 131A ,,R,D,B ,F ,X,T,C,50,0,0,0,1566549,5183621
Christchurch City,12/03/2014,Wed,2100,HA,VN2C,324B ,,R,D,DO,F ,X,T,C,50,0,0,0,1567861,5182582
Christchurch City,29/04/2014,Tue,1615,LB,CW1C,144B 303B ,,R,W,TF,L ,X,T, ,50,0,0,1,1567861,5182582
Christchurch City,24/02/2014,Mon,1845,DA,MW1,103A 131A ,F,E,D,O ,F , , ,C,50,0,0,1,1565959,5183920
Christchurch City,25/11/2014,Tue,1610,FD,CW1CC,331A 352A ,,R,D,O ,F , , ,C,50,0,0,1,1566720,5183508
Christchurch City,13/08/2014,Wed,838,FD,CW1CCC,331A ,,R,D,B ,F , , ,C,50,0,0,1,1566686,5183530
Christchurch City,23/12/2014,Tue,1304,HA,VN2C,301B 335B 356B ,,R,D,BN,F ,X,S,C,50,0,0,0,1563572,5185164
Christchurch City,27/05/2014,Tue,1715,FA,4E1C,181A 191B ,,R,D,DO,F ,R,G,R,80,0,0,0,1563885,5185094
Christchurch City,15/08/2014,Fri,1651,MC,VW1V,314B 372B ,,R,D,TF,F , ,N,P,50,0,0,0,1564771,5184786
Christchurch City,05/12/2014,Fri,1717,FD,VE1CC,181A 353A 181B ,,R,D,B ,F ,T,G,P,50,0,0,0,1564651,5184827
Christchurch City,02/10/2014,Thu,1650,MB,CE1C,372B ,,R,D,BF,F , ,N,C,80,0,0,1,1564361,5184890
Christchurch City,06/05/2014,Tue,1402,AO,TE1S,183A ,,R,D,BF,F ,R,G,R,50,0,0,0,1564902,5184780
Christchurch City,20/03/2014,Thu,645,DA,CN1,131A 357A 929 ,P,R,D,DO,F ,D,N,N,50,0,0,0,1568316,5181329
Christchurch City,22/12/2014,Mon,2005,DB,CN1,103A 111A 131A ,T,E,D,OF,F , ,N,C,50,0,0,0,1574072,5186383
Christchurch City,26/07/2014,Sat,30,CB,CS1,102A ,FP,R,D,DN,F , ,N,C,50,0,0,0,1580428,5175217
Christchurch City,21/09/2014,Sun,2258,DC,VS2,410A ,CP,M,D,DO,F ,T,N,C,50,0,0,0,1580552,5176027
Christchurch City,11/12/2014,Thu,2209,EA,CS1C,101A 130A 412A ,MP,R,D,DO,F , , ,C,50,0,0,0,1580312,5174847
Christchurch City,15/06/2014,Sun,2038,DC,CE2,103A 113A ,F,R,D,DO,F ,T,N,C,50,0,0,0,1564945,5174926
Christchurch City,02/10/2014,Thu,2311,DB,4S1,111A 332A 840 ,I,R,D,DO,F ,T,S,R,70,0,0,0,1571723,5185191
Christchurch City,18/11/2014,Tue,1459,HA,CS2C,301A 375A ,,R,D,BF,F ,X,S,P,50,0,0,1,1571611,5177785
Christchurch City,11/04/2014,Fri,2153,CC,CN1,103A 125A ,FJ,R,D,DO,F ,T,N,C,50,0,0,0,1571464,5178501
Christchurch City,31/01/2014,Fri,908,FD,TN1T,181A 423A ,,R,D,O ,F ,X,T,R,50,0,0,0,1571466,5178223
Christchurch City,15/05/2014,Thu,2235,AC,CS1C,150A 372A ,,E,D,DO,F , ,N,R,50,0,0,0,1571441,5178967
Christchurch City,27/11/2014,Thu,510,HA,CS14,334A 334B ,,R,W,O ,F ,X,T,R,50,0,0,0,1571475,5178607
Christchurch City,21/05/2014,Wed,1045,MC,CW1C,372B ,,R,D,OF,F ,T,G,N,50,0,0,0,1571425,5182698
Christchurch City,28/01/2014,Tue,1157,GD,CW1C,331A 358A 927 ,,R,D,B ,F ,D, ,C,50,0,0,0,1571171,5179094
Christchurch City,05/11/2014,Wed,2145,DA,CE1C,103A 122A 924 ,M,R,D,DO,F ,D,N,N,50,0,0,0,1571289,5179138
Christchurch City,28/07/2014,Mon,1609,HA,4W1T,301A 363A ,,R,D,B ,F ,X,S,C,100,0,2,0,1558501,5178039
Christchurch City,18/11/2014,Tue,1632,JA,CE1C,308B 377B 839 927 ,,R,D,B ,F ,D, ,C,50,0,0,2,1562174,5179273
Christchurch City,07/06/2014,Sat,510,DA,CW1,101A 131A ,X,E,D,DO,M , , ,C,50,0,0,0,1560871,5179013
Christchurch City,09/01/2014,Thu,1445,FB,4E1C,434A 405B ,,E,D,BF,F ,T,S,P,50,0,0,0,1563434,5179438
Christchurch City,30/12/2014,Tue,1932,EA,VE1V,410A ,M,R,D,B ,F , , ,C,50,0,0,0,1562022,5179273
Christchurch City,13/09/2014,Sat,1105,FA,CN14,110A 331A 355B 801 ,,R,W,O ,L , , ,C,50,0,0,1,1564437,5179536
Christchurch City,29/08/2014,Fri,2230,CB,VN1,101A 134A ,F,R,D,DN,F , ,N,C,100,0,0,0,1583580,5156471
Christchurch City,30/09/2014,Tue,900,JA,CW1C,303B 377B 830 ,,R,D,B ,F ,T,N,C,50,0,0,0,1571112,5183228
Christchurch City,06/04/2014,Sun,1701,JA,CW1C,309B 375B ,,R,D,B ,F ,T,N,C,50,0,0,0,1571112,5183228
Christchurch City,29/11/2014,Sat,1720,EA,CN1B,129A 130A 402A ,M,R,D,B ,F , , ,C,50,0,0,0,1571045,5183182
Christchurch City,27/07/2014,Sun,1916,DB,CS1,386A ,P,E,D,DO,F , , ,C,50,0,0,1,1570326,5182788
Christchurch City,29/06/2014,Sun,1633,MC,CS1C,372B ,,R,D,TF,F , , ,R,50,0,0,0,1567947,5179449
Christchurch City,20/11/2014,Thu,1351,HA,CW2C,322A 334A ,,R,D,B ,F ,X,T,R,60,0,0,0,1567936,5179466
Christchurch City,26/05/2014,Mon,1420,LB,CN1M,303B 382B ,,R,W,OF,L ,X,T,R,50,0,0,1,1567936,5179466
Christchurch City,17/08/2014,Sun,1236,FD,CS1CC,181A 331A ,,R,D,B ,F , , ,P,50,0,0,0,1568216,5178776
Christchurch City,11/07/2014,Fri,1558,FD,CN1C,181A 197A 331A ,,R,D,B ,F , , ,C,50,0,0,1,1568098,5178923
Christchurch City,17/02/2014,Mon,1245,FA,CS1CC,130A 501A ,M,R,D,B ,F , ,N,C,50,0,0,0,1568154,5178853
Christchurch City,30/12/2014,Tue,1251,GB,SN1C,142B 175B 929 ,,R,D,B ,F ,D,N,R,50,0,1,0,1568141,5178868
Christchurch City,03/06/2014,Tue,1715,LB,VS14,303B 387B ,,R,W,DO,F ,X,T,C,50,0,0,0,1568400,5178551
Christchurch City,11/04/2014,Fri,1545,LB,CS1C,303B 375B ,,R,D,O ,F ,X,T,C,50,0,0,1,1568400,5178551
Christchurch City,25/05/2014,Sun,736,EC,PS1,400A ,X,R,D,BN,F , ,N,R,50,0,0,1,1568108,5178910
Christchurch City,06/08/2014,Wed,928,FE,CS1P,173A 181A 387A 851 ,,R,W,B ,F ,X,T,R,50,0,0,0,1571761,5181292
Christchurch City,25/03/2014,Tue,1103,MC,VN1C,355B 372B ,,E,D,O ,F , , ,P,50,0,0,1,1571757,5181441
Christchurch City,30/07/2014,Wed,1814,FE,4W1CC,181A 181B 817 ,,R,D,DN,F , ,T,C,80,0,0,0,1565222,5177777
Christchurch City,26/07/2014,Sat,1730,DB,CE1,131A ,P,M,D,TO,F ,T,N,C,50,0,0,0,1565686,5178159
Christchurch City,16/02/2014,Sun,2008,DB,CW1,103A 111A 131A ,FT,M,D,OF,F , ,N,N,50,0,0,0,1566011,5181590
Christchurch City,07/12/2014,Sun,1522,DA,CE1,111A 131A 402A ,FT,E,D,O ,F , , ,N,50,0,0,0,1569804,5187474
Christchurch City,24/02/2014,Mon,,LB,CS1C,303B ,,R,D,BF,F ,T,G,C,50,0,0,0,1571949,5178186
Christchurch City,19/01/2014,Sun,2225,CA,MS1,103A 112A 133A 402A ,,R,D,DO,F ,X,S,C,50,0,1,0,1572125,5178717
Christchurch City,27/03/2014,Thu,2019,HA,CE1C,302A 375A ,,R,D,DO,F ,R,G,R,50,0,0,1,1571891,5177441
Christchurch City,03/12/2014,Wed,1930,MA,4S1C,373B ,,R,D,BF,F ,T,N,C,50,0,0,3,1572238,5179054
Christchurch City,02/08/2014,Sat,1610,JA,CN1C,308B 377B 839 929 ,,R,D,BF,F ,D,N,C,50,0,0,0,1571849,5177884
Christchurch City,01/01/2014,Wed,1426,CB,CS1,501A ,P,R,D,B ,F , , ,N,50,0,0,0,1565721,5184544
Christchurch City,04/12/2014,Thu,2300,DA,CN1C,111A 131A ,M,E,W,DO,L , ,N,C,50,0,0,1,1569169,5185883
Christchurch City,11/03/2014,Tue,1215,JA,CS1C,145A 302B 387B ,,R,D,O ,F ,T,G,C,50,0,1,0,1563889,5181785
Christchurch City,19/07/2014,Sat,2135,HA,BE2C,302A 375A 423A ,F,E,W,DO,L ,R,G,R,50,0,0,1,1564141,5182412
Christchurch City,23/12/2014,Tue,2310,DC,CW2,101A 335A ,F,R,D,DO,F ,T,N,N,50,0,0,0,,
Christchurch City,31/07/2014,Thu,335,DA,CW1,103A 111A 131A 402A ,T,E,D,DO,F ,R,G,R,50,0,0,0,1563734,5181487
Christchurch City,12/11/2014,Wed,1826,HA,CW1S,201B 206B 817 ,,R,D,B ,F ,R,G,C,50,0,0,1,1574260,5180816
Christchurch City,03/06/2014,Tue,945,LB,TS2B,303B 902 ,,R,D,B ,F ,X,G,R,50,0,0,0,1572555,5180802
Christchurch City,15/01/2014,Wed,1146,NA,CE1E,377A 712B 839 ,,R,D,B ,F ,T,N,C,50,0,1,0,1573667,5180810
Christchurch City,03/03/2014,Mon,712,NA,TE1E,306A ,,R,W,O ,H ,T,G,X,50,0,0,1,1573821,5180810
Christchurch City,25/07/2014,Fri,354,CB,CW1,103A ,F,R,D,DO,FF, ,N,C,50,0,0,0,1571410,5180163
Christchurch City,13/03/2014,Thu,800,CB,CE14,363A 902 ,M,R,D,BF,F ,X,T,C,50,0,0,0,1570882,5180159
Christchurch City,19/03/2014,Wed,1654,LB,CS1CV,197A 130B 303B 402B ,,R,D,BF,F ,T,N,N,50,0,0,0,1573354,5180285
Christchurch City,04/07/2014,Fri,2337,CA,CE1C,103A 130A ,MP,R,D,DO,F , , ,C,50,0,0,1,1572853,5180169
Christchurch City,04/02/2014,Tue,1230,MO,CW1CC,371A ,MQ,R,D,BF,F ,X,T,C,50,0,0,0,1570637,5178626
Christchurch City,28/07/2014,Mon,1440,NA,VE1E,191A 105B 711B ,,R,D,B ,F ,X,T,C,50,0,0,1,1570647,5178626
Christchurch City,12/11/2014,Wed,1309,DA,CE1,111A 131A ,F,M,D,O ,F , , ,C,50,0,0,1,1568622,5174659
Christchurch City,16/09/2014,Tue,2036,LB,CW1C,302B ,,R,W,DO,H ,R,G,R,50,0,0,0,1567260,5178685
Christchurch City,06/05/2014,Tue,1330,KA,XN1S,302A 375A ,,E,D,B ,F ,R,G,C,50,0,0,1,1567261,5178668
Christchurch City,22/04/2014,Tue,1310,MC,CS1C,372B 381B 801 ,,R,W,O ,L , , ,C,50,0,0,0,1567492,5178390
Christchurch City,23/08/2014,Sat,2010,CB,4S1C,129A 358A ,JSX,R,D,DO,F , ,N,L,50,0,0,0,1567716,5178115
Christchurch City,16/05/2014,Fri,1456,DB,CN2,501A ,PS,R,D,B ,F ,X,T,R,50,0,0,0,1567767,5178031
Christchurch City,12/06/2014,Thu,2153,EE,CS1C,129A 358A ,M,R,W,DO,F , ,N,C,50,0,0,0,1568013,5176750
Christchurch City,19/05/2014,Mon,1800,NA,CW1E,711B 731B ,,R,D,DO,F ,T,S,C,50,0,0,1,1568356,5183826
Christchurch City,15/11/2014,Sat,1743,JA,VW1C,302B ,,R,D,BF,F ,X,G,R,50,0,0,0,1565418,5180023
Christchurch City,17/04/2014,Thu,1929,JA,4W1C,302B ,,M,W,DO,H ,X,G,R,50,0,0,0,1565418,5180023
Christchurch City,21/12/2014,Sun,1800,CC,CN1C,103A 506A 512A ,FM,R,W,O ,H ,T,N,C,50,0,0,0,1576420,5182656
Christchurch City,13/05/2014,Tue,1615,BO,SE1C,105A 131A 370A 801 ,,R,W,O ,L , , ,N,30,0,0,1,1569381,5177402
Christchurch City,23/09/2014,Tue,1620,MO,CE1C,371A 423A 507A ,MX,R,D,B ,F , , ,N,30,0,0,1,1565662,5180163
Christchurch City,10/05/2014,Sat,1912,QO,4N1C,130A 402A 501A ,PX,R,D,DO,F , , ,N,30,0,1,1,1568354,5184325
Christchurch City,18/03/2014,Tue,1752,MO,CE1C,386A 924 ,,R,D,B ,F ,D,N,N,50,0,0,0,1574297,5178199
Christchurch City,15/07/2014,Tue,1320,MO,CN1C,371A 504A 926 ,CM,R,D,B ,F ,D,N,N,10,0,0,1,1567359,5179999
Christchurch City,20/02/2014,Thu,845,MO,VS1,330A 427A 929 ,,R,D,O ,M ,D,N,N,50,0,1,0,1562425,5181329
Christchurch City,21/01/2014,Tue,1421,DA,TE1,501A ,X,E,W,O ,F , , ,N,30,0,0,1,1562355,5186886
Christchurch City,01/06/2014,Sun,1329,MO,CW1CC4,130A 650A 927 ,M,R,D,B ,F ,D,N,R,20,0,0,0,1561852,5178804
Christchurch City,18/02/2014,Tue,830,CB,TS1,137A 181A 400A ,B,R,D,BF,F , ,N,C,100,0,0,0,1571428,5192839
Christchurch City,17/12/2014,Wed,910,FD,CS1CT,181A 331A 181B 191C ,,R,D,O ,F , , ,C,100,0,0,1,1571550,5192402
Christchurch City,24/02/2014,Mon,1610,CA,4N1,130A 406A ,,R,D,B ,F , , ,C,100,0,1,0,1571537,5192309