TLANAME,CRASHDATE,CRASHDOW,CRASHTIME,MVMT,VEHICLES,CAUSES,OBJECTSSTRUCK,ROADCURVE,ROADWET,LIGHT,WTHRa,JUNCTYPE,TRAFCTRL,ROADMARK,SPDLIM,CRASHFATALCNT,CRASHSEVCNT,CRASHMINCNT,EASTING,NORTHING
Christchurch City,25/10/2014,Sat,1045,FA,CS14,191A 331A 352A ,,R,D,B ,F , , ,C,100,0,0,0,1571597,5191945
Christchurch City,26/03/2014,Wed,1031,FD,CN1C,181A ,,R,D,BF,F , ,N,C,100,0,1,1,1571472,5191851
Christchurch City,28/08/2014,Thu,1034,CB,CN1,504A ,FT,R,D,BF,F , ,N,C,100,0,0,1,1570890,5191025
Christchurch City,24/07/2014,Thu,1855,HA,4N1CC,301B ,,R,D,DO,F ,X,S,C,60,0,0,0,1570670,5190576
Christchurch City,09/04/2014,Wed,1135,LB,VS1CC,197A 303B 353B ,,R,D,O ,F ,X,S,R,60,0,0,1,1570692,5190565
Christchurch City,25/01/2014,Sat,1130,FD,CN1C,181A 331A 929 ,,R,D,BF,F ,D,N,R,60,0,0,0,1570583,5190396
Christchurch City,10/10/2014,Fri,1627,EB,TN1C,330B 381B ,Q,R,D,B ,F , , ,R,60,0,0,0,1570424,5190057
Christchurch City,11/04/2014,Fri,914,FD,CS14,331A 353A ,,R,W,O ,L ,T,G,R,60,0,0,0,1570362,5189898
Christchurch City,14/03/2014,Fri,658,LB,PS1V,303B 377B ,,R,D,DO,F ,T,G,R,50,0,1,0,1570362,5189898
Christchurch City,27/06/2014,Fri,1906,JA,VN1C,301B 375B 903 ,,R,D,DO,FS,T,S,R,60,0,0,0,1570314,5189823
Christchurch City,22/04/2014,Tue,1150,FD,CS1C,181A 331A 801 ,,R,W,O ,L ,T,S,C,60,0,0,1,1570324,5189818
Christchurch City,10/06/2014,Tue,730,NA,4N1E,322A 376A 901 ,,R,W,DO,H ,T,T,R,60,0,1,0,1570268,5189725
Christchurch City,17/03/2014,Mon,1234,FE,VS14,181A 331A ,,R,D,BF,F ,T,T,R,60,0,0,0,1570291,5189747
Christchurch City,04/09/2014,Thu,255,EA,CN14,129A ,MF,R,D,DO,F , , ,R,60,0,0,0,1570039,5189239
Christchurch City,25/08/2014,Mon,1614,KC,CW2C,301A ,,R,D,B ,F ,T,S,R,60,0,0,0,1570062,5189260
Christchurch City,03/08/2014,Sun,1338,LB,CN1C,303B 375B ,,R,W,O ,L ,T,T,R,50,0,0,1,1569934,5189016
Christchurch City,22/08/2014,Fri,2000,JA,MW1C,102B 372B 922 ,,R,D,DO,F ,D, ,R,60,0,0,1,1569845,5189006
Christchurch City,17/06/2014,Tue,641,AA,TW14,179A 387B ,,R,D,DO,F , ,N,L,60,0,0,0,1569776,5188998
Christchurch City,20/01/2014,Mon,1308,BE,CE14,109A 130A 197B ,,R,D,B ,F , , ,C,80,0,1,1,1569086,5188917
Christchurch City,10/10/2014,Fri,750,FD,CW1C,331A 358A ,,R,D,O ,F , , ,C,80,0,0,1,1568536,5188849
Christchurch City,15/06/2014,Sun,1603,FD,CE1CC,331A 350A ,,R,D,OF,F , ,N,C,80,0,0,2,1568373,5188827
Christchurch City,02/02/2014,Sun,58,DA,CN1,102A 131A ,P,E,D,DO,F , , ,C,80,0,0,0,1567069,5188214
Christchurch City,17/04/2014,Thu,1846,JA,BW1C,302B 387B ,,E,W,TO,H ,T,G,R,80,0,0,1,1566832,5188116
Christchurch City,30/10/2014,Thu,827,FD,TS1CCC,181A 181B 181C 181D ,,R,D,B ,F , , ,C,80,0,0,4,1566324,5187608
Christchurch City,05/03/2014,Wed,439,BF,CW1C,135A 823 ,L,M,W,DO,H , ,N,C,80,0,0,0,1566146,5187405
Christchurch City,15/07/2014,Tue,837,GE,CE1TT,171B 353B ,,M,D,B ,F ,R,G,R,80,0,0,0,1565235,5186736
Christchurch City,14/06/2014,Sat,50,EC,CE1,101A ,I,E,W,DO,M ,R,G,R,80,0,0,0,1565197,5186715
Christchurch City,01/10/2014,Wed,2045,DB,CE1,103A 131A 410A ,IS,E,D,DO,F ,R,G,R,80,0,0,0,1565197,5186715
Christchurch City,08/09/2014,Mon,1723,FD,CN14,181A 331A 358A ,,R,D,TF,F , , ,C,80,0,0,0,1564991,5186642
Christchurch City,16/12/2014,Tue,1745,FD,CS1C,181A 350A ,,R,D,BF,F , ,N,N,80,0,0,0,1564396,5186422
Christchurch City,17/02/2014,Mon,430,AO,TS1C,380A 181B ,,M,D,DO,F ,R,G,R,80,0,0,0,1564122,5185938
Christchurch City,03/08/2014,Sun,2200,DA,CS1,111A 131A ,I,R,D,TO,F ,R,G,R,80,0,0,0,1564127,5185929
Christchurch City,23/10/2014,Thu,2351,DB,MS1,111A 692A ,,M,D,DO,F ,R,G,R,80,1,0,0,1564127,5185929
Christchurch City,07/10/2014,Tue,332,GF,TN1C,381A ,,M,D,DO,F ,R,G,R,80,0,0,0,1564091,5185913
Christchurch City,15/01/2014,Wed,1228,DA,PS1,131A 136A 660A ,,M,D,BF,F ,R,G,R,80,0,1,0,1563931,5185099
Christchurch City,02/06/2014,Mon,2250,DA,CN1,111A 131A ,FIT,R,D,DO,F ,R,G,R,80,0,0,0,1563887,5185077
Christchurch City,18/04/2014,Fri,1455,DA,CS1,111A 135A 804 ,,E,W,OF,L ,R,G,C,80,0,0,0,1563887,5185077
Christchurch City,31/08/2014,Sun,305,GE,4N1C,171B ,,M,D,DO,F ,R,G,R,80,0,0,0,1563901,5185067
Christchurch City,01/02/2014,Sat,1015,AC,CS1C,184A ,,R,D,O ,F , , ,C,80,0,0,0,1563753,5184695
Christchurch City,04/12/2014,Thu,1402,LB,VS1C,302A ,,M,D,OF,F ,R,G,R,80,0,0,0,1563614,5184350
Christchurch City,22/02/2014,Sat,440,DA,TS1,111A 131A ,,R,D,DO,F ,R,G,R,80,0,0,0,1563625,5184339
Christchurch City,01/03/2014,Sat,720,HA,CE1C,302A 386A 402A ,,E,D,TF,F ,R,G,R,80,0,0,0,1563614,5184350
Christchurch City,28/02/2014,Fri,1215,GC,CS1C,171B 340B 404B ,,E,D,O ,F ,R,G,R,80,0,0,0,1563614,5184350
Christchurch City,28/02/2014,Fri,1956,DA,CN1,110A 133A ,P,E,W,O ,H ,R,G,R,80,0,0,0,1563625,5184339
Christchurch City,13/04/2014,Sun,1317,FB,4N1C,181A ,,R,D,OF,F ,R,G,R,80,0,0,0,1563616,5184354
Christchurch City,10/01/2014,Fri,1632,GE,4S1V,171B 404B ,,M,D,B ,F ,R,G,R,80,0,0,0,1563614,5184350
Christchurch City,05/03/2014,Wed,815,GC,VS1T,171B 381B ,,R,W,O ,H ,R,G,N,80,0,0,0,1563614,5184350
Christchurch City,12/03/2014,Wed,1636,HA,CE1M,302A 375A ,,R,D,O ,F ,R,G,C,100,0,0,1,1563596,5184348
Christchurch City,13/05/2014,Tue,2130,KA,CN1B,302B 330B 387B ,,E,D,DO,F ,R,G,C,80,0,0,1,1563624,5184322
Christchurch City,09/11/2014,Sun,1155,HA,CN2C,302A 402A ,,M,D,B ,F ,R,G,R,60,0,0,0,1563617,5184313
Christchurch City,06/11/2014,Thu,1100,GB,CN1C,171A 330A ,,M,D,B ,F ,R,G,R,80,0,0,0,1563599,5184311
Christchurch City,27/02/2014,Thu,1755,GB,CN1V,172B 330B ,,M,D,B ,F ,R,G,C,80,0,0,0,1563599,5184311
Christchurch City,23/09/2014,Tue,1107,MA,CN14,373B ,,R,D,B ,F , , ,L,80,0,0,2,1563542,5184172
Christchurch City,24/07/2014,Thu,1237,AD,CN1,130A 184A ,S,R,D,O ,F , , ,R,80,0,0,1,1563523,5184126
Christchurch City,29/08/2014,Fri,1610,AC,CN1C,372A 381A ,,R,D,B ,F , ,N,C,80,0,0,0,1563504,5184080
Christchurch City,13/01/2014,Mon,1635,FD,VN1TT,181A 503A ,,R,D,B ,F , ,N,C,80,0,1,0,1563447,5183941
Christchurch City,06/06/2014,Fri,1945,KA,CS1C,301B 382B ,,R,W,DO,F ,X,S,R,80,0,0,0,1563395,5183812
Christchurch City,25/03/2014,Tue,540,FA,VS1T,331A 358A ,,R,D,DO,F , , ,R,80,0,0,0,1563291,5183562
Christchurch City,10/10/2014,Fri,1546,FD,MN1T,181A 350A ,,R,D,B ,F , ,N,C,80,0,0,1,1563178,5183306
Christchurch City,02/06/2014,Mon,2200,CB,CN1,130A 904 ,C,R,W,DO,M , , ,R,80,0,0,1,1562884,5182586
Christchurch City,31/01/2014,Fri,5,CB,CN1,129A 410A ,F,R,D,DO,F , ,N,R,60,0,0,0,1562635,5181986
Christchurch City,21/03/2014,Fri,1710,FD,CS1CV,331A 352A ,,R,D,B ,F , , ,R,60,0,1,2,1562565,5181819
Christchurch City,22/01/2014,Wed,1300,EA,CN14,130A 350A ,M,R,D,B ,F , , ,R,60,0,0,1,1562424,5181479
Christchurch City,11/04/2014,Fri,101,CC,CS1,110A 514A ,T,R,W,DO,F ,R,G,R,80,0,0,0,1562348,5181294
Christchurch City,04/04/2014,Fri,1223,LB,VN1C,303B ,,R,D,B ,F ,X,T,R,60,0,0,0,1562348,5181294
Christchurch City,21/06/2014,Sat,600,HA,TN2T,103B 112B 322B ,,R,D,DO,F ,X,T,C,50,0,0,0,1562348,5181294
Christchurch City,15/12/2014,Mon,1608,JC,CE1C,302A ,,R,D,B ,F ,T,G,R,50,0,0,0,1562246,5181020
Christchurch City,13/01/2014,Mon,105,BC,CN14,103A 122A ,,E,D,DO,F ,T,G,C,80,0,0,0,1562376,5180615
Christchurch City,13/12/2014,Sat,1619,FA,CS1C,181A 352A ,,R,D,O ,F , ,N,R,60,0,0,0,1562332,5180404
Christchurch City,20/02/2014,Thu,835,NA,CN1E,713B ,,R,D,O ,F ,X,G,C,50,0,1,0,1562184,5180059
Christchurch City,12/03/2014,Wed,1209,LB,CN1C,322A ,,S,D,OF,F ,X,T,R,50,0,0,0,1562184,5180059
Christchurch City,10/04/2014,Thu,1530,FD,4N1C4,181A 330A ,,R,D,O ,F , ,N,C,50,0,0,0,1562113,5179870
Christchurch City,29/10/2014,Wed,2315,AO,VN1P,150A 512A ,,R,D,DO,F , ,N,R,60,0,0,0,1562090,5179848
Christchurch City,07/02/2014,Fri,2308,EC,CS1,103A 330A 817 ,X,R,D,DO,F , , ,R,50,0,0,1,1562102,5179843
Christchurch City,09/10/2014,Thu,1730,GB,SS1T,372B 927 ,,R,D,O ,F ,D,N,R,50,0,0,0,1562036,5179688
Christchurch City,29/09/2014,Mon,1220,GF,TE1S,179A 370A 386A ,,R,D,B ,F ,X,T,C,50,1,0,0,1561862,5179280
Christchurch City,07/04/2014,Mon,1223,AA,CS1V,372A 381A ,,R,W,O ,F , ,N,N,50,0,0,0,1561698,5178772
Christchurch City,14/05/2014,Wed,1332,KA,VN1C,302B ,,R,D,O ,F ,X,G,R,50,0,0,0,1561676,5178743
Christchurch City,13/11/2014,Thu,2220,LB,CE1C,370A 303B 353B 402B ,,R,D,DO,F ,X,T,R,50,0,0,0,1561676,5178743
Christchurch City,07/11/2014,Fri,1007,NA,CE1E,501B 711B ,,R,D,OF,F , ,N,R,50,0,0,1,1561470,5178721
Christchurch City,26/10/2014,Sun,1015,FD,4W1C,181A 331A 402A ,,R,D,B ,F , , ,C,50,0,0,0,1561437,5178699
Christchurch City,09/10/2014,Thu,2350,HA,4W1C,322A 334A 414A 801 ,,R,W,DO,L ,X,T,R,50,0,0,0,1561421,5178713
Christchurch City,17/10/2014,Fri,1530,EA,TW1C,386A 663A ,M,R,D,O ,F , , ,R,50,0,0,0,1561392,5178706
Christchurch City,17/09/2014,Wed,1555,FD,CW1V,191A 427A ,,R,D,O ,F , , ,P,50,0,0,0,1561021,5178617
Christchurch City,07/11/2014,Fri,1313,FA,CW1T,387A 410A ,,R,D,B ,F ,X,T,C,50,0,0,1,1560943,5178601
Christchurch City,22/08/2014,Fri,0,LB,CE1C,103B 303B 404B ,,R,D,DO,F ,X,T,R,50,0,0,0,1560908,5178594
Christchurch City,24/04/2014,Thu,1829,FD,VE1CC,331A 352A ,,R,D,DO,F , ,N,P,60,0,0,0,1560859,5178584
Christchurch City,14/08/2014,Thu,1702,FD,CE1C,330A 423A ,,R,D,DO,L , ,N,P,50,0,0,0,1560849,5178582
Christchurch City,03/06/2014,Tue,1720,MB,CW1C,372B ,,R,D,BF,F , ,N,C,70,0,0,0,1560825,5178577
Christchurch City,06/06/2014,Fri,1730,FD,VW1CT,110A 135A 191A 901 ,,E,W,TO,H , , ,C,100,0,0,1,1560444,5178503
Christchurch City,22/10/2014,Wed,2110,LB,CW1C,322A 334A 358A ,,R,D,DO,F ,X,T,C,50,0,0,0,1560246,5178475
Christchurch City,08/10/2014,Wed,1400,AA,VE1C,372A 381A ,,R,D,O ,F , ,N,C,70,0,0,0,1560197,5178471
Christchurch City,25/04/2014,Fri,1650,GD,CW1C,331A ,,R,D,O ,F ,T,S,C,70,0,0,2,1559799,5178440
Christchurch City,08/01/2014,Wed,836,GD,CW1T,181A 331A ,,R,D,B ,F ,T,S,C,70,0,1,0,1559799,5178440
Christchurch City,03/09/2014,Wed,2106,GD,CW1C,181A 331A 930 ,,R,D,DO,F ,D,N,C,70,0,0,1,1559093,5178182
Christchurch City,15/12/2014,Mon,1330,LB,VE1S,303B 377B 927 ,,R,D,BF,F ,D,N,C,70,0,1,0,1558910,5178102
Christchurch City,16/12/2014,Tue,1148,KB,4W1C,301B 382B ,,R,D,BF,F ,X,S,C,70,0,0,0,1558543,5177942
Christchurch City,29/10/2014,Wed,855,JA,CE1TC,301B 377B ,Q,R,D,OF,F ,X,S,P,70,0,0,3,1558543,5177942
Christchurch City,19/10/2014,Sun,1736,HA,4W1C,301B ,,R,D,B ,F ,X,S,C,70,0,0,0,1557532,5177478
Christchurch City,14/08/2014,Thu,1409,HA,TE1C,301B ,,R,D,O ,F ,X,S,R,70,0,0,1,1557532,5177478
Christchurch City,06/06/2014,Fri,2152,KB,CE1T,103B 301B ,,R,W,DO,M ,X,S,R,70,0,0,1,1557532,5177478
Christchurch City,30/06/2014,Mon,1530,EA,VW1CCC,129A 197A ,M,R,D,B ,F , ,N,P,70,0,0,0,1557506,5177462
Christchurch City,20/06/2014,Fri,915,FD,CE14,181A ,,R,D,BF,F , ,N,C,100,0,0,1,1557446,5177427
Christchurch City,02/02/2014,Sun,1436,DA,CN1,111A 131A ,G,M,D,B ,F ,R,G,R,100,0,0,0,1565880,5178245
Christchurch City,16/03/2014,Sun,820,EC,CN1,111A 131A 823 901 903 ,GL,E,W,OF,HS,R,G,C,70,0,0,0,1565880,5178245
Christchurch City,08/07/2014,Tue,1645,HA,4W2C,302A 350A ,,E,D,TO,F ,R,G,C,70,0,0,0,1565872,5178266
Christchurch City,30/08/2014,Sat,635,AO,CE1T,111A 132A 197B ,I,M,D,O ,F ,R,G,R,100,0,0,0,1565893,5178288
Christchurch City,29/05/2014,Thu,2225,DA,CN1,111A 131A ,G,E,D,DO,F , , ,C,100,0,0,0,1565871,5178285
Christchurch City,11/06/2014,Wed,745,FD,CN1CCC,181A 350A 181B 181C ,,R,D,TN,F , , ,C,70,0,0,0,1565650,5178486
Christchurch City,29/09/2014,Mon,1630,FD,CE1C,181A ,,R,D,BF,F , ,N,C,50,0,0,0,1565582,5178557
Christchurch City,29/09/2014,Mon,1630,FD,CS1CC,181A ,,R,D,BF,F , ,N,C,70,0,0,0,1565582,5178557
Christchurch City,20/11/2014,Thu,1625,FD,CN1C,181A ,,R,D,B ,F , , ,R,100,0,0,0,1565476,5178635
Christchurch City,21/05/2014,Wed,2000,DA,CS1,111A 131A ,CS,E,D,DO,F , , ,C,100,0,0,0,1565159,5178980
Christchurch City,31/10/2014,Fri,1138,FE,CW1C,331A 353A ,,R,D,B ,F ,X,T,R,60,0,0,0,1565138,5179196
Christchurch City,05/07/2014,Sat,219,HA,CW1C,322B 334B ,,R,D,DO,F ,X,T,R,50,0,3,5,1565125,5179196
Christchurch City,13/04/2014,Sun,1315,HA,CN2C,322B 334B ,,R,D,O ,F ,X,T,C,60,0,0,1,1565125,5179196
Christchurch City,18/10/2014,Sat,1035,KC,MS2C,122A ,,R,D,O ,F ,X,T,C,60,0,0,1,1565130,5179208
Christchurch City,20/07/2014,Sun,750,LB,CS1C,303B ,,R,W,O ,H ,X,T,N,50,0,0,1,1565130,5179208
Christchurch City,03/08/2014,Sun,1215,LB,CS1C,303B 382B ,,R,W,OF,L ,X,T,R,50,0,1,1,1565130,5179208
Christchurch City,09/06/2014,Mon,850,FE,4S1CC,181A 331A 801 ,,R,W,O ,L ,X,T,R,50,0,0,0,1565129,5179218
Christchurch City,12/11/2014,Wed,1038,GD,VN1C,181A 331A ,,R,D,B ,F ,T,S,C,50,0,0,1,1565112,5179368
Christchurch City,06/08/2014,Wed,1305,FD,CN1CC,181A ,,R,D,BF,F ,T,G,C,50,0,0,1,1565099,5179485
Christchurch City,21/11/2014,Fri,855,JA,VS1C,314B 377B ,,R,D,B ,F ,T,G,C,50,0,0,1,1565099,5179485
Christchurch City,13/01/2014,Mon,1349,FD,CS1CCC,181A 181B 181C ,,R,D,B ,F ,T,G,N,50,0,0,0,1565088,5179583
Christchurch City,08/02/2014,Sat,1815,MA,CN14,373B 375B ,,R,D,ON,F , ,N,C,50,0,0,1,1565059,5179832
Christchurch City,03/04/2014,Thu,800,FD,CN1VC,358A 423A ,,R,D,O ,F , ,N,C,50,0,0,0,1565056,5179861
Christchurch City,05/02/2014,Wed,1310,FD,PN1C,331A ,,R,W,OF,L , ,N,C,50,0,0,1,1565056,5179861
Christchurch City,26/08/2014,Tue,1300,FA,CN14,181A 330A 402A ,,R,D,B ,F , ,N,C,50,0,0,0,1565054,5179881
Christchurch City,22/08/2014,Fri,1500,AC,CN1M,330A 372A ,,R,D,O ,F , ,N,C,50,0,0,1,1565054,5179881
Christchurch City,26/06/2014,Thu,1155,HA,CW2V,313A ,,R,D,BF,F ,X,T,R,50,0,0,0,1565042,5179981
Christchurch City,31/01/2014,Fri,2255,HA,CE1C,334A 334B ,,R,D,DO,F ,X,T,C,50,0,0,0,1565042,5179981
Christchurch City,19/08/2014,Tue,400,DA,CE1,101A 359A ,P,E,D,DO,F ,X,T,R,50,0,0,0,1565042,5179981
Christchurch City,13/07/2014,Sun,210,HA,CE2C,322B ,,R,D,DO,F ,X,T,C,50,0,0,0,1565042,5179981
Christchurch City,05/12/2014,Fri,1154,HA,TW2B,322B ,,R,D,OF,F ,X,T,C,50,0,0,0,1565042,5179981
Christchurch City,08/04/2014,Tue,1513,LB,CW2C,322A ,,R,W,OF,L ,X,T,C,50,0,0,0,1565042,5179981
Christchurch City,03/09/2014,Wed,1358,AC,CW1T,159A ,,R,D,B ,F ,X,T,C,50,0,0,0,1565096,5180147
Christchurch City,01/08/2014,Fri,1338,LB,4S1C,303B ,,R,D,O ,F ,X,T,R,50,0,0,0,1565104,5180153
Christchurch City,12/12/2014,Fri,1742,LB,CN1C,303B ,,R,D,B ,F ,X,T,R,50,0,0,0,1565104,5180153
Christchurch City,25/06/2014,Wed,1656,NB,CE1E,194A 105B 713B 801 ,,R,W,TO,L ,X,T,R,50,0,0,1,1565104,5180153
Christchurch City,26/08/2014,Tue,1415,LB,CN1C,303B ,,R,D,B ,F ,X,T,R,50,0,0,0,1565104,5180153
Christchurch City,05/04/2014,Sat,2030,FB,CN1C,181A 103B ,,R,W,DO,L ,X,G,R,50,0,0,0,1565104,5180153
Christchurch City,08/04/2014,Tue,1450,LB,CN2C,303B 375B 801 ,,R,W,O ,L ,X,T,R,50,0,0,1,1565104,5180153
Christchurch City,09/08/2014,Sat,1746,LB,VW1C,303B ,,R,D,DO,F ,X,T,R,50,0,0,0,1565104,5180153
Christchurch City,18/09/2014,Thu,2102,LB,CW1C,103B 303B ,,R,D,DO,F ,X,T,C,50,0,0,0,1565104,5180153
Christchurch City,17/10/2014,Fri,810,FD,TE1C,181A 331A ,I,R,D,B ,F , , ,R,60,0,0,0,1565089,5180165
Christchurch City,14/03/2014,Fri,1630,FO,CE14,372A ,,R,D,B ,F , , ,R,60,0,0,0,1565075,5180158
Christchurch City,21/02/2014,Fri,923,LB,CE1C,303B 314B 375B ,,R,D,O ,F ,T,S,R,60,0,0,0,1564912,5180239
Christchurch City,24/03/2014,Mon,740,FA,CE1C,358A 613A ,,R,D,B ,F ,T,S,R,60,0,0,1,1564912,5180239
Christchurch City,15/07/2014,Tue,1113,MB,CE1C,387B ,,R,D,B ,F ,T,G,R,60,0,0,0,1564575,5180379
Christchurch City,19/02/2014,Wed,2315,CC,CW1,129A 359A ,T,R,D,DO,L , ,N,R,50,0,1,0,1564430,5180425
Christchurch City,14/04/2014,Mon,1746,FD,CW1CV,331A 358A ,,R,D,TO,F , , ,R,60,0,0,1,1564393,5180441
Christchurch City,19/01/2014,Sun,2203,AA,CE1C,372A ,,R,D,DO,F ,T,T,R,50,0,0,0,1564291,5180496
Christchurch City,10/03/2014,Mon,2348,DA,CS2,129A 385A ,IP,R,D,DO,F ,T,T,R,60,0,0,1,1564286,5180485
Christchurch City,27/05/2014,Tue,945,DA,XS2,129A ,I,R,D,BF,F ,T,T,R,50,0,0,1,1564286,5180485
Christchurch City,10/11/2014,Mon,1928,DA,CS2,131A 363A 386A 902 ,P,M,D,B ,F ,T,T,R,60,0,0,0,1564286,5180485
Christchurch City,31/01/2014,Fri,2123,CC,CW1,103A 129A ,T,R,D,DO,F , ,N,R,50,0,0,1,1564157,5180538
Christchurch City,02/12/2014,Tue,1610,JA,CW1C,302B 375B ,,R,D,BF,F ,T,G,R,50,0,0,1,1563912,5180649
Christchurch City,24/05/2014,Sat,1200,JA,CE1C,302B 377B ,,R,D,BF,F ,T,G,C,50,0,0,1,1563491,5180824
Christchurch City,15/02/2014,Sat,925,JA,4E1V,302B 375B ,,R,D,B ,F ,T,G,C,60,0,0,0,1563491,5180824
Christchurch City,26/04/2014,Sat,1521,JA,CE1C,302B 377B ,,R,D,BF,F ,T,G,R,50,0,0,1,1563491,5180824
Christchurch City,08/06/2014,Sun,1700,MC,CW1C,372B ,,R,W,TF,L , , ,P,60,0,0,0,1563398,5180862
Christchurch City,08/08/2014,Fri,1705,JA,4E1C,301B 377B ,,R,D,O ,F ,X,S,R,60,0,0,0,1562646,5181169
Christchurch City,03/10/2014,Fri,941,LB,TE1T,132A 303B 375B ,,R,W,O ,L ,X,S,C,60,0,1,1,1562646,5181169
Christchurch City,04/10/2014,Sat,1050,AA,CE1T,184B 671B ,,R,D,B ,F , , ,C,60,0,0,0,1562492,5181234
Christchurch City,22/12/2014,Mon,851,FE,4W1C,181A ,,R,D,OF,F ,X,T,R,50,0,0,0,1562354,5181292
Christchurch City,09/01/2014,Thu,848,LB,CE1C,303B 377B ,,R,D,OF,F ,X,T,R,60,0,0,0,1562348,5181294
Christchurch City,17/03/2014,Mon,905,KB,TW14,308B 922 ,,R,D,B ,F ,D,N,R,60,0,0,0,1562330,5181302
Christchurch City,20/12/2014,Sat,1118,CB,CW1,501A ,F,R,D,B ,F , , ,C,80,0,0,1,1560348,5182122
Christchurch City,11/05/2014,Sun,100,GF,4N1C,157B 381B ,,M,D,DO,F ,R,G,C,70,0,0,0,1560302,5182141
Christchurch City,02/07/2014,Wed,1723,JA,4W1C,308B 922 ,,R,D,TO,F ,D,N,C,80,0,0,0,1559920,5182199
Christchurch City,01/03/2014,Sat,938,HA,CE1C,301B 355B 375B ,,R,D,B ,F ,X,S,C,100,0,0,0,1557970,5182214
Christchurch City,21/05/2014,Wed,1845,BA,CW1S,350A 370A ,,R,D,DN,F , ,N,C,100,0,0,1,1556770,5181857
Christchurch City,29/01/2014,Wed,816,HA,TE24,322A ,,R,D,B ,F ,X,T,R,50,0,0,0,1565130,5179208
Christchurch City,08/11/2014,Sat,1231,FD,CW1V4,181A ,,R,D,BF,F , ,N,R,50,0,0,1,1564411,5179217
Christchurch City,23/07/2014,Wed,1712,FB,CW1V,181A ,,R,D,OF,F ,R,G,R,60,0,0,0,1564012,5179172
Christchurch City,12/06/2014,Thu,1515,KA,ME1C,534A 302B 375B ,,E,D,O ,F ,R,G,R,50,0,0,1,1564007,5179171
Christchurch City,30/12/2014,Tue,1055,GE,VE1C,171B ,,M,D,B ,F ,R,G,R,60,0,0,0,1564006,5179195
Christchurch City,23/12/2014,Tue,1406,GE,TE14,171A ,,M,D,B ,F ,R,G,R,60,0,0,0,1564006,5179195
Christchurch City,24/09/2014,Wed,1157,KA,CS1C,302A 402A ,,E,D,B ,F ,R,G,N,60,0,0,1,1564006,5179195
Christchurch City,29/10/2014,Wed,1649,QG,TE2,131A 682A ,,E,D,B ,F ,R,G,C,60,0,0,0,1563976,5179217
Christchurch City,06/04/2014,Sun,151,DA,CW1,110A 514A ,FK,M,D,DO,F ,R,G,R,60,0,0,0,1563991,5179151
Christchurch City,27/03/2014,Thu,1110,GA,4S1C,386A ,P,E,D,B ,F ,R,G,R,60,0,0,0,1563965,5179148
Christchurch City,14/12/2014,Sun,1925,DA,PW1,135A 806 ,,E,D,BF,F ,R,G,C,50,0,0,1,1563991,5179151
Christchurch City,02/10/2014,Thu,840,EA,TW1T,129A 386A ,M,M,D,B ,F ,R,G,C,60,0,0,0,1563944,5179162
Christchurch City,02/10/2014,Thu,830,HA,4N2C,302B ,,E,D,B ,F ,R,G,R,50,0,0,0,1563943,5179200
Christchurch City,24/08/2014,Sun,1311,HA,CW2C,302A 386A ,,R,D,O ,F ,R,G,R,50,0,0,0,1563943,5179200
Christchurch City,26/02/2014,Wed,1235,GB,CE1C,333A 387A ,,E,D,BF,F ,R,G,R,60,0,0,0,1563943,5179200
Christchurch City,10/12/2014,Wed,1300,GF,CE1T,129A 358A ,,M,D,O ,F ,R,G,R,50,0,0,0,1563943,5179200
Christchurch City,21/06/2014,Sat,1017,HA,4E1C,302A ,,E,D,BF,F ,R,G,R,50,0,0,1,1563939,5179187
Christchurch City,13/06/2014,Fri,1313,LB,CN1T,302A ,,E,D,BF,F ,R,G,C,50,0,0,0,1563939,5179187
Christchurch City,28/02/2014,Fri,1525,AC,CE14,124A ,,M,D,O ,F ,R,G,C,50,0,0,0,1563941,5179193
Christchurch City,28/01/2014,Tue,807,GB,CW1S,170A 387A ,,E,D,B ,F ,T,N,C,60,0,1,0,1563875,5179154
Christchurch City,22/05/2014,Thu,1500,GF,TS1C,386B ,,M,D,B ,F ,T,G,R,60,0,0,0,1563823,5179142
Christchurch City,13/10/2014,Mon,1700,GA,CS1C,181A 330A ,,E,D,B ,F ,T,N,C,50,0,0,0,1563823,5179142
Christchurch City,21/07/2014,Mon,1647,HA,CS2C,301A ,,R,D,TO,F ,X,S,R,50,0,0,0,1563534,5178922
Christchurch City,11/04/2014,Fri,200,EA,VE1C,103A 129A ,M,R,D,DO,F , ,N,P,60,0,0,0,1563522,5178911
Christchurch City,14/08/2014,Thu,831,FD,TN1CC,181A 181B 191B ,,R,D,O ,F , , ,R,60,0,0,1,1563512,5178901
Christchurch City,29/07/2014,Tue,2120,DA,CW1,131A 402A ,F,E,D,DO,F , , ,R,50,0,0,0,1563302,5178731