TLANAME,CRASHDATE,CRASHDOW,CRASHTIME,MVMT,VEHICLES,CAUSES,OBJECTSSTRUCK,ROADCURVE,ROADWET,LIGHT,WTHRa,JUNCTYPE,TRAFCTRL,ROADMARK,SPDLIM,CRASHFATALCNT,CRASHSEVCNT,CRASHMINCNT,EASTING,NORTHING
Christchurch City,10/12/2014,Wed,1400,CC,VE14C,129A ,QS,R,D,BF,F ,X,T,R,50,0,0,0,1561996,5178776
Christchurch City,09/09/2014,Tue,1000,LB,CE1C,322A 334A ,,R,D,B ,F ,T,T,R,60,0,2,0,1561996,5178776
Christchurch City,02/10/2014,Thu,1736,NA,4W1E,711B 712B ,,R,D,BF,F , ,N,R,50,0,1,0,1561786,5178754
Christchurch City,11/05/2014,Sun,1727,DB,CW1,103A 410A ,FHI,E,D,TF,F ,X,T,R,50,0,0,0,1561684,5178728
Christchurch City,05/04/2014,Sat,1900,LB,400000000000000,303B 375B ,,R,W,DO,F ,X,T,R,50,0,0,0,1561676,5178743
Christchurch City,27/06/2014,Fri,1801,LB,4E1C,303B ,,R,D,DO,F ,X,T,C,50,0,0,0,1561676,5178743
Christchurch City,04/12/2014,Thu,2320,LB,CS1X,303B ,,R,W,DO,L ,X,T,R,50,0,0,0,1561676,5178743
Christchurch City,24/04/2014,Thu,2248,KA,VN1C,103A 112A ,FKS,R,D,DO,F ,T,G,R,60,0,0,0,1569860,5188857
Christchurch City,14/05/2014,Wed,710,NB,4S1E,306A 330A 801 ,,R,W,DN,L , ,T,X,50,0,0,1,1569821,5188746
Christchurch City,29/04/2014,Tue,1105,GB,CN1C,158A 331A 387A 929 ,,E,W,O ,H ,D,N,C,60,0,0,1,1569603,5188311
Christchurch City,11/06/2014,Wed,708,NA,VS1E,712B ,,R,W,DO,F , , ,R,60,0,1,0,1569478,5188019
Christchurch City,09/12/2014,Tue,1323,LB,CS1C,303B 330B 402B ,,R,D,O ,F ,X,T,R,60,0,0,0,1569448,5187955
Christchurch City,10/10/2014,Fri,914,BA,CS14,130A 501A ,I,R,D,B ,F ,X,T,R,60,0,1,1,1569448,5187955
Christchurch City,25/05/2014,Sun,1252,HA,CW2C,322B 334B ,,R,D,B ,F ,X,T,R,60,0,0,0,1569448,5187955
Christchurch City,13/09/2014,Sat,1130,LB,CS1C,303B 377B ,,R,W,O ,L ,X,T,R,50,0,0,2,1569448,5187955
Christchurch City,12/03/2014,Wed,1715,LB,CN1V,303B 377B ,,R,W,OF,L ,X,T,C,50,0,0,1,1569436,5187958
Christchurch City,03/10/2014,Fri,2108,DA,CE2,501A ,FT,R,D,DO,F ,X,T,R,60,0,0,1,1569436,5187958
Christchurch City,02/05/2014,Fri,1808,LB,CN1C,303B 375B ,,R,D,DO,F ,T,T,R,60,0,0,0,1569112,5187265
Christchurch City,01/11/2014,Sat,909,FE,CS1C,181A 387A ,,E,D,B ,F ,T,T,C,60,0,0,0,1569123,5187261
Christchurch City,08/07/2014,Tue,1800,LB,VS1C,303B 375B ,,M,D,DN,L ,T,T,C,60,0,0,1,1569123,5187261
Christchurch City,20/05/2014,Tue,736,LB,CN1CC,322A 334A ,,R,D,O ,F ,T,T,R,60,0,0,0,1569112,5187265
Christchurch City,03/03/2014,Mon,1640,FB,CE2P,331A 353A ,,E,D,OF,F ,T,G,C,60,0,0,0,1569112,5187265
Christchurch City,03/09/2014,Wed,2005,DB,4S1,501A ,G,E,D,DO,F , , ,C,60,0,0,0,1569096,5187174
Christchurch City,25/03/2014,Tue,845,CA,PS1,132A 137A 194A ,,R,W,O ,F , ,N,R,60,0,1,0,1569019,5186051
Christchurch City,07/08/2014,Thu,1937,DC,CW2,101A 112A ,H,R,D,DO,F ,T,T,C,50,0,0,0,1569004,5186006
Christchurch City,06/05/2014,Tue,742,LB,PS1C,303B 377B ,,R,D,B ,F ,T,T,R,60,0,0,1,1569016,5186001
Christchurch City,27/09/2014,Sat,1030,JA,CN1C,302B 377B ,,R,D,OF,F ,T,G,R,50,0,0,0,1568995,5185826
Christchurch City,16/06/2014,Mon,1410,LB,CN1C,303B 375B 801 ,,R,W,O ,L ,T,G,R,60,0,0,0,1568995,5185826
Christchurch City,08/09/2014,Mon,728,LB,CS1C,209A 303B 930 ,,R,D,B ,F ,D,N,R,60,0,0,0,1568988,5185498
Christchurch City,24/10/2014,Fri,2050,LB,CS1C,303B 404B ,,R,D,DO,F ,X,T,R,60,0,0,1,1568976,5185299
Christchurch City,29/04/2014,Tue,2107,LB,CE2C,303B 375B 801 ,,R,W,DO,L ,X,T,R,50,0,0,1,1568965,5185302
Christchurch City,29/06/2014,Sun,329,DB,CN1,103A 131A 402A ,I,M,D,DO,F ,X,G,R,50,0,0,0,1568965,5185302
Christchurch City,23/07/2014,Wed,1835,LB,CN1CC,303B 386B ,,R,D,TO,F ,X,T,R,60,0,0,2,1568965,5185302
Christchurch City,10/08/2014,Sun,832,CA,MN1,130A 802 ,,R,I,B ,FF,X,T,R,50,0,0,1,1568965,5185302
Christchurch City,09/04/2014,Wed,1326,LB,CW1C,303B ,,R,D,O ,F ,X,T,R,60,0,0,0,1568965,5185302
Christchurch City,13/01/2014,Mon,934,QG,TE1TC,330A 682A ,,R,D,B ,F ,X,T,R,50,0,0,0,1568965,5185302
Christchurch City,06/10/2014,Mon,2350,FE,CE2C,181A ,,R,D,DO,F ,X,T,C,50,0,0,0,1568965,5185302
Christchurch City,20/03/2014,Thu,1845,AC,CS1C,357A 381A ,,R,D,BF,F ,X,T,C,50,0,0,0,1568965,5185302
Christchurch City,25/09/2014,Thu,730,FE,CW1C,181A ,,R,D,O ,F ,X,T,R,50,0,0,0,1568976,5185299
Christchurch City,25/07/2014,Fri,930,CB,TW1,129A 810 ,P,R,D,O ,F , , ,C,80,0,0,0,1569262,5185216
Christchurch City,02/05/2014,Fri,1200,BF,VE1C,131A 406A ,,E,D,O ,F , , ,C,80,0,0,0,1570175,5185075
Christchurch City,09/11/2014,Sun,1448,MC,MW1C,130A 197A 330B 372B ,,E,D,B ,F , , ,P,80,0,1,1,1570513,5184901
Christchurch City,03/11/2014,Mon,841,FD,CW1C,181A ,,R,D,B ,F , , ,C,80,0,0,1,1570713,5184904
Christchurch City,16/12/2014,Tue,1534,MB,CW1C,191A 330B 372B ,,R,D,B ,F , , ,C,80,0,0,1,1570813,5184908
Christchurch City,22/12/2014,Mon,720,CB,CW1,129A ,P,R,D,OF,F , ,N,C,80,0,0,0,1570993,5184916
Christchurch City,10/04/2014,Thu,730,KA,CE1T,308B 387B 927 ,,R,W,OF,L ,D,N,C,80,0,0,0,1571219,5184925
Christchurch City,01/01/2014,Wed,200,CB,CE1,112A 351A ,G,R,D,DO,F ,T,G,R,80,0,0,0,1571799,5184785
Christchurch City,16/09/2014,Tue,849,QG,TW1,682A ,T,R,D,B ,F ,T,G,R,80,0,0,0,1571799,5184785
Christchurch City,24/10/2014,Fri,1600,FD,CE1C,112A 331A 501A ,,R,D,O ,F , , ,C,80,0,0,0,1572091,5184753
Christchurch City,16/03/2014,Sun,1141,DA,CE1,110A 131A ,PT,M,W,O ,F ,R,G,C,80,0,0,0,1572050,5184712
Christchurch City,02/04/2014,Wed,1722,FD,CE1CCV,181A ,,R,D,OF,F , ,N,C,80,0,0,3,1572391,5184754
Christchurch City,21/05/2014,Wed,705,FD,CW1CCC,181A 331A 181B 181C ,,R,D,O ,F , , ,C,80,0,0,2,1572391,5184754
Christchurch City,08/06/2014,Sun,1400,AA,CE1C,112A 159A 357A ,,R,D,O ,L , , ,R,80,0,0,0,1572561,5184755
Christchurch City,15/05/2014,Thu,1350,FE,CE1C,181A 191B ,,R,D,B ,F ,X,T,C,80,0,0,2,1572589,5184748
Christchurch City,06/10/2014,Mon,1140,FA,VW1C,181A 191B 845 ,,R,W,O ,H ,X,T,R,80,0,0,0,1572589,5184748
Christchurch City,10/03/2014,Mon,1552,AC,TE1M,372A 671A ,,R,D,B ,F , , ,R,80,0,1,0,1572649,5184749
Christchurch City,16/07/2014,Wed,2144,CA,CW1,109A 112A 158A 801 ,IP,R,W,DO,L ,X,T,R,80,0,2,1,1572619,5184748
Christchurch City,20/05/2014,Tue,750,FD,MW14,110A 181A 191B ,,R,D,B ,F , ,N,C,80,0,0,1,1573583,5184704
Christchurch City,24/03/2014,Mon,623,BA,CW1C,205A 357A 410A ,,R,D,DO,F , , ,C,80,0,2,0,1574149,5184502
Christchurch City,06/06/2014,Fri,820,DB,VE1,195A ,Z,E,W,OF,L , ,N,C,80,0,0,0,1574249,5184502
Christchurch City,08/04/2014,Tue,1905,LB,CN1C,303B 382B 801 ,,R,W,DO,L ,X,T,C,50,0,0,0,1574465,5184495
Christchurch City,10/04/2014,Thu,721,AD,CE1T,130A 150A 159A 184A 801 ,KS,R,W,O ,L , , ,R,50,0,0,0,1574672,5184475
Christchurch City,27/03/2014,Thu,1155,EA,CW1C,129A ,MJ,R,D,B ,F , , ,P,50,0,0,1,1575254,5184413
Christchurch City,16/12/2014,Tue,1315,FA,CW1C,129A 331A 358A ,,R,D,B ,F , , ,P,50,0,0,2,1575264,5184412
Christchurch City,25/08/2014,Mon,1225,QG,TE2,111A 130A 660A 682A ,,M,D,B ,F ,R,G,R,70,0,0,0,1575871,5184348
Christchurch City,01/03/2014,Sat,935,HA,CS1M,302A 382A ,,E,D,BF,F ,R,G,C,50,0,0,1,1575896,5184373
Christchurch City,25/04/2014,Fri,1650,GC,CS2C,171B ,,R,D,B ,F ,R,G,R,70,0,0,0,1575896,5184373
Christchurch City,12/05/2014,Mon,1730,DA,TS1,111A 134A 810 ,,M,D,TO,F ,R,G,R,70,0,0,0,1575913,5184331
Christchurch City,09/09/2014,Tue,918,AC,TE1C,372A ,,R,D,B ,F , , ,R,50,0,0,0,1575894,5184308
Christchurch City,27/03/2014,Thu,1635,MC,VS1C,361B 372B ,CS,R,D,BF,F , ,N,R,50,0,0,0,1575888,5184233
Christchurch City,16/02/2014,Sun,1100,MC,CN1C,372B 381B ,,R,D,B ,F , ,N,N,80,0,0,0,1575840,5183704
Christchurch City,18/02/2014,Tue,127,CB,VS1,103A 112A 357A 517A ,P,R,D,DO,F , ,N,C,50,0,0,0,1575834,5183634
Christchurch City,28/12/2014,Sun,2145,LB,CW1C,303B 323B ,,R,D,DO,F ,X,T,C,50,0,0,0,1576223,5183138
Christchurch City,11/05/2014,Sun,1546,LB,CN1C,303B 377B ,,R,D,OF,FS,X,T,C,50,0,0,0,1577061,5182367
Christchurch City,15/12/2014,Mon,1615,NA,VS1E,711B ,,R,D,BN,F ,X,T,C,50,0,0,1,1577058,5182377
Christchurch City,09/06/2014,Mon,2300,MO,CN1,103A 130A ,P,R,W,DO,H , ,N,R,100,0,0,0,1577195,5181991
Christchurch City,10/07/2014,Thu,235,DB,VN1,131A 358A ,P,E,W,DO,FS,T,G,C,50,0,0,0,1577291,5181661
Christchurch City,10/10/2014,Fri,1716,AA,TN1C,372A 671A ,,R,D,B ,F ,R,G,C,50,0,0,0,1577416,5180765
Christchurch City,29/11/2014,Sat,744,HA,SW2M,302A ,,E,D,OF,F ,R,G,R,70,0,0,2,1577446,5180776
Christchurch City,23/04/2014,Wed,957,HA,CN1S,302A 375A ,,R,D,BF,F ,R,G,R,50,0,0,1,1577424,5180759
Christchurch City,10/08/2014,Sun,438,MB,VS1C,303B ,,E,D,DO,F , ,N,C,80,0,0,0,1577392,5180664
Christchurch City,15/12/2014,Mon,745,FD,CS1CV,331A 351A ,,R,D,B ,F , , ,C,70,0,0,1,1576915,5180233
Christchurch City,17/12/2014,Wed,1530,JA,TN1T,302B 387B ,,R,D,O ,F ,T,G,C,70,0,0,0,1575985,5179244
Christchurch City,19/06/2014,Thu,1248,KA,TN1V,308B 377B 839 922 ,,R,D,B ,F ,D, ,C,50,0,0,0,1575972,5179222
Christchurch City,13/06/2014,Fri,735,GD,VS14,331A 358A ,,R,W,TO,M ,T,G,C,70,0,0,0,1575985,5179244
Christchurch City,17/01/2014,Fri,955,AO,TN1S,129A 330A ,K,E,D,O ,F , , ,C,70,0,1,0,1575814,5178935
Christchurch City,01/12/2014,Mon,1324,FA,TS1C,331A 353A ,,R,D,B ,F , , ,C,50,0,0,1,1575708,5178815
Christchurch City,04/05/2014,Sun,1246,LB,VE1M,303B ,,R,D,O ,F ,X,T,R,60,0,0,1,1575405,5178455
Christchurch City,14/11/2014,Fri,1016,LB,CE14,303B ,,R,D,BF,F ,X,T,R,50,0,0,1,1575405,5178455
Christchurch City,10/09/2014,Wed,1545,LB,CN1C,303B 375B ,,R,D,BF,F ,X,T,R,60,0,0,0,1575405,5178455
Christchurch City,25/06/2014,Wed,2050,CC,CN1,504A ,F,R,W,DN,F , , ,C,100,0,0,1,1575194,5177242
Christchurch City,21/12/2014,Sun,1220,DB,CS2,111A 402A ,GK,S,D,B ,F ,R,S,C,50,0,0,0,1575245,5175722
Christchurch City,07/11/2014,Fri,1810,DB,CN1,129A 359A ,T,E,D,B ,F , ,N,L,100,0,0,1,1576037,5174943
Christchurch City,15/06/2014,Sun,2230,DC,CS1,101A 110A 335A ,IK,E,D,DO,F ,R,G,R,50,0,2,1,1577153,5172219
Christchurch City,08/02/2014,Sat,2138,PO,CE1K,722B ,,R,D,DO,F ,T,S,C,50,0,0,1,1577405,5172133
Christchurch City,23/03/2014,Sun,2254,HA,CS2C,322A 334A 359A ,,R,D,DO,F ,X,T,C,50,0,0,0,1574734,5177887
Christchurch City,31/10/2014,Fri,1616,FD,CN1VC,181A ,,R,D,BF,F ,T,G,C,50,0,0,0,1574566,5177657
Christchurch City,21/03/2014,Fri,720,LB,SS1C,303B 353B 377B ,,E,D,DO,F ,T,G,P,50,0,0,0,1574318,5177327
Christchurch City,23/08/2014,Sat,415,DB,CS1,103A 111A ,B,M,W,DO,F ,X,S,C,50,0,0,0,1574216,5177316
Christchurch City,09/09/2014,Tue,1955,HA,CE1C,322B 334B ,,R,D,DO,F ,X,T,R,50,0,0,1,1573393,5177446
Christchurch City,25/10/2014,Sat,1610,GC,VS1C,171B ,,E,D,O ,F ,R,G,R,100,0,0,0,1566005,5178214
Christchurch City,08/08/2014,Fri,735,AO,CW1,137A 331A ,S,R,W,DO,L ,R,G,C,100,0,0,0,1566043,5178205
Christchurch City,13/02/2014,Thu,1840,HA,CW1M,302A 375A ,,M,D,O ,F ,R,G,C,100,0,0,0,1566036,5178175
Christchurch City,27/10/2014,Mon,903,DA,CN1,111A 131A ,GS,E,W,OF,L ,R,G,R,100,0,0,0,1566024,5178170
Christchurch City,19/09/2014,Fri,2029,DA,ME1,131A ,G,E,D,DO,F , , ,R,100,0,1,0,1566109,5178161
Christchurch City,04/08/2014,Mon,1806,DB,CS1,102A 108A 131A 358A ,G,E,D,DO,F , ,N,R,100,0,0,0,1566598,5177968
Christchurch City,12/11/2014,Wed,641,MC,CS1C,372B ,G,R,D,B ,F , , ,C,100,0,0,1,1566903,5177716
Christchurch City,10/01/2014,Fri,1449,LB,CN1C,303B ,,R,D,B ,F ,X,T,R,50,0,0,0,1567101,5177492
Christchurch City,19/12/2014,Fri,723,LB,TE1C,303B 375B ,,R,D,BF,F ,X,T,R,50,0,0,0,1567110,5177484
Christchurch City,26/03/2014,Wed,704,KA,SN1V,302B ,,R,D,DO,F ,T,G,C,50,0,0,1,1566755,5177199
Christchurch City,25/07/2014,Fri,1820,JA,MS1C,302B 375B ,,R,D,DO,F ,T,G,P,50,0,0,1,1566622,5177090
Christchurch City,29/05/2014,Thu,838,LB,SS14,303B 375B ,,R,D,B ,F ,T,G,C,50,0,0,1,1566161,5176712
Christchurch City,13/09/2014,Sat,1028,MC,CW1C,330B 372B ,,M,W,OF,H , ,N,C,100,0,0,0,1566146,5176700
Christchurch City,14/07/2014,Mon,712,CB,CE1,112A 622A ,,R,W,DO,F ,X,G,C,100,0,0,0,1565711,5176180
Christchurch City,14/10/2014,Tue,1227,CC,CN1,410A ,PS,R,D,O ,F , , ,C,80,0,0,1,1565570,5175986
Christchurch City,14/08/2014,Thu,2335,CB,CS1,101A 130A ,P,R,D,DO,F , , ,C,80,0,0,0,1565514,5175880
Christchurch City,04/09/2014,Thu,1847,FE,CS1CC,197A 353A 353B 434C ,,R,D,DO,F ,T,T,R,60,0,0,0,1565393,5175617
Christchurch City,04/03/2014,Tue,1920,FB,CE1C,331A 387A 901 ,,E,W,O ,H ,T,G,C,50,0,0,0,1565389,5175608
Christchurch City,22/10/2014,Wed,742,LB,CN1C,324A 324B ,,R,D,B ,F ,T,T,R,60,0,0,0,1565389,5175608
Christchurch City,16/11/2014,Sun,410,CB,CS1,198A ,T,R,D,DO,F , ,N,C,60,0,0,0,1565377,5175580
Christchurch City,10/08/2014,Sun,1440,MC,CS1V,112A 372B 382B ,,R,D,B ,F , ,N,C,60,0,0,0,1565132,5174529
Christchurch City,06/04/2014,Sun,1713,LB,VN1C,303B 375B ,,E,D,BF,F ,X,T,C,60,0,0,1,1565352,5174087
Christchurch City,02/10/2014,Thu,830,BF,VN1C,131A ,,E,D,B ,F , , ,C,60,0,0,3,1564980,5173270
Christchurch City,11/11/2014,Tue,1129,CB,CS1,129A ,EV,R,D,BN,F , ,N,C,100,0,0,0,1564585,5172651
Christchurch City,31/01/2014,Fri,215,CB,CN1,130A 812 ,T,R,D,DN,F , , ,C,100,0,1,0,1564425,5171717
Christchurch City,16/02/2014,Sun,210,CC,CW1,103A 410A ,V,R,D,DN,F , ,N,C,100,0,1,1,1567320,5158454
Christchurch City,11/01/2014,Sat,1700,DB,CN1,131A 412A ,FZ,M,D,B ,F , , ,C,100,0,0,1,1568879,5157763
Christchurch City,26/09/2014,Fri,1845,DA,CS1,103A 108A 131A ,F,E,D,DN,F , , ,C,100,0,0,0,1571298,5153339
Christchurch City,08/06/2014,Sun,1340,DB,CW1,130A 500A ,C,E,D,B ,F , ,N,C,100,0,0,1,1573652,5150992
Christchurch City,29/07/2014,Tue,1430,DA,VS1,410A ,V,E,D,ON,F , ,N,C,100,0,0,1,1575033,5150601
Christchurch City,08/08/2014,Fri,1140,DA,CE1,129A 404A ,C,E,D,O ,F , ,N,C,100,0,0,1,1577260,5149356
Christchurch City,01/04/2014,Tue,2345,CB,CN1,129A ,V,R,D,DO,F , ,N,C,100,0,0,0,1582043,5152339
Christchurch City,02/07/2014,Wed,1215,DA,TS1,129A 350A ,SV,E,D,ON,F , ,N,C,70,0,0,1,1582847,5153067
Christchurch City,22/11/2014,Sat,1515,DB,CN1,501A 817 ,S,E,D,B ,F , , ,N,70,0,0,0,1582856,5153070
Christchurch City,08/04/2014,Tue,1215,GD,CS1C,333A 402A 801 927 ,,R,W,O ,L ,D, ,C,70,0,0,0,1583225,5153758
Christchurch City,19/05/2014,Mon,2345,EC,CS1,912,W,R,D,DN,F , , ,C,70,0,0,0,1583448,5154028
Christchurch City,08/12/2014,Mon,1530,CB,CN1,129A 404A 412A ,G,R,D,B ,F , , ,C,100,0,0,3,1583637,5154199
Christchurch City,08/10/2014,Wed,1240,KB,CS1C,308B 375B 927 ,,E,D,B ,F ,D, ,C,70,0,0,0,1584876,5154814
Christchurch City,01/08/2014,Fri,1815,EC,4N1,911,W,R,D,DN,F ,T,N,C,70,0,0,0,1585056,5155111
Christchurch City,05/04/2014,Sat,2000,DA,CE1,135A 823 ,LX,S,W,DN,H , ,N,C,100,0,0,0,1585351,5155621
Christchurch City,26/10/2014,Sun,1000,BB,ME1C,123A ,,M,D,O ,F , , ,C,100,0,0,0,1585559,5155718
Christchurch City,30/10/2014,Thu,1550,BF,CN14,102A 131A 410A ,C,R,D,B ,F , , ,C,100,0,0,1,1588653,5155451
Christchurch City,08/04/2014,Tue,1035,DB,CW1,131A 404A 801 ,CF,M,W,O ,L ,T,N,C,100,0,0,1,1589170,5156058
Christchurch City,09/04/2014,Wed,1005,DA,CS1,135A 800 904 ,C,M,W,O ,M , , ,C,100,0,0,0,1589326,5156060
Christchurch City,08/03/2014,Sat,1330,DA,MN1,101A 131A 804 ,,M,D,O ,F , , ,C,100,0,0,1,1589958,5155005
Christchurch City,27/12/2014,Sat,1835,DA,CE1,131A 410A ,F,M,D,B ,F , ,N,C,100,0,0,0,1593870,5155652
Christchurch City,09/10/2014,Thu,1845,DA,MS1,131A ,,E,D,TN,F , , ,C,100,0,1,0,1597047,5154233
Christchurch City,16/03/2014,Sun,1505,DA,VN1,135A 801 901 ,C,M,W,ON,H , ,N,C,100,0,0,0,1596669,5153437
Christchurch City,05/10/2014,Sun,1325,CC,CN1,198A 410A ,GZ,R,D,B ,F , ,N,C,100,0,0,1,1597612,5152338
Christchurch City,23/05/2014,Fri,1745,CB,MN1,103A 129A ,CV,R,D,DN,F , ,N,C,100,0,1,0,1597733,5151628
Christchurch City,28/07/2014,Mon,1654,FA,VE14C,110A 181A ,M,R,D,O ,F , ,N,C,50,0,0,1,1574818,5175775
Christchurch City,30/05/2014,Fri,225,DB,CE1,103A 111A 131A 801 ,P,E,W,DO,L , , ,C,50,0,0,1,1574741,5175772
Christchurch City,28/03/2014,Fri,2330,EC,CN1CCV,198A 331A 341A 817 820 ,X,E,D,DO,F ,X,T,R,50,0,0,0,1573388,5177454
Christchurch City,06/07/2014,Sun,2350,AA,CS1X,372B 514B ,,E,W,DO,F , ,N,R,60,0,0,0,1573382,5177463
Christchurch City,18/06/2014,Wed,830,FD,CE1VC,331A 350A 817 ,,E,W,DF,F , ,N,C,50,0,0,1,1572619,5178089
Christchurch City,22/11/2014,Sat,2145,DB,CE2,104A 111A 131A ,T,E,W,DO,L ,X,T,R,50,0,2,0,1572521,5178126
Christchurch City,06/06/2014,Fri,2140,DA,CE1,101A 133A ,P,E,D,DO,F , ,N,R,50,0,0,1,1572431,5178168
Christchurch City,22/12/2014,Mon,1701,FD,CE1C,181A ,,R,D,BF,F ,X,T,R,50,0,0,0,1572184,5178217
Christchurch City,03/05/2014,Sat,1517,LB,CW1C,303B 353B 375B ,,R,D,BF,F ,X,T,R,60,0,0,0,1572173,5178203
Christchurch City,26/06/2014,Thu,1638,FB,CS2C,331A 387A ,,E,D,TF,F ,X,G,R,50,0,0,2,1572173,5178203
Christchurch City,28/07/2014,Mon,1945,LB,CN2C,303B 361B 375B ,,R,D,DO,F ,X,T,R,60,0,0,0,1572164,5178214
Christchurch City,22/10/2014,Wed,800,FD,CW1CCC,331A 350A ,,R,D,OF,F ,X,T,R,50,0,0,0,1571471,5178322
Christchurch City,16/09/2014,Tue,943,FD,TE1C,181A 331A ,,R,W,O ,L ,T,S,R,60,0,0,0,1571327,5178333
Christchurch City,21/01/2014,Tue,814,FD,TW1CC,181A 427A ,,E,W,B ,H , ,N,R,60,0,0,0,1571282,5178320
Christchurch City,25/12/2014,Thu,1340,FE,BE1C,331A 350A ,,R,D,B ,F ,X,T,R,60,0,0,0,1571132,5178319
Christchurch City,13/11/2014,Thu,2222,LB,CS1C,303B 375B ,,R,D,DO,F ,X,T,R,50,0,0,0,1571132,5178331
Christchurch City,21/07/2014,Mon,1225,AO,TW1C,817,,R,D,BF,F ,X,T,R,60,0,0,0,1571132,5178331
Christchurch City,16/03/2014,Sun,1530,FD,CE1V,331A 358A ,,R,W,O ,L , , ,R,60,0,0,2,1571032,5178331
Christchurch City,04/09/2014,Thu,1341,FD,CW1VC,330A 423A ,,R,D,O ,F , ,N,C,60,0,0,1,1570691,5178316
Christchurch City,15/05/2014,Thu,2107,LB,CW1C,303B 352B ,,R,D,DO,F ,X,T,R,60,0,0,0,1570651,5178315
Christchurch City,23/05/2014,Fri,625,AC,TE1C,372A 671A ,,R,D,DO,F ,X,T,C,60,0,0,0,1570650,5178327
Christchurch City,16/07/2014,Wed,1830,HA,CE1C,322B ,,R,D,DO,F ,X,T,C,50,0,0,0,1570650,5178327
Christchurch City,26/03/2014,Wed,1632,FD,VE14C,181A ,,R,D,BF,F , ,N,R,60,0,0,2,1570431,5178326
Christchurch City,18/09/2014,Thu,954,GF,TS2T,129A 330A 129B 330B ,,M,D,O ,F ,T,T,P,60,0,0,0,1570406,5178326
Christchurch City,30/08/2014,Sat,1442,FD,CE1CC,181A ,,R,D,O ,F , , ,R,60,0,0,1,1570386,5178326
Christchurch City,30/10/2014,Thu,713,FD,CE1CV,181A ,,R,D,OF,F , ,N,C,50,0,0,0,1570356,5178326
Christchurch City,11/07/2014,Fri,1605,FD,CE1CC,181A ,,R,D,OF,F ,T,G,R,60,0,0,0,1570172,5178324
Christchurch City,13/04/2014,Sun,1256,FD,CW1CC,181A ,,R,D,OF,F , ,N,C,50,0,0,1,1570103,5178311
Christchurch City,21/10/2014,Tue,1500,FE,TW1C,387A ,,R,D,B ,F ,X,T,R,50,0,0,0,1569960,5178299
Christchurch City,13/06/2014,Fri,1651,LB,CW1C,101B 303B ,,R,D,TF,F ,X,T,C,60,0,0,0,1569946,5178297
Christchurch City,04/12/2014,Thu,2220,LB,CE1C,303B ,,R,W,DO,H ,X,T,R,50,0,0,0,1569946,5178297
Christchurch City,03/07/2014,Thu,731,LB,CS1C,303B 375B ,,R,D,DO,F ,X,T,R,60,0,0,2,1569946,5178309
Christchurch City,17/03/2014,Mon,1428,FD,TE1C,181A ,,E,D,BF,F ,X,T,R,60,0,0,1,1569946,5178309
Christchurch City,24/08/2014,Sun,930,HA,CE1C,322A ,,R,D,O ,F ,X,T,R,60,0,0,0,1569946,5178309
Christchurch City,20/03/2014,Thu,1720,LB,PE1C,303B 375B ,,R,D,O ,F ,X,T,C,60,0,0,0,1569946,5178309
Christchurch City,08/12/2014,Mon,1310,FD,CE14,181A ,,E,D,O ,F , , ,R,60,0,0,1,1569744,5178270
Christchurch City,02/10/2014,Thu,2115,DB,CE1,501A ,IT,E,W,DO,F , , ,R,60,0,0,0,1569724,5178272
Christchurch City,06/05/2014,Tue,1753,FD,CW1C,181A ,,R,D,DO,F , ,N,N,60,0,0,0,1569693,5178264
Christchurch City,30/10/2014,Thu,656,FA,CE1T,181A 363A 902 ,,E,D,B ,F , , ,R,60,0,0,0,1569606,5178304
Christchurch City,25/03/2014,Tue,1105,NA,VE1EC,194A 503B 711B 194C ,,R,D,O ,F , , ,R,60,0,0,1,1569596,5178308
Christchurch City,09/01/2014,Thu,730,EA,CE1C,501A ,M,E,D,BF,F , ,N,C,60,0,0,0,1569551,5178321
Christchurch City,17/02/2014,Mon,1650,FE,CW1C,181A 330A ,,R,D,O ,F ,X,T,C,60,0,0,0,1569451,5178316
Christchurch City,18/02/2014,Tue,907,EC,CE1,911,W,R,D,B ,F ,X,T,P,50,0,0,0,1569451,5178328
Christchurch City,20/04/2014,Sun,2320,HA,VE1C,322A ,,R,D,DO,F ,X,T,C,50,0,0,0,1569451,5178328
Christchurch City,31/03/2014,Mon,1350,FE,VE1C,132A 181A 330A ,,R,D,B ,F ,X,T,R,60,0,0,0,1569451,5178328
Christchurch City,26/03/2014,Wed,1640,LB,VE1C,324A 303B 324B ,,R,D,BF,F ,X,T,C,50,0,0,1,1569451,5178328
Christchurch City,27/02/2014,Thu,15,EA,CE1T,102A 506A 512A ,M,R,D,TO,F , , ,R,60,0,0,1,1569421,5178328