TLANAME,CRASHDATE,CRASHDOW,CRASHTIME,MVMT,VEHICLES,CAUSES,OBJECTSSTRUCK,ROADCURVE,ROADWET,LIGHT,WTHRa,JUNCTYPE,TRAFCTRL,ROADMARK,SPDLIM,CRASHFATALCNT,CRASHSEVCNT,CRASHMINCNT,EASTING,NORTHING
Christchurch City,10/05/2014,Sat,2330,DA,CE1,103A 410A ,PT,E,D,DO,F , ,N,C,60,0,0,0,1569351,5178328
Christchurch City,29/08/2014,Fri,1256,FA,TE1V,331A 353A ,,R,D,B ,F , ,N,R,60,0,0,0,1569299,5178316
Christchurch City,29/08/2014,Fri,1325,AA,CE1T,184A ,,R,D,B ,F , , ,C,60,0,0,0,1569226,5178327
Christchurch City,11/02/2014,Tue,730,AC,TE1V,381A ,,R,D,OF,F , ,N,R,60,0,0,0,1569076,5178327
Christchurch City,07/04/2014,Mon,1936,EC,CE1,912,W,R,W,DO,L , ,N,C,60,0,0,1,1568927,5178313
Christchurch City,24/09/2014,Wed,1700,FD,CE1C,181A ,,R,D,B ,F , , ,R,60,0,0,1,1568868,5178293
Christchurch City,20/12/2014,Sat,1050,QG,CW1,665A 688A ,G,R,D,B ,F , ,N,C,100,0,0,0,1568532,5178255
Christchurch City,07/10/2014,Tue,1730,FD,4E1CC,181A ,,R,D,OF,F , ,N,R,100,0,0,0,1568500,5178253
Christchurch City,22/11/2014,Sat,1210,CA,CE1,103A 130A ,G,R,D,B ,F , , ,C,100,0,0,0,1568063,5178271
Christchurch City,11/04/2014,Fri,1734,FA,CE1C,132A 181A ,,R,D,O ,F , ,N,C,100,0,0,0,1567491,5178375
Christchurch City,17/01/2014,Fri,1155,AA,CE1T,372A 381A ,G,E,D,B ,F , ,N,C,100,0,0,0,1566761,5178495
Christchurch City,17/05/2014,Sat,17,CA,CW1,103A 205A ,G,R,D,DO,F , , ,C,100,0,0,0,1565620,5177994
Christchurch City,19/08/2014,Tue,2220,AD,CE1V,130A ,,R,D,DN,F ,T,N,C,100,0,0,0,1565538,5177944
Christchurch City,03/07/2014,Thu,1633,EA,CE1C,129A 137A ,M,R,D,B ,F , ,N,C,50,0,0,0,1565461,5177880
Christchurch City,07/10/2014,Tue,1256,AO,CW1C,512A 514A ,F,R,D,B ,F , , ,C,100,0,0,0,1564618,5176787
Christchurch City,17/09/2014,Wed,830,CC,CE1,137A ,G,R,D,BF,F , ,N,R,100,0,0,0,1563251,5176373
Christchurch City,17/02/2014,Mon,1510,CC,CW1,101A 134A 410A ,GP,R,D,B ,F , ,N,C,100,0,0,1,1562571,5176434
Christchurch City,29/01/2014,Wed,2050,AG,CW1C,103A 112A 177A 331A ,,R,D,TO,F ,R,G,R,70,0,0,1,1562273,5176484
Christchurch City,31/10/2014,Fri,2300,BO,CW1CC,111A 131A 412A 420A 431A 103C 111C +,FI,M,D,DO,F ,R,G,R,80,0,0,1,1562253,5176490
Christchurch City,18/07/2014,Fri,715,LB,CW1T,302A ,,E,W,DO,FF,R,G,R,80,0,0,0,1562253,5176490
Christchurch City,11/09/2014,Thu,851,QG,TN1,130A 682A ,P,S,D,B ,F ,R,G,C,80,0,0,0,1562247,5176488
Christchurch City,22/05/2014,Thu,1443,DA,TE1,111A 131A 615A ,,E,D,B ,F ,R,G,R,80,0,0,0,1562223,5176528
Christchurch City,15/03/2014,Sat,1352,DB,CE1,111A 131A ,IK,M,D,O ,F ,R,G,R,80,0,1,0,1562223,5176528
Christchurch City,12/09/2014,Fri,2300,DA,CN1,111A 131A ,P,M,W,DO,H ,R,G,R,80,0,0,0,1562226,5176495
Christchurch City,01/07/2014,Tue,1712,HA,TS2C,302A ,I,E,D,TF,F ,R,G,R,70,0,0,0,1561956,5176733
Christchurch City,11/04/2014,Fri,735,HA,TE2C,302A 353A 375A ,,R,W,OF,L ,R,G,R,70,0,0,0,1561956,5176733
Christchurch City,03/07/2014,Thu,825,HA,4S1C,302A ,,R,D,BF,F ,R,G,R,70,0,0,0,1561921,5176693
Christchurch City,21/07/2014,Mon,1536,GC,CS14C,171B ,I,M,W,OF,F ,R,G,R,70,0,0,0,1561912,5176739
Christchurch City,07/01/2014,Tue,1723,GE,TN1S,137A 193B ,,R,D,B ,F ,T,N,P,70,0,1,0,1561456,5177275
Christchurch City,05/09/2014,Fri,721,FD,CS1CC,331A 351A ,,R,D,OF,F ,T,G,P,70,0,0,0,1561450,5177283
Christchurch City,13/11/2014,Thu,1756,BF,CE1C,133A ,,R,D,B ,F ,T,G,C,70,0,0,0,1561168,5177610
Christchurch City,03/06/2014,Tue,1335,HA,4N2C,327A 375A ,,R,D,BF,F ,X,T,R,80,0,0,0,1560957,5177868
Christchurch City,22/12/2014,Mon,1034,QG,TS244,682A ,DD,S,D,BF,F ,X,T,C,70,0,0,0,1560957,5177868
Christchurch City,23/06/2014,Mon,1810,LB,CW1C,303B ,,R,D,DO,F ,X,T,C,80,0,0,3,1560957,5177868
Christchurch City,11/11/2014,Tue,2256,LB,CS1C,303B ,,R,D,DO,F ,X,T,R,80,0,0,1,1560957,5177868
Christchurch City,01/02/2014,Sat,1639,LB,VE2C,303B 386B ,,R,D,B ,F ,X,T,R,80,0,0,1,1560957,5177868
Christchurch City,25/06/2014,Wed,1637,HA,CW2V,322B 691B ,,R,W,TF,F ,X,T,C,80,0,0,1,1560957,5177868
Clutha District,05/11/2014,Wed,1615,DA,4S1,138A 404A ,F,M,D,B ,F , , ,N,100,0,0,3,1379403,4887143
Clutha District,21/08/2014,Thu,2200,DA,4S1,103A 111A 131A 402A 407A ,,E,D,DN,F ,T,G,C,100,0,0,0,1307423,4909953
Clutha District,04/04/2014,Fri,1539,KA,CE1C,301B 375B ,,R,D,ON,F ,T,S,C,50,0,0,0,1348289,4873867
Clutha District,19/09/2014,Fri,1630,CA,CN1,112A 402A 813 ,,R,D,TN,F , , ,N,100,0,0,0,1373554,4904913
Clutha District,11/07/2014,Fri,1210,AO,4S1V,125A 150B ,EF,R,W,O ,F , , ,C,100,0,0,1,1329482,4880286
Clutha District,13/12/2014,Sat,100,DA,CE1,111A 131A ,C,M,D,DN,F ,T,N,C,100,0,1,2,,
Clutha District,28/12/2014,Sun,1400,BB,4S14,123A ,,S,D,O ,F , ,N,N,100,0,0,0,1349946,4852049
Clutha District,17/05/2014,Sat,0,DB,CE1,131A 358A 402A ,T,S,D,DN,F , , ,N,100,0,1,0,1351058,4849062
Clutha District,23/03/2014,Sun,900,DA,VW1,131A 404A 804 ,C,M,D,O ,F , ,N,N,100,0,0,0,1334515,4849513
Clutha District,23/03/2014,Sun,1300,DB,CE1,104A 111A 402A ,CV,S,D,B ,F ,T,N,N,100,0,0,1,1367149,4887269
Clutha District,24/04/2014,Thu,1830,CB,CS1,138A 402A ,V,R,D,DN,F , , ,N,100,0,0,0,1351313,4870558
Clutha District,24/05/2014,Sat,1030,CB,CS1,129A 130A 402A 813 ,VZ,R,D,B ,F , , ,N,100,0,0,0,1354210,4867138
Clutha District,07/02/2014,Fri,1130,EA,CN14,129A ,M,R,D,B ,F ,T,G,C,50,0,0,0,1348815,4874480
Clutha District,20/05/2014,Tue,1530,JA,CW1C,302B 830 ,,M,W,O ,L ,T,G,C,50,0,0,0,1348046,4874131
Clutha District,16/09/2014,Tue,1505,HA,CS24,302A 375A ,,R,D,B ,F ,X,G,C,50,0,0,0,1348421,4874370
Clutha District,08/10/2014,Wed,1002,QC,40,330A 370A ,N,R,D,O ,F , ,G,C,100,0,0,0,1367720,4892874
Clutha District,23/12/2014,Tue,1745,DA,CN1,101A 131A 134A ,ET,E,D,B ,F , , ,C,100,0,2,0,1330095,4890911
Clutha District,07/01/2014,Tue,2130,CC,CS1,134A 402A ,F,R,D,TN,F , , ,C,100,0,0,1,1330511,4890059
Clutha District,03/07/2014,Thu,925,DA,CS1,135A 802 ,,M,I,ON,FF, ,N,C,80,0,0,0,1334717,4887800
Clutha District,15/06/2014,Sun,1200,DB,CE1,111A 632A 801 ,C,E,W,O ,L , , ,C,100,0,0,0,1341851,4880900
Clutha District,19/10/2014,Sun,1100,DA,VE1,129A 134A ,FP,E,D,B ,F , ,N,C,100,0,0,1,1340810,4881871
Clutha District,08/03/2014,Sat,1100,CB,CW1,129A 130A 352A ,G,R,D,O ,F , , ,C,100,0,0,1,1343849,4879984
Clutha District,16/05/2014,Fri,530,EC,CS1,915,W,E,D,DN,F , ,N,C,100,0,0,0,1347380,4876403
Clutha District,26/09/2014,Fri,2250,HA,CW2C,101B 321B 514B ,,R,D,DO,F ,X,S,C,50,0,0,3,1349253,4874961
Clutha District,23/02/2014,Sun,30,EA,CW1C,129A ,M,R,W,DF,H , ,N,C,50,0,0,0,1348656,4874025
Clutha District,28/09/2014,Sun,700,DA,CS1,129A 131A ,,M,W,TN,L , , ,C,100,0,0,0,1309218,4905976
Clutha District,30/08/2014,Sat,1430,AA,MN1M,372A ,,R,D,B ,F , , ,N,100,0,1,1,1357461,4871038
Clutha District,11/12/2014,Thu,1030,DA,CE1,129A 134A 402A ,F,M,D,O ,F , , ,C,100,0,0,0,1377624,4898199
Clutha District,22/04/2014,Tue,500,DA,40,101A 111A 131A ,F,S,D,DO,F ,M,G,N,50,0,0,0,1310491,4905211
Clutha District,14/03/2014,Fri,2200,DB,4N1,111A 131A ,C,E,D,DN,F , , ,N,100,0,0,0,1332668,4866310
Clutha District,28/09/2014,Sun,1213,CB,CS1,138A 404A ,,R,D,O ,F ,T,N,N,100,0,0,1,1372340,4883628
Clutha District,04/04/2014,Fri,2200,CC,CN1,103A 112A ,T,R,W,DN,H , ,N,C,100,0,0,0,1345199,4869367
Clutha District,07/03/2014,Fri,1600,BB,VE1C,123A ,,E,D,O ,F , ,N,N,100,0,0,0,1346438,4868753
Clutha District,21/06/2014,Sat,2200,CB,4N1,101A 410A ,F,R,D,DN,F , ,N,C,100,0,0,1,1297713,4909307
Clutha District,22/11/2014,Sat,1812,DB,CN1,131A 350A ,S,M,D,O ,F , , ,C,50,0,0,0,1349822,4874782
Clutha District,18/10/2014,Sat,155,CC,4N1,103A 400A 423A ,FH,R,D,DO,F ,X,S,R,50,0,0,2,1348043,4873845
Clutha District,10/06/2014,Tue,1400,KB,CS1C,308B 377B 927 ,,R,W,O ,F ,D,N,C,50,0,0,0,1348551,4874167
Clutha District,17/01/2014,Fri,1340,HA,CN2T,302A ,,R,D,BF,F ,X,G,C,50,0,0,0,1348593,4874194
Clutha District,17/02/2014,Mon,1100,BF,4N2T,111A 131A ,,S,W,O ,L ,X,G,R,50,0,0,0,1348772,4874297
Clutha District,07/09/2014,Sun,2027,EA,CS1C,103A 129A ,M,R,D,DO,F , , ,C,50,0,0,0,1365440,4888096
Clutha District,27/06/2014,Fri,1810,GD,CW1C,331A ,,R,W,DN,F ,T,G,C,70,0,0,0,1351976,4872814
Clutha District,21/06/2014,Sat,1815,DA,CN1,101A 111A 131A 903 ,TV,E,D,DN,FS, , ,C,100,0,0,0,1350155,4873571
Clutha District,11/02/2014,Tue,1645,EC,TN1C4,686A ,B,R,D,ON,F , ,N,C,100,0,0,1,1349976,4873855
Clutha District,16/06/2014,Mon,1830,AD,CE1,153A 197A ,CV,R,W,DN,F , , ,C,100,0,0,0,1355802,4869344
Clutha District,15/04/2014,Tue,1925,DA,CS1,129A 131A 901 ,CF,S,W,DN,H , , ,C,100,0,0,1,1353518,4872463
Clutha District,19/06/2014,Thu,1655,DB,CS1,129A 358A ,EF,M,W,OF,F , ,N,C,100,0,0,1,1353126,4872500
Clutha District,06/09/2014,Sat,1249,DB,MS1,129A 134A ,G,M,D,O ,F , , ,C,100,0,1,0,1351978,4859840
Clutha District,03/07/2014,Thu,700,CB,CN1,135A 802 ,V,R,I,TN,FF, , ,C,100,0,0,0,1351989,4860048
Clutha District,01/03/2014,Sat,2219,DA,CN1,103A 129A 131A ,ES,M,D,DN,F , ,N,C,100,0,0,1,1349794,4854761
Clutha District,15/12/2014,Mon,220,DA,CW1,110A 138A 514A ,E,E,D,DN,F ,T,N,N,100,0,0,0,1307229,4896681
Clutha District,19/07/2014,Sat,740,EC,TS1,386A ,B,M,W,O ,L , , ,N,100,0,0,0,1357309,4883003
Clutha District,28/06/2014,Sat,955,HA,CS1C,302B 355B 902 ,,R,D,B ,F ,X,G,C,50,0,0,2,1348881,4874270
Clutha District,19/10/2014,Sun,2015,DB,CS1,111A 134A ,F,E,D,DN,F , ,N,N,100,0,0,1,1368515,4924447
Clutha District,05/10/2014,Sun,230,CC,CW14,410A ,M,R,W,DO,F , ,N,C,50,0,0,1,1343656,4850474
Clutha District,19/10/2014,Sun,1249,DA,VN1,111A 138A ,CF,M,D,B ,F , ,N,N,100,0,0,1,1348395,4898297
Clutha District,03/10/2014,Fri,730,EA,4S1C,129A ,M,R,W,DO,H , ,N,N,50,0,0,0,1349359,4874662
Clutha District,08/05/2014,Thu,200,DA,CN1,103A 110A 131A 901 ,C,M,W,DN,H , , ,L,100,0,0,3,1347369,4865333
Clutha District,07/02/2014,Fri,100,CB,OS1,101A 130A 402A ,F,R,D,DN,F , , ,L,100,0,1,0,1347480,4865029
Clutha District,24/04/2014,Thu,2205,DA,VS1,103A 131A ,,E,D,DN,F , , ,L,100,0,0,0,1346301,4859752
Clutha District,01/02/2014,Sat,1800,FA,VS1S,101A 350A 386A ,,R,D,B ,F , , ,C,100,0,1,0,1346042,4854211
Clutha District,19/09/2014,Fri,815,DA,4N1,358A 402A ,S,M,D,O ,F , ,N,C,80,0,0,1,1345830,4854047
Clutha District,28/11/2014,Fri,2330,DB,4S1,130A 410A ,S,M,D,DN,F , ,N,C,100,0,1,0,1344781,4851872
Clutha District,03/07/2014,Thu,755,BB,CS1V,110A 123A 135A 110B 135B ,Z,R,I,O ,MF, ,N,C,100,0,0,1,1348618,4870290
Clutha District,15/06/2014,Sun,835,CC,4S1,102A 129A 134A 410A ,C,R,D,O ,F , , ,C,100,0,1,0,1344796,4858405
Clutha District,03/07/2014,Thu,920,CB,VN1,110A 135A 802 905 ,C,R,I,O ,SF, ,N,C,100,0,0,2,1347060,4860854
Clutha District,18/03/2014,Tue,1220,DB,CE1,111A 131A ,F,M,D,ON,F , ,N,C,100,0,0,1,1330056,4857425
Clutha District,21/03/2014,Fri,1530,CB,4N1,195A ,,R,D,BN,F , ,N,N,100,0,0,4,1331161,4856969
Clutha District,07/10/2014,Tue,2000,CC,CE1,112A 132A 404A 903 ,EF,R,D,DN,FS, , ,N,100,0,0,2,1328773,4859604
Clutha District,05/01/2014,Sun,1715,DA,CS1,131A 402A 412A ,C,M,D,BN,F , ,N,C,100,0,0,0,1340133,4847006
Clutha District,04/08/2014,Mon,1220,DA,CS1,131A ,C,M,I,BN,FF, ,N,C,100,0,0,0,1331021,4844031
Clutha District,02/01/2014,Thu,1800,CB,4N1,110A 132A 402A ,B,R,W,O ,F ,T,N,C,100,0,0,0,1329641,4839586
Clutha District,29/12/2014,Mon,1045,LB,4N14,303B 375B ,,E,D,B ,F ,T,G,C,100,0,0,3,1344388,4849904
Clutha District,23/03/2014,Sun,1045,DB,CE1,131A ,F,E,D,BN,F , ,N,N,100,0,0,0,1339055,4844196
Clutha District,13/03/2014,Thu,1120,DA,CN1,131A ,C,M,D,ON,F , ,N,N,100,0,0,1,1337973,4843592
Clutha District,21/07/2014,Mon,1050,HA,TN1C,302B 377B 801 839 ,,R,W,O ,L ,X,G,C,50,0,0,0,1348772,4874297
Clutha District,21/07/2014,Mon,1535,DA,CE1,131A 402A ,FX,M,W,O ,L , , ,C,100,0,0,1,1352154,4872418
Clutha District,01/08/2014,Fri,1645,CC,TE1V,410A 504A ,,R,D,B ,F , ,N,C,50,0,0,1,1310108,4916015
Clutha District,23/08/2014,Sat,2200,DA,CS1,101A 111A ,H,E,D,DO,F ,T,N,C,50,0,1,0,1310132,4916034
Clutha District,15/11/2014,Sat,850,MC,ME1C,372B ,,R,D,BF,F , ,N,C,50,0,0,1,1365049,4887920
Clutha District,14/04/2014,Mon,1515,DB,CS1,135A 813 ,F,E,D,BN,F , ,N,N,100,0,0,0,1343908,4870814
Clutha District,25/10/2014,Sat,1629,DB,CN2,111A 131A ,V,S,D,BN,F ,T,N,N,100,0,0,2,1357494,4871168
Clutha District,27/06/2014,Fri,1100,HA,4E1C,301B 375B ,,R,W,O ,L ,X,S,C,100,0,0,0,1308940,4905673
Clutha District,12/03/2014,Wed,,CB,VE1,138A 191A 404A ,F,R,D,B ,F , , ,N,100,0,0,0,1324460,4841131
Clutha District,08/11/2014,Sat,1530,CC,CW1,330A 420A 430A ,TZ,R,D,B ,F , ,N,N,100,0,0,0,1380998,4900495
Clutha District,14/12/2014,Sun,2030,CB,MS1,101A 504A ,,R,D,TN,F , ,N,N,100,1,0,0,1353352,4855997
Clutha District,28/12/2014,Sun,1840,DA,CS1,131A 404A ,ET,E,D,B ,F , , ,N,100,0,0,0,1353814,4855361
Clutha District,05/10/2014,Sun,1820,DA,4N1,131A 400A ,V,M,W,ON,L , ,N,N,100,0,0,1,1353874,4855282
Clutha District,04/12/2014,Thu,1608,CB,CW1,198A 811 ,E,R,D,ON,F , ,N,N,100,0,0,1,1367363,4881603
Clutha District,30/09/2014,Tue,2200,DB,CS1,131A ,EFX,E,D,DN,F , ,N,N,100,0,0,0,,
Clutha District,11/04/2014,Fri,2100,DA,CN1,129A 131A 402A 801 ,V,E,W,DN,L , , ,N,50,0,0,0,1356886,4869599
Clutha District,22/03/2014,Sat,220,DA,VN1,103A 131A ,F,M,D,DO,F ,T,G,C,50,0,0,0,1347336,4873077
Clutha District,15/06/2014,Sun,330,CB,CS1,410A ,V,R,D,DN,F , , ,C,100,0,0,0,1375960,4900169
Clutha District,26/12/2014,Fri,1940,HA,CS1C,101B 302B 375B 402B ,,R,D,O ,F ,X,G,L,70,0,0,0,1375140,4899237
Clutha District,25/09/2014,Thu,1515,QG,CW14,429A ,,R,D,B ,F , , ,C,100,0,0,2,1372073,4896733
Clutha District,27/11/2014,Thu,1120,CB,VS1,197A ,S,R,D,ON,FS, ,N,L,100,0,0,1,1371724,4896655
Clutha District,30/12/2014,Tue,1810,DB,4S1,131A 134A 412A ,C,E,D,B ,F , , ,C,100,0,0,0,1370950,4896330
Clutha District,03/03/2014,Mon,1230,CB,CS1,410A ,CV,R,W,ON,L , ,N,C,100,0,0,0,1370551,4895939
Clutha District,18/08/2014,Mon,1015,GD,CS14,331A 363A ,,R,D,BN,F ,T,N,L,100,0,0,2,1370430,4895780
Clutha District,01/11/2014,Sat,1145,DB,CS1,131A 332A ,F,E,D,BN,F , ,N,L,100,0,0,0,1369795,4894721
Clutha District,29/12/2014,Mon,1455,CC,CS1,139A 350A ,P,R,D,B ,F , ,N,L,100,0,0,2,1369473,4894101
Clutha District,22/02/2014,Sat,2144,PO,VN1E,722B 724B ,,R,D,DN,F , , ,P,70,0,1,0,1366229,4889642
Clutha District,01/10/2014,Wed,1222,EA,CS1C,410A ,M,R,D,B ,F , , ,C,70,0,0,1,1365962,4889277
Clutha District,05/09/2014,Fri,1118,FD,VS14,331A 350A ,,R,W,OF,F , ,N,X,50,0,0,1,1365611,4888797
Clutha District,23/09/2014,Tue,840,NA,VS1E,713B 727B ,,R,D,B ,F ,T,G,C,50,0,0,1,1365557,4888722
Clutha District,13/11/2014,Thu,2330,CB,4S1,101A 116A 135A 804 817 ,V,R,D,DN,F ,T,N,N,100,0,0,0,1364578,4887359
Clutha District,21/08/2014,Thu,1836,EC,VN1,195A 912 ,W,E,D,DN,F , , ,C,100,0,0,0,1364455,4887201
Clutha District,28/08/2014,Thu,1950,EC,CE1C,912,W,R,D,DN,F , , ,C,100,0,0,0,1363015,4886903
Clutha District,04/10/2014,Sat,350,EC,TS1,912,W,R,I,DN,SS, ,N,C,100,0,0,0,1359775,4885369
Clutha District,25/06/2014,Wed,500,CC,CW1,412A ,F,R,D,DN,F , , ,C,100,0,0,0,1358760,4884949
Clutha District,29/05/2014,Thu,1040,DB,CS1,111A 131A ,F,M,W,ON,L , , ,C,100,0,0,0,1355615,4882965
Clutha District,01/07/2014,Tue,1930,DB,CN1,131A 402A ,F,E,I,DN,S , ,N,C,100,0,0,0,1354001,4881704
Clutha District,03/07/2014,Thu,635,CC,CS1,135A 802 ,E,R,I,DN,FF, ,N,C,100,0,0,1,1352777,4880425
Clutha District,08/08/2014,Fri,850,DA,CN1C,131A 802 ,M,M,I,O ,SF, , ,L,100,0,0,0,1350962,4878852
Clutha District,13/02/2014,Thu,1345,FA,CN1C,132A ,,M,W,O ,L , ,N,C,100,0,0,0,1350931,4878812
Clutha District,12/11/2014,Wed,1425,CB,CS1,135A 803 ,,R,I,ON,FF, ,N,C,100,0,0,0,1350793,4877470
Clutha District,30/04/2014,Wed,315,DA,4N1,131A 632A 800 904 ,C,M,W,DN,M , , ,C,100,0,0,2,1350986,4876935
Clutha District,19/07/2014,Sat,1740,DA,CN1,131A 801 ,F,M,W,DN,L , , ,C,100,0,0,0,1350944,4876217
Clutha District,03/06/2014,Tue,515,EC,CW1,912,W,R,D,DO,F , ,N,L,70,0,0,2,1350434,4875376
Clutha District,03/07/2014,Thu,800,CB,40,135A 802 ,C,R,I,OF,FF, ,N,C,70,0,0,0,1350290,4875381
Clutha District,26/09/2014,Fri,400,EA,CW1V,410A ,M,E,W,DO,F , , ,C,50,0,0,0,1349695,4875181
Clutha District,10/09/2014,Wed,1610,FB,CW2C,109A 331A ,,R,D,BF,F ,M,G,R,50,0,0,0,1349102,4874765
Clutha District,16/10/2014,Thu,1510,BO,ON1B,686A ,,R,D,BF,F , ,N,L,50,0,0,0,1349004,4874537
Clutha District,11/07/2014,Fri,2345,DA,CS1,103A 131A ,F,M,W,DO,F , ,N,L,50,0,0,1,1348958,4874475
Clutha District,28/09/2014,Sun,1645,DA,CW1,131A 402A ,F,S,D,B ,F ,X,G,C,50,0,0,0,1348812,4874471
Clutha District,31/01/2014,Fri,1030,FB,4N1VX,331A ,,R,D,B ,F , , ,X,50,0,0,0,1348739,4874430
Clutha District,24/09/2014,Wed,1525,NA,CE1E,306A 341A ,,R,D,OF,FS, ,N,X,50,0,1,0,1348714,4874414
Clutha District,29/04/2014,Tue,1540,KB,CS1C,302B ,,R,D,B ,F ,T,G,C,50,0,0,0,1348485,4874267
Clutha District,26/01/2014,Sun,1200,MA,CE1C,373B 404B ,,R,D,B ,F , , ,C,50,0,0,0,1348452,4874246
Clutha District,30/06/2014,Mon,1130,KB,CN14,302B 375B ,,R,D,B ,F ,T,G,C,50,0,0,1,1348418,4874224
Clutha District,15/03/2014,Sat,34,CB,CE1,410A ,P,R,D,DO,F ,T,G,C,50,0,0,1,1348304,4874150
Clutha District,22/05/2014,Thu,1610,FB,CW1CC,331A 902 ,,R,D,B ,F ,X,G,C,50,0,0,4,1348108,4874025
Clutha District,20/05/2014,Tue,1230,MO,TW2C,371A ,M,R,D,O ,F ,X,G,C,50,0,0,0,1347981,4873943
Clutha District,11/09/2014,Thu,1600,EA,TN1C,129A 386A ,M,R,D,O ,F , , ,L,50,0,0,0,1347018,4873635
Clutha District,11/06/2014,Wed,1320,CB,CW1,501A ,X,R,D,B ,F , , ,C,50,0,0,0,1346691,4873431
Clutha District,03/12/2014,Wed,930,JA,CW14,302B 375B ,,R,D,O ,F ,T,G,L,50,0,0,1,1346633,4873418
Clutha District,16/01/2014,Thu,1135,FA,TE1C,181A 191B 404B ,,R,D,O ,F , , ,C,100,0,0,0,1344611,4873307
Clutha District,21/05/2014,Wed,2130,EC,CW1,912,W,R,D,DN,F , , ,C,100,0,0,0,1344592,4873312
Clutha District,24/12/2014,Wed,2010,DA,CW1,111A 130A 524A ,V,E,D,B ,F , , ,L,100,0,1,3,1344045,4873501
Clutha District,09/06/2014,Mon,915,DB,CW1,134A 359A ,F,E,W,O ,F , ,N,C,100,0,0,0,1343947,4873552
Clutha District,03/07/2014,Thu,910,CB,VW1,135A 802 ,V,R,I,O ,FF, , ,L,100,0,0,0,1342458,4873506
Clutha District,07/07/2014,Mon,705,BE,CE14,110A 135A 802 905 ,,M,I,DN,SF, ,N,C,100,0,0,2,1340378,4873807
Clutha District,23/09/2014,Tue,1045,CA,TE1,903,,R,D,BN,FS, ,N,C,100,0,0,0,1336933,4874337
Clutha District,24/08/2014,Sun,25,DA,CN1,103A 131A 402A ,,M,D,DN,F , , ,C,100,0,0,0,1336601,4874536
Clutha District,29/09/2014,Mon,1630,KA,BW1C,301B 375B ,,E,D,BN,F ,T,S,L,100,0,0,5,1336508,4874572
Clutha District,03/07/2014,Thu,830,CC,CS1,135A 802 905 ,V,R,I,O ,SF, ,N,C,100,0,0,0,1336325,4874809
Clutha District,20/01/2014,Mon,1200,GE,TW1O,387A 604B 929 ,,R,D,B ,F ,D, ,C,100,0,0,0,1335215,4875504
Clutha District,18/07/2014,Fri,750,CB,CE1,110A 131A 802 905 ,,R,I,TN,SF, ,N,C,100,0,0,0,1333551,4876246
Clutha District,06/11/2014,Thu,1434,MA,TE1V,150A 373B 386B ,,R,D,B ,F , ,N,C,100,0,1,0,1327532,4878053
Clutha District,24/01/2014,Fri,300,CC,CN1,410A 411A ,F,R,W,DN,L , ,N,C,100,0,0,1,1321517,4877291
Clutha District,19/03/2014,Wed,1145,JA,CN1C,302B 375B ,,R,D,OF,F ,T,G,P,50,0,0,0,1320370,4877052
Clutha District,11/08/2014,Mon,745,EC,CN1,195A 832 901 912 ,W,R,W,DN,H ,T,G,C,100,0,0,0,1317180,4879490
Clutha District,08/08/2014,Fri,948,EC,TN1,129A ,FT,R,I,ON,S , ,N,C,100,0,0,0,1312242,4885326
Clutha District,06/09/2014,Sat,2000,EC,CN14,353B 912 ,WW,R,D,DN,F , , ,C,100,0,0,1,1310131,4886730
Clutha District,20/07/2014,Sun,700,AO,CW1C,153A 130B 197B ,S,R,W,DN,L ,T,G,C,100,0,0,0,1307901,4886483
Clutha District,07/09/2014,Sun,845,DB,4N1,102A 410A ,ET,M,D,B ,F , , ,C,100,0,1,0,1332809,4919182
Clutha District,07/08/2014,Thu,830,DB,CW1,131A 410A ,KV,E,W,O ,F , , ,C,100,0,0,0,1333565,4918771
Clutha District,22/04/2014,Tue,1015,DA,CS1,132A 653A ,C,M,D,B ,F , ,N,C,100,0,0,0,1335516,4916596
Clutha District,14/03/2014,Fri,1450,BF,CE1V,131A 410A ,,M,D,ON,F , ,N,L,100,0,1,1,1339631,4911596
Clutha District,17/09/2014,Wed,1035,CC,CN1,134A 358A ,C,R,D,O ,F , ,N,C,100,0,0,1,1339782,4911544
Clutha District,28/04/2014,Mon,1120,KA,CW1C,302B 375B ,,R,W,O ,F ,T,G,C,100,0,0,0,1341338,4910202
Clutha District,18/04/2014,Fri,1250,MO,CN14,330B 371B ,,R,D,O ,F ,T,N,C,50,0,0,0,1343240,4910216
Clutha District,23/06/2014,Mon,2215,DB,CN1,111A 131A ,S,S,D,DO,F ,T,N,C,50,0,0,1,1343268,4909721