TLANAME,CRASHDATE,CRASHDOW,CRASHTIME,MVMT,VEHICLES,CAUSES,OBJECTSSTRUCK,ROADCURVE,ROADWET,LIGHT,WTHRa,JUNCTYPE,TRAFCTRL,ROADMARK,SPDLIM,CRASHFATALCNT,CRASHSEVCNT,CRASHMINCNT,EASTING,NORTHING
Clutha District,08/02/2014,Sat,2019,CC,CE1,129A 134A 410A ,CSV,R,D,O ,F , , ,C,100,0,0,0,1343907,4909419
Clutha District,25/03/2014,Tue,950,FD,TS1C4,181A ,,R,W,ON,L ,X,S,C,100,0,0,1,1346720,4907170
Clutha District,11/11/2014,Tue,1625,DA,CN1,129A 350A ,V,E,W,ON,L , ,N,C,100,0,0,1,1348396,4904101
Clutha District,09/02/2014,Sun,1440,DA,MS1,129A 131A ,G,M,D,B ,F , , ,C,100,0,0,1,1351999,4897447
Clutha District,03/07/2014,Thu,938,CC,VS1,110A 135A 802 905 ,GPV,R,I,O ,SF, ,N,C,100,0,0,1,1358183,4890108
Clutha District,02/04/2014,Wed,2100,DA,CS1,131A 363A 601A 817 ,V,E,D,DN,F , ,N,N,100,0,0,0,1359346,4889382
Clutha District,10/02/2014,Mon,940,BB,TS1T,129A 386A 818 ,,E,D,O ,F , , ,C,100,0,0,1,1316603,4920114
Clutha District,21/06/2014,Sat,2235,DA,4N1,103A 129A ,T,E,W,DN,L , ,N,C,100,0,1,0,1312457,4910394
Clutha District,30/11/2014,Sun,1600,DA,MN1,135A 801 809 ,,E,W,O ,L , , ,C,100,0,0,1,1310284,4907955
Clutha District,23/05/2014,Fri,645,DC,4N2,130A 354A 901 ,V,S,W,DN,H ,T,G,C,100,0,1,0,1310210,4907777
Clutha District,08/09/2014,Mon,720,DA,4S1,131A 407A 801 ,CF,E,W,O ,L , , ,C,100,0,0,1,1301257,4897686
Clutha District,16/06/2014,Mon,800,EC,CE1,912,W,R,D,TN,F , , ,C,100,0,0,1,1320207,4876997
Clutha District,16/06/2014,Mon,331,EC,TN1,912,W,E,D,DN,F , , ,C,100,0,0,0,1319846,4876688
Clutha District,26/01/2014,Sun,1400,DB,CN1,111A 131A ,G,M,D,O ,F , , ,L,100,0,0,0,1318964,4875332
Clutha District,17/06/2014,Tue,1345,BF,TS1T,131A 358A ,,M,D,O ,F , , ,L,100,0,0,0,1318566,4875128
Clutha District,13/07/2014,Sun,1015,DA,40,104A 111A 131A ,CX,M,W,ON,L , ,N,L,100,0,1,1,1318306,4874741
Clutha District,13/07/2014,Sun,1145,DA,CE1,111A 131A ,CF,M,W,ON,L , ,N,L,100,0,0,0,1317550,4874157
Clutha District,26/09/2014,Fri,1800,DB,CW1,131A 363A 407A 902 ,F,E,D,B ,F , , ,C,80,0,0,0,1307985,4874696
Clutha District,28/02/2014,Fri,2230,EC,4W1,912,W,R,D,DN,F , ,N,C,100,0,0,0,1307353,4874521
Dunedin City,21/05/2014,Wed,1855,EA,CN1C,129A 358A ,M,E,D,DO,F , ,N,C,50,0,0,0,1400184,4913861
Dunedin City,05/04/2014,Sat,1200,JA,CN1C,302B 375B ,,M,W,OF,L ,T,G,C,60,0,0,0,1409983,4917995
Dunedin City,01/08/2014,Fri,1900,EA,CN1C,129A ,M,R,D,DO,F , ,N,N,50,0,0,0,1393088,4916086
Dunedin City,19/09/2014,Fri,1300,HA,CW1C,301A ,,R,D,OF,F ,X,S,C,50,0,0,0,1407154,4917610
Dunedin City,28/11/2014,Fri,1230,CC,CN1,129A 386A ,V,R,D,ON,FS, ,N,N,90,0,0,0,1420390,4918738
Dunedin City,06/10/2014,Mon,1930,DA,CS1,138A 191A 801 ,,M,W,O ,L , , ,N,100,0,0,3,1389552,4911118
Dunedin City,06/09/2014,Sat,1210,FE,CN14,181A ,,R,D,BF,F , ,T,R,50,0,0,1,1406312,4914901
Dunedin City,23/09/2014,Tue,1534,FE,CN1C,181A 191B ,,R,D,O ,F , ,T,C,50,0,0,0,1406317,4914882
Dunedin City,26/03/2014,Wed,1040,HA,CS1C,322A 334A 402A ,,R,D,O ,F ,X,T,R,50,0,1,0,1406262,4914987
Dunedin City,24/12/2014,Wed,1400,GB,SN1T,157A 387A ,,R,D,BF,F ,X,T,C,50,0,0,1,1406262,4914987
Dunedin City,10/01/2014,Fri,1745,LB,CN14,303B ,,R,D,O ,F ,X,T,R,50,0,0,2,1406453,4914634
Dunedin City,27/08/2014,Wed,1530,MA,CN1C,373B ,,R,D,B ,F , , ,C,50,0,0,0,1406338,4914816
Dunedin City,08/11/2014,Sat,230,GA,CN14,181A 331A 922 ,,R,D,DO,F ,D,N,C,50,0,0,0,1406323,4914864
Dunedin City,22/01/2014,Wed,1130,GA,TS1C,181A ,,R,D,B ,F ,X,T,C,50,0,0,0,1406272,4914994
Dunedin City,17/07/2014,Thu,906,EA,CN1C,386A ,M,R,D,B ,F , ,N,C,50,0,0,0,1406692,4914427
Dunedin City,06/03/2014,Thu,2125,HA,CN2C,112A 302A 517A 197B ,,R,D,DO,F ,T,G,C,50,0,0,1,1406669,4914447
Dunedin City,27/02/2014,Thu,915,KA,4S1C,302B 375B ,,R,D,B ,F ,R,G,R,50,0,0,0,1406786,4914366
Dunedin City,31/10/2014,Fri,2044,FD,CS1CC,103A ,P,R,D,DO,F , ,N,C,50,0,0,3,1406083,4915278
Dunedin City,08/03/2014,Sat,2130,AA,VS1C,372A 381A ,,R,D,DO,F , ,N,P,50,0,0,0,1406137,4915195
Dunedin City,07/08/2014,Thu,912,DA,CW1C,131A 800 ,M,M,W,O ,F , , ,C,50,0,0,0,1406781,4916941
Dunedin City,20/09/2014,Sat,2210,DB,CS2,103A 131A ,F,E,W,DO,L ,T,G,R,50,0,0,0,1407737,4917619
Dunedin City,12/12/2014,Fri,1630,DA,TS1,137A 197A ,C,M,D,O ,F , , ,C,70,0,0,0,1415467,4924780
Dunedin City,08/11/2014,Sat,1320,DB,CN1,102A 131A 504A 800 ,C,M,W,B ,F , , ,C,70,0,0,1,1417371,4926296
Dunedin City,14/05/2014,Wed,940,HA,CN1C,301A ,,R,W,B ,F ,X,S,C,50,0,0,0,1394231,4915625
Dunedin City,17/10/2014,Fri,1245,FO,CS1C,433A ,,R,D,O ,F , ,N,C,50,0,0,0,1405536,4916803
Dunedin City,22/04/2014,Tue,1907,EA,VN1C,129A ,M,E,D,DO,F ,T,N,C,50,0,0,0,1403625,4918712
Dunedin City,14/08/2014,Thu,1315,MC,4S1C,372B 801 ,,R,W,O ,L , , ,N,50,0,0,0,1405178,4914359
Dunedin City,22/07/2014,Tue,1453,MC,CW1C,372B ,,R,D,OF,F , ,N,C,50,0,0,0,1405406,4919075
Dunedin City,03/07/2014,Thu,745,DA,VS2,135A 802 ,P,R,I,TO,FF,X,T,C,50,0,0,0,1407380,4919059
Dunedin City,11/07/2014,Fri,2010,DA,CS1,131A ,G,R,D,DO,F ,X,T,R,50,0,0,0,1404235,4914428
Dunedin City,05/07/2014,Sat,400,PO,CS1E,103A 420A ,,E,W,DO,F , , ,N,30,0,0,0,1406357,4916947
Dunedin City,02/09/2014,Tue,1130,MC,TN1C,191A 330B 372B ,,R,D,B ,F ,T,G,C,50,0,0,1,1406273,4914039
Dunedin City,30/06/2014,Mon,1525,AO,CW1C,381A ,,R,D,OF,F ,X,T,C,50,0,0,0,1406343,4914083
Dunedin City,13/03/2014,Thu,1850,GB,CS1C,158A 333A 929 ,,R,W,DO,L ,D,N,N,50,0,0,0,1406788,4914121
Dunedin City,23/06/2014,Mon,705,NF,CN2E,370A 711B 724B 802 ,,R,I,DO,FF,T,G,C,50,0,0,1,1403978,4915205
Dunedin City,20/03/2014,Thu,1210,MD,CW1T,357A 371B 930 ,,R,D,B ,F ,D,N,C,50,0,0,0,1406556,4916133
Dunedin City,18/05/2014,Sun,1215,HA,CW1C,302A 355A 801 ,,R,W,O ,L ,T,G,R,50,0,0,1,1406423,4916161
Dunedin City,26/04/2014,Sat,1,HA,CS2C,302A ,,R,D,DF,F ,X,G,N,50,0,0,0,1406272,4913474
Dunedin City,26/05/2014,Mon,930,CB,4W1,112A 125A 905 ,F,R,I,O ,SF, ,N,N,80,0,0,1,1401809,4911694
Dunedin City,12/10/2014,Sun,1600,DB,CS1,111A ,F,E,W,O ,F , ,N,N,50,0,0,0,1412672,4921842
Dunedin City,18/06/2014,Wed,0,DA,CN1,134A 195A ,,E,D,DN,F , ,N,C,80,0,0,0,1414285,4927162
Dunedin City,04/04/2014,Fri,1530,EA,CS1C,129A ,M,R,D,O ,F , , ,N,50,0,0,0,1405532,4914229
Dunedin City,19/12/2014,Fri,1510,MO,CS1C,131A 427A 927 ,M,R,D,O ,F ,D,N,N,50,0,0,0,1406119,4914880
Dunedin City,01/07/2014,Tue,755,GF,CW1T,157B 387B ,,M,D,DO,F ,T,G,C,50,0,0,0,1405824,4914921
Dunedin City,08/05/2014,Thu,1312,QG,TS1C,663A 682A ,,R,D,B ,F , , ,C,80,0,0,0,1399395,4912190
Dunedin City,27/05/2014,Tue,654,DA,CN1,135A 802 ,,M,I,DN,FF, ,N,C,80,0,0,0,1399372,4912158
Dunedin City,11/09/2014,Thu,1430,CC,CS1,410A ,C,R,D,B ,F , , ,C,80,0,1,0,1397226,4910479
Dunedin City,20/02/2014,Thu,1640,CB,40,504A ,C,R,D,BF,F , ,N,C,50,0,0,1,1394936,4909505
Dunedin City,15/08/2014,Fri,1850,EA,CE1C,103A 129A ,M,R,D,DO,F , , ,C,50,0,0,0,1393977,4909115
Dunedin City,27/09/2014,Sat,100,DB,CE1,103A 111A 131A 357A ,FT,M,D,DN,F , , ,C,60,0,0,0,1396964,4910181
Dunedin City,23/11/2014,Sun,1125,DA,CS1,129A 131A 402A ,EFR,M,D,B ,F , , ,C,50,0,0,1,1399832,4912761
Dunedin City,06/03/2014,Thu,1715,QG,CS1C,191A 197A 665A ,,E,D,TF,F , ,N,C,50,0,0,0,1403960,4917519
Dunedin City,22/09/2014,Mon,1645,DB,VE1,135A 422A 905 ,P,E,I,O ,S , ,N,C,50,0,0,0,1403405,4917698
Dunedin City,27/11/2014,Thu,850,HA,CW1C,301B 375B ,,R,D,B ,F ,X,S,C,50,0,0,1,1405733,4916756
Dunedin City,08/05/2014,Thu,1900,MO,CN1CC,371A 929 ,,M,D,TO,F ,D,N,N,50,0,0,0,1407511,4919393
Dunedin City,13/12/2014,Sat,2005,BA,CW1C,125A 386A 125B 386B 818 ,,R,D,B ,F , ,N,N,50,0,0,0,1405549,4919654
Dunedin City,22/12/2014,Mon,1250,EA,CE1CC,102A 350A 386A ,M,R,D,B ,F , ,N,C,50,0,0,1,1393583,4916289
Dunedin City,28/11/2014,Fri,1754,CC,CW1,137A 423A ,C,R,D,O ,F , , ,C,50,0,0,0,1393367,4916191
Dunedin City,14/09/2014,Sun,30,CC,4W1,101A 134A 358A 410A ,V,R,D,DN,F , ,N,C,80,0,0,0,1392650,4915868
Dunedin City,31/05/2014,Sat,1519,CC,CS1,130A 402A ,V,R,D,B ,F , , ,N,100,0,0,0,1391280,4915256
Dunedin City,04/01/2014,Sat,2046,MC,CW1C,372B ,,R,D,BF,F , ,N,C,50,0,0,0,1405728,4917100
Dunedin City,20/10/2014,Mon,1516,MC,CN1C,372B ,,R,W,O ,L , , ,N,50,0,0,0,1393165,4916153
Dunedin City,06/08/2014,Wed,1520,HA,CE1C,302B ,,R,D,B ,F ,X,G,C,50,0,0,0,1405885,4916109
Dunedin City,16/05/2014,Fri,950,MO,4E1C,371A 371B 929 ,,R,D,B ,F ,D,N,N,50,0,0,0,1405830,4916083
Dunedin City,09/07/2014,Wed,2150,CA,MS1,112A 132A 514A ,,R,D,DO,F , , ,N,50,0,0,1,1407144,4918293
Dunedin City,07/11/2014,Fri,1830,MG,4N1C,352B 371B ,,R,D,B ,F ,X,G,N,50,0,0,0,1407228,4918531
Dunedin City,05/09/2014,Fri,40,CA,PN1,103A 130A ,D,R,D,DO,F , , ,N,50,0,0,1,1407220,4918507
Dunedin City,03/07/2014,Thu,725,CC,4S1,110A 150A ,,R,I,DN,MF, ,N,C,100,0,0,1,1381474,4907319
Dunedin City,06/06/2014,Fri,2140,DC,CN1,101A 110A 332A 904 ,H,S,D,DO,M , , ,N,50,0,0,0,1395333,4917307
Dunedin City,25/07/2014,Fri,755,CC,4N1,130A 407A 801 ,P,R,W,O ,L ,X,S,N,50,0,0,0,1400904,4913401
Dunedin City,18/11/2014,Tue,1700,EA,CN1C,386A ,M,R,W,DO,F , ,N,N,50,0,0,0,1406907,4919332
Dunedin City,04/04/2014,Fri,156,DA,CN1,103A 410A ,P,E,D,DO,F , ,N,C,70,0,0,0,1411714,4934826
Dunedin City,15/05/2014,Thu,1140,MC,CE1V,372B ,,R,D,B ,F , , ,N,50,0,0,1,1409354,4916165
Dunedin City,26/04/2014,Sat,2000,EA,CN1C,129A ,M,R,D,DO,F ,T,N,C,50,0,0,0,1404520,4917852
Dunedin City,26/05/2014,Mon,1200,MO,CS1,371A 818 901 927 ,FX,R,W,O ,H ,D, ,N,50,0,0,0,1401419,4913923
Dunedin City,26/12/2014,Fri,915,MO,CS1,330A 386A 402A 929 ,FK,R,D,B ,F ,D, ,N,50,0,0,0,1405687,4914503
Dunedin City,18/08/2014,Mon,30,EA,CS1C,129A ,M,R,D,DO,F , ,N,N,50,0,0,0,1405839,4914261
Dunedin City,05/04/2014,Sat,1735,DB,CN1,111A 131A ,,S,W,ON,L , ,N,C,80,0,0,2,1402570,4918281
Dunedin City,02/01/2014,Thu,2245,CC,CN1,101A 130A ,C,R,D,DN,F , , ,C,70,0,0,0,1402457,4918713
Dunedin City,18/07/2014,Fri,800,DA,CS1,135A 402A 802 ,P,M,I,BN,FF, ,N,C,70,0,0,0,1402510,4918520
Dunedin City,08/05/2014,Thu,1030,BF,CN1T,131A 132A 800 801 ,,E,W,O ,L , , ,C,100,0,1,0,1402536,4918424
Dunedin City,02/11/2014,Sun,1330,DB,CN1,103A 131A ,F,S,D,BN,F , ,N,C,100,0,0,0,1402574,4918289
Dunedin City,01/02/2014,Sat,2000,DB,CN1,111A 131A ,FJT,M,D,O ,F , , ,C,70,0,0,0,1402560,4918262
Dunedin City,03/05/2014,Sat,2105,DC,CN1,104A 112A 402A 506A ,C,R,D,DN,F ,T,S,C,70,0,0,0,1402351,4919099
Dunedin City,19/01/2014,Sun,1453,FC,CN1C,181A ,,R,D,O ,F ,R,G,C,50,0,0,0,1404856,4914113
Dunedin City,30/01/2014,Thu,930,NF,CE1E,306A 330A ,,R,D,O ,F ,T,T,C,50,0,1,0,1404639,4914425
Dunedin City,22/11/2014,Sat,1035,EA,CS1CV,103A 129A ,M,R,W,O ,H , ,N,C,50,0,0,0,1404726,4914282
Dunedin City,22/01/2014,Wed,1315,JA,CS1C,301B ,,R,D,B ,F ,X,S,C,50,0,0,0,1404752,4914239
Dunedin City,24/11/2014,Mon,1330,EA,CE1V,129A ,M,R,D,O ,F , , ,C,50,0,0,0,1406042,4916688
Dunedin City,24/05/2014,Sat,304,EA,CW1V,103A 129A ,M,R,D,DO,F , , ,C,50,0,1,0,1406073,4918513
Dunedin City,17/02/2014,Mon,1050,JA,MW1C,302B 375B ,,E,D,BF,F ,T,G,C,50,0,1,0,1406206,4918419
Dunedin City,06/06/2014,Fri,1500,LB,CS14,303B 352B 375B 801 ,,E,W,O ,L ,T,N,C,50,0,0,1,1405927,4918618
Dunedin City,21/05/2014,Wed,1630,FA,CW1C,331A ,,R,D,B ,F , ,N,C,50,0,0,0,1406271,4918373
Dunedin City,17/05/2014,Sat,2016,CC,4N1TC,103A 125A ,,R,D,DN,F , ,N,C,50,0,0,1,1394357,4915548
Dunedin City,14/05/2014,Wed,1750,GB,VW1T,372B ,,R,D,TF,F ,X,T,C,50,0,0,0,1406960,4918856
Dunedin City,03/03/2014,Mon,1215,DC,CN2,113A 132A ,V,R,W,OF,L ,T,S,C,50,0,0,0,1395756,4918818
Dunedin City,21/03/2014,Fri,1613,ME,VN1V,103B 371B ,,R,D,B ,F , ,N,N,30,0,0,0,1415921,4945754
Dunedin City,07/06/2014,Sat,1216,GF,VW1C,381A ,,R,D,OF,F ,T,G,C,50,0,0,0,1406810,4918440
Dunedin City,17/08/2014,Sun,340,EA,CE1C,129A ,M,R,W,DO,L , , ,C,50,0,0,0,1407511,4918187
Dunedin City,04/08/2014,Mon,810,KB,CE1C,302B 375B ,,R,D,BF,F ,T,G,C,50,0,0,0,1404776,4915952
Dunedin City,04/04/2014,Fri,2210,QD,CN1C,428A 904 ,M,R,D,DO,M , , ,C,50,0,0,0,1404974,4915863
Dunedin City,01/06/2014,Sun,1520,MO,VW1C,330A 371A ,,R,D,B ,F ,T,N,N,50,0,0,0,1404661,4915994
Dunedin City,01/10/2014,Wed,800,QD,CW1,420A ,FJ,R,D,B ,F , , ,P,50,0,0,0,1404815,4915938
Dunedin City,09/01/2014,Thu,127,DC,ME2,112A 130A 632A ,FP,R,W,DO,L ,T,S,C,50,1,0,0,1404120,4915758
Dunedin City,11/12/2014,Thu,1809,EA,TN14,386A 818 831 ,M,E,D,O ,F ,T,G,C,50,0,0,0,1404112,4915802
Dunedin City,20/09/2014,Sat,1955,EE,VS1C,374B ,Q,R,D,DO,F ,T,N,C,50,0,0,0,1403950,4915101
Dunedin City,20/05/2014,Tue,850,NB,CN1E,383A 713B 717B 726B ,,R,D,O ,F , ,P,X,50,0,0,1,1404125,4915887
Dunedin City,19/07/2014,Sat,2135,DC,CS1,103A 335A 801 ,C,R,W,DO,L ,T,G,C,50,0,1,0,1402920,4912622
Dunedin City,03/07/2014,Thu,830,MO,BS1C,386A 930 ,M,R,I,O ,F ,D,N,C,50,0,0,0,1402792,4913668
Dunedin City,24/07/2014,Thu,2310,CC,CS1C,103A 129A ,,R,D,DO,F , ,N,N,50,0,0,1,1406774,4913970
Dunedin City,12/02/2014,Wed,1210,MD,CN1C,330B 371B 929 ,,R,D,O ,F ,D,N,C,50,0,0,0,1406922,4917677
Dunedin City,23/10/2014,Thu,129,EA,CW1C,103A 129A ,M,M,D,DO,F , , ,N,50,0,0,0,1408732,4915012
Dunedin City,22/04/2014,Tue,1100,MO,CE1C,371A ,M,R,D,B ,F , , ,C,50,0,0,0,1394170,4916545
Dunedin City,25/09/2014,Thu,845,HA,CW1C,301B 375B ,,R,D,O ,F ,X,S,C,50,0,0,0,1395821,4917287
Dunedin City,28/04/2014,Mon,,EA,CW1C,129A ,M,R,W,O ,L , ,N,N,50,0,0,0,1405593,4918294
Dunedin City,05/07/2014,Sat,1340,MO,CN1C,371A ,M,R,W,O ,F , , ,C,50,0,0,0,1406340,4917485
Dunedin City,12/12/2014,Fri,1335,PO,CS1E,383A ,,E,D,O ,F ,T,G,R,50,0,0,1,1406204,4917081
Dunedin City,24/06/2014,Tue,1640,AA,CS1C,372A 381A ,,R,D,TO,F , , ,C,50,0,0,0,1406267,4917279
Dunedin City,24/06/2014,Tue,910,MC,CS1C,372B 382B ,,R,D,O ,F , ,N,R,50,0,0,1,1406233,4917185
Dunedin City,08/02/2014,Sat,1540,NF,LE2E,307A ,,R,D,B ,F ,X,T,C,50,0,1,0,1406250,4917232
Dunedin City,08/10/2014,Wed,1630,BF,CN1C,111A 131A 813 ,,S,D,B ,F , , ,N,100,0,0,0,1401313,4923431
Dunedin City,24/08/2014,Sun,1510,BB,CN1C,129A ,,M,D,BN,F , ,N,C,80,0,0,2,1402206,4920491
Dunedin City,18/12/2014,Thu,730,HA,XS2V,302A 370A 191B ,,R,D,O ,F ,X,G,C,50,0,0,0,1405286,4912859
Dunedin City,07/11/2014,Fri,1630,MO,VS1C,371A ,M,R,D,B ,F ,X,G,C,50,0,0,0,1405105,4913229
Dunedin City,30/03/2014,Sun,2035,ND,4S1K,370A 724B ,,R,D,DO,F ,T,G,C,50,0,0,1,1405096,4913630
Dunedin City,20/12/2014,Sat,2130,FB,CS1C,101A 181A 331A ,,R,D,OO,F ,X,S,C,50,0,0,1,1405340,4912774
Dunedin City,01/10/2014,Wed,2315,DA,CW2,103A 131A 402A ,P,R,D,DO,F ,T,N,N,50,0,0,1,1404579,4915107
Dunedin City,21/03/2014,Fri,1745,MF,CS1C,371B ,,R,D,BF,F , ,N,C,50,0,0,0,1407354,4917806
Dunedin City,10/08/2014,Sun,10,HA,CN1C,302A 335A 375A ,,R,D,DO,F ,X,G,C,50,0,4,2,1407344,4917778
Dunedin City,18/11/2014,Tue,750,NG,XE1E,371A ,,R,D,BF,F , ,N,C,50,0,0,1,1406531,4917598
Dunedin City,10/09/2014,Wed,845,AC,CW1C,372A ,,R,D,OF,F , ,N,C,50,0,0,0,1406644,4917557
Dunedin City,18/12/2014,Thu,755,BB,PE1M,124A 137B ,,E,D,O ,F ,T,G,P,50,0,0,1,,
Dunedin City,11/04/2014,Fri,830,MC,4E1C,197A 193B 381B 386B ,,E,D,B ,F , , ,P,50,0,0,1,1406501,4916373
Dunedin City,18/10/2014,Sat,1915,CC,CW1C,112A 130A ,M,R,W,BF,F , ,N,N,50,0,0,0,1405505,4917978
Dunedin City,18/06/2014,Wed,1625,DB,VS1,111A 330A ,C,M,D,TN,F , ,N,C,100,0,0,1,1385979,4923164
Dunedin City,30/08/2014,Sat,121,DB,4W2C,103A 133A 322A ,M,S,D,DO,F ,T,T,C,50,0,0,0,1406587,4917814
Dunedin City,04/06/2014,Wed,820,DA,TN1C,131A 802 ,K,M,I,DO,F , , ,C,50,0,0,0,1407090,4919115
Dunedin City,02/04/2014,Wed,735,AA,TN1C,129A 184A 129B 184B ,,R,D,O ,F ,X,T,C,50,0,0,0,1406960,4918856
Dunedin City,29/07/2014,Tue,2100,MC,PN1C,372B ,,R,D,DO,F ,T,G,C,50,0,0,1,1406810,4918440
Dunedin City,02/05/2014,Fri,1422,PA,BS1E,722B ,,R,D,O ,F , , ,C,50,0,0,1,1406517,4917619
Dunedin City,16/10/2014,Thu,1825,EA,CN1C,386A ,M,R,D,B ,F , ,N,C,50,0,0,0,1406447,4917425
Dunedin City,22/02/2014,Sat,135,NA,CS1E,112A 352A 370A ,,R,D,DO,F , , ,C,50,0,0,1,1406344,4917134
Dunedin City,10/08/2014,Sun,100,MG,CN14,350B 371B ,,R,D,DO,F ,M,T,C,30,0,0,0,1406512,4917605
Dunedin City,07/03/2014,Fri,1312,FD,CN14,150A 181A 353A ,,R,D,B ,F , ,N,C,50,0,0,0,1406517,4917619
Dunedin City,18/09/2014,Thu,1650,AC,BN1S,372A 190B 330B 801 ,,R,W,O ,L ,X,T,C,30,0,0,0,1406367,4917199
Dunedin City,31/08/2014,Sun,1645,NA,CN1E,711B ,,R,D,O ,F , , ,C,30,0,0,0,1406397,4917284
Dunedin City,23/09/2014,Tue,812,GA,SN1C,333A 930 ,,R,D,O ,F ,D, ,C,50,0,0,0,1406924,4918760
Dunedin City,10/10/2014,Fri,2015,FD,VN1CC,181A 331A 633A 901 ,,R,W,DO,H , , ,C,50,0,0,1,1407021,4919025
Dunedin City,14/07/2014,Mon,1450,CB,TE1,129A 818 ,,R,D,BF,F , ,N,C,50,0,0,1,1395411,4915544
Dunedin City,29/05/2014,Thu,1554,MO,CW1C,357A 512A 357B 512B 801 ,,R,W,O ,L , , ,C,50,0,0,0,1394687,4915217
Dunedin City,01/10/2014,Wed,1500,EA,CS1CC,129A 504A ,M,R,D,B ,F ,T,N,C,50,0,0,0,1405080,4915123
Dunedin City,21/09/2014,Sun,1315,HA,CW2C,302B 354B ,,R,W,O ,L ,X,G,C,50,0,0,0,1404411,4915204
Dunedin City,07/12/2014,Sun,1815,KA,CS1C,301B 370B ,,R,D,O ,F ,X,S,C,50,0,0,0,1404544,4915646
Dunedin City,20/07/2014,Sun,1005,HA,4W1C,302B 375B 404B ,P,R,D,O ,F ,X,G,C,50,0,0,0,1406012,4915625
Dunedin City,06/02/2014,Thu,2203,CB,CN1C,103A 410A ,M,R,D,DN,F , ,N,N,50,0,0,0,1404642,4916644
Dunedin City,04/02/2014,Tue,1405,MF,CN1C,371B ,,R,D,BF,F , ,N,C,50,0,0,0,1406642,4917611
Dunedin City,13/10/2014,Mon,1505,PC,4N1E,330A 371A 730B 929 ,,R,D,B ,F ,D,N,N,50,0,1,0,1406662,4917668
Dunedin City,11/09/2014,Thu,1504,MO,CS1C,371A ,M,R,D,B ,F , , ,C,50,0,0,0,1406612,4917526
Dunedin City,15/07/2014,Tue,1615,AA,CN1C,372A ,,R,W,TF,M , , ,C,50,0,0,0,1406608,4917517
Dunedin City,08/05/2014,Thu,1545,DB,CS1C,385A 930 ,M,E,D,OF,F ,D,N,C,50,0,0,0,1406446,4917062
Dunedin City,30/05/2014,Fri,1420,PC,CN1,376A 922 ,,R,D,B ,F ,D,N,C,50,0,0,1,1406667,4917681
Dunedin City,18/12/2014,Thu,1619,EE,SN1V,374B ,M,E,D,O ,F , , ,C,50,0,1,0,1407339,4919030
Dunedin City,07/04/2014,Mon,858,FE,CN1V,331A 904 ,,R,W,O ,M ,X,T,C,50,0,0,1,1407380,4919059
Dunedin City,16/03/2014,Sun,1347,DB,CN1,131A ,V,M,W,ON,H , ,N,C,80,0,0,1,1401306,4918299
Dunedin City,01/11/2014,Sat,424,DA,CN1,129A 131A 929 ,E,E,D,DF,F ,D,N,N,50,0,0,0,1413037,4923905
Dunedin City,19/03/2014,Wed,1915,MO,CN1,131A 804 ,X,E,W,TN,F , , ,N,50,0,0,0,1412865,4924085
Dunedin City,31/07/2014,Thu,1925,LB,CE1C,303B ,,R,D,TO,F ,X,T,C,50,0,0,0,1406550,4917356
Dunedin City,16/04/2014,Wed,1345,HA,CN2C,301A 377A 839 ,,R,D,OF,F ,X,S,C,50,0,0,1,1406962,4917208
Dunedin City,05/06/2014,Thu,1708,HA,CS2C,301A ,,R,D,TO,F ,X,S,C,50,0,0,0,1406962,4917208
Dunedin City,30/07/2014,Wed,1835,HA,CN2C,301A 375A ,,R,D,DO,F ,X,S,C,50,0,0,1,1406962,4917208
Dunedin City,13/08/2014,Wed,1700,MA,CN1CC,181A ,MM,R,D,DO,F , ,N,C,50,0,0,0,1407537,4917964
Dunedin City,23/12/2014,Tue,1715,EA,VW14,129A ,M,R,D,B ,F , , ,C,50,0,0,0,1417678,4921104
Dunedin City,16/08/2014,Sat,1710,BC,CN1V,129A 363A 902 ,,E,D,BN,F ,T,N,C,70,0,0,0,1419205,4922188
Dunedin City,14/02/2014,Fri,745,DA,CS1,131A 404A ,C,M,W,ON,F , ,N,C,80,0,0,0,1423315,4926945
Dunedin City,31/05/2014,Sat,2345,DB,4W1,195A ,FP,E,D,DN,F , , ,C,80,0,0,0,1420342,4923675
Dunedin City,06/01/2014,Mon,1530,JA,CW1C,308B 375B 926 ,,R,D,O ,F ,D,N,C,50,0,0,0,1394268,4916780
Dunedin City,27/11/2014,Thu,1730,AO,4E1C,158A 386A ,,R,D,B ,F ,T,G,N,50,0,0,0,1394093,4916703
Dunedin City,14/12/2014,Sun,1244,DA,CW1,103A 131A ,ET,E,D,B ,F ,T,G,C,50,0,0,0,1404723,4916201
Dunedin City,13/05/2014,Tue,1900,JA,CE14,301B 375B ,,M,W,DO,F ,M,S,C,50,0,0,0,1404899,4916210
Dunedin City,11/10/2014,Sat,1330,CB,CN1,102A 405A 407A 423A ,S,R,D,O ,F ,T,S,C,50,0,0,0,1405227,4914318
Dunedin City,08/04/2014,Tue,1535,EA,CN1C,110A 503A ,M,R,W,O ,F , ,N,C,50,0,0,0,1404302,4918826
Dunedin City,26/08/2014,Tue,920,DB,CW1,131A 195A ,V,M,D,O ,F , ,N,C,100,0,0,1,1380647,4904401
Dunedin City,19/07/2014,Sat,1340,DA,CN1,110A 135A 805 ,C,M,W,O ,F ,T,N,C,100,0,0,0,1379578,4903650
Dunedin City,02/06/2014,Mon,1750,DC,CS2,130A 335A 904 ,C,R,W,DN,M ,T,N,C,100,0,1,1,1379487,4904962
Dunedin City,19/09/2014,Fri,2020,FA,CE1C,181A ,,R,W,DO,L , ,G,N,100,0,0,0,1379726,4904762
Dunedin City,08/04/2014,Tue,2125,MO,CE1C,101A 386A 402A ,M,R,D,DO,F , , ,C,50,0,0,0,1406019,4916439
Dunedin City,13/10/2014,Mon,1715,EA,CE14,386A ,M,R,D,B ,F , ,N,C,50,0,0,0,1405974,4916417
Dunedin City,03/08/2014,Sun,615,EA,CN1C,129A 410A ,M,R,D,DO,F , ,N,C,50,0,0,0,1394868,4916341