TLANAME,CRASHDATE,CRASHDOW,CRASHTIME,MVMT,VEHICLES,CAUSES,OBJECTSSTRUCK,ROADCURVE,ROADWET,LIGHT,WTHRa,JUNCTYPE,TRAFCTRL,ROADMARK,SPDLIM,CRASHFATALCNT,CRASHSEVCNT,CRASHMINCNT,EASTING,NORTHING
Dunedin City,28/02/2014,Fri,845,LB,CS14,303B 375B ,,R,W,OF,H ,X,S,R,50,0,0,0,1394827,4916432
Dunedin City,10/12/2014,Wed,1950,EA,CS1C,102A 129A 359A 410A ,M,E,D,TF,F , , ,C,50,0,0,1,1395026,4915976
Dunedin City,15/04/2014,Tue,1445,HA,CW1C,302B ,,R,W,O ,L ,X,G,C,50,0,0,0,1405237,4916069
Dunedin City,30/08/2014,Sat,925,AO,VE1S,129A 330A ,,R,D,B ,F , , ,C,80,0,0,0,1414050,4916227
Dunedin City,30/03/2014,Sun,1940,EA,SS1C,130A 501A ,M,R,D,TF,F , ,N,C,50,0,1,0,1409011,4914775
Dunedin City,17/01/2014,Fri,1720,BF,MS14,129A 131A 352A ,,S,W,O ,LS, , ,N,80,0,0,1,1416233,4916882
Dunedin City,24/05/2014,Sat,715,DB,CE1,131A 802 ,C,M,I,DN,F , , ,C,70,0,1,0,1416134,4916886
Dunedin City,13/12/2014,Sat,1725,EA,CS1C,129A 410A ,M,E,D,B ,F , , ,P,50,0,0,0,1405775,4918576
Dunedin City,06/11/2014,Thu,815,FC,4S1C,181A 330A ,,R,D,O ,F ,R,G,N,50,0,0,1,1405216,4917658
Dunedin City,26/09/2014,Fri,2324,PF,CE1CE,357A 512A ,M,R,D,DO,F , ,N,C,50,0,1,0,1406153,4914919
Dunedin City,20/03/2014,Thu,1335,NB,CS1EE,194A 710B 719B 710C 719C ,,R,D,B ,F , , ,C,50,0,0,2,1406086,4914876
Dunedin City,31/07/2014,Thu,1155,MB,CW1X,372B ,,R,D,B ,F ,T,N,C,50,0,0,0,1406023,4914836
Dunedin City,31/01/2014,Fri,1525,FE,CW1C,181A ,,R,D,OF,F ,T,T,C,50,0,0,0,1406014,4914830
Dunedin City,09/06/2014,Mon,945,HA,CW1C,322B ,,R,W,OF,L ,X,T,C,50,0,0,0,1405397,4914438
Dunedin City,29/03/2014,Sat,1640,HA,CS2C,322B 334B ,,R,D,O ,F ,X,T,C,50,0,0,2,1405397,4914438
Dunedin City,03/09/2014,Wed,1503,FC,CW1CC,331A 181B ,,R,D,B ,F ,T,N,P,50,0,0,4,1405003,4914189
Dunedin City,14/03/2014,Fri,1205,MA,CE1C,373B ,,R,D,B ,F , , ,P,50,0,0,0,1405781,4914682
Dunedin City,23/08/2014,Sat,1648,MO,VW1C,371A ,,R,D,O ,F , , ,C,50,0,0,0,1405884,4914748
Dunedin City,07/02/2014,Fri,1400,FE,CN1C,130A 412A ,,R,D,B ,F ,X,T,C,50,0,0,2,1405918,4914769
Dunedin City,01/03/2014,Sat,1130,FD,VE1CC,181A 352A 181B ,,R,D,O ,F ,T,G,C,50,0,0,3,1405294,4914373
Dunedin City,06/08/2014,Wed,815,FD,CE1C,331A 363A 902 ,,R,D,B ,F , , ,C,50,0,0,1,1405273,4914359
Dunedin City,24/02/2014,Mon,1428,NA,CS1E,306A 376A ,,R,D,B ,F ,X,S,X,50,0,0,1,1404960,4914161
Dunedin City,16/12/2014,Tue,1435,NG,CN1E,330A 371A 927 ,,R,D,B ,F ,D, ,C,50,0,0,1,1405490,4914498
Dunedin City,09/08/2014,Sat,1420,FB,CN1V,331A 352A ,,R,D,B ,F ,X,G,C,50,0,0,0,1405834,4916218
Dunedin City,31/08/2014,Sun,1520,HA,CN2V,321A 330A ,,R,D,B ,F ,X,S,N,50,0,0,1,1394231,4915625
Dunedin City,25/10/2014,Sat,1100,EA,CW1C,129A ,M,R,D,BF,F , ,N,N,50,0,0,0,1405391,4913257
Dunedin City,25/04/2014,Fri,1045,JA,CS1C,302A 350A 801 ,,E,W,O ,L ,T,G,C,50,0,0,1,1404289,4912665
Dunedin City,24/02/2014,Mon,920,QD,CS1,428A ,FH,R,D,BF,F , ,N,N,50,0,0,0,1408870,4914841
Dunedin City,18/08/2014,Mon,1052,KB,CE1C,308B 363B 375B 902 930 ,,R,D,BF,F ,D,N,C,50,0,0,0,1405997,4915943
Dunedin City,30/07/2014,Wed,820,HA,CN2V,302A 375A ,,R,D,B ,F ,X,G,C,50,0,0,0,1406132,4915960
Dunedin City,24/03/2014,Mon,1915,KA,MS1V,308B 330B 930 ,,M,D,DF,F ,D,N,C,50,0,0,0,1406883,4913318
Dunedin City,10/04/2014,Thu,1200,MC,CS1C,372B ,,R,D,O ,F , , ,C,50,0,0,0,1406863,4913352
Dunedin City,30/08/2014,Sat,1425,LB,CW1V,302A 375A ,,M,D,B ,F ,T,G,C,50,0,0,1,1404353,4916319
Dunedin City,17/04/2014,Thu,1630,MA,CS14,373B ,,R,D,TF,F , ,N,C,50,0,0,1,1403111,4915168
Dunedin City,07/08/2014,Thu,1511,FA,CN1C,331A 358A ,,R,D,B ,F , , ,R,50,0,0,0,1403444,4915827
Dunedin City,19/01/2014,Sun,1744,CC,CN1,410A ,T,R,W,OF,L , ,N,R,50,0,0,1,1403351,4915685
Dunedin City,11/06/2014,Wed,1700,NG,CS1E,383A 715B 927 ,,R,D,TO,F ,D, ,R,50,0,0,1,1403120,4915190
Dunedin City,10/11/2014,Mon,1110,MC,CN1C,372B ,,R,D,B ,F , ,N,C,50,0,0,0,1403037,4915009
Dunedin City,31/07/2014,Thu,1305,JA,4N1C,308B 375B 926 ,,R,D,B ,F ,D,N,R,50,0,0,1,1403832,4916963
Dunedin City,10/12/2014,Wed,1900,JA,CE1C,302B 375B ,,R,D,O ,F ,T,G,C,50,0,0,0,1404438,4917603
Dunedin City,23/12/2014,Tue,1724,FA,CW1C,181A 331A 357B ,,R,D,B ,F ,T,G,C,50,0,0,0,1404291,4917539
Dunedin City,20/02/2014,Thu,1726,QD,CS1,428A 611A ,F,R,D,B ,F ,T,G,C,50,0,0,0,1403911,4917146
Dunedin City,11/02/2014,Tue,940,FE,CE1C,181A 358A ,,R,D,B ,F ,T,T,C,50,0,0,0,1404738,4917725
Dunedin City,22/07/2014,Tue,1600,FB,CN1C,181A 331A ,,R,D,O ,F ,R,G,R,50,0,0,0,1403793,4916804
Dunedin City,21/09/2014,Sun,50,DB,CS14,111A 131A ,M,R,W,DO,L ,R,G,R,50,0,0,0,1403789,4916818
Dunedin City,09/06/2014,Mon,1945,FC,CE1C,331A ,,R,W,DN,L , , ,X,50,0,0,0,1404893,4917769
Dunedin City,27/04/2014,Sun,1110,CA,CE1,103A ,ST,R,D,BN,F , ,N,R,50,0,0,0,1404893,4917769
Dunedin City,11/07/2014,Fri,1953,CC,VS14C,112A 130A 504A ,P,R,D,DO,F , , ,C,50,0,0,0,1404169,4916720
Dunedin City,31/05/2014,Sat,1540,JA,CS1C,301B 377B 902 ,,R,D,B ,F ,T,S,C,50,0,0,0,1403950,4915908
Dunedin City,14/12/2014,Sun,1550,KB,MN1C,302B ,,R,D,B ,F ,T,G,C,50,0,0,2,1404117,4916115
Dunedin City,27/07/2014,Sun,1330,KB,CN1C,302B 375B ,,S,W,OF,L ,T,G,R,50,0,0,1,1404117,4916115
Dunedin City,24/06/2014,Tue,1745,LB,CS1S,302A 375A ,,R,D,DO,F ,R,G,R,50,0,1,0,1404187,4916360
Dunedin City,25/10/2014,Sat,1222,KB,CS1C,302B ,,R,D,B ,F ,X,G,C,50,0,0,0,1404087,4916656
Dunedin City,12/01/2014,Sun,1435,BF,CS1C,131A 420A 901 ,,E,W,OF,H , , ,C,50,0,0,0,1403708,4915604
Dunedin City,01/07/2014,Tue,1430,HA,CS1C,302A 375A ,,E,D,OF,F ,R,G,R,50,0,0,0,1404187,4916360
Dunedin City,16/12/2014,Tue,1530,EC,CN1,386A ,X,R,D,B ,F , , ,N,20,0,0,0,1395499,4916461
Dunedin City,05/12/2014,Fri,1855,DB,CS1,103A 131A ,K,E,D,B ,F ,T,S,C,50,0,0,0,1405708,4915102
Dunedin City,28/04/2014,Mon,1120,KA,CS1C,302B 375B ,,R,D,O ,F ,T,G,P,50,0,0,0,1405873,4914841
Dunedin City,23/09/2014,Tue,1715,JA,CS1C,302B 314B 377B ,,R,D,OF,F ,T,G,C,50,0,0,0,1405873,4914841
Dunedin City,18/01/2014,Sat,930,AA,CN1C,372A ,,E,D,O ,F ,X,T,C,50,0,0,0,1405924,4914761
Dunedin City,20/01/2014,Mon,930,EA,CS1C,386A ,M,R,D,O ,F , , ,P,50,0,0,0,1405945,4914727
Dunedin City,04/06/2014,Wed,1430,FD,4N1C,181A ,,R,D,BF,F , ,N,C,50,0,0,1,1406182,4914356
Dunedin City,15/01/2014,Wed,1550,FC,CN1C,181A ,,R,D,O ,F , , ,X,50,0,0,0,1406217,4914301
Dunedin City,11/02/2014,Tue,2158,HA,CE2S,113A 534B ,,R,W,DO,M ,X,G,C,50,0,1,0,1406209,4914313
Dunedin City,21/05/2014,Wed,1255,HA,CS1C,302A 375A ,,R,D,O ,F ,X,G,C,50,0,0,0,1406209,4914313
Dunedin City,20/07/2014,Sun,10,KB,CN1C,301B 375B ,,R,W,DO,F ,T,S,C,50,0,0,0,1406572,4918708
Dunedin City,22/11/2014,Sat,2240,DA,4N1,103A 131A 358A ,T,M,D,DO,F , ,N,C,50,0,0,0,1406632,4918477
Dunedin City,16/03/2014,Sun,1840,CB,CS1,110A 135A 801 806 ,K,R,W,O ,L ,T,N,C,50,0,0,0,1408004,4915085
Dunedin City,06/02/2014,Thu,1500,AO,CN1C,385A ,,R,W,OF,L , ,N,N,50,0,0,0,1404486,4916041
Dunedin City,28/08/2014,Thu,1350,LB,CN1C,303B 375B ,,R,D,O ,F ,X,S,C,50,0,0,0,1404489,4916056
Dunedin City,20/03/2014,Thu,1627,BF,CW1S,121A 330A ,,S,D,B ,F , , ,C,50,0,1,0,1405066,4914948
Dunedin City,18/02/2014,Tue,1520,BC,CN1C,121A ,,S,D,BF,F , ,N,N,50,0,0,0,1405012,4915040
Dunedin City,05/04/2014,Sat,1000,DA,CE1,110A 131A 901 ,P,M,W,O ,H , , ,C,50,0,0,0,1405062,4914948
Dunedin City,27/09/2014,Sat,545,DB,CN1,103A 111A 131A ,C,S,D,TN,F ,T,N,N,100,0,0,0,1381243,4913075
Dunedin City,09/03/2014,Sun,2000,MA,CS1C,372B ,,E,D,O ,F , ,N,C,50,0,0,0,1406384,4917545
Dunedin City,11/09/2014,Thu,1055,MD,CW1CC,371B 377B 839 929 ,X,R,D,B ,F ,D, ,C,50,0,0,0,1406402,4917554
Dunedin City,29/08/2014,Fri,1710,LB,CE1C,303B ,,R,D,O ,F ,X,T,C,50,0,0,0,1405767,4917252
Dunedin City,14/11/2014,Fri,1705,EA,CN1C,386A ,M,R,D,B ,F , ,N,N,50,0,0,0,1405168,4914270
Dunedin City,12/11/2014,Wed,1605,JA,CN1C,309B 375B ,,R,D,B ,F ,T,N,N,50,0,0,0,1405546,4918522
Dunedin City,21/11/2014,Fri,1540,MD,CW1C,371B 929 ,,R,W,OF,L ,T,G,C,50,0,0,0,1405934,4914299
Dunedin City,15/04/2014,Tue,1756,FD,CW1C,331A 832 ,,R,W,DO,L , ,N,C,50,0,0,0,1406120,4914416
Dunedin City,28/12/2014,Sun,1725,KB,CE1C,302B 375B ,,R,D,B ,F ,T,G,N,50,0,0,0,1405598,4914081
Dunedin City,21/05/2014,Wed,1711,HA,CS2C,302A 375A ,,R,D,O ,F ,X,G,C,50,0,0,0,1405187,4913822
Dunedin City,16/08/2014,Sat,1600,LB,CW1C,303B ,,R,D,B ,F ,X,S,C,50,0,0,0,1405187,4913822
Dunedin City,15/01/2014,Wed,1219,MD,CE14,371B 929 ,,R,D,B ,F ,D,N,C,50,0,0,0,1405769,4914191
Dunedin City,20/11/2014,Thu,1305,MB,CW1C,372B ,,M,W,OF,L , ,N,C,50,0,0,1,1405958,4916543
Dunedin City,08/03/2014,Sat,1548,FA,CE1C,181A 331A ,,R,D,O ,F , ,N,C,50,0,0,0,1404440,4916064
Dunedin City,06/09/2014,Sat,430,DA,CN2,103A 111A 131A ,KS,S,D,DO,F ,X,S,C,50,0,0,0,1404489,4916056
Dunedin City,15/04/2014,Tue,1900,MA,PE1C,330B 373B ,,E,W,DO,F , ,N,C,50,0,0,1,1400940,4913629
Dunedin City,12/04/2014,Sat,1831,JA,CW1C,103A 110A 301B 382B 801 ,,E,W,DO,L ,T,S,C,50,0,0,0,1400847,4913662
Dunedin City,05/05/2014,Mon,1644,FC,CW14,104A 331A 353A 402A ,,R,D,B ,F ,X,S,C,50,0,1,1,1401126,4913627
Dunedin City,19/01/2014,Sun,1115,FD,CN1M,181A ,,E,D,OF,F ,T,G,R,50,0,0,1,1402539,4913966
Dunedin City,26/02/2014,Wed,743,FC,CE1C,331A 363A 902 ,,R,D,BF,F ,T,G,X,50,0,0,1,1401464,4913675
Dunedin City,13/01/2014,Mon,1432,FC,VW14,181A 331A 350A ,,R,D,O ,F , , ,X,50,0,0,0,1401439,4913679
Dunedin City,01/01/2014,Wed,1740,CC,CE1,504A ,ST,R,W,OF,L ,T,G,N,50,0,0,1,1402525,4913952
Dunedin City,07/02/2014,Fri,1505,QD,CN1V,527A ,FM,R,D,BF,F , ,N,N,50,0,0,0,1418481,4948205
Dunedin City,20/11/2014,Thu,810,EA,CS1CV,331A 351A ,MM,E,D,ON,F , ,N,C,50,0,0,0,1406384,4920045
Dunedin City,21/11/2014,Fri,1040,FE,4E1M,420A ,,R,D,BF,F ,T,T,C,50,0,0,1,1406054,4916316
Dunedin City,19/08/2014,Tue,715,DA,CN1,103A 110A 131A 802 ,C,M,I,O ,FF, , ,C,50,0,0,2,1405158,4916597
Dunedin City,23/10/2014,Thu,1350,DA,TW1,111A 353A 410A ,P,M,D,B ,F ,X,S,N,50,0,0,2,1404914,4916211
Dunedin City,12/06/2014,Thu,600,FB,CE1C,181A ,,R,D,DO,F ,T,G,C,50,0,0,0,1407714,4915105
Dunedin City,13/09/2014,Sat,2335,CB,4W1,103A 130A ,,R,D,DF,F , , ,N,80,0,0,1,1419154,4946533
Dunedin City,20/03/2014,Thu,1719,DB,CE1,139A ,C,M,D,B ,F , , ,N,100,0,0,0,1375431,4907826
Dunedin City,21/05/2014,Wed,1345,EE,CN1C,330B 374B ,M,R,D,B ,F , ,N,N,50,0,0,0,1404982,4915842
Dunedin City,31/12/2014,Wed,1454,DA,CS1,111A 131A 138A 812 ,C,M,D,B ,F ,T,N,N,100,0,0,0,1414870,4947932
Dunedin City,15/03/2014,Sat,1900,BD,4W14,818,,M,D,TN,F , ,N,N,100,0,0,0,1393097,4908439
Dunedin City,28/03/2014,Fri,1810,JA,CW1C,308B 375B 929 ,,R,D,OF,F ,D,N,C,50,0,0,1,1409430,4915852
Dunedin City,25/04/2014,Fri,1525,EA,CE1C,101A 129A ,M,R,D,O ,F , , ,N,50,0,0,0,1405961,4914156
Dunedin City,08/12/2014,Mon,1810,MA,4E1C,371B ,H,R,D,O ,F ,T,N,C,50,0,0,2,1404153,4913013
Dunedin City,04/04/2014,Fri,755,BB,CW1C,124A ,,M,D,B ,F ,T,N,N,50,0,0,0,1404558,4913353
Dunedin City,11/08/2014,Mon,1715,FD,CN14,181A 331A 350A ,,R,D,O ,F , , ,C,50,0,0,0,1406853,4914972
Dunedin City,27/12/2014,Sat,1407,HA,CE1C,302B 375B ,,R,D,ON,L ,X,G,C,50,0,0,0,1406564,4914728
Dunedin City,29/05/2014,Thu,1150,HA,CE1C,302B 801 ,,R,W,O ,L ,X,G,R,50,0,0,0,1406564,4914728
Dunedin City,03/12/2014,Wed,1608,HA,CE1C,302A 375A ,,R,D,B ,F ,X,G,C,50,0,1,1,1406564,4914728
Dunedin City,19/11/2014,Wed,2024,DB,CE1,131A 402A 500A ,FH,R,D,B ,F ,T,S,C,50,0,0,0,1406620,4913314
Dunedin City,06/03/2014,Thu,610,DB,40,131A 904 929 ,F,E,D,O ,M ,D,N,N,100,0,0,1,1383872,4955211
Dunedin City,19/05/2014,Mon,1750,JB,CE1C,302B 402B ,,E,D,TO,F ,T,G,R,50,0,0,0,1406271,4916734
Dunedin City,10/12/2014,Wed,1355,NB,CW1,355A 377A 710B ,,E,D,O ,F ,T,G,P,30,0,0,1,1406211,4917077
Dunedin City,10/07/2014,Thu,1650,EA,CE1C,386A ,M,E,D,O ,F ,T,N,C,30,0,0,0,1406211,4917077
Dunedin City,11/07/2014,Fri,1230,GA,CN14,181A 357A ,,E,D,O ,F ,T,G,C,50,0,0,0,1406206,4917076
Dunedin City,11/12/2014,Thu,1130,MO,4W1X,371A ,,R,D,BF,F , ,N,C,50,0,0,0,1406330,4917054
Dunedin City,05/06/2014,Thu,1120,NE,VE1E,330A 376A 926 ,,E,W,O ,F ,D,N,C,30,1,0,0,1406354,4917046
Dunedin City,04/09/2014,Thu,1155,MO,CN1C,386A ,M,R,W,B ,F ,T,G,P,50,0,0,0,1406421,4916950
Dunedin City,20/09/2014,Sat,1800,EA,4S1C,129A ,M,E,D,BF,F , ,N,C,50,0,0,0,1406421,4916950
Dunedin City,15/08/2014,Fri,1800,EA,CS1C,129A ,M,E,D,DO,F , ,N,C,50,0,0,0,1406118,4916981
Dunedin City,21/01/2014,Tue,1317,CA,CS1CC,501A ,M,R,D,BF,F , ,N,C,50,0,0,0,1406422,4916877
Dunedin City,22/02/2014,Sat,2220,EA,CE1V,101A 386A ,M,R,D,DO,F , ,N,C,50,0,0,0,1403706,4915003
Dunedin City,09/11/2014,Sun,2100,DA,CE1,131A 801 ,EF,M,W,DN,L , , ,C,100,0,0,0,1396233,4913940
Dunedin City,21/02/2014,Fri,1600,CB,CW1C,133A 423A ,,R,D,BF,F ,R,G,R,50,0,0,0,1394927,4914681
Dunedin City,27/09/2014,Sat,2030,DB,CN1,103A 131A ,T,E,D,DO,F , , ,N,100,0,0,0,1394966,4914684
Dunedin City,14/08/2014,Thu,1658,DB,CS1,111A 131A ,C,E,I,ON,S , ,N,C,100,0,0,1,1411745,4925387
Dunedin City,07/06/2014,Sat,1715,DA,CS1,111A 131A ,H,M,W,DN,F , ,N,C,80,0,0,0,1401764,4915868
Dunedin City,22/07/2014,Tue,1610,BC,CS1C,122A ,,S,D,O ,F ,T,G,C,80,0,0,2,1402342,4915202
Dunedin City,14/05/2014,Wed,830,EA,CN1C,129A 363A 902 ,M,R,D,B ,F , ,N,N,50,0,0,1,1403360,4913301
Dunedin City,17/06/2014,Tue,719,KA,SW1C,302B 830 ,,R,D,DO,F ,T,G,C,50,0,0,1,1407985,4914506
Dunedin City,05/06/2014,Thu,850,JA,CE14,370A 308B 377B 839 929 ,,E,D,O ,F ,D,N,C,50,0,0,2,1407985,4914506
Dunedin City,01/10/2014,Wed,1100,MA,CS1C,373B 375B ,,E,D,BF,F , ,N,C,50,0,0,1,1407806,4914419
Dunedin City,04/03/2014,Tue,1725,FA,4E1C,357A 512A ,,E,D,O ,F , ,N,C,50,0,0,0,1407908,4914491
Dunedin City,09/01/2014,Thu,1255,AC,CW1V,159A 357A 505A ,,R,D,B ,F , , ,C,50,0,0,0,1407774,4914380
Dunedin City,06/02/2014,Thu,1730,GA,CN1C,181A 331A 927 ,,R,D,O ,F ,D, ,N,50,0,0,1,1404902,4917950
Dunedin City,21/08/2014,Thu,830,NA,CE1E,324A ,,R,W,OF,L ,X,T,C,50,0,0,0,1404793,4917866
Dunedin City,17/07/2014,Thu,1832,MG,CW1V,371B 671B 691B ,,R,D,DO,F ,T,N,N,50,0,0,0,1405046,4915683
Dunedin City,23/01/2014,Thu,915,EA,CW1C,386A ,M,R,D,O ,F , ,N,N,50,0,0,0,1400502,4913818
Dunedin City,13/01/2014,Mon,825,HA,CS2C,321A 335A 505A 801 ,,R,W,O ,L ,X,S,C,50,0,0,0,1406799,4914104
Dunedin City,13/09/2014,Sat,755,BC,CN1C,103A 121A 137B ,V,M,W,O ,F , ,N,C,50,0,2,3,1409298,4920455
Dunedin City,16/07/2014,Wed,115,DC,CN1,112A 321A ,C,R,D,DO,F ,T,S,C,50,0,0,0,1408427,4919883
Dunedin City,21/12/2014,Sun,1645,CB,CS1C,130A 158A 197A 800 ,M,R,W,O ,L ,T,G,C,50,0,0,1,1408731,4920108
Dunedin City,08/08/2014,Fri,2057,BA,CN1C,129A 358A ,,R,W,DO,L ,X,S,C,50,0,0,1,1407965,4919641
Dunedin City,06/10/2014,Mon,1555,MC,CS1C,372B 671B 801 ,,R,W,O ,L , , ,C,50,0,0,0,1407501,4919185
Dunedin City,21/11/2014,Fri,1510,FD,PN1V,181A ,,R,W,OF,L , ,N,C,50,0,0,1,1407522,4919207
Dunedin City,18/07/2014,Fri,915,MB,CN14,303B 375B ,,R,I,BF,F ,T,G,C,50,0,0,0,1407465,4919146
Dunedin City,20/08/2014,Wed,1525,FD,VN1C,181A 331A ,,R,D,B ,F , , ,C,50,0,0,0,1407797,4919488
Dunedin City,19/08/2014,Tue,1705,FA,CN1S,129A 363A 412A 902 ,,R,D,B ,F , , ,C,50,0,0,1,1407551,4919239
Dunedin City,20/03/2014,Thu,1055,MO,CW1,133A 423A ,BK,R,D,BF,F , ,N,C,50,0,0,0,1407412,4919091
Dunedin City,27/07/2014,Sun,1730,FD,CS1C,387A ,,R,D,OF,F , ,N,C,50,0,0,0,1407408,4919088
Dunedin City,09/11/2014,Sun,2140,BA,CS1C,129A 410A ,,R,W,DO,L , ,N,C,50,0,0,2,1407705,4919396
Dunedin City,24/09/2014,Wed,1715,NA,VW1E,191A 713B ,,R,D,O ,F ,T,G,C,50,0,1,0,1407858,4919552
Dunedin City,15/08/2014,Fri,1725,MC,CN1C,372B 671B ,,R,D,BF,F , ,N,C,50,0,0,0,1407837,4919530
Dunedin City,02/09/2014,Tue,938,EA,CS14,129A 361A ,M,R,D,BF,F ,T,G,C,50,0,0,1,1407854,4919549
Dunedin City,15/04/2014,Tue,1830,FE,CS1C,331A ,,R,W,TO,L , ,T,C,50,0,0,1,1407450,4919130
Dunedin City,20/03/2014,Thu,2020,NA,CS1E,713B ,,R,D,TO,F ,T,G,C,50,0,0,1,1408208,4919769
Dunedin City,02/03/2014,Sun,2305,DA,CE1,102A 110A ,F,M,W,DO,F ,T,G,C,50,0,0,0,1409190,4920493
Dunedin City,09/03/2014,Sun,435,CB,CS14,130A ,MX,R,D,DO,F , , ,N,50,0,0,0,1409720,4920909
Dunedin City,26/04/2014,Sat,1823,EA,CS1C,129A 818 ,M,R,D,O ,F , , ,N,50,0,0,0,1404686,4917518
Dunedin City,06/08/2014,Wed,1435,MO,CE1C,371A 386A 926 ,M,E,D,B ,F ,D,N,C,30,0,0,0,1406269,4916955
Dunedin City,23/08/2014,Sat,1925,MO,TS14,371A 386A ,M,E,D,DO,F , , ,N,30,0,0,0,1406216,4916898
Dunedin City,29/08/2014,Fri,1609,MO,VS1P,330A 386A ,M,R,D,B ,F , ,N,N,30,0,0,0,1406229,4916939
Dunedin City,25/04/2014,Fri,1700,DA,4S1,102A 131A ,,M,W,O ,L , , ,N,100,0,1,0,1365239,4937765
Dunedin City,24/12/2014,Wed,1300,MO,CE1C,386A ,M,E,D,B ,F , , ,C,50,0,0,0,1407583,4918987
Dunedin City,08/12/2014,Mon,1805,JA,CE1C,302B 375B ,,R,D,OF,F ,T,G,C,50,0,0,2,1407536,4919003
Dunedin City,31/07/2014,Thu,1530,KB,CS1C,308B 375B 927 ,,R,D,BF,F ,D, ,C,50,0,0,0,1406284,4915002
Dunedin City,19/11/2014,Wed,835,DB,VS1,131A 688A ,,M,W,O ,F ,T,N,C,50,0,0,0,1406798,4919583
Dunedin City,18/07/2014,Fri,800,EA,CN1V,129A ,M,E,D,B ,F , ,N,N,50,0,0,0,1403390,4913409
Dunedin City,18/09/2014,Thu,1111,MA,CN14,373B ,,R,D,B ,F , , ,C,50,0,0,1,1406746,4914863
Dunedin City,17/04/2014,Thu,1850,JA,CN2CC,113B 302B ,M,R,W,TO,L ,T,G,N,50,0,0,1,1406350,4914244
Dunedin City,21/08/2014,Thu,1930,HA,CW1C,301B ,,R,W,DO,F ,X,S,C,50,0,0,0,1406058,4914059
Dunedin City,26/06/2014,Thu,1305,GE,CN1V,151A 333A 929 ,,R,D,OF,F ,D,N,N,50,0,0,0,1405877,4913945
Dunedin City,20/05/2014,Tue,2209,DB,CW1C,386A 645A 904 ,M,M,W,DO,M , , ,N,50,0,0,0,1403550,4913950
Dunedin City,16/09/2014,Tue,755,EA,CE1C,386A ,M,R,D,B ,F , ,N,C,50,0,0,0,1400445,4914044
Dunedin City,10/01/2014,Fri,0,CA,CE1C,101A 130A ,M,R,D,DO,F , , ,N,50,0,1,0,1393341,4916300
Dunedin City,20/05/2014,Tue,800,DA,MS1,131A ,,M,D,OF,F ,T,G,C,50,0,1,0,1406745,4919644
Dunedin City,15/10/2014,Wed,1530,BB,CS1C,123A 404A ,,S,D,BN,F , ,N,N,100,0,0,0,1423087,4925239
Dunedin City,09/02/2014,Sun,150,DA,CE1,103A 135A 801 ,C,M,W,DO,L ,X,G,C,50,0,0,0,1406367,4917914
Dunedin City,18/07/2014,Fri,815,DA,CS1,135A 802 ,T,E,I,B ,F , , ,C,70,0,0,1,1416217,4920317
Dunedin City,13/03/2014,Thu,1955,DA,4S1,111A 131A ,ES,E,W,OF,L , ,N,C,50,0,0,1,1413742,4918998
Dunedin City,07/04/2014,Mon,2330,DA,CN1,131A 412A 801 ,S,S,W,DN,L , , ,C,50,0,0,1,1408088,4916080
Dunedin City,14/09/2014,Sun,1200,DA,CN1,111A 131A 402A 403A 801 ,KWZ,S,W,O ,L , , ,C,50,0,0,1,1408088,4916080
Dunedin City,05/04/2014,Sat,941,BF,CS1CC,111A 131A 404A 901 ,,S,W,O ,H , , ,C,50,0,0,1,1408088,4916080
Dunedin City,02/07/2014,Wed,1740,DA,CE1,131A 181A 801 ,EX,E,W,DN,L , , ,C,70,0,0,0,1409031,4916426
Dunedin City,03/11/2014,Mon,230,EC,VW1,821,X,S,W,DN,F , ,N,C,70,0,0,0,1411146,4916478
Dunedin City,05/02/2014,Wed,1200,DA,CE1,131A 901 ,C,M,W,OF,H , ,N,C,50,0,0,0,1412847,4917292
Dunedin City,27/05/2014,Tue,640,DA,CW1,135A 802 ,C,M,I,DN,FF, ,N,C,50,0,0,1,1409907,4916367
Dunedin City,19/11/2014,Wed,1940,BC,CW14,121A 358A ,DT,M,W,B ,F , ,N,C,100,0,0,0,1409712,4916385
Dunedin City,22/07/2014,Tue,822,CB,VE1C,110A 137A 197A 801 ,EZ,R,W,O ,L , , ,C,70,0,0,0,1408666,4916364
Dunedin City,13/11/2014,Thu,834,DA,CW1,111A 131A ,C,E,W,OF,F , ,N,C,50,0,0,1,1414579,4920012
Dunedin City,23/11/2014,Sun,1103,CA,SS1,130A 330A ,S,R,D,B ,F , ,N,C,50,0,1,0,1413602,4919131
Dunedin City,11/10/2014,Sat,30,MO,4N1,385A ,C,R,D,DO,F , ,N,C,50,0,0,0,1407842,4915472
Dunedin City,03/08/2014,Sun,1600,DA,ME2,129A ,,R,D,ON,F ,T,G,R,50,0,1,0,1407452,4914765
Dunedin City,20/05/2014,Tue,1203,HA,CE1S,300B 312B ,,M,D,BN,F ,T,G,R,50,0,0,1,1407452,4914765
Dunedin City,05/04/2014,Sat,1308,DB,CS1,135A 800 801 ,E,M,W,OF,L , , ,C,50,0,0,0,1413538,4919352
Dunedin City,21/12/2014,Sun,919,DA,CN1,131A 801 ,E,M,W,O ,L , , ,C,50,0,1,1,1413551,4919378
Dunedin City,13/01/2014,Mon,720,DA,CS1,131A 801 ,EL,E,W,O ,L , , ,C,70,0,0,0,1413753,4920137
Dunedin City,02/06/2014,Mon,1320,AC,CN1C,372A ,,R,D,BF,F , ,N,R,60,0,0,0,1407375,4914732
Dunedin City,01/09/2014,Mon,1545,GB,SW14,112B 132B 150B 192B 929 ,,R,D,B ,F ,D,N,C,50,0,1,0,1409121,4916416
Dunedin City,06/04/2014,Sun,325,DB,CE1,103A 111A 131A ,P,E,W,DO,F , ,N,C,50,0,0,1,1406990,4914958
Dunedin City,23/02/2014,Sun,208,CB,4S1,103A 130A 801 ,P,R,W,DO,L , , ,R,60,0,0,0,1406955,4914993
Dunedin City,19/08/2014,Tue,940,DA,4N2,363A 386A 902 ,P,R,D,B ,F ,T,T,R,50,0,0,1,1406534,4915487