TLANAME,CRASHDATE,CRASHDOW,CRASHTIME,MVMT,VEHICLES,CAUSES,OBJECTSSTRUCK,ROADCURVE,ROADWET,LIGHT,WTHRa,JUNCTYPE,TRAFCTRL,ROADMARK,SPDLIM,CRASHFATALCNT,CRASHSEVCNT,CRASHMINCNT,EASTING,NORTHING
Dunedin City,14/05/2014,Wed,1428,PC,CN1E,371A ,,R,D,O ,F ,X,T,C,50,0,0,0,1406999,4918606
Dunedin City,12/02/2014,Wed,430,MO,CN1C,371A 924 ,M,R,D,DO,  ,D,N,C,50,0,0,0,1406986,4918568
Dunedin City,15/06/2014,Sun,55,NA,XN1E,713B ,,R,D,DO,F , , ,C,50,0,1,0,1406983,4918559
Dunedin City,15/05/2014,Thu,1920,LB,4E1C,303B 387B ,,R,D,DO,F ,X,T,C,50,0,0,1,1407039,4918359
Dunedin City,14/08/2014,Thu,2030,HA,CS1C,322A ,,R,D,DO,F ,X,T,C,50,0,0,0,1407039,4918359
Dunedin City,12/03/2014,Wed,1555,NA,CS1E,711B ,,R,D,BF,F ,X,T,C,50,0,1,0,1407039,4918359
Dunedin City,22/05/2014,Thu,1244,HA,CN2C,132B 322B 500B ,,R,D,B ,F ,X,T,C,50,0,0,1,1406926,4918399
Dunedin City,07/07/2014,Mon,950,ND,CN1EE,307A 363A 902 ,,R,W,B ,F ,X,T,C,50,0,0,2,1406926,4918399
Dunedin City,16/04/2014,Wed,1330,HA,CE2C,322B ,,R,D,OF,F ,X,T,C,50,0,0,1,1406926,4918399
Dunedin City,07/05/2014,Wed,1700,FE,CN1CC,181A 420A 801 ,,R,W,O ,L ,X,T,C,50,0,0,1,1406922,4918390
Dunedin City,06/01/2014,Mon,1230,FA,CN1S,181A ,,R,D,O ,F , , ,C,50,0,0,1,1406909,4918352
Dunedin City,15/09/2014,Mon,655,MO,CS1C,386A ,M,R,D,O ,F , , ,C,50,0,0,0,1406998,4918244
Dunedin City,26/06/2014,Thu,1516,MA,CS1C,373B 375B ,,R,D,OF,F , ,N,C,50,0,0,0,1406984,4918206
Dunedin City,30/03/2014,Sun,640,CC,CN1C,103A 112A 130A 410A ,M,R,D,DO,F , , ,C,50,0,0,0,1406854,4918205
Dunedin City,07/10/2014,Tue,1200,NA,CW1E,711B ,,R,D,BF,F ,X,T,C,50,0,0,1,1406964,4918149
Dunedin City,05/03/2014,Wed,900,FD,CS1C,110A 181A ,,R,W,O ,F ,X,G,C,50,0,0,0,1406962,4918145
Dunedin City,12/11/2014,Wed,915,FD,MS1C,181A ,,R,D,OF,F , ,N,C,50,0,0,1,1406923,4918037
Dunedin City,20/03/2014,Thu,1100,NB,CS1E,713B ,,R,D,B ,F , ,N,N,50,0,0,0,1406906,4917988
Dunedin City,21/08/2014,Thu,1300,JO,CS1P,308B 377B 927 ,,R,D,BF,F ,D,N,C,50,0,0,1,1406897,4917965
Dunedin City,05/03/2014,Wed,858,CB,PS1,137A 197A ,,R,W,O ,F ,X,T,C,50,0,1,0,1406889,4917941
Dunedin City,21/03/2014,Fri,1330,MO,CN1C,371A ,M,R,D,B ,F , , ,C,50,0,0,0,1406884,4917927
Dunedin City,08/12/2014,Mon,1332,FD,CN1C4,181A 331A 353A ,,R,D,B ,F , , ,C,50,0,0,1,1406768,4917962
Dunedin City,07/07/2014,Mon,925,FE,CN14,331A ,,R,D,BF,F ,X,T,C,50,0,0,0,1406815,4917733
Dunedin City,20/07/2014,Sun,1940,HA,CW2T,322A 334A ,,R,D,DO,F ,X,T,C,50,0,0,0,1406815,4917733
Dunedin City,24/12/2014,Wed,844,QO,4N1,130A 668A ,X,R,D,B ,F ,X,T,C,50,0,0,0,1406700,4917773
Dunedin City,30/11/2014,Sun,1120,HA,CE2CC,324B ,M,R,D,O ,F ,X,T,C,50,0,0,0,1406700,4917773
Dunedin City,06/03/2014,Thu,1355,NB,CS1E,713B ,,R,D,B ,F , , ,C,50,0,0,0,1406845,4917580
Dunedin City,15/04/2014,Tue,1035,HA,CW2V,322A 334A ,,R,D,OF,F ,X,T,C,50,0,0,0,1406852,4917483
Dunedin City,26/11/2014,Wed,1210,FA,CW2M,357A 512A ,,R,D,BF,F ,X,T,C,50,0,0,1,1406852,4917483
Dunedin City,10/01/2014,Fri,825,NC,TS1E,370A 710B ,,E,D,O ,F ,X,T,C,50,0,1,0,1406852,4917483
Dunedin City,06/06/2014,Fri,1709,NF,CS1E,307A 376A 724B ,,R,D,DO,F ,X,T,C,50,0,0,1,1406852,4917483
Dunedin City,11/07/2014,Fri,1335,HA,4S1C,322B 334B 351B ,,R,D,O ,F ,X,T,C,50,0,0,0,1406852,4917483
Dunedin City,27/08/2014,Wed,745,AO,CE1S,357A 512A 357B ,,R,D,O ,F ,X,T,C,50,0,0,0,1406739,4917523
Dunedin City,04/10/2014,Sat,2336,HA,TN1C,322A 330A 197B ,,R,D,DO,F ,X,T,C,50,0,0,0,1406739,4917523
Dunedin City,31/10/2014,Fri,925,NB,CS1E,341A ,,R,D,BF,F , ,N,C,30,0,0,1,1406812,4917368
Dunedin City,02/05/2014,Fri,1545,FD,CS1CC,181A 331A ,,R,D,B ,F , , ,C,50,0,0,0,1406784,4917288
Dunedin City,15/03/2014,Sat,700,GF,BS14,158B 208B 387B ,,R,D,BF,F ,X,T,C,50,0,0,0,1406779,4917274
Dunedin City,20/12/2014,Sat,1234,HA,CW2C,113B 322B 334B ,,R,D,O ,F ,X,T,C,50,0,0,0,1406779,4917274
Dunedin City,18/12/2014,Thu,1445,FD,4S1CC,331A 358A ,,R,D,O ,F , , ,C,50,0,0,2,1406773,4917260
Dunedin City,22/01/2014,Wed,800,LB,CE1M,303B 375B ,,R,D,OF,F ,X,T,C,50,0,0,1,1406664,4917315
Dunedin City,12/11/2014,Wed,1710,FE,4N1C,331A 350A ,,R,D,OF,F ,X,T,C,50,0,0,1,1406664,4917315
Dunedin City,05/12/2014,Fri,1000,JA,SS14,204A 308B 926 ,,R,D,BF,F ,D,N,C,50,0,0,1,1406771,4917253
Dunedin City,18/06/2014,Wed,1545,ND,CS1,307A ,,R,D,O ,F ,X,T,C,50,0,0,0,1406703,4917065
Dunedin City,14/10/2014,Tue,1535,ND,CN2E,307A 376A ,,R,D,O ,F ,X,T,C,50,0,0,1,1406590,4917106
Dunedin City,23/06/2014,Mon,658,NF,CN2E,307A 376A 724B ,,R,D,DO,F ,X,T,C,50,0,1,0,1406590,4917106
Dunedin City,10/01/2014,Fri,1011,HA,CS1T,322B 334B ,,R,D,O ,F ,X,T,C,50,0,0,0,1406590,4917106
Dunedin City,31/08/2014,Sun,1615,PC,CN1,308A 370A 925 ,,R,D,O ,F ,D,N,C,50,0,0,0,1406556,4917012
Dunedin City,05/09/2014,Fri,630,CB,CS1,109A 505A ,KT,R,D,TO,F , , ,C,50,0,0,0,1406641,4916886
Dunedin City,05/12/2014,Fri,1640,FD,CS1C,181A ,,R,D,BF,F ,T,T,C,50,0,0,0,1406628,4916848
Dunedin City,12/04/2014,Sat,1245,FA,CS1C,181A 331A ,,R,D,O ,F , , ,C,50,0,0,0,1406614,4916803
Dunedin City,12/04/2014,Sat,1540,HA,CE2C,322A 130B 197B ,P,R,D,O ,F ,X,T,C,50,0,0,1,1406489,4916827
Dunedin City,30/08/2014,Sat,1925,FE,CE1C,181A ,,R,D,DO,F ,T,T,C,50,0,0,0,1406489,4916827
Dunedin City,04/03/2014,Tue,748,QG,TW1,665A ,G,R,W,O ,F ,T,N,C,50,0,0,0,1406596,4916746
Dunedin City,07/10/2014,Tue,1115,MA,CN1C,373B 671B ,,M,D,B ,F , , ,C,50,0,0,1,1406427,4916637
Dunedin City,07/02/2014,Fri,2225,HA,MS1C,322B 334B 357B 402B ,,R,D,DO,F ,T,T,C,50,0,1,0,1406340,4916590
Dunedin City,25/04/2014,Fri,830,HA,CS1M,322A 350A 370A 197B ,,R,D,B ,F ,M,T,C,50,0,1,0,1406330,4916585
Dunedin City,04/06/2014,Wed,1150,AC,CS1C,372A ,,E,D,B ,F , , ,C,50,0,0,0,1406401,4916557
Dunedin City,16/07/2014,Wed,1235,HA,VS1C,322A 334A ,,R,W,O ,F ,X,T,C,50,0,0,0,1406361,4916451
Dunedin City,17/01/2014,Fri,1910,HA,CE2C,322B ,,R,D,OF,F ,X,T,C,50,0,0,1,1406248,4916488
Dunedin City,04/05/2014,Sun,546,HA,CN1C,103B 322B 817 904 ,GH,R,D,DO,M ,X,T,R,50,0,1,0,1406248,4916488
Dunedin City,23/08/2014,Sat,1407,HA,CN1M,322A 352A ,,R,D,O ,F ,X,T,C,50,0,1,0,1406248,4916488
Dunedin City,16/09/2014,Tue,1445,LB,CE2C,303B 375B ,,S,D,B ,F ,X,T,R,50,0,0,1,1406248,4916488
Dunedin City,13/11/2014,Thu,1545,FD,CN1C,181A 331A ,,R,D,OF,F ,M,T,C,50,0,0,0,1406246,4916483
Dunedin City,22/02/2014,Sat,840,FA,CS1C,130A 504A ,,R,D,B ,F , ,N,C,50,0,0,0,1406337,4916385
Dunedin City,13/01/2014,Mon,1230,FD,CN1CC,181A 181B ,,R,D,B ,F , , ,C,50,0,0,0,1406184,4916315
Dunedin City,04/04/2014,Fri,855,FD,CN1CV,331A 350A ,,R,D,BF,F , ,N,C,50,0,0,1,1406181,4916306
Dunedin City,01/06/2014,Sun,1345,HA,CN1C,197A 322A ,,R,D,O ,F ,X,T,R,50,0,0,0,1406167,4916268
Dunedin City,14/05/2014,Wed,755,FA,CS1C,181A ,,E,D,B ,F ,X,G,C,50,0,0,0,1406167,4916268
Dunedin City,20/01/2014,Mon,1000,AC,VN1S,372A ,,R,D,BF,F ,X,T,C,50,0,0,1,1406167,4916268
Dunedin City,07/04/2014,Mon,1312,NF,CN1E,370A 711B 732B 801 904 ,,S,W,O ,M ,X,T,C,50,0,0,1,1406167,4916268
Dunedin City,01/12/2014,Mon,1211,FO,CN1C,130A 427A ,,R,D,O ,F , , ,C,50,0,0,0,1406157,4916240
Dunedin City,12/06/2014,Thu,1100,MO,CN1C,363A 371A 902 ,Q,R,D,BF,F , ,N,C,50,0,0,0,1406150,4916221
Dunedin City,16/03/2014,Sun,710,CC,CN1,410A ,IS,R,W,DO,L , ,N,R,50,0,0,0,1406133,4916174
Dunedin City,21/04/2014,Mon,1350,GB,SN1C,175B 370B 926 ,,R,D,B ,F ,D,N,C,50,0,0,1,1406051,4915945
Dunedin City,27/09/2014,Sat,1517,LB,CE1C,303B 375B ,,R,D,B ,F ,X,T,R,50,0,0,0,1406045,4915926
Dunedin City,23/03/2014,Sun,1255,LB,CW1C,303B 375B ,,E,D,B ,F ,X,T,R,50,0,0,2,1406045,4915926
Dunedin City,24/11/2014,Mon,449,HA,CN1C,322A 334A 352A ,,R,W,DO,F ,X,T,C,50,0,0,0,1406045,4915926
Dunedin City,16/01/2014,Thu,1600,CA,CN1VV,130A 407A ,KMP,R,D,O ,F ,X,T,R,50,0,0,1,1406045,4915926
Dunedin City,17/10/2014,Fri,1415,GC,CS1C,372B ,,R,D,OF,F ,T,N,C,50,0,0,2,1406107,4915747
Dunedin City,23/05/2014,Fri,1200,KA,VS1C,308B 922 ,,R,W,O ,F ,D,N,C,60,0,0,0,1406107,4915747
Dunedin City,15/06/2014,Sun,1230,AA,CS1C,330A 372A ,I,R,D,O ,L , , ,R,80,0,0,0,1406087,4915693
Dunedin City,06/10/2014,Mon,1630,BA,4S1C4,201A ,,R,W,O ,F , , ,C,50,0,0,0,1406074,4915656
Dunedin City,02/01/2014,Thu,1830,FE,4N1C,111A 197A 331A ,,E,W,O ,L ,T,T,R,50,0,0,1,1406052,4915314
Dunedin City,19/08/2014,Tue,1800,DA,CE1CVC,131A 613A ,,E,D,O ,F , , ,C,50,0,0,0,1406036,4915303
Dunedin City,26/05/2014,Mon,1150,CA,CE1,101A 130A 800 ,CG,R,W,OF,S , , ,C,80,0,0,0,1405851,4915166
Dunedin City,22/03/2014,Sat,1800,AC,TW1C,372A 671A ,,M,D,B ,F , , ,C,80,0,0,1,1405828,4915113
Dunedin City,26/03/2014,Wed,1600,AC,VW1C,372A 817 ,,R,D,BF,F , ,N,C,50,0,0,0,1404697,4914638
Dunedin City,11/12/2014,Thu,1736,HA,CS2T,322B 330B 334B ,,R,D,B ,F ,X,T,R,50,0,0,1,1404220,4914496
Dunedin City,28/02/2014,Fri,1630,FE,CE1C,181A ,,R,W,OF,L ,X,T,R,50,0,0,0,1404220,4914496
Dunedin City,10/11/2014,Mon,1430,NA,CE1E,718B 732B ,,R,D,B ,F ,X,T,C,50,0,1,0,1404220,4914496
Dunedin City,04/10/2014,Sat,1440,FE,TW1C,181A 331A 387A ,,R,D,B ,F ,X,T,R,50,0,1,1,1404228,4914485
Dunedin City,31/07/2014,Thu,745,FE,CW1C,181A 191B ,,R,D,B ,F ,X,T,C,50,0,0,1,1404223,4914484
Dunedin City,10/09/2014,Wed,1321,CA,CE1CB,130A 501A ,,R,D,B ,F , , ,R,50,0,1,1,1404171,4914485
Dunedin City,31/01/2014,Fri,1030,AC,VW1C,184A 817 ,,E,D,B ,F , , ,C,50,0,0,0,1403776,4914444
Dunedin City,15/01/2014,Wed,1030,EA,TW1C,129A ,M,E,D,B ,F , , ,C,50,0,0,0,1403717,4914458
Dunedin City,05/07/2014,Sat,1310,AC,4W14,170A 340A 350A 130B 801 817 855 ,G,E,W,O ,L , , ,C,50,0,0,0,1403697,4914459
Dunedin City,20/09/2014,Sat,2157,AC,CW14,338A 372A 507A 801 817 ,,R,W,DO,L , , ,R,50,0,0,0,1403696,4914447
Dunedin City,15/04/2014,Tue,745,FD,CE14C,181A ,,R,D,O ,L , ,N,C,100,0,0,0,1403513,4914416
Dunedin City,15/01/2014,Wed,1225,FD,TW14,181A ,,R,D,BF,F , ,N,C,100,0,0,1,1403281,4914344
Dunedin City,15/11/2014,Sat,1220,AC,TE1C,372A 671A 817 ,,R,D,BN,F , ,N,C,50,0,0,0,1403234,4914327
Dunedin City,25/01/2014,Sat,217,CB,CS1,101A 112A ,GIT,R,D,DO,F , ,N,R,50,0,0,0,1403145,4914283
Dunedin City,19/08/2014,Tue,836,FA,VN1C,331A 386A ,,M,D,B ,F , , ,C,100,0,0,2,1403042,4914175
Dunedin City,18/06/2014,Wed,950,AA,CN1C,331A 363A ,,R,D,B ,F , ,N,C,100,0,0,0,1403042,4914174
Dunedin City,17/04/2014,Thu,855,FA,TN1C,420B ,,R,D,BN,F , ,N,C,50,0,0,0,1402986,4914104
Dunedin City,02/04/2014,Wed,740,FD,CN1C,331A ,,R,D,O ,F , , ,R,100,0,0,1,1402912,4914031
Dunedin City,15/01/2014,Wed,1645,EC,CW1CM,806 827 ,D,E,D,B ,F , , ,C,100,0,2,2,1402636,4913940
Dunedin City,21/10/2014,Tue,910,AC,TS1C,372A ,,M,D,B ,F , , ,C,50,0,0,0,1402216,4913688
Dunedin City,08/06/2014,Sun,1020,FA,CE1C,181A 191B ,,E,D,B ,F , ,N,C,100,0,0,0,1402072,4913685
Dunedin City,18/05/2014,Sun,309,DA,CW1,104A 111A 131A 532A ,PT,E,D,DO,F , , ,R,100,2,3,0,1401973,4913665
Dunedin City,21/07/2014,Mon,820,FA,CE1C,110A 181A 803 ,,R,I,O ,S , , ,C,100,0,0,0,1401865,4913697
Dunedin City,08/06/2014,Sun,1750,BA,CE1C,205A 330A 507A 904 ,,R,D,TO,M , , ,C,100,0,4,0,1401820,4913699
Dunedin City,05/12/2014,Fri,611,DB,CW1,412A ,G,E,D,TF,F , , ,C,100,0,0,0,1401696,4913768
Dunedin City,15/02/2014,Sat,940,CA,CW1,130A ,G,R,W,OF,F , ,N,R,100,0,0,0,1400729,4913766
Dunedin City,24/06/2014,Tue,640,DB,CW1C,131A 131B 802 ,G,E,I,DO,FF, , ,C,100,0,0,1,1400634,4913733
Dunedin City,24/06/2014,Tue,745,CC,CW1V,135A 802 ,,R,I,TO,F , ,N,N,100,0,0,1,1400605,4913725
Dunedin City,24/06/2014,Tue,736,CC,CE1,135A 802 ,,R,I,DO,FF, ,N,C,100,0,0,0,1398823,4913537
Dunedin City,02/10/2014,Thu,1100,CB,CE1,130A 358A ,T,R,D,O ,F , , ,C,100,0,0,0,1398493,4913535
Dunedin City,07/06/2014,Sat,1534,DA,TW1,620A 650A ,G,S,W,OF,F ,T,N,C,100,0,0,0,1398294,4913516
Dunedin City,13/02/2014,Thu,1556,CB,CW1,101A 128A 406A ,,R,W,O ,F , ,N,R,100,0,0,0,1397332,4913557
Dunedin City,17/02/2014,Mon,1725,BA,CS1C,112A 132A 402A ,,R,W,OF,L , ,N,R,100,0,0,0,1395544,4914077
Dunedin City,08/08/2014,Fri,1600,EA,CN1C,197A 802 ,M,E,I,O ,S , , ,R,100,0,0,1,1395480,4914157
Dunedin City,21/10/2014,Tue,1220,MA,CW1C,333A ,,R,D,BF,F , ,N,C,60,0,0,0,1393553,4913924
Dunedin City,01/01/2014,Wed,1558,FA,CW1C,181A 386A ,,R,W,O ,H ,T,N,C,60,0,0,0,1393361,4913838
Dunedin City,18/08/2014,Mon,800,FD,CN1CC,331A 363A 802 902 ,,R,D,B ,FF, , ,C,60,0,0,1,1392916,4913634
Dunedin City,26/07/2014,Sat,2130,CC,CE1,103A 130A 610A ,X,R,W,DN,L ,T,S,C,80,0,0,0,1391423,4912976
Dunedin City,31/03/2014,Mon,315,EC,CS1,912,W,R,D,DN,F , , ,C,100,0,0,0,1387031,4910708
Dunedin City,11/08/2014,Mon,440,EC,TS1,912,W,R,D,DN,F , , ,C,100,0,0,0,1386165,4910114
Dunedin City,09/09/2014,Tue,1735,CC,CS1,130A 404A 410A ,T,R,D,B ,F , , ,C,100,0,0,2,1383581,4907910
Dunedin City,22/05/2014,Thu,1640,GC,VN14,191A 174B ,,R,D,B ,F ,X,S,C,100,0,0,0,1379800,4904695
Dunedin City,18/09/2014,Thu,1738,FB,CS1C,181A 387A 801 ,,R,W,TO,L ,T,S,C,80,0,0,3,1387764,4911304
Dunedin City,14/06/2014,Sat,2030,CB,CE1,363A ,V,R,W,DN,F , , ,C,100,0,0,0,1384337,4911381
Dunedin City,17/02/2014,Mon,1638,DA,CS1,110A 132A 901 ,F,M,W,O ,H ,T,N,C,70,0,0,0,1383845,4911234
Dunedin City,02/11/2014,Sun,1350,LB,CS1C,303B 377B 922 ,,R,D,BF,F ,D,N,C,50,0,0,2,1394735,4915207
Dunedin City,09/05/2014,Fri,1715,LB,CS1C,303B 375B ,,R,W,TF,H ,X,T,R,50,0,0,3,1394732,4915237
Dunedin City,15/07/2014,Tue,1420,LB,CN1C,303B 363B 902 ,,E,D,B ,F ,X,T,C,50,0,0,0,1394732,4915237
Dunedin City,01/10/2014,Wed,1650,LB,CS1C,303B 375B ,,R,D,B ,F ,X,T,C,50,0,0,0,1394732,4915237
Dunedin City,04/06/2014,Wed,845,FE,CS1C,181A 402A 420A 802 ,,R,I,O ,F ,X,T,R,50,0,0,1,1394706,4915308
Dunedin City,31/01/2014,Fri,1320,FD,4N1C,181A ,,R,D,B ,F , , ,C,50,0,0,0,1394583,4915584
Dunedin City,30/08/2014,Sat,1339,EA,CE1C,130A 501A ,M,R,D,BF,F , ,N,C,50,0,0,0,1394298,4916222
Dunedin City,12/11/2014,Wed,1410,FC,CS1C,181A 331A 801 ,,R,W,O ,L , , ,X,50,0,0,0,1394261,4916304
Dunedin City,01/12/2014,Mon,1100,HA,CW2C,322B ,,R,D,O ,L ,X,T,C,50,0,0,0,1394156,4916538
Dunedin City,15/12/2014,Mon,830,LB,SW1C,303B 375B ,,R,D,BF,F ,X,T,C,50,0,0,1,1394156,4916538
Dunedin City,14/11/2014,Fri,1932,NA,CN1E,711B ,,R,D,TF,F , , ,C,50,0,0,1,1394136,4916584
Dunedin City,16/08/2014,Sat,1550,MO,CN1C,330A 371B ,,R,D,O ,F , , ,C,50,0,0,0,1394136,4916584
Dunedin City,26/03/2014,Wed,1215,EA,TS1C,129A 671A ,M,R,D,BF,F , ,N,C,50,0,0,0,1394115,4916629
Dunedin City,18/04/2014,Fri,1200,GD,CW14,331A 407A ,,R,W,O ,H ,M,S,C,100,0,0,0,1391339,4918386
Dunedin City,05/08/2014,Tue,910,HA,CW24,301A 375A ,V,R,D,B ,F ,M,S,C,100,0,0,1,1391292,4918394
Dunedin City,18/12/2014,Thu,1555,DA,VE1,131A 351A ,V,E,D,B ,F ,T,G,C,100,0,0,0,1389810,4918683
Dunedin City,02/12/2014,Tue,1530,NA,CS1E,713B ,,R,D,B ,F , ,N,C,50,0,0,1,1384927,4918118
Dunedin City,19/03/2014,Wed,1855,JA,MW1C,101B 301B 375B ,,M,D,TN,F ,T,S,C,100,0,1,1,1383040,4918469
Dunedin City,25/06/2014,Wed,2100,DA,CN1,111A 131A 517A ,,M,D,DN,F , , ,C,100,0,0,0,1382398,4919556
Dunedin City,07/01/2014,Tue,1425,CB,CN1,102A 350A ,FP,R,W,O ,M , ,N,C,100,0,0,0,1370570,4932382
Dunedin City,08/12/2014,Mon,1450,DB,ON1,136A 613A ,F,M,D,BN,F , ,N,C,100,0,0,0,1370638,4932436
Dunedin City,16/07/2014,Wed,850,DA,XN1,104A 135A 802 ,,M,I,OF,FF, ,N,C,100,0,1,0,1370993,4933336
Dunedin City,02/06/2014,Mon,1045,DB,4N1,111A 131A 514A 517A ,F,M,D,BN,F ,T,G,C,100,0,1,0,1371231,4933494
Dunedin City,16/06/2014,Mon,2230,EC,4N1,904 912 ,W,E,D,DN,M , , ,C,100,0,0,0,1375222,4952419
Dunedin City,28/11/2014,Fri,920,GD,4N14,181A 929 ,,R,D,ON,F ,D,N,C,100,0,0,0,1374880,4956227
Dunedin City,03/10/2014,Fri,1645,GD,4N14,181A 402A ,,R,D,O ,F ,T,N,C,100,0,0,0,1375117,4957386
Dunedin City,19/11/2014,Wed,630,DB,CS1,103A 111A ,F,E,D,B ,F , ,N,C,100,0,0,0,1381344,4970337
Dunedin City,14/12/2014,Sun,1001,LB,CW1C,330B 386B ,,R,D,B ,F ,X,T,C,50,0,0,1,1406703,4917065
Dunedin City,06/08/2014,Wed,1754,GA,CW1C,181A 330A 191B ,,R,D,TF,F ,X,T,C,50,0,0,2,1406703,4917065
Dunedin City,11/08/2014,Mon,1550,LB,BW2C,301B 377B ,,R,W,OF,F ,X,S,C,50,0,0,3,1407017,4917188
Dunedin City,13/11/2014,Thu,915,LB,CN1C,303B 377B ,,R,W,OF,F ,X,G,C,50,0,0,2,1407017,4917188
Dunedin City,04/12/2014,Thu,1120,LB,VW2C,370A 370B 801 ,,R,W,O ,L ,X,G,C,50,0,0,0,1407017,4917188
Dunedin City,27/06/2014,Fri,1600,HA,CN1C,302B 375B 801 ,,R,W,O ,L ,X,G,C,50,0,0,0,1407017,4917188
Dunedin City,17/04/2014,Thu,855,FB,CE1C,181A ,,R,W,O ,F ,X,G,C,50,0,0,0,1407197,4917355
Dunedin City,15/06/2014,Sun,0,DA,CW1,110A 131A 801 ,I,M,W,DO,L ,R,G,R,50,0,0,0,1408108,4917471
Dunedin City,17/02/2014,Mon,1510,FB,CN1C,181A 331A ,,R,W,O ,F ,R,G,R,50,0,0,0,1408143,4917486
Dunedin City,29/10/2014,Wed,820,FD,CW1C,181A ,,R,D,OF,F , ,N,C,50,0,0,0,1408348,4917539
Dunedin City,04/02/2014,Tue,755,KA,CW1T,308B 375B 927 ,,R,D,BF,F ,D,N,C,70,0,0,1,1408348,4917539
Dunedin City,12/04/2014,Sat,1330,DB,MN1C,111A 131A 402A 901 ,X,E,W,O ,H , , ,C,50,0,0,1,1409122,4917613
Dunedin City,10/03/2014,Mon,1357,EE,TE1C,374B ,M,R,D,OF,F , ,N,C,50,0,0,0,1409928,4917811
Dunedin City,18/11/2014,Tue,1216,DB,40,129A 197A ,X,M,D,B ,F , ,N,C,50,0,0,0,1410168,4917910
Dunedin City,11/12/2014,Thu,1635,FA,400000000000000,181A 512A ,,E,D,O ,F , , ,C,50,0,0,0,1411059,4918355
Dunedin City,11/04/2014,Fri,1920,JA,CN1C,205B 375B ,,M,D,DO,F ,T,G,C,80,0,0,2,1411669,4919318
Dunedin City,25/11/2014,Tue,1500,BA,CN1C,129A ,,R,D,B ,F , , ,C,80,0,0,0,1412675,4921676
Dunedin City,31/05/2014,Sat,925,DA,CN1,110A 135A 802 905 ,V,E,I,O ,SF, ,N,C,80,0,0,0,1413185,4922386
Dunedin City,14/04/2014,Mon,1846,FD,CN1C,102A 181A 331A 191B ,,R,D,DN,F , , ,L,80,0,0,2,1413432,4922511
Dunedin City,04/02/2014,Tue,50,DA,CW1,131A 410A ,,E,D,DO,F , ,N,C,80,0,0,0,1414574,4923279
Far North District,18/03/2014,Tue,1850,DA,CN1,131A 524A ,CV,M,D,BN,F , ,N,C,100,0,0,2,1614729,6107916
Far North District,23/04/2014,Wed,2127,DA,40,103A 129A 131A ,CV,M,D,DN,F , , ,C,100,0,0,1,1615146,6107811
Far North District,10/04/2014,Thu,800,CC,CN1,130A 517A ,,R,D,TN,F , , ,N,100,0,0,0,1706049,6071544
Far North District,12/03/2014,Wed,1540,FB,CW1C,181A ,,R,D,BF,F ,T,G,C,50,0,0,0,1623782,6114639
Far North District,19/01/2014,Sun,1935,DB,CN1,103A 111A 131A ,F,E,D,B ,F , , ,C,50,0,0,0,1624181,6115225
Far North District,25/04/2014,Fri,1401,DB,CN1,103A 111A 131A ,,M,D,B ,F , , ,C,100,0,0,0,1703058,6092858
Far North District,10/10/2014,Fri,1450,DB,CS1,111A 131A ,F,M,D,B ,F , , ,C,100,0,0,0,1703460,6093802
Far North District,07/05/2014,Wed,1720,DB,CS1,138A ,C,E,D,TN,F , , ,N,50,0,0,0,1697288,6097639
Far North District,08/06/2014,Sun,30,MO,CS1,103A 371A 929 ,V,R,D,DO,F ,D, ,N,50,0,0,1,1702287,6097429
Far North District,10/10/2014,Fri,,DA,CW1,111A 131A ,V,M,D,DN,F , ,N,N,100,0,0,0,1621776,6114226
Far North District,27/12/2014,Sat,1000,MG,CE1V,371B ,,R,D,ON,F , ,N,C,100,0,0,0,1633916,6097562
Far North District,18/11/2014,Tue,820,KA,CW1S,308B 929 ,,R,D,B ,F ,D, ,N,50,0,0,1,1686211,6100892
Far North District,11/05/2014,Sun,1400,MO,BN1C,371A 386A ,M,R,D,BF,F , ,N,C,50,0,0,0,1702074,6097358
Far North District,23/06/2014,Mon,1930,DA,CE1,111A ,P,M,D,DO,F ,X,G,C,50,0,0,0,1624852,6114138
Far North District,06/12/2014,Sat,820,DA,CE1,135A 402A 808 ,,M,D,BN,F , ,N,C,100,0,0,0,1625590,6114547
Far North District,31/08/2014,Sun,115,DC,VN2V,103A ,KM,R,W,DO,L ,T,G,C,50,0,0,0,1625006,6114154
Far North District,31/01/2014,Fri,2325,DA,CS1,103A 129A 131A ,CF,E,D,DN,F , , ,N,100,0,0,0,1628799,6115269
Far North District,26/07/2014,Sat,1315,LB,CS1C,303A 375A 197B 801 ,P,R,W,O ,L ,T,G,P,50,0,0,0,1686762,6100887
Far North District,19/08/2014,Tue,1240,MO,CS1C,386A 901 ,M,R,W,O ,H , , ,C,50,0,0,0,1686412,6101238
Far North District,17/07/2014,Thu,1610,JA,CE1C,302B 375B ,,R,D,BF,F ,T,G,C,50,0,0,0,1686370,6101268
Far North District,04/06/2014,Wed,930,PO,4N1E,726B 730B ,,R,D,BF,F ,T,N,C,50,0,1,0,1624060,6114260
Far North District,17/03/2014,Mon,1025,EE,4S1C,374B ,M,R,D,B ,F , ,N,C,50,0,0,0,1624194,6114020
Far North District,06/06/2014,Fri,1330,AC,CN1C,330A 386A ,M,R,D,B ,F , , ,N,50,0,0,0,1697055,6084256
Far North District,16/10/2014,Thu,130,DB,CW1,111A 131A ,F,E,D,DN,F , ,N,C,100,0,0,0,1670329,6116193
Far North District,03/04/2014,Thu,1307,DA,CW1,111A 131A 514A ,IK,M,D,B ,F ,T,G,R,50,0,0,0,1624051,6115978
Far North District,30/03/2014,Sun,1440,BO,400000000000000,129A 129B 818 ,,S,D,B ,F , , ,N,100,0,0,0,1633596,6121499