TLANAME,CRASHDATE,CRASHDOW,CRASHTIME,MVMT,VEHICLES,CAUSES,OBJECTSSTRUCK,ROADCURVE,ROADWET,LIGHT,WTHRa,JUNCTYPE,TRAFCTRL,ROADMARK,SPDLIM,CRASHFATALCNT,CRASHSEVCNT,CRASHMINCNT,EASTING,NORTHING
Far North District,03/05/2014,Sat,1520,LB,ME1C,303B 375B 929 ,,E,D,B ,F ,D, ,C,100,0,0,1,1631636,6113160
Far North District,01/02/2014,Sat,230,DB,CN1,103A 131A ,C,E,D,DN,F , , ,N,100,0,0,0,1638766,6115065
Far North District,17/04/2014,Thu,1055,MG,4N1C,371B ,,R,W,O ,F ,T,N,C,80,0,0,0,1686174,6101659
Far North District,03/04/2014,Thu,845,MA,CE1C,373B ,,R,D,BF,F , ,N,N,30,0,0,0,1686279,6101453
Far North District,13/09/2014,Sat,1300,DB,CS1,111A 131A 402A ,E,M,D,ON,F , ,N,N,100,0,0,0,1646961,6114972
Far North District,18/08/2014,Mon,1405,DA,CN1,131A 134A ,T,M,W,B ,F , , ,N,100,0,0,0,1634059,6114731
Far North District,31/12/2014,Wed,1630,DA,CN1,102A 131A 386A 929 ,V,E,D,O ,F , , ,C,100,0,0,0,1702024,6098046
Far North District,11/12/2014,Thu,807,CA,VS1,130A 801 811 816 ,E,R,W,O ,L , , ,N,100,0,0,1,1662907,6095077
Far North District,04/12/2014,Thu,2020,DB,CS1,111A 131A ,F,R,D,BF,F ,T,G,C,50,0,0,0,1671666,6081695
Far North District,18/02/2014,Tue,2125,QD,VS1,428A ,T,R,W,ON,L , ,N,N,100,0,0,0,1695510,6095965
Far North District,31/01/2014,Fri,1010,CC,40,138A 402A ,V,R,D,BN,F , ,N,N,100,0,0,0,1609679,6155413
Far North District,02/07/2014,Wed,1750,GB,VW1V,142B 370B ,,R,W,DO,L ,X,S,C,50,0,0,0,1671981,6081722
Far North District,15/02/2014,Sat,1838,MB,VS1C,303B 375B ,,R,D,BF,F , ,N,C,50,0,0,0,1686397,6101133
Far North District,13/02/2014,Thu,1155,MO,CE1V,386A 926 ,,R,D,B ,F ,D,N,C,50,0,0,0,1686231,6101107
Far North District,04/02/2014,Tue,1045,FA,CW1C,331A 370A 507A ,,R,D,B ,F , , ,C,50,0,0,0,1686265,6101241
Far North District,24/07/2014,Thu,1646,FO,VN1T,129A 130A ,,E,D,B ,F ,T,G,C,50,0,0,0,1687018,6101798
Far North District,18/03/2014,Tue,910,CA,VS1C,108A 130A ,,R,D,B ,F , , ,N,50,0,0,0,1686773,6100903
Far North District,17/08/2014,Sun,1810,DA,CN1,501A ,T,M,D,DN,F , ,N,C,50,0,0,1,1687005,6101815
Far North District,12/09/2014,Fri,2108,DA,4N1,103A 111A 801 ,V,M,W,DO,L , , ,N,50,0,0,0,1687071,6101597
Far North District,13/01/2014,Mon,2130,BC,CN1C,121A ,,M,D,DN,F , ,N,N,100,0,0,0,1644342,6115298
Far North District,25/03/2014,Tue,1825,DC,VE2,103A 112A 130A ,P,R,D,B ,F ,T,G,N,50,0,1,1,1672960,6082065
Far North District,24/06/2014,Tue,950,CC,4S1,129A 139A ,C,R,W,ON,L , ,N,C,100,0,0,0,1668235,6089821
Far North District,10/01/2014,Fri,1120,ED,CW1T,330A 386B 817 ,Q,S,D, N,F , ,P,C,50,0,0,0,1633938,6141410
Far North District,11/02/2014,Tue,1641,AO,CN1M,129A 156A 404A ,,E,D,BN,F , , ,C,100,1,2,1,1634711,6129291
Far North District,19/08/2014,Tue,2343,DA,CN1C,103A 129A ,M,E,W,DO,H , ,N,C,50,0,1,0,1686973,6101609
Far North District,23/04/2014,Wed,1100,MD,CS14,308B 371B 929 ,,R,D,B ,F ,D, ,C,50,0,0,0,1623215,6114693
Far North District,19/07/2014,Sat,2330,CC,CN1V,101A 130A 412A ,M,R,W,DO,L ,T,G,C,50,0,0,0,1696946,6084036
Far North District,19/04/2014,Sat,1757,DA,4N1,136A 613A ,F,R,D,ON,F ,T,G,L,100,0,0,0,1616417,6107863
Far North District,07/08/2014,Thu,1940,EC,CE1,912,W,R,D,DN,F , ,N,C,100,0,0,0,1625437,6096711
Far North District,26/01/2014,Sun,1030,DA,4N1,131A ,,M,W,ON,H , ,N,C,100,0,0,0,1622305,6111107
Far North District,07/04/2014,Mon,1200,BB,CW14,123A ,,E,D,B ,F , ,N,L,100,0,0,3,1616752,6107784
Far North District,19/11/2014,Wed,1640,DA,CS1,103A 131A 402A ,V,M,D,B ,F , , ,C,100,0,0,1,1622241,6110917
Far North District,21/12/2014,Sun,1815,DA,CS1,103A 111A 131A ,P,M,D,B ,F , , ,C,100,0,0,0,1622055,6110495
Far North District,25/02/2014,Tue,1540,KB,CW2C,302B 375B ,,R,D,OF,F ,T,G,C,50,0,0,0,1623384,6113265
Far North District,19/07/2014,Sat,2100,EC,CS1,901 912 ,W,R,W,DN,H , , ,C,100,0,0,0,1615489,6107157
Far North District,15/06/2014,Sun,1812,NA,CS1EE,370A ,,M,D,DN,F , ,N,C,100,0,1,1,1615487,6106555
Far North District,04/12/2014,Thu,805,CB,TN1,130A 350A 402A ,P,R,D,B ,F , , ,L,100,0,0,0,1618349,6108674
Far North District,07/02/2014,Fri,1545,GD,CE1C,331A 929 ,,R,D,B ,F ,D,N,C,100,0,0,1,1686061,6105051
Far North District,18/01/2014,Sat,810,FA,4W1S,103A 129A ,,R,D,B ,F , , ,C,100,1,0,0,1685841,6105048
Far North District,08/08/2014,Fri,808,CC,CW1,129A ,C,R,W,BN,F , ,N,C,100,0,0,1,1684857,6105197
Far North District,30/05/2014,Fri,1200,BF,TS1C,102A 124A 353A ,,S,D,O ,F ,T,G,L,50,0,0,0,1687119,6100575
Far North District,29/05/2014,Thu,1922,EC,CE1,911,W,R,W,DN,L , ,N,C,50,0,0,0,1687700,6100941
Far North District,08/11/2014,Sat,2055,DA,CE1,111A 131A ,T,S,D,DN,F , ,N,C,80,0,0,1,1689122,6102375
Far North District,28/01/2014,Tue,1250,FA,CS1C,181A ,,R,D,B ,F , ,N,C,100,0,0,0,1690265,6102369
Far North District,22/04/2014,Tue,1545,KA,CS14,302B 370B ,,E,D,B ,F ,T,G,R,50,0,0,0,1686331,6101296
Far North District,17/04/2014,Thu,1610,EA,CS1C,129A ,M,R,D,BF,F , ,N,C,50,0,0,0,1686400,6101391
Far North District,21/08/2014,Thu,945,MO,CN14,330A 386A ,M,R,D,O ,F , , ,C,50,0,0,0,1686418,6101415
Far North District,01/08/2014,Fri,2227,CB,4N1,103A 129A ,S,R,W,DO,F ,T,N,C,50,0,0,0,1685746,6100486
Far North District,08/09/2014,Mon,1615,KB,CS1C,308B 330B 927 ,,R,D,O ,F ,D, ,C,80,0,0,0,1685727,6100460
Far North District,06/02/2014,Thu,1058,NA,4N1E,191A 306A 801 ,,R,W,O ,L , , ,X,50,0,1,0,1686646,6101734
Far North District,27/08/2014,Wed,600,GC,CN1C,174B 372B ,,R,D,DO,F ,T,G,C,50,0,0,0,1686706,6101814
Far North District,31/12/2014,Wed,2354,CC,CS1,410A ,T,R,D,DO,F , ,N,C,50,0,0,0,1686693,6101799
Far North District,07/05/2014,Wed,1615,AA,4S1C,205A ,,R,D,B ,F , ,N,P,50,0,0,0,1686160,6101059
Far North District,19/01/2014,Sun,1700,LB,CS1C,302A 404A ,,R,D,BF,F ,R,G,R,50,0,0,1,1686189,6101099
Far North District,24/04/2014,Thu,955,KA,CE2C,302B 370B ,I,M,D,B ,F ,R,G,R,30,0,0,0,1686189,6101099
Far North District,23/04/2014,Wed,900,FD,CN1C,181A 929 ,,R,D,B ,F ,D,N,C,80,0,0,0,1685238,6099696
Far North District,31/10/2014,Fri,1240,FD,CS1C,181A 330A ,,R,D,B ,F , ,N,C,80,0,0,2,1685145,6098907
Far North District,07/02/2014,Fri,920,GD,CW1V,331A 929 ,,R,W,O ,L ,D,N,L,80,0,0,0,1685185,6099102
Far North District,28/02/2014,Fri,1246,MC,CS1T,372B ,,R,D,BN,F , ,N,C,50,0,0,0,1685964,6100788
Far North District,21/06/2014,Sat,2350,EA,CE1C,129A ,M,R,D,DO,F , , ,C,50,0,0,0,1686496,6101697
Far North District,17/05/2014,Sat,1145,MO,CW1C,371A ,M,R,D,B ,F , , ,C,50,0,0,0,1699614,6094810
Far North District,28/12/2014,Sun,1400,DB,4N1,195A ,T,M,D,ON,F , ,N,N,100,0,0,0,1673781,6068976
Far North District,06/02/2014,Thu,1430,LB,CN1C,308B 929 ,,S,D,ON,FS,D,N,C,100,0,0,0,1644423,6094852
Far North District,11/08/2014,Mon,810,DA,CN1,131A 358A 423A ,,S,D,O ,F , , ,C,100,0,0,1,1648573,6090489
Far North District,13/05/2014,Tue,1100,DB,TN1,131A 800 815 ,C,M,D,O ,L , , ,C,100,0,0,0,1649399,6088517
Far North District,03/10/2014,Fri,1145,BC,CN14,121A 330A 197B ,,M,D,O ,F , , ,C,100,0,0,0,1648607,6085034
Far North District,06/01/2014,Mon,1030,BC,CS1V,121A 205A 404A 410A ,,M,D,B ,F , , , ,100,0,0,0,1637495,6073613
Far North District,02/03/2014,Sun,130,DB,CS1,101A 111A 131A ,F,S,D,DN,F ,T,G,N,100,0,0,1,1637308,6074067
Far North District,04/12/2014,Thu,630,DB,TS1,191A 194A ,FV,S,D,DN,F , , ,N,100,0,1,2,1624251,6122995
Far North District,31/07/2014,Thu,1215,GB,CW14,158A 387A 929 ,,R,D,B ,F ,D, ,C,50,0,0,0,1623518,6114466
Far North District,14/01/2014,Tue,839,MO,CW1C,371A 512A 514A ,M,R,D,OF,F , ,N,C,50,0,0,0,1670048,6091115
Far North District,07/01/2014,Tue,1412,DB,CS1,131A 507A ,ET,M,D,ON,F , ,N,C,100,0,0,1,1625739,6111864
Far North District,12/12/2014,Fri,715,DB,CN1,131A 804 817 ,X,E,W,TN,M , , ,N,100,0,0,0,1675786,6071576
Far North District,30/12/2014,Tue,1813,DA,CN14,104A 111A 131A 632A 103B 196B ,,M,D,TN,F , , ,C,100,0,1,0,1675578,6066732
Far North District,31/12/2014,Wed,1600,DB,CN1,135A 806 ,F,M,D,B ,F , , ,C,100,0,0,0,1675578,6066732
Far North District,25/07/2014,Fri,2200,DA,CN1,101A 111A 402A ,CT,M,W,DN,L , ,N,C,100,0,0,1,1676191,6058514
Far North District,26/01/2014,Sun,930,DA,CS1,135A 801 ,,E,W,ON,L , ,N,C,100,0,0,0,1676378,6058818
Far North District,23/01/2014,Thu,2300,DB,CN1,131A ,E,S,D,DN,F , ,N,C,100,0,0,0,1675753,6071675
Far North District,24/01/2014,Fri,2315,DA,CS1,195A ,FT,S,D,DN,F , ,N,C,80,0,0,0,1675962,6071061
Far North District,12/04/2014,Sat,1000,MO,CN1C,371A 386A 308B 926 ,,R,D,B ,F ,D,N,C,50,0,0,0,1672943,6081612
Far North District,04/08/2014,Mon,1600,LB,4N14,303B 314B 927 ,,R,D,B ,F ,D, ,C,50,0,0,0,1672952,6081594
Far North District,29/03/2014,Sat,1530,CB,ME1,135A 812 ,,R,D,B ,F , , ,C,100,0,1,0,1648316,6099491
Far North District,06/03/2014,Thu,1100,DB,CW1,129A 352A ,V,M,D,BN,F , ,N,C,100,0,0,1,1700277,6072222
Far North District,03/02/2014,Mon,2115,DB,CW1,101A 131A ,C,M,D,DN,F , ,N,C,100,0,0,0,1678527,6119560
Far North District,29/11/2014,Sat,1054,CB,CE1,130A 404A 407A ,EFT,R,D,B ,F , , ,C,100,0,0,4,1678704,6119612
Far North District,19/01/2014,Sun,1740,FA,CW1C,181A 351A 402A ,,R,D,O ,F , ,N,C,100,0,0,1,1677443,6113674
Far North District,10/03/2014,Mon,930,BO,TS1C,111A 386A 818 ,,M,D,O ,F , , ,N,100,0,0,0,1677403,6115488
Far North District,18/11/2014,Tue,2020,DB,CS1,104A 111A 131A ,,E,D,TN,F , , ,C,100,0,0,1,1683241,6122690
Far North District,18/02/2014,Tue,1115,DB,CE1,111A 131A 517A ,FS,M,D,ON,F , ,N,N,100,0,0,0,1696088,6072020
Far North District,03/11/2014,Mon,1330,DA,CW1,111A 131A 404A ,C,S,D,B ,F , , ,C,50,0,0,0,,
Far North District,10/10/2014,Fri,2119,DA,VN1,103A 111A ,H,E,W,DN,F , ,N,C,100,0,1,0,1680694,6106133
Far North District,25/11/2014,Tue,1232,QG,TE1,131A 682A ,T,E,D,B ,F , , ,C,100,0,0,1,1681719,6106187
Far North District,15/05/2014,Thu,1000,QG,TS1,665A ,,M,D,BN,F , ,N,C,100,0,0,0,1686158,6080976
Far North District,27/02/2014,Thu,2145,CC,MW1,103A 129A ,V,R,D,DN,F , ,N,C,100,0,0,1,1689436,6081853
Far North District,08/01/2014,Wed,1730,DB,CE1,131A ,C,E,D,BN,F , ,N,N,100,0,0,1,1603451,6155670
Far North District,12/02/2014,Wed,2135,MO,CW1V,371A 929 ,M,R,D,DO,F ,D,N,N,50,0,0,0,1624135,6115426
Far North District,22/08/2014,Fri,1520,FD,CS14,331A 358A ,,R,D,BF,F , ,P,L,50,0,0,0,1623569,6115017
Far North District,08/03/2014,Sat,2235,DB,CW1,103A ,G,M,D,DN,F ,Y,N,C,50,0,0,0,1623933,6113182
Far North District,13/05/2014,Tue,830,DB,4E1C,131A 132A 138A ,,M,D,B ,F , , ,L,100,0,0,0,1632108,6106521
Far North District,16/04/2014,Wed,1210,EA,CN1V,129A ,M,E,W,O ,L , , ,L,100,0,0,0,1684612,6090411
Far North District,17/12/2014,Wed,639,BF,4S1C,111A 131A 801 901 ,,M,W,O ,H , , ,N,100,0,0,0,1683581,6089877
Far North District,27/07/2014,Sun,1345,DA,MN1,131A 402A ,G,E,D,B ,F ,T,N,C,100,0,0,1,1670404,6115762
Far North District,12/06/2014,Thu,1844,EC,4N1,912,W,R,D,DN,F , , ,C,100,0,0,0,1669766,6114603
Far North District,06/12/2014,Sat,113,DB,40,104A 111A 131A ,F,E,D,DN,F , ,N,C,100,0,2,0,1694745,6105369
Far North District,05/10/2014,Sun,155,DB,4W1C,111A 122A ,M,R,D,DO,F ,X,G,C,50,0,0,0,1671711,6081634
Far North District,21/06/2014,Sat,615,EC,CS1,904 912 ,W,R,D,DN,M , , ,C,100,0,1,0,1644885,6116142
Far North District,26/06/2014,Thu,1320,MD,CS1C,371B 927 ,,R,D,O ,F ,D,N,N,50,0,0,0,1642567,6127225
Far North District,07/01/2014,Tue,1610,CB,CS1C,103A 129A ,M,R,D,BN,F , ,N,C,100,0,0,0,1644256,6123380
Far North District,26/08/2014,Tue,1847,BB,MS1C,123A 195A ,,M,D,DN,F , , ,N,100,0,0,1,1656749,6114592
Far North District,08/01/2014,Wed,1758,DB,CW1,111A 131A 532A ,,M,D,BN,F , ,N,C,100,0,1,0,1690281,6082301
Far North District,12/11/2014,Wed,1208,MO,CS1V,371A ,M,R,D,BF,F , ,N,C,50,0,0,0,1624281,6113835
Far North District,11/12/2014,Thu,1700,DA,CS1,103A ,V,E,W,ON,H , ,N,N,80,0,0,0,1639363,6126774
Far North District,16/08/2014,Sat,1720,CA,CS1,104A 130A 433A ,FP,R,D,O ,F , , ,C,50,0,0,0,1672393,6081545
Far North District,30/04/2014,Wed,205,CA,CN1,130A 402A ,HP,R,W,DO,L , , ,C,50,0,0,0,1672454,6081418
Far North District,07/03/2014,Fri,1030,BF,CS1C,135A 813 ,,M,D,ON,F , ,N,N,100,0,0,0,1629307,6091401
Far North District,30/08/2014,Sat,1130,BE,4N14,112A 130A ,,R,W,ON,L , ,N,N,100,0,0,0,1688262,6061714
Far North District,05/02/2014,Wed,2050,GE,CS1C,157A 357A 929 ,,E,D,TN,F ,D,N,C,50,0,0,0,1623519,6114248
Far North District,01/11/2014,Sat,830,DB,4N1,101A 131A ,BE,E,D,OF,F , ,N,C,50,0,0,0,1623568,6114359
Far North District,01/07/2014,Tue,855,DA,CE1,110A 331A 800 904 ,PX,M,W,O ,M , , ,C,100,0,0,0,1682101,6100486
Far North District,25/06/2014,Wed,1025,QG,TE1,129A 135A 801 815 ,FS,S,W,ON,L , ,N,C,100,0,0,0,1682084,6104648
Far North District,17/04/2014,Thu,1530,DB,VE1,103A 111A 131A 195A 813 ,,S,D,O ,F , , ,N,100,0,0,0,1662433,6111525
Far North District,25/01/2014,Sat,850,DA,VN1,131A ,,M,D,BN,F , ,N,C,100,0,1,3,1687434,6107388
Far North District,10/03/2014,Mon,1300,BA,CN14,302B ,,R,D,BN,F , ,G,N,100,0,0,1,1686427,6106678
Far North District,24/11/2014,Mon,1620,DA,CW1,131A 402A 813 ,,M,D,B ,F , , ,C,100,0,0,0,1690902,6111239
Far North District,22/11/2014,Sat,1150,EA,CS1C,129A 350A ,M,R,D,B ,F , , ,N,50,0,0,1,1672906,6081161
Far North District,18/01/2014,Sat,1200,BB,MN1C,129A ,,M,D,BN,F , ,N,N,100,0,0,2,1658812,6075394
Far North District,07/05/2014,Wed,2000,CA,CE1,103A 130A ,C,R,D,DN,M , , ,N,100,0,0,0,1604964,6157565
Far North District,17/01/2014,Fri,1630,BC,CS1V,121A 813 ,,S,D,B ,F , , ,N,100,0,0,0,1715152,6097487
Far North District,28/03/2014,Fri,2100,EC,CN1,912,W,M,D,DN,F , , ,C,100,0,0,0,1715408,6096897
Far North District,12/11/2014,Wed,1450,FD,CW1C,181A ,,R,D,BF,F , ,N,C,50,0,0,0,1624196,6113992
Far North District,12/11/2014,Wed,1515,EA,CW1C,129A ,M,R,D,BF,F , ,N,C,50,0,0,0,1624171,6113967
Far North District,22/05/2014,Thu,930,GD,CE14,333A ,,R,W,B ,F ,T,G,C,50,0,0,0,1623939,6113724
Far North District,06/04/2014,Sun,5,EC,CS1,912,W,E,D,DN,F , ,N,C,100,0,0,0,1687892,6105198
Far North District,23/08/2014,Sat,1350,CB,MW1E,194A 722B ,,R,D,BF,F , ,N,C,50,0,0,2,1671981,6081155
Far North District,14/07/2014,Mon,833,BB,TN1C,123A 378A 831 ,,M,W,B ,F , , ,N,100,0,0,0,1703367,6076793
Far North District,17/07/2014,Thu,1257,BC,4N1C,121A 137B ,F,S,D,ON,F , ,N,N,100,0,0,0,1698359,6083693
Far North District,16/10/2014,Thu,840,BD,TE14,818,,S,D,ON,F , ,N,N,100,0,0,4,1632601,6089176
Far North District,11/08/2014,Mon,2000,BB,VS14,123A 130B 197B 818 ,,S,D,DN,F , , ,N,100,0,0,1,1631065,6092234
Far North District,20/01/2014,Mon,1030,DA,4N1,131A 813 ,C,M,D,O ,F , , ,C,100,0,0,0,1633970,6088018
Far North District,16/04/2014,Wed,2300,EC,CS1,801 821 903 ,X,R,W,DN,LS, , ,C,50,0,0,1,1703093,6096636
Far North District,26/12/2014,Fri,1630,FA,CS1V,181A 191B ,,R,D,O ,F ,T,S,C,100,0,0,0,1703685,6095517
Far North District,24/09/2014,Wed,1620,DB,CS1,103A 111A ,F,M,D,B ,F , ,N,C,50,0,0,0,1699283,6095054
Far North District,07/11/2014,Fri,2130,MO,CW1C,371A 385A ,M,R,D,DO,F , ,N,C,50,0,0,0,1699147,6095189
Far North District,24/08/2014,Sun,1910,DB,CS1,111A 131A 402A ,FP,M,D,DN,F , ,N,N,100,0,0,0,1673231,6096477
Far North District,29/12/2014,Mon,1600,JA,CW14,308B 929 ,,R,D,BN,F ,D,N,N,100,0,0,0,1621277,6122804
Far North District,04/02/2014,Tue,1220,CC,CS1C,129A 504A ,M,R,D,B ,F , ,N,N,50,0,0,0,1672537,6081265
Far North District,07/05/2014,Wed,1606,KB,VN1C,301B 375B ,,R,D,BF,F ,T,S,C,50,0,0,0,1672560,6081167
Far North District,07/06/2014,Sat,1430,MO,4S1C,330A 371A ,M,R,D,BF,F ,T,G,C,50,0,0,0,1623956,6114416
Far North District,06/01/2014,Mon,1030,FA,CW1,300A ,,R,D,BF,F ,T,G,C,50,0,0,0,1623956,6114416
Far North District,07/12/2014,Sun,1010,DA,ME1,131A 402A 804 ,,E,D,B ,F , , ,C,50,0,0,1,1698019,6095764
Far North District,31/12/2014,Wed,1400,MO,VS1C,130A 357A 514A ,M,R,D,B ,F , , ,C,50,0,0,0,1613957,6107987
Far North District,06/03/2014,Thu,1630,NA,CN1E,711B 727B ,,R,D,BF,F , ,N,C,50,0,0,1,1614125,6108484
Far North District,13/04/2014,Sun,800,BA,CN1V,125A 197B ,V,R,D,B ,F , , ,C,50,0,0,0,1614057,6108391
Far North District,19/05/2014,Mon,600,DA,CS1,111A 135A ,GS,S,D,DN,M , ,N,C,100,0,0,0,1701706,6098620
Far North District,18/02/2014,Tue,1033,MO,4S1C,357A 512A 514A ,,R,D,BF,F , , ,C,100,0,0,0,1708863,6068658
Far North District,26/10/2014,Sun,512,DB,CN1,103A 111A 131A 692A ,T,M,D,DN,F , ,N,C,80,0,0,1,1698245,6096799
Far North District,09/12/2014,Tue,1320,HA,CN2C,301A ,,R,W,O ,L ,X,S,C,100,0,0,0,1679883,6091674
Far North District,22/10/2014,Wed,1015,BF,CN1V,131A 357A 404A 801 ,,S,W,O ,L , , ,N,100,0,0,1,1589269,6182705
Far North District,05/02/2014,Wed,1120,MA,OE1C,373B ,,E,D,ON,F , ,N,N,50,0,0,0,1698197,6096094
Far North District,20/01/2014,Mon,1750,DA,CN1,131A 801 ,C,M,W,ON,L , ,N,C,100,0,0,1,1674092,6086490
Far North District,02/11/2014,Sun,1030,CB,VN1,130A 402A ,V,R,D,B ,F , ,N,C,100,0,0,0,1674939,6088159
Far North District,19/02/2014,Wed,1655,DA,CN1,131A 407A 809 901 ,,M,W,ON,H , , ,C,100,0,0,0,1674983,6087096
Far North District,01/06/2014,Sun,200,MO,CW1,101A 386A ,V,S,D,DN,F ,T,N,C,100,0,0,0,1649404,6092974
Far North District,12/10/2014,Sun,1649,MO,CN1V,371A ,M,R,D,B ,F ,T,N,C,50,0,0,0,1701936,6097553
Far North District,28/01/2014,Tue,2230,DA,CN1,111A 131A 138A 812 ,V,E,D,DN,F , , ,N,100,0,1,1,1694797,6066999
Far North District,14/06/2014,Sat,2350,CB,CE1,103A 112A 130A 514A ,,R,D,DO,F , , ,N,50,0,0,0,1697107,6084119
Far North District,18/06/2014,Wed,2100,DB,CE1,101A 131A ,FT,E,D,DN,M , ,N,C,100,0,1,0,1672029,6091890
Far North District,11/01/2014,Sat,1455,HA,CS2C,302B 375B ,,R,D,O ,F ,X,G,N,100,0,0,0,1672359,6099561
Far North District,29/03/2014,Sat,1849,CB,VS1,130A 359A ,F,R,D,TN,F , , ,C,100,0,0,0,1672709,6092458
Far North District,24/04/2014,Thu,715,AO,CN1S,129A 341A 363A 902 ,,R,D,BN,F , ,N,C,100,0,0,1,1674435,6093835
Far North District,19/02/2014,Wed,1330,CB,CS1,130A 354A 800 904 ,V,R,D,O ,M , ,N,L,100,0,0,0,1675434,6095337
Far North District,12/10/2014,Sun,1535,DA,CS1,111A 131A 402A ,,M,D,B ,F , , ,C,100,0,0,1,1674912,6094295
Far North District,07/05/2014,Wed,815,BA,VN1C,112B ,,R,D,B ,F , , ,N,100,0,0,0,1681064,6091163
Far North District,09/10/2014,Thu,2015,BA,4E1C,103A 125A ,,R,W,DN,L , ,N,C,100,0,0,0,1699063,6085945
Far North District,18/07/2014,Fri,1530,DA,CS1,135A 407A ,T,S,D,O ,F , , ,N,100,0,0,0,1709608,6087484
Far North District,25/05/2014,Sun,105,DA,VN1,102A 111A 131A 514A ,,E,W,DN,L , , ,N,100,0,0,1,1654326,6074015
Far North District,02/05/2014,Fri,100,EC,CN1,912,W,E,D,DN,F , ,N,C,100,0,0,0,1683323,6099733
Far North District,11/01/2014,Sat,1913,DB,ME1,131A 804 ,G,S,D,TN,F , ,N,C,100,0,1,1,1677850,6124959
Far North District,24/08/2014,Sun,1750,LB,CE1C,303B 375B 922 ,,R,W,TN,F ,D,N,C,80,0,0,0,1683396,6103666
Far North District,05/12/2014,Fri,1520,FD,CW1V,331A 350A ,,R,D,BF,F , ,N,C,80,0,0,1,1685109,6103526
Far North District,30/10/2014,Thu,1000,GB,4W14,387A 142B 929 ,,R,D,BN,F ,D,N,C,80,0,0,0,1685119,6103525
Far North District,23/09/2014,Tue,1642,JA,4N14,308B 375B 929 ,,R,D,B ,F ,D,N,C,80,0,0,0,1684748,6103456
Far North District,16/07/2014,Wed,1800,DA,CS1,111A 131A 404A ,FT,S,D,DN,F , , ,L,100,0,0,0,1682761,6105711
Far North District,03/08/2014,Sun,1130,BC,CS1C,121A ,,E,D,B ,F , ,N,C,50,0,0,0,1648788,6127467
Far North District,19/04/2014,Sat,1600,MO,4N1V,371B ,M,R,D,B ,F , ,N,C,50,0,0,0,1648955,6127790
Far North District,10/09/2014,Wed,1103,CC,CN1,129A 134A ,F,R,W,O ,F , ,N,C,100,0,0,0,1673254,6092417
Far North District,04/08/2014,Mon,100,DB,40,197A ,,M,W,DN,H , ,N,C,100,0,0,0,1647685,6084169
Far North District,19/10/2014,Sun,600,CC,CW1,104A 130A 412A ,C,R,W,DN,F , , ,C,100,0,0,1,1617089,6123522
Far North District,05/12/2014,Fri,1830,DA,CS1,131A 402A 801 ,V,M,W,O ,L , , ,C,100,0,0,1,1611702,6144128
Far North District,08/12/2014,Mon,1330,DA,CW1,131A 404A ,V,M,D,BN,F , ,N,N,100,0,0,1,1611759,6144439
Far North District,27/12/2014,Sat,1300,DB,CN1,111A 131A ,T,M,D,ON,F , ,N,C,100,0,0,0,1668767,6118485
Far North District,24/12/2014,Wed,2247,DA,4N1,111A 132A ,VX,M,D,DN,F , , ,C,100,0,0,0,1667608,6119260
Far North District,10/10/2014,Fri,1805,DA,CN1,130A 191A 197A ,,E,D,O ,F , , ,C,100,0,0,0,1667606,6119310