TLANAME,CRASHDATE,CRASHDOW,CRASHTIME,MVMT,VEHICLES,CAUSES,OBJECTSSTRUCK,ROADCURVE,ROADWET,LIGHT,WTHRa,JUNCTYPE,TRAFCTRL,ROADMARK,SPDLIM,CRASHFATALCNT,CRASHSEVCNT,CRASHMINCNT,EASTING,NORTHING
Far North District,16/12/2014,Tue,2129,EC,CN1,101A 823 ,L,R,W,DN,H , ,N,C,100,0,0,1,1669160,6118114
Far North District,16/12/2014,Tue,2132,CB,4N1C,197A 101B ,M,R,W,DN,H , ,N,C,100,0,0,2,1669160,6118114
Far North District,11/07/2014,Fri,800,DA,CS1,131A 402A 407A 420A 801 903 ,,E,W,O ,LS, , ,C,100,0,0,0,1668911,6118544
Far North District,03/04/2014,Thu,2033,DA,CN1,111A 131A 514A ,C,M,D,DN,F , , ,N,100,0,0,0,1636266,6140595
Far North District,21/12/2014,Sun,1429,MO,CN1C,308B 929 ,,R,D,BF,F ,D,N,C,50,0,0,0,1699212,6095111
Far North District,30/04/2014,Wed,1400,MO,CS1C,371A 371B ,,R,D,B ,F , , ,N,50,0,0,0,1699288,6095197
Far North District,07/12/2014,Sun,2047,DA,40,111A 131A ,F,E,D,TN,F ,T,N,C,100,0,0,1,1679717,6097159
Far North District,30/06/2014,Mon,903,BF,4E1C,111A 131A ,V,S,W,ON,L , ,N,C,80,0,0,1,1683706,6097638
Far North District,16/12/2014,Tue,1709,DA,CE1,131A 901 ,F,M,W,O ,H , , ,C,100,0,0,1,1676207,6095951
Far North District,21/01/2014,Tue,800,BF,4E1C,110A 135A ,,M,W,O ,F , ,N,C,100,0,0,0,1678604,6096654
Far North District,28/07/2014,Mon,1403,CC,VE1,501A ,FP,R,D,B ,F , , ,C,100,0,0,1,1680748,6097223
Far North District,07/12/2014,Sun,930,DB,CN1,103A 131A ,X,E,D,BF,F , ,N,N,50,0,0,0,1696298,6095585
Far North District,29/12/2014,Mon,2025,MO,OS1,112A ,,R,D,TN,F , ,N,N,100,0,1,1,1615392,6111172
Far North District,19/06/2014,Thu,1247,MO,4W1C,371B ,,R,D,OF,F , ,N,N,20,0,0,1,1672590,6081157
Far North District,28/03/2014,Fri,1415,MO,400000000000000,371A 930 ,,R,D,B ,F ,D,N,N,30,0,0,0,1686244,6101312
Far North District,15/05/2014,Thu,1320,MO,4S14,423A 427A 925 ,,R,D,B ,F ,D,N,N,50,0,0,0,1624263,6114254
Far North District,14/08/2014,Thu,1400,MO,4W1,358A 500A ,C,R,D,O ,F , ,N,N,50,0,0,0,1677994,6083471
Far North District,26/11/2014,Wed,930,EC,TS1,135A 341A 822 ,CLV,M,D,B ,F , , ,C,100,0,1,0,1688682,6089536
Far North District,05/01/2014,Sun,630,KA,CS1C,302B ,,E,D,B ,F ,T,G,C,50,0,0,0,1688444,6091654
Far North District,28/03/2014,Fri,1240,DA,4N1,129A 131A 410A ,F,M,D,B ,F , , ,C,100,0,0,1,1687774,6092333
Far North District,27/06/2014,Fri,939,DA,CN1V,110A 131A 801 ,B,M,W,ON,L , ,N,C,100,0,0,0,1687047,6093313
Far North District,25/01/2014,Sat,40,DA,VN1,103A 131A ,B,E,D,DN,F , ,N,L,100,0,0,1,1686955,6093430
Far North District,06/02/2014,Thu,750,BF,CS1C,111A 131A ,,M,W,ON,H , ,N,L,100,0,0,1,1686955,6093430
Far North District,13/10/2014,Mon,855,DB,4S1C,111A 131A 514A ,G,M,D,B ,F , , ,C,100,0,0,2,1686941,6093478
Far North District,21/02/2014,Fri,2130,BC,CS1C,111A 121A ,,E,D,DN,F , , ,C,100,1,3,0,1686297,6096077
Far North District,08/10/2014,Wed,1530,DA,CN1,130A 504A ,,E,D,O ,F , ,N,C,100,0,0,0,1685478,6096881
Far North District,08/12/2014,Mon,1815,DA,CN1,131A 800 801 ,V,E,W,O ,H , , ,C,100,0,0,1,1685420,6097114
Far North District,14/12/2014,Sun,2116,BA,CS1C,205A 404A ,,R,W,DN,L , , ,C,80,0,1,1,1684500,6099057
Far North District,11/11/2014,Tue,1747,FD,CS1VC,331A 363A 902 ,,R,D,BN,F , ,N,L,80,0,0,0,1684499,6099059
Far North District,15/08/2014,Fri,1655,BE,CN1C,125A 130A 504A 926 ,H,R,D,O ,F ,D,N,C,100,0,3,1,1683912,6099714
Far North District,17/12/2014,Wed,1340,GD,VN1V,181A 330A 929 ,,R,D,O ,F ,D,N,C,100,0,0,0,1683829,6099769
Far North District,27/11/2014,Thu,402,DB,CS1,410A ,T,E,D,DN,F , ,N,C,100,0,0,0,1683755,6099827
Far North District,28/07/2014,Mon,800,FA,TN1CC,331A 363A 181B 902 ,,E,D,B ,F , , ,C,100,0,0,2,1683758,6101435
Far North District,30/10/2014,Thu,2205,MO,CS1,103A 130A ,V,R,D,DO,F , ,N,C,70,0,0,0,1683631,6103555
Far North District,09/02/2014,Sun,1544,FB,CW1C,181A ,,R,D,O ,F ,X,G,C,80,0,0,0,1683513,6103678
Far North District,01/05/2014,Thu,1136,FD,4N1CC,181A 331A 181B ,,E,D,B ,F , , ,N,100,0,0,0,1683305,6103893
Far North District,22/03/2014,Sat,1400,DB,TS1V,130A 197A 407A ,,M,D,O ,L , , ,C,100,0,0,1,1683221,6103980
Far North District,28/02/2014,Fri,1618,CC,4S1,129A 410A ,FP,R,D,BN,F , ,N,C,100,0,0,1,1682754,6106123
Far North District,04/04/2014,Fri,1050,GC,CS1C,174B 371B 929 ,,E,D,O ,F ,D, ,C,100,0,0,0,1682032,6107224
Far North District,10/09/2014,Wed,657,JA,VN1C,111B 301B 321B ,,R,W,O ,F ,T,S,C,100,0,1,1,1681096,6109006
Far North District,31/07/2014,Thu,1833,EC,40,912,W,R,D,DN,F , ,N,C,100,0,0,0,1680321,6110544
Far North District,24/05/2014,Sat,2300,PA,CN1E,110A 129A 703B 724B ,,E,D,DO,F ,T,S,C,100,0,0,1,1680148,6111400
Far North District,18/12/2014,Thu,1200,DB,TN1,111A 131A ,E,M,D,B ,F , , ,C,100,0,0,0,1679814,6112438
Far North District,25/10/2014,Sat,730,EC,CE1,911,W,R,D,TN,F , ,N,C,100,0,0,0,1678331,6113132
Far North District,08/07/2014,Tue,2120,CC,CE1,103A 410A 801 ,CV,R,W,DN,L , , ,C,100,0,0,1,1676190,6113118
Far North District,06/09/2014,Sat,1140,DB,4S1,111A 135A 801 901 ,C,E,W,OF,H , ,N,C,100,0,0,0,1674890,6112694
Far North District,30/05/2014,Fri,42,BF,CS1V,101A 108A 131A ,,E,W,DN,L , , ,C,100,2,0,1,1674756,6112904
Far North District,10/06/2014,Tue,2145,DB,CS1,103A 111A 402A ,F,M,W,DN,L , , ,C,100,0,0,0,1674723,6112999
Far North District,26/05/2014,Mon,726,DB,4S1,135A 812 904 ,V,M,W,DN,M , , ,C,100,0,0,0,1674719,6113039
Far North District,15/03/2014,Sat,1815,DA,CN1,131A ,V,E,W,ON,L , ,N,L,100,0,0,0,1674779,6113183
Far North District,22/02/2014,Sat,1015,BF,VN1C,131A 350A 801 ,,M,W,O ,L , , ,C,100,0,0,1,1674785,6113464
Far North District,20/02/2014,Thu,1015,DA,CS1,135A 801 ,TV,M,W,OF,L , ,N,L,100,0,0,0,1674713,6113532
Far North District,29/10/2014,Wed,1045,DB,CN1,135A 806 ,F,E,W,ON,L , ,N,L,100,0,0,0,1673082,6114563
Far North District,07/02/2014,Fri,1500,FD,CS1C,181A ,,E,W,ON,L , ,N,C,100,0,0,0,1672238,6115329
Far North District,27/12/2014,Sat,1430,BE,4S1C,129A 354A ,,E,D,BN,F , ,N,C,100,0,0,1,1656833,6125376
Far North District,20/04/2014,Sun,1815,BB,CN1V,123A ,,R,W,BN,F , ,N,C,100,0,0,0,1651189,6125496
Far North District,26/08/2014,Tue,2100,DB,CS1,505A 506A ,EZ,M,D,DN,F , , ,C,100,0,0,1,1649267,6125924
Far North District,01/07/2014,Tue,850,BF,4N1C,130A 197B ,,E,D,O ,F , , ,N,100,0,0,0,1648344,6127329
Far North District,13/01/2014,Mon,1958,CC,CE1,130A ,C,R,D,O ,F , , ,C,60,0,0,0,1647439,6127915
Far North District,22/12/2014,Mon,1400,GE,CW1C,372B 929 ,,R,D,B ,F ,D, ,C,60,0,0,0,1647390,6127924
Far North District,23/03/2014,Sun,840,DB,CS1,501A ,C,E,D,BN,F , ,N,N,100,0,0,0,1642760,6127154
Far North District,02/01/2014,Thu,1600,BB,CW1C,103A 124A ,,R,D,B ,F ,T,S,C,60,0,0,1,1642527,6127311
Far North District,02/12/2014,Tue,1624,JA,CN14,308B 330B 922 ,,R,D,O ,F ,D, ,C,60,0,0,0,1642468,6127346
Far North District,07/05/2014,Wed,735,DB,CW1,111A 131A 357A 514A 904 ,C,R,W,TN,M ,T,S,C,100,0,0,0,1639069,6127591
Far North District,28/08/2014,Thu,1623,DB,CW1,103A 131A ,C,E,D,ON,F , ,N,C,100,0,0,0,1636599,6128750
Far North District,11/12/2014,Thu,1828,DA,CE1,131A 901 ,C,E,W,TN,H , , ,C,100,0,0,0,1634760,6128600
Far North District,14/08/2014,Thu,1352,DB,VS1,135A 903 ,,M,D,ON,FS, ,N,L,100,0,0,0,1631818,6127107
Far North District,14/12/2014,Sun,1905,DB,CN1,111A 131A 801 ,C,E,W,O ,L , , ,C,100,0,0,0,1631062,6126209
Far North District,08/07/2014,Tue,1630,EC,CS1,826 901 903 ,X,E,W,O ,HS, , ,C,100,0,0,0,1630761,6125928
Far North District,28/03/2014,Fri,,DB,TS1,101A 135A 613A ,C,M,D,B ,F , , ,L,100,0,0,1,1630173,6124972
Far North District,05/06/2014,Thu,1540,DA,TS1,135A 812 813 ,,M,D,O ,F , , ,C,100,0,0,0,1630056,6124862
Far North District,18/03/2014,Tue,1600,DB,CE1,103A 111A 131A ,FV,M,D,BN,F , ,N,C,100,0,0,1,1630029,6124398
Far North District,20/12/2014,Sat,1850,DA,CN1,103A 433A 929 ,P,R,W,O ,L ,D,N,C,100,0,0,0,1630078,6124120
Far North District,07/08/2014,Thu,2145,EC,CS1,912,W,R,D,DN,F , , ,C,100,0,0,0,1628335,6122781
Far North District,14/12/2014,Sun,1615,DA,4W1,410A ,JX,E,W,O ,L , , ,C,100,0,0,0,1627683,6122528
Far North District,16/07/2014,Wed,1520,AC,CW1C,159A 330A ,,R,D,O ,F , , ,C,100,0,0,0,1627225,6122327
Far North District,28/11/2014,Fri,1000,GE,CE1C,160A 929 ,,R,W,O ,L ,D,N,C,100,0,0,0,1624892,6121874
Far North District,05/12/2014,Fri,1037,FB,VW14,331A 387A ,,R,D,B ,F ,T,G,R,50,0,0,0,1623384,6121782
Far North District,12/04/2014,Sat,1000,FA,CN2C,181A 331A 191B ,,E,D,B ,F ,T,G,R,50,0,0,0,1697340,6084207
Far North District,03/04/2014,Thu,1350,FF,CW1C,111A 181A 331A 191B 195B ,,E,D,B ,F , , ,C,50,0,0,0,1697803,6084465
Far North District,18/05/2014,Sun,2205,EC,CS1C,191A 912 ,W,R,D,DN,F , , ,C,100,0,0,0,1698852,6084773
Far North District,31/12/2014,Wed,1225,FD,CN1C,181A ,,R,D,B ,F , , ,C,100,0,0,0,1699018,6085670
Far North District,17/10/2014,Fri,1800,MG,CN1C,371B ,,E,D,TN,F , ,N,C,100,0,0,0,1699006,6085963
Far North District,20/01/2014,Mon,1600,DA,CN1,111A 131A ,V,M,W,ON,L , ,N,L,80,0,0,0,1698816,6087241
Far North District,12/09/2014,Fri,750,DA,4N1,131A 631A 801 ,V,E,W,O ,L , , ,C,100,0,0,1,1698671,6087540
Far North District,07/02/2014,Fri,1200,DA,CN1,131A ,C,M,W,ON,L , ,N,L,80,0,0,0,1698882,6088058
Far North District,19/02/2014,Wed,1650,DA,CN1,135A 801 806 ,,E,W,ON,L , ,N,C,80,0,0,1,1698860,6088180
Far North District,26/01/2014,Sun,1015,DA,CN1,135A 806 ,C,E,W,ON,L , ,N,C,80,0,0,0,1698897,6088266
Far North District,20/01/2014,Mon,920,DB,CS1,137A ,X,M,W,ON,L , ,N,C,100,0,0,0,1698905,6088314
Far North District,24/12/2014,Wed,905,DA,CN1,131A 801 ,G,M,W,O ,L , , ,C,80,0,0,0,1698909,6088345
Far North District,11/10/2014,Sat,839,DA,CN1,111A 131A ,C,M,D,B ,F , , ,C,60,0,0,0,1698955,6088459
Far North District,05/05/2014,Mon,1600,DA,CN1,116A 131A 801 ,E,M,W,O ,L , , ,C,80,0,0,1,1698955,6088459
Far North District,19/02/2014,Wed,1240,BF,CN1T,135A 801 815 ,,M,W,ON,L , ,N,C,80,0,0,0,1698955,6088459
Far North District,20/02/2014,Thu,755,DB,CN1,116A 131A 800 801 817 ,,M,W,O ,L , , ,N,80,0,0,0,1699138,6088658
Far North District,06/08/2014,Wed,1054,JA,CN14,302B 353B 377B ,,E,D,BN,F ,T,G,C,80,0,0,0,1699171,6088954
Far North District,06/02/2014,Thu,1100,DA,VS1,137A ,B,M,W,ON,L , ,G,N,100,0,0,0,1699355,6089225
Far North District,10/05/2014,Sat,1513,LB,4E1C,303B 378B 801 832 927 ,,R,W,O ,L ,D, ,L,80,0,2,3,1700492,6090413
Far North District,14/05/2014,Wed,840,KB,CE1C,301B 375B ,,M,D,O ,F ,T,S,C,100,0,0,0,1701014,6091724
Far North District,09/10/2014,Thu,1015,FD,CS1C,181A ,,E,D,OF,F ,T,S,L,80,0,0,0,1701014,6091724
Far North District,18/06/2014,Wed,1035,DA,CW1,111A 132A ,,M,W,O ,F , ,N,C,100,0,0,1,1699824,6094040
Far North District,18/05/2014,Sun,1220,EA,CS1CC,103A 129A 130A ,M,R,D,BF,F , , ,C,50,0,0,0,1699519,6094949
Far North District,04/01/2014,Sat,1030,AD,CN1C,150A 386A 200B 440B ,,R,D,B ,F , ,N,C,50,0,0,1,1699234,6095272
Far North District,15/05/2014,Thu,1645,GD,CS1C,181A 331A ,,R,D,O ,F ,T,G,C,50,0,0,0,1699122,6095372
Far North District,18/07/2014,Fri,1707,NB,CW1E,306A 363A 376A 902 ,,R,D,B ,F , , ,X,50,0,0,1,1698699,6095549
Far North District,09/01/2014,Thu,1530,FC,CE14,181A 331A ,,R,W,O ,L , ,N,C,50,0,0,0,1698690,6095553
Far North District,04/08/2014,Mon,1910,CA,CE1,129A 358A ,P,R,D,DO,F , ,N,N,50,0,0,0,1698686,6095555
Far North District,24/04/2014,Thu,2240,DA,CW1,103A 111A 131A ,C,M,D,DN,M , ,N,C,100,0,0,0,1697446,6094745
Far North District,17/12/2014,Wed,700,DB,CE1,131A 801 901 ,E,E,W,O ,H , , ,C,100,0,0,0,1696557,6095025
Far North District,23/01/2014,Thu,1719,CB,CW1,103A 112A ,K,R,D,BF,F ,T,N,C,70,0,0,0,1695530,6095317
Far North District,21/02/2014,Fri,1520,JA,CW1CC,308B 375B 930 ,FM,R,W,ON,L ,D,N,L,70,0,0,1,1695530,6095317
Far North District,17/03/2014,Mon,1208,DB,CE1,131A ,V,M,D,BN,F , ,N,N,100,0,0,0,1692817,6094297
Far North District,15/03/2014,Sat,2020,EC,VS1,901 903 912 ,W,E,W,DN,HS, , ,C,100,0,0,0,1678988,6086051
Far North District,03/10/2014,Fri,2200,EC,4N1,912,W,R,D,DN,F , ,N,C,100,0,0,0,1678054,6084808
Far North District,14/06/2014,Sat,835,CC,CS1,112A 130A 402A ,F,R,D,B ,F , , ,C,100,0,0,0,1678015,6084777
Far North District,13/08/2014,Wed,815,DB,CN1,131A ,C,E,W,BN,F , ,N,C,100,0,0,0,1676878,6083640
Far North District,28/09/2014,Sun,1152,DB,MN1C,131A ,,E,D,O ,F ,T,G,C,100,0,0,0,1673714,6082802
Far North District,04/11/2014,Tue,808,GD,CN1C,150A 181A 191B 930 ,,R,D,O ,F ,D,N,C,50,0,0,0,1673470,6082339
Far North District,23/06/2014,Mon,1909,JA,VE1V,301B 375B ,,R,D,DO,F ,T,S,C,50,0,0,1,1673119,6081756
Far North District,09/06/2014,Mon,450,LB,4S1C,303B 330B 645B 801 ,,R,W,DN,L ,T,S,C,50,0,0,0,1672930,6081639
Far North District,15/11/2014,Sat,2201,DB,CN2,103A 110A 131A 514A 801 ,H,R,W,DO,L ,T,S,C,50,0,0,0,1672930,6081639
Far North District,02/01/2014,Thu,1319,CA,CS2C,136A 321A 613A ,T,R,D,BF,F ,T,S,C,50,0,0,0,1672844,6081588
Far North District,18/01/2014,Sat,1544,FF,CE1C,181A 357A ,,R,D,BF,F ,T,N,C,50,0,0,0,1672717,6081513
Far North District,08/08/2014,Fri,1200,MO,VS1C,112A 371A 386A ,,R,D,B ,F , , ,C,50,0,0,0,1672701,6081502
Far North District,19/11/2014,Wed,1800,EA,VE14,129A 386A ,M,R,D,B ,F , , ,C,50,0,0,0,1672643,6081466
Far North District,12/03/2014,Wed,1440,KA,CE1T,301B ,,R,D,B ,F ,T,S,C,50,0,0,1,1672626,6081455
Far North District,18/12/2014,Thu,1138,MO,CN1C,386A ,M,R,D,B ,F , , ,C,50,0,0,0,1672519,6081388
Far North District,15/07/2014,Tue,1330,MO,4N1C,386A ,M,R,D,B ,F , , ,C,50,0,0,0,1672495,6081373
Far North District,21/10/2014,Tue,1515,HA,CS2C,301A 375A ,,R,D,B ,F ,X,S,C,50,0,0,0,1672485,6081367
Far North District,30/12/2014,Tue,2020,FB,CN14,420B ,,R,D,DO,F ,X,S,P,50,0,0,0,1672485,6081367
Far North District,23/04/2014,Wed,1510,MB,VE1C,370B ,,R,D,B ,F , , ,C,50,0,0,0,1672401,6081313
Far North District,13/07/2014,Sun,807,DC,CN1,103A 130A 321A ,F,R,W,B ,F ,T,S,C,50,0,0,0,1672242,6081226
Far North District,09/05/2014,Fri,1635,BE,CW1V,129A 134A ,PV,R,D,OF,F , ,N,C,100,0,1,1,1671109,6079320
Far North District,06/06/2014,Fri,2355,DA,CW1,103A 111A 532A ,,E,W,DN,L , , ,C,100,0,1,0,1670919,6079260
Far North District,10/02/2014,Mon,1903,DA,CE1,131A 517A ,FP,E,D,BN,F , ,N,C,100,0,0,0,1663500,6075524
Far North District,03/05/2014,Sat,1846,DB,CW1,103A 410A ,TX,E,D,DN,F , , ,C,100,0,0,2,1661446,6075211
Far North District,21/03/2014,Fri,825,BC,VE1C,121A 610A 620A ,V,M,D,O ,F , ,N,C,100,0,0,0,1660942,6075347
Far North District,02/03/2014,Sun,600,EC,CS1,912,W,E,D,TN,F , , ,C,100,0,0,0,1656656,6073878
Far North District,07/04/2014,Mon,530,EC,CW1,912,W,R,D,DN,M , , ,C,100,0,0,0,1655297,6072311
Far North District,08/07/2014,Tue,1650,DB,TN14,131A 181B 901 ,,E,W,O ,H , , ,C,100,0,0,0,1653183,6072704
Far North District,25/02/2014,Tue,2040,FA,VN1O,103A 331A 129B 308B 602B 929 ,,R,D,DN,F ,D, ,C,100,0,1,0,1653035,6072811
Far North District,23/11/2014,Sun,1210,DA,MN1,101A 131A 632A ,G,M,D,B ,F , , ,C,100,0,1,0,1641663,6074196
Far North District,14/03/2014,Fri,1610,DA,4N1,501A ,,E,D,O ,F , , ,C,100,0,0,0,1641535,6073896
Far North District,20/08/2014,Wed,1420,CC,CW1,125A 504A ,FV,R,W,O ,F , ,N,C,100,0,0,0,1638554,6072699
Far North District,27/01/2014,Mon,115,DA,CW1,101A 131A 410A ,GP,M,W,DN,L , ,N,C,100,0,0,0,1636517,6071444
Far North District,10/02/2014,Mon,1915,GD,CN1C,331A 350A 929 ,,R,D,TF,F ,D,N,C,50,0,0,1,1635211,6069121
Far North District,08/03/2014,Sat,1430,AD,MW1V,104A 132A 151A ,,R,D,B ,F , , ,C,70,0,0,1,1640317,6064724
Far North District,31/12/2014,Wed,827,DA,CS1,103A 111A 131A 801 ,V,M,W,O ,L , , ,C,100,0,0,0,1647822,6060280
Far North District,15/07/2014,Tue,820,MO,CN1C,130A 197A 387A 330B 386B 801 ,,E,W,O ,L , , ,C,100,0,0,3,1648084,6060018
Far North District,31/12/2014,Wed,1630,BF,ME1C,111A 131A ,,M,D,B ,F ,T,N,C,100,0,0,1,1581455,6181861
Far North District,01/11/2014,Sat,1240,DA,MW1,131A 330A ,C,M,D,B ,F , ,N,C,100,0,0,1,1581872,6182166
Far North District,28/10/2014,Tue,1400,DA,CS1,131A ,V,E,D,B ,F , , ,C,100,0,0,0,1597298,6168079
Far North District,20/02/2014,Thu,905,LB,VS1CC,303B 926 ,,R,W,O ,F ,D,N,C,100,0,0,0,1597265,6166370
Far North District,02/01/2014,Thu,1530,FB,CN1C,181A ,,E, , N,  , ,G,N,80,0,0,0,1597004,6164539
Far North District,30/09/2014,Tue,1300,DA,4S1,129A 504A ,C,M,D,BN,F , ,N,C,100,0,1,0,1606810,6153765
Far North District,06/01/2014,Mon,1305,LB,4N1V,303B 375B 929 ,,E,D,B ,F ,D, ,C,100,0,2,0,1611041,6147172
Far North District,23/12/2014,Tue,1545,DA,4S1,129A 191A ,,S,D,ON,F , ,N,C,100,0,0,0,1614987,6139201
Far North District,23/11/2014,Sun,1604,CB,CS1,129A 354A ,V,R,D,BN,F , ,N,C,100,0,0,0,1616840,6136080
Far North District,18/02/2014,Tue,900,JA,CE14,308B 378B 929 ,,M,D,O ,F ,D,N,C,100,0,0,1,1617026,6132249
Far North District,30/09/2014,Tue,710,DB,4S1,111A 131A 402A 801 ,EF,M,W,O ,L , , ,C,100,0,0,0,1617525,6131621
Far North District,26/05/2014,Mon,948,DB,CS1,131A 806 ,,M,W,O ,L , , ,C,100,0,0,0,1617564,6131613
Far North District,10/09/2014,Wed,1200,DA,CN1,111A 131A ,C,M,D,O ,L , , ,C,100,0,0,0,1617380,6130185
Far North District,06/12/2014,Sat,1520,DA,CS1,131A 195A ,FT,M,D,BN,F , ,N,L,100,0,0,0,1617568,6127175
Far North District,25/12/2014,Thu,,DB,CS1,111A 131A 404A ,F,M,D,O ,F , , ,C,100,0,0,0,1618223,6125846
Far North District,10/04/2014,Thu,1115,CB,VS1,130A 351A 354A ,VX,R,D,B ,F , , ,C,100,0,0,0,1618513,6125771
Far North District,12/07/2014,Sat,45,CC,CW1,110A 130A 402A 801 903 ,C,R,W,DN,LS, , ,C,100,0,0,2,1620162,6124433
Far North District,09/10/2014,Thu,1145,DA,CS1,131A 350A 410A ,FPV,E,D,O ,F , ,N,C,100,1,0,0,1623080,6123691
Far North District,23/04/2014,Wed,1715,DA,4S1,135A 363A 902 ,,M,D,BF,F , ,N,C,100,0,0,0,1623223,6122757
Far North District,29/11/2014,Sat,1519,BE,CS1C,101A 410A ,,R,D,B ,F ,T,G,C,50,0,0,1,1623291,6122498
Far North District,25/07/2014,Fri,1300,GD,TN1C,929,,R,D,OF,F ,T,N,C,50,0,0,1,1623298,6122473
Far North District,23/10/2014,Thu,1100,JA,4N1C,302A ,,R,D,B ,F ,T,G,C,50,0,0,0,1623379,6121781
Far North District,02/11/2014,Sun,100,MO,VS14E,103A 357A 512A ,M,R,D,DO,F , ,N,C,50,0,0,1,1623413,6121524
Far North District,15/08/2014,Fri,2037,DA,CN1,111A 356A ,V,M,D,B ,F , ,N,C,100,0,0,1,1623534,6120062
Far North District,19/02/2014,Wed,1530,CB,CN1,129A 358A ,V,R,D,ON,F ,T,S,C,100,0,0,1,1623512,6119474
Far North District,05/07/2014,Sat,1705,CB,VN1,103A 112A ,,R,D,ON,FS, ,N,C,100,0,1,0,1623459,6118064
Far North District,21/04/2014,Mon,525,EC,CS1,912,VW,R,W,DN,F , , ,C,100,0,0,1,1623426,6117155
Far North District,07/02/2014,Fri,925,EA,CN14,386A ,M,R,W,B ,F , ,N,P,50,0,0,0,1623649,6115695
Far North District,13/05/2014,Tue,1454,HA,CN1C,301B 370B ,,R,D,O ,F ,T,S,C,50,0,0,1,1624068,6114568
Far North District,16/12/2014,Tue,1715,GD,VS1CC,331A 352A ,,R,D,OF,FS,T,G,C,50,0,0,0,1624509,6113676
Far North District,21/03/2014,Fri,1345,GC,CE1S,197A 174B 929 ,,E,D,B ,F ,D, ,C,100,0,0,1,1626272,6113105
Far North District,03/04/2014,Thu,2147,DB,CE1,135A 402A 800 904 ,V,E,W,DN,M , , ,C,100,0,0,2,1626943,6112915
Far North District,09/06/2014,Mon,515,DA,CW1,131A 901 ,F,M,W,DN,H , ,N,C,100,0,0,1,1628190,6113046
Far North District,04/09/2014,Thu,1900,DA,CW1,101A 111A 517A ,FT,E,D,DN,F , , ,C,100,0,0,0,1628207,6113056
Far North District,30/06/2014,Mon,1659,DA,CE1,111A 131A ,FP,E,W,O ,F , ,N,C,100,0,1,0,1629332,6113750
Far North District,22/01/2014,Wed,1120,DB,CW1,103A 111A ,VX,M,D,O ,F , ,N,C,100,0,0,0,1629481,6113744
Far North District,07/05/2014,Wed,2121,EC,CN1,912,W,R,D,DN,F , , ,C,100,0,0,2,1638458,6109513
Far North District,06/08/2014,Wed,1630,DB,CN1,131A 801 ,V,M,W,O ,L , , ,P,100,0,1,0,1638633,6109416
Far North District,27/04/2014,Sun,1716,BC,CN14,121A 801 ,,S,W,O ,L , , ,C,100,0,0,0,1640694,6106809
Far North District,24/11/2014,Mon,1120,DA,VN1,111A 131A 407A 801 ,C,M,W,O ,L , , ,L,100,0,0,1,1642907,6106327
Far North District,06/11/2014,Thu,1145,DB,CE1,131A 402A ,T,M,W,O ,L , ,N,L,100,0,0,0,1644609,6104981
Far North District,21/08/2014,Thu,1640,DB,CN1,131A 412A 804 ,E,M,D,O ,F , , ,C,100,0,0,1,1644624,6104998
Far North District,21/06/2014,Sat,1825,EC,CE1V,912,W,R,D,DN,F ,T,G,C,100,0,0,0,1646853,6103917
Far North District,03/04/2014,Thu,630,EC,VS1,912,W,S,D,DN,M ,T,G,C,100,0,0,0,1649186,6103532