TLANAME,CRASHDATE,CRASHDOW,CRASHTIME,MVMT,VEHICLES,CAUSES,OBJECTSSTRUCK,ROADCURVE,ROADWET,LIGHT,WTHRa,JUNCTYPE,TRAFCTRL,ROADMARK,SPDLIM,CRASHFATALCNT,CRASHSEVCNT,CRASHMINCNT,EASTING,NORTHING
Far North District,09/03/2014,Sun,2120,DA,4S1,101A 111A ,,E,D,DN,F ,T,N,C,100,0,0,0,1649186,6103532
Far North District,06/08/2014,Wed,2020,EC,CE1,912,W,R,D,DN,F , , ,C,100,0,0,0,1660232,6094028
Far North District,08/07/2014,Tue,1145,FO,CE1C,181A 331A 901 903 930 ,,R,W,O ,HS,D, ,C,100,0,0,0,1665352,6094740
Far North District,06/02/2014,Thu,1059,DA,CE1,102A 111A 131A 800 801 ,V,S,W,O ,L , , ,C,100,0,0,1,1667051,6093629
Far North District,27/10/2014,Mon,1115,FD,CE14,181A 331A ,,R,D,O ,F , ,G,N,100,0,0,0,1667655,6093056
Far North District,04/01/2014,Sat,1105,GD,CN1C,333A 363A ,,R,D,BF,F ,T,G,C,100,0,0,0,1672665,6091271
Far North District,15/09/2014,Mon,1238,CB,TE1,129A 353A ,P,R,D,OF,F , ,N,C,100,0,1,0,1672833,6091135
Far North District,25/02/2014,Tue,1725,MC,VE1C,197A 355B 372B ,V,R,D,BN,F , ,N,L,100,0,0,0,1675279,6089194
Far North District,07/02/2014,Fri,1536,DA,CW1,501A ,FT,M,W,ON,L , ,N,L,100,0,0,0,1675737,6089065
Far North District,05/10/2014,Sun,1826,DA,ME1,101A 111A 131A ,F,M,D,O ,F , , ,C,100,0,1,1,1678554,6089016
Far North District,02/11/2014,Sun,320,DA,CS1,111A 131A 817 ,,M,D,DN,F , , ,N,100,0,0,0,1678554,6089016
Far North District,14/05/2014,Wed,609,DB,CN1,363A 904 ,FJ,E,W,DN,M , , ,C,100,0,0,0,1678596,6089009
Far North District,30/04/2014,Wed,44,DA,VW1,410A ,F,E,D,DN,F , , ,C,100,0,0,3,1680156,6087574
Far North District,24/10/2014,Fri,850,MB,CE1V,330B 372B ,,R,D,O ,F , ,N,C,60,0,0,0,1680191,6087593
Far North District,07/12/2014,Sun,1045,FA,CW1CC,181A 191A ,M,R,D,B ,F , , ,C,100,0,0,0,1685904,6086612
Far North District,22/10/2014,Wed,950,DB,VN1,131A 402A ,V,M,W,ON,L , ,N,C,100,0,0,0,1686432,6086579
Far North District,21/08/2014,Thu,1045,GD,CW1C,181A 929 ,,R,D,BN,F ,D,N,C,100,0,0,3,1686760,6086760
Far North District,29/11/2014,Sat,201,CC,CN1,104A 112A 817 ,F,R,D,DF,F , ,N,C,100,0,0,1,1689000,6084892
Far North District,03/10/2014,Fri,1030,AO,CN1T,184A ,,R,D,BN,F , ,N,L,100,0,0,0,1690231,6083534
Far North District,12/03/2014,Wed,2140,EC,40,911,W,S,D,DN,F , ,N,L,100,0,0,0,1690688,6083208
Far North District,05/05/2014,Mon,1900,FD,4E1V,111A 181A 331A 901 ,,E,W,DN,H , , ,C,100,0,0,0,1691136,6083369
Far North District,28/02/2014,Fri,1150,EA,TE14,129A ,M,R,D,B ,F ,T,N,C,50,0,0,0,1691638,6083302
Far North District,18/05/2014,Sun,1500,HA,CE1C,101B 321B ,,R,D,B ,F ,X,S,P,50,0,0,1,1691822,6083358
Far North District,27/05/2014,Tue,1630,KA,CW1C,301B ,,R,D,B ,F ,X,S,C,50,0,0,0,1691822,6083358
Far North District,01/12/2014,Mon,1630,CC,CE1,410A ,F,R,D,B ,F , , ,C,50,0,0,1,1691887,6083386
Far North District,24/06/2014,Tue,900,MA,CE1C,373B ,,R,D,O ,F , ,N,C,50,0,0,0,1692002,6083435
Far North District,07/03/2014,Fri,1610,CC,CW1,133A 410A ,,R,D,B ,F , ,N,C,80,0,0,0,1693304,6084032
Far North District,11/12/2014,Thu,1540,BE,CE14,125A ,,R,W,O ,F , ,N,C,80,1,2,0,1694056,6084427
Far North District,16/06/2014,Mon,1535,GD,CE1CC,331A 801 ,,R,W,O ,L ,T,G,C,80,0,0,1,1694092,6084444
Far North District,29/12/2014,Mon,345,CB,4N1,130A 197A 904 ,B,R,D,DN,M , , ,L,100,0,0,0,1696606,6084539
Far North District,05/12/2014,Fri,850,MC,TN1C,181A 197A 372B ,,R,D,B ,F , , ,L,50,0,0,0,1696674,6084394
Far North District,28/10/2014,Tue,1500,JC,CS1C,322B ,,R,D,B ,F ,X,T,C,50,0,0,0,1696716,6084319
Far North District,18/10/2014,Sat,2038,CA,MW1,135A 812 901 ,,R,W,DO,H ,T,N,C,50,0,0,1,1696810,6084295
Far North District,02/08/2014,Sat,1157,MA,CE1V,373B 402B ,,R,D,O ,F , , ,C,50,0,0,0,1696849,6084289
Far North District,13/03/2014,Thu,1102,CB,CN1,427A ,I,R,D,OF,F ,T,S,R,50,0,0,1,1697340,6084207
Far North District,21/11/2014,Fri,1310,JC,CE1M,301A 375A 357B ,,R,D,B ,F ,T,S,R,50,0,0,1,1697340,6084207
Far North District,21/01/2014,Tue,1705,DA,CN1,131A 404A ,BS,E,D,B ,F , ,N,C,50,0,0,0,1697296,6084066
Far North District,19/07/2014,Sat,1900,EC,VN1,330A 363A 901 ,X,M,W,DN,H , , ,C,100,0,0,0,1697417,6083285
Far North District,15/12/2014,Mon,1220,DB,CN1,111A 131A ,CG,S,W,O ,F , , ,C,100,0,0,0,1697417,6083285
Far North District,05/11/2014,Wed,625,BA,CS1C,129A 359A 904 ,,R,D,O ,M , , ,C,100,0,0,0,1697245,6082734
Far North District,08/08/2014,Fri,1430,DA,VN1,135A 804 ,CV,E,D,ON,F , ,N,C,100,0,0,0,1697190,6082353
Far North District,21/02/2014,Fri,1815,DB,CN1,111A 132A 801 ,G,S,W,ON,L , ,N,L,100,0,0,0,1697208,6082057
Far North District,20/01/2014,Mon,1705,DA,CS1,110A 131A ,F,M,W,O ,F , ,N,C,100,0,0,0,1697217,6081755
Far North District,04/01/2014,Sat,1855,BF,VN1CC,121A 137A ,,E,D,B ,F , ,N,C,100,0,1,1,1697451,6080700
Far North District,16/04/2014,Wed,900,GC,CN14,387A 174B 372B 929 ,CC,R,D,B ,F ,D, ,L,100,0,1,2,1697406,6080273
Far North District,29/10/2014,Wed,503,DA,CN1,131A 402A ,,M,W,DN,F , ,N,C,100,0,0,0,1697209,6079669
Far North District,30/04/2014,Wed,1820,EC,CN1,912,W,E,D,TF,F , ,N,C,100,0,0,0,1697211,6079462
Far North District,04/05/2014,Sun,1500,CB,CN1,130A 412A ,C,R,D,BN,F , , ,C,100,0,0,0,1697262,6078777
Far North District,07/01/2014,Tue,1430,QG,4N1,131A 668A 687A ,G,E,D,B ,F , , ,C,100,0,0,0,1697706,6077558
Far North District,21/08/2014,Thu,1800,DB,CS1,131A 412A ,G,E,D,TN,F , , ,C,100,0,0,0,1698850,6075990
Far North District,01/04/2014,Tue,100,DA,CN1,414A ,T,M,D,DN,F , , ,C,100,0,0,0,1698971,6074701
Far North District,02/08/2014,Sat,1841,DA,CS1,103A 134A ,V,M,W,DN,L , ,N,C,100,0,0,1,1699301,6074515
Far North District,05/10/2014,Sun,1041,BE,CW1C,104A 125A 410A ,,R,D,B ,F , ,N,C,100,0,2,0,1700611,6073809
Far North District,11/01/2014,Sat,935,AC,CS1C,159A ,V,R,D,BN,F , ,N,C,100,0,0,2,1701219,6073245
Far North District,29/06/2014,Sun,830,DA,4N1,129A ,C,E,D,BF,F , ,N,C,100,0,0,1,1701661,6072913
Far North District,20/01/2014,Mon,950,FA,BW1C,112A 331A 901 ,,R,W,O ,H , , ,C,100,0,0,3,1702563,6072581
Far North District,21/04/2014,Mon,27,CB,CW1,130A 404A 423A ,F,R,D,DO,F , , ,P,100,0,0,0,1702573,6072558
Far North District,13/12/2014,Sat,1200,GE,CS14,160A 402A 922 ,,E,D,O ,F ,D,N,C,100,0,0,0,1702583,6072535
Far North District,03/12/2014,Wed,2150,AD,CE1,103A 111A 131A 402A ,C,M,D,DN,F , , ,C,100,0,0,1,1702641,6072397
Far North District,03/01/2014,Fri,1100,EC,4S14,668A ,D,R,D,B ,F , ,N,C,100,0,0,0,1702775,6071895
Far North District,16/02/2014,Sun,1315,BB,TW1C,123A ,,M,D,O ,F , ,N,N,100,0,0,0,1703369,6071531
Far North District,06/04/2014,Sun,1245,DA,CE1,131A 358A ,V,E,D,B ,F , , ,C,100,0,0,0,1703739,6071458
Far North District,06/02/2014,Thu,1000,DB,CS1,131A 801 ,,M,W,O ,L , ,N,C,100,0,0,0,1705732,6071100
Far North District,01/07/2014,Tue,1215,BE,CE1T,136A 361A ,,R,D,ON,L , ,N,C,100,0,0,0,1705778,6071079
Far North District,06/09/2014,Sat,1341,DA,TW1,129A 134A 815 ,,E,W,ON,L ,T,N,C,100,0,0,0,1706237,6070939
Far North District,06/07/2014,Sun,1025,DB,CN1,111A 131A 402A ,V,M,D,B ,F , , ,C,100,0,0,0,1706287,6070933
Far North District,30/05/2014,Fri,908,DB,CN1,131A 801 901 ,C,M,W,O ,H , , ,C,100,0,0,0,1706337,6070935
Far North District,20/04/2014,Sun,720,DB,CW1,131A ,V,M,W,OF,F , ,N,C,100,0,0,0,1706386,6070928
Far North District,16/03/2014,Sun,1100,DB,CW1,111A 131A 801 ,C,M,W,O ,L , , ,C,100,0,0,0,1706386,6070928
Far North District,16/01/2014,Thu,727,DA,CN1,116A 339A 402A 817 ,C,E,D,B ,F , , ,N,100,0,0,1,1706914,6069682
Far North District,02/01/2014,Thu,1330,FD,CS1C,181A ,,R,D,BN,F , ,N,C,100,0,0,0,1707230,6069555
Far North District,30/11/2014,Sun,315,QG,CN1,682A ,,R,D,DF,F , , ,C,100,0,0,0,1707486,6069401
Far North District,10/03/2014,Mon,2139,EC,4N1,912,W,E,W,DN,M , ,N,C,100,0,0,0,1708618,6068652
Gisborne District,30/11/2014,Sun,319,CC,4W1,129A 197A ,P,R,D,DO,F , , ,C,50,0,0,2,2035925,5710005
Gisborne District,05/11/2014,Wed,1529,GC,CS1S,308B 375B 930 ,,R,W,O ,F ,D,N,C,50,0,0,1,2036809,5709439
Gisborne District,06/11/2014,Thu,830,MD,CN1C,371B 929 ,,R,D,O ,F ,D,N,C,50,0,0,0,2036769,5709469
Gisborne District,17/06/2014,Tue,1700,HA,CS2C,301B 370B ,,R,D,TO,F ,X,S,C,50,0,0,0,2036802,5709446
Gisborne District,13/06/2014,Fri,2027,DB,CS2C,103A 111A 131A ,M,M,D,DO,F ,X,S,C,50,0,0,0,2036802,5709446
Gisborne District,08/04/2014,Tue,1530,DB,CS2,101A 111A 131A 517A 801 ,KS,R,W,O ,L ,T,G,X,50,0,0,0,2035679,5708649
Gisborne District,10/11/2014,Mon,800,DA,TS1,111A 358A ,,M,D,B ,F , ,N,C,100,0,0,0,2021896,5749844
Gisborne District,10/03/2014,Mon,1500,DA,TS1,131A 406A ,EF,E,D,B ,F , ,N,C,100,0,0,1,2021934,5749856
Gisborne District,04/06/2014,Wed,1815,JA,CN1C,302B 375B ,,R,D,DO,F ,X,G,C,50,0,0,0,2035940,5710694
Gisborne District,27/11/2014,Thu,1112,BA,CS1C,129A 358A ,,R,D,BF,F , ,N,C,100,0,0,2,2034610,5712309
Gisborne District,01/01/2014,Wed,230,EB,CS1C,370A 402A 103B 602B 102 ,M,R,D,DN,F , ,N,C,100,0,0,0,2029530,5718081
Gisborne District,20/03/2014,Thu,930,MO,CW1C,371A ,M,R,D,BF,F ,X,S,C,50,0,0,0,2037344,5709518
Gisborne District,27/06/2014,Fri,1410,MO,TS1C,386A 818 927 ,M,R,D,B ,F ,D,N,C,50,0,0,0,2037199,5708255
Gisborne District,10/04/2014,Thu,30,DC,CE2,103A 335A 410A ,P,R,D,DN,F ,T,G,C,100,0,0,1,2030598,5710636
Gisborne District,02/06/2014,Mon,1908,DA,TN1,111A 131A 801 ,FV,M,W,DN,L , , ,C,100,0,0,2,2028235,5714486
Gisborne District,15/02/2014,Sat,745,EA,CE1C,129A ,M,R,D,B ,F , , ,C,50,0,0,0,2039911,5707332
Gisborne District,14/10/2014,Tue,1119,AO,PS1C,150A 387A ,,R,D,B ,F , ,N,C,50,0,1,0,2034082,5709335
Gisborne District,18/04/2014,Fri,1215,HA,CW2V,302A 375A ,,R,W,OF,H ,R,G,P,50,0,0,0,2037160,5708218
Gisborne District,18/02/2014,Tue,1458,HA,CS1V,302A 375A ,,R,D,B ,F ,R,G,C,50,0,0,0,2037160,5708228
Gisborne District,23/05/2014,Fri,1116,EE,BE1C,374B ,M,R,D,B ,F , , ,C,50,0,0,0,2035394,5709202
Gisborne District,18/06/2014,Wed,1635,JA,CE1C,302B 375B 402B ,,R,D,TF,F ,T,G,C,50,0,0,0,2035408,5709196
Gisborne District,18/11/2014,Tue,1200,MA,CE1V,373B ,,R,D,B ,F ,X,S,C,50,0,0,0,2036450,5708808
Gisborne District,01/05/2014,Thu,740,HA,CN2C,302A 363A 902 ,,R,D,B ,F ,R,G,R,50,0,0,0,2037071,5708307
Gisborne District,11/03/2014,Tue,600,HA,CS2C,302A 375A ,,R,D,BF,F ,R,G,R,50,0,0,0,2037071,5708307
Gisborne District,16/10/2014,Thu,1750,HA,4W24,302A ,,R,D,B ,F ,R,G,R,50,0,0,0,2037071,5708307
Gisborne District,09/05/2014,Fri,1447,HA,CN1C,301B 370B 402B ,,R,D,O ,F ,X,S,P,50,0,0,0,2037340,5708040
Gisborne District,03/12/2014,Wed,1355,HA,CN1C,301B 375B ,,R,D,B ,F ,X,S,C,50,0,0,0,2037253,5708131
Gisborne District,25/11/2014,Tue,1208,FC,CW1C,331A 358A ,,R,D,B ,F , , ,X,50,0,0,0,2036226,5708892
Gisborne District,21/11/2014,Fri,1210,FD,CE1C,181A 350A ,,R,D,O ,F ,R,G,C,50,0,0,0,2037405,5707972
Gisborne District,11/10/2014,Sat,1930,KA,CE1C,308B 375B 925 ,,R,D,DO,F ,D, ,C,50,0,0,0,2037398,5707979
Gisborne District,07/04/2014,Mon,1500,NB,VE1E,712B 713B 801 ,,R,W,O ,L , , ,C,50,0,0,1,2035946,5708996
Gisborne District,11/08/2014,Mon,1740,FB,CW1C,181A 387A ,,R,D,DO,F ,R,G,C,50,0,0,0,2035857,5709030
Gisborne District,03/12/2014,Wed,308,DA,CW1,111A 130A 514A ,CFI,M,D,DO,F ,R,G,R,50,0,0,0,2035846,5709025
Gisborne District,07/10/2014,Tue,1620,MD,CW1C,308B 371B 929 ,,R,D,B ,F ,D,N,C,50,0,0,0,2035103,5709310
Gisborne District,09/07/2014,Wed,1824,JA,CW1C,308B 375B 801 924 ,,R,W,DO,L ,D,N,C,50,0,0,0,2036927,5708653
Gisborne District,06/06/2014,Fri,1645,MO,CN1,371A 929 ,,R,D,BF,F ,D,N,N,50,0,0,0,2035450,5709339
Gisborne District,04/07/2014,Fri,1700,JA,CS1C,101B 303B ,,R,D,TO,F ,T,N,C,50,0,0,0,2038940,5707286
Gisborne District,07/01/2014,Tue,1549,DC,CS1,130A 501A ,F,R,D,BF,F ,X,G,C,50,0,0,0,2037992,5707409
Gisborne District,29/08/2014,Fri,1054,MG,CN1V,371B ,,R,D,BF,F ,X,G,C,50,0,0,0,2036300,5710391
Gisborne District,23/05/2014,Fri,900,HA,CN2C,302A 375A ,,E,D,BF,F ,R,G,R,50,0,0,0,2038800,5707572
Gisborne District,10/06/2014,Tue,1045,PC,CE1C,371B 927 ,,R,D,OF,F ,D,N,C,50,0,0,0,2037087,5708498
Gisborne District,26/11/2014,Wed,1010,MC,VS1C,330B 372B ,,R,D,B ,F , , ,C,50,0,0,0,2037076,5708488
Gisborne District,11/11/2014,Tue,850,NA,CS1E,711B ,,R,D,BF,F ,R,G,C,50,0,0,1,2037109,5708519
Gisborne District,17/04/2014,Thu,1440,KA,CW2C,302B ,,M,W,O ,H ,R,G,R,50,0,0,0,2037226,5708631
Gisborne District,14/02/2014,Fri,2250,DB,CS1,501A ,I,R,D,DO,F ,R,G,R,50,0,0,0,2038681,5706945
Gisborne District,21/03/2014,Fri,1510,HA,CE2V,302A 375A 645A ,,R,W,OF,H ,X,G,C,50,0,0,0,2038719,5707013
Gisborne District,30/03/2014,Sun,500,CC,CN1,110A 129A ,S,R,D,DO,F ,T,N,R,50,0,0,0,2037677,5707632
Gisborne District,11/05/2014,Sun,1110,CB,CW1,130A 195A 402A ,F,R,D,B ,F , , ,C,50,0,0,0,2037958,5709117
Gisborne District,12/03/2014,Wed,730,EA,CS1C,129A ,M,E,D,B ,F , , ,C,50,0,0,0,2037818,5709064
Gisborne District,02/01/2014,Thu,1030,AA,4W1C,170A 372A ,,R,D,B ,F ,T,G,R,50,0,0,0,2035427,5709788
Gisborne District,06/06/2014,Fri,1630,GD,4N1C,129A 350A ,,R,D,B ,F ,X,G,R,50,0,0,0,2035425,5709789
Gisborne District,29/04/2014,Tue,1130,ME,CN1C,371B ,,R,D,B ,F , , ,C,50,0,0,0,2037264,5708345
Gisborne District,05/03/2014,Wed,2245,MA,CE1C,373B ,,E,W,DO,L , , ,C,50,0,0,0,2036806,5708822
Gisborne District,06/09/2014,Sat,751,HA,CN1V,302B 330B 645B 801 ,HS,R,W,O ,L ,X,G,C,50,0,1,0,2036796,5708833
Gisborne District,15/05/2014,Thu,1530,NA,CW1E,712B 713B 801 ,,R,W,O ,L ,T,S,R,50,0,0,1,2034468,5710189
Gisborne District,23/10/2014,Thu,1515,JA,CW1C,301B 375B ,,R,D,B ,F ,T,S,R,50,0,0,0,2034449,5710195
Gisborne District,11/03/2014,Tue,930,MO,CN1C,371A ,M,R,D,BF,F , ,N,C,50,0,0,0,2036939,5708684
Gisborne District,16/10/2014,Thu,1433,MC,MN1C,372B 382B ,,R,D,B ,F , ,N,P,50,0,0,1,2036914,5708710
Gisborne District,27/09/2014,Sat,1130,GE,MN1C,157A 160A 926 ,,E,D,B ,F ,D,N,C,50,0,0,1,2036880,5708746
Gisborne District,05/12/2014,Fri,1425,JA,CN1C,308B 375B 925 ,,R,D,BF,F ,D,G,C,50,0,0,0,2037018,5708602
Gisborne District,12/03/2014,Wed,1055,MC,CW1C,372B ,,R,D,B ,F , , ,C,50,0,0,2,2036880,5708746
Gisborne District,21/04/2014,Mon,1150,HA,CW2C,302A 375A ,,R,D,BN,F ,X,G,C,50,0,0,0,2036949,5708674
Gisborne District,10/04/2014,Thu,1236,GD,CE1C,333A ,,R,D,O ,F ,T,G,R,50,0,0,0,2035603,5709693
Gisborne District,09/06/2014,Mon,1400,PO,4N1E,371A 730B 818 ,,R,D,O ,F , , ,C,50,0,0,1,2037119,5708497
Gisborne District,02/08/2014,Sat,1700,FB,4S1C,112A 331A 402A ,,R,D,O ,F ,R,G,R,50,0,0,1,2037095,5708522
Gisborne District,24/06/2014,Tue,1500,GF,VN24,129A 370A ,,R,D,B ,F ,T,G,R,50,0,0,0,2035875,5709545
Gisborne District,01/11/2014,Sat,1125,GD,4W14,181A ,,R,D,B ,F ,T,G,R,50,0,0,0,2035875,5709545
Gisborne District,20/06/2014,Fri,1740,FD,VW1CC,331A 358A ,,R,D,DO,F , ,N,C,50,0,0,0,2036677,5708957
Gisborne District,24/10/2014,Fri,1515,FB,4W1C,181A ,,R,W,OF,L ,X,G,C,50,0,0,1,2036642,5708993
Gisborne District,24/10/2014,Fri,1425,MA,CS1C,373B ,,R,D,BF,F ,R,G,R,50,0,0,0,2037178,5708436
Gisborne District,05/11/2014,Wed,1440,FD,CE1C,331A ,,R,D,B ,F ,T,N,C,70,0,0,0,2036234,5709322
Gisborne District,10/04/2014,Thu,1350,MO,TS1C,371A ,,R,W,O ,L , , ,C,50,0,0,0,2037439,5708163
Gisborne District,17/06/2014,Tue,1300,ME,CN1C,371B ,,R,D,O ,F ,X,G,C,50,0,0,0,2037459,5708141
Gisborne District,15/05/2014,Thu,1500,HA,CN2S,302A 375A ,,R,D,B ,F ,R,G,C,50,0,0,1,2035031,5710017
Gisborne District,28/03/2014,Fri,1720,FB,4W1C,103A 181A ,,R,D,BF,F ,R,G,R,50,0,0,0,2035042,5709997
Gisborne District,28/05/2014,Wed,1351,FA,CS1C,331A 352A 402A ,,R,D,B ,F , , ,C,50,0,0,0,2037393,5708210
Gisborne District,16/01/2014,Thu,1025,MO,VN1C,371A 370B ,,R,D,BF,F , , ,C,50,0,0,0,2037379,5708225
Gisborne District,02/10/2014,Thu,1400,MO,CN1C,371A ,M,R,D,B ,F , ,N,C,50,0,0,0,2037379,5708225
Gisborne District,11/09/2014,Thu,1520,MF,4N1C,371B ,,R,D,B ,F , , ,R,50,0,0,0,2037379,5708225
Gisborne District,07/08/2014,Thu,1401,FD,CS1C,331A ,,R,D,B ,F , , ,C,50,0,0,1,2037351,5708254
Gisborne District,12/06/2014,Thu,1745,FD,CW1CC,181A 331A 181B ,,R,D,DO,F , , ,P,40,0,0,0,2036529,5709110
Gisborne District,06/07/2014,Sun,1835,HA,CW1C,302A ,,R,D,DO,F ,R,G,R,50,0,0,0,2036494,5709145
Gisborne District,26/08/2014,Tue,1435,HA,CW1C,302A 375A ,,E,D,O ,F ,R,G,R,50,0,0,2,2036034,5709460
Gisborne District,12/10/2014,Sun,750,DA,CE2,103A 131A 800 ,F,R,W,O ,F ,T,G,N,50,0,0,0,2038842,5707760
Gisborne District,15/04/2014,Tue,1240,QD,CW1,428A ,H,R,D,B ,F , , ,C,50,0,0,0,2037170,5708402
Gisborne District,13/02/2014,Thu,840,QB,TS1,130A 522A 614A ,C,M,D,BN,F , , ,N,100,1,0,0,2049061,5776432
Gisborne District,28/03/2014,Fri,1145,PO,TS1E,330A 371A 719B 730B ,,R,D,B ,F , ,N,C,50,0,1,1,2024832,5730847
Gisborne District,28/05/2014,Wed,830,LB,CN1C,303B 353B ,,R,D,B ,F ,X,G,X,50,0,0,0,2037113,5707997
Gisborne District,02/12/2014,Tue,1550,PA,OE1E,722B 727B ,,R,D,ON,F , ,N,N,100,0,0,1,2072257,5799199
Gisborne District,14/09/2014,Sun,1630,DA,4N1,131A 358A ,EFT,M,D,O ,F , , ,C,100,0,0,1,2032788,5738025
Gisborne District,12/09/2014,Fri,1900,MO,4E1C,371A 205B 929 ,M,R,D,DO,F ,D,N,N,50,0,0,0,2034568,5709370
Gisborne District,18/06/2014,Wed,1930,EC,CS1,912,W,R,D,DN,F , , ,C,100,0,0,0,2027300,5718968
Gisborne District,20/06/2014,Fri,1530,DB,CW1,402A 433A 929 ,X,R,D,O ,F ,D,N,N,50,0,0,0,2035726,5708761
Gisborne District,30/05/2014,Fri,1730,FD,CN1C,181A 331A 801 ,,R,W,DO,L ,R,G,R,50,0,0,0,2035018,5709985
Gisborne District,13/08/2014,Wed,855,NA,CN1E,194A 503B 712B ,,R,D,B ,F , , ,C,50,0,0,1,2034995,5709929
Gisborne District,13/01/2014,Mon,1537,QB,CN1,523A 532A ,,E,D,BF,F ,R,G,R,50,0,0,2,2035022,5709994
Gisborne District,24/05/2014,Sat,1130,FB,VE1C,181A ,FP,R,D,B ,F ,T,S,C,50,0,0,1,2035529,5711205
Gisborne District,08/04/2014,Tue,,FC,CN1C,181A 331A 901 ,,R,W,O ,H ,T,S,C,50,0,0,0,2035588,5711344
Gisborne District,31/05/2014,Sat,1110,DA,CS1E,111A 131A 801 ,K,M,W,O ,L ,R,G,R,50,0,1,0,2035376,5710843
Gisborne District,01/05/2014,Thu,920,AO,VE1C,431A 130B 431B ,FS,R,D,B ,F , , ,C,50,0,0,1,2033124,5710428
Gisborne District,08/03/2014,Sat,1400,MO,CW1V,371A ,M,R,D,BF,F , ,N,C,50,0,0,0,2037057,5710150
Gisborne District,05/11/2014,Wed,600,DB,4S1,111A 138A 904 ,CF,S,D,O ,M , , ,N,100,0,1,4,2045668,5771910
Gisborne District,07/02/2014,Fri,600,DA,CN1,111A 131A 901 904 ,C,M,W,TN,M , , ,N,100,0,0,1,1996282,5747368
Gisborne District,19/04/2014,Sat,1500,EC,4S1,135A 812 823 901 ,CL,M,W,ON,HS, ,N,N,100,0,0,0,1996265,5747667
Gisborne District,26/05/2014,Mon,1807,JA,CW1C,308B 378B 927 ,,R,D,B ,F ,D, ,C,50,0,0,2,2034729,5710808
Gisborne District,28/02/2014,Fri,2200,MO,CS1C,371A 929 ,,E,D,DO,F ,D,N,N,50,0,0,0,2035231,5709315
Gisborne District,22/12/2014,Mon,754,DA,MN1,129A 130A ,EF,E,D,B ,F , , ,N,100,0,0,1,2029519,5724820
Gisborne District,03/05/2014,Sat,1633,HA,CW1C,301B 902 ,,R,D,B ,F ,T,S,P,50,0,0,0,2037352,5709524
Gisborne District,14/03/2014,Fri,945,JA,CS1V,301B 375B ,,R,D,BF,F ,T,S,C,50,0,0,0,2037352,5709524
Gisborne District,02/03/2014,Sun,1120,MC,CS1C,372B ,,R,D,B ,F , , ,C,50,0,0,0,2037564,5709217
Gisborne District,17/12/2014,Wed,2100,DB,CW1C,103A 111A 129A ,M,M,W,DO,H , ,N,C,80,0,0,0,2036767,5710369
Gisborne District,10/09/2014,Wed,800,LB,CE1C,303B 930 ,,R,D,B ,F ,D,N,N,30,0,0,1,2035551,5711378
Gisborne District,13/06/2014,Fri,545,DA,TS1,111A 131A ,P,M,W,DO,L , ,N,C,50,0,0,0,2036809,5710308
Gisborne District,22/10/2014,Wed,1100,GD,CS1C,331A 922 ,,R,D,B ,F ,D,N,P,50,0,0,0,2036998,5710034
Gisborne District,26/09/2014,Fri,1031,DB,PW1,135A 806 ,,E,D,B ,F ,X,G,C,50,0,0,0,2037735,5708836
Gisborne District,19/04/2014,Sat,1320,DC,4W2,191A 801 ,S,R,W,O ,L ,T,G,C,50,0,0,0,2035957,5711023
Gisborne District,13/10/2014,Mon,1505,GD,CW1C,386A ,,R,D,B ,F ,T,G,C,50,0,0,0,2035957,5711023
Gisborne District,16/12/2014,Tue,800,FB,VS1C,331A 350A ,,R,D,O ,F ,R,G,R,50,0,0,0,2037235,5709692
Gisborne District,04/11/2014,Tue,905,FD,CS1C,181A ,,R,D,BF,F ,R,G,C,50,0,0,0,2037211,5709728
Gisborne District,11/08/2014,Mon,1510,FA,CS1C,112A 181A 331A 351A ,,R,D,B ,F , , ,P,50,0,0,0,2037134,5709839
Gisborne District,21/06/2014,Sat,557,HA,TN1C,302A 375A ,,R,D,DO,FS,R,G,C,50,0,0,0,2037232,5709696
Gisborne District,26/12/2014,Fri,1415,MD,CN1C,308B 371B 929 ,,R,D,B ,F ,D,N,C,50,0,0,0,2039500,5707763