TLANAME,CRASHDATE,CRASHDOW,CRASHTIME,MVMT,VEHICLES,CAUSES,OBJECTSSTRUCK,ROADCURVE,ROADWET,LIGHT,WTHRa,JUNCTYPE,TRAFCTRL,ROADMARK,SPDLIM,CRASHFATALCNT,CRASHSEVCNT,CRASHMINCNT,EASTING,NORTHING
Gisborne District,30/03/2014,Sun,1513,QD,CS1,330A 428A ,JP,E,D,B ,F , ,N,C,50,0,0,0,2038569,5707070
Gisborne District,17/08/2014,Sun,1025,GE,CW1C,160A 927 ,,R,D,O ,F ,D,N,C,50,0,0,0,2037171,5708697
Gisborne District,12/08/2014,Tue,1830,EC,VS1,912,W,E,D,DO,F , ,N,N,100,0,0,0,2061278,5739233
Gisborne District,25/03/2014,Tue,1230,GD,CW1C,181A ,,R,D,B ,F ,X,T,C,50,0,0,0,2037483,5708353
Gisborne District,11/07/2014,Fri,1530,CA,SW1,132A 410A 532A ,,R,D,B ,F , , ,C,50,0,0,1,2037506,5708362
Gisborne District,10/09/2014,Wed,2040,CB,40,103A 129A ,,R,D,DN,F , ,N,C,100,0,1,0,2078000,5803914
Gisborne District,19/06/2014,Thu,1800,EC,4S1,912,W,R,D,DN,F , , ,C,100,0,0,0,2076914,5803371
Gisborne District,14/03/2014,Fri,1300,CB,4N1,103A 137A ,C,R,D,BN,F , ,N,C,100,0,0,2,2079326,5804767
Gisborne District,29/10/2014,Wed,1440,NA,CN1E,713B ,,R,D,BF,F , ,N,C,50,0,1,0,2036273,5708968
Gisborne District,08/04/2014,Tue,1550,FD,CN1C,331A 901 ,,R,W,O ,H , , ,C,50,0,0,0,2036630,5709290
Gisborne District,14/03/2014,Fri,845,BC,TS2C,122A ,,R,D,BF,F ,T,G,C,50,0,0,0,2036837,5710266
Gisborne District,04/04/2014,Fri,1500,BB,BW1C,123A ,,M,W,O ,F , , ,N,100,0,0,1,1993474,5701136
Gisborne District,02/03/2014,Sun,625,QD,4N1,103A 428A ,JT,R,D,DN,F , , ,N,50,0,0,0,2038116,5709262
Gisborne District,27/05/2014,Tue,840,HA,CN1C,301A 375A ,,R,D,B ,F ,X,S,C,50,0,0,0,2039004,5707368
Gisborne District,17/01/2014,Fri,1616,BE,SW1C,105A 128A 205A ,,R,D,O ,F , , ,C,50,0,0,1,2038099,5707996
Gisborne District,26/06/2014,Thu,815,HA,PW2C,301A 375A ,,R,D,B ,F ,X,S,C,50,0,0,0,2038048,5708026
Gisborne District,06/06/2014,Fri,1750,LB,CW1C,303B ,,R,W,DO,L ,T,G,C,50,0,0,0,2038319,5707865
Gisborne District,29/03/2014,Sat,755,EA,CN1C,129A 358A ,M,R,D,B ,F , ,N,C,50,0,0,0,2039077,5707296
Gisborne District,04/06/2014,Wed,2310,DA,CS2,103A 130A 433A ,T,R,W,DO,L ,T,N,N,50,0,1,0,2063365,5739614
Gisborne District,14/02/2014,Fri,1945,DA,CS1,103A 111A 131A ,T,M,D,BF,F , ,N,C,70,0,1,0,2040018,5704694
Gisborne District,08/11/2014,Sat,2300,EA,CN1C,129A ,M,R,D,DO,F , ,N,C,50,0,0,0,2036187,5709843
Gisborne District,06/10/2014,Mon,1314,EA,CS1C,129A 505A ,M,R,D,B ,FS, , ,C,50,0,0,0,2035870,5709101
Gisborne District,02/01/2014,Thu,1515,CC,4N1,112A 130A 353A ,F,R,D,BF,F , ,N,C,50,0,0,0,2035829,5709007
Gisborne District,12/03/2014,Wed,,EA,CN1T,129A ,M,R,D,DO,F , ,N,C,50,0,0,0,2035472,5708175
Gisborne District,10/02/2014,Mon,1130,MC,VS14,140B 372B ,,R,D,B ,F , ,N,C,50,0,0,0,2035492,5708221
Gisborne District,01/08/2014,Fri,2355,CC,CS1,103A 129A 130A ,FKP,R,D,DO,F , , ,C,50,0,0,1,2037650,5708679
Gisborne District,11/12/2014,Thu,335,DB,CS1,103A 111A 131A 801 ,P,M,W,DO,L , , ,C,50,0,0,1,2036593,5710251
Gisborne District,28/05/2014,Wed,1710,FA,CS1C,112A 181A ,,R,D,B ,F ,R,G,P,50,0,0,0,2037123,5709634
Gisborne District,16/06/2014,Mon,1030,KB,TS1V,308B 378B 831 834 927 ,,M,D,O ,F ,D, ,C,100,0,0,1,2060935,5740598
Gisborne District,26/10/2014,Sun,1630,DA,MS1,135A 813 ,,E,D,ON,F , ,N,N,100,0,1,0,2044997,5753744
Gisborne District,09/05/2014,Fri,840,DA,40,804,F,M,D,B ,F , , ,N,100,0,0,1,2020376,5708884
Gisborne District,02/08/2014,Sat,2115,DA,CS2,101A 131A ,T,R,D,DN,L ,T,N,C,100,0,0,1,2025091,5711554
Gisborne District,17/03/2014,Mon,1032,DA,4W1,136A 804 841 ,F,E,D,BN,F , ,N,C,100,0,0,0,2012410,5706701
Gisborne District,17/03/2014,Mon,750,DA,CW1,135A 804 844 ,,E,D,BN,F ,T,N,C,100,0,0,0,2012792,5706404
Gisborne District,27/05/2014,Tue,800,ND,CS2E,124A 363A 370A 902 ,,M,W,B ,F ,T,G,C,50,0,1,0,2034854,5709594
Gisborne District,01/12/2014,Mon,1500,NA,CE1E,712B 713B 729B ,,R,W,OF,H ,T,N,C,50,0,0,1,2039811,5707854
Gisborne District,09/05/2014,Fri,820,LB,CN1C,303B 363B 902 929 ,,R,D,B ,F ,D,N,N,50,0,0,0,2036231,5711336
Gisborne District,20/10/2014,Mon,1915,DA,CS1,131A ,V,E,D,TN,F , , ,C,100,0,0,0,2037332,5718536
Gisborne District,19/12/2014,Fri,724,DB,ME1,137A 912 ,W,E,D,BN,F , ,N,N,100,0,0,1,2023098,5705831
Gisborne District,13/06/2014,Fri,1420,DA,VE1,111A 131A 402A ,F,M,W,ON,H , ,N,C,100,0,0,0,2022718,5705512
Gisborne District,27/06/2014,Fri,2030,DA,CS1,103A 111A 131A 801 ,FT,M,W,DO,L , , ,C,50,0,0,2,2067224,5792278
Gisborne District,27/10/2014,Mon,2334,DB,4S1,131A 133A 929 ,FP,S,W,DN,L ,D,N,N,100,0,0,1,2052663,5723477
Gisborne District,26/10/2014,Sun,1220,EC,4W1,912,W,R,D,B ,F , , ,N,100,0,0,0,2071762,5820623
Gisborne District,10/06/2014,Tue,2215,DA,CN1,103A 130A ,,M,W,DN,L , ,N,N,100,0,0,1,2066305,5775710
Gisborne District,05/08/2014,Tue,1500,EA,CS1C,129A ,M,R,D,BF,F , ,N,C,50,0,0,0,2035837,5709679
Gisborne District,11/02/2014,Tue,2210,DA,4S1C,103A 131A ,M,E,D,DO,F , , ,C,50,0,0,0,2027152,5707216
Gisborne District,15/05/2014,Thu,1900,DB,CN1,111A 131A ,P,E,W,DF,L ,X,G,C,100,1,0,0,2027080,5712398
Gisborne District,13/01/2014,Mon,858,DA,CS1,129A 134A ,,M,D,B ,F , , ,C,100,0,0,0,2021824,5735611
Gisborne District,29/10/2014,Wed,1723,GE,4N14,160A 333A 144B 929 ,,R,D,BN,F ,D,N,C,100,0,0,0,2021629,5730979
Gisborne District,11/07/2014,Fri,955,HA,CS2C,302A 358A 375A ,,R,D,B ,F ,X,G,C,50,0,0,1,2037338,5709782
Gisborne District,30/03/2014,Sun,1549,MA,VW1C,330B 373B ,,R,D,B ,F , ,N,C,50,0,0,2,2037081,5709605
Gisborne District,16/08/2014,Sat,1015,HA,4S14C,302B 375B ,,R,D,OF,F ,R,G, ,50,0,0,0,2037123,5709634
Gisborne District,18/09/2014,Thu,810,MO,4S1C,371A ,M,R,D,B ,F , , ,C,50,0,0,0,2036171,5710856
Gisborne District,13/01/2014,Mon,1515,MO,CN14,371B ,,R,D,B ,F , , ,C,50,0,0,0,2036180,5710868
Gisborne District,13/12/2014,Sat,2005,DB,CW1,129A ,C,M,W,DN,H , ,N,C,100,0,0,0,1992094,5743467
Gisborne District,30/05/2014,Fri,2130,DB,4W1,195A 402A 903 904 ,V,M,W,DO,MS, , ,C,100,0,0,0,1993747,5744334
Gisborne District,22/01/2014,Wed,1030,CB,TN1,129A 130A 901 ,F,R,W,O ,H , , ,L,100,0,0,0,1999376,5736016
Gisborne District,03/06/2014,Tue,330,QG,TN1,129A 130A 615A 801 ,,E,W,DN,L , , ,C,100,0,0,2,2004971,5733298
Gisborne District,11/08/2014,Mon,700,DA,VN1,131A 802 ,,M,I,O ,FF, , ,C,100,0,0,0,2005623,5732682
Gisborne District,05/12/2014,Fri,1900,DB,CN1,131A 404A 407A 801 ,C,S,W,O ,L , , ,C,100,0,0,1,2007505,5731485
Gisborne District,30/03/2014,Sun,530,DA,40,103A 137A 402A ,CV,M,D,DN,F , ,N,C,100,0,0,0,2007983,5731277
Gisborne District,14/12/2014,Sun,850,DA,CE1,129A 131A ,FG,E,W,ON,L , ,N,C,100,0,0,0,2015682,5733072
Gisborne District,18/02/2014,Tue,1625,BA,TE1C,386A 412A 386B 402B 818 ,,R,D,B ,F , , ,C,100,0,0,0,2017278,5732873
Gisborne District,22/05/2014,Thu,1200,DA,4S1,129A 134A ,EF,M,D,B ,F , , ,C,100,0,0,0,2024017,5730113
Gisborne District,12/08/2014,Tue,1620,CC,VW1,103A 129A 134A 407A ,X,R,D,B ,F , , ,C,100,0,1,0,2027678,5728602
Gisborne District,30/03/2014,Sun,115,QG,TS1,104A 131A ,FP,M,D,DN,F , , ,C,100,0,1,0,2027354,5724306
Gisborne District,31/05/2014,Sat,1945,BE,CS14,129A 130A 605A 801 ,,R,W,DN,L , , ,C,100,0,0,0,2029152,5719949
Gisborne District,16/08/2014,Sat,500,CB,4N1,129A 350A ,P,R,D,B ,F , ,N,C,100,0,0,0,2029114,5716551
Gisborne District,30/09/2014,Tue,1855,DB,CS1,110A 403A ,P,E,W,TF,F ,T,G,C,100,0,0,0,2030598,5712648
Gisborne District,18/04/2014,Fri,455,CC,CN1,103A ,V,R,W,DO,H , ,N,C,100,0,0,0,2030605,5712635
Gisborne District,23/10/2014,Thu,1450,QG,4S1,665A ,F,R,D,BN,F , ,N,C,100,0,0,0,2030682,5712264
Gisborne District,13/06/2014,Fri,1800,DA,CN1,131A ,EV,M,W,DN,L , ,N,C,100,0,0,1,2030716,5711575
Gisborne District,06/03/2014,Thu,1436,JA,CS1V,301B 353B 375B ,P,M,D,BN,F ,X,S,C,100,0,0,0,2030765,5711476
Gisborne District,27/09/2014,Sat,2309,CB,CE1,103A 357A 402A 420A ,V,R,D,DO,F , , ,L,70,0,0,0,2032131,5710484
Gisborne District,06/06/2014,Fri,250,EC,4W1,911,VW,R,W,DO,M , ,N,C,100,0,0,0,2032178,5710447
Gisborne District,04/06/2014,Wed,2120,AD,CW1,112A 133A ,V,R,W,DN,F , , ,C,100,0,0,3,2031263,5709951
Gisborne District,01/06/2014,Sun,1420,GE,4W1C,160A ,,R,D,O ,F ,T,N,C,100,0,0,0,2031165,5709901
Gisborne District,14/02/2014,Fri,853,QG,4S1,130A 631A ,S,R,D,B ,F , , ,C,100,0,0,0,2030786,5709711
Gisborne District,25/10/2014,Sat,130,CC,CW1,103A 125A ,T,R,W,DN,F , ,N,C,100,0,0,1,2030697,5709666
Gisborne District,28/05/2014,Wed,745,JA,CW1C,302B 375B 402B ,,E,D,B ,F ,T,G,C,100,0,0,0,2030454,5709565
Gisborne District,07/04/2014,Mon,40,DA,TN2,130A 402A 412A 801 ,P,M,W,DO,L ,R,G,C,100,0,0,1,2027844,5710290
Gisborne District,19/05/2014,Mon,1645,DA,TE1,111A 131A ,,M,D,TF,F ,R,G,C,50,0,0,0,2027839,5710339
Gisborne District,10/11/2014,Mon,1800,KB,TN14,302B 375B ,,R,D,O ,F ,T,G,C,80,0,0,0,2027522,5705962
Gisborne District,05/09/2014,Fri,5,CB,CS1,104A 130A 358A ,F,R,D,DN,F , , ,C,100,0,0,0,2027200,5703296
Gisborne District,28/02/2014,Fri,1805,DA,CN1,131A 402A ,V,M,D,B ,F , , ,C,100,0,0,0,2027371,5698465
Gisborne District,12/05/2014,Mon,219,DC,CN1,131A 410A ,P,E,D,DN,M ,T,G,C,100,0,0,1,2026914,5697375
Gisborne District,25/03/2014,Tue,1227,DA,CS1,129A 134A ,F,E,D,B ,F , , ,C,100,0,0,1,2027154,5696960
Gisborne District,17/12/2014,Wed,845,CC,CS1,197A ,V,R,D,ON,F , ,N,C,100,0,0,0,2027277,5695805
Gisborne District,27/07/2014,Sun,1530,DA,BN1,613A 614A ,V,M,W,O ,L , , ,C,100,0,7,0,2024306,5686538
Gisborne District,27/11/2014,Thu,1448,DA,VN1,111A 197A 817 ,V,M,D,B ,F , , ,C,100,0,0,0,2022453,5685167
Gisborne District,11/08/2014,Mon,700,DA,CW1,111A 131A ,C,E,W,DN,FF, ,N,C,100,0,0,1,2018290,5682281
Gisborne District,29/01/2014,Wed,1450,BC,MW1C,111A 121A ,,M,D,B ,F , ,N,C,100,0,1,0,2061196,5826418
Gisborne District,18/07/2014,Fri,1900,EC,4W1,912,W,R,D,DN,F , , ,C,100,0,0,0,2070768,5822449
Gisborne District,08/06/2014,Sun,2130,EC,40,912,W,E,W,DN,F , , ,C,100,0,0,0,2071580,5821675
Gisborne District,16/10/2014,Thu,130,DA,CS1,101A 111A 131A ,CT,E,D,DN,F , ,N,C,100,1,2,0,2072057,5817065
Gisborne District,25/07/2014,Fri,1830,EC,CN1,912,W,R,D,DN,F , , ,C,100,0,0,0,2071878,5816293
Gisborne District,05/10/2014,Sun,400,DB,CS1,101A 111A ,T,E,D,DN,F , ,N,C,100,0,0,0,2072525,5810236
Gisborne District,12/02/2014,Wed,1830,DB,CN1,111A 131A 363A ,C,M,D,BF,F ,Y,N,C,50,0,0,0,2076507,5803073
Gisborne District,06/03/2014,Thu,310,DB,CN1,103A 131A 410A ,ET,E,D,DN,F , ,N,C,100,0,0,0,2068258,5795428
Gisborne District,29/01/2014,Wed,1615,DB,CE1,131A ,,M,D,B ,F , , ,C,100,0,0,0,2064810,5791255
Gisborne District,08/04/2014,Tue,2120,EA,CS1T,129A 363A ,M,E,W,DN,L , , ,C,100,0,0,0,2063587,5791156
Gisborne District,13/06/2014,Fri,1800,EC,VS1,912,W,E,W,DN,F , ,N,C,100,0,0,0,2063368,5790183
Gisborne District,24/05/2014,Sat,2345,DB,4N1,131A ,,E,D,DN,L , ,N,C,100,0,0,4,2061641,5787179
Gisborne District,11/09/2014,Thu,820,DA,CN1,102A 131A ,TV,E,W,ON,L , ,N,C,100,0,2,0,2062005,5783833
Gisborne District,20/02/2014,Thu,800,DA,TN1,110A 121A ,F,E,W,DN,F , ,N,C,100,0,0,1,2062880,5783006
Gisborne District,22/02/2014,Sat,1315,DB,4N1,111A 131A ,C,E,D,B ,F , ,N,C,100,0,0,0,2063207,5781941
Gisborne District,03/03/2014,Mon,533,DB,TS1,131A ,FS,S,D,DN,F , ,N,C,100,0,0,0,2062637,5779981
Gisborne District,14/12/2014,Sun,600,DA,VS1,130A 410A ,C,M,D,O ,F , ,N,C,100,0,0,1,2064479,5776794
Gisborne District,18/11/2014,Tue,830,CB,CN1,410A ,P,R,D,ON,F , ,N,C,100,0,0,1,2064410,5770719
Gisborne District,24/12/2014,Wed,230,DA,MS2,101A 111A 131A ,I,S,D,DO,F ,T,S,R,50,0,1,0,2066186,5766703
Gisborne District,30/06/2014,Mon,2100,EC,4N1,831 912 ,W,S,D,DN,F , , ,C,100,0,0,0,2065570,5766200
Gisborne District,01/12/2014,Mon,600,DA,VN1,131A 402A 412A ,C,S,D,B ,F , , ,C,100,0,0,0,2065175,5765964
Gisborne District,29/11/2014,Sat,2132,DA,4S1,131A 410A ,S,E,D,DN,F , ,N,C,100,0,1,0,2063342,5764137
Gisborne District,06/07/2014,Sun,1100,DA,MS1,131A ,G,S,D,B ,F , , ,C,100,0,0,1,2063265,5763510
Gisborne District,25/03/2014,Tue,530,DA,TN1T,129A 131A ,,E,D,DN,M , ,N,C,100,0,0,1,2060199,5758755
Gisborne District,11/06/2014,Wed,830,CB,4N1,135A 801 901 ,F,R,W,O ,H , ,N,C,100,0,0,0,2060219,5758629
Gisborne District,22/11/2014,Sat,800,CA,TS1,129A 134A 410A ,F,R,D,B ,F , , ,C,100,0,0,1,2060230,5755632
Gisborne District,11/09/2014,Thu,1740,CC,CS1,110A 112A ,,R,W,TN,F , ,N,C,100,0,0,0,2060225,5755532
Gisborne District,31/07/2014,Thu,1840,EC,TS1,912,W,M,D,DF,F , ,N,C,100,0,0,0,2060338,5750336
Gisborne District,10/07/2014,Thu,845,EC,4N1,912,W,E,D,O ,F , , ,C,100,0,0,0,2061109,5746796
Gisborne District,19/04/2014,Sat,2305,DB,CS1,111A 131A ,SX,M,W,DN,L , , ,C,100,0,0,0,2061052,5746404
Gisborne District,20/03/2014,Thu,1200,FD,4N1C,181A ,,R,D,BN,F , ,N,C,100,0,0,0,2063116,5742567
Gisborne District,30/09/2014,Tue,2020,DA,CS2,103A 111A 131A 801 903 ,H,S,W,DO,LS,X,G,C,50,0,1,0,2062825,5739412
Gisborne District,16/06/2014,Mon,615,DB,TN1,358A 410A ,FV,E,D,O ,F , , ,C,100,0,0,1,2063557,5737203
Gisborne District,19/05/2014,Mon,745,DA,VS1,131A ,,M,W,ON,MF, ,N,C,100,0,0,0,2059923,5729267
Gisborne District,11/10/2014,Sat,1630,DA,4W1,131A 407A 801 ,SV,M,W,ON,L , , ,C,100,0,0,0,2059133,5728742
Gisborne District,16/03/2014,Sun,730,DA,CW1,111A 131A 800 ,F,M,W,O ,L , , ,C,100,0,0,1,2059090,5728763
Gisborne District,07/05/2014,Wed,2030,DA,CW1,103A 111A 131A 402A ,T,S,D,DN,F , , ,C,100,0,0,0,2058959,5728907
Gisborne District,26/09/2014,Fri,1727,BB,CS1V,123A ,,R,D,TN,F , ,N,C,100,0,0,0,2058823,5728779
Gisborne District,04/08/2014,Mon,350,EC,TN1,912,W,M,W,DN,H , ,N,P,100,0,0,0,2058041,5728910
Gisborne District,15/11/2014,Sat,130,CB,CS1,130A 410A ,,R,D,DN,F , ,N,C,100,0,0,0,2057038,5725987
Gisborne District,29/04/2014,Tue,1030,AD,4S14T,137A 130B 191B 197B 372C ,,E,D,B ,F , , ,C,100,0,0,0,2055882,5723055
Gisborne District,05/12/2014,Fri,1645,DA,TN1,111A 131A ,,E,D,TN,F , ,N,C,90,0,0,1,2055281,5722049
Gisborne District,20/10/2014,Mon,1200,GE,TN1T,112A 155A 160A ,,R,D,O ,F ,T,G,L,100,0,1,0,2054471,5719946
Gisborne District,06/10/2014,Mon,1829,DA,CS1,111A 131A 817 ,T,S,D,ON,F , ,N,N,100,0,0,1,2052915,5718200
Gisborne District,23/10/2014,Thu,1810,DA,CS1,116A 363A 404A 817 902 ,,S,D,B ,F , ,N,C,100,0,0,0,2052915,5718200
Gisborne District,13/09/2014,Sat,400,DA,CS1,101A 414A 801 ,FP,E,W,DN,L , , ,C,100,0,0,0,2051591,5715987
Gisborne District,11/10/2014,Sat,1700,FD,VN1C,181A ,,M,W,OF,F , ,N,C,100,0,0,1,2051202,5715230
Gisborne District,07/07/2014,Mon,1750,BE,4W14,410A ,,R,D,DN,F , , ,C,100,0,1,1,2049525,5711760
Gisborne District,26/10/2014,Sun,1305,GE,VN1C,150A 387A 926 ,,R,D,B ,F ,D,N,C,100,0,0,0,2048712,5710741
Gisborne District,17/12/2014,Wed,1900,DA,VW1,111A 131A 407A 901 ,V,M,W,TN,H , , ,C,100,0,0,0,2047780,5709893
Gisborne District,21/07/2014,Mon,945,DA,TS1,129A 134A 801 ,,E,W,O ,L , , ,C,100,0,0,0,2045117,5709018
Gisborne District,11/10/2014,Sat,2135,DB,CW1,410A ,C,E,D,DN,F , ,N,C,100,0,0,1,2044268,5708363
Gisborne District,19/06/2014,Thu,2231,CC,CS1,101A 410A ,FT,R,D,DN,F , ,N,C,100,0,0,0,2043303,5707622
Gisborne District,13/07/2014,Sun,1433,CC,CS1,407A 427A ,V,R,D,B ,F , , ,C,100,0,0,0,2041358,5706083
Gisborne District,25/02/2014,Tue,845,GA,CS1C,331A 929 ,,E,D,B ,F ,D,N,C,100,0,0,0,2041024,5705532
Gisborne District,23/11/2014,Sun,1300,CC,CW1,410A ,P,R,D,BN,F ,T,N,C,70,0,0,0,2039924,5705708
Gisborne District,19/10/2014,Sun,150,JA,CS1C,104A 104B 301B ,,R,W,DO,L ,T,S,P,70,0,0,2,2039348,5706709
Gisborne District,19/08/2014,Tue,1203,MA,CE1C,373B ,,R,D,B ,F , , ,C,50,0,0,0,2038868,5707217
Gisborne District,04/03/2014,Tue,2011,MO,CW1C,371A ,M,R,D,DO,F , , ,C,50,0,0,0,2038860,5707223
Gisborne District,14/11/2014,Fri,930,KA,VS1C,301B 375B ,,R,D,B ,F ,X,S,C,50,0,0,0,2038600,5707425
Gisborne District,09/07/2014,Wed,1600,EA,TW1V,129A ,M,R,W,O ,L , , ,C,50,0,0,0,2038592,5707431
Gisborne District,16/05/2014,Fri,1800,EA,CE1C,101A 129A ,M,R,D,DO,F ,T,G,P,50,0,0,1,2038408,5707551
Gisborne District,04/04/2014,Fri,1510,NA,CE1E,713B ,,R,D,B ,F ,X,G,C,50,0,0,1,2038174,5707693
Gisborne District,19/11/2014,Wed,1642,EA,CE1C,129A 504A ,FM,R,D,B ,F , ,N,C,50,0,0,1,2038131,5707719
Gisborne District,16/01/2014,Thu,2030,MA,4W1C,101B 373B ,,R,W,O ,L , , ,C,50,0,0,0,2038010,5707783
Gisborne District,21/07/2014,Mon,1100,MA,VE1C,373B ,,R,D,O ,F , ,N,C,50,0,0,0,2037991,5707790
Gisborne District,22/04/2014,Tue,1425,MO,CE1C,386A 402A ,M,R,D,B ,F , , ,P,50,0,0,0,2037987,5707792
Gisborne District,13/01/2014,Mon,1503,MA,CE1V,353B 373B 903 ,,R,D,BF,FS,X,S,C,50,0,0,0,2037977,5707796
Gisborne District,28/01/2014,Tue,1230,MF,CE1V,371B ,,R,D,B ,F , , ,C,50,0,0,0,2037606,5707987
Gisborne District,08/09/2014,Mon,1545,JA,4N1C,302A 375A ,,M,D,B ,F ,T,G,C,50,0,0,1,2037540,5708057
Gisborne District,29/12/2014,Mon,1130,JA,CN1C,302A 375A ,,R,D,BF,F ,T,G,C,50,0,0,0,2037540,5708057
Gisborne District,11/10/2014,Sat,1230,HA,CN1C,308A 375A 926 ,,R,D,B ,F ,D,N,C,50,0,0,0,2037273,5707801
Gisborne District,08/04/2014,Tue,2055,MO,VN1,386A 404A 927 ,F,R,W,DO,F ,D,N,N,50,0,0,0,2037251,5707780
Gisborne District,21/01/2014,Tue,630,KB,CW14,302B ,,R,W,TN,L ,T,G,C,50,0,0,0,2034941,5708011
Gisborne District,12/11/2014,Wed,30,GE,CE1C,112A 160A 333A ,,R,D,DN,F ,T,G,C,70,0,0,0,2034399,5707866
Gisborne District,28/02/2014,Fri,1124,GD,4S14,331A ,,R,D,B ,F ,T,G,C,100,0,0,0,2032124,5708137
Gisborne District,06/06/2014,Fri,911,PO,VE1E,721B ,,R,D,B ,F , , ,C,100,0,0,1,2031209,5708829
Gisborne District,27/12/2014,Sat,1945,HA,VN2CC,103A 321A ,,R,D,BN,F ,X,S,C,80,0,0,0,2030608,5709621
Gore District,05/08/2014,Tue,1400,KB,CS1C,302B ,,R,D,BF,F ,T,G,C,50,0,0,1,1286286,4886660
Gore District,17/12/2014,Wed,1740,MC,MS1C,372B 402B ,,R,D,B ,F , , ,C,50,0,0,1,1286297,4886484
Gore District,20/11/2014,Thu,2150,QG,OE1,130A 412A 682A ,,M,D,DO,F , , ,C,50,0,0,0,1286885,4887478
Gore District,01/08/2014,Fri,2350,CC,CS1,112A 130A 514A 903 ,P,R,D,DO,FS, , ,C,50,0,0,1,1281067,4876520
Gore District,04/03/2014,Tue,157,DC,CW1,103A ,,R,W,DO,L ,T,G,N,50,0,0,0,1280582,4875519
Gore District,17/03/2014,Mon,825,LB,SS1C,303B 375B ,,R,D,BF,F ,X,S,C,50,0,0,2,1285775,4886971
Gore District,27/05/2014,Tue,800,DB,CN1,131A 802 ,,M,I,TN,SF,T,G,C,100,0,0,1,1283572,4884746
Gore District,12/12/2014,Fri,1730,LB,SN1C,303B 375B ,,R,D,O ,F ,T,N,C,50,0,0,0,1285807,4886449
Gore District,02/11/2014,Sun,1400,NB,CW1,711B 927 ,,R,D,OF,F ,D,N,R,50,0,1,0,1286303,4886235
Gore District,09/06/2014,Mon,700,BF,CE14,131A 205A ,,E,D,DN,F , , ,C,100,0,0,0,1289111,4881742
Gore District,07/08/2014,Thu,1440,EA,CE14,129A ,M,R,W,OF,FS, ,N,C,50,0,0,0,1281054,4876228
Gore District,01/10/2014,Wed,1003,HA,4S2C,321A 335A ,KS,R,D,B ,F ,X,S,C,50,0,0,0,1286302,4886398
Gore District,10/12/2014,Wed,1141,EA,CE1C,129A 358A ,M,R,D,O ,F , , ,C,50,0,0,0,1285861,4886372
Gore District,16/04/2014,Wed,1012,JA,CW1C,308B 375B 839 930 ,,R,W,OF,L ,D,N,C,50,0,0,0,1286138,4886388
Gore District,22/02/2014,Sat,2255,EA,CW1C,129A ,M,R,D,DO,F , ,N,C,50,0,0,0,1285685,4886804
Gore District,22/08/2014,Fri,2220,DA,CW2,111A 131A 402A 430A ,F,R,D,DO,F ,T,G,C,50,0,0,0,1285151,4886974
Gore District,31/05/2014,Sat,410,EA,CS1C,103A 129A ,M,R,D,DO,F , ,N,C,50,0,0,0,1287411,4887949
Gore District,17/03/2014,Mon,1742,JA,CW1C,302B 375B ,,R,W,OF,L ,T,G,C,50,0,0,0,1286464,4886241
Gore District,20/02/2014,Thu,1608,NA,CW1E,376A 732B ,,R,D,B ,F , , ,C,50,0,0,1,1286554,4886854
Gore District,16/02/2014,Sun,213,DA,CS2,111A 131A ,T,R,D,DO,F ,T,N,N,50,0,0,0,1287567,4888074
Gore District,12/11/2014,Wed,1800,DA,CE1,129A 134A ,C,M,D,TN,F , ,N,C,100,0,0,0,1285393,4899728
Gore District,04/02/2014,Tue,550,DB,CS1,111A 131A 904 ,,M,D,DN,M , , ,C,100,0,0,3,1283208,4899625
Gore District,02/07/2014,Wed,650,DA,4S1,135A 802 803 ,P,M,I,DN,SF, , ,C,100,0,0,0,1280157,4906204
Gore District,23/04/2014,Wed,1610,DB,CS1,111A 929 ,P,M,D,B ,F ,D,N,C,100,0,0,0,1275619,4910843
Gore District,23/03/2014,Sun,1455,DA,4W1,129A 134A ,,M,D,BN,F , ,N,C,100,0,0,0,1282379,4889287
Gore District,14/08/2014,Thu,1401,FB,CN1V,101A 331A ,,R,W,OF,F ,R,G,C,50,0,0,1,1286834,4886972
Gore District,22/02/2014,Sat,2300,EA,CS14C,103A 129A 130A 901 903 ,M,R,W,DO,HS, , ,C,50,0,0,1,1285198,4885493
Gore District,22/05/2014,Thu,830,JA,CN1C,308B 370B 929 ,,R,D,O ,F ,D, ,C,50,0,0,0,1285217,4885198