TLANAME,CRASHDATE,CRASHDOW,CRASHTIME,MVMT,VEHICLES,CAUSES,OBJECTSSTRUCK,ROADCURVE,ROADWET,LIGHT,WTHRa,JUNCTYPE,TRAFCTRL,ROADMARK,SPDLIM,CRASHFATALCNT,CRASHSEVCNT,CRASHMINCNT,EASTING,NORTHING
Gore District,31/05/2014,Sat,126,DA,4S1,131A 402A 403A 420A ,E,S,D,DN,FF, , ,N,100,0,0,0,1283667,4886336
Gore District,19/06/2014,Thu,815,DA,CS1,129A 134A 407A 901 ,FP,E,W,DN,H , , ,C,100,0,0,0,1291985,4900733
Gore District,02/11/2014,Sun,1340,CC,4N1,410A ,,R,D,BN,F , ,N,C,100,0,0,1,1290930,4906534
Gore District,30/01/2014,Thu,930,QD,OS1,665A ,TX,R,D,BF,F , ,N,C,50,0,0,0,1285701,4887874
Gore District,25/04/2014,Fri,1058,DB,CE1,111A 131A 337A 901 ,FP,M,W,O ,H , , ,C,100,0,0,0,1283287,4884731
Gore District,26/02/2014,Wed,920,LB,MN1V,104A 303B 378B 831 832 929 ,,R,D,BN,F ,D,N,C,100,0,0,1,1283082,4884617
Gore District,24/06/2014,Tue,1207,DA,VS1,129A 134A 407A ,FP,E,D,O ,F , , ,C,100,0,0,1,1276975,4883546
Gore District,25/03/2014,Tue,817,DB,CE1,111A 131A ,P,M,W,ON,L , ,N,C,100,0,0,0,1280438,4885428
Gore District,17/09/2014,Wed,720,CC,CS1,130A 195A ,FP,R,D,O ,F , , ,C,100,0,0,0,1287960,4891114
Gore District,18/12/2014,Thu,1210,DA,40,129A 134A ,F,E,D,BN,F , ,N,C,100,0,0,0,1281898,4900888
Gore District,01/02/2014,Sat,1730,DA,CN1,131A 134A 357A ,F,M,D,BN,F , ,N,C,100,0,0,0,1280093,4872427
Gore District,31/10/2014,Fri,200,DC,CW2,101A 113A 336A ,J,R,D,DN,F ,T,G,N,100,0,0,0,1280216,4872830
Gore District,23/11/2014,Sun,915,DA,CN1,101A 131A ,P,M,D,ON,F , ,N,C,100,0,0,2,1280234,4873902
Gore District,01/09/2014,Mon,1800,FD,CW1C,181A 331A 363A ,,E,D,BN,F , ,N,C,100,0,0,0,1300333,4887143
Gore District,16/03/2014,Sun,1840,GA,VE1C,181A 929 ,,R,D,TN,F ,D,N,C,50,0,0,0,1297954,4887934
Gore District,09/06/2014,Mon,1734,FD,4N1CT,181A ,,R,D,TN,F , ,N,C,100,0,1,0,1292786,4888172
Gore District,27/09/2014,Sat,2325,DA,CS1,129A 801 ,B,E,W,DN,L , , ,C,100,0,0,0,1292670,4888487
Gore District,16/04/2014,Wed,2245,CC,CW1,137A ,,R,D,DN,F , ,N,C,100,0,0,0,1292235,4888649
Gore District,17/12/2014,Wed,1430,CC,4W1,130A ,V,R,D,B ,F , , ,C,100,0,0,1,1290940,4889058
Gore District,30/04/2014,Wed,2000,EC,CW1,912,W,M,D,DN,F , ,N,C,100,0,0,0,1290454,4889121
Gore District,14/12/2014,Sun,1543,DB,400,111A 131A ,FIT,S,D,BF,F ,T,G,R,100,0,0,6,1290409,4889120
Gore District,17/07/2014,Thu,2135,DB,CN1,134A 135A 802 ,P,M,I,DN,F , ,N,C,100,0,0,1,1288649,4888145
Gore District,19/12/2014,Fri,2209,FB,CE1C,512A ,,R,D,DO,F ,T,S,C,50,0,0,0,1287582,4887553
Gore District,09/05/2014,Fri,1505,FB,CE1C,181A ,,R,W,O ,L ,R,G,C,50,0,0,0,1286849,4886996
Gore District,23/04/2014,Wed,1527,FB,CW1C,181A ,,R,D,O ,F ,R,G,R,50,0,0,0,1286671,4886971
Gore District,07/08/2014,Thu,1037,MF,CN1C,371B ,,R,D,B ,LS, , ,N,50,0,0,0,1286535,4886708
Gore District,05/10/2014,Sun,204,MO,4S1C,371A 386A ,M,R,W,DO,FS, , ,R,50,0,0,0,1286464,4886529
Gore District,11/11/2014,Tue,2230,HA,CS1C,302A 382A ,,R,D,DO,F ,R,G,R,50,0,0,0,1286331,4886241
Gore District,01/02/2014,Sat,1145,HA,CN1C,302A ,,E,D,B ,F ,R,G,C,50,0,0,0,1286310,4886228
Gore District,31/05/2014,Sat,1031,FA,CN1C,331A 363A 370A 191B 902 ,,S,D,B ,F ,R,G,R,50,0,0,0,1286310,4886228
Gore District,23/07/2014,Wed,743,CB,CN1,504A ,T,R,W,ON,L , ,N,C,100,0,0,1,1285193,4883799
Gore District,11/12/2014,Thu,1640,GC,CN1C,197A 303B 382B 927 ,,R,D,B ,F ,D,N,C,100,0,0,0,1285066,4883527
Gore District,20/03/2014,Thu,1255,AO,TS1O,129A 150A ,,R,D,B ,F , ,N,C,100,0,0,0,1284745,4882784
Gore District,18/10/2014,Sat,124,CC,CS1,103A 130A 402A 901 ,F,R,W,DN,H , , ,C,100,0,0,0,1284682,4882594
Gore District,17/07/2014,Thu,537,CC,CS1,103A 130A 802 ,T,R,I,DN,FF, , ,C,100,0,1,0,1282017,4877624
Gore District,26/06/2014,Thu,740,EC,CN1,912,W,R,D,B ,F , ,N,C,100,0,0,0,1281990,4877583
Gore District,04/05/2014,Sun,1915,EC,BN1T,330A ,Q,R,W,DO,L , , ,C,70,0,4,7,1281606,4876992
Gore District,30/10/2014,Thu,1705,GD,4S1C,331A 352A ,,R,D,O ,F ,T,G,C,50,0,0,0,1281214,4876412
Gore District,14/08/2014,Thu,1604,FD,CN14,181A ,,R,W,OF,H , ,N,C,100,0,0,0,1279025,4872630
Gore District,09/03/2014,Sun,729,CB,CN1,103A 410A ,,R,D,O ,F , ,N,C,100,0,0,0,1278308,4871427
Gore District,25/05/2014,Sun,1727,CB,CS1,130A 504A 803 903 ,,R,I,TN,SS, , ,C,100,0,0,0,1277500,4870077
Gore District,11/09/2014,Thu,1800,DA,VW1,425A ,C,M,D,B ,F , , ,C,100,0,0,0,1298431,4894448
Gore District,24/03/2014,Mon,930,FD,CS1C,331A 378A 832 ,,M,W,ON,L , ,N,C,100,0,0,0,1291821,4892710
Gore District,07/08/2014,Thu,630,EC,TE1,912,W,R,W,DN,HS, , ,C,100,0,0,0,1304230,4875036
Gore District,30/08/2014,Sat,1020,DA,CE1,131A 134A 402A 692A 904 ,,M,W,O ,M , , ,C,100,0,0,1,1301044,4876068
Gore District,16/11/2014,Sun,814,DB,CE1,101A 110A ,,E,W,O ,H , ,N,L,100,0,0,0,1297662,4875950
Gore District,22/04/2014,Tue,1500,GD,CW1C,333A ,,R,D,O ,F ,X,S,C,100,0,0,0,1297541,4875996
Gore District,11/03/2014,Tue,1720,CB,CE1,129A 410A ,C,R,D,B ,F , ,N,N,100,0,0,0,1296549,4876017
Gore District,24/09/2014,Wed,2030,EC,CE1,195A 912 ,W,E,D,DN,F , , ,C,100,0,0,0,1290709,4877153
Gore District,20/10/2014,Mon,1315,DA,CW1,129A 134A 801 ,F,E,W,O ,L , , ,C,100,0,0,1,1288373,4876868
Gore District,15/06/2014,Sun,840,DB,CW1,111A 131A ,F,M,W,ON,M , ,N,C,100,0,0,2,1285622,4877429
Gore District,30/06/2014,Mon,800,EC,VW1,912,W,M,D,DN,F , , ,C,100,0,0,0,1285285,4877444
Gore District,27/12/2014,Sat,1652,DA,CW1,111A 131A 800 ,C,M,W,B ,L , , ,C,100,0,0,1,1285059,4877578
Gore District,13/02/2014,Thu,1450,DA,VN1,111A 131A ,E,M,W,ON,L , ,N,C,100,0,1,0,1284918,4877706
Gore District,05/06/2014,Thu,1150,DA,CN1,129A ,B,E,D,OF,F , ,N,C,50,0,0,0,1281434,4876328
Gore District,21/05/2014,Wed,1445,FD,CS1C,331A 353A ,,R,W,OF,L , ,N,P,50,0,0,0,1286640,4887003
Gore District,15/11/2014,Sat,2130,ME,CS14,371B ,,R,D,TO,F , ,N,C,50,0,0,1,1286597,4887156
Gore District,08/12/2014,Mon,1655,MD,4N1C,308B 929 ,,R,D,OF,F ,D,N,C,50,0,1,3,1286580,4887248
Gore District,26/07/2014,Sat,1110,KB,CS1C,302B 375B ,,R,W,OF,H ,T,G,C,50,0,0,0,1286497,4887690
Gore District,07/01/2014,Tue,1242,JA,CN1C,197A 302B 375B 402B 901 ,,R,W,O ,H ,T,G,C,50,0,0,1,1286461,4888125
Gore District,06/10/2014,Mon,1120,GD,VS1C,112A 378A 404A 801 832 ,,R,W,O ,L ,T,G,C,100,0,0,3,1285961,4888612
Gore District,16/06/2014,Mon,1730,GF,CE1C,150A 381A ,,R,D,B ,F ,T,G,C,100,0,0,0,1285961,4888612
Gore District,17/05/2014,Sat,2040,NA,VN1E,194A 105B 711B 712B ,,R,D,DN,F ,T,G,C,100,1,0,0,1283271,4892619
Gore District,13/02/2014,Thu,1946,DB,CN1,103A 111A 131A 801 ,F,E,W,TN,L , , ,C,100,0,2,0,1283050,4893060
Gore District,11/10/2014,Sat,2320,EC,CS1,801 912 ,W,R,W,DN,L , , ,C,100,0,0,0,1281157,4894777
Gore District,14/03/2014,Fri,,CC,VW1,101A 110A 129A 134A ,T,R,D,DN,F , , ,C,100,0,0,0,1278384,4896334
Gore District,06/07/2014,Sun,1810,CB,CS1,103A 129A ,FT,R,D,DN,F , ,N,C,100,0,0,2,1276914,4897155
Gore District,30/08/2014,Sat,330,DB,4W1,103A 111A 131A ,F,M,D,DN,F , ,N,L,100,0,0,1,1276840,4875601
Gore District,15/10/2014,Wed,930,DB,CE1,131A 801 804 ,,M,W,O ,L , , ,C,100,0,0,0,1275867,4876031
Grey District,06/02/2014,Thu,2003,EA,CS1C,129A ,M,R,D,B ,F , ,N,N,50,0,0,0,1452774,5298767
Grey District,02/10/2014,Thu,1800,EC,CN14,130A 359A 402A 801 ,M,R,W,O ,L ,T,G,C,50,0,0,0,1452873,5298268
Grey District,28/12/2014,Sun,2215,DB,CN1,101A 131A ,S,E,W,DN,L , ,N,C,50,0,0,0,1475506,5285669
Grey District,28/11/2014,Fri,42,DA,CW1,410A ,C,M,W,DN,M , , ,C,100,0,0,0,1470360,5288495
Grey District,22/11/2014,Sat,2330,DB,CS1,103A 111A 131A 801 ,,M,W,DN,L , , ,L,100,0,0,0,1468967,5288783
Grey District,29/09/2014,Mon,200,CB,CN1,130A 412A ,F,R,D,DN,F , , ,N,100,0,0,0,1485603,5288836
Grey District,11/10/2014,Sat,1445,EA,CS1C,129A 358A ,M,R,D,O ,F , , ,C,50,0,0,0,1452929,5299541
Grey District,16/03/2014,Sun,1800,AC,4W1C,184A 357A 184B 357B ,,E,D,B ,F , , ,L,50,0,0,0,1453260,5299258
Grey District,15/04/2014,Tue,1455,HA,CN2C,301B 375B 901 ,,R,W,ON,H ,X,S,C,50,0,0,0,1451812,5297518
Grey District,27/10/2014,Mon,1440,MO,VE1,386A ,H,R,D,B ,F , ,N,C,50,0,0,0,1452837,5298754
Grey District,05/05/2014,Mon,755,BF,CW1C,130A 359A 197B 801 ,,M,W,O ,L , , ,N,50,0,0,0,1456358,5304816
Grey District,23/05/2014,Fri,1350,DB,40,130A 504A ,F,E,W,O ,F ,T,N,C,50,0,0,0,1456506,5304896
Grey District,22/08/2014,Fri,1505,EE,CW1C,374B ,M,R,D,B ,F , , ,C,50,0,0,0,1451573,5296740
Grey District,22/10/2014,Wed,1300,CC,CN1,129A 359A ,F,R,D,B ,F , ,N,N,100,0,0,0,1482538,5278121
Grey District,12/03/2014,Wed,1200,HA,CS2P,302A 370A ,,R,D,O ,F ,R,G,R,50,0,1,0,1452586,5298866
Grey District,09/08/2014,Sat,1330,HA,CS2C,301B ,,R,D,B ,F ,X,S,C,50,0,0,0,1452886,5298855
Grey District,13/09/2014,Sat,1650,HA,CS1V,301A 321A 375A ,,R,W,O ,F ,X,S,C,50,0,0,0,1451758,5297147
Grey District,25/10/2014,Sat,829,DB,CE1,103A 111A 131A ,FTX,M,D,BF,F , ,N,C,50,0,1,0,1452351,5296815
Grey District,09/06/2014,Mon,1905,KB,SW1C,302B 375B ,,E,D,DO,F ,T,G,C,50,0,0,1,1452431,5296798
Grey District,01/10/2014,Wed,1500,GD,400000000000000,181A 331A 352A 801 ,,R,W,O ,L ,T,G,C,50,0,0,0,1452885,5298934
Grey District,14/08/2014,Thu,1517,JA,CW1C,302B ,,R,D,BN,F ,T,G,C,50,0,0,1,1452885,5298934
Grey District,21/10/2014,Tue,900,LB,VW1V,303B ,,R,W,OF,M ,T,G,C,50,0,0,0,1453047,5298940
Grey District,20/04/2014,Sun,1650,HA,CN24,302A 375A 402A ,,E,W,O ,L ,X,G,N,50,0,0,1,1452881,5299731
Grey District,26/12/2014,Fri,1600,MO,4N1C,371A 929 ,M,R,D,BF,F ,D,N,C,50,0,0,0,1451466,5297963
Grey District,30/01/2014,Thu,1250,JA,CN1C,302B 378B ,,E,D,BF,F ,T,G,C,50,0,0,0,1451724,5298353
Grey District,20/11/2014,Thu,1620,FA,CS14,181A 357A 191B 357B ,,R,D,B ,F , , ,C,50,0,0,0,1451591,5298167
Grey District,23/07/2014,Wed,1420,HA,CW1C,113B 301B ,,R,D,O ,F ,X,S,C,50,0,0,0,1451758,5297147
Grey District,19/07/2014,Sat,1435,CB,VS1C4,129A 130A ,BM,R,D,B ,F , , ,C,50,0,0,0,1452412,5297616
Grey District,20/02/2014,Thu,850,NB,CS1K,376A 717B ,,R,D,B ,F ,X,S,X,50,0,0,1,1452886,5298850
Grey District,02/04/2014,Wed,1718,HA,CE24,301A 375A ,,R,D,O ,F ,X,S,C,50,0,0,0,1452886,5298855
Grey District,05/05/2014,Mon,940,DA,4S1,111A 131A ,F,M,W,ON,L , ,N,C,100,0,0,1,1466807,5302590
Grey District,09/05/2014,Fri,1715,CB,CS1,130A 412A ,F,R,W,TN,F , , ,C,100,0,0,0,1460598,5299246
Grey District,10/10/2014,Fri,2300,DB,CE1,111A 131A ,V,M,D,DN,F , , ,C,100,0,0,0,1459373,5298961
Grey District,22/05/2014,Thu,2215,EC,CN1,912,W,E,W,DN,L , ,N,C,100,0,0,0,1459538,5298965
Grey District,23/06/2014,Mon,1855,KA,SN14,302B 375B ,,R,D,DO,F ,T,G,C,50,0,1,0,1452486,5297446
Grey District,28/10/2014,Tue,2012,DB,CN1,131A ,C,M,W,TN,L , ,N,C,100,0,0,2,1462029,5334387
Grey District,12/07/2014,Sat,1830,CB,CN1,129A 134A 358A ,V,R,W,DN,L , ,N,C,100,0,0,0,1460553,5318955
Grey District,30/10/2014,Thu,800,DB,CS1,111A 131A ,TX,M,W,O ,F , ,N,C,100,0,0,0,1458959,5316423
Grey District,25/09/2014,Thu,835,DA,CS1,131A 410A ,,M,D,ON,F , ,N,C,100,0,0,0,1458481,5314374
Grey District,17/02/2014,Mon,1830,JA,MS1C,130A 197A 308B 378B 926 ,,M,D,O ,F ,D, ,C,100,0,1,0,1458288,5313941
Grey District,12/08/2014,Tue,2105,DA,CE1,110A 601A ,T,E,W,DN,F , ,N,C,100,0,0,0,1456966,5311836
Grey District,12/06/2014,Thu,800,CB,TN1,104A 350A ,C,R,D,B ,F , ,N,P,100,0,0,1,1455622,5308202
Grey District,04/07/2014,Fri,2000,DB,CN1,137A 195A ,,M,W,DN,F , ,N,C,100,0,0,2,1455417,5306771
Grey District,20/11/2014,Thu,1000,QC,CS1,350A 801 ,N,M,W,O ,L , ,G,C,60,0,0,1,1455905,5305481
Grey District,19/12/2014,Fri,1430,AC,4S1V,159A 357A ,,R,D,B ,F , , ,C,100,0,0,0,1455504,5301422
Grey District,23/08/2014,Sat,523,DB,TN1,131A 410A ,V,M,D,DN,F , ,N,C,100,0,1,0,1454387,5299476
Grey District,05/06/2014,Thu,1730,GD,4E1C,112A 181A 331A 387A 800 ,,R,W,TO,F ,T,G,L,50,0,0,1,1453355,5299228
Grey District,03/07/2014,Thu,700,CB,4N1,134A 135A 802 905 ,G,R,I,DO,SF, ,N,C,50,0,0,0,1453382,5298955
Grey District,20/03/2014,Thu,1135,AO,CW1C,150A 381A ,,M,D,O ,F ,T,N,C,50,0,0,0,1453074,5298779
Grey District,17/06/2014,Tue,1010,GD,CW1C,181A 922 ,,M,W,OF,H ,D,N,L,50,0,0,1,1453018,5298757
Grey District,10/11/2014,Mon,1400,GD,CE1C,333A 350A ,,E,D,O ,F ,T,S,C,50,0,0,0,1453018,5298757
Grey District,06/12/2014,Sat,1240,LB,CN14,302A 387A 801 ,,E,W,O ,L ,R,G,R,50,0,0,0,1452888,5298703
Grey District,06/12/2014,Sat,1020,LB,CN1C,302A ,,M,W,O ,F ,R,G,R,50,0,0,0,1452888,5298703
Grey District,02/10/2014,Thu,1410,GC,4N1C,330B 357B 372B 801 ,,E,W,O ,L ,R,S,R,50,0,0,0,1452873,5298660
Grey District,25/01/2014,Sat,1530,CA,CE1S,204B ,,R,D,B ,F ,X,S,N,50,0,0,0,1452863,5298666
Grey District,22/09/2014,Mon,1550,MO,CS1C,400A 423A ,CM,R,D,B ,F , , ,R,50,0,0,0,1452837,5298611
Grey District,13/10/2014,Mon,1445,BB,SE2C,124A 205A ,,R,D,B ,F ,T,N,R,50,0,1,0,1452822,5298580
Grey District,20/11/2014,Thu,1605,JA,MN14,301B 377B ,,R,D,B ,F ,X,S,C,50,0,0,1,1452661,5298237
Grey District,18/04/2014,Fri,1154,GA,4S14,333A 922 ,,R,D,O ,F ,D,G,R,50,0,0,0,1452628,5298140
Grey District,28/11/2014,Fri,2145,DB,CS2C,111A 131A 514A ,M,M,W,DO,F ,T,G,C,50,0,0,0,1452301,5297718
Grey District,13/01/2014,Mon,2014,HA,SS14,302B 377B ,,R,D,BF,F ,X,G,C,50,0,1,0,1452301,5297718
Grey District,31/12/2014,Wed,1101,HA,VE2C,301A 375A ,,R,W,OF,L ,X,S,C,50,0,0,0,1451673,5297265
Grey District,07/10/2014,Tue,1100,EE,TS1C,129A 374B ,M,R,D,O ,F , , ,C,50,0,0,0,1451633,5297236
Grey District,21/11/2014,Fri,1600,EA,VN1C,129A 352A 901 ,GMP,R,W,O ,H , , ,C,50,0,0,1,1451608,5297218
Grey District,24/12/2014,Wed,1505,JA,CE1C,308B 375B 922 ,,R,D,B ,F ,D, ,L,50,0,0,0,1451608,5297218
Grey District,24/01/2014,Fri,2300,DB,CS1,103A 111A 131A 402A ,H,E,D,DO,F , ,N,C,50,1,2,0,1451493,5297116
Grey District,25/06/2014,Wed,1220,FC,VN1V,135A 181A 191A 806 901 ,,R,W,O ,H ,X,G,X,50,0,0,0,1451361,5296848
Grey District,11/02/2014,Tue,1712,FC,TN1V,352A ,,R,D,BF,F ,X,G,R,50,0,0,0,1451359,5296843
Grey District,02/06/2014,Mon,1445,MC,CS1C,363B 372B 902 ,,R,D,B ,F , , ,L,50,0,0,1,1451307,5296734
Grey District,31/07/2014,Thu,1225,MC,CS1C,372B 375B ,,R,W,OF,F , ,N,C,50,0,0,0,1451238,5296590
Grey District,30/05/2014,Fri,445,DA,CS1,131A 412A ,T,E,W,DO,L ,T,N,C,70,0,0,0,1450849,5295624
Grey District,15/04/2014,Tue,1607,GD,CS1V,331A ,,R,W,OF,H ,X,S,C,70,0,0,2,1450598,5294745
Grey District,28/01/2014,Tue,1135,MA,CN1C,373B ,,E,D,OF,F , ,N,C,70,0,0,0,1450558,5294596
Grey District,07/06/2014,Sat,1405,CB,CS1,130A 433A 801 ,C,R,W,O ,L , , ,N,80,0,0,1,1449986,5293337
Grey District,17/11/2014,Mon,2045,CB,CS1,130A 801 ,V,R,W,O ,L , , ,C,80,0,0,0,1449610,5292144
Grey District,18/07/2014,Fri,2310,CB,CN1,103A 108A 359A ,S,R,D,DO,F , , ,C,80,0,0,1,1449489,5291773
Grey District,01/12/2014,Mon,1245,DA,VN1,129A 131A 352A ,K,E,D,B ,F , ,G,N,80,0,0,0,1449477,5291740
Grey District,03/12/2014,Wed,1600,CB,VS1,412A ,X,R,D,ON,L , ,N,C,100,0,0,0,1447484,5287224
Grey District,04/12/2014,Thu,1120,DA,MS1,110A 130A 840 ,,E,W,O ,L , ,N,P,80,0,0,0,1447565,5286473
Grey District,12/02/2014,Wed,1202,DA,MS1,131A 402A 800 801 ,,E,W,O ,L , ,G,N,100,0,0,2,1447653,5286371
Grey District,26/10/2014,Sun,1030,CB,MN1,129A 330A ,,R,W,O ,F , ,N,N,100,0,0,1,1447667,5286344
Grey District,13/01/2014,Mon,1250,CA,MN1,130A 800 ,,R,W,O ,L , , ,N,100,0,0,1,1447667,5286344
Grey District,26/01/2014,Sun,1505,CA,MN1,135A 800 ,B,R,W,O ,L ,T,G,N,100,0,1,0,1447667,5286344
Grey District,07/01/2014,Tue,1221,DA,MS1,130A 800 ,,E,W,O ,L , , ,N,100,0,0,1,1447667,5286344
Grey District,19/11/2014,Wed,1100,CA,MN1,135A 800 801 812 ,,R,W,O ,L , ,G,N,100,0,0,2,1447667,5286344
Grey District,07/01/2014,Tue,1254,DA,MS1,131A 191A 800 ,,E,W,O ,L , , ,N,100,0,0,1,1447690,5286299
Grey District,02/07/2014,Wed,2137,QC,CS1,103A 326A ,N,E,D,DN,F , ,T,L,100,0,1,0,1487512,5316564
Grey District,31/01/2014,Fri,1800,CC,4S1,410A ,FV,R,D,B ,F , , ,C,100,0,0,1,1482716,5311880
Grey District,18/01/2014,Sat,1615,FA,MN1M,130A 353A ,,M,D,BN,F , ,G,C,100,0,0,0,1479532,5310258
Grey District,25/08/2014,Mon,727,DA,CW1,129A 504A ,F,E,D,ON,F , ,N,C,100,0,0,1,1465198,5300205
Grey District,27/09/2014,Sat,1224,FB,CS24,181A ,,R,W,ON,L ,T,S,C,100,0,0,0,1464550,5300288
Grey District,28/12/2014,Sun,53,DB,CN1,131A ,GV,M,W,DN,H , ,N,C,100,0,0,0,1461800,5299781
Grey District,28/11/2014,Fri,830,DB,CS1,131A 195A 402A ,C,M,W,O ,H , , ,C,100,0,0,0,1461436,5299302
Grey District,28/02/2014,Fri,1600,KB,CW1CC,130A 197A 407A 302B 353B ,,R,D,O ,F ,T,G,C,70,0,0,2,1456435,5297056
Grey District,13/10/2014,Mon,330,EC,CE1,912,W,R,D,DO,F , , ,C,70,0,0,0,1456415,5297057
Grey District,18/09/2014,Thu,1511,CB,CE1,129A 650A ,C,R,W,O ,F , ,N,C,50,0,0,0,1455799,5297070
Grey District,23/11/2014,Sun,525,DA,CN1,103A 131A 412A ,,E,W,TO,L , , ,C,80,0,0,1,1455227,5297556
Grey District,11/01/2014,Sat,1130,FD,CE1V,181A ,,E,D,BN,F , ,N,C,80,0,1,0,1454633,5297979
Grey District,04/05/2014,Sun,1700,DB,CW1,131A 412A 812 ,G,M,D,TF,F , , ,C,80,0,0,0,1454158,5298578
Grey District,04/01/2014,Sat,1835,QG,4W1C,682A ,,E,D,BF,F , ,N,C,80,0,0,0,1453715,5298888
Grey District,20/10/2014,Mon,1800,HA,CN2V,302A ,,R,W,O ,L ,X,G,R,50,0,0,1,1453468,5298947
Hamilton City,12/02/2014,Wed,815,FB,CS1C,181A 331A 387A ,,R,D,B ,F ,X,G,R,60,0,0,0,1799947,5816442
Hamilton City,28/10/2014,Tue,1140,HA,CS2V,301B 330B 375B ,,R,D,B ,F ,X,S,C,50,0,0,1,1799838,5816219
Hamilton City,29/07/2014,Tue,1048,HA,CS2C,301B 370B ,,R,D,B ,F ,X,S,R,50,0,0,0,1799838,5816219
Hamilton City,29/04/2014,Tue,1931,DA,CW1,111A 131A 402A 433A ,F,E,D,DO,F ,T,G,C,50,0,0,0,1797116,5815172
Hamilton City,01/08/2014,Fri,926,AA,CN1C,177A 372A ,,R,D,O ,F , , ,P,50,0,0,0,1801191,5814681
Hamilton City,07/01/2014,Tue,1723,HA,SN1C,387A 302B 375B ,,M,D,B ,F ,R,G,C,50,0,1,0,1801262,5814583
Hamilton City,06/06/2014,Fri,1204,KB,CN1C,386B ,,M,D,B ,F ,R,G,C,50,0,0,0,1801262,5814583
Hamilton City,12/02/2014,Wed,1914,GO,CS1C,171A 201A ,,E,D,B ,F ,R,G,C,50,0,0,0,1801262,5814583
Hamilton City,06/06/2014,Fri,1645,AA,BE1C,372A ,,R,D,B ,F ,R,G,R,50,0,0,0,1801250,5814580
Hamilton City,25/03/2014,Tue,1640,FB,CN1C,181A ,,S,D,B ,F ,R,G,R,50,0,0,0,1801264,5814579
Hamilton City,31/03/2014,Mon,1055,AC,CW2C,372A ,,E,D,B ,F ,R,G,R,50,0,0,0,1801269,5814596
Hamilton City,07/08/2014,Thu,1430,AA,CE1C,372A ,,E,D,O ,F ,R,G,R,50,0,0,0,1801250,5814580
Hamilton City,03/07/2014,Thu,1105,AA,VN1V,353A 372A 197B ,,R,D,B ,F , , ,R,50,0,0,0,1800640,5815467
Hamilton City,07/02/2014,Fri,1230,MO,VW1C,371A 386A ,M,E,D,B ,F , ,N,C,50,0,0,0,1800668,5815426
Hamilton City,12/08/2014,Tue,1800,LB,VS1C,303B ,,R,W,DO,F ,X,T,R,50,0,0,0,1800651,5815451
Hamilton City,01/07/2014,Tue,845,GF,TS2C,172A 330A 904 ,,M,W,O ,M ,X,T,R,50,0,0,0,1800651,5815451
Hamilton City,04/01/2014,Sat,2144,LB,CE1C,303B ,,R,D,DO,F ,X,T,R,60,0,0,1,1800651,5815451
Hamilton City,08/01/2014,Wed,1727,LB,CS1C,303B 375B ,,R,D,B ,F ,X,T,R,50,0,0,1,1800651,5815451
Hamilton City,01/12/2014,Mon,912,ND,BW2E,713B 718B ,,M,D,OF,F ,X,T,R,50,0,1,0,1800651,5815451
Hamilton City,27/05/2014,Tue,815,AC,CN1V,372A ,,R,D,BF,M , ,N,C,50,0,0,0,1800849,5815160
Hamilton City,22/03/2014,Sat,1240,KB,VS1C,308B 375B 922 ,,R,D,B ,F ,D,N,C,50,0,0,0,1801179,5814697
Hamilton City,04/09/2014,Thu,1525,FB,CE2C,181A ,,E,D,BF,F ,R,G,R,50,0,0,0,1801227,5814590
Hamilton City,24/02/2014,Mon,,GB,4E2C,375B ,,M,D,BF,F ,R,G,C,50,0,0,0,1801231,5814593
Hamilton City,17/09/2014,Wed,1200,KB,CN2X,302A 375A ,,M,D,B ,F ,R,G,R,50,0,0,0,1801231,5814593
Hamilton City,27/11/2014,Thu,1330,LB,CE2C,302A 375A ,,E,D,B ,F ,R,G,C,50,0,0,0,1801231,5814593
Hamilton City,25/11/2014,Tue,1605,FD,CN1C,181A ,,R,D,B ,F , , ,C,50,0,0,0,1800896,5815094
Hamilton City,27/04/2014,Sun,1300,AC,CN1C,372A ,,R,D,OF,F ,X,T,C,50,0,0,0,1800907,5815078
Hamilton City,07/04/2014,Mon,830,FE,CN1C,113A ,,R,D,BF,F ,X,T,C,50,0,0,2,1800907,5815078
Hamilton City,06/06/2014,Fri,1220,HA,CN1C,322A 334A ,,R,D,B ,F ,X,T,C,50,0,0,0,1800907,5815078
Hamilton City,15/12/2014,Mon,1258,MC,4N1C,372B 671B ,,R,D,B ,F , , ,C,50,0,0,0,1801124,5814774
Hamilton City,05/04/2014,Sat,1010,GD,CN1C,331A 922 ,,R,D,O ,F ,D,N,C,50,0,0,0,1801142,5814750
Hamilton City,30/03/2014,Sun,1152,MC,CN1C,372B ,,R,D,BF,F , ,N,C,50,0,0,0,1800572,5815567
Hamilton City,04/12/2014,Thu,1245,JC,TE2C,304A 330A ,,E,D,B ,F ,T,G,C,50,0,0,0,1801356,5814451
Hamilton City,26/06/2014,Thu,1220,JA,BN1C,308B 378B 929 ,,R,D,B ,F ,D,N,C,50,0,0,0,1800406,5815807