TLANAME,CRASHDATE,CRASHDOW,CRASHTIME,MVMT,VEHICLES,CAUSES,OBJECTSSTRUCK,ROADCURVE,ROADWET,LIGHT,WTHRa,JUNCTYPE,TRAFCTRL,ROADMARK,SPDLIM,CRASHFATALCNT,CRASHSEVCNT,CRASHMINCNT,EASTING,NORTHING
Hamilton City,28/03/2014,Fri,1750,HA,CW2C,332A 351A ,,R,D,B ,F ,X,T,P,50,0,0,1,1800377,5815848
Hamilton City,05/12/2014,Fri,1822,HA,CE2C,334A 334B ,,R,D,O ,F ,X,T,P,50,0,0,0,1800377,5815848
Hamilton City,26/11/2014,Wed,1310,HA,CE2C,322B ,,R,D,B ,F ,X,T,C,50,0,0,0,1800377,5815848
Hamilton City,08/05/2014,Thu,616,FE,TS1C,112A 113A ,,R,W,DO,L ,X,T,C,50,0,0,0,1800377,5815848
Hamilton City,23/07/2014,Wed,1638,MO,VN1C,691A 387B 925 ,,R,D,O ,F , , ,C,50,0,0,0,1800993,5814958
Hamilton City,26/11/2014,Wed,1320,FE,4N1C,181A ,,R,D,OF,F ,X,T,C,50,0,0,0,1800722,5815349
Hamilton City,22/09/2014,Mon,1530,FD,CN1V,181A ,,R,D,BF,F , ,N,C,50,0,0,0,1802023,5815808
Hamilton City,24/05/2014,Sat,20,CB,CS1,103A 130A 402A ,T,R,W,DO,F , , ,N,50,0,0,0,1804248,5814709
Hamilton City,17/06/2014,Tue,1415,FD,CN1C,181A 801 ,,R,W,O ,L , , ,P,50,0,0,0,1797836,5816577
Hamilton City,04/11/2014,Tue,1250,FD,CN1C,181A ,,R,D,B ,F ,R,G,R,60,0,0,0,1797486,5817008
Hamilton City,01/05/2014,Thu,1808,FD,CN1CCC,331A 350A ,,R,D,DO,F , ,N,C,50,0,0,0,1797528,5816965
Hamilton City,17/09/2014,Wed,812,KA,CW2C,302B 375B ,,E,W,O ,L ,R,G,R,50,0,0,0,1797479,5817015
Hamilton City,30/09/2014,Tue,1119,KA,CN1C,302B 350B ,,M,D,O ,F ,R,G,R,50,0,0,0,1797479,5817015
Hamilton City,22/01/2014,Wed,830,KB,CS1M,302A 375A ,,R,D,O ,F ,R,G,C,50,0,0,0,1797479,5817015
Hamilton City,02/01/2014,Thu,1855,JA,SW1C,302B 375B ,,E,D,BF,F ,R,G,R,50,0,0,1,1797479,5817015
Hamilton City,24/05/2014,Sat,1030,FE,4S1C,181A ,,R,W,BF,F ,X,T,C,50,0,0,0,1798089,5816149
Hamilton City,05/12/2014,Fri,1720,FE,CS1C,181A ,,R,D,BF,F ,X,T,C,50,0,0,0,1798083,5816157
Hamilton City,18/10/2014,Sat,750,LB,4S1C,323B 334B ,,E,D,B ,F ,X,T,C,50,0,0,0,1798089,5816149
Hamilton City,15/01/2014,Wed,2315,LB,TN1C,302A 375A ,,R,D,DO,F ,R,G,C,50,0,0,0,1797756,5816729
Hamilton City,17/04/2014,Thu,2340,DB,VS1,135A 801 901 ,,R,W,DO,H ,R,G,R,50,0,0,0,1797756,5816729
Hamilton City,24/08/2014,Sun,300,CA,CS1,102A 112A 129A 130A ,GP,R,D,DO,F , , ,R,50,0,0,0,1797570,5816921
Hamilton City,19/02/2014,Wed,1950,CA,CS1,610A 650A ,IP,R,D,TF,F , ,N,R,50,0,0,0,1797563,5816928
Hamilton City,25/07/2014,Fri,755,FO,CN1T,385A 402A 818 870 ,M,R,D,B ,F , , ,R,50,0,0,0,1797653,5816835
Hamilton City,09/07/2014,Wed,1816,LB,CS1C,111B 303B 330B 903 ,,R,D,TO,FS,X,T,R,50,0,0,0,1798089,5816149
Hamilton City,23/10/2014,Thu,1202,FB,CN14C,181A 350A 181B ,,R,D,B ,F ,R,G,P,50,0,0,0,1797948,5816347
Hamilton City,23/05/2014,Fri,1120,CB,PN1,132A 800 ,,R,W,O ,F ,T,G,C,50,0,0,0,1797324,5817255
Hamilton City,22/09/2014,Mon,1545,JC,CE24,302A 375A ,,R, , F,  ,T,G,C,50,0,0,0,1797321,5817265
Hamilton City,13/12/2014,Sat,2312,BC,CE2C,103A 122A 801 ,,E,W,DO,L ,T,G,P,50,0,0,0,1797321,5817265
Hamilton City,14/12/2014,Sun,1230,JA,CN1C,302B ,,R,W,O ,L ,T,G,C,50,0,0,0,1797321,5817265
Hamilton City,05/12/2014,Fri,917,BF,CN1CC,131A ,,E,D,B ,F , , ,R,80,0,0,2,1797315,5817287
Hamilton City,03/06/2014,Tue,1745,FB,CN1C,181A 331A 353A ,,M,D,TO,F ,R,G,C,80,0,0,0,1797291,5817379
Hamilton City,10/06/2014,Tue,850,JA,CS1C,208B 927 ,,R,D,OF,F ,D,N,C,50,0,0,1,1797384,5817110
Hamilton City,02/08/2014,Sat,945,GA,CW1V,181A 330A 358A 801 ,,R,W,O ,L ,T,G,R,50,0,0,1,1801827,5812929
Hamilton City,02/06/2014,Mon,1400,ME,4W1V,371B ,,R,D,BF,F , ,N,P,50,0,0,0,1801360,5812981
Hamilton City,01/07/2014,Tue,1600,JA,CE1C,308B 375B 927 ,,R,W,OF,F ,D,N,C,50,0,0,0,1799109,5814878
Hamilton City,01/02/2014,Sat,339,CC,VN1,112A 514A ,F,R,D,DO,F ,T,G,C,50,0,0,0,1800557,5818668
Hamilton City,24/05/2014,Sat,1440,FB,CS1C,181A ,,R,D,BF,F ,T,G,C,50,0,0,0,1800676,5817798
Hamilton City,26/07/2014,Sat,1050,HA,CN1CC,301B 375B ,,R,D,B ,F ,X,S,C,50,0,0,0,1800425,5819170
Hamilton City,30/05/2014,Fri,740,LB,SN1C,303B 375B ,,E,D,O ,F ,T,G,C,50,0,0,1,1800388,5819252
Hamilton City,08/11/2014,Sat,2014,EA,CN1C,103A 129A ,M,R,D,TF,F , ,N,C,50,0,0,0,1800558,5818421
Hamilton City,15/08/2014,Fri,10,DB,CN1,110A 131A ,T,M,W,DO,F ,T,N,C,50,0,0,0,1799157,5818190
Hamilton City,13/12/2014,Sat,1636,MO,CW1C,386A 402A ,M,R,D,O ,F ,X,G,R,50,0,0,0,1801107,5816966
Hamilton City,04/09/2014,Thu,1946,DA,VN2,111A 131A ,I,M,D,DO,F ,R,G,R,50,0,1,1,1798644,5822504
Hamilton City,16/05/2014,Fri,1645,JA,4E1C,308B 314B 353B 922 ,,R,D,B ,F ,D,N,C,50,0,0,0,1801969,5816927
Hamilton City,23/07/2014,Wed,846,FD,CW1C,181A ,,R,D,B ,F , , ,R,50,0,0,0,1800790,5816612
Hamilton City,19/05/2014,Mon,1806,JA,MW1C,202B 375B ,,R,D,TO,F ,T,S,C,50,0,0,1,1800742,5816598
Hamilton City,13/03/2014,Thu,820,HO,CW1S,208A 377A 210B ,,R,D,BF,F , ,N,X,50,0,0,1,1801419,5816777
Hamilton City,30/12/2014,Tue,1854,NA,CE1E,112A 341A ,,R,D,BF,F ,R,G,C,50,0,1,0,1801207,5816721
Hamilton City,13/08/2014,Wed,750,HA,SN24,302A ,,R,W,B ,F ,R,G,R,50,0,0,1,1801219,5816713
Hamilton City,14/01/2014,Tue,1700,KA,SS2C,302B ,,M,D,B ,F ,R,G,P,50,0,0,1,1801207,5816721
Hamilton City,12/09/2014,Fri,820,AA,VW1C,372A ,,E,D,B ,F ,R,G,C,50,0,0,0,1801208,5816728
Hamilton City,02/05/2014,Fri,2146,FB,CE1C,181A ,,R,D,DO,F ,R,G,R,50,0,0,0,1801203,5816720
Hamilton City,20/06/2014,Fri,2000,MC,CE14,372B ,,R,D,DO,F ,T,G,C,50,0,0,0,1801020,5816674
Hamilton City,08/11/2014,Sat,920,EA,TE1CC,129A 353A ,M,R,D,O ,F , , ,C,50,0,0,0,1800909,5816644
Hamilton City,20/02/2014,Thu,1230,MC,CE1C,372B ,,R,D,B ,F , , ,C,50,0,0,0,1800914,5816645
Hamilton City,14/05/2014,Wed,1930,FD,CE1CV,181A 181B ,,R,W,DO,F , , ,C,50,0,0,0,1800856,5816629
Hamilton City,28/07/2014,Mon,854,NA,CE1E,370A 711B 712B ,,R,D,B ,F ,R,G,R,50,0,0,0,1801979,5816930
Hamilton City,10/02/2014,Mon,1635,FA,CE1C,197A 191B ,,R,D,B ,F , ,N,C,50,0,0,0,1801892,5816906
Hamilton City,09/09/2014,Tue,832,AO,TW1SC,150A 386A 386B ,,R,D,O ,F , ,N,C,50,0,1,0,1800363,5816457
Hamilton City,12/07/2014,Sat,945,GA,CW1C,181A 331A 904 ,,R,W,O ,M ,X,T,N,50,0,0,1,1800299,5816430
Hamilton City,06/04/2014,Sun,930,AC,CW1C,372A ,,R,D,OF,F ,X,T,C,50,0,0,0,1800299,5816430
Hamilton City,01/09/2014,Mon,935,FE,TE1C,181A ,,R,W,OF,L ,X,T,R,50,0,0,0,1800299,5816430
Hamilton City,29/05/2014,Thu,925,MO,CW1,427A ,H,R,W,O ,F , , ,P,50,0,0,0,1799056,5818688
Hamilton City,08/02/2014,Sat,2100,MO,VN1C,371A 386A 929 ,,R,D,DN,F ,D,N,N,50,0,0,0,1797199,5817213
Hamilton City,06/06/2014,Fri,1600,GA,CW1C,181A 929 ,,R,D,OF,F ,D,N,C,50,0,0,2,1797168,5817190
Hamilton City,23/12/2014,Tue,1800,FD,CW1V,181A ,,R,D,B ,F , , ,C,50,0,0,0,1801332,5814657
Hamilton City,10/05/2014,Sat,1315,KA,CS1C,302B 353B ,,R,W,O ,F ,R,G,C,50,0,0,0,1801262,5814583
Hamilton City,29/10/2014,Wed,815,GC,VN1S,174A ,,E,W,OF,L ,R,G,R,50,0,0,0,1801262,5814583
Hamilton City,11/04/2014,Fri,1412,DB,CW1,135A 804 ,C,M,W,OF,L ,R,G,R,50,0,0,0,1801269,5814596
Hamilton City,05/04/2014,Sat,307,FE,CE1C,103A ,,R,D,DO,F ,T,T,R,50,0,0,0,1801834,5814956
Hamilton City,17/01/2014,Fri,1600,FD,CE1CC,181A 387A ,,R,D,B ,F ,T,T,C,50,0,0,0,1801830,5814954
Hamilton City,28/06/2014,Sat,1330,FO,CS1C,330A ,,R,D,B ,F , ,N,C,50,0,0,0,1801825,5814953
Hamilton City,06/03/2014,Thu,745,AA,4W1C,372A ,,R,D,BF,F ,T,G,C,50,0,0,0,1801704,5814920
Hamilton City,17/04/2014,Thu,1525,FD,VE1C,181A ,,R,D,O ,F , , ,C,50,0,0,0,1801679,5814904
Hamilton City,18/06/2014,Wed,1300,FA,CE1C,181A ,,R,D,O ,F ,X,G,N,50,0,0,0,1801457,5814746
Hamilton City,03/07/2014,Thu,950,FD,VW1CC,132A 181A 330A ,,R,D,B ,F ,X,T,C,50,0,0,0,1801481,5814764
Hamilton City,09/08/2014,Sat,825,EA,CE1V,386A ,M,R,D,B ,F , ,N,C,50,0,0,0,1801626,5814867
Hamilton City,28/07/2014,Mon,1645,FD,CW1C,331A ,,R,D,TO,F , , ,C,50,0,0,0,1801469,5814755
Hamilton City,06/03/2014,Thu,830,FE,CW1C,181A ,,R,D,BF,F , ,T,C,50,0,0,0,1801469,5814755
Hamilton City,28/08/2014,Thu,1845,FD,CE1C,357A 512A ,,R,D,DO,F , ,N,C,50,0,0,0,1801473,5814758
Hamilton City,22/10/2014,Wed,1555,FD,CW1CV,331A 350A ,,R,W,OF,L , ,N,C,50,0,0,0,1801481,5814764
Hamilton City,28/05/2014,Wed,1650,FD,CW1C,181A ,,R,D,BF,F , ,N,C,50,0,0,0,1801497,5814775
Hamilton City,24/04/2014,Thu,1026,FD,VS1C,181A 331A 352A 801 ,,R,W,O ,L , , ,C,50,0,0,0,1801489,5814770
Hamilton City,07/09/2014,Sun,1420,FD,CE1VC,181A 181B ,,R,D,O ,F , , ,C,50,0,0,0,1801432,5814729
Hamilton City,31/10/2014,Fri,1309,CB,CW1,410A 501A ,K,R,D,BF,F ,X,T,C,50,0,0,0,1801457,5814746
Hamilton City,15/07/2014,Tue,830,FE,CE1T,181A ,,R,D,B ,F ,X,T,C,50,0,0,0,1801457,5814746
Hamilton City,20/04/2014,Sun,1813,AC,CE1C,170A 351A 801 ,,R,W,TO,L ,T,S,P,50,0,0,0,1801764,5814935
Hamilton City,24/12/2014,Wed,1500,LB,CE1C,303B ,,E,D,B ,F ,T,S,C,50,0,0,0,1801769,5814936
Hamilton City,03/03/2014,Mon,1326,LB,CE1C,303B 375B ,,R,D,B ,F ,T,S,C,50,0,0,0,1801769,5814936
Hamilton City,03/08/2014,Sun,2110,AA,CN1C,372A 381A ,,R,D,DO,F ,X,T,C,50,0,0,0,1801849,5816256
Hamilton City,12/08/2014,Tue,335,DA,CN1,103A 111A ,F,M,W,DO,F ,T,N,P,50,0,0,0,1801851,5816265
Hamilton City,17/05/2014,Sat,1348,FD,CE1CC,331A 352A 402A ,,R,D,B ,F , , ,C,50,0,0,0,1801611,5816080
Hamilton City,31/12/2014,Wed,1930,HA,CW1S,210B 322B 375B ,,R,D,O ,F ,X,T,R,50,0,0,1,1801521,5816037
Hamilton City,20/08/2014,Wed,939,NB,CS1E,726B ,,R,D,O ,F , , ,C,50,0,0,1,1801875,5816377
Hamilton City,14/11/2014,Fri,1513,LB,CW1CE,303B 353B 375B 927 ,,R,D,B ,F ,D,N,C,50,0,0,1,1798144,5818906
Hamilton City,20/05/2014,Tue,1700,JA,CW1C,308B 375B 923 ,,R,D,OF,F ,D,N,C,50,0,0,0,1797955,5818761
Hamilton City,02/08/2014,Sat,1146,FD,4W1CC,181A 331A ,,R,D,O ,F ,T,N,P,50,0,0,1,1798078,5818856
Hamilton City,20/06/2014,Fri,1440,EA,CE1C,129A ,M,R,D,B ,F ,X,T,C,50,0,0,0,1800667,5815462
Hamilton City,11/03/2014,Tue,1115,GF,TE1V,129A 129B ,,E,D,B ,F ,T,G,C,50,0,0,0,1800751,5815521
Hamilton City,31/07/2014,Thu,1635,AA,CW14,372A 671A ,,R,D,TF,F , ,N,C,50,0,0,0,1800479,5815332
Hamilton City,13/03/2014,Thu,950,MO,TE1,371A ,HK,R,D,BF,F , ,N,C,50,0,0,0,1800869,5815598
Hamilton City,05/06/2014,Thu,1130,JA,CN1C,322A 334A ,,R,D,B ,F ,X,T,C,50,0,0,0,1800857,5815590
Hamilton City,23/07/2014,Wed,2110,DA,CN1,111A 131A ,,M,D,DN,F , ,N,C,50,0,0,0,1795328,5817469
Hamilton City,21/11/2014,Fri,2300,DB,ME1,131A ,V,M,D,DN,F , ,N,N,100,0,0,1,1794392,5819769
Hamilton City,02/04/2014,Wed,1530,MO,CS1,386A 929 ,P,R,D,B ,F ,D, ,N,50,0,0,0,1802153,5817329
Hamilton City,27/05/2014,Tue,1811,GD,CE1C,181A 353A ,,R,D,DO,F ,T,N,P,50,0,0,0,1803470,5814138
Hamilton City,25/07/2014,Fri,1535,NB,CN1K,306A 370A ,,R,D,B ,F , ,N,X,50,0,0,1,1803878,5813989
Hamilton City,24/07/2014,Thu,1515,QG,TN1C,682A ,D,R,D,B ,F , , ,R,50,0,0,0,1803904,5813953
Hamilton City,22/09/2014,Mon,1650,JA,SN1C,204A 330B 922 ,,R,D,TF,F ,D,N,R,60,0,0,1,1804160,5813768
Hamilton City,22/08/2014,Fri,810,MA,CS1VC,373B ,M,R,D,B ,F , , ,C,50,0,0,0,1804092,5813810
Hamilton City,28/01/2014,Tue,1249,JA,CN1T,302B 375B ,,R,D,BF,F ,X,G,C,50,0,0,0,1803317,5815326
Hamilton City,26/11/2014,Wed,1829,KA,MS1CM,302B 197C ,,R,D,B ,F ,T,G,C,50,0,0,0,1803364,5815153
Hamilton City,08/05/2014,Thu,1640,MO,CS1C,371A 929 ,M,R,D,TF,L ,D, ,C,50,0,0,0,1803229,5815676
Hamilton City,01/04/2014,Tue,1120,MA,CW1V,373B ,,R,D,B ,F ,R,G,R,50,0,0,0,1800925,5815237
Hamilton City,18/09/2014,Thu,2134,MO,CN1C,371A 929 ,M,R,W,DO,L ,D,N,C,50,0,0,0,1800686,5816780
Hamilton City,20/12/2014,Sat,1426,EA,CN1C,129A 358A ,M,R,D,OF,F , ,N,C,50,0,0,0,1799428,5821449
Hamilton City,03/11/2014,Mon,1610,FB,VS1C,181A 330A ,,R,D,O ,F ,R,G,R,80,0,0,0,1796399,5820350
Hamilton City,10/02/2014,Mon,2226,DB,CE1,351A 524A ,P,E,D,DO,F , ,N,N,50,0,0,0,1799142,5816471
Hamilton City,03/04/2014,Thu,820,DB,CS1,358A 423A ,F,S,D,O ,L ,T,G,C,50,0,0,0,1798952,5816442
Hamilton City,14/07/2014,Mon,1430,HA,CS1T,321A 370A ,,R,D,B ,F ,X,S,C,50,0,0,1,1800804,5814464
Hamilton City,30/01/2014,Thu,227,DA,CS2,112A 131A 514A ,FH,R,D,DO,F ,T,G,C,50,0,0,0,1800676,5817798
Hamilton City,07/08/2014,Thu,1530,FC,CE1C,331A 351A 402A ,,R,W,O ,F , , ,X,50,0,0,1,1801053,5817896
Hamilton City,10/02/2014,Mon,1930,FF,CW1C,331A 352A 929 ,,R,D,BF,F ,D,N,C,50,0,0,0,1801365,5817979
Hamilton City,10/12/2014,Wed,834,NB,CE1E,306A ,,R,D,BF,F , ,T,X,50,0,0,1,1801269,5817952
Hamilton City,04/08/2014,Mon,1515,MD,SW14,204A 930 ,,R,D,B ,F ,D,N,C,50,0,0,1,1801249,5817947
Hamilton City,18/01/2014,Sat,543,CB,CE1,101A 112A ,T,R,D,DO,F , ,N,N,50,0,0,0,1800110,5817651
Hamilton City,04/10/2014,Sat,1240,MG,CE1C,371B ,,R,D,B ,F ,X,T,C,50,0,0,0,1801562,5815949
Hamilton City,16/06/2014,Mon,1659,LB,CW1C,112A 322A 334A ,,R,W,DO,L ,X,T,R,50,0,0,0,1801562,5815949
Hamilton City,19/12/2014,Fri,1348,LB,CW1C,303B ,,R,D,B ,F ,X,T,C,50,0,0,0,1801562,5815949
Hamilton City,03/08/2014,Sun,1247,CA,ME1,110A 135A ,,R,W,O ,L , ,N,X,50,0,0,1,1803400,5814995
Hamilton City,15/03/2014,Sat,1215,HA,VS2C,302A 375A ,,R,W,OF,L ,R,G,R,50,0,0,0,1803421,5815003
Hamilton City,17/10/2014,Fri,2050,FD,CW1C,103A 331A ,,R,W,DO,F ,T,G,C,50,0,0,0,1802116,5814893
Hamilton City,03/12/2014,Wed,1744,FD,CE1CC,181A 181B ,,R,D,B ,F , , ,P,50,0,0,0,1802874,5814980
Hamilton City,18/10/2014,Sat,1300,FD,CE1C,181A ,,R,W,OF,L , ,N,P,50,0,0,0,1802874,5814980
Hamilton City,06/06/2014,Fri,1204,FD,CW1C,181A 330A 817 ,,R,D,O ,F ,X,G,C,50,0,0,0,1802849,5814982
Hamilton City,23/07/2014,Wed,1645,HA,CE14,302B 375B ,,R,D,TF,F ,X,G,P,50,0,0,0,1802854,5814982
Hamilton City,15/12/2014,Mon,1658,FD,BE1C,181A ,,R,D,OF,F ,X,G,C,50,0,0,0,1802854,5814982
Hamilton City,21/09/2014,Sun,1900,EA,CE1C,129A ,M,R,D,DO,F , ,N,C,50,0,0,0,1801926,5814842
Hamilton City,16/10/2014,Thu,1157,MC,CW1C,372B ,,R,D,BF,F , ,N,C,50,0,0,0,1801945,5814847
Hamilton City,24/06/2014,Tue,1646,MD,CW1T,371B 671B 926 ,,R,D,O ,F ,D,N,P,50,0,0,0,1801829,5814815
Hamilton City,03/03/2014,Mon,955,FC,VW1C,181A ,,R,D,BF,F , ,N,X,50,0,0,0,1803373,5814983
Hamilton City,19/06/2014,Thu,1510,FB,CE1C,181A ,,E,D,O ,F ,R,G,C,50,0,0,0,1803415,5814998
Hamilton City,15/08/2014,Fri,815,FD,CW1CC,181A 181B ,,R,D,O ,F ,X,G,C,50,0,0,0,1802714,5814994
Hamilton City,20/05/2014,Tue,1920,KA,SW14,534A 602A 302B 375B ,,R,D,DO,F ,X,G,P,50,0,0,1,1802351,5814956
Hamilton City,15/08/2014,Fri,840,FD,CW1CC,181A 331A 352A ,,R,W,B ,F ,X,G,P,50,0,0,0,1802699,5814995
Hamilton City,21/05/2014,Wed,1305,NF,CS2E,376A ,,R,D,O ,F ,X,G,P,50,0,0,0,1802714,5814994
Hamilton City,07/11/2014,Fri,1430,QG,CE1C,668A 927 ,M,R,D,B ,F ,D,N,C,50,0,0,0,1803235,5814946
Hamilton City,19/02/2014,Wed,819,JA,CE1V,308B 375B 922 ,,R,D,OF,F ,D,N,C,50,0,0,1,1802488,5814991
Hamilton City,03/12/2014,Wed,1330,KA,CE1P,173A 205A 377A 308B 314B 402B 922 ,,R,D,B ,F ,D, ,C,50,0,0,0,1802469,5814986
Hamilton City,11/04/2014,Fri,815,FB,CE1C,181A ,,M,W,OF,L ,R,G,R,50,0,0,0,1801227,5814590
Hamilton City,20/11/2014,Thu,935,KA,CE1C,302B ,,R,D,O ,L ,R,G,R,50,0,0,0,1801237,5814616
Hamilton City,18/10/2014,Sat,1940,FB,CE1C,181A ,,R,W,BF,L ,R,G,C,50,0,0,0,1801227,5814590
Hamilton City,08/05/2014,Thu,1736,FD,CS1CC,181A 181B 801 901 ,,M,W,DO,H , , ,R,80,0,0,0,1801325,5814144
Hamilton City,10/04/2014,Thu,25,DA,CS1,111A 135A 402A 901 ,,M,W,DO,H , ,N,C,80,0,0,0,1801283,5814066
Hamilton City,16/01/2014,Thu,2300,DA,CN1,111A 131A ,KX,E,D,DO,F , , ,C,80,0,0,1,1801235,5813898
Hamilton City,11/10/2014,Sat,1529,GC,CN1C,171B ,,M,D,BF,F ,R,G,C,80,0,0,0,1801147,5814467
Hamilton City,30/09/2014,Tue,1800,AO,CN1C,381A ,,E,D,BF,F ,R,G,R,60,0,0,0,1801147,5814467
Hamilton City,06/11/2014,Thu,1028,GC,TN1C,171B 372B ,,R,D,B ,F ,R,G,R,80,0,0,0,1801129,5814498
Hamilton City,25/10/2014,Sat,1115,DA,MN1,197A ,K,M,D,BF,F ,R,G,C,80,0,0,1,1801158,5814505
Hamilton City,28/04/2014,Mon,845,GC,CN1C,171B ,,S,D,OF,F ,R,G,R,80,0,0,0,1801147,5814467
Hamilton City,10/10/2014,Fri,1445,NA,CE1E,713B ,,R,D,B ,F , , ,C,50,0,0,0,1800723,5812005
Hamilton City,26/12/2014,Fri,1040,FB,CW1C,423A ,,R,D,B ,F ,X,S,L,100,0,0,0,1795188,5810475
Hamilton City,09/07/2014,Wed,1020,MF,4N1C,371B ,,R,D,O ,F , , ,N,50,0,0,0,1799204,5814544
Hamilton City,04/12/2014,Thu,1050,MG,MW1C,371B ,,R,D,BF,F , ,N,C,50,0,0,0,1799580,5815446
Hamilton City,16/04/2014,Wed,1220,MO,BS2T,385A 446B ,M,R,D,OF,F ,X,G,C,50,0,0,0,1799546,5815410
Hamilton City,27/11/2014,Thu,1637,HA,CS2C,103A 301A ,,R,D,B ,F ,X,S,R,50,0,0,0,1800425,5819170
Hamilton City,22/08/2014,Fri,1520,FB,CS1C,181A ,,R,D,BF,F ,T,G,C,50,0,0,0,1800775,5819263
Hamilton City,21/07/2014,Mon,1215,HA,CN2C,302A 817 ,,R,D,B ,F ,X,G,C,50,0,0,0,1802887,5814848
Hamilton City,27/02/2014,Thu,1511,NA,CN1E,712B 713B 727B ,,E,D,BF,F , ,N,C,50,0,0,1,1796557,5816902
Hamilton City,11/12/2014,Thu,1710,FB,CE1C,181A ,,E,D,B ,F ,R,G,C,80,0,0,0,1802040,5819365
Hamilton City,14/10/2014,Tue,1113,JA,CE1T,302B ,,R,D,O ,F ,T,G,C,50,0,0,0,1797563,5822381
Hamilton City,03/12/2014,Wed,1608,MO,4E1C,371A 507A 929 ,HMT,R,D,B ,F ,D,N,N,50,0,0,0,1798664,5817618
Hamilton City,21/05/2014,Wed,845,EA,CN14,129A ,M,R,D,BF,F , ,P,X,50,0,0,0,1800333,5811722
Hamilton City,17/07/2014,Thu,1241,JA,PS1C,302B ,,R,D,B ,F ,T,G,R,60,0,1,0,1802892,5815364
Hamilton City,15/05/2014,Thu,1505,CB,PW1,197A ,,R,D,BF,F , ,N,C,50,0,0,1,1797862,5814602
Hamilton City,01/11/2014,Sat,1350,GO,VS1C,381A ,,R,D,B ,F ,R,G,P,50,0,0,0,1797890,5814588
Hamilton City,25/08/2014,Mon,813,JA,CE1C,302B ,,R,D,B ,F ,T,G,C,50,0,0,0,1798503,5821895
Hamilton City,10/02/2014,Mon,1330,CB,CN1V,158A 929 ,,R,D,B ,F ,D, ,C,50,0,0,0,1802203,5811287
Hamilton City,22/07/2014,Tue,705,HA,CN1CC,302A 375A ,,M,D,BF,F ,R,G,R,50,0,0,0,1802689,5811898
Hamilton City,14/06/2014,Sat,900,FA,CE1C,181A 363A ,,R,D,B ,F , ,N,P,50,0,0,2,1796924,5816617
Hamilton City,09/07/2014,Wed,1515,HA,CS2C4,301B 351B 375B ,,R,D,OF,F ,X,S,C,50,0,0,0,1798600,5813848
Hamilton City,10/10/2014,Fri,2114,DB,CN1,111A 131A ,,M,D,DO,F , , ,N,50,0,0,0,1798646,5815295
Hamilton City,29/01/2014,Wed,1835,JA,CN1C,308B 929 ,,E,D,B ,F ,D,N,C,50,0,0,0,1797983,5816033
Hamilton City,29/09/2014,Mon,1035,LB,VW1C,303B 353B ,,R,D,B ,F ,T,G,P,50,0,1,1,1797242,5815466
Hamilton City,08/10/2014,Wed,1550,FB,CN1C,387A ,,R,D,BF,F ,X,G,C,50,0,0,0,1799372,5814531
Hamilton City,04/06/2014,Wed,1508,HA,CN1C,302A 375A ,,R,D,B ,F ,X,G,C,50,0,0,1,1799372,5814531
Hamilton City,01/10/2014,Wed,1137,MO,CN1C,385A ,M,R,D,BF,F , ,N,C,50,0,0,0,1799216,5815543
Hamilton City,14/11/2014,Fri,1350,FB,LW1C,387A ,,M,D,BF,F ,R,G,C,50,0,0,0,1798617,5820791
Hamilton City,22/05/2014,Thu,1430,KA,CW1C,302B ,,M,D,B ,F ,R,G,R,50,0,0,0,1800027,5817149
Hamilton City,20/11/2014,Thu,1845,BC,SS2C,105A 111A 131A ,Q,M,D,OF,F ,T,T,C,50,0,0,1,1799859,5817006
Hamilton City,26/11/2014,Wed,830,PC,CS1E,308A 375A 727B 929 ,,E,D,BF,F ,D,N,N,50,0,0,1,1800558,5817434
Hamilton City,30/01/2014,Thu,1930,CA,CS1,130A 195A ,P,R,D,BF,F , ,N,N,50,0,0,0,1802565,5818140
Hamilton City,17/03/2014,Mon,2005,MO,CS1C,108A 357A ,F,R,D,DO,F , ,N,N,50,0,0,1,1802499,5818335
Hamilton City,16/05/2014,Fri,1410,EA,CN1V,129A 902 ,M,R,D,B ,F , , ,N,50,0,0,0,1802491,5818361
Hamilton City,20/04/2014,Sun,1506,DB,CE1,110A 131A ,G,M,W,O ,F ,T,N,C,50,0,0,0,1799245,5822102
Hamilton City,20/10/2014,Mon,1450,EA,CE1C,129A ,M,R,D,B ,F , , ,C,50,0,0,0,1802289,5817109
Hamilton City,07/10/2014,Tue,1347,FD,CE1C,181A ,,R,D,BF,F ,T,N,C,50,0,0,0,1802384,5817165
Hamilton City,18/01/2014,Sat,1200,FO,VN1C,330A 371A 926 ,,R,D,O ,F ,D,N,C,50,0,0,0,1802023,5816950
Hamilton City,17/06/2014,Tue,850,MA,CE1C,373B ,,R,D,B ,F ,R,G,C,50,0,0,0,1802027,5816952
Hamilton City,06/05/2014,Tue,1420,MC,4E1C,372B ,,R,W,O ,F ,T,G,C,50,0,0,0,1802502,5817235
Hamilton City,02/03/2014,Sun,2215,CB,CS1,130A 402A 420A ,P,R,D,DO,F , , ,C,50,0,0,0,1802234,5814448
Hamilton City,03/12/2014,Wed,1754,MO,BE1S,312B 370B 408B ,,R,D,B ,F , , ,N,50,0,1,0,1802500,5812239
Hamilton City,16/09/2014,Tue,939,DA,CS1C,111A 131A ,M,M,W,O ,F , , ,C,50,0,0,0,1796877,5818728
Hamilton City,07/12/2014,Sun,18,LB,CN14,303B ,,M,D,DO,F ,X,T,R,50,0,0,0,1798089,5816149
Hamilton City,22/08/2014,Fri,1700,AC,CS1C,372A ,,M,D,B ,F ,X,T,P,50,0,0,0,1798089,5816149
Hamilton City,07/10/2014,Tue,1751,GD,CN1C,331A 929 ,,R,D,BF,F ,D,N,C,50,0,0,0,1798380,5816481
Hamilton City,24/11/2014,Mon,553,LB,MS1C,303B 375B 645B ,,R,D,O ,F ,X,T,C,50,0,0,1,1798089,5816149