TLANAME,CRASHDATE,CRASHDOW,CRASHTIME,MVMT,VEHICLES,CAUSES,OBJECTSSTRUCK,ROADCURVE,ROADWET,LIGHT,WTHRa,JUNCTYPE,TRAFCTRL,ROADMARK,SPDLIM,CRASHFATALCNT,CRASHSEVCNT,CRASHMINCNT,EASTING,NORTHING
Hamilton City,13/06/2014,Fri,100,EA,CS14,129A 351A ,M,R,D,DO,F , , ,C,50,0,0,0,1798356,5816458
Hamilton City,17/08/2014,Sun,1035,AA,CE1M,372A 181B ,,E,D,B ,F ,X,T,C,50,0,0,0,1799266,5817367
Hamilton City,05/02/2014,Wed,2351,DB,CN2,111A 131A 402A ,C,M,D,DO,F ,T,T,C,50,0,0,0,1799274,5817372
Hamilton City,16/09/2014,Tue,1145,ME,CS1C,371B 387B ,,R,D,O ,F , ,N,C,70,0,0,0,1796421,5819929
Hamilton City,17/06/2014,Tue,1754,HA,XE2C,302B ,,R,W,DO,L ,X,G,N,50,0,0,0,1802854,5814982
Hamilton City,25/09/2014,Thu,1855,EA,CS1C,103A 130A 402A ,MT,R,D,DO,F , , ,N,50,0,0,0,1802915,5814747
Hamilton City,19/01/2014,Sun,1515,LB,CN1C,303B ,,R,D,B ,F ,X,G,C,50,0,0,0,1802888,5813881
Hamilton City,12/04/2014,Sat,1603,HA,CN1C,113A 302A 335A 113B 302B 335B ,,R,D,B ,F ,X,G,C,50,0,0,1,1802888,5813881
Hamilton City,14/03/2014,Fri,1520,LB,PN1C,303B 314B 929 ,,R,D,B ,F ,D,N,C,50,0,0,0,1802674,5814691
Hamilton City,11/04/2014,Fri,1730,FD,CN1CC,331A 358A ,,R,D,BF,F , ,N,C,50,0,0,0,1802866,5813967
Hamilton City,11/06/2014,Wed,1855,LB,CN14,303B ,,R,W,DO,L ,X,T,P,50,0,0,0,1802828,5814112
Hamilton City,05/04/2014,Sat,339,DA,CN1,103A 111A 131A 632A ,PT,E,D,DO,F , , ,N,50,1,0,1,1801701,5811662
Hamilton City,09/11/2014,Sun,1643,DA,CW1C,111A 131A ,M,S,D,BF,F , ,N,C,50,0,0,0,1798215,5819248
Hamilton City,29/08/2014,Fri,846,GE,CS1C,112A 160A 333A 370B 927 ,,R,D,O ,F ,D, ,C,50,0,0,0,1798407,5817837
Hamilton City,30/05/2014,Fri,1535,MC,CN14,372B ,,R,D,BF,F , ,N,C,50,0,0,0,1799725,5820701
Hamilton City,01/09/2014,Mon,1315,EA,CW1C,129A ,M,R,W,O ,L , , ,C,50,0,0,0,1797417,5813702
Hamilton City,07/08/2014,Thu,938,JA,CE1C,301B 375B ,,R,D,O ,F ,T,S,C,50,0,0,0,1798595,5815896
Hamilton City,07/08/2014,Thu,750,GD,CN1C,181A 197A 370A ,,R,D,O ,F ,T,G,L,80,0,0,0,1801906,5820020
Hamilton City,03/11/2014,Mon,1710,GD,4S14C,181A 353A ,,R,D,B ,F ,T,G,C,80,0,0,1,1801906,5820020
Hamilton City,02/05/2014,Fri,1800,JA,CN1C,302B 353B ,,E,D,DO,F ,T,G,C,80,0,0,0,1801719,5822278
Hamilton City,09/04/2014,Wed,1903,CC,CN1,103A 112A ,P,R,W,DO,F , ,N,C,80,0,0,0,1801996,5819768
Hamilton City,04/07/2014,Fri,1721,GD,CS1C,181A 333A ,,R,D,DO,F ,T,G,C,70,0,0,0,1801962,5819862
Hamilton City,11/04/2014,Fri,1500,KA,CE1C,302B ,,R,D,B ,F ,R,G,C,80,0,0,0,1802094,5819388
Hamilton City,21/05/2014,Wed,1920,HA,CS2C,302A 375A ,,R,W,DO,L ,R,G,R,50,0,0,0,1797756,5816729
Hamilton City,17/12/2014,Wed,1803,JA,CS1C,145A 330A 308B 387B 801 925 ,,R,W,O ,L ,D, ,C,50,0,0,0,1797014,5816200
Hamilton City,12/08/2014,Tue,1220,FC,CS1C,181A ,,M,D,B ,F , ,N,C,50,0,0,0,1802068,5814112
Hamilton City,06/08/2014,Wed,730,LB,CN1C,303B 375B ,,R,D,O ,F ,X,G,C,50,0,0,0,1801817,5815062
Hamilton City,23/05/2014,Fri,1630,LB,CS1C,303B 377B ,,R,W,ON,L ,X,G,L,50,0,0,0,1801817,5815062
Hamilton City,26/05/2014,Mon,819,AC,BE2C,129A 176A 330A 197B ,P,M,D,O ,F ,T,T,C,50,0,0,1,1801844,5814959
Hamilton City,15/11/2014,Sat,1915,DA,CE2,621A ,,M,W,OF,L ,T,T,C,50,0,0,1,1801844,5814959
Hamilton City,15/05/2014,Thu,1230,MA,CN1C,373B ,,R,D,B ,F , , ,C,50,0,0,0,1801602,5815857
Hamilton City,18/09/2014,Thu,1534,LB,CS1C,303B 375B 402B ,,R,D,O ,F ,X,T,R,50,0,0,0,1801562,5815949
Hamilton City,19/04/2014,Sat,959,HA,CS1C,322A 375A ,,R,D,O ,F ,X,T,R,50,0,0,0,1801562,5815949
Hamilton City,03/02/2014,Mon,1751,LB,CS1C,322B 507B ,,R,D,B ,F ,X,T,C,50,0,0,2,1801562,5815949
Hamilton City,26/06/2014,Thu,1807,LB,CN1C,303B ,,R,D,TO,F ,X,T,R,50,0,0,0,1801562,5815949
Hamilton City,26/08/2014,Tue,1400,LB,4N1C,303B 402B ,,R,D,B ,F ,X,T,C,50,0,0,1,1801562,5815949
Hamilton City,15/10/2014,Wed,820,LB,CN1C,303B ,,R,D,B ,F ,X,T,R,50,0,0,1,1801562,5815949
Hamilton City,12/04/2014,Sat,2135,LB,CN1C,303B ,,R,D,DO,F ,X,T,R,50,0,0,0,1801562,5815949
Hamilton City,27/05/2014,Tue,1740,MA,SN1CC,600A 373B ,,R,D,DO,M , ,N,P,50,0,0,0,1801890,5814781
Hamilton City,19/05/2014,Mon,1148,KB,CS1C,112B 308B 377B 839 925 ,,R,D,B ,F ,D,N,C,50,0,0,0,1801890,5814781
Hamilton City,08/11/2014,Sat,1059,FD,CN1CCV,181A 331A 353A ,,R,D,B ,F , , ,P,50,0,0,0,1801898,5814752
Hamilton City,19/03/2014,Wed,2039,JA,CN1C,322A ,,R,D,DO,F ,X,T,C,50,0,0,0,1801877,5814829
Hamilton City,25/05/2014,Sun,2304,JA,CS1C,102A 322A ,,R,W,DO,F ,X,T,C,50,0,0,0,1801877,5814829
Hamilton City,04/02/2014,Tue,1555,EA,CS1C,129A 423A ,M,R,D,O ,F , , ,C,50,0,0,0,1801931,5814627
Hamilton City,16/08/2014,Sat,1400,FD,CS1C,181A ,,R,D,B ,F , , ,C,50,0,0,0,1801926,5814647
Hamilton City,21/10/2014,Tue,1217,FA,CS1C,181A ,,R,D,B ,F , , ,R,50,0,0,0,1801926,5814647
Hamilton City,22/08/2014,Fri,1624,MO,CN1C,371A ,M,R,D,B ,F , , ,C,50,0,0,0,1801923,5814656
Hamilton City,26/11/2014,Wed,1150,MC,CN1C,372B ,,R,D,B ,F , , ,R,50,0,0,0,1802126,5814033
Hamilton City,08/11/2014,Sat,1350,MF,CN1C,330B 371B ,,R,D,B ,F ,R,G,R,50,0,0,0,1801623,5815801
Hamilton City,26/06/2014,Thu,1714,FD,TS14,181A 330A ,,R,D,TO,F , ,N,C,50,0,0,0,1801638,5815743
Hamilton City,19/06/2014,Thu,2200,DA,CN1,111A 131A 514A ,IP,R,W,DO,F ,R,G,R,50,0,0,0,1801618,5815839
Hamilton City,19/06/2014,Thu,836,HA,CS1P,302A 375A ,,R,W,B ,F ,R,G,R,50,0,0,1,1801610,5815838
Hamilton City,28/11/2014,Fri,1430,HA,CW2C,301A 375A ,,R,D,OF,F ,X,S,C,50,0,0,1,1801991,5814401
Hamilton City,17/07/2014,Thu,2100,HA,VW2C,321A 375A ,,R,W,DO,F ,X,S,P,50,0,0,0,1801991,5814401
Hamilton City,13/04/2014,Sun,48,CC,4N1,103A 130A ,IT,R,D,DO,F ,T,G,R,50,0,1,0,1799359,5815463
Hamilton City,20/02/2014,Thu,1046,FD,CW1CC,181A ,,R,D,BF,F , ,N,C,50,0,0,0,1799364,5815469
Hamilton City,22/08/2014,Fri,2048,HA,CS2C,102A 322A ,,R,W,DO,F ,X,T,C,50,0,0,0,1799294,5815398
Hamilton City,23/11/2014,Sun,20,HA,CS1C,322B 370B 801 830 ,,R,W,DO,L ,X,T,C,50,0,0,0,1799424,5815528
Hamilton City,26/05/2014,Mon,1946,NF,CN2E,307A 404A 862 ,,M,D,DO,F ,X,T,C,50,0,1,0,1799424,5815528
Hamilton City,31/03/2014,Mon,815,GD,CN1C,181A ,,E,D,B ,F ,X,T,P,50,0,0,0,1799613,5815671
Hamilton City,19/11/2014,Wed,1206,CC,CS1C,129A ,M,R,D,BF,F , ,N,C,50,0,0,0,1800463,5816323
Hamilton City,28/05/2014,Wed,1715,EE,CS1C,374B ,M,R,D,TF,F ,R,G,C,50,0,0,0,1801221,5816709
Hamilton City,09/02/2014,Sun,1845,FA,CS1C,181A ,,E,D,B ,F ,R,G,R,50,0,0,0,1801214,5816732
Hamilton City,30/08/2014,Sat,1200,HA,CW2C,302A 375A ,,E,D,B ,F ,R,G,R,50,0,0,2,1801207,5816721
Hamilton City,01/08/2014,Fri,1100,LB,CS1V,303B 375B ,,R,D,B ,F ,X,T,C,50,0,0,0,1801521,5816037
Hamilton City,23/06/2014,Mon,1500,AC,CN1C,372A ,,R,D,BF,F , ,N,P,50,0,0,0,1800769,5817806
Hamilton City,15/10/2014,Wed,1905,MA,CS1C,373B 671B ,,R,D,TN,F , , ,P,50,0,0,0,1801059,5817105
Hamilton City,31/03/2014,Mon,1700,EA,VS1C,129A ,M,R,D,BF,F , ,N,C,50,0,0,0,1801540,5815995
Hamilton City,30/01/2014,Thu,1458,MB,CN1C,303B 375B ,,R,D,BF,F , ,N,C,50,0,0,0,1801086,5817041
Hamilton City,06/07/2014,Sun,1200,BA,CS1CC,129A ,M,R,D,BF,F , ,N,C,50,0,0,0,1801262,5816627
Hamilton City,22/08/2014,Fri,1915,EA,CN1C,129A ,M,R,D,DO,F , ,N,C,50,0,0,0,1801290,5816563
Hamilton City,02/10/2014,Thu,1410,AO,CS1C,386A ,,R,D,OF,F , ,N,C,50,0,0,0,1801340,5816446
Hamilton City,12/09/2014,Fri,835,KA,CN1C,302B ,,R,D,B ,F ,T,G,C,50,0,0,0,1799759,5822678
Hamilton City,18/02/2014,Tue,1540,NA,CN1E,712B 713B 726B ,,R,D,BF,F , ,N,C,50,0,0,1,1799967,5819505
Hamilton City,22/09/2014,Mon,1145,MA,VS1C,373B ,,R,D,B ,F , , ,C,50,0,0,0,1798609,5813865
Hamilton City,29/08/2014,Fri,1047,HA,CN1C,321B 375B 402B ,,R,D,O ,F ,X,S,C,50,0,0,0,1798600,5813848
Hamilton City,18/10/2014,Sat,200,DA,VE2,111A 137A ,F,R,W,DO,F ,X,S,C,50,0,0,0,1798600,5813848
Hamilton City,05/09/2014,Fri,1819,HA,CS1C,302B 375B 801 ,,R,W,TF,L ,X,G,R,50,0,0,1,1798460,5813542
Hamilton City,20/11/2014,Thu,103,DB,CN1,103A 111A 131A ,T,S,W,DO,L ,T,G,P,50,0,0,0,1798913,5814528
Hamilton City,21/05/2014,Wed,2210,EC,CN1,911,W,E,D,DO,F , ,N,C,50,0,0,0,1803911,5814438
Hamilton City,01/11/2014,Sat,711,CB,CS1,524A ,K,R,D,TF,F ,T,N,C,50,0,0,1,1801583,5817552
Hamilton City,06/04/2014,Sun,700,MO,CW1C,371A ,M,R,D,DO,F , ,N,C,50,0,0,0,1801091,5814906
Hamilton City,17/02/2014,Mon,1450,MG,CW1C,371A ,,R,D,B ,F ,X,T,R,50,0,0,0,1801051,5814876
Hamilton City,20/04/2014,Sun,1344,DA,CS1,111A 131A 801 ,F,M,W,O ,L , , ,L,80,0,0,0,1800692,5823437
Hamilton City,23/05/2014,Fri,750,JA,CN1C,124A 363A 645A 902 ,,R,D,B ,F ,T,G,C,50,0,0,0,1800722,5822722
Hamilton City,14/08/2014,Thu,1935,KB,CS1C,308B 375B 926 ,,R,W,DO,F ,D, ,C,50,0,0,0,1800349,5821574
Hamilton City,09/10/2014,Thu,1230,FD,CN1CC,181A 181B ,,R,D,B ,F , , ,R,50,0,0,0,1800349,5821574
Hamilton City,20/06/2014,Fri,1256,GA,CN1C,181A 350A 926 ,,R,D,B ,F ,D,N,C,50,0,0,0,1800359,5821525
Hamilton City,24/03/2014,Mon,806,DB,SS1C,302A 375A ,,M,D,BF,F ,R,G,R,50,0,0,1,1800323,5821629
Hamilton City,24/07/2014,Thu,1004,FD,4N1CV,331A 358A ,,R,D,BF,F , ,N,C,50,0,0,2,1800367,5820616
Hamilton City,22/06/2014,Sun,851,JA,VS1C,302B 382B ,,R,W,BF,F ,T,G,R,50,0,1,0,1800992,5819174
Hamilton City,25/01/2014,Sat,1718,JA,CS1C,302B 375B ,,R,D,BF,F ,T,G,R,50,0,0,0,1800992,5819174
Hamilton City,13/07/2014,Sun,1933,DB,VN1,131A 330A ,PX,M,D,DO,F ,R,G,R,50,0,0,0,1801555,5818115
Hamilton City,31/07/2014,Thu,836,GC,TN1V,387A 174B 929 ,,R,D,B ,F ,D,N,C,70,0,0,1,1800913,5819335
Hamilton City,13/09/2014,Sat,1255,KA,4N1C,302B 375B ,,R,D,B ,F ,T,G,C,50,0,0,0,1800926,5819308
Hamilton City,18/08/2014,Mon,1848,JA,CN1C,302B 387B ,,R,D,DO,F ,T,G,R,50,0,0,0,1800926,5819308
Hamilton City,06/08/2014,Wed,1223,GD,CS1V,191A 331A 929 ,,R,D,O ,F ,D,N,C,50,0,0,0,1801153,5818831
Hamilton City,23/07/2014,Wed,923,DA,CN1,410A ,KT,E,D,B ,F , , ,C,50,0,0,3,1801152,5818497
Hamilton City,05/04/2014,Sat,1446,DA,CN1,332A 350A ,P,E,D,BF,F , ,N,C,50,0,0,0,1801149,5818507
Hamilton City,14/02/2014,Fri,540,BF,CN1V,111A 131A ,,E,W,DO,L ,T,G,C,50,0,0,2,1800460,5819900
Hamilton City,18/01/2014,Sat,1600,MA,CN1C,373B ,,E,D,B ,F , , ,C,50,0,0,0,1801492,5818151
Hamilton City,05/08/2014,Tue,1319,DA,CS14,131A 350A ,M,E,D,B ,F , , ,R,50,0,0,1,1800366,5821348
Hamilton City,05/02/2014,Wed,1517,FD,CN14C,331A 352A 402A ,,R,D,B ,F , , ,P,50,0,0,1,1800832,5819486
Hamilton City,14/05/2014,Wed,827,AA,CS1T,382A ,,R,W,OF,L , ,N,P,50,0,0,0,1801467,5818175
Hamilton City,12/09/2014,Fri,1710,HA,VS2C,302A 330A ,,M,D,O ,F ,R,G,R,50,0,0,0,1801569,5818111
Hamilton City,18/09/2014,Thu,1249,DA,CS1,111A 131A 402A ,ITX,R,D,O ,F ,R,G,R,50,0,0,0,1801555,5818115
Hamilton City,22/01/2014,Wed,1310,BB,CN1C,124A 357A ,,R,D,O ,F ,T,N,N,50,0,0,0,1800325,5820887
Hamilton City,29/05/2014,Thu,1225,FA,BS1C,158A 386A 929 ,,R,W,O ,F ,D,N,C,50,0,0,0,1800429,5820037
Hamilton City,26/06/2014,Thu,1625,HA,CW2C,302A 387A ,,M,D,ON,F ,R,G,C,80,0,0,1,1800424,5820111
Hamilton City,08/05/2014,Thu,936,DA,CW2,111A 131A ,G,M,W,OF,L ,R,G,R,80,0,0,0,1800419,5820108
Hamilton City,11/08/2014,Mon,1118,HA,CS1C,302A ,,E,W,B ,F ,R,G,P,80,0,0,0,1800414,5820105
Hamilton City,30/01/2014,Thu,540,HA,CW1S,302A 375A ,,E,D,B ,F ,R,G,R,50,0,0,0,1801369,5820163
Hamilton City,05/02/2014,Wed,1825,DA,CW2,111A 131A ,I,R,D,OF,F ,T,G,R,50,0,0,0,1797151,5815435
Hamilton City,24/02/2014,Mon,1607,HA,CW1TV,302A 377A ,M,R,D,BF,F ,X,G,C,50,0,1,0,1798460,5813542
Hamilton City,09/02/2014,Sun,1725,DA,VE2,101A 131A ,T,R,D,B ,F ,T,G,C,50,0,0,0,1798473,5815335
Hamilton City,25/10/2014,Sat,1947,BF,CS1V,103A 111A 131A 402A ,,M,D,TO,F , , ,C,50,0,0,0,1797134,5816535
Hamilton City,08/04/2014,Tue,2200,HA,CS24,302A 375A ,P,R,W,DO,F ,X,G,C,50,0,0,1,1797400,5816768
Hamilton City,23/08/2014,Sat,1346,CA,MW1C,130A 352A ,MT,R,D,B ,F , , ,N,50,0,1,0,1798143,5813938
Hamilton City,31/05/2014,Sat,1528,FB,CS1C,181A 331A ,,E,D,B ,F ,T,G,R,50,0,0,0,1797227,5819693
Hamilton City,31/12/2014,Wed,1615,FB,VS1C,181A 331A ,,E,D,O ,F ,T,G,R,50,0,0,0,1797227,5819693
Hamilton City,21/01/2014,Tue,1815,FB,CE1C,181A 330A ,,E,D,B ,F ,T,G,C,50,0,0,0,1797227,5819693
Hamilton City,08/09/2014,Mon,1955,DB,MW1,102A 131A 191A 402A ,C,E,D,TN,F , , ,C,100,0,0,1,1799004,5823905
Hamilton City,20/03/2014,Thu,,EA,CE1C,129A ,M,R,D,DO,F , ,N,C,50,0,0,0,1802020,5817917
Hamilton City,15/08/2014,Fri,808,HA,VS2C,322A ,,R,W,B ,F ,X,T,C,50,0,0,0,1799294,5815398
Hamilton City,12/02/2014,Wed,1440,HA,SN1C,204A 300A 614A ,,R,D,BF,F ,X,T,C,50,0,0,1,1799294,5815398
Hamilton City,25/09/2014,Thu,1610,FD,CE1CCC,331A 359A ,,R,D,B ,F ,T,G,P,50,0,0,1,1799216,5814529
Hamilton City,30/05/2014,Fri,730,EA,CE1C,129A 801 ,M,M,W,O ,L , , ,N,50,0,0,0,1799125,5814529
Hamilton City,31/07/2014,Thu,1645,LB,CW1C,208A 303B 377B ,,R,D,O ,F ,T,N,C,50,0,0,0,1799105,5814529
Hamilton City,21/08/2014,Thu,1713,LB,CW1C4,158A ,,R,D,B ,F ,T,N,C,50,0,0,0,1799105,5814529
Hamilton City,24/07/2014,Thu,1620,NB,CW1E,710B ,,R,D,B ,F , , ,C,50,0,0,0,1798100,5814552
Hamilton City,12/08/2014,Tue,1238,KB,4E1CV,302B 375B ,,M,D,B ,L ,X,G,N,50,0,0,2,1799642,5814529
Hamilton City,23/04/2014,Wed,941,KA,SE1C,302B ,,R,D,B ,F ,X,G,C,50,0,0,1,1799642,5814529
Hamilton City,29/08/2014,Fri,1640,JA,VE1C,302B 377B ,,R,D,BF,F ,T,G,C,50,0,0,0,1799642,5814529
Hamilton City,14/09/2014,Sun,230,KA,CE1C,197A 302B 375B ,,M,D,DO,F ,X,G,C,50,0,0,0,1799642,5814529
Hamilton City,18/10/2014,Sat,1848,HA,CS24,103A 302A 375A ,,R,D,BF,F ,X,G,C,50,0,0,0,1799642,5814529
Hamilton City,04/08/2014,Mon,1726,JA,CE1C,302B ,,R,D,TO,F ,X,G,C,50,0,0,0,1799642,5814529
Hamilton City,14/08/2014,Thu,1239,MC,CE1C,372B ,,R,D,O ,F , , ,R,50,0,0,0,1797980,5814563
Hamilton City,14/08/2014,Thu,1745,FB,CW1V,181A 302A ,,R,W,O ,F ,R,G,C,50,0,0,0,1797945,5814566
Hamilton City,08/03/2014,Sat,1103,MB,CE1C,370B ,,R,D,O ,F , , ,C,50,0,0,0,1799773,5815358
Hamilton City,05/03/2014,Wed,1810,HA,CW1S,302A 902 ,,E,D,B ,F ,R,G,R,50,0,0,1,1799679,5815264
Hamilton City,29/04/2014,Tue,1613,KA,CS2CC,302B 181C 331C 817 ,,M,D,B ,F ,R,G,R,30,0,0,0,1803439,5815004
Hamilton City,13/10/2014,Mon,1800,GA,CS1C,331A 352A 929 ,,R,D,BF,F ,D,N,C,50,0,0,2,1803467,5814540
Hamilton City,26/07/2014,Sat,2015,BC,CS1C,121A ,,M,D,DO,F , , ,C,50,0,0,0,1803424,5814641
Hamilton City,05/05/2014,Mon,1754,NA,PS1,194A 901 ,,R,W,DO,H , ,N,C,50,0,1,0,1803510,5815127
Hamilton City,04/12/2014,Thu,1840,JA,ME1C,308B 375B 922 ,,M,D,BF,F ,D,N,C,50,0,0,1,1800315,5813565
Hamilton City,13/12/2014,Sat,1520,FE,CN1C,103A 181A ,,E,D,O ,F ,X,T,R,50,0,0,0,1800808,5813543
Hamilton City,17/01/2014,Fri,605,DA,VN1,111A 131A ,FK,M,W,TF,L , , ,C,50,0,0,0,1799950,5814716
Hamilton City,11/12/2014,Thu,50,DA,CN1,131A 801 ,C,M,W,DO,L , , ,C,50,0,0,0,1799897,5814670
Hamilton City,18/05/2014,Sun,120,DB,CS1,101A 111A 131A ,CP,M,D,DO,M , , ,C,50,0,0,0,1799815,5814512
Hamilton City,23/05/2014,Fri,1830,DA,CN1,102A 111A 131A 402A 801 ,C,S,W,DO,L , , ,C,50,0,0,0,1799894,5814642
Hamilton City,24/07/2014,Thu,745,AC,CN1V,173A 372A ,,R,D,O ,F ,X,G,C,50,0,0,0,1799546,5815410
Hamilton City,27/03/2014,Thu,1854,LB,CS1C,303B ,,R,D,DO,F ,X,T,R,50,0,0,0,1799424,5815528
Hamilton City,30/04/2014,Wed,1530,BF,CS1C,131A ,,E,D,BF,F ,R,G,R,50,0,0,0,1799680,5815273
Hamilton City,27/10/2014,Mon,2205,EA,CE1C,129A 358A ,M,R,W,DO,L , , ,P,50,0,0,0,1800102,5814959
Hamilton City,15/05/2014,Thu,937,JA,CS1C,302B ,,R,D,O ,F ,X,G,P,50,0,0,0,1800026,5815007
Hamilton City,18/05/2014,Sun,231,EA,CS1C,101A 359A ,M,R,D,DO,F , ,N,C,50,0,0,0,1799924,5815077
Hamilton City,24/09/2014,Wed,1921,EA,CE1C,129A 359A ,M,R,D,DO,F , ,N,C,50,0,0,1,1799981,5815037
Hamilton City,06/03/2014,Thu,1412,JA,CS1C,302B 507B ,,R,D,B ,F ,T,G,C,50,0,0,0,1799774,5815186
Hamilton City,25/05/2014,Sun,1500,FB,CS1C,181A ,,R,D,OF,F ,T,G,C,50,0,0,0,1801279,5811458
Hamilton City,10/08/2014,Sun,2205,MO,CS1,130A 524A ,T,R,W,DO,F , , ,C,50,0,0,0,1801766,5811872
Hamilton City,16/10/2014,Thu,915,FE,CN1C,181A ,,R,D,BF,F ,X,T,C,50,0,0,0,1798089,5816149
Hamilton City,09/05/2014,Fri,1430,LB,CN1C,323B 402B ,,R,D,B ,F ,X,T,R,50,0,0,0,1798089,5816149
Hamilton City,10/11/2014,Mon,1734,BF,CW2C,131A 504A ,GK,R,D,B ,F ,R,G,R,50,0,0,0,1798415,5815902
Hamilton City,08/10/2014,Wed,1450,EA,CW1C,129A ,M,R,D,OF,F , ,N,C,50,0,0,0,1800086,5815942
Hamilton City,19/08/2014,Tue,850,DB,CN2CCC,131A 404A ,M,R,D,O ,F ,T,G,C,50,0,0,0,1800138,5815981
Hamilton City,17/10/2014,Fri,1056,JA,CS1C,309B 377B 839 927 ,,R,D,B ,F ,D,N,C,50,0,0,0,1800403,5816160
Hamilton City,05/06/2014,Thu,1253,LB,CE1C,303B 334B ,,R,D,B ,F ,X,T,C,50,0,0,0,1800444,5816189
Hamilton City,18/10/2014,Sat,1414,DB,CW1,104A 111A 131A 402A 801 ,FPS,M,W,O ,L ,T,G,C,50,0,0,1,1797647,5816231
Hamilton City,16/07/2014,Wed,1715,DB,CW1,133A 402A 929 ,JP,M,D,DO,F ,D,N,C,50,0,0,0,1797423,5816216
Hamilton City,06/06/2014,Fri,825,MO,CN1C,372A ,Q,M,D,B ,F , ,N,C,50,0,0,0,1797423,5816216
Hamilton City,11/07/2014,Fri,1141,LB,MW1C,112A 303B 375B ,,R,D,O ,F ,T,G,C,50,0,0,0,1800616,5815718
Hamilton City,04/05/2014,Sun,1205,JA,CE1C,308B 375B 930 ,,R, , F,  ,D,N,N,50,0,0,0,1800565,5815684
Hamilton City,29/01/2014,Wed,1237,LB,4E1C,303B ,,R,D,B ,F ,X,T,C,50,0,0,0,1800319,5815515
Hamilton City,02/06/2014,Mon,1511,LB,CN1C,303B 375B ,,R,D,B ,F ,X,T,C,50,0,0,0,1800319,5815515
Hamilton City,22/02/2014,Sat,1210,MA,CW1CC,350B 373B ,Q,R,D,O ,F ,X,T,C,50,0,0,1,1800711,5815784
Hamilton City,08/02/2014,Sat,205,DA,CS1,111A 131A 801 ,KS,R,W,DO,L ,X,T,C,50,0,0,0,1800719,5815790
Hamilton City,28/04/2014,Mon,903,MO,CN1V,371A 371B 929 ,,R,D,B ,F ,D,N,N,40,0,0,0,1804028,5813705
Hamilton City,28/04/2014,Mon,820,MO,VS1C,371A 371B 929 ,,R,D,O ,F ,D, ,N,50,0,0,0,1804028,5813705
Hamilton City,27/06/2014,Fri,1800,DA,CS1C,129A 130A 801 ,M,E,W,DO,L , , ,N,50,0,0,0,1797071,5817482
Hamilton City,27/05/2014,Tue,1245,FB,CE1C,181A 191B ,,R,D,B ,F ,T,G,C,50,0,0,0,1800698,5819635
Hamilton City,25/01/2014,Sat,810,AA,CN14,159A 357A ,,R,D,BF,F , ,N,R,50,0,0,0,1796639,5819794
Hamilton City,23/04/2014,Wed,731,HA,CS2C,302A ,,R,D,B ,F ,R,G,R,50,0,0,0,1798889,5816135
Hamilton City,04/07/2014,Fri,929,JA,VE2C,302B 375B ,,R,D,OF,F ,T,G,P,50,0,0,0,1798843,5815838
Hamilton City,23/07/2014,Wed,523,DB,CS1,103A 111A 131A ,KT,E,D,DO,F , , ,C,50,0,0,2,1798951,5816668
Hamilton City,14/07/2014,Mon,1851,FD,4N1C,331A ,,R,D,DO,F , , ,C,50,0,0,0,1798905,5816213
Hamilton City,08/06/2014,Sun,813,HA,CN1C,302A 375A ,,E,D,B ,F ,R,G,R,50,0,0,0,1798889,5816135
Hamilton City,22/11/2014,Sat,850,QD,CE1C,611A ,M,R,D,OF,F , ,N,L,50,0,0,0,1800795,5812788
Hamilton City,18/04/2014,Fri,1800,EA,CE1C,103A ,M,E,D,DO,F , ,N,C,50,0,0,0,1800721,5812747
Hamilton City,31/10/2014,Fri,1740,JA,4E1C,302B ,,R,W,OF,F ,T,G,C,50,0,0,0,1804551,5813897
Hamilton City,31/05/2014,Sat,1119,GD,CE1C,181A 387A 929 ,,R,D,B ,F ,D,N,C,50,0,0,0,1804226,5814062
Hamilton City,30/11/2014,Sun,1400,PC,CS1E,371A 929 ,,R,D,BF,F ,D,N,C,50,0,0,1,1800255,5815169
Hamilton City,11/06/2014,Wed,757,BE,CW1CC,110A 133A 901 903 ,,R,W,O ,HS,X,T,C,50,0,0,1,1799274,5815382
Hamilton City,04/07/2014,Fri,1740,AB,CW1CC,151A 381A ,,R,D,TO,F , ,N,L,50,0,0,0,1799138,5815272
Hamilton City,01/09/2014,Mon,0,CB,CN1,103A 112A 130A 801 ,P,R,W,DO,L , , ,C,50,0,0,1,1804243,5814307
Hamilton City,01/08/2014,Fri,800,MO,CE1C,371A 926 ,M,R,D,B ,F ,D,N,N,50,0,0,0,1804395,5814403
Hamilton City,28/01/2014,Tue,849,FB,CS1C,331A 358A ,,E,D,B ,F ,X,S,C,50,0,0,0,1804120,5814138
Hamilton City,25/09/2014,Thu,1123,MC,ME1C,372B ,,R,D,BF,F , ,N,C,50,0,0,1,1804718,5814494
Hamilton City,10/08/2014,Sun,330,EA,CE1CC,129A ,MM,R,D,DO,F ,T,G,C,50,0,0,0,1804275,5814349
Hamilton City,24/10/2014,Fri,1525,MO,4E1C,371A ,,R,D,BF,F , ,N,C,50,0,0,0,1804660,5814473
Hamilton City,02/07/2014,Wed,1300,DA,CS1CCC,111A 131A ,M,E,W,B ,F ,X,T,C,50,0,0,0,1796488,5820460
Hamilton City,09/05/2014,Fri,650,DA,VN2,111A 131A 407A 801 ,T,M,W,O ,L ,X,T,C,50,0,0,0,1796488,5820460
Hamilton City,16/06/2014,Mon,1720,KA,SS1C,302B 375B ,,R,D,TF,F ,T,G,C,50,0,0,1,1801683,5819123
Hamilton City,21/12/2014,Sun,55,EA,CS1C,103A 129A ,M,R,W,DN,L , ,N,N,50,0,0,1,1795666,5822935
Hamilton City,27/07/2014,Sun,1610,MC,CN1C,372B ,,R,D,B ,F , , ,R,50,0,0,0,1801680,5814952
Hamilton City,01/09/2014,Mon,2202,EA,CN1C,129A ,M,R,W,DO,F , ,N,C,50,0,0,0,1801652,5815016