TLANAME,CRASHDATE,CRASHDOW,CRASHTIME,MVMT,VEHICLES,CAUSES,OBJECTSSTRUCK,ROADCURVE,ROADWET,LIGHT,WTHRa,JUNCTYPE,TRAFCTRL,ROADMARK,SPDLIM,CRASHFATALCNT,CRASHSEVCNT,CRASHMINCNT,EASTING,NORTHING
Hamilton City,19/08/2014,Tue,1630,JO,SE2C,204A ,,R,W,O ,F ,T,N,C,60,0,0,0,1799185,5817527
Hamilton City,22/08/2014,Fri,1043,NF,4N1E,363A 370A 724B 830 902 ,,M,D,B ,F ,T,G,N,50,0,0,1,1797710,5815268
Hamilton City,11/12/2014,Thu,1740,LB,CS1C,303B 323B ,,E,D,B ,F ,X,T,C,50,0,0,0,1800006,5816011
Hamilton City,05/11/2014,Wed,1107,KA,CW14,302B 375B ,,R,D,BF,F ,X,G,C,50,0,0,0,1800006,5816011
Hamilton City,10/09/2014,Wed,1300,LB,CS1C,303B 334B ,,R,D,B ,F ,X,T,C,50,0,0,1,1800006,5816011
Hamilton City,25/01/2014,Sat,2220,FE,VS1X,351A 423A ,,R,D,DO,F ,X,T,C,50,0,0,0,1800165,5816337
Hamilton City,25/09/2014,Thu,2103,LB,VS1C,303B 375B ,,R,D,DO,F ,X,T,P,50,0,0,2,1800064,5816114
Hamilton City,16/04/2014,Wed,2045,LB,CS1C,101B 323B 334B 402B 801 ,,R,W,DO,L ,X,T,C,50,0,0,0,1800064,5816114
Hamilton City,13/09/2014,Sat,1850,LB,CS1C,303B 375B ,,R,W,DO,F ,X,T,R,50,0,0,2,1800064,5816114
Hamilton City,05/09/2014,Fri,730,FB,CS1V,111A 181A 331A ,,E,W,TF,L ,X,G,R,50,0,0,0,1800064,5816114
Hamilton City,21/06/2014,Sat,1100,MG,CN1C,371B ,,M,D,O ,F ,X,T,R,50,0,0,0,1800064,5816114
Hamilton City,02/06/2014,Mon,430,MO,CS1C,101A 371A 929 ,M,R,D,DN,F ,D,N,N,50,0,0,0,1798458,5817144
Hamilton City,18/05/2014,Sun,1230,MO,TE1C,371A 385A 929 ,M,E,D,BF,F ,D,N,N,50,0,0,0,1801683,5813183
Hamilton City,28/07/2014,Mon,1525,GC,CW1C,174B 372B 929 ,,R,D,B ,F ,D, ,N,50,0,0,0,1799935,5822347
Hamilton City,04/04/2014,Fri,1140,EA,CE1V,129A 359A ,M,R,D,B ,F , , ,C,50,0,0,0,1800470,5812309
Hamilton City,25/07/2014,Fri,1535,DB,CE1,111A 134A ,P,E,D,O ,F , ,N,N,50,0,0,1,1800379,5812167
Hamilton City,06/07/2014,Sun,1036,GB,CW1B,158A 387A ,,R,D,BF,F ,T,G,C,50,0,0,0,1803067,5814178
Hamilton City,11/04/2014,Fri,639,HA,4N2C,334A 334B 901 ,S,R,W,TO,H ,X,T,C,50,0,0,1,1802828,5814112
Hamilton City,06/09/2014,Sat,113,DC,CN1,101A 112A 130A 402A 801 ,G,R,W,DO,L ,T,G,C,50,0,0,0,1796862,5815344
Hamilton City,14/11/2014,Fri,,CA,CS1,112A 130A 402A ,T,R,W,O ,F , , ,N,50,0,0,0,1802546,5814221
Hamilton City,28/11/2014,Fri,1920,CB,CS14,130A ,,R,D,TF,F , , ,C,50,0,0,0,1802376,5814859
Hamilton City,15/09/2014,Mon,630,EA,VN1C,358A 423A ,M,R,D,TF,F , , ,N,50,0,0,0,1802598,5814029
Hamilton City,13/08/2014,Wed,1430,MO,VS1C,371A 929 ,M,R,D,B ,F , ,N,C,50,0,0,0,1802469,5814507
Hamilton City,05/09/2014,Fri,2353,CA,PE1,104A 130A ,,R,D,DO,F , , ,N,50,0,0,1,1802239,5812564
Hamilton City,15/04/2014,Tue,944,FF,CS1V,331A 352A ,,E,D,BF,F ,T,G,C,50,0,0,0,1802217,5812778
Hamilton City,30/10/2014,Thu,814,JC,CE2C,302B 375B ,,R,W,OF,L ,T,G,C,50,0,0,0,1798300,5818664
Hamilton City,18/10/2014,Sat,50,DC,CN2,101A 112A 427A 801 ,,R,W,DO,L ,T,G,C,50,0,0,0,1797424,5818890
Hamilton City,09/06/2014,Mon,1251,MA,BW1C,373B ,,R,D,B ,F , ,N,C,50,0,0,0,1799901,5815608
Hamilton City,22/09/2014,Mon,1327,KA,CE1C,308B 377B 839 929 ,,R,D,B ,F ,D, ,R,50,0,0,0,1799627,5815667
Hamilton City,16/08/2014,Sat,2200,LB,CE1C,303B ,,R,W,DF,F ,X,T,C,50,0,0,0,1800319,5815515
Hamilton City,14/08/2014,Thu,818,LB,CE1CC,303B 922 ,,R,W,B ,L ,D,N,P,50,0,0,0,1798858,5815835
Hamilton City,29/03/2014,Sat,1630,FB,CE1C,331A 350A ,,E,D,BF,F ,X,G,C,50,0,0,1,1799613,5815671
Hamilton City,14/05/2014,Wed,1120,CB,CW1,102A 130A ,T,R,D,O ,F , , ,P,50,0,0,1,1799405,5815716
Hamilton City,19/05/2014,Mon,1645,NA,BE1E,506B 713B ,,R,D,B ,F , , ,P,50,0,1,0,1800279,5815523
Hamilton City,11/11/2014,Tue,1725,LB,CE1C,322B 334B ,,E,W,O ,L ,X,T,C,50,0,0,0,1800319,5815515
Hamilton City,24/04/2014,Thu,1353,DA,CN1,111A 131A 402A 901 ,P,M,W,O ,H ,T,G,C,50,0,0,0,1804125,5814893
Hamilton City,24/11/2014,Mon,550,FC,4N1C,181A ,,R,D,TO,F , , ,X,50,0,0,0,1800719,5813120
Hamilton City,23/08/2014,Sat,1029,MA,4N1B,150A 373B ,,R,D,B ,F ,X,T,P,50,0,0,1,1800725,5813081
Hamilton City,16/05/2014,Fri,1800,LB,CS1C,303B 330B ,,E,D,DO,F ,T,G,C,50,0,0,0,1800724,5813091
Hamilton City,30/09/2014,Tue,2320,EA,CS1C,129A ,M,R,D,DO,F , , ,C,50,0,0,0,1800712,5813166
Hamilton City,13/10/2014,Mon,1723,FD,TS1CC,331A 350A ,,R,D,BF,F ,X,T,R,50,0,0,2,1800730,5813051
Hamilton City,25/08/2014,Mon,1135,AA,VN1V,372A 512A 514A ,,R,D,O ,F , , ,C,50,0,0,0,1799821,5815783
Hamilton City,10/09/2014,Wed,1505,MO,CN1C,371A 929 ,M,R,D,O ,F ,D, ,N,50,0,0,0,1801351,5815926
Hamilton City,14/06/2014,Sat,810,EA,VE1C,129A 363A 902 ,M,R,D,B ,F , ,N,C,50,0,0,1,1801395,5815950
Hamilton City,25/09/2014,Thu,1012,MO,CS1C,371A 671A 929 ,,R,D,B ,F ,D,N,N,50,0,0,0,1801474,5815993
Hamilton City,06/10/2014,Mon,1607,DB,CE1CCC,133A 927 ,M,R,D,OF,F ,D,N,C,50,0,0,0,1801203,5814380
Hamilton City,24/07/2014,Thu,1930,FB,CW1C,331A ,,R,D,DO,F ,T,S,C,50,0,0,0,1800831,5814213
Hamilton City,25/10/2014,Sat,1030,GF,CN1T,179B 381B ,,E,D,B ,F ,R,G,C,50,0,0,0,1801988,5816932
Hamilton City,01/02/2014,Sat,1030,GB,CN1TC,172B ,Q,M,D,BF,F ,R,G,R,50,0,0,1,1802004,5816928
Hamilton City,27/11/2014,Thu,615,KA,CW1C,302B ,,E,D,BF,F ,R,G,C,50,0,0,0,1802006,5816939
Hamilton City,20/01/2014,Mon,2030,FB,CN1C,181A 330A ,,R,W,TF,L ,R,G,R,50,0,0,1,1801576,5818078
Hamilton City,16/06/2014,Mon,1827,MF,CN1C,371B ,,R,W,DO,L ,X,T,C,50,0,0,0,1802486,5815009
Hamilton City,03/06/2014,Tue,1520,GB,SS1T,372B ,,R,D,BF,F ,X,T,C,50,0,0,1,1802498,5814993
Hamilton City,20/07/2014,Sun,1648,FE,CS1CC,410A ,,R,D,BF,F ,X,T,C,60,0,0,0,1802498,5814993
Hamilton City,18/07/2014,Fri,2230,MO,CS1C,371A 386A 929 ,M,R,D,DO,F ,D,N,C,50,0,0,0,1802095,5816816
Hamilton City,01/08/2014,Fri,1201,HA,CN1C,302A 375A ,,M,D,O ,F ,R,G,R,50,0,0,0,1801991,5816942
Hamilton City,03/06/2014,Tue,1050,EA,BS1C,129A 330A ,M,R,D,B ,F , , ,C,50,0,0,0,1802377,5815594
Hamilton City,18/01/2014,Sat,1330,DB,PN1,135A 804 ,,E,D,B ,F ,T,G,C,50,0,0,2,1802376,5815743
Hamilton City,30/01/2014,Thu,2033,JA,CN14,302B 375B ,,R,D,TF,F ,T,G,C,50,0,0,2,1801711,5817651
Hamilton City,20/08/2014,Wed,2026,JA,CN1C,302B ,,R,W,DO,L ,T,G,C,50,0,0,1,1801711,5817651
Hamilton City,01/12/2014,Mon,1305,GD,CN1C,181A 331A 359A ,,R,D,B ,F ,T,S,C,50,0,0,1,1801738,5817514
Hamilton City,01/03/2014,Sat,1600,FE,CN1C,181A ,,R,D,BF,F ,X,T,C,50,0,0,0,1802413,5816086
Hamilton City,19/10/2014,Sun,1549,FD,CN1C,181A ,,R,D,B ,F , , ,C,50,0,0,0,1801699,5817715
Hamilton City,01/02/2014,Sat,1800,DB,CS1,111A 131A 632A ,P,M,D,DN,F , ,N,C,100,0,0,0,1804036,5810667
Hamilton City,06/06/2014,Fri,1720,MC,CN1C,372B ,,R,D,TO,F , ,N,C,50,0,0,0,1800806,5814514
Hamilton City,26/03/2014,Wed,1638,LB,CS1C,303B 375B ,,R,D,BF,F ,X,S,C,50,0,0,4,1800804,5814464
Hamilton City,20/01/2014,Mon,1230,HA,CS14,321B ,,E,W,OF,F ,X,S,C,50,0,0,1,1800804,5814464
Hamilton City,19/12/2014,Fri,950,KB,CS1V,302B 375B ,,R,D,B ,F ,T,G,P,50,0,0,0,1800839,5814129
Hamilton City,10/06/2014,Tue,1730,KA,CN1C,302B 375B ,,E,W,DN,L ,T,G,R,50,0,0,0,1800839,5814129
Hamilton City,22/12/2014,Mon,1800,LB,CS1C,303B ,,R,D,B ,F ,X,T,R,50,0,0,0,1800808,5813543
Hamilton City,16/07/2014,Wed,1700,NF,CW2E,341A ,,E,D,TF,F ,X,T,P,50,0,0,1,1800808,5813543
Hamilton City,05/12/2014,Fri,1450,FD,VN1VV,181A 331A 352A ,,R,D,B ,F ,T,G,C,50,0,0,0,1800808,5813747
Hamilton City,25/03/2014,Tue,233,EA,CW14,386A ,M,R,D,TF,F , ,N,C,50,0,0,0,1800803,5819664
Hamilton City,24/03/2014,Mon,231,DB,CN2,103A 111A 131A ,S,E,D,DO,F ,T,N,C,50,0,0,0,1800818,5819677
Hamilton City,26/09/2014,Fri,2158,DA,CS1,103A 111A 131A ,T,E,D,DO,F , ,N,C,50,0,0,1,1797588,5813898
Hamilton City,08/10/2014,Wed,917,NA,CS1E,713B ,,R,D,OF,F ,T,G,C,50,0,0,1,1803450,5814135
Hamilton City,23/07/2014,Wed,1155,DA,CN2,131A 133A ,T,R,D,BF,F ,T,G,C,50,0,0,2,1800373,5816004
Hamilton City,24/06/2014,Tue,1502,DC,VW2,501A ,FI,R,D,OF,F ,R,G,R,50,0,0,1,1800263,5812072
Hamilton City,08/05/2014,Thu,1130,DB,CW1,111A 129A 815 ,C,E,W,BF,F , ,N,C,80,0,0,0,1796025,5822305
Hamilton City,03/12/2014,Wed,1420,DA,CE1,129A 131A ,F,M,D,BN,F , ,N,C,100,0,0,0,1796103,5822242
Hamilton City,10/06/2014,Tue,620,MO,VW1E,131A 330A 386A ,X,R,W,DO,H ,T,N,N,50,0,0,1,1797427,5819555
Hamilton City,11/04/2014,Fri,2030,BF,VN1CC,103A 112A 130A ,M,R,D,DO,F , , ,C,50,0,0,0,1797341,5820205
Hamilton City,06/07/2014,Sun,1134,BB,CE1C,124A 924 ,,R,D,BF,F ,D,N,C,50,0,0,0,1797360,5819353
Hamilton City,15/05/2014,Thu,1330,JA,CW1C,308B 377B 922 ,,M,D,BF,F ,D, ,C,50,0,0,0,1797362,5819358
Hamilton City,09/12/2014,Tue,1256,KA,SS1C,302B ,,M,W,O ,L ,T,G,C,50,0,0,1,1797417,5819467
Hamilton City,05/11/2014,Wed,1720,FD,CN1C,132A 181A 902 ,,R,D,B ,F ,R,T,C,50,0,0,0,1797403,5819791
Hamilton City,31/07/2014,Thu,835,FB,BS1C,330A 387A ,,E,D,B ,F ,X,G,C,50,0,0,0,1797400,5819822
Hamilton City,20/03/2014,Thu,450,DB,CS1,111A 131A ,P,M,D,DO,F ,T,G,N,50,0,0,0,1799780,5814920
Hamilton City,07/10/2014,Tue,825,CB,CE1,130A 402A 524A 801 ,FHK,R,W,O ,L ,T,N,N,50,0,0,1,1803090,5818507
Hamilton City,21/12/2014,Sun,1830,MO,CN1,371A 929 ,P,R,D,O ,F ,D,N,N,50,0,0,0,1797598,5816731
Hamilton City,18/09/2014,Thu,1328,FB,CN1C,110A 387A 801 ,,R,W,O ,L ,R,G,R,80,0,0,0,1799099,5821556
Hamilton City,17/03/2014,Mon,539,DB,PS1,129A ,P,E,W,DO,F , ,N,R,80,0,0,1,1799311,5820714
Hamilton City,17/12/2014,Wed,1450,CA,PS1,191A ,,R,W,OF,H ,R,G,R,80,0,0,1,1799320,5820681
Hamilton City,18/06/2014,Wed,1945,DB,CE2,131A 402A ,ST,S,W,DO,F ,R,G,R,80,0,0,0,1799280,5820686
Hamilton City,02/08/2014,Sat,1026,FB,CS1C,181A 387A ,,R,D,O ,F ,R,G,R,80,0,0,0,1799308,5820700
Hamilton City,05/09/2014,Fri,1350,FB,4S1C,110A 330A 386A ,,M,D,O ,F ,R,G,R,80,0,0,0,1799308,5820700
Hamilton City,12/04/2014,Sat,1916,LB,CE1C,303B 927 ,,R,D,DO,F ,D,N,C,50,0,0,0,1799696,5816477
Hamilton City,11/04/2014,Fri,1010,KB,CS1V,308B 375B 930 ,,R,W,OF,L ,D,N,R,50,0,0,0,1798271,5815593
Hamilton City,12/05/2014,Mon,830,JA,CS1C,302B 314B 402B ,S,R,D,O ,F ,T,G,C,50,0,0,0,1798316,5815727
Hamilton City,26/07/2014,Sat,2231,DC,CW2,103A 111A 131A 514A ,C,E,D,DO,F ,T,G,R,50,0,0,1,1798239,5816335
Hamilton City,27/02/2014,Thu,745,MC,CS1C,387A 372B ,,R,D,O ,F ,T,G,R,50,0,0,0,1799797,5817474
Hamilton City,20/06/2014,Fri,739,JA,SS1V,308B 375B 929 ,,R,D,BF,F ,D,N,C,50,0,0,2,1799742,5818039
Hamilton City,02/03/2014,Sun,1320,JC,CN1C,321A ,,E,D,B ,F ,T,S,C,50,0,0,1,1799715,5819249
Hamilton City,14/10/2014,Tue,1615,FB,CE1C,181A ,,E,D,B ,F ,R,G,R,50,0,0,0,1798263,5821069
Hamilton City,26/03/2014,Wed,1120,LB,CW2M,302A ,,S,D,B ,F ,R,G,R,50,0,1,1,1798613,5820788
Hamilton City,11/06/2014,Wed,2200,FB,CE1C,110A 181A ,,R,W,DN,F ,R,G,R,50,0,0,0,1800024,5817153
Hamilton City,12/06/2014,Thu,830,AO,BN1C,381A 671A ,,R,D,OF,F ,R,G,R,60,0,0,0,1800037,5817132
Hamilton City,19/11/2014,Wed,1512,FD,CS1C,181A ,,E,D,BF,F , ,N,R,50,0,0,0,1799935,5817271
Hamilton City,19/06/2014,Thu,1352,LB,VS1C,303B 375B ,,R,W,B ,F ,T,G,R,50,0,0,0,1799997,5817192
Hamilton City,14/05/2014,Wed,850,FA,CS1C,112A 181A 331A ,,R,W,O ,F ,T,G,C,50,0,0,0,1799542,5819666
Hamilton City,13/08/2014,Wed,814,AC,CN1M,158B 632B 801 ,,R,W,O ,L ,T,G,C,50,0,0,0,1799550,5819660
Hamilton City,24/02/2014,Mon,841,DB,CS2,131A 501A ,T,M,D,B ,F ,T,G,C,50,0,0,0,1799550,5819660
Hamilton City,07/03/2014,Fri,1630,FF,PS1C,181A ,,E,D,BF,F , ,N,C,50,0,0,0,1798884,5820233
Hamilton City,07/07/2014,Mon,1440,DA,CS1,131A 351A ,T,E,D,BF,F , ,N,C,50,0,0,0,1799640,5819583
Hamilton City,02/05/2014,Fri,1453,GD,CS1CC,331A 350A ,,E,D,B ,F ,T,G,C,50,0,0,0,1801458,5815465
Hamilton City,20/10/2014,Mon,650,HA,SS1C,112A 204A 330A 330B 378B 929 ,,R,D,O ,F ,D,N,N,50,0,0,1,1801470,5815436
Hamilton City,05/04/2014,Sat,1335,FD,CN1C,181A ,,R,D,BF,F ,T,G,C,50,0,0,0,1800542,5816659
Hamilton City,08/06/2014,Sun,1545,JC,CW2C,302A 375A ,,R,W,OF,L ,T,G,C,50,0,0,0,1801297,5815667
Hamilton City,18/11/2014,Tue,1740,FB,CS1C,181A ,,E,D,BF,F ,R,G,R,50,0,0,0,1798782,5820404
Hamilton City,17/05/2014,Sat,2030,EA,CN1C,103A 129A ,M,E,D,DO,F , ,N,N,50,0,0,1,1796562,5815752
Hamilton City,10/01/2014,Fri,1124,NA,CN1E,712B 713B 727B ,,R,D,BF,F , ,N,C,50,0,0,1,1800210,5815732
Hamilton City,25/06/2014,Wed,1800,LB,MW14,303B 375B ,,R,W,DO,H ,X,S,C,50,0,0,1,1800582,5815987
Hamilton City,28/09/2014,Sun,300,DA,CE1,111A 131A ,F,M,W,DN,L , , ,C,100,0,0,0,1797266,5817257
Hamilton City,15/11/2014,Sat,2222,CB,CE1T,129A 352A ,M,R,D,DO,F , ,N,C,50,0,0,1,1796886,5817473
Hamilton City,19/08/2014,Tue,945,DA,CN1,111A 131A 402A ,F,E,W,O ,L , , ,C,50,0,0,0,1797627,5816286
Hamilton City,01/07/2014,Tue,1920,JA,CN1C,302B 433B 801 ,,M,W,DO,L ,T,G,C,50,0,0,0,1800453,5814836
Hamilton City,30/04/2014,Wed,1528,CA,CS1C,410A 423A 504A ,PX,R,D,O ,F , , ,C,50,0,0,1,1800803,5814146
Hamilton City,11/04/2014,Fri,1019,DA,CW2C,111A 131A ,M,R, , F,  ,T,N,N,60,0,0,0,1800566,5814619
Hamilton City,14/12/2014,Sun,1712,CB,CE1,129A 361A ,P,R,W,OF,L , ,N,C,50,0,0,0,1804029,5815898
Hamilton City,08/05/2014,Thu,1620,FD,CE1CC,181A ,,R,W,OF,F , ,N,C,50,0,0,0,1804049,5815903
Hamilton City,08/05/2014,Thu,1630,FD,CS1C,181A ,,R,D,O ,F , , ,C,50,0,0,0,1804819,5816563
Hamilton City,19/05/2014,Mon,845,FD,CS1CC,112A 331A 352A 830 904 ,,R,D,O ,M , , ,C,80,0,0,0,1804460,5816187
Hamilton City,11/06/2014,Wed,623,EC,VN1,191A 370A 378A 821 903 ,X,R,W,DN, S, , ,C,100,0,0,0,1804736,5816476
Hamilton City,03/03/2014,Mon,733,KA,CW1T,324A 801 817 ,,R,W,O ,L ,X,T,R,60,0,0,0,1802812,5815997
Hamilton City,05/08/2014,Tue,1817,GF,VS2C,157A ,,R,D,DO,F ,X,T,R,60,0,0,0,1802812,5815997
Hamilton City,27/03/2014,Thu,1415,MD,CE1C,371B 929 ,,R,D,O ,F ,D,N,C,50,0,0,0,1800833,5818808
Hamilton City,18/10/2014,Sat,1600,EA,4N1C,129A ,M,R,W,OF,L , ,N,N,50,0,0,0,1801053,5819294
Hamilton City,11/08/2014,Mon,1716,MO,4W1,427A 929 ,F,R,D,TF,F ,D,N,N,50,0,0,1,1800935,5816962
Hamilton City,03/05/2014,Sat,1115,NA,CE1E,712B 713B ,,R,D,BF,F ,T,N,P,50,0,0,1,1798181,5819721
Hamilton City,28/03/2014,Fri,1636,JA,CE1S,302B 377B 839 ,,R,D,BF,F ,T,G,P,50,0,0,1,1798592,5819578
Hamilton City,25/04/2014,Fri,934,DA,CE1C,111A 131A 330A ,M,M,W,O ,F ,T,G,R,50,0,0,0,1798429,5819718
Hamilton City,26/09/2014,Fri,426,CB,CW1,103A 130A ,F,R,D,DO,F , , ,N,50,0,0,0,1798046,5819719
Hamilton City,17/02/2014,Mon,1627,EA,CN1V,410A ,M,R,D,B ,F , , ,C,50,0,0,0,1798821,5819087
Hamilton City,02/12/2014,Tue,1125,HA,CN1C,302B ,,R,D,BN,F ,X,G,C,50,0,0,0,1798677,5814295
Hamilton City,29/11/2014,Sat,1541,HA,CS2C,302B ,,R,D,B ,F ,X,G,N,50,0,0,0,1798677,5814295
Hamilton City,12/11/2014,Wed,1625,JA,CN14,302B ,,R,W,O ,L ,T,G,C,50,0,0,0,1800150,5815404
Hamilton City,16/11/2014,Sun,1155,DA,CN1,137A ,K,M,D,B ,F ,R,G,C,80,0,0,0,1797247,5817427
Hamilton City,12/07/2014,Sat,1156,FB,4N2C,331A 353A 387A ,,M,W,OF,H ,R,G,R,80,0,0,0,1797291,5817379
Hamilton City,19/12/2014,Fri,1720,FD,CN1C,331A 358A ,,R,D,B ,F , , ,R,50,0,0,0,1801260,5812979
Hamilton City,19/08/2014,Tue,1600,FC,CE1C,181A ,,R,D,O ,F , , ,X,30,0,0,0,1800908,5812661
Hamilton City,01/07/2014,Tue,1840,DA,CN1,102A 111A 131A ,FP,E,W,DO,L ,T,N,C,50,0,0,1,1801874,5817781
Hamilton City,01/04/2014,Tue,901,LB,CN1C,387B ,,R,D,BF,F ,T,G,P,50,0,0,0,1804746,5815009
Hamilton City,18/09/2014,Thu,2317,DA,CN1,104A 111A 131A ,EGP,E,W,DO,F , , ,C,50,0,0,0,1804363,5815526
Hamilton City,20/02/2014,Thu,1720,FB,CN1C,331A 358A ,,R,D,BF,F ,R,G,R,50,0,0,0,1804248,5815941
Hamilton City,08/05/2014,Thu,901,FD,TN1C,130A 331A 615A 801 ,,R,W,O ,L , , ,C,50,0,0,0,1804312,5815710
Hamilton City,11/07/2014,Fri,2056,EA,CE1C,103A 129A ,FM,R,D,DO,F , ,N,N,50,0,0,0,1799970,5822430
Hamilton City,06/02/2014,Thu,726,DB,CN1,103A 111A 131A 402A ,FT,E,D,O ,F ,T,G,C,50,0,0,1,1802033,5818435
Hamilton City,10/11/2014,Mon,2350,CA,CE1E,130A 330A ,,R,D,DO,F ,T,G,C,50,0,1,0,1801885,5818342
Hamilton City,05/09/2014,Fri,1930,GD,CE1C,331A 350A 801 818 ,,M,W,DO,L ,T,G,C,50,0,0,0,1801885,5818342
Hamilton City,12/02/2014,Wed,1625,HA,SW1C,204A 300A ,,R,D,BF,F ,X,G,C,50,0,0,0,1799990,5815300
Hamilton City,30/11/2014,Sun,1240,DA,CW1,102A 133A 929 ,,R,D,BF,F ,D,N,N,50,0,0,0,1801235,5816592
Hamilton City,29/01/2014,Wed,1310,PF,VE1,129A ,,R,D,B ,F , , ,N,50,0,0,1,1801008,5816486
Hamilton City,31/05/2014,Sat,1500,BA,CE1C,125A 839 929 ,,R,D,BF,F , ,N,C,50,0,0,0,1801036,5816499
Hamilton City,30/11/2014,Sun,2010,MC,CN1C,372B ,,R,D,TF,F ,T,N,N,50,0,0,0,1801876,5819622
Hamilton City,16/04/2014,Wed,1500,HA,CS14,302A 375A ,,R,D,O ,F ,R,G,R,50,0,0,0,1798869,5817451
Hamilton City,24/02/2014,Mon,1018,EA,TE1C,385A 671A ,M,R,D,BF,F , ,N,C,50,0,0,0,1797828,5818666
Hamilton City,16/06/2014,Mon,1653,CC,CE1,130A 504A ,,R,W,TO,F ,T,G,P,50,0,0,1,1801982,5815977
Hamilton City,10/04/2014,Thu,840,FD,CE1C,181A 800 ,,R,W,O ,F ,T,G,C,50,0,0,0,1801982,5815977
Hamilton City,25/10/2014,Sat,1350,GE,CE1C,330A 386A 330B 386B 929 ,,R,D,B ,F ,D, ,C,50,0,0,0,1802143,5816019
Hamilton City,26/08/2014,Tue,1510,FB,CW1C,181A ,,R,D,BF,F ,R,G,C,50,0,0,0,1801602,5815822
Hamilton City,07/02/2014,Fri,1315,CC,CS1,130A 507A ,HPS,R,D,B ,F ,R,G,C,50,0,0,1,1801606,5815832
Hamilton City,22/11/2014,Sat,1019,DA,MN1,133A ,I,E,D,ON,F , ,N,R,80,0,1,0,1794684,5824258
Hamilton City,10/09/2014,Wed,1530,AA,CN1C,372A 381A ,,R,D,ON,F ,R,G,C,50,0,0,0,1794781,5823868
Hamilton City,30/09/2014,Tue,730,CA,VS1C,130A 501A ,M,R,D,B ,F , , ,R,60,0,0,1,1797774,5818808
Hamilton City,04/08/2014,Mon,742,HA,PW2C,302A ,,M,D,O ,M ,R,G,R,80,0,0,0,1796395,5820346
Hamilton City,06/08/2014,Wed,603,KB,CW1S,302A 375A ,,E,D,DO,F ,R,G,R,80,0,0,1,1796392,5820315
Hamilton City,19/11/2014,Wed,2042,PC,CS1E,311A 330A 732B 927 ,,R,D,DO,F ,D,N,R,60,0,0,1,1796630,5820061
Hamilton City,20/09/2014,Sat,2045,CC,CS1C,103A 112A 130A ,M,R,W,DO,L ,X,T,R,60,0,0,0,1798465,5817891
Hamilton City,14/01/2014,Tue,,FO,CS1C,330A ,,E,D,B ,F ,X,T,C,60,0,0,0,1798465,5817891
Hamilton City,16/06/2014,Mon,1340,FE,CS14,101A 353A ,,R,W,O ,F ,T,T,C,60,0,0,0,1798284,5818135
Hamilton City,09/08/2014,Sat,1430,FE,CN1CV,387A 181B ,,R,D,B ,F ,T,T,R,60,0,0,0,1798275,5818128
Hamilton City,17/09/2014,Wed,814,KA,CN1TT,302B ,,R,W,O ,L ,T,G,R,60,0,0,0,1798109,5818351
Hamilton City,24/10/2014,Fri,1620,FD,CN144,331A 350A ,,R,D,B ,F , ,N,R,60,0,0,0,1797685,5818904
Hamilton City,23/06/2014,Mon,2230,EA,CS1C,129A 501A ,JM,R,D,DO,F , ,N,C,60,0,0,0,1795426,5822533
Hamilton City,28/04/2014,Mon,1706,LB,CN1CV,303B 314B 350B 929 ,,R,W,DO,F ,D, ,R,60,0,0,0,1797377,5819318
Hamilton City,09/08/2014,Sat,1436,FD,CN1CC,331A 350A ,,R,D,B ,F , , ,R,60,0,0,0,1797389,5819303
Hamilton City,19/08/2014,Tue,1943,LB,CS1C,322A 351A ,,R,W,DO,L ,X,T,R,60,0,0,0,1797355,5819339
Hamilton City,12/09/2014,Fri,2302,FD,CN1V,181A 191B ,,R,W,DO,L , , ,P,60,0,0,0,1795613,5821828
Hamilton City,02/07/2014,Wed,1220,MC,CN14,372B ,,R,D,O ,F , , ,R,60,0,0,0,1798132,5818317
Hamilton City,01/12/2014,Mon,1354,GF,CN14,129A ,,M,D,O ,F ,R,G,R,60,0,0,0,1797859,5818665
Hamilton City,24/07/2014,Thu,1559,FD,CN1CC,181A 423A ,,R,D,B ,F ,R,G,C,60,0,0,0,1797859,5818665
Hamilton City,16/05/2014,Fri,1605,HA,VE2C,302A ,,E,D,OF,F ,R,G,R,50,0,0,0,1797840,5818675
Hamilton City,28/10/2014,Tue,1158,GE,TN1C,143A 386A 179B ,,R,D,B ,F ,R,G,C,60,0,0,0,1796392,5820315
Hamilton City,06/03/2014,Thu,1220,HA,4N1C,302A ,,M,D,B ,F ,R,G,R,80,0,0,2,1796392,5820315
Hamilton City,25/11/2014,Tue,1209,GE,4E2T,171B ,,M,D,B ,F ,R,G,R,60,0,0,0,1796368,5820319
Hamilton City,28/05/2014,Wed,2342,JA,CN1C,322A ,,R,D,DO,F ,X,T,C,60,0,0,0,1796721,5819941
Hamilton City,20/06/2014,Fri,1153,AA,CN14,372A ,,R,D,B ,F , ,N,R,60,0,0,0,1798376,5818012
Hamilton City,20/06/2014,Fri,2200,NB,CN1E,705B 711B ,,R,D,DO,F , ,N,R,50,0,0,1,1798489,5817886
Hamilton City,29/06/2014,Sun,1800,HA,CS14,322A ,,R,D,DO,F ,X,T,C,50,0,0,0,1798474,5817900
Hamilton City,23/08/2014,Sat,807,HA,CW2C,322A ,,R,D,B ,F ,X,T,C,60,0,0,1,1799288,5817354
Hamilton City,11/01/2014,Sat,1521,FA,VN1C,181A 357A 357B ,,R,D,O ,F , ,N,R,60,0,0,0,1797003,5819631
Hamilton City,09/06/2014,Mon,504,HA,VW2T,334A 334B ,,R,W,DO,L ,X,T,C,60,0,0,0,1797086,5819559
Hamilton City,11/06/2014,Wed,1405,FB,CE2C,181A 387A ,,E,W,O ,H ,X,G,P,80,0,0,0,1797070,5819557
Hamilton City,11/06/2014,Wed,1600,FB,CN1C,181A ,,R,W,OF,L ,X,G,R,60,0,0,0,1797079,5819549
Hamilton City,10/07/2014,Thu,1202,FE,VN1C,357A 512A 357B 801 ,,E,W,O ,L ,T,T,C,50,0,0,0,1796327,5818975