TLANAME,CRASHDATE,CRASHDOW,CRASHTIME,MVMT,VEHICLES,CAUSES,OBJECTSSTRUCK,ROADCURVE,ROADWET,LIGHT,WTHRa,JUNCTYPE,TRAFCTRL,ROADMARK,SPDLIM,CRASHFATALCNT,CRASHSEVCNT,CRASHMINCNT,EASTING,NORTHING
Hamilton City,19/09/2014,Fri,1950,FB,CW1C,181A ,,M,W,DO,F ,T,G,N,80,0,0,0,1796327,5818975
Hamilton City,30/07/2014,Wed,900,MO,4W1C,371A 926 ,,R,W,O ,F ,D,N,N,50,0,0,1,1801932,5817117
Hamilton City,18/07/2014,Fri,1000,AA,SW14,372A ,,R,D,BF,F , ,N,C,50,0,0,0,1800889,5814770
Hamilton City,14/03/2014,Fri,948,JA,CS2C,302B ,,E,D,O ,F ,T,G,C,50,0,0,0,1800566,5814619
Hamilton City,07/07/2014,Mon,1325,NB,CE1E,713B 726B ,,R,D,B ,F , ,N,N,50,0,1,0,1796645,5819878
Hamilton City,04/05/2014,Sun,2057,DB,CN2,133A ,IS,R,D,DO,F ,T,G,R,50,0,0,0,1799771,5821666
Hamilton City,15/01/2014,Wed,1723,JA,CW1C,302B 377B ,,R,D,BF,F ,T,G,R,50,0,0,0,1799397,5821596
Hamilton City,29/11/2014,Sat,1105,FB,CE1C,181A ,,E,D,O ,F ,T,G,C,50,0,0,0,1801553,5821420
Hamilton City,07/11/2014,Fri,815,BB,CE1TCC,124A 302A 353A ,,M,D,O ,F ,T,G,C,50,0,0,0,1801553,5821420
Hamilton City,11/06/2014,Wed,1510,JA,CW1C,308B 925 ,,R,W,OF,F ,D,N,R,60,0,0,0,1800458,5821631
Hamilton City,03/10/2014,Fri,915,DA,CN2,111A 133A 402A 801 ,FK,S,W,O ,L ,R,G,C,50,0,0,0,1800323,5821629
Hamilton City,09/01/2014,Thu,1120,CB,CE1,129A 427A ,I,R,W,B ,F , ,N,R,50,0,0,0,1801298,5821487
Hamilton City,09/01/2014,Thu,1231,CB,CW1,110A 402A ,FI,R,W,O ,F ,R,G,R,50,0,0,0,1801397,5821450
Hamilton City,15/06/2014,Sun,949,CA,MW1,110A 135A ,,R,W,O ,M , ,N,C,50,0,0,1,1800267,5821647
Hamilton City,28/07/2014,Mon,1152,KB,CW1C,302A 351A ,,R,D,B ,F ,T,G,P,50,0,0,2,1800559,5821621
Hamilton City,28/11/2014,Fri,1058,JA,TE1T,302B ,,R,W,O ,L ,T,G,P,50,0,0,0,1800559,5821621
Hamilton City,15/01/2014,Wed,1815,GD,MN1C,181A 144B 929 ,,R,D,DO,F ,D,N,N,50,0,0,0,1801291,5811997
Hamilton City,26/10/2014,Sun,938,CB,CE1,103A 130A ,P,R,D,O ,F , , ,C,50,0,0,0,1800662,5818573
Hamilton City,15/12/2014,Mon,2313,DA,CW1,111A 131A ,F,M,D,DO,F ,T,G,C,50,0,0,0,1800681,5818579
Hamilton City,09/05/2014,Fri,2228,EA,CW1C,101A 129A ,M,R,W,DO,M , ,N,C,50,0,0,0,1797377,5820833
Hamilton City,12/07/2014,Sat,2253,EC,CS1C,135A 330A 823 901 ,LM,E,W,DO,H , , ,C,50,0,0,0,1802480,5817857
Hamilton City,16/06/2014,Mon,1420,BF,CN1C,111A 131A 514A ,S,R,D,O ,F ,T,G,C,50,0,0,0,1802510,5817761
Hamilton City,13/11/2014,Thu,1015,LB,CS1V,303B 375B ,,R,D,OF,F ,T,G,C,50,0,0,1,1802562,5817599
Hamilton City,11/06/2014,Wed,1820,LB,CS14,102B 303B 382B ,,R,W,DO,L ,T,G,C,50,0,0,2,1802562,5817599
Hamilton City,30/12/2014,Tue,1713,JC,CE2C,302A 375A 402A ,,R,D,B ,F ,T,G,C,50,0,0,0,1802237,5818607
Hamilton City,07/02/2014,Fri,800,FE,CN1C,181A ,,R,D,O ,F ,X,T,C,50,0,0,0,1800454,5815315
Hamilton City,12/07/2014,Sat,1403,DA,CS14,110A 131A 402A 901 ,I,M,W,O ,H ,R,G,R,80,0,0,0,1801139,5814505
Hamilton City,31/03/2014,Mon,1241,GC,VN2C,171B ,,R,D,BF,F ,R,G,R,80,0,0,0,1801147,5814467
Hamilton City,18/11/2014,Tue,1655,GF,CN1C,129A 357A ,,M,D,B ,F ,R,G,R,50,0,0,0,1800727,5814922
Hamilton City,17/07/2014,Thu,1620,FA,CN1P,181A 363A 902 ,,M,D,BF,F ,R,G,R,50,0,0,1,1800727,5814922
Hamilton City,25/02/2014,Tue,1640,GC,4N1C,171B ,,M,D,B ,F ,R,G,R,60,0,0,0,1800727,5814922
Hamilton City,25/05/2014,Sun,1610,FB,4W2C,331A 353A 387A ,,R,W,OF,L ,T,G,C,50,0,0,0,1800046,5815912
Hamilton City,15/05/2014,Thu,1745,FD,CS1CC,331A 350A ,,R,D,TO,F , , ,C,50,0,0,2,1800374,5815432
Hamilton City,03/09/2014,Wed,1410,HA,CS2C,691A 313B 330B ,,R,D,B ,F ,X,T,P,50,0,0,0,1800319,5815515
Hamilton City,24/02/2014,Mon,1615,LB,CE1C,303B 375B ,,M,D,B ,F ,X,T,C,50,0,0,1,1800319,5815515
Hamilton City,05/03/2014,Wed,1747,LB,CN1C,303B ,,R,D,B ,F ,X,T,R,50,0,0,0,1800006,5816011
Hamilton City,20/11/2014,Thu,1245,GD,4E2T,171A 380A ,,R,D,OF,F ,X,T,C,50,0,0,0,1800319,5815515
Hamilton City,14/03/2014,Fri,1311,LB,CE2C,303B ,,E,D,O ,F ,X,T,N,50,0,0,1,1800319,5815515
Hamilton City,26/04/2014,Sat,1250,GB,CN1C,172B ,,E,D,OF,F ,R,G,R,60,0,0,0,1800885,5814749
Hamilton City,13/03/2014,Thu,1700,GF,CS1C,171B ,,S,D,BF,F ,R,G,C,50,0,0,0,1800864,5814776
Hamilton City,01/08/2014,Fri,1900,JA,VS1C,301B 375B ,,R,D,DO,F ,X,S,C,100,0,2,1,1795188,5810475
Hamilton City,09/01/2014,Thu,1306,JA,CS14,301B 375B ,,R,D,O ,F ,X,S,C,100,0,0,1,1795188,5810475
Hamilton City,12/12/2014,Fri,1849,AC,CS1,197A 382A ,F,R,D,BF,F , ,N,C,80,0,0,1,1797313,5813378
Hamilton City,01/07/2014,Tue,1740,FD,MW1C,181A 350A 191B ,,R,W,DO,F ,T,N,C,60,0,0,0,1799942,5816444
Hamilton City,26/06/2014,Thu,1955,LB,4E1C,303B 377B 801 ,,R,W,DO,L ,X,G,C,60,0,0,4,1799947,5816442
Hamilton City,22/12/2014,Mon,2331,DA,CS1C,110A 136A 614A 110B 929 ,FX,E,D,DO,F ,D, ,R,60,0,0,0,1799635,5816596
Hamilton City,03/12/2014,Wed,744,MC,TS1C,372B ,,R,D,OF,F ,T,N,C,50,0,0,0,1799408,5816893
Hamilton City,11/10/2014,Sat,2330,CB,CN1C,103A 130A ,KMT,R,D,DO,F , , ,P,60,0,0,1,1799349,5817116
Hamilton City,28/07/2014,Mon,1710,FD,VW1C,331A ,,R,D,TF,F , , ,C,50,0,0,0,1800183,5816328
Hamilton City,09/01/2014,Thu,1036,MC,4E1C,372B ,,R,D,B ,F , ,N,C,50,0,0,0,1800256,5816294
Hamilton City,10/10/2014,Fri,1631,GB,BN1C,372B 927 ,,R,D,B ,F ,D,N,C,50,0,0,0,1800274,5816285
Hamilton City,27/06/2014,Fri,1330,MO,VS1V,370A 801 ,,R,W,O ,L , , ,P,60,0,0,0,1800391,5816230
Hamilton City,15/06/2014,Sun,1913,GA,CE1C,181A 331A 929 ,,R,D,DO,F ,D,N,C,50,0,0,1,1800075,5816380
Hamilton City,19/05/2014,Mon,1825,FE,CS1C,331A 359A 402A ,,R,D,DO,F ,X,T,C,60,0,0,0,1800165,5816337
Hamilton City,09/04/2014,Wed,1215,GF,CW1C,372A ,,M,D,OF,F ,X,T,C,50,0,0,0,1800165,5816337
Hamilton City,07/10/2014,Tue,811,GF,VE1C,129B 404B ,,E,W,B ,F ,X,T,C,60,0,0,0,1800165,5816337
Hamilton City,07/08/2014,Thu,1745,FE,CN1C,181A 334A ,,R,D,B ,F ,X,T,C,50,0,0,0,1799288,5817354
Hamilton City,02/11/2014,Sun,657,DB,CN2,103A 111A 131A ,H,E,D,O ,F ,X,T,C,50,0,0,0,1800427,5816212
Hamilton City,05/05/2014,Mon,1306,CC,4W1,103A 358A ,T,R,W,O ,L , , ,N,50,0,0,0,1800931,5812024
Hamilton City,06/09/2014,Sat,949,MO,CS1C,371A 371B 929 ,,R,D,O ,F ,D, ,C,50,0,0,0,1798811,5818221
Hamilton City,13/08/2014,Wed,1045,FB,VS1C,181A ,,R,D,B ,F ,T,G,C,50,0,0,0,1798956,5817625
Hamilton City,28/12/2014,Sun,25,DA,CS1C,103A 131A ,FMP,E,D,DO,F , , ,N,50,0,0,0,1797727,5816312
Hamilton City,31/10/2014,Fri,1203,MD,CN1V,377A 308B 330B 839 929 ,,R,D,B ,F ,D, ,N,50,0,0,1,1800267,5815798
Hamilton City,25/03/2014,Tue,1247,JC,CS1S,302A 375A ,,R,D,BF,F ,X,G,C,50,0,0,1,1800278,5815781
Hamilton City,21/10/2014,Tue,800,EA,CW1C,129A ,M,R,D,TF,F , ,N,N,50,0,0,0,1797632,5819321
Hamilton City,22/10/2014,Wed,1742,KB,CS1C,302B 375B ,,E,D,B ,F ,T,G,C,50,0,0,0,1800081,5816716
Hamilton City,23/07/2014,Wed,52,PA,CS1E,194A 105B 722B ,,R,D,DO,F ,R,G,C,50,0,0,1,1800968,5815429
Hamilton City,29/11/2014,Sat,2346,FE,CS1C,331A 351A ,,R,D,DO,F ,X,T,C,50,0,0,0,1800296,5816434
Hamilton City,03/07/2014,Thu,1125,GF,CN1C,129B 381B ,,M,D,B ,F ,X,T,C,50,0,0,0,1800299,5816430
Hamilton City,17/05/2014,Sat,1815,FA,CN1C,112A 331A 370A ,,R,D,B ,F , , ,C,50,0,0,0,1801427,5814787
Hamilton City,19/05/2014,Mon,1230,FB,CS1T,181A ,,R,D,BF,F ,X,T,C,50,0,0,0,1801457,5814746
Hamilton City,13/06/2014,Fri,2243,FB,CS1C,331A 353A ,,E,D,DO,F ,X,G,R,50,0,0,0,1801457,5814746
Hamilton City,28/10/2014,Tue,1310,FE,CS1T,331A ,,R,D,OF,L ,X,T,C,50,0,0,1,1801457,5814746
Hamilton City,21/04/2014,Mon,1138,MA,CN1C,373B ,,R,W,O ,F , , ,R,50,0,0,0,1800775,5815710
Hamilton City,18/06/2014,Wed,1552,MO,VS1C,386A ,M,R,D,O ,F , , ,R,50,0,0,0,1800800,5815672
Hamilton City,07/12/2014,Sun,1215,FD,CS14V,181A 331A 350A ,,R,D,B ,F ,X,T,R,50,0,0,0,1800860,5815586
Hamilton City,28/08/2014,Thu,1038,GF,CN1C,172A 330A 404A ,,R,D,B ,F ,X,T,C,50,0,0,0,1800857,5815590
Hamilton City,13/02/2014,Thu,1302,JA,4W2C,322B ,,R,D,B ,F ,X,T,C,50,0,0,0,1800857,5815590
Hamilton City,02/04/2014,Wed,1710,FA,CN1C,181A ,,R,D,B ,F ,T,N,C,50,0,0,0,1800886,5815549
Hamilton City,23/01/2014,Thu,830,LB,CS1C,202B 303B ,,R,D,O ,F ,T,T,R,50,0,0,0,1800892,5815541
Hamilton City,19/07/2014,Sat,1820,MG,CN1C,359B 371B ,,R,D,DO,F ,T,T,R,50,0,0,0,1800892,5815541
Hamilton City,27/02/2014,Thu,835,NF,CS2E,722B ,,R,D,B ,F ,T,T,P,50,0,0,1,1800892,5815541
Hamilton City,26/01/2014,Sun,226,MO,CN1C,371A ,,R,D,DO,F , ,N,C,50,0,0,0,1801097,5815246
Hamilton City,05/06/2014,Thu,2045,BE,CS1C,130A 205A ,,R,D,DO,F , , ,R,50,0,0,0,1801126,5815205
Hamilton City,22/02/2014,Sat,310,MB,CS1X,303B 375B ,,R,W,DO,F ,T,T,R,50,0,0,0,1801114,5815222
Hamilton City,18/05/2014,Sun,1640,JA,CN1C,302B ,,R,D,OF,F ,T,G,C,50,0,0,0,1799947,5816884
Hamilton City,29/01/2014,Wed,1717,LB,CN1C,303B 375B ,,R,D,B ,F ,T,G,C,50,0,0,0,1799947,5816884
Hamilton City,22/12/2014,Mon,1930,FD,CS1C,181A ,,M,D,B ,F , , ,C,50,0,0,0,1799850,5817018
Hamilton City,05/02/2014,Wed,1743,FD,CS14,181A ,,R,D,BF,F , ,N,C,50,0,0,0,1799783,5817068
Hamilton City,15/11/2014,Sat,420,FD,CS1C,181A 330A ,,R,D,DO,F , ,N,R,30,0,0,0,1801044,5815322
Hamilton City,26/09/2014,Fri,45,FA,CN1X,101A 112A 129A ,Q,R,D,DO,F , ,N,R,50,0,0,0,1801247,5815036
Hamilton City,09/03/2014,Sun,405,EC,CS1,330A 414A 671A ,S,R,D,DO,F ,T,T,R,50,0,0,0,1801256,5815024
Hamilton City,13/07/2014,Sun,31,CB,CN14,103A 112A ,Q,R,W,DO,F , ,N,C,50,0,1,1,1800501,5816107
Hamilton City,06/08/2014,Wed,1800,KC,CE1C,322A 375A ,,R,D,TO,F ,X,T,P,50,0,0,0,1800444,5816189
Hamilton City,12/11/2014,Wed,1524,AA,CN14,159A 173A 402A 801 ,,E,W,O ,L ,X,T,C,50,0,0,0,1800444,5816189
Hamilton City,05/09/2014,Fri,1705,CB,BS14,130A 501A ,,R,D,O ,F , , ,P,50,0,0,0,1800702,5815815
Hamilton City,16/12/2014,Tue,1921,CB,CN1C,197A ,M,R,W,TO,H ,X,T,C,50,0,0,0,1800702,5815815
Hamilton City,05/09/2014,Fri,1635,LB,MN1C,103B 322B ,,R,D,OF,F ,X,T,C,50,0,1,0,1800719,5815790
Hamilton City,15/05/2014,Thu,1617,MC,CW1M,377B ,,R,D,B ,F , , ,C,50,0,0,1,1799390,5817293
Hamilton City,28/10/2014,Tue,1309,CB,CS1C,129A 359A ,M,R,W,OF,L ,T,G,R,30,0,0,0,1801210,5815087
Hamilton City,10/03/2014,Mon,1720,GB,SN1C,158A 929 ,,R,D,B ,F ,D,N,C,50,0,0,0,1800324,5816387
Hamilton City,09/10/2014,Thu,2231,HA,CE2C,322A ,,R,D,DO,F ,X,T,C,50,0,0,0,1800299,5816430
Hamilton City,28/01/2014,Tue,1430,MO,TW1C,371A ,M,R,D,B ,F ,T,G,C,50,0,0,0,1800510,5816095
Hamilton City,08/07/2014,Tue,1128,MC,CN1C,372B ,,R,D,OF,F , ,N,R,50,0,0,0,1800605,5815954
Hamilton City,26/10/2014,Sun,1515,JA,CS1C,308B 927 ,,R,D,O ,F ,D,N,C,50,0,0,0,1800610,5815946
Hamilton City,03/06/2014,Tue,1320,EA,BS1V,129A 330A ,M,R,D,O ,F , , ,C,50,0,0,0,1800639,5815905
Hamilton City,24/03/2014,Mon,1945,JA,CS1C,308B 927 ,,E,D,DO,F ,D, ,C,50,0,0,0,1800668,5815864
Hamilton City,06/03/2014,Thu,1730,JA,SN1C,301B 382B ,,R,D,BF,F ,X,S,C,50,0,0,1,1800582,5815987
Hamilton City,06/11/2014,Thu,830,GB,VN1V,172A ,,M,W,OF,F ,X,T,C,50,0,0,0,1799288,5817354
Hamilton City,11/10/2014,Sat,550,FE,CN1P,331A ,,E,D,DO,F ,X,T,R,50,0,0,1,1799288,5817354
Hamilton City,04/10/2014,Sat,1650,DA,CS1,410A ,H,R,D,BF,F ,X,G,C,50,0,0,0,1800427,5816212
Hamilton City,07/08/2014,Thu,618,LB,VS1C,322A 334A ,,E,D,O ,F ,X,T,C,50,0,0,0,1799288,5817354
Hamilton City,23/06/2014,Mon,845,FE,CN1C,181A ,,R,D,B ,F ,T,T,C,80,0,0,0,1802809,5816585
Hamilton City,31/07/2014,Thu,2203,DA,MN1,101A 111A 131A ,,E,D,DO,F ,R,G,R,80,0,1,0,1802054,5819364
Hamilton City,13/01/2014,Mon,1027,GC,CN1C,171A ,,M,D,OF,F ,R,G,C,80,0,0,0,1802064,5819363
Hamilton City,08/11/2014,Sat,45,DC,CN1C,431A 514A 431B 514B ,GG,E,D,DO,F ,R,G,C,80,0,0,0,1802054,5819364
Hamilton City,25/01/2014,Sat,1740,AO,CN1C,150A 381A ,,E,D,B ,F ,R,G,C,80,0,0,0,1802064,5819363
Hamilton City,05/03/2014,Wed,1100,BF,CN1C,111A 131A 402A ,,E,D,B ,F ,R,G,R,80,0,0,1,1802737,5817319
Hamilton City,11/06/2014,Wed,2110,DA,CS1,131A 801 ,G,R,W,DO,L ,R,G,R,80,0,0,0,1802768,5817354
Hamilton City,27/09/2014,Sat,1035,GB,CN1C,172B ,,E,D,ON,F ,R,G,R,80,0,0,0,1802737,5817319
Hamilton City,19/02/2014,Wed,2233,DA,CS1,111A 131A 403A ,G,E,D,DO,F ,R,G,C,80,0,0,0,1802768,5817354
Hamilton City,10/03/2014,Mon,1000,AA,CW1C,372A ,,E,D,BF,F , ,N,C,80,0,0,0,1802011,5819400
Hamilton City,19/08/2014,Tue,2107,DA,CN1,131A ,G,M,W,DO,L ,R,G,R,80,0,0,0,1802054,5819364
Hamilton City,09/02/2014,Sun,1730,AO,CN1C,381A ,,M,D,OF,F ,R,G,R,80,0,0,0,1802064,5819363
Hamilton City,29/12/2014,Mon,1827,KA,CE1C,302B ,,E,D,O ,F ,R,G,R,80,0,0,0,1802045,5819368
Hamilton City,15/08/2014,Fri,1630,MC,MW1C,372B 382B ,,E,D,B ,F , ,N,L,80,0,0,1,1800317,5820124
Hamilton City,22/12/2014,Mon,1300,GE,CE1V,171B ,,R,D,B ,F ,R,G,R,80,0,0,0,1800387,5820125
Hamilton City,15/02/2014,Sat,1243,HA,CN2C,302A ,,M,D,B ,F ,R,G,C,80,0,0,0,1800414,5820105
Hamilton City,18/06/2014,Wed,735,JA,CE1C,302B 375B ,,R,W,O ,L ,T,G,R,80,0,0,0,1801340,5819856
Hamilton City,01/07/2014,Tue,855,JA,VE1C,302B 375B 904 ,I,R,W,O ,M ,T,G,R,80,0,0,0,1800672,5820057
Hamilton City,22/04/2014,Tue,1650,JA,CE1C,302B 375B ,,R,D,TF,F ,T,G,R,80,0,0,1,1800672,5820057
Hamilton City,23/08/2014,Sat,1730,FD,CN1C,181A ,,R,D,TF,F , ,N,R,80,0,0,0,1802640,5817647
Hamilton City,19/05/2014,Mon,1114,QG,4N1,130A 688A ,F,R,D,B ,F , , ,C,80,0,0,0,1802552,5817913
Hamilton City,23/08/2014,Sat,1450,FE,CN1M,181A 331A 402A ,,R,D,B ,F ,X,T,R,50,0,0,1,1802648,5817623
Hamilton City,18/01/2014,Sat,945,HA,CN1C,322B ,,R,D,B ,F ,X,T,R,80,0,0,0,1802646,5817628
Hamilton City,14/01/2014,Tue,1755,FD,CE1C,110A 331A 353A ,,R,D,BF,F , , ,C,80,0,0,0,1797643,5819882
Hamilton City,27/08/2014,Wed,153,CB,CN1,130A 412A ,P,R,D,DO,F , , ,R,80,0,0,0,1797439,5819832
Hamilton City,15/02/2014,Sat,852,FE,CW1C,181A ,,R,D,BF,F ,X,T,C,80,0,0,0,1797398,5819803
Hamilton City,15/04/2014,Tue,1833,FB,CE1C,181A 191B ,,R,D,DO,F ,M,G,C,80,0,0,0,1797396,5819820
Hamilton City,19/03/2014,Wed,630,LB,CE1C,322A 404A ,,R,D,DO,F ,X,T,C,80,0,0,0,1797400,5819822
Hamilton City,07/02/2014,Fri,737,KA,CE1C,303B 375B ,,R,D,B ,F ,X,T,C,80,0,0,0,1797400,5819822
Hamilton City,09/06/2014,Mon,1800,FE,CW1C,181A ,,R,W,DO,F ,X,T,C,80,0,0,1,1797402,5819806
Hamilton City,27/03/2014,Thu,1430,FE,VW1C,181A ,,R,D,BF,F ,X,T,C,80,0,0,0,1797402,5819806
Hamilton City,24/12/2014,Wed,1950,DA,CE1,111A 131A 431A ,K,M,D,TF,F ,R,G,R,80,0,0,0,1799280,5820686
Hamilton City,18/08/2014,Mon,836,FD,TE1C,181A ,,R,D,O ,M , , ,C,50,0,0,0,1798816,5820479
Hamilton City,17/05/2014,Sat,946,QG,VE1,687A ,X,R,D,O ,F , , ,R,80,0,0,0,1798560,5820257
Hamilton City,15/11/2014,Sat,1640,DA,CE1,101A 133A ,G,R,W,O ,L ,R,G,R,50,0,0,0,1798784,5820440
Hamilton City,02/10/2014,Thu,1608,LB,CS1C,322A ,,R,W,OF,L ,X,T,C,50,0,0,0,1798788,5820435
Hamilton City,02/09/2014,Tue,2240,DA,CS2,111A 131A ,,E,D,DO,F ,X,T,C,50,0,0,0,,
Hamilton City,15/08/2014,Fri,1440,FE,CW1C,181A 330A ,,R,D,B ,F ,X,T,C,50,0,0,0,1798788,5820435
Hamilton City,07/05/2014,Wed,905,AC,CS14,159A 191A 434A ,,E,D,B ,F ,T,T,R,80,0,0,0,1802816,5816017
Hamilton City,28/02/2014,Fri,1600,EB,CE1C,651B ,Q,S,D,O ,F ,T,T,R,80,0,0,0,1796346,5818982
Hamilton City,11/09/2014,Thu,1818,FD,CS1C,181A 331A 351A ,,R,D,TF,F , , ,R,80,0,0,0,1801824,5819538
Hamilton City,24/09/2014,Wed,1600,FD,CW1C,181A ,,R,D,B ,F , , ,C,60,0,0,0,1796848,5819360
Hamilton City,11/12/2014,Thu,735,GF,CS2C,129A 131A 801 ,,M,W,O ,L ,X,T,R,60,0,0,0,1797086,5819559
Hamilton City,24/12/2014,Wed,735,FE,VW1C,181A 331A ,,R,D,B ,F ,X,T,R,80,0,0,0,1797086,5819559
Hamilton City,30/07/2014,Wed,1200,GD,4E1C,331A 357A 387A ,,R,D,O ,F ,X,T,P,80,0,0,0,1797070,5819557
Hamilton City,25/05/2014,Sun,1820,MG,CW1T,428B ,,R,W,DO,F ,X,T,R,60,0,0,0,1797079,5819549
Hamilton City,16/11/2014,Sun,1835,LB,CN1C,303B ,,R,W,OF,F ,X,T,R,80,0,0,1,1797070,5819557
Hamilton City,19/04/2014,Sat,2030,LB,SE1C,322A 534A 602A ,,R,D,DO,F ,X,T,C,60,0,1,0,1797070,5819557
Hamilton City,14/10/2014,Tue,1704,FD,CE1C4,350A 652A ,,R,D,B ,F , ,N,R,80,0,0,0,1798274,5820109
Hamilton City,15/07/2014,Tue,1744,FD,CN1C,181A ,,R,D,DO,F ,T,N,R,80,0,0,0,1802190,5818961
Hamilton City,30/01/2014,Thu,,FF,CN1C,512A 514A ,,R,D,DO,F , ,N,R,80,0,0,0,1802265,5818794
Hamilton City,11/08/2014,Mon,1819,GA,CS2C,331A 370A 402A ,,R,D,DO,F ,X,G,C,50,0,0,0,1798788,5820435
Hamilton City,28/05/2014,Wed,1310,GA,CN1C,181A 387A ,,R,D,B ,F ,X,G, ,60,0,0,0,1797070,5819557
Hamilton City,10/04/2014,Thu,1545,FE,CN2C,181A ,,R,W,ON,L ,X,T,C,50,0,0,0,1800722,5815349
Hamilton City,21/10/2014,Tue,1433,LB,CE1C,303B 402B ,,R,D,B ,F ,X,T,C,50,0,0,0,1800526,5815212
Hamilton City,16/05/2014,Fri,749,JA,VE1CC,308B 382B 929 ,M,R,D,BF,F ,D,N,N,50,0,1,0,1802326,5814489
Hamilton City,02/04/2014,Wed,600,EA,CW1C,129A ,M,R,D,DO,F , ,N,C,50,0,0,0,1802434,5814518
Hamilton City,11/10/2014,Sat,920,HA,CS14,302A 375A ,,M,D,BF,F ,R,G,R,50,0,0,0,1799054,5822087
Hamilton City,05/09/2014,Fri,2305,DA,MW1C,102A 131A ,M,E,D,DO,F , , ,C,50,0,0,0,1799220,5821756
Hamilton City,08/07/2014,Tue,1345,MC,CW1C,372B ,,R,D,OF,F , ,N,C,50,0,0,0,1800038,5816126
Hamilton City,16/01/2014,Thu,1850,LB,CW1C,303B 375B 929 ,,R,D,O ,F ,D,N,R,50,0,0,0,1800081,5816106
Hamilton City,23/09/2014,Tue,1200,MC,CW1C,372B ,,R,D,BF,F , ,N,R,50,0,0,0,1800018,5816135
Hamilton City,13/06/2014,Fri,250,LB,CN1C,303B 375B ,,R,W,DO,F ,X,T,C,50,0,0,0,1800064,5816114
Hamilton City,12/01/2014,Sun,1230,HA,CS2C,322A 334A ,,R,D,B ,F ,X,T,C,50,0,0,0,1800064,5816114
Hamilton City,20/11/2014,Thu,1754,GC,4E1S,372B ,,R,D,BF,F ,X,T,C,50,0,0,1,1800064,5816114
Hamilton City,16/06/2014,Mon,1304,GC,CW1C,173A ,,R,W,OF,L ,X,T,C,50,0,0,0,1800064,5816114
Hamilton City,09/02/2014,Sun,344,DA,CN1,103A 111A 131A 514A ,FP,S,D,DO,F , ,N,C,50,0,0,2,1799624,5816324
Hamilton City,01/10/2014,Wed,910,DB,PE1,131A 354A ,P,E,D,BF,F , ,N,N,50,0,0,1,1801611,5818535
Hamilton City,07/02/2014,Fri,1730,HA,CE1C,302A 375A ,,R,D,O ,F ,M,G,C,50,0,0,0,1799594,5815779
Hamilton City,20/12/2014,Sat,2113,DB,CS1,133A ,P,E,W,DO,L ,T,G,N,50,0,0,0,1799683,5812119
Hamilton City,15/03/2014,Sat,1230,MO,CS1C,371A ,,R,W,O ,F , ,N,C,30,0,0,0,1800656,5815686
Hamilton City,19/09/2014,Fri,1150,EA,VE1CCC,421A ,M,R,D,ON,F , ,N,N,20,0,0,1,1797891,5814516
Hamilton City,26/03/2014,Wed,1018,NF,CN1E,306A 376A ,,R,D,B ,F , , ,X,20,1,0,0,1800392,5821870
Hamilton City,25/06/2014,Wed,1741,MO,CN1C,357A 512A ,,R,D,TN,F , , ,C,50,0,0,1,1798211,5815539
Hamilton City,03/08/2014,Sun,1639,CA,CS1,130A 501A ,G,R,D,O ,F , , ,N,100,0,0,0,1794744,5821555
Hamilton City,05/09/2014,Fri,1630,DB,CN1,131A 800 ,G,E,W,O ,F , , ,C,80,0,0,0,1796188,5819098
Hamilton City,21/09/2014,Sun,610,DB,CN1,103A 111A 130A 357A 524A ,G,M,D,B ,F , , ,C,80,0,0,0,1796356,5818991
Hamilton City,17/02/2014,Mon,800,CB,CS1,102A 112A 131A 402A ,G,R,D,B ,F , , ,R,100,0,0,1,1796407,5818961
Hamilton City,29/04/2014,Tue,1410,FO,CN14,181A 191B ,,E,D,B ,F , , ,C,80,0,0,0,1796428,5818921
Hamilton City,09/06/2014,Mon,1030,AA,VS1C,372A ,,R,D,OF,F , ,N,R,80,0,0,0,1796670,5818513
Hamilton City,06/05/2014,Tue,725,FD,CS1C,181A ,,R,W,OF,F , ,N,R,80,0,0,0,1796757,5818333
Hamilton City,02/09/2014,Tue,1635,FE,CS1C,181A 331A 387A ,,R,D,B ,F ,T,T,R,80,0,0,0,1796792,5818261
Hamilton City,19/07/2014,Sat,1310,FE,CS1C,331A 352A ,,R,D,BF,F ,T,T,R,60,0,0,0,1796801,5818243
Hamilton City,20/11/2014,Thu,1550,FE,TN1C,181A 191B ,,R,D,B ,F ,T,T,R,80,0,0,2,1796790,5818238
Hamilton City,11/12/2014,Thu,1810,AD,CN1C,112A 130A ,,R,D,B ,F ,T,T,R,80,0,0,0,1796790,5818238
Hamilton City,11/06/2014,Wed,1755,DA,CW2C,113B 132B ,,R,W,BN,  ,T,T,C,80,0,0,0,1796790,5818238
Hamilton City,22/08/2014,Fri,1538,FD,CS1C,112A 331A 402A ,,R,D,B ,F , , ,C,80,0,0,0,1796933,5817970
Hamilton City,05/02/2014,Wed,1836,DB,CS1C,131A 402A 514A ,I,E,D,B ,F , , ,R,80,0,0,1,1797121,5817565
Hamilton City,11/08/2014,Mon,1243,AD,MN1T,131A 150A ,K,M,D,O ,F , , ,R,80,0,0,1,1797157,5817460
Hamilton City,20/08/2014,Wed,841,FD,CN1C,331A 350A ,,R,W,B ,F , ,N,L,80,0,0,0,1797188,5817453
Hamilton City,24/12/2014,Wed,1910,FA,TS1C,181A ,I,R,D,B ,F , , ,R,80,0,0,0,1797201,5817443
Hamilton City,06/03/2014,Thu,855,AA,4S1C,353A 372A ,,E,D,B ,F ,R,G,R,80,0,0,0,1797241,5817436
Hamilton City,16/10/2014,Thu,1700,FB,VE1C,181A ,,R,D,OF,F ,R,G,N,80,0,0,0,1797246,5817435
Hamilton City,13/07/2014,Sun,830,DA,CE1,111A 131A 191A ,I,M,W,O ,F ,R,G,R,80,0,0,0,1797268,5817450
Hamilton City,01/05/2014,Thu,1107,FB,CN1C,181A ,,E,D,OF,F ,R,G,R,80,0,0,0,1797241,5817419