TLANAME,CRASHDATE,CRASHDOW,CRASHTIME,MVMT,VEHICLES,CAUSES,OBJECTSSTRUCK,ROADCURVE,ROADWET,LIGHT,WTHRa,JUNCTYPE,TRAFCTRL,ROADMARK,SPDLIM,CRASHFATALCNT,CRASHSEVCNT,CRASHMINCNT,EASTING,NORTHING
Hamilton City,18/07/2014,Fri,1545,FB,CN1C,181A ,,E,D,OF,F ,R,G,R,80,0,0,0,1797241,5817419
Hamilton City,13/01/2014,Mon,1930,LB,CN1C,303B 375B ,,R,D,B ,F ,X,T,C,80,0,0,0,1797246,5817418
Hamilton City,28/05/2014,Wed,1648,HA,4W1V,302A 375A 830 ,,M,D,O ,F ,R,G,R,80,0,0,0,1797316,5817418
Hamilton City,26/11/2014,Wed,831,AA,CS1C,184A 184B ,,E,D,O ,F , , ,C,80,0,0,0,1797365,5817407
Hamilton City,20/08/2014,Wed,840,FO,CN1C,112A 181A 351A ,,R,W,B ,F , , ,L,80,0,0,1,1797394,5817400
Hamilton City,25/08/2014,Mon,1200,FA,VS1C,386A 514A ,,R,D,B ,F , , ,L,60,0,0,0,1798370,5816017
Hamilton City,26/09/2014,Fri,1447,FD,CS1C,181A 197A 331A ,,E,D,B ,F , , ,C,80,0,0,0,1798370,5816017
Hamilton City,20/03/2014,Thu,1642,FB,4S1C,181A ,,R,D,TF,F ,R,G,C,50,0,0,0,1798390,5815924
Hamilton City,21/04/2014,Mon,1235,GB,CS14,372B ,,E,D,BF,F ,R,G,R,60,0,0,0,1798391,5815920
Hamilton City,09/04/2014,Wed,1446,GE,CS1T,157A 171B 193B ,,M,D,B ,F ,R,G,R,60,0,0,0,1798415,5815902
Hamilton City,21/04/2014,Mon,1145,KA,4N1C,302B 375B ,,E,D,B ,F ,R,G,R,60,0,0,0,1798415,5815902
Hamilton City,11/05/2014,Sun,22,HA,CW2C,302A 375A ,,M,D,DO,F ,R,G,C,60,0,0,0,1798415,5815902
Hamilton City,30/09/2014,Tue,1827,HA,CW2C,302A 375A ,,E,D,BF,F ,R,G,R,50,0,0,0,1798415,5815902
Hamilton City,24/03/2014,Mon,1057,GB,4N1V,172B ,,M,D,B ,F ,R,G,R,60,0,0,1,1798411,5815880
Hamilton City,07/03/2014,Fri,1630,FA,4N1C,181A ,,M,D,BF,F ,R,G,C,50,0,0,1,1798411,5815880
Hamilton City,30/10/2014,Thu,1557,LB,CS1C,302A ,,R,D,B ,F ,R,G,C,60,0,0,0,1798411,5815880
Hamilton City,31/01/2014,Fri,1139,HA,CW2V,302A ,,E,D,O ,F ,R,G,R,60,0,0,0,1798371,5815909
Hamilton City,27/04/2014,Sun,1830,BB,CS1C,124A 353B 840 922 ,,R,D,DO,F ,D,N,C,60,0,0,0,1798914,5815261
Hamilton City,10/03/2014,Mon,900,FF,CW1C,181A 387A ,,E,D,OF,F ,X,T,C,50,0,0,0,1798978,5815184
Hamilton City,20/07/2014,Sun,320,DB,CW1,103A 111A 131A ,P,E,W,DO,L ,X,G,C,60,0,0,0,1798978,5815184
Hamilton City,09/09/2014,Tue,1239,AA,VS1C,330A 372A ,,R,D,B ,F ,X,T,P,60,0,0,0,1798978,5815184
Hamilton City,27/12/2014,Sat,342,LB,CS1C,303B 410B ,,E,D,DO,F ,X,T,R,50,0,0,1,1798978,5815184
Hamilton City,15/05/2014,Thu,740,JA,CS1C,197A 322B 350B ,,R,W,B ,F ,X,T,C,60,0,0,0,1798978,5815184
Hamilton City,10/06/2014,Tue,820,FD,CN1CC,181A 330A ,,R,W,O ,F , ,N,R,60,0,0,0,1798953,5815214
Hamilton City,12/04/2014,Sat,1724,GC,CS1C,171B ,,M,D,B ,F ,R,G,R,60,0,0,0,1798978,5815184
Hamilton City,01/06/2014,Sun,1130,MC,CN1C,372B ,,R,D,BF,F , ,N,P,50,0,0,1,1798988,5815085
Hamilton City,07/06/2014,Sat,1157,GB,CS1S,372A 927 ,,R,D,B ,F ,D,N,C,60,0,1,0,1798993,5815035
Hamilton City,28/10/2014,Tue,1710,JA,CN1C,308B 377B 927 ,,R,D,OF,F ,D,N,C,50,0,0,0,1798998,5814985
Hamilton City,09/05/2014,Fri,1607,FA,MS1V,370A 387A 372B ,,R,W,O ,F , , ,C,60,0,0,0,1799000,5814967
Hamilton City,27/03/2014,Thu,1620,JA,MN1C,308B 377B 927 ,,R,D,BF,F ,D,N,C,50,0,0,1,1799001,5814957
Hamilton City,15/10/2014,Wed,916,MC,CN1C,372B ,,R,D,BF,F , ,N,C,50,0,0,1,1799007,5814897
Hamilton City,25/03/2014,Tue,1700,MC,PN1C,372B ,,R,D,BF,F , ,N,P,50,0,1,1,1799014,5814818
Hamilton City,13/12/2014,Sat,2308,CB,CN1,104A ,P,R,D,DO,L , ,N,C,50,0,1,0,1799024,5814718
Hamilton City,19/05/2014,Mon,1325,HA,CN2C,691B ,,R,D,B ,F ,X,T,R,50,0,0,0,1799041,5814529
Hamilton City,20/05/2014,Tue,1240,FE,CE2S,181A 331A ,,R,D,BF,F ,X,T,C,50,0,0,0,1799041,5814529
Hamilton City,23/04/2014,Wed,2040,FE,CN1C,181A 330A ,,R,D,DO,F ,X,T,C,50,0,0,0,1799041,5814529
Hamilton City,03/01/2014,Fri,1450,MC,VN1C,372B ,,R,D,O ,F , , ,P,80,0,0,0,1799048,5814429
Hamilton City,21/01/2014,Tue,1620,FD,CN1V,181A ,,R, , F,  , ,N,C,50,0,0,0,1798984,5813734
Hamilton City,17/04/2014,Thu,1515,FD,CS1CC,110A 331A 402A ,,R,D,O ,F ,X,G,C,80,0,0,0,1798982,5813714
Hamilton City,16/01/2014,Thu,1641,FD,4S1C,181A 330A 132B ,,R,D,O ,F , ,N,C,80,0,0,0,1798979,5813689
Hamilton City,23/05/2014,Fri,1730,FD,VN1C,181A ,,R,W,DF,L ,T,G,C,80,0,0,0,1798956,5813414
Hamilton City,25/09/2014,Thu,1335,JA,CN1C,302B 375B ,,M,D,BN,F ,T,G,C,80,0,0,0,1798958,5813404
Hamilton City,07/06/2014,Sat,1015,DB,CS2,111A 131A ,X,E,D,ON,F ,T,G,C,60,0,0,0,1798958,5813404
Hamilton City,26/06/2014,Thu,1518,JA,CN1V,197A 302B 387B ,,R,D,B ,F ,T,G,C,60,0,0,0,1799063,5813342
Hamilton City,04/06/2014,Wed,1813,FD,VW1VV,181A 191B ,,R,D,DO,F ,T,N,C,60,0,0,0,1799072,5813339
Hamilton City,23/01/2014,Thu,1230,LB,4S1C,303B 830 ,,R,D,B ,F ,T,G,C,60,0,0,0,1799140,5813315
Hamilton City,02/12/2014,Tue,1215,FD,CW14,181A ,,R,D,BF,F , ,N,C,50,0,0,0,1799187,5813300
Hamilton City,02/05/2014,Fri,1245,FD,CW1CC,181A ,,R,D,OF,F , ,N,C,80,0,0,0,1799478,5813205
Hamilton City,05/06/2014,Thu,752,AA,PW1C,372A ,,R,D,OF,F , ,N,C,50,0,1,0,1799737,5813112
Hamilton City,17/07/2014,Thu,1415,GB,CW1C,387A 372B 671B 929 ,,R,D,BF,F ,D,S,C,60,0,0,0,1799935,5813047
Hamilton City,12/06/2014,Thu,1830,MC,TE1C,372B ,,R,W,DO,F , ,N,P,60,0,0,0,1800030,5813018
Hamilton City,01/05/2014,Thu,1706,AA,CW1B,372A ,T,E,D,TF,F , , ,P,60,0,0,0,1800194,5812979
Hamilton City,04/09/2014,Thu,2010,FA,VW1V,181A 331A 191B 195B 402B ,,R,W,DO,L ,T,G,C,50,0,0,1,1800321,5812954
Hamilton City,21/05/2014,Wed,1745,JC,CN2C,302A 375A ,,R,W,DO,F ,T,G,P,60,0,0,0,1800499,5812939
Hamilton City,24/02/2014,Mon,1959,AO,TW1C,150A 381A 150B ,,R,D,TF,F , ,N,C,60,0,0,0,1800650,5812973
Hamilton City,03/03/2014,Mon,845,MO,CW1T,387A 371B 927 ,,R,D,BF,F ,D,N,C,60,0,0,0,1800683,5812992
Hamilton City,09/01/2014,Thu,1739,CC,CS1,110A 130A ,P,R,W,O ,L , ,N,R,80,0,0,0,1800719,5813012
Hamilton City,19/08/2014,Tue,35,AA,CS1C,372A 671A ,,R,D,DO,F ,X,T,R,50,0,0,0,1800737,5813022
Hamilton City,12/06/2014,Thu,2039,FE,CE1CC,103A 331A 181B ,,R,W,DO,F ,X,T,C,60,0,0,0,1800737,5813022
Hamilton City,05/08/2014,Tue,1515,FB,TW1C,181A ,,R,D,BF,F ,X,G,C,50,0,0,0,1800737,5813022
Hamilton City,01/12/2014,Mon,1557,AO,CS1C,171A ,,E,D,BF,F ,R,G,R,50,0,0,0,1800737,5813022
Hamilton City,19/12/2014,Fri,740,FB,CW1C,181A ,,M,D,BN,F ,X,G,R,50,0,0,0,1800737,5813022
Hamilton City,21/08/2014,Thu,1730,LB,CE1C,303B 330B ,,R,D,B ,F ,T,G,P,50,0,0,0,1801187,5813095
Hamilton City,29/08/2014,Fri,1630,JA,CE1C,303B 377B ,,R,D,OF,F ,T,G,C,50,0,0,0,1801187,5813095
Hamilton City,05/11/2014,Wed,1759,JA,VE1C,302B 377B 402B ,,R,D,B ,F ,T,G,C,60,0,0,0,1801187,5813095
Hamilton City,14/05/2014,Wed,1516,LB,4E1C,314B 377B 801 ,,R,W,O ,L ,T,G,C,60,0,0,2,1801187,5813095
Hamilton City,06/01/2014,Mon,1715,FD,CE1V,181A 331A 358A ,,R,D,B ,F , , ,P,50,0,0,1,1801217,5813092
Hamilton City,30/09/2014,Tue,1630,FE,4E1C,181A ,,R,D,O ,F ,T,T,C,50,0,0,0,1801241,5813089
Hamilton City,28/08/2014,Thu,635,AO,CE1C,129A ,,R,D,OF,F ,T,G,C,50,0,0,0,1801246,5813088
Hamilton City,02/04/2014,Wed,1615,FB,4E2C,181A ,,R,D,BF,F ,X,G,R,50,0,0,0,1801246,5813088
Hamilton City,13/01/2014,Mon,1459,FE,CS1C,181A 387A ,,R,D,B ,F ,T,T,C,60,0,0,0,1801264,5813106
Hamilton City,04/11/2014,Tue,1600,FD,MS1C,331A 352A ,,R,D,O ,F , , ,R,80,0,0,1,1801285,5813152
Hamilton City,20/04/2014,Sun,1455,DA,CS1,111A 131A ,C,S,W,OF,L , ,N,C,80,0,0,0,1801311,5813194
Hamilton City,08/04/2014,Tue,1630,AC,4S1C,372A 387A ,,R,D,OF,F , ,N,C,80,0,0,0,1801416,5813364
Hamilton City,02/04/2014,Wed,1441,AC,VS1V,184A 381A ,,R,D,BF,F , ,N,C,80,0,0,0,1801416,5813364
Hamilton City,24/04/2014,Thu,1245,FF,CW1C,181A ,,R,W,OF,H , ,N,R,50,0,0,0,1801416,5813364
Hamilton City,04/01/2014,Sat,1910,AF,CS1S,128B ,,R,D,O ,F , , ,R,50,0,0,0,1801457,5813433
Hamilton City,09/12/2014,Tue,904,LB,CN14,303B ,,R,D,OF,L ,X,T,R,80,0,0,0,1801464,5813455
Hamilton City,19/09/2014,Fri,1735,AA,CS1C,199B 407B ,,R,W,O ,F ,T,T,R,80,0,0,0,1801481,5813454
Hamilton City,23/02/2014,Sun,700,GA,CN1C,181A ,,E,D,B ,F ,T,G,N,80,0,0,0,1801472,5813447
Hamilton City,04/05/2014,Sun,1342,LB,CN1C,334A 303B 334B ,,E,D,B ,F ,T,T,R,80,0,0,3,1801472,5813447
Hamilton City,15/05/2014,Thu,650,FB,CN1C,113A 181A ,,E,D,TO,F ,T,G,C,60,0,0,1,1801472,5813447
Hamilton City,12/05/2014,Mon,1810,LB,CN1P,322A ,,R,D,DO,F ,T,T,R,80,0,0,1,1801472,5813447
Hamilton City,28/02/2014,Fri,1437,LB,CN1C,322B 334B ,,R,D,B ,F ,T,T,R,80,0,0,0,1801472,5813447
Hamilton City,30/01/2014,Thu,155,FE,CS1C,181A ,,R,D,DO,F ,X,T,R,80,0,0,0,1801474,5813463
Hamilton City,10/06/2014,Tue,1750,LB,CS24,323B ,,R,W,DO,L ,T,T,R,80,0,0,0,1801474,5813463
Hamilton City,01/09/2014,Mon,1332,FD,4E1C,181A ,,E,W,OF,L , ,N,R,80,0,0,1,1801553,5813359
Hamilton City,08/03/2014,Sat,1401,DA,CW1,111A 131A ,GK,S,D,B ,F , , ,C,100,0,0,0,1801800,5813229
Hamilton City,27/10/2014,Mon,1854,BF,CS1C,111A 131A ,,M,W,O ,L , , ,L,80,0,0,0,1801894,5813193
Hamilton City,15/03/2014,Sat,1514,DA,CS1,111A 131A ,C,S,W,OF,L , ,N,C,80,0,0,2,1801928,5813183
Hamilton City,24/03/2014,Mon,600,DA,CW1,111A 131A ,T,S,W,DO,L , ,N,L,50,0,0,0,1801937,5813182
Hamilton City,13/09/2014,Sat,815,DA,CN1,131A 800 ,C,M,W,O ,F , , ,C,80,0,0,0,1801951,5813185
Hamilton City,05/09/2014,Fri,730,DA,CS1,131A 331A 801 ,C,S,W,TO,L , , ,C,80,0,0,0,1801971,5813189
Hamilton City,19/04/2014,Sat,702,DA,CS1,111A 131A 800 ,C,S,W,O ,F , , ,C,80,0,0,0,1801971,5813189
Hamilton City,15/03/2014,Sat,1635,DA,CN1,135A 801 806 ,C,M,W,O ,L , , ,C,80,0,0,0,1801971,5813189
Hamilton City,03/08/2014,Sun,1657,BC,CN1V,129A ,,S,D,BF,F , ,N,C,80,0,0,1,1801975,5813192
Hamilton City,03/08/2014,Sun,1114,DA,CS1,110A 131A ,C,S,W,O ,H , ,N,L,80,0,0,1,1801981,5813200
Hamilton City,11/04/2014,Fri,1407,DA,CN1,135A 801 ,CK,M,W,OF,L , ,N,C,80,0,0,0,1801981,5813200
Hamilton City,22/09/2014,Mon,1346,DA,CS1,131A 402A ,C,M,W,O ,F , , ,C,80,0,0,2,1801981,5813200
Hamilton City,22/09/2014,Mon,1133,FD,CW1V,181A 191B ,,S,W,B ,FS, , ,C,80,0,0,1,1802069,5813333
Hamilton City,10/06/2014,Tue,915,FD,CS1C,110A 181A ,,R,W,O ,F , ,N,C,80,0,0,0,1802091,5813365
Hamilton City,11/07/2014,Fri,1638,AO,CW1C,184A 184B ,,R,D,OF,FS, ,N,C,80,0,0,0,1802133,5813408
Hamilton City,09/06/2014,Mon,1535,FB,CS1C,181A ,,R,W,OF,L ,T,S,R,80,0,0,0,1802513,5813528
Hamilton City,06/07/2014,Sun,1200,FB,VS1V,181A ,,R,W,O ,F ,T,S,C,80,0,0,0,1802513,5813528
Hamilton City,03/05/2014,Sat,1845,LB,CE1C,303B ,,E,D,DO,F ,T,G,C,80,0,0,0,1802513,5813528
Hamilton City,21/10/2014,Tue,1525,LB,CE14,303B 387B ,,R,D,OF,F ,T,G,R,80,0,0,1,1802513,5813528
Hamilton City,09/04/2014,Wed,1620,FB,CS2C,181A ,,R,W,OF,H ,T,S,R,80,0,0,0,1802513,5813528
Hamilton City,02/09/2014,Tue,1530,KB,CW1C,206B 402B ,,R,D,B ,F ,T,S,R,80,0,0,0,1802513,5813528
Hamilton City,12/11/2014,Wed,1453,KB,VW1V,301B 375B ,,R,W,O ,F ,T,S,C,80,0,0,0,1802513,5813528
Hamilton City,18/10/2014,Sat,2230,DB,CW1,111A 131A ,,E,W,DO,H , ,N,R,80,0,0,0,1803715,5813499
Hamilton City,12/10/2014,Sun,1608,EA,CW1C,129A 410A ,M,R,D,BF,F , , ,R,50,0,0,1,1804060,5813663
Hamilton City,15/10/2014,Wed,1525,FA,CE14,181A ,,R,D,B ,F , , ,R,60,0,0,0,1804135,5813720
Hamilton City,07/04/2014,Mon,726,ED,SE1T,504A ,Q,R,D,BF,F ,R,G,C,50,0,0,1,1804221,5813755
Hamilton City,19/05/2014,Mon,1008,CC,CW1,130A 386A ,I,R,D,B ,F , , ,R,60,0,0,0,1804386,5813730
Hamilton City,01/08/2014,Fri,1555,CA,VE1C,130A 504A ,,R,D,B ,F ,R,G,R,60,0,0,1,1804488,5813733
Hamilton City,02/11/2014,Sun,1720,HA,CN1C,302A 375A ,,M,D,BF,F ,R,G,C,50,0,0,0,1804478,5813731
Hamilton City,12/11/2014,Wed,1000,KB,CE1C,302B 375B 801 925 ,,E,W,B ,L ,D,G,R,60,0,0,0,1804478,5813731
Hamilton City,10/02/2014,Mon,845,JA,CE1C,302B 382B ,,E,D,B ,F ,R,G,R,60,0,0,1,1804478,5813731
Hamilton City,09/06/2014,Mon,1055,AA,CN1C,372A ,,E,W,OF,L ,R,G,R,60,0,0,0,1804493,5813701
Hamilton City,19/03/2014,Wed,1320,AC,TN1C,372A ,,R,D,ON,F , ,N,C,50,0,0,0,1804501,5813694
Hamilton City,20/08/2014,Wed,1630,FA,CS1CT,130A 410A 423A ,I,R,D,O ,F , , ,R,60,0,0,0,1804510,5813702
Hamilton City,06/05/2014,Tue,1658,LB,CN1C,303B ,,R,D,TF,F ,T,G,R,60,0,0,1,1804550,5813614
Hamilton City,26/08/2014,Tue,1612,QD,CE1EC,428A 721B 922 ,,R,D,B ,F ,D, ,R,50,0,0,1,1804575,5813571
Hamilton City,24/01/2014,Fri,727,EA,CN1C,130A 412A ,M,R,D,B ,F , , ,C,60,0,0,1,1804621,5813493
Hamilton City,12/06/2014,Thu,656,FF,TS1V,198B ,,R,W,DN,H , ,N,R,80,0,0,0,1804875,5813235
Hamilton City,20/11/2014,Thu,2100,HA,4E1C,322A ,,R,D,DO,F ,X,T,C,50,0,0,0,1798978,5815184
Hamilton City,07/02/2014,Fri,1000,LB,CN1C,303B 370B 922 ,,R,D,OF,F ,D, ,P,50,0,0,0,1798961,5815175
Hamilton City,05/11/2014,Wed,843,JA,CE1C,308B 375B 922 ,,R,D,B ,F ,D, ,C,50,0,0,0,1798925,5815156
Hamilton City,23/09/2014,Tue,1630,NA,CE1E,191A 194A 713B ,,R,D,O ,F ,T,G,C,50,0,0,1,1798504,5814931
Hamilton City,07/02/2014,Fri,1505,NB,CW1E,713B 726B ,,R,D,OF,F , ,N,P,50,0,0,1,1798308,5814826
Hamilton City,13/06/2014,Fri,1649,FA,CE1C,181A 191B ,,R,D,B ,F , ,N,C,50,0,0,0,1798290,5814817
Hamilton City,07/01/2014,Tue,1040,NB,CN1E,713B 719B ,,E,D,B ,F ,R,G,R,50,0,0,1,1797966,5814649
Hamilton City,12/06/2014,Thu,1104,JA,CN1V,302B 386B ,,M,W,O ,L ,T,G,C,50,0,0,0,1797961,5814647
Hamilton City,24/05/2014,Sat,921,DB,CS2C,101A 111A 131A 404A 197B ,JS,E,W,O ,F ,T,G,R,50,0,0,0,1797961,5814647
Hamilton City,01/09/2014,Mon,610,KA,SN1C,302B ,,M,W,DO,L ,R,G,R,50,0,0,1,1797928,5814598
Hamilton City,18/11/2014,Tue,1051,KA,CN1C,302B 375B ,,S,D,OF,F ,R,G,C,50,0,0,0,1797928,5814598
Hamilton City,25/07/2014,Fri,1211,KA,CW1C,302B 370B ,,E,D,B ,F ,R,G,R,50,0,0,0,1797928,5814598
Hamilton City,23/12/2014,Tue,2150,DC,PS1,104A 110A 130A ,,E,D,TO,F ,R,G,C,50,0,0,1,1797939,5814584
Hamilton City,11/06/2014,Wed,839,HA,CE1C,302A 375A 801 ,,E,W,O ,L ,R,G,C,50,0,0,0,1797890,5814588
Hamilton City,31/03/2014,Mon,930,GB,CN2C,333A ,,M,D,BF,F ,R,G,R,50,0,0,0,1797890,5814588
Hamilton City,03/04/2014,Thu,1937,DB,PE1,136A 620A ,,M,W,DO,L ,R,G,R,50,0,0,0,1797887,5814580
Hamilton City,21/01/2014,Tue,128,DB,CN1,110A 632A ,G,M,W,DO,F ,R,G,R,50,0,0,0,1797887,5814580
Hamilton City,29/10/2014,Wed,1859,HA,CS1C,302A 103B ,,M,D,TF,F ,R,G,C,50,0,0,0,1797886,5814571
Hamilton City,03/06/2014,Tue,1500,FB,CE1V,181A 330A ,,E,D,B ,F ,R,G,C,50,0,0,0,1797881,5814570
Hamilton City,29/08/2014,Fri,525,DB,CW1,103A 130A 357A ,X,E,D,DO,F ,R,G,R,60,0,0,0,1797857,5814563
Hamilton City,27/01/2014,Mon,1108,ME,CE1C,371B ,,R,D,B ,F , ,N,C,50,0,0,0,1797708,5814520
Hamilton City,01/06/2014,Sun,2208,DA,CE2,111A 131A ,P,R,D,DO,F ,T,G,C,100,0,0,0,1797563,5814479
Hamilton City,04/06/2014,Wed,1843,GD,CE1V,181A 331A ,,R,W,DO,F ,T,G,C,100,0,0,0,1797563,5814479
Hamilton City,06/03/2014,Thu,712,NB,CE1E,363A 503B 711B 902 ,,R,D,BF,F , ,N,C,50,1,0,0,1797539,5814472
Hamilton City,03/01/2014,Fri,1226,LB,CE1C,303B 375B ,,R,D,B ,F ,T,G,C,50,0,0,0,1796666,5814334
Hamilton City,31/12/2014,Wed,330,CB,CE1,103A 524A ,,R,D,DO,F , ,N,R,50,0,0,0,1804963,5813906
Hamilton City,07/07/2014,Mon,640,LB,VS1S,370A 375B 862 ,,R,D,DO,F ,T,G,R,80,1,0,0,1805321,5814154
Hamilton City,06/05/2014,Tue,1500,JA,CE1C,301B 378B ,,R,D,O ,F ,T,S,R,80,0,0,0,1805378,5814203
Hamilton City,28/12/2014,Sun,1500,FE,CN2C,181A 331A ,,R,D,O ,F ,X,T,C,50,0,0,0,1800737,5813022
Hamilton City,13/05/2014,Tue,1820,KC,CN1C,302A 427A ,,E,D,DO,F ,X,G,C,60,0,0,0,1800737,5813022
Hamilton City,21/08/2014,Thu,1949,JA,CN1C,324A 379B ,,R,D,DO,F ,T,T,C,60,0,0,0,1800737,5813022
Hamilton City,03/11/2014,Mon,445,EC,VN1C,181A 331A ,M,R,D,TF,F , , ,C,50,0,0,1,1800746,5812993
Hamilton City,07/11/2014,Fri,815,FD,CN1T,181A ,,R,W,O ,L , , ,C,80,0,0,0,1800793,5812830
Hamilton City,03/04/2014,Thu,825,NB,CN1E,306A 376A 801 ,,R,W,O ,L , , ,X,60,0,0,1,1800850,5812699
Hamilton City,29/07/2014,Tue,1510,FB,4S1C,331A ,,E,D,O ,F ,R,G,R,50,0,0,0,1800882,5812655
Hamilton City,05/11/2014,Wed,1520,GC,CW2C,129A 129B ,,E,D,BF,F ,R,G,R,50,0,0,0,1800894,5812618
Hamilton City,25/05/2014,Sun,2330,DB,CN1,404A 410A ,G,E,D,DO,M , , ,R,60,0,0,0,1800954,5812308
Hamilton City,22/07/2014,Tue,829,FD,CN1C,131A 353A ,,R,D,O ,F , , ,N,60,0,0,0,1800903,5812073
Hamilton City,26/07/2014,Sat,1312,FA,CS1C,181A 331A 402A 191B ,,R,D,B ,F , , ,R,60,0,0,0,1800888,5812011
Hamilton City,21/03/2014,Fri,1004,MO,4N1,423A 924 ,H,R,D,B ,F ,D, ,C,50,0,0,0,1800883,5811990
Hamilton City,23/03/2014,Sun,1555,FE,CS1C,181A 330A ,,R,D,B ,F ,T,T,R,60,0,0,0,1800875,5811951
Hamilton City,19/09/2014,Fri,2215,DA,CS1,111A 131A ,CX,E,W,DO,F ,R,G,R,60,0,0,0,1800911,5811721
Hamilton City,01/06/2014,Sun,913,HA,CN1C,302A 387A ,,M,D,B ,F ,R,G,C,60,0,0,0,1800916,5811698
Hamilton City,14/04/2014,Mon,1310,LB,MN1C,303B 375B 929 ,,R,D,O ,F ,D, ,C,60,0,0,1,1801044,5811619
Hamilton City,03/12/2014,Wed,1412,FA,CN1C,181A 352A ,,R,D,B ,F , , ,C,60,0,0,0,1801086,5811593
Hamilton City,31/03/2014,Mon,1700,KA,CN1C,308B 375B 929 ,,R,D,BF,F ,D,N,L,60,0,0,0,1801155,5811551
Hamilton City,06/07/2014,Sun,1749,BA,CE1CC,129A 358A ,,R,D,DO,F , ,N,C,50,0,0,4,1801571,5811316
Hamilton City,31/01/2014,Fri,1530,CC,CN1C,130A 427A ,MPT,R,D,B ,F , , ,C,70,0,0,0,1801925,5811105
Hamilton City,10/04/2014,Thu,4,DB,CN1,111A 131A ,T,M,W,DO,L , ,N,L,70,0,0,3,1802001,5811036
Hamilton City,10/10/2014,Fri,1800,CA,PS1,129A 130A ,K,R,D,TN,F , , ,C,100,0,0,1,1802181,5810622
Hamilton City,13/09/2014,Sat,134,DB,CS1,103A 111A ,T,E,W,DN,F , ,N,C,100,0,0,1,1802225,5810352
Hamilton City,08/11/2014,Sat,2102,EC,CE1,912,W,R,D,DN,F , ,N,C,100,0,0,0,1802640,5809638
Hamilton City,21/12/2014,Sun,552,DA,CS1,102A 131A ,F,M,W,TF,F , ,N,C,100,0,0,1,1802893,5809057
Hamilton City,15/11/2014,Sat,1510,FB,VW1C,181A 358A ,,R,W,O ,F ,T,S,C,100,0,0,0,1802981,5808770
Hamilton City,13/05/2014,Tue,728,JA,CS1C,301B ,,R,D,O ,M ,T,S,C,100,0,0,1,1802981,5808770
Hamilton City,01/05/2014,Thu,700,GD,CW1V,181A 333A 928 ,,R,D,ON,F ,D,N,L,80,0,0,0,1792946,5820533
Hastings District,09/12/2014,Tue,,JC,TS1M,301A 375A ,,E,D,B ,F ,T,S,C,50,0,0,0,1932202,5603281
Hastings District,08/02/2014,Sat,1630,DB,CS2,111A 131A ,FP,M,W,O ,F ,T,N,C,100,0,0,0,1933298,5608501
Hastings District,09/05/2014,Fri,2215,DA,VN1,131A 412A ,C,M,D,DN,F , , ,N,100,0,0,0,1921919,5624073
Hastings District,04/06/2014,Wed,1535,JA,CS1S,308B 375B 930 ,,R,D,O ,F ,D,N,N,50,0,1,0,1930191,5604821
Hastings District,04/02/2014,Tue,1320,HA,CW2C,302A 375A ,,R,D,B ,F ,X,G,C,50,0,0,0,1930161,5604861
Hastings District,24/11/2014,Mon,1925,DA,CS2,104A 131A ,T,R,D,BF,F ,T,N,C,50,0,0,0,1923951,5607694
Hastings District,29/08/2014,Fri,1626,CC,CS1,402A 433A ,F,R,D,TF,F , , ,N,50,0,0,0,1939486,5607814
Hastings District,10/04/2014,Thu,1720,EA,CW1C,386A ,M,R,D,B ,F , ,N,C,50,0,0,0,1932914,5601997
Hastings District,07/06/2014,Sat,2222,DA,CN1,111A 131A 402A ,C,E,D,DN,F , , ,C,100,0,0,0,1895024,5610718
Hastings District,05/06/2014,Thu,1000,FA,CE1O,129A 363A 532B ,,R,D,B ,F , , ,C,80,0,0,2,1932793,5611886
Hastings District,15/05/2014,Thu,200,DB,CE1,131A ,FS,M,W,DN,L ,T,G,L,100,0,0,0,1933416,5612180
Hastings District,21/04/2014,Mon,1600,MG,CS1C,371B ,,E,D,B ,F ,T,G,C,50,0,0,0,1933352,5602244
Hastings District,28/04/2014,Mon,1,DB,CS1,103A 129A 131A 350A ,E,M, ,DN,  , , ,N,100,2,0,0,1915444,5592955
Hastings District,27/04/2014,Sun,1856,CB,CN14,102A 130A 410A ,M,R,D,DO,F ,T,G,C,50,0,0,0,1928274,5606674
Hastings District,13/06/2014,Fri,1324,DA,CE2,111A 131A ,P,R,D,OF,L ,X,G,R,50,0,0,0,1930835,5605863
Hastings District,13/08/2014,Wed,2356,GB,SE1C,113A 204A ,,R,D,DO,F ,R,G,R,50,0,1,0,1929090,5605275
Hastings District,04/02/2014,Tue,1705,FD,VS1C,181A ,,R,D,BF,F , ,N,C,50,0,0,0,1925464,5607863
Hastings District,11/01/2014,Sat,1750,DA,CN1,103A 111A 131A ,FP,E,D,B ,F , , ,C,100,0,1,0,1940011,5606887
Hastings District,26/12/2014,Fri,1825,CB,MN1,104A 112A ,,R,D,B ,F , ,N,C,50,0,1,0,1941501,5605387
Hastings District,21/06/2014,Sat,2349,DA,CW1,103A 131A ,CF,E,D,DO,F , , ,N,50,0,0,2,1924363,5607529
Hastings District,24/08/2014,Sun,1945,DB,4S1,131A 195A ,B,E,D,DN,F , , ,C,50,0,0,0,1933061,5602645
Hastings District,06/07/2014,Sun,1830,GB,CS14,158A 387A 175B 929 ,,R,D,DO,F ,D, ,C,80,0,0,1,1932977,5602953
Hastings District,05/09/2014,Fri,1420,MC,VS1C,372B 386B ,,R,D,O ,F , ,N,C,50,0,0,0,1924421,5607836
Hastings District,27/01/2014,Mon,842,HA,CN1C,302B 363B 902 ,,R,D,BF,F ,X,G,C,50,0,0,1,1933106,5601629