TLANAME,CRASHDATE,CRASHDOW,CRASHTIME,MVMT,VEHICLES,CAUSES,OBJECTSSTRUCK,ROADCURVE,ROADWET,LIGHT,WTHRa,JUNCTYPE,TRAFCTRL,ROADMARK,SPDLIM,CRASHFATALCNT,CRASHSEVCNT,CRASHMINCNT,EASTING,NORTHING
Hastings District,16/12/2014,Tue,1600,GA,CN1C,181A 929 ,,R,D,B ,F ,D,N,C,50,0,0,0,1933346,5601418
Hastings District,01/05/2014,Thu,1657,MC,VS1C,372B 402B ,,R,D,B ,F , , ,C,50,0,0,0,1933461,5601167
Hastings District,25/06/2014,Wed,2320,DA,CW1,111A 131A ,F,E,D,DO,F , , ,C,50,0,0,0,1925834,5606110
Hastings District,10/02/2014,Mon,800,EE,CS1C,374B ,Q,R,D,B ,F ,T,N,C,50,0,0,1,1929742,5604816
Hastings District,19/12/2014,Fri,1604,EE,CS1C,129A 386A 374B ,M,R,D,B ,F , ,N,C,50,0,0,0,1929854,5604668
Hastings District,20/03/2014,Thu,1320,MG,CN1C,371B 387B ,,R,D,B ,F , ,N,C,50,0,0,0,1929537,5605088
Hastings District,14/02/2014,Fri,1240,HA,CE2C,301B 377B ,,R,D,B ,F ,X,S,R,50,0,0,0,1929464,5605185
Hastings District,27/05/2014,Tue,1651,HA,CE2CV,301B 375B ,,R,D,TF,F ,X,S,R,50,0,0,0,1929464,5605185
Hastings District,05/05/2014,Mon,900,HA,CN1S,302A ,,E,D,O ,F ,T,G,P,50,0,0,0,1929715,5604852
Hastings District,14/10/2014,Tue,1600,HA,CW1C,321B ,,R,D,B ,F ,X,S,R,100,0,0,0,1929255,5609110
Hastings District,18/10/2014,Sat,1530,GE,CN1V,160A 330A 929 ,,R,D,B ,F ,D, ,C,50,0,0,0,1930454,5607577
Hastings District,27/05/2014,Tue,1725,CB,VW1,129A 134A ,Z,R,D,DN,F , ,N,C,80,0,0,0,1933574,5609828
Hastings District,03/07/2014,Thu,1756,FB,CW1C,181A 331A ,,E,D,DO,F ,T,N,C,80,0,0,0,1932652,5609542
Hastings District,12/02/2014,Wed,1100,GD,TS1C,181A ,,E,D,O ,F ,T,N,C,100,0,0,0,1934727,5609860
Hastings District,26/06/2014,Thu,929,MG,4E1T,350B 671B ,,R,D,B ,F , , ,P,50,0,0,0,1936065,5611559
Hastings District,12/08/2014,Tue,1515,MD,CS1C,330B 371B 402B 929 ,,R,D,B ,F ,D,N,C,50,0,0,0,1929344,5606639
Hastings District,21/09/2014,Sun,1218,GB,CN1V,158A 333A 170B 929 ,,R,D,B ,F ,D,N,R,50,0,0,0,1925033,5607670
Hastings District,14/05/2014,Wed,1950,MC,CS1C,102A 387A 372B 801 ,,R,W,DO,L , , ,C,50,0,0,0,1925526,5607026
Hastings District,21/07/2014,Mon,1954,BF,SE1C,105A 130A 602A ,,E,D,DO,F , , ,P,100,0,0,1,1926149,5606315
Hastings District,08/11/2014,Sat,1620,FB,CE1C,181A 330A ,,R,D,DO,F ,R,G,C,50,0,0,0,1926213,5606304
Hastings District,14/04/2014,Mon,2135,HA,CS1C,302A 375A ,,R,W,DO,L ,R,G,R,50,0,0,0,1925876,5606580
Hastings District,01/09/2014,Mon,2226,DC,CS1,103A 112A ,P,R,W,DO,F ,T,N,C,50,0,0,1,1926080,5606737
Hastings District,18/03/2014,Tue,1510,JA,SS1C,302B 375B ,,R,D,BF,F ,T,G,C,50,0,0,1,1930285,5606719
Hastings District,08/04/2014,Tue,,FD,CW1C,181A ,,R,D,OF,F ,R,G,C,50,0,0,0,1930689,5606091
Hastings District,01/04/2014,Tue,830,MO,CE2C,302A 308B 929 ,,R,D,O ,F ,D,N,C,50,0,0,0,1930037,5607102
Hastings District,27/09/2014,Sat,1855,CB,CN1C,129A ,M,R,D,DO,F , ,N,C,50,0,0,0,1930496,5606388
Hastings District,24/10/2014,Fri,1730,GD,CS1C,181A 331A 801 929 ,,R,W,O ,L ,D, ,C,50,0,0,0,1928735,5606929
Hastings District,02/09/2014,Tue,1644,HA,CW2C,302A 375A ,,E,W,OF,L ,R,G,R,50,0,0,0,1928508,5607214
Hastings District,25/02/2014,Tue,200,DB,CS1,102A 111A 131A ,C,M,D,DO,F ,M,G,R,100,0,0,0,1931174,5600062
Hastings District,10/03/2014,Mon,720,DA,CS1,131A 804 ,FJ,M,D,O ,F , , ,C,100,0,0,0,1922151,5632239
Hastings District,05/04/2014,Sat,1200,DB,MN1,135A 804 ,,M,D,O ,F , , ,C,100,0,0,1,1922053,5637390
Hastings District,29/03/2014,Sat,1839,NA,CS1E,712B 713B 727B ,,R,D,O ,F , , ,C,50,0,1,0,1928256,5605338
Hastings District,05/07/2014,Sat,1805,MC,CN1V,372B ,,R,D,B ,F , ,N,C,50,0,0,0,1931185,5605362
Hastings District,06/07/2014,Sun,1600,CB,40,110A 138A 407A ,,R,D,B ,F , , ,N,50,0,0,2,1924805,5599327
Hastings District,04/09/2014,Thu,920,HA,CN2C,302B 375B ,,R,D,O ,F ,X,G,C,50,0,0,0,1930625,5605037
Hastings District,20/06/2014,Fri,1220,HA,CE1C,302B 375B ,,R,D,B ,F ,X,G,R,50,0,0,0,1930149,5604677
Hastings District,06/12/2014,Sat,1120,HA,CW1C,302B 375B ,,R, , F,  ,X,G,C,50,0,0,0,1930149,5604677
Hastings District,08/03/2014,Sat,1503,HA,CE1C,101A 301A ,,R,D,B ,F ,X,S,R,50,0,0,2,1930341,5604822
Hastings District,07/04/2014,Mon,1115,KA,SN2C,301B 375B 671B ,,R,W,OF,H ,X,S,R,50,0,0,0,1930341,5604822
Hastings District,02/12/2014,Tue,1715,LB,CW1C,303B 375B ,,R, , F,  ,X,G,C,50,0,0,0,1930529,5604966
Hastings District,25/10/2014,Sat,1130,EA,CN1C,129A ,M,R,D,B ,F ,T,G,C,50,0,0,0,1929486,5604176
Hastings District,19/02/2014,Wed,2230,HA,CE1S,302A 426B 534B ,,M,D,DO,F ,R,G,R,50,0,0,0,1930046,5604600
Hastings District,24/05/2014,Sat,1620,HA,CW1C,302B 375B ,,R,D,O ,F ,X,G,C,50,0,0,0,1929860,5604457
Hastings District,01/04/2014,Tue,921,NA,CE1E,711B ,,R,D,O ,F , , ,C,50,0,0,0,1929796,5604408
Hastings District,27/06/2014,Fri,1500,KA,CS2S,302B ,,M,D,O ,F ,R,G,C,50,0,0,1,1929764,5604384
Hastings District,17/07/2014,Thu,815,GD,VS1C,331A 352A 928 ,,R,W,OF,L ,D,N,P,70,0,0,0,1932293,5602126
Hastings District,27/08/2014,Wed,825,FB,CN1C,181A 330A 350A ,,R,D,B ,F ,R,G,C,50,0,0,0,1932389,5602025
Hastings District,24/02/2014,Mon,1520,FB,CS1C,181A 350A ,,E,D,BF,F ,R,G,C,50,0,0,0,1932389,5602025
Hastings District,10/09/2014,Wed,820,FD,CW1CCV,181A ,,R,D,BF,F , ,N,C,70,0,0,2,1930987,5603505
Hastings District,21/05/2014,Wed,1700,CC,CN1,197A ,I,R,D,TO,F , , ,R,70,0,0,0,1931590,5602862
Hastings District,21/08/2014,Thu,56,CA,CS1,103A 410A ,IP,R,D,DO,F , , ,R,70,0,0,0,1931539,5602916
Hastings District,16/03/2014,Sun,1640,AA,CN1C,372A ,,R,D,BF,F , ,N,R,70,0,0,0,1931535,5602920
Hastings District,04/01/2014,Sat,2145,FA,VS1C,181A 331A ,,R,D,DO,F , , ,C,70,0,0,0,1931275,5603197
Hastings District,31/01/2014,Fri,920,AO,CN1C,129A 150A ,,E,D,B ,F ,R,G,C,70,0,0,0,1931549,5602906
Hastings District,10/07/2014,Thu,1015,LB,CE1C,303B 375B 930 ,,R,W,BF,F ,D,N,R,50,0,0,0,1925286,5607085
Hastings District,13/03/2014,Thu,1610,GA,CW1C,181A 331A 929 ,,R,D,B ,F ,D,N,C,70,0,0,0,1926100,5607718
Hastings District,15/04/2014,Tue,330,DB,CS1,410A ,F,E,W,DN,M , , ,N,100,0,0,1,1911159,5639533
Hastings District,03/10/2014,Fri,1820,MO,PN1,131A 402A ,T,R,D,B ,F ,T,G,C,50,0,0,1,1928677,5605246
Hastings District,24/04/2014,Thu,2015,LB,MS1C,303B 375B 925 ,,R,D,DO,F ,D, ,C,50,0,0,1,1930092,5604549
Hastings District,31/07/2014,Thu,1821,NA,CN1E,306A 350A ,,R,D,DO,F , , ,X,50,0,1,0,1930116,5604517
Hastings District,08/04/2014,Tue,1725,HA,4N14,302A 402A ,,E,D,O ,L ,R,G,R,50,0,0,0,1930049,5604611
Hastings District,17/01/2014,Fri,1610,FD,CS1C,181A 427A ,,R,D,B ,F ,T,S,C,50,0,0,0,1930741,5603767
Hastings District,24/01/2014,Fri,1615,FD,CS14C,181A ,,R,D,BF,F , ,N,C,50,0,0,1,1930166,5604449
Hastings District,24/02/2014,Mon,1521,FD,CN1C,181A ,,R,D,BF,F , ,N,C,50,0,0,0,1930648,5603868
Hastings District,07/04/2014,Mon,1515,HA,SE2C,301A 375A ,,R,D,O ,L ,X,S,C,50,0,0,0,1930367,5604176
Hastings District,27/02/2014,Thu,1337,FB,CS1C,181A 330A ,,R,D,B ,F ,R,G,C,50,0,0,0,1930480,5604047
Hastings District,10/12/2014,Wed,1635,GD,CN1C,331A ,,R,W,O ,L ,T,G,C,50,0,0,0,1930724,5603786
Hastings District,18/02/2014,Tue,1848,HA,BN1M,302A 375A ,,R,D,BF,F ,R,G,R,50,0,0,0,1930214,5604383
Hastings District,20/11/2014,Thu,816,HA,CE2S,302A 375A ,,E,D,BF,F ,R,G,C,50,0,0,1,1930212,5604371
Hastings District,03/10/2014,Fri,1300,NA,CN1E,711B ,,R,D,BF,F , ,N,C,50,0,0,0,1930822,5603681
Hastings District,11/02/2014,Tue,1829,MA,TS1C,102A 373B ,,R,D,B ,F ,T,S,P,50,0,0,1,1930828,5603674
Hastings District,25/05/2014,Sun,940,MO,CN1,420A 507A ,F,R,D,B ,F , , ,C,50,0,0,0,1930801,5603703
Hastings District,25/04/2014,Fri,1645,FB,VS1C,181A ,,R,D,BF,F ,R,G,R,50,0,0,0,1929380,5605496
Hastings District,21/03/2014,Fri,2030,MA,VN1V,373B ,,R,W,DO,L , ,N,C,50,0,0,0,1928969,5606038
Hastings District,10/07/2014,Thu,821,HA,CW2C,302A ,,R,W,O ,F ,R,G,R,50,0,0,0,1929137,5605815
Hastings District,31/05/2014,Sat,815,KB,4N1S,302A 375A ,,R,D,BF,F ,R,G,R,50,0,0,1,1929137,5605815
Hastings District,25/09/2014,Thu,1430,JA,4N1C,302B 404B ,,R,D,B ,F ,R,G,C,50,0,0,0,1928784,5606268
Hastings District,10/10/2014,Fri,1430,BA,CS14,129A 205A ,,R,D,B ,F , , ,C,50,0,0,0,1929713,5605056
Hastings District,08/01/2014,Wed,1651,EE,SS1C,352B 374B ,M,R,D,B ,F , , ,C,50,0,0,1,1929212,5605717
Hastings District,11/01/2014,Sat,1040,PC,CS1K,308A 377A 927 ,,R,D,B ,F ,D,N,C,50,0,0,0,1928804,5606255
Hastings District,12/04/2014,Sat,1530,JA,VN1V,301B ,,R,W,O ,L ,T,S,C,50,0,0,0,1929468,5605379
Hastings District,25/07/2014,Fri,1820,LB,CN14,303B ,,R,D,DO,F ,T,S,C,50,0,0,0,1929468,5605379
Hastings District,01/08/2014,Fri,1135,NG,CW1E,371A ,,R,D,B ,F , , ,C,50,0,1,0,1928929,5606092
Hastings District,28/03/2014,Fri,1205,GO,4S14,381A 924 ,,R,D,B ,F ,D,N,R,50,0,0,0,1928883,5606152
Hastings District,21/01/2014,Tue,2215,DC,CN1,351A ,T,R,D,DO,F ,R,G,R,50,0,0,0,1929344,5605544
Hastings District,23/12/2014,Tue,840,EA,CN1C,129A ,M,R,D,B ,F , , ,C,50,0,0,0,1929089,5605878
Hastings District,25/04/2014,Fri,1230,KB,VE1P,302A 375A ,,E,D,BF,F ,R,G,R,50,0,0,1,1929101,5605862
Hastings District,01/05/2014,Thu,1945,CB,CE1,103A 112A ,FPT,R,D,DN,F , ,N,N,100,0,0,0,1924647,5610333
Hastings District,09/05/2014,Fri,2100,DB,CN2,102A 111A 131A ,FT,M,D,DO,F ,T,S,C,80,0,0,0,1931876,5603082
Hastings District,10/02/2014,Mon,1620,EA,SW1C,129A ,M,R,D,OF,F ,T,G,C,50,0,0,0,1930742,5605348
Hastings District,20/08/2014,Wed,1140,DA,CE2V,111A 131A 402A 801 ,M,R,W,O ,L ,T,G,C,50,0,0,0,1930724,5605372
Hastings District,13/10/2014,Mon,1800,HA,CE2C,302A 302B ,,E,D,B ,F ,R,G,C,50,0,0,1,1932680,5601443
Hastings District,11/02/2014,Tue,1718,ND,VW1E,306A 376A ,,R,D,O ,FF,X,T,C,50,0,0,1,1931038,5605564
Hastings District,16/11/2014,Sun,944,JA,CE1C,302B 375B ,,R,D,BF,F ,T,G,C,50,0,0,0,1931688,5605956
Hastings District,26/09/2014,Fri,1515,AA,SE1C,330A 372A ,,R,D,B ,F , ,N,C,50,0,0,1,1931292,5605719
Hastings District,06/12/2014,Sat,2130,LB,CE1C,303B 375B 927 ,,R,D,DO,F ,D, ,C,50,0,0,0,1930205,5605045
Hastings District,27/02/2014,Thu,1525,FE,CE1C,331A 387A ,,R,D,BF,F ,X,T,C,50,0,0,0,1930185,5605031
Hastings District,09/12/2014,Tue,1200,FE,CS1C,181A 387A ,,R,D,BF,F ,X,T,C,50,0,0,0,1930185,5605031
Hastings District,07/02/2014,Fri,825,JC,CS2T,174B 672B 801 ,,R,W,O ,L ,T,G,C,50,0,0,0,1931152,5605632
Hastings District,01/12/2014,Mon,805,HA,CW1S,302A 375A ,,M,D,BF,F ,R,G,R,50,0,0,0,1930375,5605158
Hastings District,03/03/2014,Mon,830,MC,VN1C,372B ,,R,D,B ,F , ,N,C,50,0,0,0,1929267,5604304
Hastings District,11/09/2014,Thu,1145,BA,CN1C,129A 386A ,,R,D,B ,F , , ,C,50,0,0,0,1928306,5605439
Hastings District,03/10/2014,Fri,1330,MO,CE1C,103A 371A 371B 926 ,,M,D,O ,F ,D,N,C,50,0,0,0,1929649,5605123
Hastings District,26/12/2014,Fri,2205,DB,CW1CCC,104A 111A 433A ,,M,D,DO,F ,T,N,N,50,0,0,0,1924019,5607775
Hastings District,20/05/2014,Tue,400,DA,CS1,111A 131A 800 904 ,V,M,W,DN,M , , ,C,80,0,0,0,1935262,5607114
Hastings District,01/03/2014,Sat,2105,CA,4W1,112A 137A ,,R,D,DN,F , ,N,N,100,0,0,0,1935652,5607570
Hastings District,18/01/2014,Sat,1130,CB,VS1,501A ,P,R,D,B ,F , , ,C,100,0,0,1,1936107,5608102
Hastings District,05/10/2014,Sun,1320,DA,MN1,131A ,K,E,D,B ,F ,R,G,R,50,0,1,1,1935101,5606996
Hastings District,14/09/2014,Sun,114,MO,CN1C,330A 371A ,M,R,W,DN,F , ,N,C,50,0,0,0,1929933,5603750
Hastings District,19/10/2014,Sun,1055,DA,CS1,110A 131A ,T,E,W,O ,L , ,N,C,100,0,0,0,1927609,5602039
Hastings District,30/04/2014,Wed,724,LB,CN1S,303B 375B 377B 927 ,,R,D,O ,F ,D, ,C,100,0,0,1,1926360,5602735
Hastings District,09/10/2014,Thu,1914,NB,CS1E,105B 713B 801 ,,R,W,DO,L , , ,N,50,0,1,1,1930439,5603520
Hastings District,14/07/2014,Mon,330,MO,CS1C,308A 125B 929 ,,R,D,DO,F ,D,N,N,50,0,0,0,1930206,5603344
Hastings District,14/03/2014,Fri,1450,MF,CS1CC,112A 372B ,M,R,D,B ,F , , ,C,50,0,0,0,1929170,5607272
Hastings District,24/09/2014,Wed,1625,EA,VS1C,129A ,M,R,D,B ,F , , ,C,50,0,0,0,1929477,5604967
Hastings District,31/01/2014,Fri,2115,DC,CN1,111A 131A ,G,E,W,DO,L , , ,C,100,0,0,0,1923163,5604016
Hastings District,06/04/2014,Sun,2245,CB,VW1,132A 195A 901 ,F,R,W,DO,H , , ,C,50,0,0,0,1928270,5605866
Hastings District,12/06/2014,Thu,1545,JA,CW1C,308B 377B 839 901 930 ,,R,W,OF,H ,D, ,C,50,0,0,0,1928708,5606203
Hastings District,25/05/2014,Sun,2025,DB,CS1,101A 111A 131A 433A 692A ,P,E,D,DO,F , , ,C,100,0,0,2,1925986,5604120
Hastings District,20/12/2014,Sat,2140,EA,CN1C,103A 129A 351A ,M,R,D,DO,F , ,N,C,50,0,0,0,1928084,5605724
Hastings District,19/01/2014,Sun,2035,CC,CW1,410A ,P,R,D,TN,F , , ,C,100,0,0,1,1923058,5604092
Hastings District,18/09/2014,Thu,930,JA,VE1C,302B 377B 839 ,,R,D,B ,F ,T,G,C,50,0,0,0,1927837,5605538
Hastings District,24/07/2014,Thu,845,KB,CN1C,308B 375B 922 ,,R,D,B ,F ,D, ,C,50,0,0,0,1928762,5606248
Hastings District,01/04/2014,Tue,651,HA,CS24,302A 375A ,,R,D,DO,F ,R,G,R,50,0,0,1,1928784,5606279
Hastings District,12/11/2014,Wed,1500,MG,CS1C,428B ,,R,D,BF,F , ,N,C,50,0,0,0,1928527,5606061
Hastings District,04/03/2014,Tue,900,AO,CE1C,386A ,,R,D,B ,F ,X,T,C,50,0,0,0,1928503,5606043
Hastings District,08/06/2014,Sun,1158,CA,CE1,130A 501A ,S,R,D,B ,F , , ,R,50,0,0,0,1922140,5604422
Hastings District,08/11/2014,Sat,730,CC,CW1,125A 622A ,FP,R,D,B ,F , ,N,C,100,0,0,0,1919370,5604761
Hastings District,14/02/2014,Fri,1220,FE,CE1CC,331A 507A ,,R,D,B ,F ,X,T,C,50,0,0,0,1928487,5606031
Hastings District,14/04/2014,Mon,820,FE,CE1CC,423A 427A ,,R,W,OF,L ,X,T,C,50,0,0,0,1928503,5606043
Hastings District,17/11/2014,Mon,1640,LB,CE1C,303B 375B ,,R,D,B ,F ,T,G,C,100,0,0,0,1924399,5603646
Hastings District,26/12/2014,Fri,1615,DB,OS1,137A 197A ,C,M,D,B ,F , ,N,N,100,0,0,0,1938805,5593455
Hastings District,06/10/2014,Mon,1200,KB,CW1C,308B 927 ,,R,D,B ,F ,D, ,C,50,0,0,0,1929800,5605059
Hastings District,22/01/2014,Wed,1330,HA,CS2C,302A ,,R,D,B ,F ,X,G,C,50,0,0,0,1929549,5604870
Hastings District,01/08/2014,Fri,1414,HA,VN2C,302B 902 ,,R,D,B ,F ,X,G,C,50,0,0,0,1929549,5604870
Hastings District,30/06/2014,Mon,1710,MG,CE1C,371B ,,R,D,DO,F ,X,S,C,50,0,0,0,1929453,5604796
Hastings District,14/08/2014,Thu,1533,DA,VS1,110A 131A 903 ,,M,D,B ,FS, ,N,C,100,0,0,0,1913592,5613281
Hastings District,06/09/2014,Sat,36,DB,CE1,111A 131A ,T,S,W,DN,L , ,N,N,100,0,0,1,1909618,5611004
Hastings District,27/11/2014,Thu,1230,MD,CS1C,308B 929 ,,R,D,BF,F ,D,N,C,50,0,0,0,1931189,5605831
Hastings District,02/04/2014,Wed,1640,DA,CW1,103A 131A ,FT,E,D,BF,F , ,N,C,100,0,0,0,1929230,5598429
Hastings District,27/12/2014,Sat,1319,DB,MS1,132A 402A ,,S,D,B ,F , ,N,C,100,0,0,1,1926020,5594976
Hastings District,05/12/2014,Fri,1120,DB,CN1,111A 131A 402A ,C,M,W,O ,F , , ,N,100,0,0,0,1925911,5594765
Hastings District,23/11/2014,Sun,1137,DA,MS1,131A ,,E,D,BN,F , ,N,C,100,0,0,1,1922148,5587462
Hastings District,30/01/2014,Thu,1245,AD,CN1,131A 150A 350A 386A ,B,E,D,BF,F , ,N,C,100,0,0,0,1937466,5608602
Hastings District,01/08/2014,Fri,355,CC,CS1,103A 130A ,V,R,D,DN,F , , ,N,100,0,0,1,1929573,5600663
Hastings District,24/09/2014,Wed,1430,BC,CN1CC,929,,R,D,B ,F ,D,N,C,50,0,0,0,1928917,5603831
Hastings District,02/05/2014,Fri,1210,EA,4N1C,129A ,M,R,D,B ,F , ,N,C,50,0,0,0,1928360,5604345
Hastings District,28/02/2014,Fri,300,MO,TN1E,371A 105B 520B 929 ,,R,D,DO,F ,D,N,C,50,0,0,1,1928381,5604325
Hastings District,18/02/2014,Tue,1800,FB,CS1C,181A ,,R,D,BF,F ,X,S,R,50,0,0,0,1928842,5603900
Hastings District,30/12/2014,Tue,1440,EA,CE2C,129A 386A 402A ,M,R,D,B ,F ,T,G,R,50,0,0,0,1933205,5602516
Hastings District,27/09/2014,Sat,1810,FD,CN1C,103A 181A ,FP,R,D,TO,F , ,N,R,50,0,0,1,1933068,5602200
Hastings District,06/12/2014,Sat,1920,HA,VS1C,302A 820 902 ,,M,D,B ,F ,R,G,R,50,0,0,0,1932834,5601937
Hastings District,27/07/2014,Sun,1030,HA,CE2C,302A 375A ,,R,D,B ,F ,R,G,C,50,0,0,0,1932824,5601936
Hastings District,27/06/2014,Fri,957,FA,TN1C,387A 140B ,,R,D,B ,F , , ,C,80,0,0,0,1934165,5606358
Hastings District,07/01/2014,Tue,1510,BF,VS1C,131A ,,M,D,B ,F , , ,L,80,1,1,0,1933466,5603072
Hastings District,17/06/2014,Tue,835,GC,CE1S,363A 370A 174B 902 ,,E,W,B ,F ,R,G,R,50,0,0,1,1930681,5606104
Hastings District,22/03/2014,Sat,1920,LB,CN1C,303B ,,R,W,DO,L ,X,T,C,50,0,0,3,1929560,5605258
Hastings District,13/01/2014,Mon,1650,HA,CE14,302B 375B ,,R,D,BF,F ,X,G,C,50,0,0,0,1929657,5605330
Hastings District,12/11/2014,Wed,1310,FB,CE1V,181A ,,R,D,B ,F ,X,G,R,50,0,0,0,1929657,5605330
Hastings District,26/06/2014,Thu,1530,BO,CN2V,122A 402A ,,E,D,B ,F ,X,T,P,50,0,0,0,1929850,5605477
Hastings District,19/02/2014,Wed,1030,HA,CE1C,301B 375B ,,R,D,BF,F ,X,S,C,50,0,0,0,1929464,5605185
Hastings District,07/11/2014,Fri,1510,HA,CE1C,301B 375B ,,R,D,B ,F ,X,S,C,50,0,0,0,1929464,5605185
Hastings District,26/03/2014,Wed,1215,LB,4E1C,303B 375B ,,R,D,BF,F ,X,S,C,50,0,0,0,1929464,5605185
Hastings District,13/02/2014,Thu,2144,HA,CW1C,301B 375B ,,R,D,DO,F ,X,S,C,50,0,0,0,1929464,5605185
Hastings District,24/01/2014,Fri,935,HA,CE1C,301B 375B 671B ,,R,D,BF,F ,X,S,C,50,0,0,0,1929464,5605185
Hastings District,23/07/2014,Wed,1031,LB,CE1C,303B 375B ,,R,W,O ,F ,X,T,C,50,0,0,0,1929560,5605258
Hastings District,11/06/2014,Wed,1945,CC,CE1,101A 108A ,C,R,W,DO,F , ,N,C,50,0,0,0,1931671,5604875
Hastings District,09/06/2014,Mon,530,CB,CN1,410A ,B,R,W,DN,F , , ,N,50,0,0,1,1929831,5602747
Hastings District,16/10/2014,Thu,820,LB,CE1C,303B 375B ,,R,D,B ,F ,X,G,C,50,0,0,0,1928197,5606977
Hastings District,04/08/2014,Mon,1200,HA,TN1S,302A 375A ,,M,W,O ,H ,R,G,C,50,0,0,0,1928508,5607214
Hastings District,01/04/2014,Tue,1300,DB,CW1,134A 138A 402A ,,M,D,B ,F , ,N,N,100,0,0,0,1921328,5646600
Hastings District,06/02/2014,Thu,744,AA,SN1C,105A 372A ,,R,D,B ,F , ,N,C,50,0,0,1,1928078,5605221
Hastings District,02/12/2014,Tue,1615,MO,CN1C,371A ,,R,D,B ,F , , ,C,50,0,0,0,1928448,5604728
Hastings District,11/07/2014,Fri,1340,MC,CS1C,372B ,,R,D,B ,F ,T,G,C,50,0,0,0,1928241,5606802
Hastings District,08/12/2014,Mon,143,PA,CS1E,387A ,,R,D,DO,F , ,N,C,50,0,0,1,1928412,5606637
Hastings District,19/03/2014,Wed,1320,FC,CS1C,181A 330A ,,R,D,B ,F , ,N,C,50,0,0,0,1928533,5606518
Hastings District,14/02/2014,Fri,704,GD,CN14,333A ,,R,D,B ,F ,T,G,C,100,0,0,0,1923851,5609727
Hastings District,19/01/2014,Sun,1920,MA,CW1C,373B ,,R,D,B ,F , , ,C,50,0,0,0,1927435,5607549
Hastings District,03/10/2014,Fri,2241,CC,CN1,103A ,F,R,D,DN,F , ,N,N,100,0,0,0,1924188,5609407
Hastings District,05/08/2014,Tue,1650,MA,CN1C,363B 373B 902 ,,R,D,B ,F , , ,P,50,0,0,2,1928648,5606408
Hastings District,09/06/2014,Mon,830,FD,4E1CCC,181A 181B 181C 191D ,,R,D,O ,F , , ,C,50,0,0,0,1928092,5606947
Hastings District,05/11/2014,Wed,1835,MB,VE1C,303B 375B ,G,R,D,OF,F , ,N,R,50,0,0,0,1928538,5606514
Hastings District,23/07/2014,Wed,1510,AA,VE1V,387A ,,R,D,OF,F , ,N,P,50,0,0,0,1927087,5607818
Hastings District,22/07/2014,Tue,805,FB,4W1C,181A 353A ,,R,D,B ,F ,R,G,R,50,0,0,0,1927646,5607380
Hastings District,28/05/2014,Wed,1427,FB,CS1C,181A 387A 191B ,,R,D,B ,F ,R,G,R,50,0,0,0,1927573,5607442
Hastings District,14/04/2014,Mon,747,MC,CS1C,372B ,,R,W,OF,L , ,N,C,50,0,0,0,1927805,5607226
Hastings District,27/09/2014,Sat,810,HA,CN2S,302A 382A ,,M,D,BF,F ,R,G,C,50,0,1,0,1927285,5607651
Hastings District,30/11/2014,Sun,1620,DA,CS1,131A 402A ,F,E,D,B ,F , ,N,C,100,0,0,0,1928376,5614145
Hastings District,07/09/2014,Sun,1633,DA,CS1,111A 131A ,S,M,D,BN,F , ,N,N,100,0,0,0,1926131,5618556
Hastings District,12/03/2014,Wed,818,FD,CN14CC,181A ,,R,D,BF,F , ,N,C,50,0,0,0,1928490,5606058
Hastings District,02/03/2014,Sun,1110,MD,CS1V,371B 930 ,,R,D,BF,F ,D,N,C,50,0,0,0,1928312,5606252
Hastings District,12/03/2014,Wed,1157,EA,CN1CC,129A 500A ,M,R,D,B ,F , ,N,C,50,0,0,0,1928285,5606282
Hastings District,11/06/2014,Wed,1750,LB,CS1C,301A ,,R,D,O ,F ,T,S,N,50,0,0,0,1927679,5607006
Hastings District,16/06/2014,Mon,1720,LB,CE1C,111A 321A 402A 800 901 ,,M,W,O ,H ,T,S,C,50,0,0,0,1927679,5607006
Hastings District,02/07/2014,Wed,2050,CC,CW1,130A 195A ,CV,R,W,DN,M , , ,N,70,0,0,0,1929480,5609308
Hastings District,24/04/2014,Thu,2020,CB,CN1,129A 800 ,V,R,D,DN,F , , ,C,60,0,0,0,1928867,5608798
Hastings District,29/09/2014,Mon,1659,DA,CW1,129A 134A ,V,E,D,ON,F , ,N,C,100,0,0,0,1928996,5608876