TLANAME,CRASHDATE,CRASHDOW,CRASHTIME,MVMT,VEHICLES,CAUSES,OBJECTSSTRUCK,ROADCURVE,ROADWET,LIGHT,WTHRa,JUNCTYPE,TRAFCTRL,ROADMARK,SPDLIM,CRASHFATALCNT,CRASHSEVCNT,CRASHMINCNT,EASTING,NORTHING
Hastings District,27/02/2014,Thu,1330,CC,VS1,410A ,T,R,D,B ,F , , ,N,60,0,1,0,1928097,5608268
Hastings District,15/06/2014,Sun,820,CB,CE1,103A 433A ,P,R,D,O ,F , , ,C,80,0,0,0,1932209,5607497
Hastings District,23/04/2014,Wed,1420,AO,CN1T,372A 507A ,,R,D,B ,F , , ,C,80,0,0,0,1931218,5613364
Hastings District,12/12/2014,Fri,1210,FA,CS1C,181A 331A ,,R,D,O ,F , , ,C,80,0,0,0,1931567,5612677
Hastings District,26/06/2014,Thu,242,EC,TN1,912,W,R,D,DN,F , , ,C,100,0,0,0,1931604,5612606
Hastings District,11/03/2014,Tue,800,GC,CS1T,372B 929 ,,R,D,B ,F ,D,N,C,100,0,0,0,1931604,5612606
Hastings District,29/11/2014,Sat,425,DB,CN1,103A 111A 352A ,FX,E,D,DO,F ,X,G,L,100,0,0,0,1931151,5613498
Hastings District,03/02/2014,Mon,1510,CB,CS1,130A 358A 420A ,P,R,D,B ,F , , ,C,100,0,0,1,1932605,5609784
Hastings District,11/12/2014,Thu,1550,MC,CE1V,303B 375B ,,R,D,OF,F , ,N,C,80,0,0,0,1931724,5608523
Hastings District,20/03/2014,Thu,800,FD,CS1CC,181A 427A ,,R,D,B ,F ,T,N,P,50,0,0,0,1929313,5606678
Hastings District,20/06/2014,Fri,1415,FD,4N1C,181A ,,R,D,BF,F , ,N,N,50,0,0,0,1932562,5610011
Hastings District,31/10/2014,Fri,2105,GE,CN1C,160A 929 ,,R,D,DN,F ,D,N,C,80,0,0,0,1932403,5610708
Hastings District,08/05/2014,Thu,1210,GB,CN1T,372B ,,R,D,B ,F ,T,G,C,80,0,0,0,1932477,5610417
Hastings District,21/01/2014,Tue,503,PB,CS1E,722B ,,R,W,DN,L , ,N,C,100,0,0,1,1932385,5610776
Hastings District,16/04/2014,Wed,930,GC,TS1O,174B 372B ,,R,D,BN,F ,T,S,C,80,0,0,1,1931007,5607966
Hastings District,26/04/2014,Sat,1820,FE,CE1C,181A ,,R,D,TO,F ,X,T,C,50,0,0,0,1929081,5606504
Hastings District,08/05/2014,Thu,845,JA,VS1V,302B 375B ,,R,D,B ,F ,T,G,C,50,0,0,1,1930254,5607390
Hastings District,03/04/2014,Thu,1138,GE,ME1C,157A 160A 929 ,,R,D,B ,F ,D,N,C,50,0,1,0,1930213,5603601
Hastings District,26/07/2014,Sat,35,DA,CW2,101A 131A 402A 433A ,V,S,D,DO,F ,T,G,P,100,0,0,0,1938892,5607050
Hastings District,20/01/2014,Mon,1700,MC,CS1V,372B ,,R,D,B ,F , , ,C,100,0,0,0,1938595,5607621
Hastings District,21/01/2014,Tue,2045,DB,CS2,111A 131A ,F,E,D,TO,F ,T,G,N,50,0,0,0,1928441,5605093
Hastings District,13/04/2014,Sun,942,CB,CN1,129A 361A ,S,R,D,OF,F , ,N,X,50,0,0,0,1925379,5606403
Hastings District,29/08/2014,Fri,1735,DA,CE1,111A 131A ,V,M,W,TN,H , ,N,C,80,0,0,1,1934389,5607446
Hastings District,29/10/2014,Wed,1449,MF,CN1V,372B 377B 839 ,,R,D,B ,F ,T,G,C,50,0,0,0,1928613,5606111
Hastings District,21/09/2014,Sun,1730,MO,CS1C,386A 926 ,M,R,D,O ,F ,D,N,N,50,0,0,0,1932510,5601542
Hastings District,24/02/2014,Mon,1150,JA,CS1C,308B 382B 925 ,F,R,D,BF,F ,D,N,C,50,0,0,0,1932517,5601534
Hastings District,21/09/2014,Sun,401,DA,CE1,111A 131A ,T,M,D,DO,F ,T,N,C,50,0,0,0,1930771,5604640
Hastings District,23/08/2014,Sat,735,DA,CS1C,122A 351A ,M,R,D,B ,F ,T,N,N,50,0,0,0,1929393,5606404
Hastings District,28/10/2014,Tue,530,DA,CN1,137A ,C,E,D,DN,F , ,N,C,100,0,0,0,1925984,5620072
Hastings District,30/05/2014,Fri,1510,DA,CE1,111A 131A ,EFT,S,W,ON,L , ,N,C,100,0,1,1,1926501,5620960
Hastings District,10/06/2014,Tue,1100,DA,CN1,111A 131A ,E,S,D,O ,F , , ,C,100,0,0,1,1925649,5626003
Hastings District,03/08/2014,Sun,1635,DB,CS1,110A 131A ,,M,W,O ,F , ,N,C,100,0,0,0,1913237,5635533
Hastings District,24/09/2014,Wed,1248,HA,CW2C,302B 375B ,,R,D,B ,F ,X,G,C,50,0,0,0,1930149,5604677
Hastings District,13/09/2014,Sat,1220,EA,TS1C,129A ,M,R,D,OF,F ,X,G,P,50,0,0,0,1929993,5604885
Hastings District,25/02/2014,Tue,815,HA,CS1V,302A 375A 839 ,,R,D,BF,F ,X,G,C,50,0,0,0,1930233,5604563
Hastings District,30/12/2014,Tue,1215,LB,SS1C,204A 303B 377B 925 ,,R,D,BF,F ,D,N,C,50,0,0,1,1929724,5605241
Hastings District,24/09/2014,Wed,1003,FD,CS1CV,181A ,,R,D,BF,F ,X,T,C,50,0,0,0,1929840,5605089
Hastings District,16/11/2014,Sun,1759,DB,CW1,103A 131A 358A ,P,E,D,B ,F ,T,G,C,50,0,0,0,1934210,5608991
Hastings District,23/03/2014,Sun,134,DC,CE2,112A 402A ,,R,W,DO,L ,T,S,C,50,0,0,0,1929009,5604080
Hastings District,04/12/2014,Thu,1442,LB,CS1C,303B 375B ,,R,D,OF,F ,X,T,C,50,0,0,2,1929549,5604672
Hastings District,12/06/2014,Thu,850,FE,4S1C,181A ,,R,W,O ,L ,X,T,C,50,0,0,0,1929549,5604672
Hastings District,17/12/2014,Wed,1249,CC,CW1,130A 650A ,V,R,W,O ,L , ,N,C,100,0,0,0,1928694,5603739
Hastings District,17/02/2014,Mon,1900,HA,CN1C,302B 375B ,P,R,D,BF,F ,X,G,C,100,0,0,0,1927234,5602249
Hastings District,07/09/2014,Sun,958,HA,VW1C,302B 375B ,,R,D,BF,F ,X,G,C,100,0,0,0,1927234,5602249
Hastings District,27/11/2014,Thu,1558,HA,VS2C,301A 382A ,,R,D,B ,F ,X,S,C,50,0,0,0,1928842,5603900
Hastings District,03/09/2014,Wed,2039,FA,CS1C,101A 514A ,,R,D,DN,F , ,N,C,100,0,0,0,1925646,5600212
Hastings District,22/05/2014,Thu,1137,MO,TS1C,371A 371B 929 ,,R,D,B ,F ,D, ,N,50,0,0,0,1924496,5607731
Hastings District,28/05/2014,Wed,720,CC,4N1,112A ,CF,R,D,BN,FF, ,N,N,100,0,1,0,1917627,5600007
Hastings District,05/10/2014,Sun,1043,DA,MN1,131A 420A ,,M,D,B ,F , , ,C,100,0,1,0,1920396,5602762
Hastings District,08/03/2014,Sat,1622,DB,ME1,131A 610A ,CP,M,D,B ,F , ,N,C,100,0,1,0,1907793,5592171
Hastings District,19/11/2014,Wed,700,GF,CW1S,350A 671A 817 ,,R,D,B ,F ,X,G,C,50,0,0,1,1930658,5604394
Hastings District,18/08/2014,Mon,2358,CC,CW1,101A 129A 134A ,FT,R,D,DN,F , ,N,C,100,0,0,0,1928189,5602076
Hastings District,10/12/2014,Wed,1830,JA,CE1C,302B 402B ,,R,W,O ,L ,T,G,C,50,0,0,0,1929973,5603879
Hastings District,20/08/2014,Wed,1200,CB,CS1,129A 130A ,V,R,W,O ,H , , ,C,50,0,0,0,1929190,5603175
Hastings District,31/01/2014,Fri,2220,DA,CS1,137A 195A ,,M,W,DN,F , ,N,C,100,0,0,0,1932840,5608108
Hastings District,29/01/2014,Wed,1029,DA,CS1,121A 131A ,CF,E,D,B ,F , ,N,C,100,0,0,0,1932655,5608240
Hastings District,14/11/2014,Fri,1335,GD,CE1CC,181A 331A 181B ,,R,D,B ,F ,T,G,C,80,0,0,0,1932801,5608139
Hastings District,14/05/2014,Wed,1815,FA,CN1C,181A 331A 901 ,,R,W,DN,H , , ,C,80,0,0,0,1932323,5608941
Hastings District,05/09/2014,Fri,655,JC,4N1C,302A 375A ,,R,D,O ,F ,T,G,C,80,0,0,0,1932274,5609028
Hastings District,19/06/2014,Thu,645,JA,4S1C,302B 382B ,,E,W,TO,F ,T,G,C,100,0,0,1,1932575,5608502
Hastings District,10/01/2014,Fri,1055,JA,CS1T,302B 387B ,,E,D,B ,F ,T,G,P,100,0,0,0,1932575,5608502
Hastings District,18/02/2014,Tue,820,KB,CN1C,302B 375B ,,E,D,BF,F ,T,G,C,100,0,0,0,1932575,5608502
Hastings District,15/10/2014,Wed,1245,FE,CW1C,330A 402A ,,R,D,B ,F ,X,T,C,50,0,0,0,1929905,5605001
Hastings District,27/02/2014,Thu,1445,BC,CN2C,122A ,,E,W,BF,F ,X,T,C,50,0,0,0,1930073,5605180
Hastings District,16/01/2014,Thu,1930,EA,CW1C,129A ,M,R,D,TO,F ,T,N,C,50,0,0,0,1929807,5604897
Hastings District,22/01/2014,Wed,1855,MC,CW1V,352B 372B ,,E,D,B ,F ,T,N,C,50,0,0,0,1924428,5607387
Hastings District,21/08/2014,Thu,757,CB,CN1,137A 330A ,S,R,D,O ,F ,R,G,R,50,0,0,0,1933872,5601999
Hastings District,23/10/2014,Thu,730,HA,CE2C,302A 414A ,,R,D,B ,F ,R,G,R,50,0,0,0,1929764,5604384
Hastings District,06/03/2014,Thu,1430,FC,CE14,181A 331A ,,R,D,B ,F , , ,X,50,0,0,0,1929624,5604572
Hastings District,04/11/2014,Tue,1710,JA,CN14,302B ,,R,W,O ,L ,X,G,C,50,0,0,0,1929606,5604596
Hastings District,03/06/2014,Tue,1510,HA,CE1S,204B 382B ,,R,D,OF,F ,Y,G,R,50,0,0,1,1929931,5604159
Hastings District,13/08/2014,Wed,804,GB,SS14,204A 330A ,,R,D,B ,F ,R,G,R,50,0,0,0,1929090,5605275
Hastings District,02/09/2014,Tue,1025,HA,CW2C,302A 377A 839 ,,R,W,O ,F ,X,G,C,50,0,0,0,1929367,5604909
Hastings District,01/08/2014,Fri,1100,QG,4N1C,682A ,,R,D,B ,F , , ,C,50,0,0,0,1929003,5605387
Hastings District,16/12/2014,Tue,1730,FD,CS1CC,331A 353A ,,E,D,O ,F ,T,N,C,50,0,0,1,1928906,5605489
Hastings District,31/05/2014,Sat,1415,GD,VS1C,333A 358A ,,R,D,O ,F ,T,G,C,50,0,0,0,1928921,5605475
Hastings District,04/07/2014,Fri,1600,HA,CS1C,302A 375A ,,E,D,BF,F ,R,G,R,50,0,0,0,1929179,5605159
Hastings District,27/03/2014,Thu,1545,FA,VW1S,129A ,,R,D,BF,F ,R,G,R,50,0,0,1,1929179,5605159
Hastings District,13/02/2014,Thu,2130,JC,CS1V,302A 375A ,,R,D,DO,F ,X,G,N,50,0,0,0,1929373,5605307
Hastings District,31/12/2014,Wed,1710,HA,CS1C,302B 350B 375B ,,R,D,B ,F ,X,G,C,50,0,0,1,1929373,5605307
Hastings District,05/01/2014,Sun,2350,FF,CN1C,512A ,,R,D,DO,F , ,N,C,50,0,0,0,1929203,5605178
Hastings District,14/05/2014,Wed,836,FD,CN1CCC,181A 331A 801 ,,R,W,O ,L , , ,C,50,0,0,0,1929195,5605171
Hastings District,23/02/2014,Sun,31,DB,CN1,111A 131A ,F,M,D,DN,F , ,N,C,100,0,0,0,1926958,5617862
Hastings District,23/02/2014,Sun,2230,DB,CE1,131A ,P,M,D,DN,F , ,N,C,100,0,0,0,1927059,5616904
Hastings District,14/03/2014,Fri,1348,HA,CS1CC,301B 375B ,,R,D,BF,F ,X,S,C,50,0,0,0,1930341,5604822
Hastings District,27/11/2014,Thu,1623,LB,CS1CV,303B 377B ,Q,R,D,BF,F ,X,S,C,50,0,0,2,1930341,5604822
Hastings District,20/08/2014,Wed,800,LB,CS1C,303B 375B 901 ,KP,R,W,O ,H ,X,G,R,50,0,0,0,1930257,5604934
Hastings District,24/04/2014,Thu,1150,LB,CW14,303B ,,R,D,B ,F ,X,G,C,50,0,0,0,1930257,5604934
Hastings District,14/05/2014,Wed,1720,FD,CS1T,181A 197A 331A 901 ,,R,W,DO,H , , ,C,50,0,0,0,1930501,5604606
Hastings District,27/04/2014,Sun,900,HA,CN1C,302A 363A 902 ,,R,D,B ,F ,R,G,R,50,0,0,0,1930510,5604594
Hastings District,09/05/2014,Fri,1225,HA,CS1C,302A 375A ,,E,D,BF,F ,R,G,R,50,0,0,0,1929435,5606038
Hastings District,14/05/2014,Wed,2010,GB,CN1C,158A 333A 175B 371B 801 929 ,,R,W,DO,L ,D, ,C,50,0,0,0,1929790,5605557
Hastings District,26/04/2014,Sat,1753,HA,CN2C,103B 322B 402B ,KXS,R,D,DO,F ,X,T,C,50,0,0,1,1929634,5605762
Hastings District,11/06/2014,Wed,1805,LB,CS1C,303B ,F,R,W,DO,H ,X,T,C,50,0,0,0,1929634,5605762
Hastings District,22/10/2014,Wed,1910,JC,CW2C,302A 363A 902 ,,R,D,BF,F ,T,G,R,80,0,0,0,1932537,5603588
Hastings District,25/12/2014,Thu,1240,BC,CN14,111A 122A ,,M,D,B ,F ,T,G,C,50,0,0,0,1933352,5602244
Hastings District,28/06/2014,Sat,157,DC,CS1,112A 514A 517A ,FT,R,D,DO,F ,T,G,C,100,0,2,1,1924399,5603646
Hastings District,09/03/2014,Sun,1240,BE,VN1C,136A 631A ,,R,D,BN,F , ,N,C,50,0,0,0,1925459,5605765
Hastings District,09/04/2014,Wed,435,BC,CE14,121A ,,E,D,DO,F , ,N,C,80,0,0,0,1925453,5598839
Hastings District,14/06/2014,Sat,2228,DA,CS1,131A ,CF,E,W,DO,F , , ,C,50,0,0,0,1924759,5606996
Hastings District,21/09/2014,Sun,828,QG,VS1,665A 812 ,FP,E,D,OF,F , ,N,C,100,0,0,0,1925122,5618978
Hastings District,22/11/2014,Sat,945,LB,CE1C,303B 375B 930 ,,R,D,BF,F ,D,N,C,50,0,0,1,1925035,5607069
Hastings District,04/06/2014,Wed,800,AO,VS1S,183A 387A ,,R,D,OF,F ,T,G,C,50,0,0,1,1931273,5604645
Hastings District,15/05/2014,Thu,600,DA,VS1,129A 131A 801 ,F,E,W,DN,L , , ,C,100,0,0,0,1910225,5619830
Hastings District,26/05/2014,Mon,1950,DA,CN1,129A 131A 198A ,C,E,W,DN,F , , ,C,100,0,0,0,1900588,5626851
Hastings District,11/12/2014,Thu,1335,JA,TS1T,375B 929 ,,E,W,ON,F ,D,N,C,100,0,0,2,1917626,5615139
Hastings District,18/09/2014,Thu,1430,DA,CE1,131A ,V,M,D,B ,F ,T,N,C,100,0,0,0,1918302,5614959
Hastings District,01/10/2014,Wed,1430,DB,CS1,129A ,,E,D,BN,F , ,N,C,100,0,0,2,1900434,5622498
Hastings District,04/09/2014,Thu,1700,DA,CS1,103A 131A ,CFP,M,D,TN,F , , ,N,100,0,0,1,1912336,5619204
Hastings District,02/06/2014,Mon,630,GE,VW14,160A ,,E,D,TN,M ,T,N,C,100,0,0,0,1891616,5632086
Hastings District,27/01/2014,Mon,1402,JA,CW1V,302B ,,R,D,B ,F ,T,G,C,100,0,0,0,1927200,5600468
Hastings District,06/07/2014,Sun,30,DB,CE1,111A 131A ,F,M,W,DN,L , ,N,C,100,0,0,0,1930955,5600843
Hastings District,02/12/2014,Tue,1950,LB,SE1C,204A 302A ,,E,D,BF,F ,R,G,R,50,0,0,1,1932564,5601648
Hastings District,29/06/2014,Sun,350,DB,CW1,101A 116A 131A 817 ,VX,E,D,DN,FF, , ,N,100,0,0,0,1928132,5600910
Hastings District,19/05/2014,Mon,415,DB,CS2,111A 131A 402A ,FGZ,M,D,DO,F ,T,G,C,100,1,0,0,1928818,5600976
Hastings District,23/09/2014,Tue,1505,MO,CN1,407A 423A ,JPS,R,D,B ,F ,T,G,C,50,0,0,1,1932504,5601634
Hastings District,04/11/2014,Tue,2345,CA,CS1,101A 130A ,B,R,D,DO,F , , ,C,50,0,0,0,1931960,5601542
Hastings District,15/07/2014,Tue,1330,GE,CW1C,160A 381A 929 ,V,R,D,O ,F ,D,N,C,100,0,0,0,1926125,5599946
Hastings District,02/03/2014,Sun,1035,GE,CW14,160A 333A 929 ,,R,D,BN,F ,D,N,C,100,0,0,1,1926223,5599994
Hastings District,22/12/2014,Mon,1129,GD,CW1C,111A 331A 377A 402A 927 ,,E,D,B ,F ,D, ,C,100,0,0,1,1930055,5600845
Hastings District,12/07/2014,Sat,1417,DB,CE1,111A 131A ,F,E,D,OF,F ,X,G,C,100,0,0,0,1929584,5600691
Hastings District,24/05/2014,Sat,1139,DB,TS1,111A 131A 692A ,,M,D,B ,F , , ,C,100,0,0,1,1915368,5586727
Hastings District,10/08/2014,Sun,404,DB,CS1,103A 111A 131A 359A ,PV,M,D,DN,F , ,N,C,80,1,0,0,1936233,5601768
Hastings District,07/12/2014,Sun,1120,BA,CS14,112A 150A 386A ,,R,D,B ,F , ,N,C,80,0,0,0,1936122,5602148
Hastings District,21/10/2014,Tue,929,PO,TN1E,129A 370A 723B ,,R,D,O ,F , , ,C,50,0,1,0,1934376,5599523
Hastings District,13/11/2014,Thu,1435,CA,CW1,129A 355A ,GI,R,D,B ,F , ,N,R,50,0,0,1,1934382,5601763
Hastings District,11/06/2014,Wed,1720,NA,CE1E,363A ,,R,W,DO,H , , ,C,50,0,0,0,1934176,5601859
Hastings District,20/05/2014,Tue,1520,KA,VW1C,302B 423B ,,M,D,B ,F ,T,G,C,50,0,0,1,1932998,5601845
Hastings District,03/08/2014,Sun,1900,JA,CW2C,302B ,,R,W,DO,F ,T,G,C,50,0,0,0,1932998,5601845
Hastings District,14/11/2014,Fri,1624,LB,CE1C,303B ,,R,D,B ,F ,T,G,C,50,0,0,0,1933444,5602029
Hastings District,24/06/2014,Tue,,DA,CN1,102A 131A ,GJS,S,D,O ,F , , ,C,100,0,0,0,1926607,5608786
Hastings District,23/09/2014,Tue,1850,LB,PW1C,303B 375B ,,M,D,DO,F ,T,G,C,50,0,1,1,1930286,5606255
Hastings District,28/01/2014,Tue,1555,MA,CE1C,373B ,,R,D,OF,F , , ,C,50,0,0,0,1930497,5606414
Hastings District,30/10/2014,Thu,1510,CA,CS1C,410A ,MP,R,D,B ,F , , ,C,50,0,0,1,1930445,5606375
Hastings District,14/11/2014,Fri,1521,HA,CN1C,302B ,,R,D,B ,F ,X,G,C,50,0,0,0,1929441,5605616
Hastings District,10/02/2014,Mon,1710,HA,CW2CC,322B ,,R,W,OF,L ,X,T,C,50,0,0,0,1929634,5605762
Hastings District,31/01/2014,Fri,820,LB,CS1C,301B ,,R,D,O ,F ,X,S,C,50,0,0,1,1930757,5606610
Hastings District,11/12/2014,Thu,2145,CA,40,103A 130A ,FT,R,D,DO,F , ,N,N,50,0,0,0,1936469,5610658
Hastings District,02/06/2014,Mon,1430,DA,MS1,131A ,V,S,D,BN,F , ,N,N,100,0,1,0,1937835,5602925
Hastings District,24/06/2014,Tue,1015,CB,VW1,102A 130A ,F,R,D,O ,M , , ,N,100,0,0,0,1925930,5610360
Hastings District,27/08/2014,Wed,1550,MG,CN1C,371B ,,M,D,O ,F , ,N,C,50,0,0,0,1930702,5603529
Hastings District,07/09/2014,Sun,300,DA,CE1,131A ,F,M,W,DN,H , ,N,C,100,0,0,0,1938522,5594644
Hastings District,20/07/2014,Sun,250,DA,CW1,103A 131A 801 ,F,M,W,DO,L , , ,C,70,0,0,0,1929497,5614300
Hastings District,22/10/2014,Wed,1750,GD,CS14,181A 331A 929 ,,M,D,B ,F ,D, ,C,70,0,0,0,1929721,5614720
Hastings District,01/09/2014,Mon,1226,NA,CE1E,371A ,,R,W,O ,H ,X,G,C,50,0,0,1,1929961,5604711
Hastings District,14/08/2014,Thu,1855,DA,CS1,111A 131A 402A 901 ,F,E,W,DN,H , , ,L,80,0,0,0,1932752,5608537
Hastings District,19/06/2014,Thu,1610,AO,CN1C,129A 385A ,Q,R,D,BF,F ,R,G,R,50,0,0,0,1930226,5604367
Hastings District,14/01/2014,Tue,1102,GD,VN1C,331A 363A ,,R,D,BF,F ,T,N,C,50,0,0,0,1929980,5604196
Hastings District,23/10/2014,Thu,1515,HA,CE24,302A 402B ,,R,D,B ,F ,X,G,C,50,0,0,1,1929819,5604072
Hastings District,25/09/2014,Thu,1600,HA,CW1C,302B 363B 375B 902 ,,R,D,BF,F ,X,G,C,50,0,0,0,1929819,5604072
Hastings District,08/04/2014,Tue,1517,MC,CN1C,352B 372B ,,R,W,OF,L , , ,C,50,0,0,0,1925422,5606252
Hastings District,04/04/2014,Fri,1640,GB,CS1C,387A 351B 929 ,,R,D,BF,F ,D,N,C,50,0,0,0,1925295,5606081
Hastings District,23/07/2014,Wed,1106,DA,4N2V,501A ,KM,R,W,O ,L ,T,S,R,50,0,0,0,1931130,5603892
Hastings District,22/05/2014,Thu,1347,FB,CS1C,331A 504A ,,R,D,ON,F ,T,G,C,100,0,0,1,1927290,5605139
Hastings District,15/02/2014,Sat,936,LB,CS1O,371B 927 ,,R,D,BF,F ,D,N,C,70,0,0,0,1927017,5605509
Hastings District,10/11/2014,Mon,1330,GA,CS1C,181A 330A ,,R,D,B ,F ,T,N,C,100,0,0,1,1927296,5605131
Hastings District,09/04/2014,Wed,1645,MO,CS1C,371A 386A ,M,R,D,B ,F ,X,G,C,50,0,0,0,1930055,5606093
Hastings District,16/12/2014,Tue,1640,EC,ME1,110A 330A ,X,R,D,B ,F , ,N,N,80,0,1,0,1939101,5608666
Hastings District,16/08/2014,Sat,1430,BA,MW1M,101A 138A 200A 430A 138B 200B 430B +,,R,D,B ,F , ,N,N,50,0,0,2,1932966,5610829
Hastings District,06/08/2014,Wed,2215,PO,VW1EC,357A 512A ,X,R,D,DO,F , , ,N,30,0,0,1,1929456,5605429
Hastings District,03/08/2014,Sun,1200,DA,CS1,131A 402A 632A ,,M,W,O ,L , , ,C,100,0,0,0,1943426,5659641
Hastings District,26/03/2014,Wed,635,GE,CS1T,160A 387A 930 ,,R,D,DN,F ,D,N,C,100,0,0,1,1935152,5652954
Hastings District,03/01/2014,Fri,2110,DA,VS1,131A ,T,E,D,DN,F , ,N,C,100,0,0,0,1935607,5652184
Hastings District,31/01/2014,Fri,1700,DA,CN1,131A 402A ,V,M,W,ON,F , , ,C,100,0,0,0,1935638,5650664
Hastings District,07/04/2014,Mon,1450,DA,CN1,111A 131A 901 ,,E,W,OF,H , ,N,C,100,0,0,1,1935620,5650558
Hastings District,15/04/2014,Tue,1216,DB,CN1,129A 410A ,,M,D,B ,F , ,N,C,100,0,0,1,1935761,5650355
Hastings District,04/08/2014,Mon,945,CB,TN1,129A 130A 816 ,,R,W,O ,H , , ,C,100,0,0,0,1935403,5649240
Hastings District,02/08/2014,Sat,1545,DA,VE1,130A 410A ,,E,D,B ,F , ,N,C,100,0,0,1,1934795,5646474
Hastings District,26/11/2014,Wed,229,DA,CN1,131A ,G,S,D,DN,F , , ,C,100,0,0,0,1935277,5646457
Hastings District,10/04/2014,Thu,2308,DA,4N1,132A ,,M,W,DN,F , ,N,C,100,0,0,0,1936165,5646398
Hastings District,02/11/2014,Sun,1345,DA,MS1,131A 800 ,G,S,W,B ,F , , ,C,100,0,1,0,1934811,5641157
Hastings District,27/12/2014,Sat,1137,BF,CS1CC,111A 131A ,,E,D,BN,F , ,N,C,100,0,1,2,1934550,5641199
Hastings District,20/08/2014,Wed,,CB,CN1,350A 402A ,,R,D,B ,F , ,N,C,100,0,0,0,1937169,5638805
Hastings District,20/09/2014,Sat,1308,BF,4N14,111A 131A ,,S,W,ON,L , ,N,C,100,0,0,0,1935796,5635149
Hastings District,20/01/2014,Mon,1659,DA,CN1,129A 134A 352A ,,E,D,BN,F , ,N,C,100,0,0,0,1935626,5634815
Hastings District,21/08/2014,Thu,1635,DA,CS1,131A 410A ,X,E,D,O ,F , , ,C,100,0,0,0,1935115,5633612
Hastings District,08/07/2014,Tue,1807,DA,CN1,131A 514A ,F,M,D,DO,F , ,N,C,100,0,0,0,1934534,5633019
Hastings District,30/06/2014,Mon,655,GE,MN1CC,151A 160A 132C 137C 926 ,,E,D,DN,F ,D,N,C,100,1,0,1,1937011,5613280
Hastings District,08/02/2014,Sat,1220,AD,CN1,135A 801 ,V,R,W,ON,H , ,N,C,100,0,0,0,1936395,5612084
Hastings District,07/04/2014,Mon,1749,DA,CN1,111A 131A 403A ,,M,W,DN,F , ,N,C,100,0,0,0,1936239,5611901
Hastings District,16/10/2014,Thu,714,AA,SN1T,128A ,,R,D,B ,F , , ,C,50,0,1,0,1936348,5611361
Hastings District,22/04/2014,Tue,1000,MD,4N1V,308B 375B 929 ,,E,D,B ,F ,D,N,C,50,0,0,0,1936201,5611046
Hastings District,27/05/2014,Tue,1658,GD,4S1C4,331A 350A 929 ,,R,D,TF,F ,D,N,C,50,0,0,2,1936088,5610945
Hastings District,03/09/2014,Wed,1855,AC,CS1C,357A 512A 357B ,,R,D,DO,F ,T,N,C,50,0,0,0,1935967,5610727
Hastings District,11/11/2014,Tue,1316,CC,CS1,130A 353A ,V,R,D,BF,F ,T,G,C,80,0,0,0,1934768,5608831
Hastings District,02/01/2014,Thu,2229,DA,CS1,111A 131A ,F,E,D,DO,F ,M,G,R,80,0,0,0,1934180,5607200
Hastings District,21/11/2014,Fri,1810,EC,CS1,827,D,R,D,BN,F , ,N,C,80,0,0,0,1933957,5607005
Hastings District,28/03/2014,Fri,742,CC,CS1,134A 358A ,V,R,D,BF,F , ,N,C,80,0,0,0,1933933,5606989
Hastings District,18/02/2014,Tue,815,GD,VE1CC,181A ,,R,D,BF,F ,X,S,C,80,0,0,0,1933194,5606508
Hastings District,28/11/2014,Fri,1440,LB,CS14,303B 924 ,,R,D,B ,F ,D, ,L,80,0,1,3,1932941,5606376
Hastings District,26/09/2014,Fri,455,CB,CE1,410A 514A ,V,R,D,DN,F , ,N,C,80,0,0,1,1932783,5606292
Hastings District,05/04/2014,Sat,1235,JA,CW14,301B 353B 377B ,,E,W,OF,L ,T,S,C,80,0,0,0,1932606,5606198
Hastings District,03/06/2014,Tue,1722,GD,CS1C,112A 331A 350A 402B 801 ,,R,W,DO,L ,T,G,C,50,0,0,0,1931688,5605956
Hastings District,24/07/2014,Thu,1741,GD,CW1V,386A 507A ,,R,D,TO,F ,T,G,C,50,0,0,1,1931688,5605956
Hastings District,31/07/2014,Thu,1551,JA,CN1T,302B 375B ,,M,D,O ,F ,X,G,R,80,0,2,0,1925321,5599569
Hastings District,15/12/2014,Mon,1650,LB,CW2C,301A 375A ,,R,D,BF,F ,X,S,P,80,0,0,0,1925321,5599569