TLANAME,CRASHDATE,CRASHDOW,CRASHTIME,MVMT,VEHICLES,CAUSES,OBJECTSSTRUCK,ROADCURVE,ROADWET,LIGHT,WTHRa,JUNCTYPE,TRAFCTRL,ROADMARK,SPDLIM,CRASHFATALCNT,CRASHSEVCNT,CRASHMINCNT,EASTING,NORTHING
Hastings District,21/12/2014,Sun,1041,HA,CS1CV,301B ,,R,D,B ,F ,X,S,C,100,0,0,1,1925271,5598887
Hastings District,10/05/2014,Sat,206,EC,TN1,912,W,R,D,DN,M , , ,C,100,0,0,0,1924636,5597653
Hastings District,10/06/2014,Tue,840,DB,CN1,110A 131A ,G,S,D,O ,F , ,N,C,100,0,0,0,1923610,5596672
Hastings District,05/01/2014,Sun,1227,FD,TS1C,112A 181A 331A ,X,R,D,B ,F , , ,C,100,0,0,1,1922382,5595996
Hastings District,17/04/2014,Thu,930,DB,CN1,131A 350A ,FX,E,W,ON,L , ,N,C,100,0,0,0,1921102,5594963
Hastings District,14/08/2014,Thu,725,AD,CN1C,150A 653A ,F,E,W,B ,F , ,N,C,100,0,0,0,1916092,5591015
Hastings District,19/11/2014,Wed,1640,NA,TN1E,132A 713B ,,R,D,O ,F , ,N,C,100,1,0,0,1915989,5590868
Hastings District,06/01/2014,Mon,1318,GB,4S1C,175B 320B 361B ,,R,D,BF,F ,T,N,C,100,0,0,0,1914124,5588056
Hastings District,17/02/2014,Mon,1848,DA,CS1,131A ,G,E,D,BF,F , ,N,C,100,0,0,0,1912945,5586948
Hastings District,04/10/2014,Sat,1700,BF,CN1C,131A 358A ,,M,D,BN,F , ,N,L,100,0,0,0,1912565,5586824
Hastings District,14/12/2014,Sun,1145,DA,CS1,132A ,TX,M,W,O ,L , ,N,C,100,0,0,0,1906957,5677209
Hastings District,14/12/2014,Sun,1250,FA,CS1C,132A 181A 182B ,,R,W,B ,F , ,N,C,100,0,0,0,1906957,5677209
Hastings District,02/01/2014,Thu,1600,DA,MN1,131A ,,M,D,B ,F , , ,C,100,0,0,1,1907487,5677159
Hastings District,04/12/2014,Thu,1350,DA,CN1,410A ,V,M,D,O ,F , , ,L,100,0,0,0,1907605,5676602
Hastings District,28/05/2014,Wed,2000,DA,CS1,137A ,C,M,D,DN,F , ,N,C,100,0,0,1,1908294,5674990
Hastings District,30/04/2014,Wed,1850,BF,CN14,131A 191A ,,M,W,DN,L , , ,C,100,0,0,0,1908541,5674756
Hastings District,03/01/2014,Fri,2315,DA,CN1,101A 111A 131A 801 903 ,G,S,W,DN, S, ,N,C,100,0,0,0,1908802,5674662
Hastings District,01/02/2014,Sat,2359,DB,CN1,131A 359A 402A ,EZ,E,W,DN,F , , ,C,100,0,0,1,1909401,5673754
Hastings District,25/06/2014,Wed,610,BB,CN1T,129A 350A ,E,M,D,DN,F , ,N,C,100,0,0,0,1909289,5672796
Hastings District,20/08/2014,Wed,1142,CA,CS1,130A 501A ,CFS,R,W,O ,L , , ,L,100,0,0,0,1908549,5665026
Hastings District,28/09/2014,Sun,1531,DA,4S1,111A 131A 420A ,C,M,W,O ,H , , ,C,100,0,0,0,1910329,5664346
Hastings District,07/09/2014,Sun,1247,DA,CE1,131A 135A 901 ,EF,M,W,O ,H , ,N,C,100,0,0,0,1910505,5664314
Hastings District,06/09/2014,Sat,1330,DA,VS1,131A 632A 800 801 ,C,M,W,O ,L , , ,C,100,0,0,1,1910514,5664311
Hastings District,07/08/2014,Thu,608,DB,VN1,135A 802 ,C,E,I,DN,FF, , ,C,100,0,0,0,1910593,5664268
Hastings District,26/05/2014,Mon,150,QG,TN1,130A 903 ,F,R,D,DN,FS, , ,C,100,0,0,0,1911429,5661143
Hastings District,24/05/2014,Sat,2111,QG,VS1,130A 901 903 ,,R,W,DN,HS, , ,C,100,0,0,0,1911481,5660106
Hastings District,22/11/2014,Sat,1004,QG,CS1,135A 903 ,,R,D,BF,FS, ,N,C,100,0,0,0,1912034,5659294
Hastings District,05/08/2014,Tue,740,DA,VN1,136A 802 ,V,M,I,ON,FF, ,N,C,100,0,0,0,1912165,5658916
Hastings District,26/08/2014,Tue,2230,DB,CN1,137A 504A ,,E,D,DN,F , ,N,C,100,0,0,1,1913798,5657401
Hastings District,01/12/2014,Mon,1520,FD,4N1CC,181A 331A 817 ,,R,W,O ,L , ,T,L,100,0,0,0,1914232,5656686
Hastings District,01/12/2014,Mon,1550,FD,CS1C,181A 351A ,,R,W,O ,F , ,N,C,80,0,0,0,1914252,5656588
Hastings District,12/07/2014,Sat,1145,FA,CS1C,137A 191B ,,M,W,B ,F , ,N,C,100,0,0,0,1917435,5654335
Hastings District,30/05/2014,Fri,1250,BF,CN1C,111A 131A 801 ,G,M,W,O ,L , , ,C,100,0,0,2,1917729,5653873
Hastings District,30/12/2014,Tue,21,DA,CN1,131A 412A ,C,M,D,DN,F , , ,C,100,0,0,0,1918643,5652876
Hastings District,05/03/2014,Wed,2055,DB,CS1,131A 800 ,T,M,W,DN,F , , ,C,100,0,0,1,1918084,5648843
Hastings District,05/09/2014,Fri,1720,DA,CS1,110A 404A ,,M,W,DF,F , ,N,C,100,0,0,0,1918849,5648352
Hastings District,27/01/2014,Mon,1559,QG,CN1,682A ,CG,E,W,O ,L , , ,C,100,0,0,0,1919007,5646960
Hastings District,29/10/2014,Wed,1250,MO,CS1C,108A 130A 505A ,,R,D,B ,F , , ,L,100,0,0,0,1920018,5645241
Hastings District,02/01/2014,Thu,640,DA,CS1,130A 411A ,E,E,D,B ,F , , ,C,100,0,7,0,1919840,5644306
Hastings District,04/04/2014,Fri,2305,DA,CS1,129A 402A 501A ,T,E,D,DN,F , ,N,C,100,0,0,0,1920446,5642574
Hastings District,23/03/2014,Sun,1240,GD,TN1C,831,,M,D,BN,F ,T,G,C,100,0,0,0,1928386,5634521
Hastings District,09/06/2014,Mon,1539,DA,TS1,131A 631A ,F,E,D,O ,F , , ,C,100,0,0,0,1928402,5634502
Hastings District,23/06/2014,Mon,735,DA,TS1,129A 131A ,,M,D,B ,F , , ,C,100,0,0,0,1928439,5634437
Hastings District,26/04/2014,Sat,1120,BB,CS1C,205A 358A 404A ,,M,D,B ,F , , ,C,100,0,0,2,1929603,5632906
Hastings District,12/04/2014,Sat,1056,FD,CS1C,181A ,,R,D,B ,F , , ,C,100,0,0,0,1931411,5614868
Hastings District,26/02/2014,Wed,2100,FD,CS1CC,331A 339A ,,R,D,DO,F , ,N,C,100,0,0,0,1931366,5614707
Hastings District,05/04/2014,Sat,1314,FD,VS14O,181A 330A ,,R,W,O ,L , ,N,L,100,0,0,2,1930994,5613704
Hastings District,07/07/2014,Mon,1818,FD,CS14,181A ,,R,D,DO,F ,T,G,R,100,0,0,0,1930942,5613559
Hastings District,07/06/2014,Sat,725,GE,CW1V,333A 387A 929 ,V,R,D,TN,F ,D,N,C,100,0,0,0,1930838,5613562
Hastings District,25/10/2014,Sat,741,GE,CW1C,160A 333A 929 ,,R,D,BN,F ,D,N,C,100,0,0,0,1929830,5613791
Hastings District,01/09/2014,Mon,800,BE,CW1C,181A 197A ,,R,W,ON,F , ,N,C,100,0,0,2,1929225,5614134
Hastings District,02/04/2014,Wed,1400,AF,TS1O,150A 386A ,,R,D,B ,F , ,N,C,100,0,0,0,1923927,5612335
Hastings District,15/04/2014,Tue,1525,CB,CN1,130A 504A ,X,R,D,O ,F , ,N,C,50,0,0,0,1923190,5611873
Hastings District,16/08/2014,Sat,2103,BF,4N1C,129A ,,E,D,DN,F , ,N,C,100,0,1,1,1923274,5610761
Hastings District,16/03/2014,Sun,1045,JA,4E2C,113B 302B ,,R,D,BF,F ,T,G,C,100,0,0,0,1916081,5604836
Hastings District,25/02/2014,Tue,955,FD,CS1T,181A 331A ,,R,D,B ,F , , ,C,100,0,0,0,1915854,5604849
Hastings District,03/03/2014,Mon,1345,BB,CE1C,123A ,C,M,D,B ,F , , ,L,100,1,0,3,1909814,5604671
Hastings District,29/05/2014,Thu,1540,EO,CW1L,112A 129A 386A 403A 444B ,Q,R,D,O ,F , , ,C,100,0,0,0,1909348,5604756
Hastings District,18/04/2014,Fri,1440,FB,CN1V,331A ,,R,W,ON,L , ,G,C,100,0,0,0,1898738,5595854
Hastings District,26/05/2014,Mon,445,EC,VS1,821,X,R,D,DN,FS, ,N,L,100,0,0,0,1898499,5594297
Hastings District,07/07/2014,Mon,1810,LB,CN1C,303B 387B ,,R,D,DO,F ,T,G,R,100,0,0,2,1930935,5613540
Hastings District,20/06/2014,Fri,1740,LB,CN1C,303B ,,R,D,DO,F ,T,G,C,100,0,0,0,1930935,5613540
Hastings District,01/10/2014,Wed,2225,LB,CN1C,303B 353B 375B ,S,R,D,DO,F ,T,G,R,100,0,0,1,1930935,5613540
Hastings District,14/02/2014,Fri,820,LB,CN1C,303B 375B ,,R,D,B ,F ,T,G,R,100,0,0,2,1930935,5613540
Hastings District,10/12/2014,Wed,1506,FA,4W1C,181A 191B ,,R,D,B ,F ,T,G,C,100,0,0,0,1930935,5613540
Hastings District,29/09/2014,Mon,5,BA,4S1C,125A 330A ,,R,W,DN,L , ,N,N,100,0,0,0,1930905,5613444
Hastings District,27/01/2014,Mon,1645,EB,SN14,331A 350A ,Q,M,D,BF,F , ,N,C,100,0,1,0,1930184,5609587
Hastings District,21/03/2014,Fri,1101,EA,SE1V,331A 350A ,Q,R,D,O ,F , , ,C,100,0,1,0,1928653,5608211
Hastings District,10/02/2014,Mon,2200,DA,CE1,131A ,F,E,D,DN,F , ,N,C,100,0,0,0,1928111,5607801
Hastings District,02/02/2014,Sun,2134,CC,CW1,101A 112A ,F,R,D,DN,F , ,N,C,100,0,0,0,1928031,5607741
Hastings District,20/04/2014,Sun,1152,CA,MS1,112A 130A 514A ,I,R,D,B ,F , , ,R,100,0,1,0,1927728,5607512
Hastings District,11/03/2014,Tue,1800,AO,TS1C,386A ,,E,D,B ,F , , ,C,100,0,0,0,1927657,5607457
Hastings District,18/04/2014,Fri,1140,AC,CW1M,372A ,,M,D,OF,F ,R,G,R,50,0,0,0,1927641,5607416
Hastings District,05/08/2014,Tue,1500,GF,CS1C,184A 184B ,,E,D,B ,F ,R,G,R,50,0,0,0,1927633,5607439
Hastings District,24/06/2014,Tue,,AC,CS14,372B ,,E,D,B ,F ,R,G,C,50,0,0,0,1927607,5607382
Hastings District,07/05/2014,Wed,20,DA,CS1,111A 131A 402A 514A ,FP,R,D,DO,F ,R,G,C,50,0,0,0,1927607,5607382
Hastings District,17/01/2014,Fri,1930,DA,CE1,129A 131A 402A ,IS,R,D,TF,F ,R,G,R,50,0,0,0,1927607,5607382
Hastings District,29/03/2014,Sat,4,MC,CN1C,372B ,,E,D,DN,F , ,N,C,100,0,1,1,1926331,5606411
Hastings District,24/02/2014,Mon,1007,QG,TN1,111A 682A ,,M,D,BF,F ,R,G,R,100,0,0,0,1925557,5603150
Hastings District,01/06/2014,Sun,1300,DA,CN1,111A 131A 801 ,P,M,W,O ,L ,R,G,R,100,0,0,0,1925537,5603173
Hastings District,02/05/2014,Fri,1855,EC,VN1,912,W,R,D,DN,F , , ,C,100,0,0,0,1925198,5602298
Hastings District,20/05/2014,Tue,820,DC,CS2,110A 335A 904 ,,R,D,O ,M ,T,G,R,100,0,0,0,1924951,5601696
Hastings District,28/03/2014,Fri,2105,CC,CS1,125A 358A ,,R,D,DN,F , ,N,C,100,0,0,1,1924843,5600698
Hastings District,20/07/2014,Sun,1115,KB,CS1C,197A 302B 404B ,GS,E,W,O ,L ,X,G,R,80,0,0,0,1925321,5599569
Hauraki District,27/07/2014,Sun,415,DB,CN1,101A 111A 357A ,P,M,W,DO,F ,T,N,C,50,0,1,0,1837473,5860230
Hauraki District,01/07/2014,Tue,1538,CC,VS1,137A 195A 350A ,,R,D,O ,F , ,N,C,100,0,0,1,1831218,5862878
Hauraki District,09/03/2014,Sun,1250,CC,CS1,136A 631A ,F,R,D,B ,F , , ,C,100,0,0,0,1831168,5858427
Hauraki District,10/08/2014,Sun,10,DA,400,131A 403A 802 ,FHX,E,I,DO,FF,T,G,C,50,0,0,0,1836448,5860037
Hauraki District,28/02/2014,Fri,1055,DA,VS1,131A 681A ,F,M,D,BN,F , ,N,C,100,0,0,0,1822379,5877709
Hauraki District,10/02/2014,Mon,1320,CB,CS1,129A 500A 810 ,V,R,D,B ,F , ,N,C,100,0,0,0,1824339,5872112
Hauraki District,19/01/2014,Sun,1812,JA,CS14,308B 375B 927 ,,R,D,O ,F ,D,N,N,100,0,0,2,1816984,5869496
Hauraki District,30/07/2014,Wed,1900,CC,VS1,112A 130A ,Z,R,D,DN,F , , ,C,100,0,0,0,1817927,5867409
Hauraki District,12/04/2014,Sat,2206,DA,VN1,103A 111A 131A ,F,E,D,DN,F , , ,C,70,0,1,0,1804305,5891429
Hauraki District,27/04/2014,Sun,1425,DB,MS1,131A ,F,E,D,B ,F , , ,C,100,0,0,0,1804353,5895918
Hauraki District,06/05/2014,Tue,859,DB,CS1,357A 512A ,H,M,D,B ,F ,T,N,N,50,0,0,0,1836244,5859558
Hauraki District,25/11/2014,Tue,1515,DB,CW1,101A 111A ,F,M,D,B ,F , ,N,C,100,0,0,0,1805213,5882208
Hauraki District,28/06/2014,Sat,1519,CB,CN1,130A 501A ,TV,R,D,B ,F , , ,C,100,0,0,2,1808528,5878981
Hauraki District,28/03/2014,Fri,930,KB,CN1C,302B 375B ,,R,D,BF,F ,T,G,C,50,0,0,0,1852145,5857613
Hauraki District,28/07/2014,Mon,1440,MO,VE1C,371A 386A 929 ,M,R,D,B ,F ,D,N,C,50,0,0,0,1852703,5859339
Hauraki District,02/01/2014,Thu,2250,DA,CN1,131A ,F,E,D,DN,F , , ,C,100,0,0,1,1857138,5861752
Hauraki District,11/07/2014,Fri,1128,JA,CN1P,308B 377B 839 927 ,,R,D,ON,F ,D,N,C,50,0,0,1,1851617,5857920
Hauraki District,06/04/2014,Sun,1626,CB,CS1,137A ,CV,R,D,OF,F , ,N,C,100,0,0,0,1827300,5876579
Hauraki District,16/02/2014,Sun,1350,FA,MS1M,104A 111A ,FF,M,D,B ,F , ,N,C,100,0,1,1,1831093,5867280
Hauraki District,07/03/2014,Fri,2330,CC,VW1,103A 410A ,V,R,D,DN,F , ,N,N,100,0,0,0,1835195,5862365
Hauraki District,19/03/2014,Wed,1552,DB,CW1,131A 402A 412A ,F,E,D,B ,F , , ,C,100,0,0,1,1835011,5862287
Hauraki District,27/06/2014,Fri,1333,CB,4S1,137A 195A ,,R,W,O ,FS, ,N,C,100,0,0,0,1822034,5869532
Hauraki District,03/10/2014,Fri,813,DA,CN1,135A 402A 800 903 ,V,M,W,O , S, , ,C,100,0,0,0,1822274,5867566
Hauraki District,27/09/2014,Sat,2015,HA,CE1M,113B 302B ,,R,D,DO,F ,X,G,P,50,0,2,2,1851142,5857723
Hauraki District,21/04/2014,Mon,1451,HA,CE1C,302B 375B ,,E,D,O ,L ,T,G,R,50,0,0,2,1851426,5857701
Hauraki District,23/11/2014,Sun,1928,MO,TE1,371A ,P,R,D,TF,F , ,N,C,50,0,0,0,1850911,5857693
Hauraki District,27/10/2014,Mon,1230,BB,CN1V,123A 205A ,,M,D,O ,F , , ,N,100,0,0,1,1845257,5855964
Hauraki District,19/12/2014,Fri,1355,CB,CW1,129A 410A ,FP,R,D,B ,F , ,N,C,100,0,0,0,1824743,5872142
Hauraki District,11/06/2014,Wed,234,CA,VS1,132A 901 903 ,V,R,W,DN,HS, , ,C,100,0,0,1,1819217,5874835
Hauraki District,03/10/2014,Fri,1040,DA,CE1,103A 111A 131A ,V,S,W,ON,L , ,N,C,100,0,1,1,1832725,5860932
Hauraki District,29/08/2014,Fri,2130,DA,CS1,111A 131A 351A 801 ,VZ,S,W,DN,L , , ,N,100,0,0,0,1833155,5860688
Hauraki District,20/09/2014,Sat,1654,PO,4S1EC,722B 101C 109C 357C 929 ,,R,D,O ,L ,D,N,L,100,1,0,0,1845135,5854985
Hauraki District,03/06/2014,Tue,1852,BF,CN1C,111A 131A 514A ,,E,D,DO,F , , ,N,50,0,0,1,1836146,5860066
Hauraki District,23/04/2014,Wed,2209,HA,CN2C,321A ,,R,D,DO,F ,T,S,C,50,0,0,0,1851863,5857257
Hauraki District,05/02/2014,Wed,1540,GE,VE1C,160A 929 ,,R,D,O ,F ,D,N,C,100,0,0,0,1837347,5857174
Hauraki District,10/01/2014,Fri,1120,CB,CE1E,130A ,KX,R,D,B ,F ,R,G,R,50,0,1,0,1851581,5858000
Hauraki District,22/08/2014,Fri,1242,DA,TN1,130A 501A ,F,E,D,B ,F ,X,G,C,100,0,0,0,,
Hauraki District,12/06/2014,Thu,812,KA,CS1C,302B 901 ,,R,W,O ,H ,X,G,C,50,0,0,0,1851451,5857583
Hauraki District,24/07/2014,Thu,1607,EA,OW14,357A 512A ,M,R,D,B ,F , ,N,N,50,0,0,0,1851451,5857519
Hauraki District,27/06/2014,Fri,2018,CB,CS1,112A 138A ,F,R,W,DN,L , ,N,N,50,0,0,0,1835154,5860338
Hauraki District,16/08/2014,Sat,1129,HA,CS1C,302B 353B 375B ,,R,D,B ,F ,X,G,N,50,0,0,0,1850976,5857522
Hauraki District,17/05/2014,Sat,2100,DA,CW1,103A 111A 129A 134A ,F,E,D,DN,F , , ,C,100,0,1,1,1856202,5854838
Hauraki District,08/02/2014,Sat,950,DB,CE1,131A 801 ,F,M,W,O ,H , , ,C,100,0,0,0,1856212,5854840
Hauraki District,23/01/2014,Thu,1100,BB,CW1V,123A ,,E,D,B ,F , ,N,C,80,0,0,0,1846096,5852389
Hauraki District,07/01/2014,Tue,727,DA,TS1,130A 363A 687A 810 902 ,T,M,D,O ,F , , ,N,100,0,0,1,1844873,5853626
Hauraki District,22/01/2014,Wed,2000,CC,CN1,103A ,CV,R,D,BN,F , ,N,C,100,0,0,1,1849703,5854856
Hauraki District,07/02/2014,Fri,2005,DA,CN1,101A 111A 131A ,T,E,W,ON,H , ,N,C,100,0,1,0,1849268,5854595
Hauraki District,11/03/2014,Tue,1040,HA,CE1C,301B 375B ,,R,D,BF,F ,X,S,C,50,0,0,0,1836231,5859764
Hauraki District,22/01/2014,Wed,1900,HA,CW1C,301B 902 ,,R,D,B ,F ,X,S,C,50,0,0,0,1836231,5859764
Hauraki District,23/10/2014,Thu,230,CB,CN1,103A 112A 130A ,F,R,D,DF,F , ,N,L,90,0,0,0,1805995,5871273
Hauraki District,15/04/2014,Tue,1247,QG,TN1T,330A 682A ,G,E,D,B ,F , ,N,C,90,0,0,0,1806219,5871604
Hauraki District,20/01/2014,Mon,1204,DA,VN1,134A 350A ,G,M,W,O ,L , ,N,L,90,0,0,0,1806238,5871612
Hauraki District,22/03/2014,Sat,1441,MB,VE1C,372B 375B ,,E,D,BN,F , ,N,C,90,0,0,1,1807234,5871887
Hauraki District,02/10/2014,Thu,1545,DB,MW1,131A 805 817 ,,E,W,O ,L ,T,G,N,100,0,0,0,1807722,5871912
Hauraki District,25/06/2014,Wed,2349,DA,CW1,110A 131A ,C,M,W,DN,H , ,N,C,100,0,0,0,1808532,5871532
Hauraki District,03/08/2014,Sun,1126,DB,CS1CC,111A 131A 901 ,G,M,W,O ,H ,T,G,R,100,0,0,1,1810222,5870180
Hauraki District,23/10/2014,Thu,1434,DC,CS1,111A 131A ,G,S,D,O ,F ,T,G,R,100,0,0,0,1810222,5870180
Hauraki District,21/04/2014,Mon,1550,FD,CW1C,181A 330A ,,R,D,B ,F ,T,S,C,100,0,0,0,1810252,5870175
Hauraki District,20/03/2014,Thu,640,DC,CS1,112A 330A ,G,R,D,DN,M ,T,G,C,100,0,0,0,1814672,5871266
Hauraki District,31/12/2014,Wed,2030,FD,CE1C,181A ,,R,D,TF,F , ,N,C,100,0,0,1,1815008,5871277
Hauraki District,27/07/2014,Sun,1655,FC,CE1C,181A 330A ,,R,D,B ,F , ,N,C,50,0,0,0,1820189,5871605
Hauraki District,09/10/2014,Thu,1026,NA,CS1E,341A 350A ,,R,D,OF,F ,T,S,C,50,0,0,1,1821307,5871575
Hauraki District,29/03/2014,Sat,1050,FF,CW1V,181A 925 ,,R,D,OF,F ,D,N,C,80,0,0,0,1821327,5871574
Hauraki District,19/08/2014,Tue,248,EC,VN1,912,W,R,D,DN,F , ,N,C,100,0,1,0,1824481,5871579
Hauraki District,29/06/2014,Sun,501,CB,CE1,134A 410A ,,R,D,DN,F , ,N,C,100,0,0,0,1830986,5867302
Hauraki District,29/09/2014,Mon,1244,DA,CN1,111A 131A ,FX,M,D,ON,F , ,N,C,100,0,0,0,1831194,5865012
Hauraki District,24/11/2014,Mon,500,EC,TS1,912,W,E,D,DN,F , , ,C,100,0,0,0,1831247,5864852
Hauraki District,08/12/2014,Mon,1449,JA,VS1C,302B ,,R,D,BF,F ,X,G,C,100,0,2,1,1831240,5864232
Hauraki District,29/11/2014,Sat,1645,GE,MN1C,160A 330A 929 ,,R,D,B ,F ,D,N,L,100,0,1,0,1831231,5863622
Hauraki District,11/06/2014,Wed,1920,LB,4N1C,137A 303B 404B 901 903 ,,E,W,DO,HS,T,G,L,100,0,0,0,1831278,5863430
Hauraki District,07/09/2014,Sun,1833,MC,CS1C,372B ,,M,D,DO,F , , ,C,100,0,0,0,1831448,5863251
Hauraki District,01/05/2014,Thu,1820,CB,CE1,129A ,F,R,D,DN,F , ,N,C,100,0,0,0,1831568,5863161
Hauraki District,13/07/2014,Sun,1340,FD,CE1C,181A ,,R,D,BN,F , ,N,C,70,0,0,0,1834332,5862353
Hauraki District,29/10/2014,Wed,1630,BE,CS1V,130A 358A ,,R,D,TN,F , , ,C,100,0,1,1,1834389,5862320
Hauraki District,19/03/2014,Wed,1411,GD,CN14,331A 352A ,,R,D,B ,F ,T,G,C,50,0,0,0,1835843,5860559
Hauraki District,26/12/2014,Fri,1140,LB,CW1C,103B 303B 375B ,,R,D,BN,F ,T,G,C,50,0,0,3,1836030,5860253
Hauraki District,02/10/2014,Thu,2040,DA,CN1,131A 402A ,FP,M,W,DO,L , ,N,C,50,0,0,0,1836072,5860182
Hauraki District,01/11/2014,Sat,1320,LB,PS1C,303B ,,R,D,B ,F ,T,G,C,50,0,0,1,1836226,5860027
Hauraki District,09/12/2014,Tue,1317,JA,CN1C,302B ,,E,D,O ,F ,T,G,C,50,0,0,0,1836218,5859955
Hauraki District,02/01/2014,Thu,1307,MO,CN1C,357A 371A ,M,R,D,B ,F , , ,C,50,0,0,0,1836274,5859849
Hauraki District,14/04/2014,Mon,1000,EE,VN1C,374B ,M,R,W,OF,L , ,N,C,50,0,0,0,1836381,5859673
Hauraki District,19/02/2014,Wed,1503,KB,CS1C,302B 353B 375B ,,M,D,BF,F ,T,G,N,50,0,0,0,1836433,5859588
Hauraki District,09/07/2014,Wed,1800,KB,CN1CC,137A 302B 330B 375B ,,R,W,DO,HS,X,G,C,50,0,0,0,1836758,5859310
Hauraki District,27/07/2014,Sun,800,CB,4N1,131A 410A 427A ,CV,R,D,O ,F , ,N,C,80,0,0,0,1839941,5855861
Hauraki District,24/04/2014,Thu,330,DA,TE1,135A 661A ,G,E,D,DN,F , ,N,C,80,0,0,0,1841162,5854738
Hauraki District,16/02/2014,Sun,35,DB,VS1,104A 131A ,C,E,D,DN,F , , ,C,80,0,0,2,1841349,5854772
Hauraki District,12/10/2014,Sun,2350,DB,CE1,129A 402A 410A ,KV,M,D,DN,F , , ,L,80,0,0,1,1842814,5855206
Hauraki District,01/01/2014,Wed,2323,DA,CW1,111A 131A ,G,S,W,DN,M , , ,L,80,0,0,0,1842908,5855278
Hauraki District,20/07/2014,Sun,2110,DA,CS1,131A 410A 801 ,,S,W,DN,H , , ,C,80,0,0,0,1843323,5855073
Hauraki District,28/11/2014,Fri,1100,DA,CE1,111A 131A ,C,M,W,ON,L , ,N,C,80,0,0,0,1843742,5855236
Hauraki District,11/02/2014,Tue,1310,CB,4N1,130A 410A ,C,R,D,B ,F , ,N,C,80,0,0,0,1845954,5855510
Hauraki District,28/04/2014,Mon,2015,FA,TN1V,331A 901 ,Z,R,W,O ,H , , ,C,100,0,0,0,1846152,5855349
Hauraki District,24/08/2014,Sun,815,DB,CS1,130A 327A 402A ,FX,E,D,B ,F , , ,L,100,0,0,0,1847766,5855902
Hauraki District,15/10/2014,Wed,1030,AD,VW1C,159A ,,R,D,B ,F , , ,L,50,0,0,0,1848431,5856338
Hauraki District,18/09/2014,Thu,1210,AD,CE1C,129A 134A 158A ,C,E,D,ON,F , ,N,L,100,0,0,0,1849147,5856843
Hauraki District,13/07/2014,Sun,525,CB,CW1,110A 330A ,F,R,W,DO,M ,T,G,C,100,0,0,0,1849895,5856956
Hauraki District,14/12/2014,Sun,1430,DB,CS1,131A 801 901 ,C,S,W,O ,H , , ,C,80,0,0,0,1850562,5857578
Hauraki District,12/04/2014,Sat,1630,JC,CE2C,301A 375A ,,R,D,BF,F ,X,S,R,50,0,0,0,1850716,5857732
Hauraki District,01/08/2014,Fri,1737,LB,CS14,303B 375B ,,M,D,TO,F ,T,G,R,70,0,0,1,1850716,5857732
Hauraki District,21/11/2014,Fri,1115,KA,TW1C,302B 350B 375B ,,R,D,OF,F ,X,G,C,70,0,0,1,1851087,5857863
Hauraki District,23/02/2014,Sun,1340,DB,VS2C,103A 131A 133A 402A ,,R,W,O ,L ,X,G,C,50,0,0,1,1851087,5857862
Hauraki District,13/03/2014,Thu,1000,NB,CE1,719B ,,R,D,BF,F ,R,G,C,50,0,1,0,1851446,5857913
Hauraki District,06/09/2014,Sat,1156,BE,CN1S,130A 410A 204B ,,E,W,O ,L ,X,S,P,50,1,0,1,1851606,5857666
Hauraki District,24/12/2014,Wed,1040,BB,CS2C,124A ,,M,D,B ,F ,X,S,P,50,0,0,0,1851606,5857666
Hauraki District,06/09/2014,Sat,1156,DA,CW1S,131A 410A ,,E,W,OF,L ,X,S,P,50,0,1,1,1851612,5857657
Hauraki District,08/01/2014,Wed,1825,CC,40,129A 410A ,PS,R,D,B ,F ,T,G,C,50,0,0,0,1852072,5857462
Hauraki District,15/03/2014,Sat,1730,DA,CN1,136A 806 ,,E,W,ON,HS, ,N,C,100,0,0,0,1853969,5854108
Hauraki District,22/02/2014,Sat,1115,DA,CE1,111A 131A 404A ,V,E,W,O ,L , , ,C,100,0,0,2,1853973,5854059
Hauraki District,03/08/2014,Sun,2120,CB,CS1,129A 601A ,X,R,W,DN,F , ,N,C,100,0,0,0,1853977,5854009
Hauraki District,16/05/2014,Fri,151,EC,TN1,904 912 ,W,E,D,DN,M , , ,C,100,0,0,0,1853993,5853890
Hauraki District,22/05/2014,Thu,920,FD,MN1CC,102A 181A 331A ,,R,D,B ,F , ,N,C,100,0,1,0,1854108,5853424
Hauraki District,13/09/2014,Sat,755,DA,CS1,131A 358A 806 ,F,E,W,O ,L , , ,C,100,0,0,0,1854183,5853134
Hauraki District,17/12/2014,Wed,245,DB,TN1,131A 901 ,,M,W,DN,HS, ,N,C,100,0,0,0,1854207,5853064