TLANAME,CRASHDATE,CRASHDOW,CRASHTIME,MVMT,VEHICLES,CAUSES,OBJECTSSTRUCK,ROADCURVE,ROADWET,LIGHT,WTHRa,JUNCTYPE,TRAFCTRL,ROADMARK,SPDLIM,CRASHFATALCNT,CRASHSEVCNT,CRASHMINCNT,EASTING,NORTHING
Hauraki District,18/01/2014,Sat,934,DA,VN1,134A 404A ,F,M,D,B ,F , ,N,L,10,0,0,1,1854194,5852544
Hauraki District,22/05/2014,Thu,1225,GF,4W2C,129A 176A 644A 158B ,,R,D, N,F ,T,G,R,100,0,0,0,1807722,5871912
Hauraki District,17/11/2014,Mon,1555,DA,CN1,111A 131A 404A ,P,E,D,BN,F ,T,S,C,100,0,0,0,1808840,5872721
Hauraki District,23/12/2014,Tue,1130,GD,VN1C,331A 350A ,,R,D,B ,F ,X,G,L,100,0,0,0,1809680,5873634
Hauraki District,20/02/2014,Thu,615,DA,TE1,110A 330A ,B,E,D,OF,F ,T,N,C,70,0,0,0,1812377,5876327
Hauraki District,11/08/2014,Mon,2030,EC,VW1,912,W,R,D,DN,F , ,N,C,100,0,0,0,1819770,5878168
Hauraki District,20/02/2014,Thu,1639,DA,VE1,131A 350A ,F,M,D,B ,F , ,N,C,100,0,0,0,1825198,5879860
Hauraki District,18/08/2014,Mon,550,EC,CW1V,195A 191B 912 ,W,R,D,DN,F , , ,C,100,0,0,1,1825516,5879918
Hauraki District,11/02/2014,Tue,633,JA,CW1C,301B 375B ,,E,D,OF,F ,T,S,R,100,0,0,2,1826483,5880109
Hauraki District,07/02/2014,Fri,948,DA,CN1,131A 631A ,C,M,W,OF,H , ,N,C,100,0,0,0,1854014,5873230
Hauraki District,01/01/2014,Wed,1815,DB,CS1,131A 806 ,C,M,W,O ,F , , ,C,100,0,0,0,1854227,5873200
Hauraki District,16/08/2014,Sat,1700,DA,4N1,134A ,,E,D,O ,F , , ,C,100,0,0,1,1855678,5871314
Hauraki District,03/06/2014,Tue,830,DA,TS1,129A 134A ,C,M,D,BN,F , ,N,C,100,0,0,0,1856546,5868277
Hauraki District,29/03/2014,Sat,1255,BF,ME1M,129A ,,S,D,BF,F , ,N,C,100,0,1,1,1856546,5868277
Hauraki District,17/12/2014,Wed,,DA,4N1,131A 801 ,FV,S,W,DN,L , , ,C,100,0,0,1,1856794,5865208
Hauraki District,24/12/2014,Wed,1825,BC,CN1C,129A ,,S,D,ON,F , ,N,C,100,0,0,1,1856594,5864461
Hauraki District,22/10/2014,Wed,649,DA,VN1,668A ,,M,D,O ,F , , ,C,100,0,0,0,1856589,5864395
Hauraki District,04/01/2014,Sat,1145,BF,CN1VC,131A 801 ,,S,W,O ,L , , ,C,100,0,0,0,1856600,5863948
Hauraki District,21/06/2014,Sat,1028,GD,TS1C,132A 331A 929 ,,R,D,O ,F ,D,N,C,100,0,0,0,1856434,5863071
Hauraki District,02/05/2014,Fri,1737,BF,CN14,131A 205A ,,S,D,O ,F , , ,C,100,0,0,0,1854072,5860531
Hauraki District,10/01/2014,Fri,1848,CB,CS1,129A 134A ,C,R,D,B ,F , ,N,C,100,0,0,1,1853992,5860379
Hauraki District,28/12/2014,Sun,1445,HA,CN1V,301A 335A ,,R,D,BF,F ,X,S,C,50,0,0,0,1851902,5857997
Hauraki District,07/05/2014,Wed,344,DA,CN2,111A 131A ,,R,D,DO,F ,X,S,C,50,0,0,0,1851902,5857997
Hauraki District,24/02/2014,Mon,1100,MB,TS1C,197A 372B 375B 817 ,,R,D,B ,F ,X,S,C,50,0,0,0,1851902,5857997
Hauraki District,27/06/2014,Fri,1400,MO,4W1C,371A ,,R,W,O ,H ,X,S,C,50,0,0,0,1851902,5857997
Hauraki District,21/06/2014,Sat,1137,HA,CN2C,113A 321A ,,R,D,B ,F ,X,S,C,50,0,0,2,1851902,5857997
Hauraki District,15/11/2014,Sat,1126,DA,TN1,131A 903 ,P,E,D,O ,FS, , ,C,100,0,0,0,1834279,5853921
Hauraki District,26/02/2014,Wed,1259,AB,CS1C,197A 331A ,,R,D,BF,F ,T,G,C,80,0,0,0,1836002,5858615
Hauraki District,03/02/2014,Mon,1515,CO,BS1,129A 130A 353A 818 ,B,R,D,BF,F , ,N,C,50,0,0,0,1836710,5859259
Hauraki District,26/08/2014,Tue,1555,HA,CN2C,302A ,FK,R,D,B ,F ,X,G,C,50,0,0,1,1836677,5859493
Hauraki District,16/05/2014,Fri,2252,DA,CN2,103A 131A 402A ,F,M,D,DO,F ,T,G,C,50,0,0,0,1836946,5859807
Hauraki District,22/04/2014,Tue,1045,MB,CS1C,104A 330B 375B 400B ,,R,D,B ,F ,T,S,L,100,0,1,3,1837222,5863488
Hauraki District,21/09/2014,Sun,1505,CB,CN1,129A 410A ,F,R,W,BF,F , ,N,L,100,0,0,0,1810324,5869966
Hauraki District,04/04/2014,Fri,1330,CB,CS1,112A 361A 817 ,,R,D,B ,F , ,N,N,100,0,0,0,1810437,5869728
Hauraki District,28/01/2014,Tue,829,GE,VS1T,160A 333A 929 ,,R,D,B ,F ,D, ,C,100,0,0,0,1810500,5869592
Hauraki District,26/03/2014,Wed,1926,CB,CN1,110A 116A 817 ,FV,R,D,TF,F , ,N,N,80,0,0,1,1811320,5867832
Hauraki District,03/10/2014,Fri,1206,MA,4N1C,330B 373B ,,R,W,O ,L , ,N,C,100,0,0,1,1812833,5867040
Hauraki District,25/07/2014,Fri,359,DB,VS1,131A 350A ,EFT,E,D,DN,F , , ,C,100,0,0,1,1813328,5865243
Hauraki District,08/04/2014,Tue,1830,DA,4N1,111A 131A 191A 800 ,C,M,W,DN,F , , ,C,100,0,0,0,1814048,5862666
Hauraki District,19/09/2014,Fri,2020,BF,CN1C,111A 131A ,,S,W,DN,F , , ,C,100,0,0,0,1814127,5862489
Hauraki District,16/09/2014,Tue,1130,AD,CS1,111A 131A 800 ,FV,E,W,O ,F , , ,C,100,0,0,0,1814150,5861789
Hauraki District,30/04/2014,Wed,1215,DA,CN1,104A 131A 501A ,GPT,E,D,B ,F ,T,S,C,100,0,1,0,1814077,5861609
Hauraki District,07/11/2014,Fri,620,DB,CS1,110A 138A 817 840 ,,M,D,DN,F , ,N,N,50,0,0,0,1814366,5860825
Hauraki District,28/10/2014,Tue,1841,DA,TN1,111A 131A ,FP,M,W,TN,L , , ,L,100,0,0,0,1815500,5860094
Hauraki District,20/01/2014,Mon,1238,DA,CN1,110A 131A 692A ,,S,W,B ,F , ,N,C,100,0,0,0,1815854,5859584
Hauraki District,19/04/2014,Sat,1230,DA,CN1,131A 407A 901 ,V,M,W,O ,H , , ,L,100,0,0,1,1815931,5859434
Hauraki District,14/06/2014,Sat,1015,DA,TN1,129A 134A ,,E,D,B ,F , , ,L,100,0,0,0,1816231,5859230
Hauraki District,03/08/2014,Sun,1520,BF,CN1C,111A 131A 801 ,,M,W,O ,L , , ,L,100,0,0,1,1816258,5859218
Hauraki District,25/03/2014,Tue,1523,BF,CE1C,129A 134A 402A ,EP,E,D,B ,F , ,N,C,100,0,0,2,1816551,5859291
Hauraki District,05/02/2014,Wed,155,CC,TN1,129A 358A ,,R,W,DN,L , ,N,C,100,0,0,1,1819197,5857066
Hauraki District,08/04/2014,Tue,442,EC,TS1T,904 912 ,WW,R,D,DN,M , , ,C,100,0,0,0,1819715,5855976
Horowhenua District,25/06/2014,Wed,855,CB,CE1,133A ,CZ,R,D,O ,F , , ,C,100,0,0,1,1807968,5517914
Horowhenua District,05/04/2014,Sat,808,BB,CN1C,124A 363A 902 ,,E,D,BF,F ,T,N,C,50,0,0,0,1794545,5500478
Horowhenua District,01/07/2014,Tue,847,FD,CE1CC,181A ,IQ,E,W,OF,H ,R,G,R,50,0,0,0,1794348,5500144
Horowhenua District,27/04/2014,Sun,1948,KA,CN1C,302B 375B 402B 801 ,,S,W,DO,L ,R,G,R,50,0,0,1,1793326,5500457
Horowhenua District,05/10/2014,Sun,1650,HA,VW1C,301B 321B 375B ,,R,D,O ,F ,X,S,R,50,0,1,1,1793829,5500168
Horowhenua District,09/04/2014,Wed,950,AA,CE1C,352A 372A ,,R,D,OF,F ,X,T,R,50,0,0,0,1793271,5500503
Horowhenua District,17/02/2014,Mon,1745,HA,CE2C,301B 375B ,,R,D,B ,F ,X,S,R,50,0,0,0,1793639,5500281
Horowhenua District,11/07/2014,Fri,2230,MO,CW1C,512B 514B ,,E,D,DO,F , , ,N,50,0,0,0,1794928,5500820
Horowhenua District,16/07/2014,Wed,924,BB,MN1C,123A ,,M,D,O ,F , , ,C,50,0,1,0,1807148,5505796
Horowhenua District,07/11/2014,Fri,1724,HA,VS1C,302B 375B ,,R,D,B ,F ,X,G,C,50,0,0,2,1793505,5501079
Horowhenua District,24/06/2014,Tue,1253,HA,4N1C,302B ,,R,D,O ,F ,X,G,C,50,0,0,0,1793566,5501182
Horowhenua District,20/03/2014,Thu,2100,HA,CS2C,302A 335A 375A ,,R,D,DO,F ,X,G,C,50,0,0,0,1793380,5500872
Horowhenua District,31/08/2014,Sun,1010,CA,CS1,112A 130A 402A ,F,R,D,B ,F , , ,N,80,0,2,2,1791014,5498836
Horowhenua District,05/11/2014,Wed,725,JA,CE1C,302B 410B ,,R,D,BN,F ,T,G,C,100,0,0,0,1790180,5497818
Horowhenua District,29/05/2014,Thu,629,EC,VW14,912,W,R,W,DN,F , , ,N,80,0,0,0,1789791,5498010
Horowhenua District,17/04/2014,Thu,530,MC,CN1T,330B 372B ,,R,W,DO,L , ,N,C,50,0,0,0,1793386,5500492
Horowhenua District,28/08/2014,Thu,850,HA,CN1C,302A 382A ,,M,D,B ,F ,R,G,N,50,0,0,0,1793326,5500457
Horowhenua District,25/09/2014,Thu,845,HA,CW2S,302A 375A ,,M,D,O ,F ,R,G,C,50,0,0,1,1793342,5500458
Horowhenua District,04/06/2014,Wed,650,JA,SS1C,302B ,,E,D,DO,F ,T,G,C,50,0,0,0,1792859,5499871
Horowhenua District,07/12/2014,Sun,1424,GA,CS1V,181A 387A 929 ,,R,W,O ,L ,D,N,C,50,0,0,0,1794006,5501196
Horowhenua District,01/04/2014,Tue,1010,KB,4N1C,302B 375B ,,M,D,B ,F ,T,G,R,50,0,0,0,1792859,5499871
Horowhenua District,23/02/2014,Sun,1655,GA,CE1C,112A 333A 929 ,,R,D,O ,F ,D, ,N,50,0,0,0,1794060,5499042
Horowhenua District,08/03/2014,Sat,650,CC,CS1,130A 358A 402A ,T,R,D,O ,F , , ,N,100,0,0,0,1790726,5499828
Horowhenua District,19/04/2014,Sat,1744,HA,CW1C,302A ,,R,D,BF,F ,X,G,C,50,0,0,1,1793505,5501079
Horowhenua District,28/09/2014,Sun,16,DB,CW1,103A 131A ,F,M,W,DN,L , ,N,C,100,0,0,1,1805571,5508280
Horowhenua District,13/11/2014,Thu,1710,FA,CW1V,181A 197A 357A 159B 191B 357B ,,R,D,B ,F , , ,C,80,0,0,0,1792681,5518092
Horowhenua District,30/07/2014,Wed,1750,DA,CS1,111A 123A 131A ,FP,M,D,DN,F , , ,C,100,0,0,1,1803010,5513538
Horowhenua District,28/03/2014,Fri,815,DB,VE1,101A 129A 134A 407A ,F,M,D,B ,F , , ,C,100,0,0,1,1800882,5514851
Horowhenua District,06/09/2014,Sat,2019,CB,MN1,103A 112A 517A ,,R,D,DO,F ,T,N,N,50,0,1,0,1794329,5517157
Horowhenua District,11/10/2014,Sat,1630,DA,CN1,104A 111A 131A 801 ,,S,W,O ,L , , ,C,100,0,0,2,1796324,5496635
Horowhenua District,15/03/2014,Sat,1945,DA,CW2,111A 131A ,T,S,W,DO,L ,T,S,C,50,0,0,1,1790781,5500485
Horowhenua District,11/07/2014,Fri,1950,DA,CE1,103A 110A ,F,E,D,DN,F , ,N,C,100,0,0,0,1795019,5504008
Horowhenua District,13/10/2014,Mon,2109,EC,VN1,912,W,R,D,DN,F , , ,C,100,0,0,0,1796661,5519468
Horowhenua District,17/12/2014,Wed,1010,HA,ME2M,301A 370A ,,R,D,B ,F ,X,S,C,100,0,0,0,1796127,5515119
Horowhenua District,29/09/2014,Mon,2010,EC,4S1,912,W,R,D,DN,F , , ,C,100,0,0,1,1802029,5521404
Horowhenua District,16/03/2014,Sun,1419,DB,CW1,129A 134A 801 ,EF,E,W,ON,L , ,N,C,100,0,0,0,1788640,5502306
Horowhenua District,28/03/2014,Fri,2130,CB,CW1,101A 112A 130A ,FZ,R,D,DN,F , , ,C,100,0,0,0,1787604,5502871
Horowhenua District,08/06/2014,Sun,1215,MO,CS1C,357A 371A 929 ,M,R,D,O ,F ,D,N,N,50,0,0,0,1794222,5517357
Horowhenua District,18/03/2014,Tue,1457,DB,CS1,111A 131A 800 ,F,M,W,O ,F , , ,C,70,0,0,0,1792432,5502508
Horowhenua District,07/03/2014,Fri,310,DB,CE1,102A 111A 131A 195A ,I,S,D,DN,F ,X,S,R,50,0,0,0,1792982,5502125
Horowhenua District,16/08/2014,Sat,815,CC,CW1,103A 130A ,F,R,W,O ,F , , ,N,50,0,0,0,1793388,5501883
Horowhenua District,26/08/2014,Tue,750,CB,CW1,501A ,P,R,D,B ,F ,T,N,C,50,0,0,1,1793756,5499336
Horowhenua District,30/08/2014,Sat,50,BA,CE1X,357A 512A ,,R,D,DO,F , , ,N,50,0,0,0,1794161,5499088
Horowhenua District,13/04/2014,Sun,20,CB,VE1C,130A ,KM,R,D,DO,F , ,N,C,50,0,0,0,1794776,5501056
Horowhenua District,07/05/2014,Wed,2250,MO,CN1C,371A ,M,R,W,DO,F , ,N,C,50,0,0,0,1793405,5517331
Horowhenua District,26/05/2014,Mon,1240,GA,CE14,181A 331A 929 ,,R,D,OF,F ,D,N,C,70,0,0,0,1791442,5500717
Horowhenua District,12/10/2014,Sun,300,CC,CS1,101A 130A ,P,R,D,DO,F ,T,G,C,50,0,0,0,1792691,5499974
Horowhenua District,13/06/2014,Fri,2313,DC,CS2,101A 112A 335A ,C,R,D,DO,F ,T,S,C,50,0,0,0,1794489,5499437
Horowhenua District,22/10/2014,Wed,1745,CC,4W1,130A 363A 902 ,FT,R,D,B ,F , , ,C,100,0,0,0,1797171,5519292
Horowhenua District,01/05/2014,Thu,809,DC,CE1,130A 196A 830 904 ,C,R,W,O ,M ,T,G,C,100,0,0,1,1801070,5517734
Horowhenua District,04/04/2014,Fri,1849,CB,CE1,103A 129A 358A ,FP,R,D,TN,F , ,N,C,100,0,0,1,1795427,5519949
Horowhenua District,16/05/2014,Fri,2057,DC,CE1,410A 412A ,SX,M,D,DN,F , ,N,C,100,0,0,1,1788357,5491311
Horowhenua District,02/03/2014,Sun,43,EA,CS1C4,103A 112A 129A ,MM,R,D,DO,F ,T,G,R,50,0,0,2,1804133,5508707
Horowhenua District,26/12/2014,Fri,27,DB,CE1,102A 131A ,F,S,D,DN,F , , ,N,100,0,0,0,1800789,5503722
Horowhenua District,06/07/2014,Sun,327,DA,CE1,103A 111A 427A ,CK,E,D,DO,F ,R,G,R,50,0,0,0,1794348,5500144
Horowhenua District,23/08/2014,Sat,1440,AA,CW1C,372A ,,R,D,B ,F , , ,P,50,0,0,0,1793504,5500651
Horowhenua District,24/01/2014,Fri,1406,GE,TE1V,171B ,,R,D,B ,F ,R,G,R,50,0,0,0,1793530,5500636
Horowhenua District,06/03/2014,Thu,2145,CC,CW1,101A 517A ,F,R,D,DO,F ,X,G,C,50,0,0,0,1794042,5500328
Horowhenua District,03/05/2014,Sat,1245,HA,CE2T,301B 350B ,,R,W,BF,F ,X,S,C,50,0,0,0,1793955,5500380
Horowhenua District,25/10/2014,Sat,30,GE,CE1C,112A 181A 103B ,,R,D,DO,F ,T,G,C,80,0,0,0,1795549,5499431
Horowhenua District,29/05/2014,Thu,1745,EA,CS1C,130A 358A 862 ,M,R,W,DO,F , , ,C,50,0,0,0,1794979,5499767
Horowhenua District,28/11/2014,Fri,1434,CB,CS1,112A 130A 402A 801 ,FP,R,W,O ,L , , ,C,80,0,0,0,1795669,5499359
Horowhenua District,08/02/2014,Sat,1000,MB,CE1C,370B ,,R,D,B ,F , , ,C,50,0,0,0,1793332,5500754
Horowhenua District,18/05/2014,Sun,1700,AO,VW1S,150A 386A ,,R,D,B ,F ,R,G,C,50,0,0,1,1793222,5500821
Horowhenua District,09/10/2014,Thu,1900,MC,VN1C,330B 372B 402B ,,R,D,B ,F , , ,R,50,0,0,0,1793176,5500848
Horowhenua District,31/08/2014,Sun,1919,HA,CN1C,301B ,,R,D,DO,F ,X,S,C,50,0,0,0,1792471,5501269
Horowhenua District,09/06/2014,Mon,1240,PO,TN1E,371A 671A 730B ,,R,W,OF,L ,T,N,N,50,1,0,0,1793201,5500545
Horowhenua District,25/06/2014,Wed,2228,DA,CN1,131A 332A 901 ,EF,S,W,DN,H , , ,C,50,0,0,0,1794766,5502216
Horowhenua District,16/03/2014,Sun,101,DA,CN1,103A 131A ,F,S,D,DN,F , ,N,C,70,0,0,0,1794773,5502224
Horowhenua District,06/06/2014,Fri,1510,BA,CS1C,125A 387A 387B 818 ,,R,D,B ,F , ,N,N,50,0,0,2,1785947,5508551
Horowhenua District,01/07/2014,Tue,1637,JA,CN1C,302B 375B 839 ,,R,D,B ,F ,X,G,N,50,0,0,0,1793261,5500943
Horowhenua District,24/08/2014,Sun,1720,HA,CW2C,302A ,,R,D,TF,F ,X,G,C,50,0,1,1,1793261,5500943
Horowhenua District,13/06/2014,Fri,1535,QG,4S14,665A 666A ,,R,D,B ,F , ,N,C,100,0,0,0,1804004,5509414
Horowhenua District,22/12/2014,Mon,1620,DA,CN1,131A 427A 504A 924 ,FS,R,D,B ,F ,D, ,C,50,0,0,1,1793466,5500820
Horowhenua District,25/03/2014,Tue,1100,MO,4W1C4,423A ,MM,R,D,O ,F , , ,C,50,0,0,0,1793467,5500820
Horowhenua District,08/07/2014,Tue,1336,LB,CE1C,303B ,,R,D,B ,F ,T,N,N,50,0,0,1,1793880,5498698
Horowhenua District,19/06/2014,Thu,2000,DB,CW1,111A 131A ,,M,D,DN,F ,T,N,N,100,0,0,0,1811526,5519913
Horowhenua District,27/11/2014,Thu,1924,DA,4S1,103A 111A 131A ,P,M,D,O ,F , , ,C,100,0,0,0,1811028,5519382
Horowhenua District,17/12/2014,Wed,824,JA,SS1C,308B 378B 927 ,,R,D,O ,F ,D, ,C,70,0,0,1,1792444,5498794
Horowhenua District,18/10/2014,Sat,1350,CB,CS1,129A ,T,R,W,BN,L , ,N,N,80,0,0,1,1797771,5504386
Horowhenua District,18/07/2014,Fri,825,EA,4S1V,129A 645A 802 ,M,R,D,B ,FF, , ,C,50,0,0,0,1791983,5500453
Horowhenua District,05/03/2014,Wed,1817,HA,4N1C,302B ,,R,D,BF,F ,X,G,C,50,0,0,1,1804038,5508624
Horowhenua District,07/10/2014,Tue,920,CC,CE1,112A 125A ,H,R,D,B ,F , ,N,N,50,0,0,0,1804195,5508472
Horowhenua District,07/09/2014,Sun,1105,MO,CW1,133A 423A 929 ,C,R,D,BN,F ,D,N,N,100,0,0,2,1787251,5491061
Horowhenua District,21/05/2014,Wed,740,DB,CW1,130A 191A 410A 801 ,T,M,W,O ,L , , ,C,100,0,0,1,1790003,5507870
Horowhenua District,15/07/2014,Tue,2241,EC,CW1,915,W,R,D,DN,F , , ,C,80,0,0,0,1787649,5508201
Horowhenua District,28/02/2014,Fri,1402,FA,CS1C,191A 357A 181B 357B ,,R,D,B ,F , , ,R,50,0,0,0,1792981,5500906
Horowhenua District,12/09/2014,Fri,2054,DC,CE1,101A 112A 351A ,,R,D,DN,F ,T,G,C,100,0,3,0,1798960,5511083
Horowhenua District,25/02/2014,Tue,1053,DA,CW1,129A 131A ,F,M,D,BF,F , ,N,C,100,0,0,1,1794101,5511481
Horowhenua District,27/03/2014,Thu,1515,MO,CW1V,103A 371A 929 ,M,R,D,BF,F ,D,N,N,50,0,0,0,1793149,5500089
Horowhenua District,08/05/2014,Thu,850,GD,4E1C,331A 929 ,,R,W,O ,F ,D,N,N,50,0,0,0,1793234,5500037
Horowhenua District,20/11/2014,Thu,1957,GE,VW1C,101A 110A 160A ,,R,D,O ,F ,T,N,C,50,0,0,0,1793255,5499636
Horowhenua District,05/09/2014,Fri,1000,DA,CW2,504A ,P,R,D,OF,F ,T,N,C,50,0,0,1,1793255,5499636
Horowhenua District,29/04/2014,Tue,1318,MO,CS1C,371A 927 ,M,R,W,OF,L ,D,N,C,50,0,0,0,1793755,5500477
Horowhenua District,19/07/2014,Sat,205,EA,CS1C,103A 129A ,MPT,R,D,DO,FF, ,N,C,50,0,1,0,1793399,5499878
Horowhenua District,31/10/2014,Fri,1415,MO,CW1,423A 504A ,EX,R,D,B ,F , , ,N,30,0,0,1,1787926,5519045
Horowhenua District,27/07/2014,Sun,2005,EC,VS1,912,W,R,D,DN,F ,T,S,C,100,0,0,0,1795452,5522633
Horowhenua District,08/10/2014,Wed,1810,CB,CS1,130A 358A 402A 407A 903 ,FJ,R,D,O ,FS, , ,C,100,0,1,0,1794823,5520461
Horowhenua District,07/04/2014,Mon,1130,MC,CN1C,372B ,,R,D,B ,F , ,N,C,100,0,0,0,1794363,5518876
Horowhenua District,29/12/2014,Mon,1600,DA,CN1,504A ,F,E,D,BF,F , ,N,P,70,0,0,0,1794124,5518207
Horowhenua District,20/09/2014,Sat,1100,CA,CE24,501A ,KS,R,W,O ,HS,X,S,C,50,0,1,1,1793781,5517406
Horowhenua District,29/11/2014,Sat,1549,CB,CS1V,358A 903 ,MF,R,D,O ,FS, , ,C,50,0,0,0,1793776,5517357
Horowhenua District,13/10/2014,Mon,1115,EO,TN1,686A ,X,E,D,BF,F , ,N,C,50,0,0,0,1793771,5517307
Horowhenua District,22/12/2014,Mon,1000,MA,CN1C,351B 373B ,,R,D,B ,F , , ,P,50,0,0,0,1793574,5516745
Horowhenua District,30/05/2014,Fri,1435,KA,CS1C,301B 375B ,,R,D,B ,F ,X,S,C,50,0,1,0,1793566,5516726
Horowhenua District,05/07/2014,Sat,1530,NB,CS1E,711B ,,R,D,O ,F ,X,S,P,50,0,0,0,1793566,5516726
Horowhenua District,28/09/2014,Sun,1930,DB,VS1,131A 801 ,G,E,W,DN,L , , ,C,100,0,0,0,1793378,5515518
Horowhenua District,24/07/2014,Thu,1835,CB,4S1,101A 129A ,G,R,D,TN,F , ,N,C,100,0,0,0,1793408,5514399
Horowhenua District,16/07/2014,Wed,447,BA,TS1C,129A ,,R,D,DN,M , ,N,C,100,0,0,0,1793299,5513464
Horowhenua District,03/12/2014,Wed,1705,AO,4N1C,386A ,B,R,D,OF,F , ,N,C,100,0,0,1,1793234,5513295
Horowhenua District,30/04/2014,Wed,1345,CC,CS1,501A ,G,R,D,B ,F , , ,C,100,0,0,0,1793056,5512838
Horowhenua District,01/12/2014,Mon,1609,FD,MN1C,181A 817 ,,M,W,OF,M , ,S,C,100,0,1,0,1793033,5512780
Horowhenua District,31/01/2014,Fri,1734,DB,CS1,130A 412A ,E,E,D,B ,F , , ,L,100,0,0,1,1792311,5508655
Horowhenua District,12/09/2014,Fri,47,EC,4N1,912,W,R,D,DN,F , ,N,C,100,0,0,0,1792304,5508639
Horowhenua District,27/02/2014,Thu,215,BC,CS1C,101A 108A 121A ,,E,D,DO,F , ,N,C,100,0,0,0,1791762,5506993
Horowhenua District,01/10/2014,Wed,1822,QG,VS1,133A 406A ,,E,D,B ,F , ,N,L,100,0,0,0,1791762,5506993
Horowhenua District,17/03/2014,Mon,1500,JA,TN1C,302B ,,M,D,O ,F ,T,G,R,100,0,0,0,1791776,5506895
Horowhenua District,28/12/2014,Sun,1005,DA,BN1,131A 332A ,C,M,D,B ,F , , ,C,100,0,0,0,1792160,5505904
Horowhenua District,02/03/2014,Sun,1514,CC,CS1,129A 632A ,FT,R,D,B ,F , ,N,L,100,0,1,0,1793572,5504773
Horowhenua District,27/08/2014,Wed,2030,AO,CN1C,155A 156A 197B 830 ,FP,R,D,DN,F , , ,L,100,0,0,0,1794202,5504238
Horowhenua District,17/04/2014,Thu,1820,EC,CS1,821,X,E,W,DN,LS, ,N,C,100,0,0,0,1794583,5503842
Horowhenua District,13/06/2014,Fri,1618,NA,CN1E,105B 713B ,,R,D,BF,F , ,N,C,70,0,0,1,1794333,5501732
Horowhenua District,30/04/2014,Wed,1215,EA,TS14,129A ,Q,R,D,BF,F , ,N,C,70,0,0,0,1794333,5501732
Horowhenua District,01/08/2014,Fri,1210,GD,CS1CC,331A 181B ,,E,D,B ,F ,X,S,C,50,0,0,1,1794064,5501479
Horowhenua District,27/08/2014,Wed,2100,HA,CE2T,321A ,,R,D,DO,F ,X,S,C,50,0,0,0,1794064,5501479
Horowhenua District,28/06/2014,Sat,1000,JA,CS1C,308B 363B 902 922 ,,R,D,B ,F ,D,N,P,70,0,0,1,1793838,5501216
Horowhenua District,17/10/2014,Fri,1308,MO,CS1C,353A 386A ,M,R,D,B ,F , , ,C,50,0,0,0,1793483,5500793
Horowhenua District,21/02/2014,Fri,1030,AA,4S1C,372A 402A ,,R,D,B ,F , , ,R,50,0,0,0,1793424,5500723
Horowhenua District,02/04/2014,Wed,1155,HA,CW1S,204B 322B ,,R,D,B ,F ,X,T,R,50,0,0,0,1793411,5500708
Horowhenua District,06/05/2014,Tue,1357,FB,CE1C,331A ,,R,D,B ,F ,X,T,C,50,0,0,0,1793411,5500708
Horowhenua District,01/04/2014,Tue,915,AA,CN1T,372A ,,R,D,BF,F ,X,T,R,50,0,0,0,1793411,5500708
Horowhenua District,10/04/2014,Thu,1052,PO,CS1E,420A ,K,R,D,B ,F , , ,P,50,0,0,1,1793392,5500684
Horowhenua District,23/05/2014,Fri,1601,LB,CE1C,303B 375B ,,R,D,O ,F ,X,T,C,50,0,0,0,1793254,5500513
Horowhenua District,08/03/2014,Sat,1615,GB,CN1C,175B 372B 925 ,,R,D,B ,F ,D, ,P,50,0,0,0,1793235,5500490
Horowhenua District,07/12/2014,Sun,1829,CC,CN1,130A 412A 801 ,P,R,W,O ,L , , ,P,50,0,0,1,1793229,5500483
Horowhenua District,30/12/2014,Tue,1040,JA,CN1C,302B 377B ,,R,D,OF,F ,T,G,C,50,0,0,0,1793164,5500404
Horowhenua District,21/06/2014,Sat,1233,CB,MN1,129A 410A ,F,R,D,B ,F ,T,N,C,50,0,0,0,1792929,5500121
Horowhenua District,15/12/2014,Mon,1457,KA,4S1T,197A 111B 302B 370B ,,R,D,B ,F ,T,G,R,50,0,0,0,1792840,5499966
Horowhenua District,19/05/2014,Mon,1800,JA,CN1C,302B 377B 830 ,,R,D,TO,F ,T,G,C,50,0,0,1,1792799,5499911
Horowhenua District,01/06/2014,Sun,1804,LB,VN1C,303B 386B 402B ,,R,D,O ,F ,T,G,P,50,0,0,0,1792799,5499911
Horowhenua District,30/08/2014,Sat,1144,GE,MS1C,155A 157A ,HS,R,D,B ,F ,T,G,L,50,0,0,1,1792799,5499911