TLANAME,CRASHDATE,CRASHDOW,CRASHTIME,MVMT,VEHICLES,CAUSES,OBJECTSSTRUCK,ROADCURVE,ROADWET,LIGHT,WTHRa,JUNCTYPE,TRAFCTRL,ROADMARK,SPDLIM,CRASHFATALCNT,CRASHSEVCNT,CRASHMINCNT,EASTING,NORTHING
Horowhenua District,22/09/2014,Mon,415,MC,CS14,372B ,,R,D,DN,F , ,N,C,50,0,0,0,1792697,5499788
Horowhenua District,09/04/2014,Wed,1105,FA,CN14,110A 181A 801 ,,R,W,O ,L , , ,C,50,0,0,0,1792413,5499417
Horowhenua District,17/03/2014,Mon,1730,CB,4N1,410A ,P,R,D,BF,F , ,N,P,50,0,0,0,1792229,5499199
Horowhenua District,28/08/2014,Thu,1624,FD,CN14,181A 922 ,,R,D,B ,F ,D,N,C,50,0,0,1,1792172,5499130
Horowhenua District,06/11/2014,Thu,1250,EA,4N1C,129A 358A ,KMS,R,D,B ,F , , ,L,50,0,0,0,1792108,5499052
Horowhenua District,03/11/2014,Mon,1700,CC,CN1,128A 130A ,P,R,D,O ,F , ,N,L,80,1,2,0,1791942,5498846
Horowhenua District,29/12/2014,Mon,1404,CB,CN1E,410A ,P,R,D,B ,F , , ,C,80,0,0,4,1791932,5498834
Horowhenua District,05/04/2014,Sat,930,FD,4S1CC,191A 331A 191B 331B ,,R,D,B ,F , , ,L,80,0,0,1,1791178,5497937
Horowhenua District,07/02/2014,Fri,1223,BE,TS1V,129A 130A 407A ,I,R,D,B ,F ,T,G,R,80,0,0,0,1791111,5497863
Horowhenua District,19/12/2014,Fri,100,CB,CS1,112A 130A ,S,R,D,DN,F ,T,G,C,100,0,0,0,1790659,5497302
Horowhenua District,13/05/2014,Tue,1053,FA,TN14,331A 350A ,,R,W,O ,L , ,N,L,100,0,0,1,1789358,5495119
Horowhenua District,11/04/2014,Fri,1520,GD,CN1T,331A 358A 928 ,,R,W,OF,L ,D,N,C,100,0,0,0,1789328,5494620
Horowhenua District,14/03/2014,Fri,1000,LB,CN1V,303B 375B ,,R,D,B ,F ,T,G,P,100,0,0,0,1789306,5494321
Horowhenua District,14/05/2014,Wed,1626,JA,CN1C,302B 375B ,,R,W,OF,L ,T,G,C,100,0,0,0,1789306,5494321
Horowhenua District,06/11/2014,Thu,1200,AA,CS14,177A 184A ,,R,D,B ,F , , ,L,100,0,0,0,1789301,5494243
Horowhenua District,04/07/2014,Fri,1357,LB,CS1C,303B 929 ,,R,D,B ,F ,D,N,L,100,0,0,0,1788783,5493159
Horowhenua District,04/01/2014,Sat,1619,DA,MN1CB,131A ,G,M,D,O ,F , , ,L,100,0,1,0,1787827,5492139
Horowhenua District,14/05/2014,Wed,1500,FD,CS1CC,331A 353A 402A ,,M,W,O ,L , , ,C,100,0,0,0,1787794,5492102
Horowhenua District,23/10/2014,Thu,9,EC,CS1,912,W,R,D,DN,F , ,N,C,100,0,0,0,1787668,5491802
Horowhenua District,14/12/2014,Sun,1537,MO,4E1C,357A 512A ,,R,D,B ,F ,T,S,L,50,0,0,0,1787047,5490223
Horowhenua District,25/03/2014,Tue,1305,BF,CN14,130A ,,E,D,ON,F , , ,L,100,1,0,1,1786927,5489658
Horowhenua District,18/06/2014,Wed,2330,FA,CS1C,181A 357B ,,R,D,DN,F , , ,C,100,0,0,1,1807579,5513312
Horowhenua District,05/11/2014,Wed,2120,CC,CS1,102A 112A 130A ,FV,R,D,DN,F , , ,C,100,0,3,2,1806652,5514905
Horowhenua District,15/04/2014,Tue,750,GD,CN1C,181A 387A 927 ,,R,D,BN,F ,D,N,C,100,0,0,0,1807973,5518188
Horowhenua District,15/01/2014,Wed,1845,DB,CE2,103A 111A 131A ,P,S,D,B ,F ,X,G,C,100,0,0,0,1792985,5496938
Horowhenua District,19/04/2014,Sat,1241,DA,CS2,132A 355A 801 ,F,M,W,O ,L ,X,S,R,100,0,0,0,1792985,5496938
Horowhenua District,28/02/2014,Fri,1730,DA,CS1,133A ,F,S,D,BF,F ,X,S,R,100,0,0,0,1792985,5496938
Horowhenua District,14/06/2014,Sat,1612,QG,TS1C,680A 198B 407B ,D,R,D,O ,F , , ,C,100,0,0,0,1793398,5497704
Horowhenua District,12/01/2014,Sun,712,CC,CN1,130A 412A ,P,R,D,O ,F , , ,L,100,0,1,0,1794874,5499484
Horowhenua District,18/04/2014,Fri,1221,JA,CN1C,301B 353B 375B ,,R,D,BF,F ,X,S,C,100,0,0,0,1795065,5499715
Horowhenua District,14/12/2014,Sun,1510,JA,4E2C,301A 382A ,,R,D,BF,F ,X,S,C,100,0,0,0,1795065,5499715
Horowhenua District,08/06/2014,Sun,1524,GA,4S1C,331A 930 ,,R,D,BN,F ,D,N,C,100,0,0,1,1795512,5500254
Horowhenua District,20/11/2014,Thu,1254,JA,CN1C,308B 377B 839 927 ,F,R,D,B ,F ,D,N,C,100,0,0,1,1795704,5500485
Horowhenua District,23/02/2014,Sun,350,CC,CS1,137A 407A ,V,R,D,DN,F , ,N,C,100,0,0,0,1795768,5500562
Horowhenua District,17/10/2014,Fri,1650,GC,CN14,602A 171B 330B ,,R,D,O ,F ,T,G,C,100,0,0,0,1796722,5501711
Horowhenua District,31/07/2014,Thu,1915,CC,CS1,410A 504A ,F,R,D,DO,F ,X,S,C,100,0,0,0,1796729,5501719
Horowhenua District,11/08/2014,Mon,748,GC,CS1V,174B 372B 801 929 ,,R,W,O ,L ,D, ,L,100,0,1,1,1796933,5501965
Horowhenua District,31/08/2014,Sun,1300,AC,CN1T,159A 381A ,,R,D,OF,F , ,N,C,100,0,0,0,1798691,5504249
Horowhenua District,06/10/2014,Mon,1000,DB,CS1,129A 195A 901 ,,M,W,O ,H , ,N,C,100,0,0,1,1799723,5505157
Horowhenua District,25/01/2014,Sat,1700,DB,4N1,111A 131A 680A ,V,E,W,BN,F , ,N,C,100,0,0,0,1802403,5506200
Horowhenua District,29/06/2014,Sun,1331,AD,CS1C,151A 153A ,,R,D,O ,F , , ,C,100,0,0,0,1802491,5506588
Horowhenua District,15/02/2014,Sat,1430,DB,CN1,410A ,V,E,D,O ,F , , ,C,100,0,0,0,1803920,5507618
Horowhenua District,07/02/2014,Fri,1906,MC,CE1C,330B 372B ,,R,D,TF,F , ,N,C,50,0,0,0,1804384,5508949
Horowhenua District,08/10/2014,Wed,1250,KA,CN1C,302B ,,R,W,O ,L ,T,G,L,50,0,0,0,1804398,5508962
Horowhenua District,20/04/2014,Sun,800,CB,CN1,129A 351A ,V,R,D,O ,F , , ,C,100,0,0,0,1806334,5510572
Horowhenua District,16/10/2014,Thu,1714,JA,CN14,301B 330B ,,R,D,O ,F ,T,S,C,100,0,0,0,1807867,5512327
Horowhenua District,16/10/2014,Thu,1426,LB,CE1C,303B 375B ,,E,D,BF,F ,T,S,R,100,0,0,0,1807867,5512327
Horowhenua District,17/12/2014,Wed,755,LB,TE1T,303B 375B ,,E,D,O ,F ,T,S,C,100,0,1,1,1807867,5512327
Horowhenua District,23/12/2014,Tue,1530,CB,CN1,330A 350A ,P,R,D,B ,F ,T,S,C,100,0,0,0,1807867,5512327
Horowhenua District,02/05/2014,Fri,800,CC,CN1,130A 358A 407A 645A ,F,R,D,B ,F , , ,C,100,0,0,0,1809809,5512873
Horowhenua District,17/04/2014,Thu,1630,CB,4N1,130A 903 ,,R,D,O ,FS, , ,C,100,0,0,0,1810730,5513412
Horowhenua District,17/04/2014,Thu,1815,CA,TS1,130A 903 ,,R,D,DN,FS, , ,C,100,0,0,0,1810800,5513599
Horowhenua District,04/11/2014,Tue,1256,DA,4N1,131A ,FV,M,D,O ,F , , ,L,100,0,0,1,1811233,5514697
Horowhenua District,29/11/2014,Sat,1550,FA,MS1C,101A 331A 380A ,,M,D,B ,F , , ,L,100,0,0,1,1811455,5514869
Horowhenua District,17/02/2014,Mon,2030,DA,CN2,101A 131A 632A ,G,M,D,TN,F ,X,G,C,70,0,0,0,1812759,5516519
Horowhenua District,19/06/2014,Thu,1900,DA,CN1,111A 131A 410A ,C,M,D,DN,F , , ,C,100,0,1,0,1813419,5518305
Hurunui District,07/01/2014,Tue,1401,NB,4N1E,713B 726B ,,R,D,B ,F , ,N,N,30,0,0,1,1586015,5292144
Hurunui District,13/07/2014,Sun,2130,EC,CN1,912,W,R,D,DN,F , , ,L,100,0,0,0,1575588,5217327
Hurunui District,26/08/2014,Tue,610,EC,CE1,912,W,R,D,DN,F , ,N,N,100,0,0,0,1596848,5267685
Hurunui District,12/01/2014,Sun,800,LB,MS1O,303B ,,E,D,B ,F ,X,G,C,70,0,0,1,1595622,5272907
Hurunui District,03/07/2014,Thu,2030,DA,CS1,131A 354A ,FT,M,D,DN,F , ,N,N,100,0,0,0,1582474,5220640
Hurunui District,23/12/2014,Tue,1653,DA,4W1,111A 131A ,,S,D,BN,F , ,N,N,100,0,0,1,1605078,5236726
Hurunui District,07/05/2014,Wed,1820,DA,4N1,131A 801 ,,E,W,DN,L , , ,C,100,0,1,0,1570247,5249057
Hurunui District,06/03/2014,Thu,1830,DA,CN1,103A 129A 131A ,,E,D,BF,F , ,N,C,100,0,0,1,1570281,5248829
Hurunui District,25/08/2014,Mon,1930,QD,4E1E,330A 428A 611A ,,R,D,DN,F , ,N,N,100,0,1,0,1590693,5287800
Hurunui District,07/02/2014,Fri,2310,BA,MW1C,101A 327A 514A ,,R,D,DO,F , ,N,C,50,0,0,0,1586046,5292288
Hurunui District,19/09/2014,Fri,2230,DA,VN1,101A 131A ,E,S,D,DN,F , , ,N,100,0,0,1,1589963,5295176
Hurunui District,30/12/2014,Tue,2340,DB,CE1,103A 111A 131A ,T,E,D,DN,F , ,N,N,100,0,1,0,,
Hurunui District,30/12/2014,Tue,2300,DB,CN1,103A 111A 131A ,F,S,D,DN,F , , ,C,100,0,0,1,1570114,5252389
Hurunui District,21/09/2014,Sun,1830,CC,CW1,103A 504A ,,R,D,DN,F , ,N,C,100,0,1,0,1576449,5221956
Hurunui District,04/04/2014,Fri,10,DA,CS2,110A 131A 904 ,F,M,D,DO,M ,X,G,C,50,0,0,0,1603562,5277234
Hurunui District,28/01/2014,Tue,2135,CB,CE1,133A 433A ,T,R,D,DN,F , , ,N,100,0,0,0,1577861,5217164
Hurunui District,06/06/2014,Fri,750,BA,CN14,310A 363A ,,R,D,BN,FF, ,G,N,100,0,0,1,1571348,5252794
Hurunui District,10/11/2014,Mon,1120,FA,TS14,130A 613A 818 ,,R,D,B ,F , ,G,N,100,0,0,0,1600459,5236432
Hurunui District,02/04/2014,Wed,350,DC,CS1,130A 904 ,V,S,D,DN,M ,T,N,C,100,0,0,0,1600585,5269994
Hurunui District,20/03/2014,Thu,515,CC,CS1,195A ,P,R,D,DN,F , ,N,C,100,0,0,1,1575074,5221713
Hurunui District,14/08/2014,Thu,1850,EC,CE1,912,W,R,D,DN,F , ,N,C,100,0,0,1,1590986,5268650
Hurunui District,01/01/2014,Wed,1045,DB,CE1,111A 131A ,K,M,D,B ,F , , ,N,100,0,0,0,1593548,5246288
Hurunui District,17/03/2014,Mon,920,JA,4E1M,308B 377B 835 929 ,,R,D,BN,F ,D,N,N,100,0,1,0,1574739,5261377
Hurunui District,16/02/2014,Sun,1605,DA,MS1,111A 131A 402A 430A ,,E,D,B ,F , , ,N,100,0,1,0,1574587,5217335
Hurunui District,06/01/2014,Mon,1945,BC,CS14,111A 121A 402A ,,M,D,B ,F , ,N,N,50,0,0,0,1603147,5277368
Hurunui District,06/02/2014,Thu,1330,DA,ME1,111A 131A ,V,M,D,BN,F , ,N,C,100,0,1,0,1581261,5244589
Hurunui District,28/06/2014,Sat,1140,DB,MW1,111A 132A ,,M,D,B ,F , ,N,N,100,0,0,1,1583637,5244369
Hurunui District,25/09/2014,Thu,1800,MC,400000000000000,191A 333A 372B ,,R,D,B ,F , , ,N,50,0,0,0,1585153,5290944
Hurunui District,06/10/2014,Mon,840,DB,CS1,111A ,V,E,W,B ,F , ,N,C,100,0,0,0,1637604,5290000
Hurunui District,01/11/2014,Sat,25,DA,VS1,103A 111A 131A ,C,M,D,DN,F , , ,C,100,0,0,1,1636740,5288470
Hurunui District,17/12/2014,Wed,1615,DA,CS1,111A 131A 400A 801 ,C,M,W,O ,L , , ,C,100,0,0,1,1635112,5286082
Hurunui District,05/09/2014,Fri,1105,DA,CS1,801 903 ,C,M,W,O ,LS, , ,C,100,0,0,0,1634772,5284903
Hurunui District,24/04/2014,Thu,1330,DA,CN1,111A 129A 131A ,C,M,D,B ,F , , ,C,100,0,0,1,1634772,5284903
Hurunui District,13/11/2014,Thu,1835,DA,CN1,131A 801 ,C,M,W,O ,H , , ,C,100,0,0,0,1632724,5282956
Hurunui District,27/12/2014,Sat,1745,DA,CN1,129A 134A 351A 404A ,F,E,D,B ,F , ,N,C,100,0,0,0,1627207,5279478
Hurunui District,04/10/2014,Sat,1725,DA,CN1,111A 131A ,,M,W,B ,F , , ,C,100,0,0,1,1625035,5274341
Hurunui District,21/11/2014,Fri,1130,DB,CS1,410A ,F,M,D,B ,F , , ,C,100,0,0,0,1624609,5273529
Hurunui District,23/01/2014,Thu,49,DB,CN1,129A 131A 410A ,S,M,D,DN,F , , ,C,100,0,0,1,1622753,5265003
Hurunui District,11/09/2014,Thu,2025,DA,TS1,111A 131A ,FGS,M,D,DN,F , , ,C,100,0,0,1,1622747,5264984
Hurunui District,27/12/2014,Sat,1823,DB,CS1,131A 412A ,E,M,D,B ,F , , ,C,100,0,2,2,1622327,5264449
Hurunui District,15/09/2014,Mon,1015,DA,4N1,129A 134A ,GS,M,D,B ,F , ,N,C,100,0,0,1,1622172,5261821
Hurunui District,19/09/2014,Fri,1515,HA,TN1L4V,302B 375B ,IMP,R,D,B ,F ,X,G,R,50,0,0,5,1622396,5259913
Hurunui District,09/06/2014,Mon,1811,EC,TN1,103A 129A 353A ,P,R,W,DO,L , ,N,C,50,0,0,0,1622393,5259894
Hurunui District,28/02/2014,Fri,2030,DA,CS1,111A 130A 817 843 ,,M,W,DN,L , , ,N,100,0,0,1,1622069,5259451
Hurunui District,04/11/2014,Tue,930,DB,CN1,131A 402A 412A ,FV,E,D,B ,F , , ,C,100,0,0,0,1620388,5257737
Hurunui District,06/09/2014,Sat,1900,HA,CW1V,101B 302B ,,R,D,DN,F ,X,G,C,100,0,0,1,1618382,5254979
Hurunui District,19/04/2014,Sat,1300,BE,VS1TT,129A 131A 404A 181C 331C 350C ,,M,D,B ,F , , ,C,100,0,1,1,1612268,5251475
Hurunui District,11/04/2014,Fri,1942,FA,CW1C,181A 423A ,,M,W,DN,  , ,N,N,100,0,0,1,1607983,5250502
Hurunui District,27/10/2014,Mon,1240,FD,CW1CC,181A 330A ,,R,W,O ,F , ,N,C,100,0,0,0,1607926,5250461
Hurunui District,07/02/2014,Fri,1930,DA,4N1,111A 131A 633A 801 809 ,C,M,W,TN,L , , ,L,100,0,0,2,1607788,5250309
Hurunui District,12/02/2014,Wed,1030,DA,CN1,116A 135A 339A 804 817 ,C,E,D,BN,F , ,N,N,100,0,0,0,1608056,5249603
Hurunui District,29/12/2014,Mon,1620,BE,CS1T,125A 410A 504A ,,R,D,B ,F , ,N,C,100,1,0,1,1608278,5248711
Hurunui District,30/11/2014,Sun,1415,DA,CN1,131A 191A ,V,E,D,OF,F , ,N,C,100,0,0,3,1605025,5246343
Hurunui District,14/08/2014,Thu,802,DB,4S1,131A 802 ,F,M,I,B ,FF, , ,C,100,0,1,0,1604087,5245680
Hurunui District,17/12/2014,Wed,1600,DB,CE1,129A ,K,E,D,ON,F , ,N,C,100,0,0,0,1602099,5244460
Hurunui District,04/03/2014,Tue,1515,DA,CE1,131A 410A ,EF,M,W,ON,H , ,N,C,100,0,0,1,1595101,5242020
Hurunui District,05/01/2014,Sun,1440,DA,MN1,111A 131A 402A ,V,M,D,B ,F , , ,L,100,0,1,0,1594410,5241416
Hurunui District,23/10/2014,Thu,1230,DA,MN1,131A 630A ,G,M,D,B ,F , , ,L,100,0,1,0,1588699,5237290
Hurunui District,09/03/2014,Sun,946,CC,CS1,130A 404A 412A ,F,R,D,O ,F , , ,C,100,0,0,1,1587921,5236670
Hurunui District,21/07/2014,Mon,940,CC,CN1,410A ,F,R,D,B ,F ,X,G,C,100,0,0,0,1580241,5231787
Hurunui District,24/01/2014,Fri,1736,FB,4S1C,181A 132B 357B ,,R,D,B ,F , ,N,N,100,0,0,0,1578833,5228607
Hurunui District,23/10/2014,Thu,631,CC,CS1,130A 412A ,,R,D,B ,F , , ,L,100,0,0,0,1578771,5228215
Hurunui District,17/01/2014,Fri,1618,CC,CN1,112A 406A ,,R,D,B ,F , ,N,L,100,0,0,0,1578753,5228114
Hurunui District,13/06/2014,Fri,516,CB,TS1,129A 350A ,F,R,D,DN,F , ,N,C,100,0,0,0,1578719,5227919
Hurunui District,28/02/2014,Fri,252,CC,4N1,412A ,P,R,D,DN,F , , ,C,100,0,0,0,1578483,5226581
Hurunui District,27/07/2014,Sun,1000,MC,4N1V,372B ,,R,D,OF,F , ,N,C,50,0,0,0,1578012,5222634
Hurunui District,03/01/2014,Fri,1700,LB,SS1V,303B 375B 922 ,,R,D,B ,F ,D,N,P,50,0,0,1,1578038,5222115
Hurunui District,04/02/2014,Tue,705,BF,TS1T,129A 131A 359A ,,E,D,O ,M , , ,C,100,0,0,0,1578055,5221051
Hurunui District,21/02/2014,Fri,1320,MC,4S1C,372B ,,E,D,O ,F , ,N,C,100,0,0,1,1579229,5219362
Hurunui District,07/04/2014,Mon,833,DA,TN1,129A 350A ,,E,W,ON,M , ,N,L,100,0,0,2,1579345,5217644
Hurunui District,06/02/2014,Thu,1455,HA,CS1V,302A 350A ,,R,D,B ,F ,X,G,C,100,0,1,1,1579006,5216554
Hurunui District,02/04/2014,Wed,750,JA,MN1C,302B 377B ,,R,D,O ,F ,X,G,C,100,0,1,0,1579006,5216554
Hurunui District,27/04/2014,Sun,2110,DA,CE1,131A 400A ,V,E,D,DN,F , ,N,C,100,0,0,0,1579462,5231974
Hurunui District,05/04/2014,Sat,1705,DA,CN1,103A 131A ,V,E,D,ON,F , ,N,C,100,0,0,0,1575787,5237443
Hurunui District,23/11/2014,Sun,1857,CB,CS1,129A 386A ,,R,D,BN,F , ,N,C,100,0,0,1,1576190,5238629
Hurunui District,27/06/2014,Fri,1655,FA,VN1C,197A 378A 832 ,,M,D,TN,F , , ,C,100,0,0,0,1576083,5242064
Hurunui District,08/05/2014,Thu,1755,BE,CS14,112A 130A 404A 817 ,V,R,W,DN,L , , ,N,100,0,0,0,1576142,5244836
Hurunui District,01/05/2014,Thu,1540,QG,4N1TC,130A 688A 198C 402C ,X,E,D,B ,F , , ,C,100,0,0,0,1577422,5249285
Hurunui District,12/08/2014,Tue,1625,CC,CE1,110A 135A 803 ,F,R,I,O ,SF, ,N,C,100,0,0,0,1578390,5251591
Hurunui District,24/02/2014,Mon,1522,AD,CN1,112A 150A 400A ,Z,R,D,B ,F , ,N,C,100,0,0,1,1578786,5251896
Hurunui District,15/04/2014,Tue,1415,AD,CS1,151A 404A ,,R,D,O ,F ,T,N,C,100,0,0,0,1578932,5252031
Hurunui District,20/11/2014,Thu,1345,FF,CS1CVC,181A 331A 191B 191C 197D ,,R,D,B ,F , , ,L,100,0,0,1,1581063,5253288
Hurunui District,13/08/2014,Wed,500,CB,VS1,110A 135A 802 ,B,R,I,DN,FF, ,N,C,100,0,0,0,1581118,5253439
Hurunui District,18/08/2014,Mon,1235,GE,TS1C,157A 387A ,,R,D,B ,F ,T,G,C,100,0,0,0,1581360,5253929
Hurunui District,11/01/2014,Sat,1345,CB,CN1,403A 810 ,F,R,D,B ,F , , ,L,100,0,0,1,1581535,5254173
Hurunui District,24/06/2014,Tue,235,EC,TN1,912,W,R,D,DN,MF, ,N,C,90,0,0,0,1585151,5260136
Hurunui District,05/10/2014,Sun,2020,GD,CS1T,331A 352A ,,R,D,DN,F ,X,G,C,100,0,2,1,1585796,5261237
Hurunui District,02/03/2014,Sun,920,JA,CS1C,101B 407B 927 ,,R,D,B ,F ,D,N,X,50,0,0,0,1587458,5264069
Hurunui District,17/08/2014,Sun,1350,EC,CN1C,652B ,D,R,D,BN,F , ,N,C,100,0,0,1,1588809,5266372
Hurunui District,10/09/2014,Wed,835,DC,4W2B,112A 402A ,Q,R,D,B ,F ,T,G,N,100,0,0,0,1589185,5267075
Hurunui District,04/03/2014,Tue,1900,KA,TS1C,113B 302B 375B ,,R,W,O ,H ,T,G,C,100,0,1,0,1589146,5270529
Hurunui District,16/06/2014,Mon,1520,BF,CS14,102A 131A ,,M,D,ON,F , , ,C,100,1,0,1,1582860,5274065
Hurunui District,13/04/2014,Sun,1300,DA,4N1,131A 134A 806 ,VZ,E,W,O ,F , ,N,C,100,0,0,0,1580780,5275944
Hurunui District,10/12/2014,Wed,1920,DA,CS1,131A 801 ,T,M,W,O ,L , , ,C,100,0,0,0,1580910,5277640
Hurunui District,28/12/2014,Sun,1057,BC,MN1C,111A 121A ,,M,D,B ,F , ,N,C,100,1,0,0,1581414,5278550
Hurunui District,30/06/2014,Mon,300,DA,VN1,111A 131A ,EF,M,D,DN,F , , ,C,100,1,0,0,1581222,5279364
Hurunui District,16/03/2014,Sun,1830,DA,CS1,111A 131A ,V,M,W,O ,L , , ,C,100,0,1,1,1581181,5280376
Hurunui District,15/12/2014,Mon,800,CB,VS1,129A 410A ,C,R,D,B ,F , ,N,C,100,0,0,0,1580563,5281133
Hurunui District,21/05/2014,Wed,910,DA,CN1,131A 410A ,G,E,D,O ,F , ,N,C,100,0,0,1,1580398,5281443
Hurunui District,31/12/2014,Wed,1643,DA,4S1,110A 131A ,V,M,W,O ,F ,T,S,C,100,0,0,0,1581713,5284667
Hurunui District,08/02/2014,Sat,947,DA,CS1,131A 410A ,C,M,D,BN,F , ,N,C,100,0,0,0,1573469,5286765
Hurunui District,18/04/2014,Fri,1530,DB,40,111A 131A ,,S,D,B ,F , , ,C,100,0,0,0,1572775,5286540
Hurunui District,09/03/2014,Sun,1235,DA,ME1,812,,M,D,B ,F , , ,C,100,0,0,1,1564243,5284046
Hurunui District,16/03/2014,Sun,1400,DB,CW1,110A 131A 901 ,P,M,W,O ,H , , ,C,100,0,0,1,1563979,5284095
Hurunui District,27/10/2014,Mon,1810,AD,4W1,112A 130A ,EF,R,D,O ,F , , ,C,100,0,0,2,1562244,5283951
Hurunui District,29/04/2014,Tue,1550,DA,VN1,111A 131A 801 ,V,E,W,O ,L , , ,C,100,0,0,0,1560762,5283902
Hurunui District,09/06/2014,Mon,1400,DB,CN1,110A 131A 901 ,G,M,W,O ,H , , ,C,100,0,0,1,1560350,5284392
Hurunui District,06/05/2014,Tue,2035,DA,CE1,111A 131A ,C,S,W,DN,L , , ,C,100,0,0,0,1559948,5284636
Hurunui District,08/05/2014,Thu,1445,DA,40,129A 134A ,G,M,W,O ,L , ,N,C,100,0,1,1,1555213,5284747
Hurunui District,28/12/2014,Sun,1405,FA,VE1M,181A 330A ,,R,D,B ,F , ,N,C,100,0,0,1,1555191,5284757
Hurunui District,01/12/2014,Mon,1640,CB,40,110A 135A 803 ,CT,R,I,O ,MF, ,N,C,100,0,1,0,1553866,5284258
Hurunui District,16/12/2014,Tue,250,CA,CW1,130A 358A ,F,R,D,DN,F , , ,C,100,0,0,0,1553818,5284223
Hurunui District,06/02/2014,Thu,1310,DA,MW1,111A 131A ,V,M,D,B ,F , , ,C,100,0,1,0,1549220,5292670
Hurunui District,26/02/2014,Wed,1730,DA,MS1,135A 804 ,CV,M,D,BN,F , ,N,C,100,0,0,1,1549461,5294596
Hurunui District,04/10/2014,Sat,1230,CC,CN1,410A ,T,R,I,O ,SS, , ,C,100,0,0,0,1549935,5296498
Hurunui District,29/01/2014,Wed,1900,DB,CS1,116A 131A 817 ,V,M,D,BN,F , ,N,N,100,0,0,0,1550724,5298367
Hurunui District,21/08/2014,Thu,1550,DA,4S1,131A 363A 902 ,C,M,D,BN,F , ,N,C,100,0,0,0,1551000,5300268
Hurunui District,16/01/2014,Thu,1255,DB,CN1,111A 132A 801 ,T,M,W,O ,L , , ,C,100,0,0,0,1551006,5300607
Hurunui District,20/05/2014,Tue,1615,BC,VS1C,103A 110A 121A ,,M,W,DN,F , ,N,C,100,0,1,0,1550926,5301154
Hurunui District,25/07/2014,Fri,630,DA,CS1,135A 802 ,T,E,I,DN,F , ,N,C,100,0,0,1,1550677,5303738
Hurunui District,24/06/2014,Tue,600,CC,4S1,135A 801 802 ,BCT,R,I,O ,L , , ,C,100,0,0,0,1550677,5303738
Hurunui District,02/01/2014,Thu,1545,DB,CN1,111A 131A 801 ,T,M,W,O ,L , , ,C,100,0,0,0,1550531,5305468
Hurunui District,09/03/2014,Sun,2200,DB,MS1,410A ,I,E,D,DO,F , ,N,R,100,0,1,1,1581747,5284757
Hurunui District,03/06/2014,Tue,2230,DA,4S1,131A 350A ,,E,D,DN,F , ,N,C,100,0,0,1,1584083,5288700
Hurunui District,19/07/2014,Sat,1630,CB,CS1,197A 331A 350A ,P,R,D,OF,F , ,N,C,70,0,1,1,1585026,5290506
Hutt City,18/12/2014,Thu,1305,HA,CW1C,302B 382B ,,R,W,OF,H ,X,G,N,50,0,0,0,1757859,5434201
Hutt City,13/04/2014,Sun,1546,EA,CN1C,129A 517A ,M,R,W,OF,L , ,N,N,50,0,0,0,1766006,5439072
Hutt City,18/12/2014,Thu,1045,MO,VN1C,371A 929 ,M,R,W,O ,F ,D,N,N,50,0,0,0,1759974,5434640
Hutt City,09/07/2014,Wed,0,NB,CN1E,102A 112A 370A 724B ,,R,D,DO,F , ,N,N,50,0,1,0,1759936,5434548
Hutt City,20/04/2014,Sun,230,CB,40,130A 501A ,C,R,D,DO,F , ,N,C,50,0,0,1,1757823,5436978
Hutt City,03/06/2014,Tue,820,HA,CN1C,302A 375A ,,E,D,BF,F ,R,G,C,50,0,0,0,1760318,5434507
Hutt City,02/09/2014,Tue,1400,DA,CW1,111A 131A ,S,M,D,O ,F ,T,G,R,50,0,0,0,1759779,5435366
Hutt City,02/06/2014,Mon,2314,CB,CS1C,130A 517A ,FMP,R,D,DO,F , ,N,C,50,0,0,0,1763401,5436781
Hutt City,04/01/2014,Sat,1930,DB,CS1C,111A 131A ,M,M,W,OF,L , ,N,C,50,0,0,0,1765866,5439647
Hutt City,03/10/2014,Fri,2143,CC,CN1C,129A 357A ,M,R,D,DO,F , ,N,N,50,0,0,0,1763227,5429921
Hutt City,17/08/2014,Sun,600,MO,CE1,103A 130A 517A ,KP,R,D,TO,F , , ,C,50,0,0,0,1759881,5436915
Hutt City,06/11/2014,Thu,1734,JA,CW1C,197A 302B 375B ,,R,D,B ,F ,T,G,P,50,0,0,1,1760038,5436366
Hutt City,29/06/2014,Sun,1045,MF,CN1C,371B ,,R,D,OF,F ,R,G,R,50,0,0,0,1759947,5436054
Hutt City,29/05/2014,Thu,1418,NA,CN1E,306A ,,R,D,OF,F ,R,G,X,50,0,0,1,1759947,5436054