TLANAME,CRASHDATE,CRASHDOW,CRASHTIME,MVMT,VEHICLES,CAUSES,OBJECTSSTRUCK,ROADCURVE,ROADWET,LIGHT,WTHRa,JUNCTYPE,TRAFCTRL,ROADMARK,SPDLIM,CRASHFATALCNT,CRASHSEVCNT,CRASHMINCNT,EASTING,NORTHING
Hutt City,23/09/2014,Tue,1010,GA,CN1C,357A 512A ,,R,D,B ,F ,R,G,R,50,0,0,0,1759942,5436037
Hutt City,15/12/2014,Mon,1125,EA,CN1C,129A 330A ,M,E,D,O ,F , , ,C,50,0,0,0,1759802,5435814
Hutt City,09/06/2014,Mon,1819,EA,CS1C,103A 506A 512A 801 ,M,R,W,DO,L , , ,C,50,0,0,1,1757613,5434756
Hutt City,11/12/2014,Thu,1608,LB,CS1V,303B 375B ,,R,D,BF,F ,T,G,P,50,0,0,0,1757672,5434279
Hutt City,02/10/2014,Thu,947,DA,VN1CC,111A 131A ,MM,E,D,O ,F ,X,S,R,50,0,0,0,1757766,5434478
Hutt City,31/03/2014,Mon,1230,KC,BS1C,129A ,,E,D,O ,F ,R,G,R,50,0,0,0,1759707,5436115
Hutt City,25/12/2014,Thu,1224,MO,CE1C,101A 371A 929 ,M,R,D,O ,L ,D,N,N,50,0,0,0,1763839,5437187
Hutt City,08/07/2014,Tue,1701,FD,CE14,181A ,,R,D,TF,F , , ,C,50,0,0,0,1762801,5437132
Hutt City,05/08/2014,Tue,820,NB,CW1E,306A 341A 645A ,,R,D,BF,F ,T,N,X,50,0,0,1,1760624,5435304
Hutt City,31/03/2014,Mon,2355,EA,TS1C,129A 411A ,M,R,D,DO,F , , ,C,50,0,0,0,1760631,5435311
Hutt City,18/02/2014,Tue,1732,FC,CN1C,331A 358A ,,R,D,B ,F ,T,G,C,50,0,0,1,1761851,5436398
Hutt City,12/10/2014,Sun,1432,NB,CN1E,306A 830 ,,R,D,B ,F , , ,X,50,0,0,1,1761870,5436414
Hutt City,01/02/2014,Sat,1630,NA,CN1EEE,306A 352A ,,R,D,OF,F , ,N,X,50,0,1,2,1761877,5436421
Hutt City,30/05/2014,Fri,1514,NB,CS1E,306A ,,R,D,O ,F ,T,N,X,50,0,0,1,1760218,5434890
Hutt City,26/11/2014,Wed,702,CA,MS1,130A 402A 631A ,,R,D,O ,F , , ,C,50,0,0,1,1763568,5437752
Hutt City,20/10/2014,Mon,1104,EA,CS1C4,129A ,M,E,D,BF,F , ,N,C,50,0,0,1,1761382,5435974
Hutt City,08/03/2014,Sat,1619,FB,CN1C,331A 353A ,,R,D,BF,F ,X,G,C,50,0,0,0,1761396,5435988
Hutt City,23/06/2014,Mon,1255,CB,CS14,112A ,M,R,D,BF,F , ,N,C,50,0,0,1,1763799,5438077
Hutt City,24/05/2014,Sat,1936,EA,CW1C,129A 357A ,M,R,D,DO,F , , ,C,50,0,0,0,1757301,5434747
Hutt City,07/08/2014,Thu,922,PO,TW1E,330A 387A 723B 730B ,,E,D,O ,F , , ,N,50,0,0,1,1766545,5441649
Hutt City,01/03/2014,Sat,210,DB,CS1,121A 517A ,F,E,W,DO,F ,T,G,R,50,0,0,0,1763621,5439110
Hutt City,31/05/2014,Sat,1600,CB,MN1C,137A 372B ,,R,D,BN,F , ,N,C,100,0,0,0,1761198,5423809
Hutt City,28/11/2014,Fri,1749,DA,VN1,103A 111A ,C,E,W,O ,H , , ,C,80,0,0,0,1763339,5427304
Hutt City,22/11/2014,Sat,1815,CC,CN1,129A 198A ,,R,W,O ,F , ,N,C,80,0,0,0,1763271,5427118
Hutt City,18/06/2014,Wed,1823,ME,CN1C,112A ,,R,D,DO,F , , ,C,50,0,0,0,1763391,5427953
Hutt City,08/05/2014,Thu,1620,MO,CN1,371A 929 ,FHJ,R,D,O ,F ,D,N,C,50,0,0,0,1763391,5427978
Hutt City,18/04/2014,Fri,1530,MO,CS1C,385A 929 ,M,R,D,OF,F , ,N,C,50,0,0,0,1763305,5436809
Hutt City,14/10/2014,Tue,2115,EA,CN1C,103A 129A ,M,E,D,DO,F , ,N,C,50,0,0,0,1763867,5439509
Hutt City,20/05/2014,Tue,1545,MA,CN1C,373B ,,R,D,OF,F , ,N,P,50,0,0,0,1760156,5436465
Hutt City,17/09/2014,Wed,836,HA,CE2C,322A ,,R,D,B ,F ,X,T,C,50,0,0,1,1760090,5436236
Hutt City,25/03/2014,Tue,725,HA,CN1C,321B 350B ,,R,D,O ,F ,X,S,R,50,0,0,1,1757934,5434170
Hutt City,09/05/2014,Fri,1820,AO,VS1C,150A 381A ,,E,D,DO,F , ,N,R,50,0,0,0,1758296,5435030
Hutt City,30/09/2014,Tue,1633,FD,CN1CC,181A 331A ,,R,D,B ,F , ,N,C,50,0,0,0,1758282,5434998
Hutt City,10/11/2014,Mon,1035,MA,TS1C,373B 671B ,,R,D,B ,F , , ,C,50,0,0,0,1757982,5434279
Hutt City,11/09/2014,Thu,2344,CB,CN1,105A 351A ,PS,R,D,DO,F , ,N,C,50,0,0,0,1758499,5435434
Hutt City,12/09/2014,Fri,800,CB,CW1,351A ,J,R,D,O ,F , , ,C,50,0,0,2,1766384,5438778
Hutt City,06/09/2014,Sat,220,DB,CE2,111A 131A 407A ,GK,E,W,DO,F ,R,G,C,50,0,0,0,1762905,5436988
Hutt City,05/06/2014,Thu,1715,FA,CN14,181A 331A 350A ,,R,D,DO,F ,T,G,C,50,0,0,0,1762646,5437346
Hutt City,21/11/2014,Fri,1939,BB,CE1C,124A 354A ,,R,D,O ,F ,T,G,C,50,0,0,0,1762646,5437346
Hutt City,26/07/2014,Sat,845,DA,CE1,131A 197A 802 ,P,E,I,B ,FF, , ,N,50,0,0,0,1765734,5439176
Hutt City,22/09/2014,Mon,1012,DA,4E2C,129A 407A 801 ,M,R,W,O ,H ,T,N,C,50,0,0,0,1763660,5437380
Hutt City,05/03/2014,Wed,2127,DA,CN1,101A 111A 131A 801 ,F,S,W,DO,L , , ,C,50,0,0,0,1757606,5435906
Hutt City,13/07/2014,Sun,1638,DB,CS1C,111A 131A ,M,M,W,TF,F , , ,C,50,0,0,0,1757525,5435981
Hutt City,20/07/2014,Sun,1000,DB,VN1C,131A ,,M, , F,  , ,N,C,100,0,0,0,1757510,5435511
Hutt City,24/01/2014,Fri,,GD,MN1C,331A 353A ,,R,D,TF,F ,T,G,C,50,0,0,0,1757488,5435776
Hutt City,14/05/2014,Wed,1210,LB,4N1T,302A 375A 901 ,,M,W,B ,H ,R,G,C,50,0,0,0,1758004,5435524
Hutt City,25/07/2014,Fri,1321,AC,4N1C,372A ,,R,D,O ,F , , ,R,80,0,0,0,1765555,5440979
Hutt City,24/09/2014,Wed,1445,FB,CN1C,181A ,,R,D,B ,F ,R,G,C,80,0,0,0,1765479,5440923
Hutt City,04/09/2014,Thu,1144,AD,VS1T,150A 386A ,,R,D,B ,F , ,N,C,50,0,0,0,1764456,5439126
Hutt City,06/01/2014,Mon,1806,CB,CN1,129A 357A ,FS,R,D,B ,F , ,N,C,70,0,0,0,1764647,5439495
Hutt City,08/01/2014,Wed,900,QG,CN1C,406A ,Q,R,D,B ,F ,T,G,C,50,0,0,1,1764511,5438946
Hutt City,27/06/2014,Fri,1730,JA,ME1C,302B 375B ,,R,W,DO,F ,T,G,P,50,0,0,1,1764199,5438500
Hutt City,12/06/2014,Thu,759,MC,CS1C,372B ,,R,D,O ,F , , ,P,70,0,0,0,1765230,5440502
Hutt City,23/05/2014,Fri,45,DA,CN1,103A 111A 131A 359A ,G,E,D,DN,F , , ,C,80,0,0,0,1767074,5442625
Hutt City,07/10/2014,Tue,1335,DB,CW1,131A 358A ,C,M,D,B ,F ,Y,N,L,50,0,0,0,1766166,5441445
Hutt City,07/05/2014,Wed,1830,FA,CN1P,181A 503A ,,R,D,DO,F , ,N,C,80,0,0,0,1766247,5441525
Hutt City,22/06/2014,Sun,930,CB,CS1,101A 131A ,X,R,W,OF,F , ,N,N,80,0,0,0,1766462,5441797
Hutt City,04/12/2014,Thu,1600,FB,CE1C,181A 387A ,,E,W,O ,L ,R,G,R,80,0,0,0,1766199,5441471
Hutt City,11/04/2014,Fri,1714,JC,CE2C,110A 132A 302B 375B 904 ,,R,W,TF,M ,T,G,R,50,0,0,1,1763960,5438338
Hutt City,16/10/2014,Thu,1330,CA,CW1,112A 130A 514A 517A ,K,R,D,B ,F , , ,N,50,0,0,0,1759822,5433961
Hutt City,15/06/2014,Sun,1858,EA,CW1C,501A ,M,R,D,DO,F , , ,C,50,0,0,0,1762853,5433076
Hutt City,13/05/2014,Tue,1916,NF,4S1E,341A 715B 724B 925 ,,R,W,DO,F ,D,N,C,50,0,0,1,1766094,5439969
Hutt City,06/09/2014,Sat,900,EA,CW1C,386A ,M,R,D,B ,F ,T,N,C,50,0,0,0,1763338,5437298
Hutt City,06/03/2014,Thu,2055,EA,TE1TC,385A ,MD,R,D,DO,F , ,N,N,50,0,0,0,1763315,5437281
Hutt City,05/04/2014,Sat,1353,NA,CE1E,712B 713B 727B ,,R,D,BF,F , ,N,X,50,0,0,1,1763315,5437281
Hutt City,04/06/2014,Wed,1800,MC,CN1C,372B ,,E,W,DO,F ,T,N, ,50,0,0,0,1762494,5437549
Hutt City,20/07/2014,Sun,1735,HA,CW1C,301B ,,R,W,DO,L ,X,S,C,50,0,0,0,1762205,5437717
Hutt City,27/11/2014,Thu,2242,CC,4S1,130A 412A ,IP,R,D,DO,F , , ,R,50,0,0,0,1761845,5438172
Hutt City,18/12/2014,Thu,730,FB,CN1C,181A ,,R,D,O ,L ,T,G,C,50,0,0,0,1761957,5437958
Hutt City,23/12/2014,Tue,1730,FA,CS1C,181A ,,R,D,O ,F , , ,C,50,0,0,0,1761895,5437944
Hutt City,12/11/2014,Wed,1445,FB,CN1C,181A 331A ,,R,D,O ,F ,T,G,C,50,0,0,0,1761863,5437967
Hutt City,15/07/2014,Tue,1415,MD,CN1CC,197A 371B 929 ,M,R,D,O ,F ,D, ,N,50,0,0,1,1765238,5440629
Hutt City,06/02/2014,Thu,1545,GB,VS1C,142B 929 ,,R,D,OF,F ,D,N,N,50,0,0,0,1765606,5440099
Hutt City,17/07/2014,Thu,1008,HA,CN1C,302A 375A ,,M,W,OF,L ,R,G,R,50,0,0,0,1763170,5430995
Hutt City,14/12/2014,Sun,1802,HA,CN1C,302A 363A 375A 902 ,,E,D,B ,F ,R,G,C,50,0,0,0,1763170,5430995
Hutt City,14/03/2014,Fri,753,MD,CN1C,110B 308B 371B 929 ,,R,D,B ,F ,D, ,C,50,0,0,0,1763149,5430739
Hutt City,03/06/2014,Tue,1235,JA,CE1C,302B ,,S,D,B ,F ,R,G,R,50,0,0,0,1763105,5430269
Hutt City,21/07/2014,Mon,810,EO,TN1,179A 386A ,H,R,W,O ,F ,X,S,C,50,0,0,0,1757158,5434656
Hutt City,26/07/2014,Sat,1653,DC,CW2,433A ,F,E,D,O ,F ,T,G,C,50,0,0,0,1763603,5438586
Hutt City,07/06/2014,Sat,1956,EA,CN1CC,101A 129A 359A ,MM,R,D,DO,F , ,N,C,50,0,0,0,1763373,5431420
Hutt City,15/01/2014,Wed,1400,EA,CN1C,386A ,M,R,D,B ,F , ,N,C,50,0,0,0,1763377,5431385
Hutt City,17/08/2014,Sun,1731,FA,CS1V,101A 111A 331A ,,E,D,O ,F , , ,C,50,0,0,0,1766092,5440458
Hutt City,17/09/2014,Wed,1551,NA,CS1E,377A 713B ,,R,D,O ,F , , ,C,50,0,0,1,1766047,5439293
Hutt City,30/04/2014,Wed,1612,CB,CN1,103A 130A 402A 632A ,P,R,D,O ,F , , ,C,50,0,0,0,1765985,5439631
Hutt City,12/04/2014,Sat,2024,LB,VN1C,303B 517B ,,R,D,DO,F ,T,G,C,50,0,0,0,1766611,5440325
Hutt City,15/03/2014,Sat,1130,MG,CS1C,371B ,,E,D,O ,F ,T,S,C,50,0,0,0,1760492,5434650
Hutt City,26/11/2014,Wed,905,MC,VE1C,372B 402B ,,R,D,B ,F , , ,N,50,0,0,0,1762992,5437870
Hutt City,03/03/2014,Mon,922,JC,XW1M,308A 375A 927 ,,E,D,BF,F ,D,N,P,50,0,0,0,1760711,5433353
Hutt City,08/08/2014,Fri,1627,DB,CS1,111A 131A 632A ,C,M,W,O ,F , , ,N,50,0,0,0,1760744,5433375
Hutt City,04/08/2014,Mon,1430,LB,CS1C,102B 124B 303B ,,R,D,B ,F ,T,G,C,50,0,0,0,1760337,5435008
Hutt City,19/04/2014,Sat,1549,QD,TS1,428A ,P,R,D,O ,F , , ,N,50,0,0,0,1762161,5438863
Hutt City,10/03/2014,Mon,2003,KB,CW1C,302B 375B ,,R,D,DO,F ,T,G,C,50,0,0,0,1760932,5434869
Hutt City,21/09/2014,Sun,1511,MO,CN1C,371A 386A ,M,R,D,B ,F , ,N,C,50,0,0,0,1763960,5429563
Hutt City,17/05/2014,Sat,2200,NB,CN1E,105B 713B ,,R,D,DO,M , , ,N,50,0,0,1,1762966,5432830
Hutt City,15/08/2014,Fri,1830,EA,CN1C,129A ,M,R,D,BF,F , ,N,C,50,0,0,0,,
Hutt City,04/10/2014,Sat,917,MO,CS14,330A 371A 402A ,M,R,D,B ,F , , ,N,50,0,0,0,1762836,5437233
Hutt City,28/07/2014,Mon,920,MO,TW1C,372A 671A ,,R,D,BF,F ,T,G,C,50,0,0,0,1760210,5434883
Hutt City,27/03/2014,Thu,826,PC,VS1E,308A 371A 727B 929 ,,R,D,OF,F ,D,N,C,50,0,1,0,1766333,5440231
Hutt City,27/05/2014,Tue,630,DB,CS1,104A 111A 131A 517A 800 ,C,E,W,DN,F , , ,C,80,1,2,0,1764878,5441146
Hutt City,10/04/2014,Thu,1045,MO,CE1C,371A 926 ,,R,D,B ,F ,D,N,C,50,0,0,0,1759445,5436192
Hutt City,30/07/2014,Wed,1615,CB,CN1,130A 402A 412A 801 ,T,R,W,O ,L ,X,G,C,50,0,0,1,1764600,5439891
Hutt City,08/12/2014,Mon,1345,FC,VW1C,181A 331A ,,R,D,B ,F ,T,G,X,50,0,0,0,1761328,5436886
Hutt City,26/05/2014,Mon,1627,KB,TW1CC,302B 377B ,HX,R,D,BF,F ,T,G,X,50,0,0,0,1761298,5436884
Hutt City,25/09/2014,Thu,1215,FC,CE1C,181A ,,R,D,B ,F ,T,G,C,50,0,0,0,1760412,5436771
Hutt City,13/05/2014,Tue,1019,JA,CN1C,308B 922 ,,R,W,O ,L ,D,N,C,50,0,0,0,1760446,5436781
Hutt City,05/09/2014,Fri,1330,MF,XE1C,372B 926 ,,R,W,O ,F ,D,N,C,50,0,0,0,1760389,5436763
Hutt City,21/06/2014,Sat,1145,GO,TE1C,179A ,,E,D,O ,F ,R,G,R,50,0,0,0,1762494,5437523
Hutt City,09/01/2014,Thu,1704,NF,CS1E,371A ,,R,D,O ,F ,T,G,C,50,0,0,1,1760204,5436664
Hutt City,13/06/2014,Fri,900,FA,CE1T,331A 363A 902 ,,R,D,B ,F ,T,G,C,50,0,0,0,1764892,5440773
Hutt City,02/09/2014,Tue,745,FB,SS1C,357A 512A ,,R,D,BF,F , ,N,C,50,0,0,1,1759447,5436193
Hutt City,01/11/2014,Sat,1245,MO,CS1C,386A ,M,R,D,B ,F ,T,G,N,50,0,0,0,1759358,5436128
Hutt City,23/04/2014,Wed,740,KB,CS1C,302A 353A 377A ,,R,D,BF,F ,T,G,C,50,0,0,0,1764224,5439037
Hutt City,02/02/2014,Sun,1758,FO,CS1V,357A 512A ,,M, ,O ,  ,R,G,R,50,0,0,0,1760070,5436589
Hutt City,20/01/2014,Mon,1733,KC,CW1B,386B ,,R,D,B ,F ,R,G,R,50,0,0,0,1760070,5436589
Hutt City,02/05/2014,Fri,1120,FC,VW1C,112A 331A 402A ,,R,D,B ,F ,T,S,X,50,0,0,0,1761672,5436904
Hutt City,04/02/2014,Tue,1640,NA,CW1K,717B ,,R,D,B ,F , , ,X,50,0,0,1,1761662,5436903
Hutt City,14/06/2014,Sat,1224,FD,CS1C,191A 331A ,,R,D,O ,F ,T,G,C,50,0,0,0,1764890,5440612
Hutt City,17/12/2014,Wed,1545,MA,CN1CC,330B 371B ,,R,D,O ,F , , ,C,50,0,0,0,1762379,5437434
Hutt City,24/04/2014,Thu,1600,KA,CS1C,308B 377B 839 922 ,,R,D,O ,F ,D, ,C,50,0,0,0,1762410,5437459
Hutt City,02/08/2014,Sat,1930,KA,CS1C,302B 375B 901 ,,R,W,DO,H ,T,G,C,50,0,0,0,1762355,5437416
Hutt City,18/06/2014,Wed,2045,EA,CN1V,195A 402A ,M,E,D,DO,F ,T,N,L,50,0,0,0,1764944,5440538
Hutt City,21/10/2014,Tue,1008,EA,CE1CC,104A 129A ,MM,R,D,B ,F , , ,C,50,0,0,0,1760972,5436866
Hutt City,19/06/2014,Thu,1440,HA,CN1M,302A 375A ,,R,D,BF,F ,R,G,R,50,0,0,1,1760070,5436589
Hutt City,11/12/2014,Thu,1430,AC,4S1B,386B ,,R,D,O ,F ,R,G,R,50,0,0,0,1760070,5436583
Hutt City,03/03/2014,Mon,1542,AO,BW1V,150A 386A ,,R,D,O ,F ,R,G,R,50,0,0,0,1760070,5436589
Hutt City,27/07/2014,Sun,1920,HA,CS1C,302A 375A ,,R,D,DO,F ,R,G,R,50,0,0,0,1759884,5436482
Hutt City,19/03/2014,Wed,1035,MA,CS1C,373B ,,R,D,B ,F , , ,C,50,0,0,0,1759981,5436538
Hutt City,22/07/2014,Tue,1000,FC,CW1C,331A 350A 402A 801 ,,R,W,O ,L , , ,X,50,0,0,0,1760650,5436834
Hutt City,28/07/2014,Mon,842,FC,CN1C,181A ,,R,D,B ,F , , ,X,50,0,0,0,1762005,5437086
Hutt City,18/06/2014,Wed,855,FD,MN1C,331A 353A ,,E,D,OF,F , ,N,P,50,0,0,1,1764833,5440715
Hutt City,10/06/2014,Tue,1956,LB,CN1C,303B 404B 801 ,,E,W,DO,L ,T,G,C,50,0,1,1,1764819,5440701
Hutt City,07/11/2014,Fri,1635,KA,CN2C,353A 387A ,,M,D,B ,F ,T,G,P,50,0,0,0,1764819,5440701
Hutt City,13/09/2014,Sat,1804,FD,CN1C,181A ,,R,D,DO,F , ,N,X,50,0,0,0,1761962,5437047
Hutt City,08/10/2014,Wed,1135,MF,CN1C,371B ,,R,D,OF,FS, ,N,C,50,0,0,0,,
Hutt City,09/04/2014,Wed,1704,JA,CN1C,301B 375B ,,E,W,O ,F ,T,S,C,50,0,0,0,1761255,5438585
Hutt City,02/12/2014,Tue,735,LB,CS1C,303B 338B ,,M,W,OF,L ,T,S,C,50,0,0,0,1761255,5438585
Hutt City,16/12/2014,Tue,1915,EA,CW1C,129A 902 ,M,E,D,B ,F , , ,N,50,0,0,0,1763883,5428697
Hutt City,22/01/2014,Wed,1930,DA,CN1C,111A 131A ,M,E,W,OF,L , ,N,C,50,0,0,0,1766035,5441297
Hutt City,10/04/2014,Thu,2125,DB,BW1,386A ,F,S,W,DO,L ,T,N,C,50,0,0,0,1766176,5441272
Hutt City,10/01/2014,Fri,2330,DA,CN2,131A 358A ,T,R,D,DO,F ,T,N,N,50,0,0,0,1762298,5430079
Hutt City,16/10/2014,Thu,1338,BB,TN1V,818,,E,D,BF,F , ,N,N,50,0,0,0,1763012,5437193
Hutt City,29/10/2014,Wed,1405,MA,CE1C,373B 671B ,,E,W,OF,L ,T,G,N,50,0,0,0,1763176,5437158
Hutt City,26/09/2014,Fri,2259,MO,CN1C,101A 129A 371A ,M,R,D,DO,F ,T,N,C,50,0,0,0,1763159,5437144
Hutt City,24/12/2014,Wed,7,DA,CS1,102A 111A 131A ,,E,D,DO,F ,T,N,C,50,0,0,1,1766945,5440299
Hutt City,15/08/2014,Fri,1510,EA,CE1C,129A ,M,R,W,OF,F , ,N,C,50,0,0,0,,
Hutt City,29/03/2014,Sat,1215,GF,BS2C,129A ,,M,D,O ,F ,R,G,R,50,0,0,0,1760070,5436589
Hutt City,21/10/2014,Tue,1000,MO,VE1C,385A ,M,R, , F,F , ,N,C,50,0,0,0,1760529,5432726
Hutt City,28/11/2014,Fri,1207,LB,CW2V,303B ,,R,D,B ,F ,T,S,N,50,0,0,0,1760053,5433176
Hutt City,27/05/2014,Tue,1708,KA,MW1V,302B ,,R,D,TO,F ,R,G,R,50,0,0,1,1758004,5435524
Hutt City,27/06/2014,Fri,2340,DA,CE1,103A 131A ,F,E,D,DO,F ,R,G,R,50,0,0,1,1758024,5435533
Hutt City,05/10/2014,Sun,1500,FB,CS1C,331A 353A ,,M,D,B ,F ,R,G,R,50,0,0,0,1758017,5435557
Hutt City,18/06/2014,Wed,730,JA,SW1C,205A ,,R,D,OO,F ,T,G,P,50,0,0,1,1756561,5434802
Hutt City,16/09/2014,Tue,656,KC,CS1C,302A 382A ,,E,D,O ,F ,T,G,R,50,0,1,0,1758545,5435991
Hutt City,30/05/2014,Fri,930,MO,TW1C,371A 385A 929 ,M,R,D,BN,F ,D,N,C,50,0,0,0,1757056,5434958
Hutt City,16/06/2014,Mon,1814,JA,CW1C,302B 382B ,,R,W,DO,L ,T,G,C,50,0,0,0,1757031,5434954
Hutt City,27/05/2014,Tue,906,GA,CW14V,331A 927 ,M,R,D,BF,F ,D,N,P,50,0,0,0,1757144,5434976
Hutt City,20/08/2014,Wed,1714,JA,SN1C,308B 927 ,,R,D,O ,F ,D,N,N,50,0,0,1,1758385,5435839
Hutt City,14/03/2014,Fri,2358,DB,CS1,103A 131A ,S,E,D,DO,F ,R,G,R,50,0,0,0,1756109,5434639
Hutt City,01/03/2014,Sat,1500,QB,CE2,532A 663A ,,E,D,BF,F ,R,G,R,50,0,0,1,1756045,5434648
Hutt City,21/09/2014,Sun,747,DA,CN1,104A 111A 131A 402A ,FHP,E,W,O ,L , , ,C,50,0,1,0,1763244,5430369
Hutt City,30/09/2014,Tue,1338,BB,4E2C,124A 377A ,,R,D,BF,F ,T,S,N,50,0,0,0,1757538,5434497
Hutt City,01/03/2014,Sat,2027,HA,CN2C,301A 353A 375A ,,R,D,DO,F ,X,S,C,50,0,0,0,1757731,5434405
Hutt City,28/11/2014,Fri,1810,EA,BE1C,179A ,Q,R,D,BF,F ,X,T,C,50,0,0,0,1757988,5434293
Hutt City,07/12/2014,Sun,520,CB,CW1,414A ,JSX,R,D,TO,F , , ,C,50,0,0,1,1757669,5434434
Hutt City,02/08/2014,Sat,1914,FD,VW1V,181A ,,R,W,DO,L ,X,G,C,50,0,0,0,1757400,5434550
Hutt City,04/10/2014,Sat,1315,FB,CW1C,181A ,,R,D,O ,F ,X,G,C,50,0,0,0,1757386,5434555
Hutt City,01/06/2014,Sun,712,CB,XE1,129A 358A ,G,R,D,B ,F , , ,L,50,0,0,1,1757210,5434633
Hutt City,31/10/2014,Fri,1710,FD,CW1C,181A ,,R,D,B ,F , , ,C,50,0,0,0,1756772,5434814
Hutt City,11/10/2014,Sat,1207,FC,CW1C,331A ,,R,D,B ,F ,T,S,C,50,0,0,0,1757916,5434322
Hutt City,11/10/2014,Sat,1054,MA,CE1C,373B 671B ,,R,D,BF,F , ,N,C,50,0,0,0,1757935,5434314
Hutt City,08/06/2014,Sun,1840,NB,CE1E,306A 387A ,,R,D,DO,F ,T,S,X,50,0,0,1,1757907,5434325
Hutt City,29/05/2014,Thu,710,NA,CW1E,110A 306A 376A ,,R,W,DO,F , , ,X,50,0,1,0,1756996,5434717
Hutt City,05/09/2014,Fri,1600,MO,CW1M,371A ,M,R,W,O ,L , , ,C,50,0,0,0,1757073,5434694
Hutt City,30/11/2014,Sun,400,CB,CW1,103A 112A 131A ,P,R,D,DO,F ,X,S,X,50,0,0,0,1757092,5434687
Hutt City,07/04/2014,Mon,1720,MB,CN1C,303B ,,R,W,O ,LS, , ,C,50,0,0,0,1758363,5433937
Hutt City,23/10/2014,Thu,1527,QA,CW1E,502B 721B ,,R,D,O ,F , ,N,N,50,1,0,0,1758492,5426375
Hutt City,27/04/2014,Sun,1030,EA,CN1C,129A ,M,R,D,BF,F , ,N,P,50,0,0,0,1760807,5436650
Hutt City,18/12/2014,Thu,2202,LB,CE1C,303B 375B 402B ,,R,D,DO,F ,X,T,C,50,0,0,0,1760119,5436343
Hutt City,30/07/2014,Wed,1729,JA,CS1C,602A ,,R,W,DO,H ,T,G,C,50,0,0,0,1760658,5436539
Hutt City,11/03/2014,Tue,2330,CB,CW1,112A 130A ,S,R,D,DO,F ,T,G,C,50,0,0,0,1760426,5436367
Hutt City,24/09/2014,Wed,1507,HA,CN1C,301B 375B ,,R,D,B ,F ,X,S,P,50,0,0,0,1760525,5436440
Hutt City,15/12/2014,Mon,1030,MG,CN1C,371B ,,R,D,BF,F , ,P,C,50,0,0,0,1766667,5441815
Hutt City,20/10/2014,Mon,2123,BA,CW1C,125A 350A ,M,R,D,DO,F ,T,N,N,50,0,0,0,1762054,5437249
Hutt City,11/06/2014,Wed,2101,HA,CE1C,302A 375A ,,E,W,DO,L ,R,G,P,50,0,0,0,1759937,5436044
Hutt City,04/04/2014,Fri,830,FD,CW1C,181A ,,R,D,B ,F ,T,G,C,50,0,0,0,1760033,5436019
Hutt City,21/04/2014,Mon,1400,MO,SE1C,181A 925 ,,R,D,BF,F ,D,N,C,50,0,0,0,1759817,5436078
Hutt City,29/01/2014,Wed,1005,JA,CW1CC,301B 507B 181C ,,R,D,B ,F ,T,S,R,50,0,0,0,1761013,5435750
Hutt City,21/05/2014,Wed,2240,DA,CE1,131A 801 ,K,S,W,DO,L ,T,G,C,50,0,0,0,1760492,5435891
Hutt City,11/08/2014,Mon,900,MG,CS1C,371B ,,R,D,OF,F ,T,G,C,50,0,0,0,1756964,5434938
Hutt City,03/01/2014,Fri,1440,FB,CW1T,108A 112A ,,R,W,O ,H ,T,S,C,50,0,0,0,1763754,5438013
Hutt City,24/02/2014,Mon,1456,QO,VS2T,428A 520A ,Q,R,D,BF,F ,T,N,C,50,0,0,1,1758611,5436093
Hutt City,29/03/2014,Sat,330,DA,CS1,111A 131A ,P,E,D,DO,F ,T,S,X,50,0,0,0,1759785,5435804
Hutt City,08/09/2014,Mon,1535,LB,CS1C,303B 382B ,,R,D,B ,F ,X,T,C,50,0,0,0,1759447,5436073
Hutt City,29/10/2014,Wed,845,MG,CN1C,371B 929 ,,R,D,BF,F ,D,N,N,50,0,0,0,1760071,5434448
Hutt City,26/04/2014,Sat,1347,BF,CS1C,111A 131A ,,E,D,BF,F , ,N,C,50,0,0,0,1765941,5439890
Hutt City,20/05/2014,Tue,1755,ND,4S2E,370A 724B 830 862 ,,E,D,DO,F ,T,G,C,50,0,0,1,1766029,5439875
Hutt City,22/09/2014,Mon,1447,DB,CS1,101A 111A 131A 517A 801 ,,E,W,O ,L , , ,C,50,0,0,0,1765715,5440115
Hutt City,17/10/2014,Fri,745,MA,CN1C,373B ,,R,D,B ,F , , ,C,50,0,0,0,1759870,5434970
Hutt City,15/08/2014,Fri,915,LB,CN14,303B ,,R,W,OF,L ,T,G,C,50,0,0,0,1759867,5434956
Hutt City,16/04/2014,Wed,1720,JA,CS1C,308B 314B 370B 801 929 ,,R,W,O ,L ,D, ,P,50,0,0,0,1759844,5434861
Hutt City,13/11/2014,Thu,1505,DB,CN1,131A 504A ,C,E,W,OF,L , ,N,C,50,0,0,0,1762928,5438419
Hutt City,02/09/2014,Tue,1520,GD,VS1C,129A ,,R,D,BN,F ,T,N,C,50,0,0,0,1763261,5430042
Hutt City,30/11/2014,Sun,2327,CC,CN1,506A 512A ,F,R,D,DO,F , , ,C,50,0,0,0,1763671,5428780
Hutt City,09/05/2014,Fri,1952,EA,VS1C,103A 129A 130A ,M,R,D,DO,F , , ,P,50,0,0,0,1763677,5429105
Hutt City,16/12/2014,Tue,742,CB,CN1C,129A 410A ,M,R,D,B ,F , ,N,C,50,0,0,0,1763401,5429819
Hutt City,07/12/2014,Sun,2157,CB,VN1,112A 351A 358A ,KP,R,D,DO,F , ,N,R,50,0,2,0,1761951,5439234
Hutt City,28/11/2014,Fri,1720,JA,MS1C,191A 308B 378B 929 ,,M,D,O ,F ,D,N,C,70,0,0,0,1759825,5429624
Hutt City,24/04/2014,Thu,0,DC,CW1,103A 110A 332A ,GI,M,D,DO,F , , ,R,70,0,0,0,1759466,5431423
Hutt City,07/12/2014,Sun,2230,DA,CE1,111A 131A 352A ,G,M,D,DO,F , , ,L,50,0,0,0,1759466,5431423
Hutt City,05/11/2014,Wed,1534,LB,CS1V,302A 330A 355A ,,M,W,O ,F ,M,G,R,50,0,0,1,1758932,5435909
Hutt City,05/10/2014,Sun,1430,DA,CS1,111A 131A 813 ,E,E,D,B ,F , , ,N,100,0,0,0,1766413,5442420
Hutt City,24/08/2014,Sun,1400,DB,CW2,131A 402A ,S,R,D,B ,F ,T,N,N,50,0,0,0,1759512,5432601
Hutt City,28/06/2014,Sat,910,DB,CN2C,111A 131A ,M,E,W,O ,F ,T,G,C,50,0,0,0,1760349,5434593
Hutt City,08/04/2014,Tue,2020,HA,CW1C,302A 375A ,,E,W,DO,F ,R,G,C,50,0,0,0,1760059,5436591
Hutt City,24/09/2014,Wed,2240,HA,CN1V,302A 351A 375A ,,E,D,DO,F ,R,G,C,50,0,0,0,1759999,5436668