TLANAME,CRASHDATE,CRASHDOW,CRASHTIME,MVMT,VEHICLES,CAUSES,OBJECTSSTRUCK,ROADCURVE,ROADWET,LIGHT,WTHRa,JUNCTYPE,TRAFCTRL,ROADMARK,SPDLIM,CRASHFATALCNT,CRASHSEVCNT,CRASHMINCNT,EASTING,NORTHING
Hutt City,27/02/2014,Thu,751,FD,CN1CC,331A 350A ,,R,D,B ,F , , ,L,50,0,0,0,1759866,5436861
Hutt City,29/05/2014,Thu,836,MO,VW1C,371A 386A 929 ,M,R,D,B ,F ,D,N,C,50,0,0,0,1757540,5435260
Hutt City,06/01/2014,Mon,1535,BF,CS1V,111A 131A ,,M,D,BF,F , ,N,C,50,0,0,0,1758416,5436380
Hutt City,23/06/2014,Mon,1340,DB,VE2CCC,131A 133A ,M,R,D,B ,F ,X,G,N,50,0,0,0,1761808,5436586
Hutt City,13/04/2014,Sun,357,DA,CS1C,111A 131A 514A 517A 827 ,FIK,M,W,DO,L ,R,G,R,50,0,0,0,1762024,5431548
Hutt City,21/05/2014,Wed,1549,AA,XN1C,372A ,,E,D,O ,F , , ,N,50,0,0,0,1762075,5431696
Hutt City,01/02/2014,Sat,235,CC,VN1,101A 130A 402A ,FJ,R,D,DO,F , , ,C,50,0,0,1,1763626,5429873
Hutt City,30/05/2014,Fri,1200,EA,CN1C,386A ,M,R,D,B ,F , ,N,C,50,0,0,0,1763410,5430966
Hutt City,23/06/2014,Mon,1515,GE,CN1C,160A 929 ,,R,D,B ,F ,D,N,C,50,0,0,0,1763413,5430592
Hutt City,25/07/2014,Fri,2343,DB,CW1,101A 131A ,EG,M,W,DN,F , , ,N,50,0,0,0,1764021,5429105
Hutt City,27/07/2014,Sun,950,DB,CS1,103A 131A ,F,M,D,OF,F , ,N,C,70,0,0,0,1766160,5430476
Hutt City,11/08/2014,Mon,834,DA,CS1,111A 131A 402A ,F,E,W,O ,F , , ,C,70,0,0,0,1765186,5429408
Hutt City,09/12/2014,Tue,1640,PA,CS1EE,112A 129A ,,R,D,O ,F , ,N,C,50,0,1,1,1764685,5429214
Hutt City,21/01/2014,Tue,310,CA,CS1C,130A 431A 812 ,,R,W,DO,  , ,N,N,100,0,0,0,1757641,5424966
Hutt City,14/11/2014,Fri,2346,DC,CN2,112A 132A 402A ,FPX,R,D,DO,F ,T,G,C,50,0,0,1,1759238,5427590
Hutt City,19/06/2014,Thu,1650,LB,SE1C,103B 303B ,,M,D,O ,F ,T,N,C,50,0,0,1,1762813,5436925
Hutt City,05/02/2014,Wed,2045,DA,CS2,133A 801 ,P,M,W,DO,L ,R,G,R,50,0,0,0,1762920,5436992
Hutt City,24/10/2014,Fri,2152,FB,CW1C,181A ,,R,D,DN,F ,R,G,R,50,0,0,0,1762901,5436978
Hutt City,17/09/2014,Wed,708,CB,CE1C,103A 129A ,M,R,D,BF,F , ,N,X,50,0,0,0,1763794,5437085
Hutt City,07/08/2014,Thu,1352,NA,CS1E,194A 712B 726B ,,R,D,O ,F , , ,C,50,0,1,0,1762754,5436885
Hutt City,02/10/2014,Thu,2224,EA,VS1V,101A 112A ,MT,R,D,DO,F , ,N,C,50,0,0,0,1763903,5437229
Hutt City,27/03/2014,Thu,1635,HA,CW1M,302A ,,E,D,B ,F ,R,G,R,50,0,1,0,1763383,5436983
Hutt City,27/11/2014,Thu,1822,HA,CW1C,302A ,,R,D,O ,FS,R,G,R,50,0,0,1,1763383,5436983
Hutt City,13/08/2014,Wed,1718,JC,CW2C,302A ,,E,D,O ,F ,T,G,C,50,0,0,0,1762664,5436817
Hutt City,04/10/2014,Sat,2241,CA,CE1,103A 112A ,P,R,D,DO,F ,R,G,C,50,0,0,0,1763392,5431077
Hutt City,11/03/2014,Tue,1130,EA,CN1C,386A ,M,R,D,B ,F ,X,G,C,50,0,0,0,1757364,5434723
Hutt City,19/12/2014,Fri,3,CC,CN1,101A 130A 402A ,P,R,D,DO,F , , ,C,50,0,0,0,1757345,5434682
Hutt City,29/08/2014,Fri,1500,DC,CS1,103A 130A 507A ,T,R,D,B ,F , , ,N,50,0,1,0,1760017,5431311
Hutt City,29/11/2014,Sat,225,DA,CS1,101A 111A 131A ,F,M,W,DO,F , ,N,C,50,0,0,2,1758933,5436124
Hutt City,07/05/2014,Wed,1630,DA,CW1,402A 503A ,G,M,W,O ,F , ,N,C,50,0,0,0,1758511,5436398
Hutt City,05/10/2014,Sun,1051,BO,BS14,129A ,,S,D,B ,F , , ,C,50,0,1,0,1758617,5436602
Hutt City,02/09/2014,Tue,1959,MO,CN1,134A 929 ,,R,D,DN,F ,D,N,N,50,0,0,0,1758703,5437616
Hutt City,11/12/2014,Thu,,EA,VW1C,103A 386A ,M,E,D,B ,F , ,N,C,50,0,0,0,1762530,5435700
Hutt City,12/12/2014,Fri,1715,MO,CN1,423A 427A 927 ,H,R,W,O ,F ,D,N,R,50,0,0,1,1766172,5440009
Hutt City,10/06/2014,Tue,853,MG,CN1C,371B 402B 421B 801 ,,R,W,O ,L ,R,G,R,50,0,0,0,1761153,5435945
Hutt City,05/11/2014,Wed,1440,ME,VE1C,303B 375B 926 ,,R,D,BF,F ,D,N,C,50,0,0,1,1761057,5435790
Hutt City,29/04/2014,Tue,1228,NB,4N1E,711B ,,R,D,BN,F ,T,G,C,50,0,0,1,1761774,5436390
Hutt City,12/10/2014,Sun,1415,CC,CN1C,104A 112A 130A ,FXH,R,D,O ,F , , ,C,50,0,1,0,1763367,5437671
Hutt City,28/10/2014,Tue,2000,JA,CS1V,302B 375B 901 ,,R,W,DO,H ,T,G,C,50,0,0,0,1761860,5436466
Hutt City,12/03/2014,Wed,435,CC,CS1,101A 112A 130A ,F,R,D,DO,F , , ,N,50,0,0,0,1763211,5427788
Hutt City,13/07/2014,Sun,1427,BC,CS1C,122A ,,S,W,O ,F ,T,N,C,50,0,0,0,1761021,5437977
Hutt City,05/10/2014,Sun,337,DB,40,101A 359A ,,E,W,DO,L , ,N,C,50,0,0,0,1760142,5433221
Hutt City,04/12/2014,Thu,1940,DB,CE1C,103A 205A 801 ,,E,W,O ,L , , ,C,50,0,0,1,1760142,5433221
Hutt City,07/04/2014,Mon,1450,GD,4E1CC,331A 353A 929 ,,R,D,OF,F ,D,N,C,50,0,0,1,1759859,5433196
Hutt City,23/03/2014,Sun,2004,LB,ME1C,112A 514A 303B 375B ,,R,D,DO,F ,T,G,C,50,0,1,0,1762133,5431570
Hutt City,28/05/2014,Wed,2300,DA,CN1,131A ,PT,E,D,DO,F ,R,G,C,50,0,0,0,1762002,5431517
Hutt City,24/03/2014,Mon,640,FD,TW1M,181A 331A ,,R,D,TF,F ,R,G,R,50,0,0,0,1761691,5431214
Hutt City,22/05/2014,Thu,1801,FA,4N1V,357A 512A ,,R,D,DO,F ,R,G,R,50,0,0,0,1761677,5431182
Hutt City,02/04/2014,Wed,1258,EA,CN1C,129A ,M,R,D,BF,F , ,N,N,50,0,0,0,1757064,5434712
Hutt City,16/08/2014,Sat,400,DA,CE1,131A 351A ,G,M,W,DO,L , , ,N,50,0,0,1,1755830,5434759
Hutt City,17/07/2014,Thu,2215,DB,CW1,102A 131A 801 ,G,M,W,DO,L , , ,R,50,0,0,0,1755796,5434710
Hutt City,17/10/2014,Fri,1545,KA,CW1C,308B 926 ,,R,W,O ,L ,D,N,C,50,0,0,0,1759671,5436826
Hutt City,05/01/2014,Sun,1024,EA,CS1C,130A 501A 901 ,M,R,W,O ,H , , ,P,50,0,0,0,1759598,5436781
Hutt City,10/10/2014,Fri,705,EA,CW1C,129A 195A ,M,R,D,O ,F , ,N,C,50,0,0,0,1759564,5436761
Hutt City,05/03/2014,Wed,1205,LO,SE14,204A 308B 375B 926 ,,R,W,O ,H ,D,N,N,50,0,0,1,1759496,5436719
Hutt City,11/02/2014,Tue,1652,JA,CE1C,302B 382B ,,M,D,OF,F ,Y,G,P,50,0,0,0,1759667,5436823
Hutt City,31/03/2014,Mon,1514,JA,VS1C,302B ,,R,D,B ,F ,T,G,P,50,0,0,0,1758834,5436120
Hutt City,20/01/2014,Mon,15,DC,CN2C,423A ,M,R,D,DO,F ,T,G,C,50,0,0,0,1759146,5436421
Hutt City,30/07/2014,Wed,1720,FB,CS1C,181A ,,R,W,TN,L ,T,G,C,50,0,0,0,1761300,5436538
Hutt City,04/09/2014,Thu,1109,MO,CW1,423A ,P,R,D,B ,F , ,N,N,50,0,0,0,1761200,5436671
Hutt City,19/02/2014,Wed,1649,FC,CN1C,333A 361A ,,R,D,B ,F ,T,N,C,50,0,0,0,1760582,5435320
Hutt City,26/11/2014,Wed,1040,CA,MN1,130A 402A ,,R,D,B ,F , , ,L,50,0,0,1,1764273,5439409
Hutt City,14/05/2014,Wed,1425,MA,VN1CC,197A 402A 373B 377B 414B 801 ,M,R,W,B ,L , , ,C,50,0,0,0,1759270,5432125
Hutt City,29/08/2014,Fri,1600,DB,CS1C,111A 131A ,M,S,D,O ,F , , ,C,50,0,0,0,1759323,5433402
Hutt City,08/10/2014,Wed,1220,MG,CE1T,371B 386B ,,R,D,O ,F , ,N,N,50,0,0,0,1761796,5436162
Hutt City,15/11/2014,Sat,310,DB,CE1,103A 111A ,KT,R,D,DO,F ,T,N,C,50,0,0,0,1761058,5436287
Hutt City,16/09/2014,Tue,1611,MB,CW1C,330B 372B ,,R,D,B ,F ,T,N,C,50,0,0,0,1760515,5436443
Hutt City,16/05/2014,Fri,1726,NB,CW1E,713B 718B ,,R,D,B ,F ,X,T,P,50,0,0,1,1759660,5436225
Hutt City,17/07/2014,Thu,2000,FE,CW1C,181A ,,R, ,DO,  ,X,T,C,50,0,0,0,1759660,5436225
Hutt City,07/02/2014,Fri,1620,JA,CN1X,302B ,,E,D,O ,F ,R,G,R,50,0,1,0,1759277,5435956
Hutt City,13/06/2014,Fri,1735,GE,400000000000000,171A ,,E,D,TO,F ,R,G,R,50,0,0,0,1759273,5435970
Hutt City,28/04/2014,Mon,1703,KA,SN1C,302B 370B 903 ,,E,D,TF,FS,R,G,R,50,0,1,0,1759918,5436405
Hutt City,05/09/2014,Fri,1700,MF,CE1C,386B 926 ,M,R,D,TO,F ,D,N,C,50,0,0,0,1759479,5436096
Hutt City,28/03/2014,Fri,705,EA,CW1C,129A ,M,R,D,DO,F , ,N,C,50,0,0,0,1759528,5436131
Hutt City,04/07/2014,Fri,1428,FC,VN1C,181A 427A ,,R,D,B ,F , , ,X,50,0,0,1,1759609,5436189
Hutt City,07/06/2014,Sat,1230,JA,CE1C,308B 377B 925 ,,R,D,OF,F ,D,N,C,50,0,0,0,1759371,5436048
Hutt City,16/06/2014,Mon,1400,FC,CW1C,331A ,,R,D,O ,F ,T,N,C,50,0,0,0,1759582,5436169
Hutt City,30/07/2014,Wed,1715,AA,CN1V,372A ,,E,W,DO,L ,R,G,R,50,0,0,0,1759270,5435889
Hutt City,28/08/2014,Thu,732,AC,VN1C,170A ,,E,D,BF,F ,R,G,R,50,0,0,0,1759255,5435905
Hutt City,25/05/2014,Sun,1830,GO,CN1C,381A ,,E,D,DO,F ,R,G,C,50,0,0,0,1759255,5435905
Hutt City,25/09/2014,Thu,1300,EA,CW1C,129A 386A ,M,R,D,B ,F , ,N,N,50,0,0,0,1760165,5436099
Hutt City,24/10/2014,Fri,600,CC,CE1,410A 801 ,BK,R,W,O ,L , , ,C,50,0,0,0,1759089,5435871
Hutt City,06/10/2014,Mon,1545,MA,CE1V,372B ,,R,W,O ,HS, ,N,P,50,0,0,0,1758604,5435978
Hutt City,12/09/2014,Fri,1301,AC,CN1C,141A 372A ,,E,D,B ,F ,R,G,R,50,0,0,0,1759237,5435899
Hutt City,22/06/2014,Sun,1000,GO,TN1V,179A ,,R,D,O ,F ,R,G,C,50,0,0,0,1759231,5435882
Hutt City,23/11/2014,Sun,1015,JA,CW1C,301B 375B 404B ,,E,D,BF,F ,T,S,P,50,0,0,0,1758932,5435909
Hutt City,15/02/2014,Sat,2047,BA,CW1C,125A 330A 402A ,,R,D,DO,F ,T,N,C,50,0,0,0,1759005,5435874
Hutt City,02/07/2014,Wed,1700,LB,4S1C,300B 375B ,,M,D,TO,F ,M,G,R,50,0,0,0,1758932,5435909
Hutt City,21/07/2014,Mon,1230,FB,CN1C,181A ,,E,D,OF,F ,M,G,P,50,0,0,1,1758932,5435909
Hutt City,09/10/2014,Thu,1815,MD,VN1C,308A 371A 929 ,,R,D,B ,F ,D,N,C,50,0,0,0,1759716,5434520
Hutt City,23/07/2014,Wed,2153,CC,CN1V,103A 110A 130A 423A ,M,R,D,DO,F , , ,N,50,0,0,0,1759433,5434537
Hutt City,22/09/2014,Mon,849,GF,TE1C,170A 381A ,,M,D,O ,F ,T,G,C,50,0,0,0,1759754,5434454
Hutt City,25/05/2014,Sun,707,EC,CE1,101A 129A ,I,R,D,TO,F ,T,G,R,50,0,0,0,1759745,5434459
Hutt City,05/04/2014,Sat,335,DA,CN1,103A 111A 131A ,PS,E,D,DO,F ,R,G,R,50,0,1,0,1759835,5434821
Hutt City,02/06/2014,Mon,1658,FB,BS1CC,331A ,,E,D,O ,F ,R,G,R,50,0,0,1,1759837,5434804
Hutt City,18/01/2014,Sat,1448,JA,CS1C,197A 308B 350B 930 ,,R,D,B ,F ,D, ,P,50,0,0,0,1759748,5434425
Hutt City,02/12/2014,Tue,650,JO,SS1C,204A 370B 929 ,,E,D,O ,F ,D,N,N,50,0,0,0,1759705,5434233
Hutt City,16/08/2014,Sat,2045,CB,CS1C,130A 358A ,M,R,D,DO,F ,T,G,C,50,0,0,0,1759717,5434292
Hutt City,16/02/2014,Sun,1358,JA,CN1C,302B 387B ,,R,D,B ,F ,T,G,C,50,0,0,1,1759621,5433840
Hutt City,15/08/2014,Fri,843,BE,CN1C,501A ,,R,D,O ,F , , ,L,50,0,1,0,1759797,5434655
Hutt City,08/03/2014,Sat,607,CC,CS1,103A 129A ,F,R,D,DO,F ,R,G,L,50,0,0,1,1759835,5434821
Hutt City,30/10/2014,Thu,909,HA,MS2B,321A 614A ,,R,D,BF,F ,X,S,R,50,0,0,1,1764519,5437113
Hutt City,22/03/2014,Sat,1524,JA,CN1C,301B ,,R,D,O ,F ,T,S,C,50,0,0,0,1762249,5430795
Hutt City,28/11/2014,Fri,1917,CC,CN1,130A 804 ,FH,R,W,O ,L , , ,N,50,0,0,0,1764186,5439881
Hutt City,28/01/2014,Tue,2029,LB,CE1C,303B 363B 902 ,P,R,D,BF,F ,T,G,C,50,0,0,0,1763981,5439505
Hutt City,13/04/2014,Sun,830,CC,CN1,103A 112A 130A ,FP,R,D,O ,F , , ,N,50,0,0,2,1764331,5440161
Hutt City,23/11/2014,Sun,1410,MG,CS1V,371B ,,R,D,BF,F ,T,S,C,50,0,0,0,1757391,5434565
Hutt City,05/04/2014,Sat,340,FA,CS1CC,112A 357A 512A 103B 112B 357B ,M,R,D,DO,F , , ,R,50,0,0,1,1757256,5434272
Hutt City,21/05/2014,Wed,1625,HA,CW2C,197A 197B 301B 402B ,IS,R,D,O ,F ,X,S,R,50,0,0,0,1764519,5437113
Hutt City,24/11/2014,Mon,1945,BB,CS2C,124A ,,R,D,TN,F ,T,G,C,50,0,0,0,1766004,5439400
Hutt City,31/08/2014,Sun,1520,DB,MN1,111A 402A ,,M,D,B ,F , ,N,C,50,0,0,1,1762386,5436278
Hutt City,24/10/2014,Fri,1315,PC,CS1E,371A 378A 834 929 ,,R,D,OF,F ,D,N,N,50,0,0,1,1761018,5435025
Hutt City,14/01/2014,Tue,1144,KA,CE1C,302B ,,M,D,B ,F ,R,G,R,50,0,0,0,1760259,5436805
Hutt City,02/09/2014,Tue,1154,KB,CE1C,308B 375B 926 ,,R,D,B ,F ,D,N,C,50,0,0,0,1760052,5436715
Hutt City,14/04/2014,Mon,1729,CB,CE1C,351A ,MS,R,D,O ,F , , ,C,50,0,0,2,1760094,5436741
Hutt City,19/09/2014,Fri,1036,AA,CW1M,184A 372A ,,R,D,O ,F ,R,G,R,50,0,0,1,1760017,5436694
Hutt City,20/12/2014,Sat,1439,MO,CN1CC,103A 423A 926 ,M,R,D,B ,F ,D,N,N,20,0,0,0,1759924,5436628
Hutt City,06/10/2014,Mon,1706,FC,CW1C,110A 181A ,,R,W,O ,F ,R,G,R,50,0,0,0,1759831,5436558
Hutt City,14/04/2014,Mon,1730,EA,CW1C,129A ,M,R,D,OF,F , ,N,C,50,0,0,0,1759756,5436508
Hutt City,11/05/2014,Sun,1836,DA,CS1C,101A 111A ,M,S,D,DN,F ,T,N,N,50,0,0,0,1763504,5431742
Hutt City,20/11/2014,Thu,1240,JA,TS1C,308B 377B 927 ,,R,D,O ,F ,D,N,C,50,0,0,0,1759958,5432562
Hutt City,02/05/2014,Fri,1425,MO,TN1C,204A 371A 671A 378B 830 927 ,,R,D,B ,F ,D, ,C,50,0,0,0,1759688,5433313
Hutt City,05/11/2014,Wed,1928,DA,CS2,131A ,FI,M,W,O ,F ,R,G,R,50,0,0,0,1759601,5433533
Hutt City,19/01/2014,Sun,25,EA,4S1C,103A 371A ,M,R,D,DO,F ,T,N,C,50,0,0,1,1763621,5436321
Hutt City,19/08/2014,Tue,1730,MO,CN1,400A 421A ,H,R,D,TF,F ,T,N,P,50,0,0,0,1763598,5436409
Hutt City,14/07/2014,Mon,1810,HA,CS1C,302A 330A ,,R,W,TF,F ,R,G,C,50,0,0,0,1763597,5436414
Hutt City,17/12/2014,Wed,841,FC,CN1C,331A 359A ,,R,D,B ,F ,T,N,C,50,0,0,0,1763445,5436904
Hutt City,25/05/2014,Sun,500,EA,CW1C,103A 130A 359A ,M,R,D,DO,F , , ,C,50,0,0,0,1761161,5435975
Hutt City,14/02/2014,Fri,1200,MB,CE1C,330B 372B ,,R,D,B ,F , ,N,C,50,0,0,0,1761229,5435956
Hutt City,10/10/2014,Fri,1900,CC,CE1,133A 423A 929 ,FT,R,D,B ,F ,D,N,C,50,0,0,1,1763234,5429172
Hutt City,19/01/2014,Sun,1725,LB,CE14,303B 929 ,,R,D,O ,F ,D,N,N,50,0,0,0,1763153,5433513
Hutt City,08/05/2014,Thu,330,MO,CE1C,129A 371A ,M,R,D,DO,F , , ,N,50,0,0,0,1763003,5433524
Hutt City,25/09/2014,Thu,1530,MO,VN1C,371A 929 ,M,R,D,B ,F ,D,N,C,50,0,0,0,1766285,5440120
Hutt City,24/03/2014,Mon,737,AC,TN1C,372A ,,R,D,O ,F , , ,C,50,0,0,0,1766249,5441392
Hutt City,28/10/2014,Tue,1659,LB,CS1C,302A 330A ,,M,D,O ,F ,R,G,R,80,0,0,0,1766212,5441454
Hutt City,11/10/2014,Sat,1249,MA,VS1C,373B ,,R,D,B ,F ,T,G,C,50,0,0,0,1766462,5441161
Hutt City,07/07/2014,Mon,2129,EA,CN1C,130A 358A ,M,R,D,DO,F , , ,C,50,0,0,0,1766359,5440420
Hutt City,08/05/2014,Thu,1554,AC,CN1C,330A 372A ,,E,D,O ,F , ,N,C,50,0,0,0,1766295,5441415
Hutt City,15/11/2014,Sat,1250,MO,CN14,371A 371B 929 ,,R,D,BF,F ,D,N,C,50,0,0,0,1764351,5439418
Hutt City,08/11/2014,Sat,2325,DA,CW1,103A 111A ,P,E,D,DO,F ,T,G,C,50,0,1,0,1764143,5439551
Hutt City,27/03/2014,Thu,1840,JA,SE1C,204A 308B 929 ,,R,D,BF,F ,D,N,C,50,0,0,0,1763152,5438495
Hutt City,11/05/2014,Sun,1710,EA,CS1V,129A 358A ,M,R,D,TF,F , , ,C,50,0,0,1,1764602,5440494
Hutt City,18/10/2014,Sat,1310,FA,CE1C,181A ,,E,D,B ,F ,T,G,C,50,0,0,0,1764819,5440701
Hutt City,23/07/2014,Wed,30,DB,VE1,102A 111A 131A 901 903 ,FPT,E,W,DO,HS, , ,C,50,0,0,0,1762808,5438257
Hutt City,23/05/2014,Fri,2120,EA,CE1C,103A 129A 130A 632A ,M,R,D,DO,F , , ,C,50,0,0,0,1758587,5435826
Hutt City,14/10/2014,Tue,1745,FD,CE1C,331A 358A ,,R,D,BF,F ,T,N,R,50,0,0,1,1757402,5434176
Hutt City,19/10/2014,Sun,1900,FE,4E1C,181A ,,R,D,TF,F ,T,T,C,50,0,0,0,1757850,5434005
Hutt City,20/02/2014,Thu,803,AA,VE1C,387A ,,R,D,OF,F , ,N,R,50,0,0,0,1756206,5434614
Hutt City,11/04/2014,Fri,1250,AA,CE1T,372A 381A ,,E,W,OF,L , ,N,N,50,0,0,0,1756245,5434608
Hutt City,21/04/2014,Mon,1522,FD,CE1C,110A 331A ,,R,D,B ,F ,T,G,R,50,0,0,0,1758306,5433819
Hutt City,22/05/2014,Thu,1457,AC,TE1T,112A 159A 184A ,,R,D,B ,F , , ,P,50,0,0,0,1756273,5434598
Hutt City,15/08/2014,Fri,930,FD,CE1V,181A ,,R,W,OF,F ,T,N,R,50,0,0,0,1758161,5433878
Hutt City,25/02/2014,Tue,758,MC,ME1C,202B 372B ,,R,D,B ,F ,T,G,R,50,0,1,0,1756577,5434491
Hutt City,29/05/2014,Thu,1730,LB,ME1C,303B 403B ,,R,D,DO,F ,T,G,R,50,0,0,1,1756577,5434491
Hutt City,23/01/2014,Thu,738,JA,CE1C,302B ,,R,D,B ,F ,T,G,C,50,0,0,0,1756577,5434491
Hutt City,16/07/2014,Wed,1759,FD,CE1CC,331A 358A 801 ,,R,W,DO,L ,T,G,R,50,0,0,1,1758076,5433913
Hutt City,09/03/2014,Sun,1421,MC,CE1C,372B ,,R,D,B ,F ,T,G,N,50,0,0,0,1758085,5433909
Hutt City,05/07/2014,Sat,1450,CC,MS1,101A 130A 330A 811 ,,R,D,B ,F , ,N,N,50,0,1,0,1762638,5430560
Hutt City,11/10/2014,Sat,1423,NA,CN1E,711B ,,R,D,B ,F ,T,N,C,50,0,0,1,1762946,5430708
Hutt City,21/03/2014,Fri,1730,JA,CN14,308B 375B 929 ,,E,D,O ,F ,D,N,C,40,0,0,0,1759667,5437523
Hutt City,26/10/2014,Sun,1514,FD,CN1CC,331A 352A ,,R,D,BF,F , ,N,N,50,0,0,0,1759915,5437036
Hutt City,03/09/2014,Wed,1234,EA,CW1T,501A ,M,R,D,B ,F ,T,N,N,50,0,1,0,1759403,5432251
Hutt City,22/01/2014,Wed,1245,MO,CE1C,371A 926 ,,R,D,B ,F ,D,N,C,50,0,0,0,1761097,5435451
Hutt City,19/12/2014,Fri,943,DA,CN1C,111A 131A ,M,E,D,OF,F ,T,N,C,50,0,0,0,1763451,5437349
Hutt City,16/06/2014,Mon,1650,KB,CS1CC,302B 375B ,,E,W,DO,F ,X,G,C,50,0,0,0,1763444,5437357
Hutt City,21/06/2014,Sat,1610,MB,CN1C,372B ,,R,W,O ,F , ,N,C,50,0,0,0,1763514,5437036
Hutt City,10/05/2014,Sat,1100,MO,CS1C,371A 929 ,M,R,D,B ,F ,D,N,N,50,0,0,0,1759807,5434767
Hutt City,11/02/2014,Tue,,FB,CE1C,387A ,,R,D,BF,F ,T,S,C,50,0,0,0,1758202,5434817
Hutt City,28/05/2014,Wed,1042,FD,VN1CC,181A ,,R,D,OF,F , ,N,C,50,0,0,1,1758697,5435643
Hutt City,30/10/2014,Thu,1345,MF,CN1V,371B 377B 839 ,,R,D,B ,F , ,N,C,50,0,0,0,1758395,5435416
Hutt City,21/02/2014,Fri,1607,EA,CN1C,129A ,M,R,D,BF,F , ,N,N,50,0,0,0,1757098,5434701
Hutt City,04/06/2014,Wed,513,GE,VS1T,160A 333A 925 ,,R,D,DO,F ,D, ,N,50,0,0,0,1757049,5434597
Hutt City,25/07/2014,Fri,1843,LB,4S1C,303B ,,R,D,DO,F ,X,T,C,50,0,0,0,1758459,5435465
Hutt City,26/11/2014,Wed,2305,CC,CS1,101A 131A ,F,R,D,DO,F , , ,C,50,0,0,0,1758844,5435753
Hutt City,24/06/2014,Tue,1810,LB,4S1C,303B ,,R,D,DO,F ,T,G,C,50,0,0,0,1758531,5435519
Hutt City,09/02/2014,Sun,1200,DB,CN1,137A ,P,E,W,OF,L ,T,G,R,50,0,0,0,1763139,5437351
Hutt City,11/02/2014,Tue,1540,HA,CS1C,302A 375A ,,M,D,OF,F ,R,G,R,50,0,0,0,1763389,5436991
Hutt City,12/04/2014,Sat,1208,JA,BS1C,103B 303B 375B ,,E,D,B ,F ,T,N,C,50,0,1,0,1763870,5436503
Hutt City,13/08/2014,Wed,1045,FD,CS1C,181A ,,R,D,BN,F , ,N,C,50,0,0,0,1760733,5434062
Hutt City,01/11/2014,Sat,1554,QG,CN1,130A 687A ,GK,R,D,B ,F , , ,R,80,0,0,0,1760589,5434171
Hutt City,13/04/2014,Sun,1819,DA,VN1,111A 131A ,FT,M,W,DO,L ,T,G,C,50,0,0,0,1760571,5434185
Hutt City,06/07/2014,Sun,645,DB,CS1,103A 111A 131A ,B,M,D,DO,F , , ,C,50,0,0,0,1760600,5434163
Hutt City,20/03/2014,Thu,,DA,MS1,111A 131A 804 817 ,,M,D,DO,F , , ,C,80,0,0,1,1761083,5433439
Hutt City,02/07/2014,Wed,2004,DB,CN1,111A 131A ,G,M,D,DO,F , , ,R,80,0,0,0,1761069,5433343
Hutt City,07/12/2014,Sun,1558,DA,CS1,330A 350A ,,M,W,O ,F , ,N,C,80,0,0,0,1761077,5433248
Hutt City,25/03/2014,Tue,1659,DB,CS1,111A 131A ,G,S,D,B ,F , , ,R,80,0,0,0,1761077,5433248
Hutt City,17/07/2014,Thu,1924,DA,CS1,130A 504A ,IP,M,W,DO,L , ,N,R,80,0,0,1,1761036,5432944
Hutt City,12/04/2014,Sat,340,DA,CS1,131A 801 ,G,M,W,DO,L , , ,C,80,0,0,0,1761097,5433594
Hutt City,03/10/2014,Fri,1230,DB,CS1V,111A 632A ,,M,D,O ,F , ,N,R,80,0,0,0,1761087,5433251
Hutt City,01/08/2014,Fri,2336,DA,CS1,110A 131A 632A 901 ,G,E,W,DO,H , , ,C,80,0,0,0,1761025,5433189
Hutt City,16/03/2014,Sun,2138,DA,CS1,111A 131A 410A ,G,E,W,DO,H ,Y,N,C,80,0,0,0,1761044,5433734
Hutt City,22/05/2014,Thu,949,AD,CN1C,111A 131A 402A ,G,M,D,O ,F , , ,C,80,0,0,0,1761001,5433187
Hutt City,01/03/2014,Sat,420,DA,CS1,131A 402A 412A ,G,M,D,DN,F , , ,R,80,0,0,0,1760989,5433031
Hutt City,03/08/2014,Sun,435,DB,CS1,131A 402A 412A ,GP,M,D,DO,F , , ,C,80,0,0,0,1761523,5431345
Hutt City,05/07/2014,Sat,1815,DB,CS1,111A 134A 402A ,GKT,M,D,DO,F , ,N,C,80,0,1,0,1761415,5431434
Hutt City,15/01/2014,Wed,2253,DB,VS1,103A 131A ,G,M,D,DO,F , ,N,R,80,0,0,0,1761286,5431528
Hutt City,02/08/2014,Sat,1112,DB,CS1C,110A 131A 431A 800 903 ,GK,S,W,O ,FS, , ,R,80,0,0,0,1761162,5431688
Hutt City,16/06/2014,Mon,1802,DB,CS1,130A 517A 801 ,GT,M,W,DO,L , , ,C,80,0,0,0,1761051,5432919
Hutt City,13/12/2014,Sat,1341,DA,CS1,129A 131A 801 ,GIT,E,W,O ,L , , ,R,80,0,0,0,1761030,5432993
Hutt City,29/10/2014,Wed,1948,DA,CS1,134A 351A ,PT,E,D,B ,F , ,N,C,80,0,0,0,1761178,5431579
Hutt City,22/03/2014,Sat,838,DB,CN1,111A 131A ,C,M,D,B ,F , , ,C,80,0,0,0,1761215,5431808
Hutt City,10/12/2014,Wed,1551,LB,MW1C,303B 375B ,,R,D,B ,F ,T,G,R,50,0,1,0,1762257,5430653
Hutt City,08/09/2014,Mon,1900,HA,CS2S,302A 375A ,,E,D,DO,F ,R,G,R,50,0,0,0,1763105,5430269
Hutt City,20/11/2014,Thu,2035,QB,TE1,523A ,,E,D,DO,F ,R,G,R,50,0,0,1,1763080,5430262
Hutt City,26/01/2014,Sun,700,DB,CS1,131A 402A ,C,M,D,B ,F , , ,C,80,0,0,4,1761958,5430897
Hutt City,04/05/2014,Sun,1336,DA,CS1,131A 632A ,CG,E,D,O ,F , , ,R,80,0,0,0,1762988,5430306
Hutt City,25/09/2014,Thu,820,FC,CN1C,181A 331A ,,R,D,B ,F , ,N,R,50,0,0,0,1761687,5431171
Hutt City,13/04/2014,Sun,1034,CB,CS1,132A 357A ,T,R,D,OF,F , ,N,C,80,0,0,0,1761993,5430862
Hutt City,19/03/2014,Wed,1130,CC,CE1,129A 350A ,I,R,D,BF,F , ,N,R,50,0,0,0,1762882,5430356
Hutt City,29/05/2014,Thu,2106,ND,CW1E,370A 402A 711B 801 862 925 ,,E,W,DO,L ,D,S,R,50,0,0,1,1762855,5430369
Hutt City,25/07/2014,Fri,1517,FD,4S1CC,181A ,,R,D,OF,F , ,N,P,50,0,0,0,1762083,5430772
Hutt City,04/04/2014,Fri,2040,DA,CW2,205A 501A ,P,E,D,DO,F ,T,G,R,50,0,0,0,1762154,5430702
Hutt City,28/05/2014,Wed,1537,FC,CE1V,181A 331A ,,R,D,O ,F , , ,X,50,0,0,1,1762333,5430617