TLANAME,CRASHDATE,CRASHDOW,CRASHTIME,MVMT,VEHICLES,CAUSES,OBJECTSSTRUCK,ROADCURVE,ROADWET,LIGHT,WTHRa,JUNCTYPE,TRAFCTRL,ROADMARK,SPDLIM,CRASHFATALCNT,CRASHSEVCNT,CRASHMINCNT,EASTING,NORTHING
Hutt City,28/10/2014,Tue,745,FD,4W1T,331A 350A ,,R,D,BF,F , ,N,L,50,0,0,1,1758958,5433712
Hutt City,19/08/2014,Tue,1650,BF,CE1C,131A 410A ,,E,D,O ,F , , ,L,50,0,0,0,1758882,5433734
Hutt City,05/11/2014,Wed,1800,EA,CE1V,129A 386A ,M,R,W,O ,F , ,N,R,50,0,0,0,1758400,5433795
Hutt City,29/01/2014,Wed,1720,FD,CW1C,381A ,,R,D,BF,F , ,N,R,50,0,0,0,1758540,5433765
Hutt City,01/06/2014,Sun,1508,LB,CE1C,303B ,,R,D,O ,F ,X,S,C,50,0,0,1,1758641,5433764
Hutt City,01/12/2014,Mon,1615,FD,CE1C,331A 352A ,,R,D,B ,F , , ,C,50,0,0,0,1759062,5433684
Hutt City,18/12/2014,Thu,1550,EA,CN1V,350A 386A ,M,R,W,O ,F , ,N,C,50,0,0,1,1762169,5436345
Hutt City,05/05/2014,Mon,1312,HA,CE1C,301B 382B 801 ,,R,W,O ,L ,X,S,R,50,0,0,0,1760814,5435023
Hutt City,12/08/2014,Tue,831,HA,CS24,302A 375A ,,R,W,OF,H ,X,G,C,50,0,0,0,1761479,5435533
Hutt City,09/08/2014,Sat,930,LB,CN1C,302A 144B ,,E,D,O ,L ,R,G,R,50,0,0,0,1761802,5435780
Hutt City,08/05/2014,Thu,1449,MO,CN1C,371A 386A 930 ,M,R,D,B ,F ,D,N,C,50,0,0,0,1757820,5435394
Hutt City,06/12/2014,Sat,1100,DB,CW1,402A 423A ,F,R,D,B ,F ,T,N,C,50,0,0,0,1757786,5435414
Hutt City,23/09/2014,Tue,1718,BO,XS1C,357A 512A 357B ,,R,D,O ,F , , ,N,50,0,0,0,1766177,5439273
Hutt City,13/12/2014,Sat,1543,PC,CS1E,330A 371A 929 ,,R,D,O ,F ,D,N,N,50,0,0,1,1763020,5437602
Hutt City,13/02/2014,Thu,1640,FC,CW1V,181A ,,R,D,BF,F , , ,X,50,0,0,0,1760894,5436040
Hutt City,21/10/2014,Tue,1500,FC,VE1C,112A 181A ,,R,D,B ,F , , ,X,50,0,0,0,1761375,5435899
Hutt City,30/11/2014,Sun,1510,MD,SE1C,204A 308B 375B 929 ,,R,D,BF,F ,D,N,C,50,0,0,1,1760168,5436218
Hutt City,24/12/2014,Wed,1327,FC,VE1C,181A 350A ,,M,D,B ,F ,R,G,R,50,0,0,0,1759824,5436315
Hutt City,31/05/2014,Sat,1807,JA,CE1C,308B 375B 929 ,,R,D,DO,F ,D, ,C,50,0,0,0,1761687,5435812
Hutt City,20/03/2014,Thu,1405,FB,CE1C,331A 387A 129B 440B ,,R,D,B ,F ,R,G,R,50,0,0,0,1761787,5435782
Hutt City,19/05/2014,Mon,1030,FD,CE1X,181A ,,R,D,BF,F ,T,S,X,50,0,0,1,1760884,5436043
Hutt City,01/11/2014,Sat,1530,QD,4N1C,428A ,M,R,D,BF,F ,T,G,C,50,0,0,0,1762886,5431846
Hutt City,10/06/2014,Tue,1906,NA,BN1E,505B 713B ,,R,D,DO,F , , ,C,50,0,0,0,1763095,5433074
Hutt City,13/06/2014,Fri,416,CC,CN1,103A ,FX,R,D,DO,F , ,N,C,50,0,0,0,1763088,5433037
Hutt City,18/08/2014,Mon,905,KB,CN1C,302B ,,R,D,B ,F ,T,G,C,50,0,0,0,1762961,5432554
Hutt City,26/11/2014,Wed,1800,FD,CW1C,112A 331A 352A ,,R,D,B ,F , , ,C,50,0,0,0,1760321,5434700
Hutt City,08/08/2014,Fri,1710,NA,CW1E,306A 353A 376A ,,E,D,B ,F ,R,G,X,50,0,0,1,1759873,5434821
Hutt City,05/02/2014,Wed,2237,DB,CN1,111A 131A 402A 801 ,T,M,W,DO,L , , ,N,50,0,0,0,1764133,5436235
Hutt City,16/11/2014,Sun,1955,KA,MW1C,101A 309B 375B ,,R,D,O ,F ,T,N,N,50,0,1,0,1763705,5436342
Hutt City,17/07/2014,Thu,,FB,CN1C,181A ,,R,W,DO,F ,T,N,C,50,0,0,0,1763870,5436503
Hutt City,28/02/2014,Fri,1635,DB,CS1,423A 507A 929 ,HJ,R,D,O ,F ,D,N,N,50,0,0,0,1758412,5437419
Hutt City,02/10/2014,Thu,1848,DB,CW24,131A 433A 197B 801 ,,R,W,TO,L ,T,G,C,60,0,1,0,1763450,5431736
Hutt City,26/07/2014,Sat,1149,MC,VW1CC,101A 137A 372B ,M,E,D,B ,F , ,N,C,50,0,0,0,1759631,5435383
Hutt City,15/03/2014,Sat,1014,GB,SE1C,204A 375A 930 ,,E,D,OF,F ,D,N,N,50,0,1,0,1759302,5435831
Hutt City,09/02/2014,Sun,2110,EA,VS14,103A 129A ,M,R,W,DO,L , , ,P,50,0,0,1,1759344,5435762
Hutt City,09/09/2014,Tue,940,MB,CN1CCC,133B 423B ,M,R,D,BF,F , ,N,P,50,0,0,0,1759349,5435754
Hutt City,21/09/2014,Sun,23,CB,CS1,103A 514A ,,R,D,DO,F ,R,G,C,50,0,0,1,1759288,5435845
Hutt City,14/05/2014,Wed,1044,JA,CN1C,308B 377B 402B 801 839 930 ,,R,W,O ,L ,D, ,C,50,0,0,0,1759452,5435583
Hutt City,14/11/2014,Fri,842,EA,TN1CCC,130A 504A ,M,R,D,O ,F , , ,C,50,0,0,1,1759558,5435421
Hutt City,23/07/2014,Wed,2154,DA,CW1,103A 111A 131A ,FP,E,D,DO,F ,T,G,C,50,0,0,0,1759543,5435434
Hutt City,06/10/2014,Mon,434,DA,CE14,130A 133A ,KMX,M,D,DO,F , , ,N,15,0,0,1,1761118,5436763
Hutt City,18/09/2014,Thu,1514,NC,CS1E,371A ,,R,D,B ,F , , ,N,50,0,0,1,1761156,5437117
Hutt City,24/12/2014,Wed,1151,MO,CN1E,371A 671A ,,R,D,B ,F , , ,N,50,0,0,1,1760114,5436588
Hutt City,16/08/2014,Sat,630,CA,CN1,132A 191A 355A ,PS,R,W,TO,F ,T,T,R,100,0,0,0,1767528,5443229
Hutt City,04/02/2014,Tue,1730,AO,MN1C,184A 357A 184B 357B ,,R,D,O ,F , , ,C,100,0,0,0,1767449,5443219
Hutt City,22/09/2014,Mon,2345,FA,CN1C,331A ,,R,W,DN,LS, ,N,R,100,0,0,0,1767252,5443110
Hutt City,01/08/2014,Fri,721,AA,CS1C,112A 372A 381A 402A ,,R,W,O ,L , , ,C,100,0,0,0,1767161,5443070
Hutt City,11/10/2014,Sat,2200,CA,CE1,130A 524A ,G,R,D,DO,F , , ,R,100,0,0,0,1765984,5442013
Hutt City,15/05/2014,Thu,1623,CA,VN1,137A 195A 801 ,C,R,W,O ,L , , ,C,100,0,1,0,1765948,5441986
Hutt City,30/09/2014,Tue,1505,AA,VN1TV,191A 330B 372B 331C ,,R,D,B ,F , , ,C,100,0,0,0,1765612,5441771
Hutt City,12/08/2014,Tue,1610,FB,CN1C,331A 387A ,,E,D,O ,F ,T,T,R,100,0,0,0,1765438,5441673
Hutt City,03/05/2014,Sat,1720,FE,CN1C,181A ,,R,W,DO,L ,T,T,C,100,0,0,0,1765438,5441673
Hutt City,07/07/2014,Mon,1716,FE,VS1C,181A ,,R,D,TF,F ,T,T,R,100,0,0,0,1765445,5441660
Hutt City,15/02/2014,Sat,1057,FE,VW1V,181A 387A ,,R,D,BF,F ,T,T,R,100,0,0,0,1765445,5441660
Hutt City,19/07/2014,Sat,1200,FE,VN1C,181A 330A ,,R,W,O ,F ,T,T,R,100,0,0,0,1765438,5441673
Hutt City,09/03/2014,Sun,2250,QG,CS1,688A ,G,R,D,DO,F , ,M,C,100,0,0,0,1765289,5441536
Hutt City,01/11/2014,Sat,907,DB,MS1,131A ,,E,D,B ,F , , ,C,100,0,0,0,1765152,5441391
Hutt City,17/07/2014,Thu,1745,EB,SN1C,129A 370A 602A 801 ,Q,R,W,DN,L , , ,C,100,0,0,1,1764884,5441101
Hutt City,16/11/2014,Sun,1116,EA,SS1C,129A ,M,R,D,B ,F , , ,C,100,0,0,1,1764892,5441088
Hutt City,26/06/2014,Thu,712,AC,CN1C,386A ,G,R,D,DF,F , , ,C,100,0,0,0,1764884,5441101
Hutt City,29/05/2014,Thu,1338,CB,CN1,130A 410A ,C,R,W,O ,F , ,N,C,100,0,0,1,1763631,5439936
Hutt City,22/06/2014,Sun,345,CA,CS1,103A 130A 402A ,G,R,D,DO,F , , ,R,100,0,0,0,1763404,5439742
Hutt City,20/08/2014,Wed,929,JA,VN1C,301B ,,R,W,O ,F ,T,S,R,100,0,0,0,1763340,5439665
Hutt City,24/05/2014,Sat,1533,DA,CN1,130A 351A 903 ,G,E,W,O , S, , ,R,100,0,0,2,1762913,5439182
Hutt City,02/07/2014,Wed,818,FD,CS1CC,181A ,,R,W,BF,F , ,N,R,100,0,0,1,1762310,5438720
Hutt City,29/11/2014,Sat,945,JA,CS1TC,302B ,,R,D,B ,F ,T,G,C,100,0,0,0,1762227,5438664
Hutt City,03/04/2014,Thu,841,LB,SW1C,303B 375B ,,R,D,BF,F ,T,G,C,100,0,1,0,1762227,5438664
Hutt City,24/04/2014,Thu,622,AC,CS1C,159A 372A ,G,R,W,OF,L , ,N,R,100,0,0,0,1762145,5438608
Hutt City,27/03/2014,Thu,850,FD,CS1CC,331A 402A ,,R,D,B ,F , , ,C,100,0,0,2,1761994,5438488
Hutt City,17/05/2014,Sat,910,AC,CN1S,512A ,,R,D,B ,F , , ,R,100,0,1,0,1761870,5438404
Hutt City,02/12/2014,Tue,1453,FD,CN14,110A 331A 191B ,,R,D,B ,F , , ,R,100,0,0,0,1761870,5438404
Hutt City,11/03/2014,Tue,1535,CA,VW1C,130A 403A 420A ,G,R,D,B ,F , , ,R,100,0,0,0,1761869,5438387
Hutt City,15/05/2014,Thu,630,FE,VS1C,181A ,,R,W,DO,F ,T,T,C,100,0,0,0,1761837,5438364
Hutt City,12/07/2014,Sat,731,JA,CS1C,322A 353A 357A ,,R,D,OF,F ,T,T,R,100,0,0,0,1761837,5438364
Hutt City,04/08/2014,Mon,1250,KA,VW1C,322B ,,R,D,B ,F ,T,T,R,100,0,1,0,1761837,5438364
Hutt City,22/05/2014,Thu,924,KB,CE144,112A 322A 514A ,CP,R,D,B ,F ,T,T,R,100,0,0,1,1761831,5438373
Hutt City,13/04/2014,Sun,1855,DA,CN2M,131A 135A 806 ,P,M,W,DO,L ,T,T,C,100,0,0,1,1761831,5438373
Hutt City,17/01/2014,Fri,1500,FE,CW1T,181A 330A ,,E,D,B ,F ,T,T,C,50,0,0,0,1761812,5438345
Hutt City,14/12/2014,Sun,1929,KB,CS1V,322A 330A ,,R,D,B ,F ,T,T,R,100,0,0,0,1761747,5438297
Hutt City,15/05/2014,Thu,950,FE,CN1C,112A 181A 331A 801 ,,R,W,O ,L ,T,T,C,100,0,0,0,1761740,5438308
Hutt City,01/08/2014,Fri,1817,FD,CN1CCC,103A 112A 181A 331A 801 ,,R,W,TO,L , , ,C,100,0,0,0,1761724,5438296
Hutt City,18/12/2014,Thu,1239,FD,VN1TCC,110A 331A 402A 901 ,,R,W,O ,H , , ,C,100,0,0,0,1761628,5438224
Hutt City,24/11/2014,Mon,1545,FD,4N1C,181A ,,R,D,B ,F , ,N,C,100,0,0,0,1761333,5438006
Hutt City,19/11/2014,Wed,843,FD,CS1CV,181A 181B ,,R,W,O ,L , , ,R,100,0,0,0,1761126,5437843
Hutt City,30/04/2014,Wed,1705,FD,CN1C,181A 331A ,,R,D,O ,F , , ,C,100,0,0,0,1761111,5437848
Hutt City,11/01/2014,Sat,1015,FE,CS1V,181A ,,R,D,BF,F ,T,T,R,100,0,0,0,1761089,5437817
Hutt City,22/02/2014,Sat,1745,FE,CS1C,181A ,,R,D,BF,F ,T,T,R,100,0,0,0,1761077,5437809
Hutt City,22/05/2014,Thu,708,GF,BS1C,179A 381A ,,M,W,BF,F ,T,T,R,100,0,0,0,1761077,5437809
Hutt City,03/06/2014,Tue,1621,FE,TS1C,112A 387A ,,R,D,B ,F ,T,T,R,100,0,1,0,1761077,5437809
Hutt City,06/08/2014,Wed,2017,LB,CN14,323B 334B ,,R,W,DO,F ,T,T,R,100,0,0,1,1761071,5437819
Hutt City,21/03/2014,Fri,1049,NB,CN1E,713B ,,R,D,B ,F ,T,T,R,100,0,1,0,1761071,5437819
Hutt City,18/12/2014,Thu,1239,FE,CN14,112A 331A 353A ,,R,W,O ,H ,T,T,R,100,0,0,0,1761071,5437819
Hutt City,28/07/2014,Mon,811,JA,CE1CC,322A 358A ,,R,D,BF,F ,T,T,R,100,0,0,0,1761071,5437819
Hutt City,09/06/2014,Mon,1455,FE,CE14,113A ,,R,W,OF,L ,T,T,C,100,0,0,0,1761071,5437819
Hutt City,04/04/2014,Fri,913,FD,CS1CCC,110A 331A ,,R,D,B ,F , , ,C,100,0,0,0,1761060,5437798
Hutt City,10/04/2014,Thu,800,FD,CN1C,181A 331A ,,R,D,B ,F , , ,C,100,0,0,0,1761029,5437791
Hutt City,24/05/2014,Sat,1840,FD,CE1V,181A ,,R,D,DO,F , ,N,R,100,0,0,0,1761029,5437791
Hutt City,13/04/2014,Sun,330,CB,VS1,130A 412A ,G,R,W,DO,L , ,N,R,100,0,0,0,1760993,5437753
Hutt City,09/12/2014,Tue,1506,CB,CS1,501A ,GV,R,D,BF,F , ,N,C,100,0,0,1,1760977,5437742
Hutt City,26/06/2014,Thu,1718,FD,CN14,181A ,,R,W,OF,H , ,N,C,100,0,0,0,1760903,5437709
Hutt City,12/11/2014,Wed,845,FA,CS1C,181A 191B ,,R,D,O ,F , , ,C,100,0,0,0,1760745,5437586
Hutt City,24/07/2014,Thu,1813,CC,CN1,130A 358A 402A ,S,R,W,DN,F ,T,G,C,100,0,0,0,1760640,5437526
Hutt City,04/03/2014,Tue,806,FD,CW14,181A 191A 181B 197B ,,R,D,B ,F , , ,C,100,0,0,0,1760632,5437505
Hutt City,17/05/2014,Sat,1358,FD,CW1CC,331A ,,R,D,B ,F , , ,C,100,0,0,0,1760247,5437238
Hutt City,14/08/2014,Thu,853,FD,VS1CCC,181A 331A 181B 181C ,,R,W,B ,F , , ,C,100,0,0,1,1760247,5437238
Hutt City,13/03/2014,Thu,842,FD,VW1VC,181A 331A 402A ,,R,D,O ,F , , ,C,100,0,0,0,1760141,5437161
Hutt City,03/06/2014,Tue,825,FD,CS1CC4,181A 181C ,,R,W,BN,F , ,N,C,100,0,0,0,1760002,5437064
Hutt City,25/07/2014,Fri,850,HA,CW2C,322A ,,R,W,B ,F ,X,T,R,100,0,0,0,1759913,5437022
Hutt City,21/01/2014,Tue,742,FE,CW1M,331A ,,R,W,OF,L ,X,T,C,100,0,0,0,1759918,5437010
Hutt City,18/07/2014,Fri,1750,FE,CS14,331A 358A ,,R,D,DO,F ,X,T,R,100,0,0,0,1759918,5437010
Hutt City,15/05/2014,Thu,805,LB,CS1CT,322A 358A ,,R,W,O ,F ,X,T,R,100,0,0,0,1759918,5437010
Hutt City,29/01/2014,Wed,1800,FE,VW1C,181A ,,R,D,B ,F ,T,T,C,50,0,0,0,1759806,5436941
Hutt City,02/05/2014,Fri,1347,FB,CS1C,181A 387A 191B ,,R,D,B ,F ,X,T,R,80,0,0,0,1759806,5436941
Hutt City,02/04/2014,Wed,630,FE,4S1C,181A 330A ,,R,D,B ,F ,X,T,C,80,0,0,0,1759806,5436941
Hutt City,01/09/2014,Mon,1243,LB,CS14C,112A 322A 517A ,,R,D,B ,F ,X,T,R,80,0,0,0,1759806,5436941
Hutt City,01/05/2014,Thu,1114,HA,MW1C,322A ,,R,D,BF,F ,X,T,N,100,0,1,0,1759800,5436951
Hutt City,28/06/2014,Sat,2140,FE,CN1C,103A 112A 331A ,,R,D,DO,F ,X,T,C,80,0,0,0,1759800,5436951
Hutt City,17/09/2014,Wed,835,FD,4N1C,351A 363A 902 ,,R,D,B ,F ,X,T,R,100,0,0,1,1759783,5436941
Hutt City,14/08/2014,Thu,1854,FD,CE1CC,101A 331A 801 ,,R,W,DO,L , , ,R,100,0,0,1,1759774,5436936
Hutt City,27/09/2014,Sat,1128,FA,CN1C,353A 386A ,,R,D,O ,F , , ,R,100,0,0,0,1759774,5436936
Hutt City,28/06/2014,Sat,1154,AA,CE1C,372A 381A ,,R,D,B ,F , , ,R,100,0,0,0,1759757,5436925
Hutt City,29/11/2014,Sat,1722,FD,CW144C,181A ,,R,D,BF,F , ,N,C,100,0,0,0,1759721,5436889
Hutt City,19/12/2014,Fri,1529,FA,CN1C,137A 197A ,,R,D,O ,F , ,N,R,100,0,0,0,1759715,5436899
Hutt City,16/04/2014,Wed,1830,FD,CN1C,112A 132A 181A ,,R,W,DO,F , ,N,C,100,0,0,0,1759586,5436821
Hutt City,15/09/2014,Mon,1406,CC,CS1,130A 504A ,G,R,D,B ,F , ,N,C,100,0,0,0,1759124,5436488
Hutt City,19/07/2014,Sat,1146,CB,CS1,129A 130A 358A ,G,R,D,O ,L , , ,C,100,0,0,0,1758975,5436387
Hutt City,24/12/2014,Wed,1402,CC,CE1,129A ,G,R,D,BF,F , ,N,C,100,0,0,1,1758968,5436397
Hutt City,28/05/2014,Wed,830,KA,SE1C,300B 375B ,,E,D,BF,F ,Y,N,R,100,0,0,1,1758074,5435710
Hutt City,14/01/2014,Tue,1901,AF,VN1C,671A 407B ,,R,D,B ,F , , ,R,100,0,0,0,1757834,5435568
Hutt City,13/09/2014,Sat,957,DA,CS1,103A ,G,E,D,B ,F ,R,G,C,50,0,0,0,1757810,5435542
Hutt City,15/07/2014,Tue,1028,MG,VN1C,201B ,,R,D,BF,F , ,N,R,100,0,0,0,1757645,5435458
Hutt City,21/01/2014,Tue,730,AA,VW1M,184A 372A 801 ,,R,W,O ,L , , ,C,100,0,0,0,1757430,5435331
Hutt City,20/11/2014,Thu,805,FD,CW1C,331A ,,R,D,B ,F , , ,C,80,0,0,0,1756836,5435018
Hutt City,14/08/2014,Thu,1921,AA,TS14,112B 158B 402B ,,R,W,DO,HS, , ,C,80,0,0,0,1756227,5434746
Hutt City,18/08/2014,Mon,1528,DB,CW1,131A ,G,M,D,BF,F ,T,N,C,80,0,0,0,1755910,5434719
Hutt City,30/07/2014,Wed,723,FD,CW14,181A ,,R,D,OF,F , ,N,C,100,0,0,1,1755770,5434719
Hutt City,25/03/2014,Tue,720,FD,CS1CCC,181A 330A ,,R,D,O ,F , ,N,C,100,0,0,0,1755775,5434709
Hutt City,01/11/2014,Sat,100,CA,CS1,131A 330A ,G,R,D,DO,F , , ,C,100,0,0,0,1755775,5434709
Hutt City,14/10/2014,Tue,700,FD,VW1C,181A ,,R,D,BF,F ,Y,N,N,100,0,0,0,1755683,5434669
Hutt City,12/06/2014,Thu,1725,FD,CS1CCC,181A ,,R,D,DO,F ,Y,N,P,100,0,0,0,1755683,5434669
Hutt City,16/11/2014,Sun,1221,FD,4E1C,181A ,,R,D,BF,F , ,N,C,100,0,0,1,1755632,5434662
Hutt City,27/08/2014,Wed,1158,AO,CN1S,112A 132A 190A 370A ,,R,D,O ,F , ,N,R,100,0,1,0,1755623,5434658
Hutt City,12/01/2014,Sun,732,CC,CN1,101A 410A ,,R,D,O ,F , ,N,C,100,0,0,0,1755585,5434643
Hutt City,06/10/2014,Mon,1440,AA,MS14,372A 381A ,,R,W,O ,HS, ,N,C,100,0,0,1,1755590,5434632
Hutt City,02/07/2014,Wed,653,FD,VS1CC,112A ,,R,D,DO,F , ,N,C,100,0,0,0,1755404,5434557
Hutt City,18/03/2014,Tue,650,FD,CS1C,181A ,,R,W,DO,L , ,N,C,100,0,0,0,1755349,5434535
Hutt City,21/07/2014,Mon,1755,FA,CN1C,181A 330A ,,R,D,DO,F , ,N,C,100,0,0,1,1755287,5434523
Hutt City,03/03/2014,Mon,1730,GB,SE14,372B 381B 901 903 ,,R,W,TF,HS,T,G,C,100,0,0,1,1755196,5434482
Hutt City,06/10/2014,Mon,1502,FD,CN1C,111A 331A 402A ,,E,W,O ,L , , ,C,100,0,0,0,1755095,5434418
Hutt City,24/03/2014,Mon,943,FD,CW1CCC,181A 181D ,,R,D,BF,F , ,N,C,100,0,0,0,1755091,5434403
Hutt City,30/01/2014,Thu,1825,FD,CE1C,181A ,,R,D,B ,F , , ,C,100,0,0,0,1755068,5434405
Hutt City,20/12/2014,Sat,1540,FE,4E1CC,181A 386A ,,M,D,O ,F ,T,T,C,100,0,0,0,1765438,5441673
Hutt City,05/03/2014,Wed,847,DA,CE2,133A ,G,R,W,OF,L ,T,T,R,100,0,0,0,1765445,5441660
Hutt City,06/12/2014,Sat,1120,KC,CN24,315B ,,E,D,O ,F ,T,N,P,100,0,0,0,1765420,5441730
Hutt City,06/10/2014,Mon,2100,DA,CS1,110A 131A ,T,M,W,DN,H , ,N,L,100,0,0,1,1765888,5442090
Hutt City,09/02/2014,Sun,920,DA,CS1,131A 400A ,C,M,W,ON,L , ,N,C,100,0,0,0,1765927,5442154
Hutt City,19/07/2014,Sat,1545,BF,CN1C,131A 414A ,,S,D,OF,F , ,N,L,50,0,0,0,1766133,5443972
Invercargill City,04/01/2014,Sat,200,EA,VE1C,101A 129A ,M,R,W,DO,L , , ,N,50,0,0,0,1242899,4852077
Invercargill City,06/04/2014,Sun,1652,BE,CS1CC,103A 112A 514A ,,R,W,O ,L , ,N,N,50,0,0,1,1243808,4851076
Invercargill City,14/06/2014,Sat,1400,NF,CS2E,376A 902 ,,R,D,B ,F ,T,N,C,50,0,0,0,1244904,4848024
Invercargill City,08/06/2014,Sun,2015,CB,CW1,130A 813 ,F,R,W,DN,F , , ,N,100,0,0,0,1247801,4840106
Invercargill City,29/11/2014,Sat,1926,KB,TE1C,302B 375B ,S,R,W,OF,LS,T,G,N,50,0,0,0,1244620,4846707
Invercargill City,25/12/2014,Thu,1630,EA,CW1C,129A 386A ,M,R,D,B ,F , , ,R,50,0,0,0,1242990,4853738
Invercargill City,14/05/2014,Wed,1600,HA,CW14,302A ,,R,D,O ,F ,R,G,R,50,0,0,0,1243505,4848316
Invercargill City,07/08/2014,Thu,1500,HA,CW1C,302B ,,R,W,O ,L ,X,G,C,50,0,0,0,1243253,4848300
Invercargill City,07/06/2014,Sat,2330,DA,CN1,111A 131A ,P,M,D,DO,F ,T,N,C,50,0,0,3,1243176,4828419
Invercargill City,24/06/2014,Tue,1050,HA,4E1C,302A 375A ,,R,W,OF,L ,X,G,N,50,0,0,0,1242541,4828574
Invercargill City,04/01/2014,Sat,400,CA,4W1,103A 130A ,V,R,W,DN,L , , ,C,100,0,0,0,1240512,4852278
Invercargill City,04/01/2014,Sat,330,CB,VS1,101A 130A ,F,R,W,DN,L , , ,N,50,0,0,0,1246083,4852274
Invercargill City,05/03/2014,Wed,1100,FA,CN1C,181A 191B ,,R,D,O ,F , ,N,C,50,0,0,0,1241914,4849118
Invercargill City,07/06/2014,Sat,24,CC,CN1,112A 402A 692A ,P,R,D,DO,F , , ,C,50,0,1,0,1241878,4849703
Invercargill City,21/11/2014,Fri,1200,MO,VN1C,371A 927 ,,R,D,B ,F ,D, ,C,50,0,0,0,1241935,4848821
Invercargill City,08/06/2014,Sun,845,JA,SE2C,302B 375B ,,S,W,OF,F ,R,G,C,50,0,0,1,1241924,4848940
Invercargill City,09/10/2014,Thu,1210,JA,SS1C,308B 375B 929 ,,E,D,O ,F ,D,N,C,50,0,0,0,1241848,4850210
Invercargill City,25/08/2014,Mon,1909,EC,VS1,912,W,R,D,DN,F , ,N,C,100,0,0,0,1246678,4845689
Invercargill City,07/08/2014,Thu,1728,CC,CN1,135A 802 803 903 ,T,R,I,TN,SS, , ,C,100,0,0,0,1246664,4845924
Invercargill City,25/03/2014,Tue,2300,DA,CS1,131A ,F,R,D,DN,F ,T,G,C,100,0,0,0,1246655,4846073
Invercargill City,01/06/2014,Sun,1803,DC,CE2,112A 335A ,F,R,D,O ,F ,T,G,N,100,0,0,0,1246655,4846073
Invercargill City,21/11/2014,Fri,1750,HA,4E1C,302B 375B ,,R,W,OF,L ,X,G,N,50,0,0,0,1243232,4848663
Invercargill City,16/07/2014,Wed,916,HA,4E2C,321B ,,R,D,OF,F ,X,S,R,50,0,0,0,1244455,4847087
Invercargill City,29/11/2014,Sat,2151,CB,CE1,110A 133A 191A 901 ,HKP,R,W,DO,H , , ,N,50,0,0,1,1242036,4849095
Invercargill City,13/05/2014,Tue,1715,NA,CW1E,713B ,,R,W,OF,L , ,N,X,50,0,0,1,1244857,4848615
Invercargill City,13/01/2014,Mon,1215,MO,CE1,407A 423A ,H,R,W,O ,L , , ,C,50,0,0,1,1245006,4848624
Invercargill City,23/04/2014,Wed,1300,KA,SW1C,302B 370B 402B ,,E,D,O ,F ,R,G,R,50,0,0,0,1245623,4848673
Invercargill City,31/08/2014,Sun,113,MO,CS1,130A 371A 904 929 ,F,R,D,DO,M ,D,N,C,50,0,0,0,1243457,4851835
Invercargill City,11/05/2014,Sun,1630,MD,SE1V,204A 929 ,,R,D,O ,F ,D,N,C,50,0,0,0,1243984,4851867
Invercargill City,05/08/2014,Tue,2155,DB,CE2,111A 131A ,V,R,W,DN,H ,X,S,N,70,0,0,0,1245278,4845991
Invercargill City,03/06/2014,Tue,750,HA,CE2S,302A 375A ,,R,D,TF,F ,X,G,P,50,0,0,1,1243012,4848287
Invercargill City,01/03/2014,Sat,2300,MO,CN1C,371A 929 ,M,R,W,DO,L ,D,N,N,50,0,0,0,1243024,4848096
Invercargill City,03/09/2014,Wed,1604,HA,CS1C,302B 375B ,,R,W,OF,H ,X,G,C,50,0,0,0,1243022,4848136
Invercargill City,07/08/2014,Thu,1215,EC,CS1,341A 350A 817 ,X,R,W,OF,L , ,N,C,50,0,0,0,1242963,4849102
Invercargill City,20/07/2014,Sun,1807,HA,CW2C,302A 375A ,,R,W,DO,L ,X,G,C,50,0,0,1,1242960,4849152
Invercargill City,14/02/2014,Fri,855,HA,CS1C,302A 375A ,,R,W,OF,L ,X,G,C,50,0,0,0,1242960,4849152
Invercargill City,01/10/2014,Wed,1054,DB,CW2,130A 358A ,F,R,D,BF,F ,X,G,C,50,0,0,0,1243028,4848015
Invercargill City,30/06/2014,Mon,1320,HA,CN1T,302B ,,R,D,B ,F ,X,G,R,50,0,0,2,1242976,4848890
Invercargill City,02/07/2014,Wed,800,HA,CN1C,302A 375A ,,R,W,DO,H ,R,G,C,50,0,0,0,1242968,4849031
Invercargill City,02/02/2014,Sun,1145,AA,CS1C,372A ,,R,D,BF,F ,R,G,R,50,0,0,0,1242973,4849030
Invercargill City,27/05/2014,Tue,859,FD,CS1CC,181A 331A 402A ,,R,W,O ,F ,X,G,C,50,0,0,0,1242953,4849272
Invercargill City,20/02/2014,Thu,1907,FB,VN1C,181A 331A ,,R,D,O ,F ,X,G,C,50,0,0,0,1242953,4849272
Invercargill City,01/06/2014,Sun,1750,PC,CE1,371A 929 ,,R,D,DO,F ,D,N,N,50,0,0,0,1243038,4848530
Invercargill City,27/12/2014,Sat,930,CA,CW1C,130A 195A 350A ,M,R,D,O ,F , , ,C,50,0,0,0,1242948,4848525
Invercargill City,11/05/2014,Sun,715,CA,CE1,101A 130A ,S,R,D,DO,F ,X,G,C,50,0,0,0,1242998,4848528
Invercargill City,14/09/2014,Sun,340,DA,4N1,111A 131A 402A ,P,E,W,DN,L , , ,C,100,0,0,1,1238245,4849304
Invercargill City,16/11/2014,Sun,1235,DB,4S1,131A 358A ,V,E,D,ON,FS, ,N,C,100,0,0,0,1238636,4848442
Invercargill City,02/07/2014,Wed,2000,AO,CE1C,157A 387A ,,R,W,DO,L ,X,G,C,50,0,0,0,1243610,4848172
Invercargill City,08/06/2014,Sun,1000,MO,CN1C,372A ,M,R,D,B ,F ,X,G, ,50,0,0,0,1242929,4849668
Invercargill City,13/06/2014,Fri,1335,HA,CS24,101A 301A 355A ,,R,D,B ,F ,X,S,R,50,0,0,2,1243163,4849829
Invercargill City,16/12/2014,Tue,1430,HA,CW1C,301B ,,R,D,BF,F ,X,S,R,50,0,0,0,1243163,4849829