TLANAME,CRASHDATE,CRASHDOW,CRASHTIME,MVMT,VEHICLES,CAUSES,OBJECTSSTRUCK,ROADCURVE,ROADWET,LIGHT,WTHRa,JUNCTYPE,TRAFCTRL,ROADMARK,SPDLIM,CRASHFATALCNT,CRASHSEVCNT,CRASHMINCNT,EASTING,NORTHING
Invercargill City,15/04/2014,Tue,2202,HA,CE1C,103B 112B 321B 801 862 ,JS,R,W,DO,L ,X,S,R,50,0,0,2,1243163,4849829
Invercargill City,06/10/2014,Mon,1025,HA,CW1C,301B ,,R,D,O ,F ,X,S,C,50,0,0,1,1243163,4849829
Invercargill City,11/07/2014,Fri,1715,HA,VW2C,302B 375B ,,R,D,BF,F ,X,G,C,50,0,0,0,1243390,4850084
Invercargill City,28/07/2014,Mon,1050,JA,CN1S,302A ,,R,D,ON,F ,R,G,C,50,0,0,0,1241822,4852780
Invercargill City,23/06/2014,Mon,2128,HA,XW2C,302A 375A ,,R,D,DO,F ,R,G,R,50,0,0,0,1241801,4852780
Invercargill City,17/07/2014,Thu,,MO,CS1C,371A 929 ,M,R,D,BF,F ,D,N,C,50,0,0,0,1243925,4851173
Invercargill City,31/10/2014,Fri,830,DB,4N1,131A ,F,M,D,OF,F ,T,N,N,50,0,0,0,1243609,4846323
Invercargill City,17/10/2014,Fri,1544,LB,CN1C,303B 375B ,,R,D,B ,L ,X,G,C,50,0,0,0,1239580,4847364
Invercargill City,14/01/2014,Tue,1735,KB,SE1C,302B 902 ,,R,D,B ,F ,T,G,C,70,0,1,0,1239302,4847262
Invercargill City,13/05/2014,Tue,1250,GB,CW1C,158A 333A 175B ,,R,D,O ,F ,T,G,C,70,0,0,0,1236345,4847021
Invercargill City,30/09/2014,Tue,1645,FA,4W1C,181A 191A ,,R,D,B ,F , , ,C,70,0,0,1,1238191,4847191
Invercargill City,09/10/2014,Thu,110,MG,4E1C,512A 901 903 ,,R,W,DO,HS,T,G,N,50,0,0,0,1241990,4853723
Invercargill City,24/10/2014,Fri,1706,MD,VW1C,330B 371B 377B 839 929 ,,R,D,B ,F ,D,N,C,50,0,0,0,1242445,4850519
Invercargill City,04/07/2014,Fri,1605,EA,CS1C,129A ,M,R,W,OF,L ,X,G,C,50,0,0,0,1243602,4848307
Invercargill City,17/06/2014,Tue,1828,CB,CN1,133A 353A 901 ,FHK,R,W,DO,H , ,N,R,50,0,0,0,1243730,4846070
Invercargill City,13/03/2014,Thu,1547,FA,CS1C,181A 331A ,,R,D,B ,F , , ,R,50,0,0,0,1243617,4848062
Invercargill City,29/04/2014,Tue,825,KB,CN1C,302B 375B ,,R,W,O ,F ,T,G,C,50,0,0,0,1243717,4846310
Invercargill City,15/02/2014,Sat,2145,EC,CS1,911,W,R,D,DO,F ,T,G,C,50,0,0,0,1243668,4847249
Invercargill City,27/12/2014,Sat,1905,MO,CN1C,386A ,M,R,W,O ,L , , ,C,50,0,0,0,1243619,4848020
Invercargill City,24/05/2014,Sat,2056,DA,CS1,135A 402A 802 905 ,,R,I,DO,S ,X,T,P,50,0,0,0,1243626,4847920
Invercargill City,09/12/2014,Tue,40,PO,4N1E,512A ,,R,D,DO,F ,X,G,C,50,0,1,0,1243685,4846948
Invercargill City,02/04/2014,Wed,905,AO,CS1C,145B ,,R,D,B ,F ,T,G,C,50,0,0,0,1243649,4847548
Invercargill City,11/07/2014,Fri,1716,NB,CN1E,713B ,,R,D,BF,F ,T,G,C,50,0,1,0,1243651,4847505
Invercargill City,30/04/2014,Wed,1845,MO,CN1C,357A 512A 371B 926 ,,R,D,DO,F ,D,N,C,50,0,0,0,1243624,4847941
Invercargill City,09/12/2014,Tue,2119,KB,CS1C,302B 375B 901 ,,R,W,DO,H ,T,G,R,50,0,0,0,1243725,4846361
Invercargill City,09/11/2014,Sun,1609,FE,CN1C,109A 331A ,,R,D,B ,F ,X,T,C,50,0,0,0,1243527,4849588
Invercargill City,24/06/2014,Tue,1830,AC,CN1C,372A ,,R,D,DO,F ,X,T,C,50,0,0,0,1243529,4849573
Invercargill City,30/08/2014,Sat,1505,DO,CS1CC,133A 423A 923 ,M,R,D,BF,F ,D,N,C,50,0,0,0,1243565,4848925
Invercargill City,18/02/2014,Tue,945,KA,SS14,302B 375B ,,R,D,O ,F ,T,G,R,50,0,0,1,1243655,4847453
Invercargill City,16/05/2014,Fri,1744,AO,CN1C,150A 357A 381A ,,R,D,DO,F , ,N,C,50,0,0,0,1243553,4849120
Invercargill City,24/12/2014,Wed,1220,MO,CS1T,308B 330B 923 ,,R,D,B ,F ,D,N,C,50,0,0,0,1243559,4849023
Invercargill City,05/05/2014,Mon,2010,GF,CN1C,386A ,,E,W,DO,F ,R,G,R,50,0,0,0,1243558,4849043
Invercargill City,06/05/2014,Tue,1445,CB,CS1S,357A 512A ,,R,D,OF,F ,T,G,C,50,0,0,0,1243695,4846782
Invercargill City,11/07/2014,Fri,1500,MO,CW1C,386A ,,R,D,O ,F , , ,N,50,0,0,0,1242637,4849676
Invercargill City,11/06/2014,Wed,1629,MO,CE1,423A ,H,R,D,B ,F , , ,N,30,0,0,0,1242481,4849667
Invercargill City,19/05/2014,Mon,1400,DA,CW2,131A ,FT,R,D,ON,F ,T,N,C,50,0,0,0,1245870,4848910
Invercargill City,26/04/2014,Sat,835,LB,CE1V,303B 375B ,,R,D,OF,F ,X,G,N,50,0,0,0,1242359,4848733
Invercargill City,31/10/2014,Fri,1200,HA,CE14,302B 375B ,,R,D,BF,F ,X,G,C,50,0,0,1,1243466,4848797
Invercargill City,14/12/2014,Sun,2245,EA,CW1C,386A ,M,R,D,DO,F , ,N,C,50,0,0,0,1242792,4848758
Invercargill City,08/11/2014,Sat,1220,JA,CE1C,301A 355A ,,R,D,O ,F ,T,S,C,50,0,0,2,1244537,4851294
Invercargill City,28/09/2014,Sun,2120,DB,4W1,111A 131A 414A ,EP,E,D,DN,F , , ,N,100,0,0,0,1235686,4851617
Invercargill City,17/05/2014,Sat,,DA,CE1,350A 400A ,VX,R,W,DN,L ,T,G,C,100,0,0,0,1236613,4851500
Invercargill City,06/12/2014,Sat,46,EC,CE1,191A 912 ,W,R,D,DN,F , , ,N,100,0,0,0,1237953,4851220
Invercargill City,25/11/2014,Tue,1345,JA,CW14,302B 375B ,,R,D,ON,F ,T,G,C,80,0,0,1,1246754,4852113
Invercargill City,19/11/2014,Wed,1515,FB,CE1C,181A ,,R,W,OF,L ,T,G,C,80,0,0,1,1247560,4852382
Invercargill City,23/02/2014,Sun,1719,DA,CN1,101A 131A ,,S,D,BN,F , ,N,C,50,0,0,0,1242800,4827686
Invercargill City,11/02/2014,Tue,1200,MF,CE1C,371B ,,R,D,BF,F , ,N,C,50,0,0,0,1242961,4849400
Invercargill City,20/03/2014,Thu,1655,HA,CS2C,302B 375B ,,R,D,B ,F ,X,G,C,50,0,0,0,1242946,4849399
Invercargill City,07/08/2014,Thu,1300,FB,CE1C,181A 387A ,,E,W,O ,H ,X,G,N,50,0,0,0,1243189,4849413
Invercargill City,29/09/2014,Mon,1920,LB,CW1V,370A 303B ,,R,D,B ,F ,T,G,N,50,0,0,0,1242064,4850788
Invercargill City,26/09/2014,Fri,1550,HA,CW1C,302A 375A ,,R,D,B ,F ,X,G,C,50,0,0,1,1243133,4850312
Invercargill City,19/02/2014,Wed,1700,LB,CE1C,191A 402A 303B 338B 404B 930 ,,R,D,B ,F ,D,G,C,50,0,0,0,1242891,4850297
Invercargill City,07/02/2014,Fri,845,GB,CW1S,205B 372B ,,R,D,B ,F ,X,G,C,50,0,0,1,1242891,4850297
Invercargill City,30/07/2014,Wed,1332,EA,CE1CC,129A ,MM,R,W,OF,H , ,N,C,50,0,0,0,1242671,4850284
Invercargill City,24/07/2014,Thu,1947,LB,CS2C,303B 382B 901 ,,R,W,DO,H ,X,T,C,50,0,0,0,1242651,4850282
Invercargill City,07/11/2014,Fri,925,LB,CE1C,303B 330B ,,S,D,B ,F ,X,T,C,50,0,0,0,1243483,4850331
Invercargill City,24/05/2014,Sat,1055,DC,CS1,501A ,K,E,D,B ,F ,T,N,C,50,0,0,1,1242963,4852286
Invercargill City,29/05/2014,Thu,950,MO,CS1,427A ,HK,R,W,O ,F , , ,N,50,0,0,0,1245254,4850942
Invercargill City,11/07/2014,Fri,435,EC,CE1,912,W,R,D,DO,F , ,N,C,100,0,0,0,1246671,4846263
Invercargill City,26/02/2014,Wed,650,EC,4W1,132A 195A ,V,R,D,DN,F , ,N,C,100,0,0,0,1249234,4845631
Invercargill City,26/02/2014,Wed,655,EC,BW1,912,W,R,D,DN,F , ,N,C,100,0,0,0,1249234,4845631
Invercargill City,20/05/2014,Tue,1614,FD,CW1C,331A ,,R,W,DO,H , , ,C,50,0,0,0,1242373,4851561
Invercargill City,27/06/2014,Fri,1825,JA,CE14,302B ,,R,W,DO,F ,T,G,C,50,0,0,0,1242738,4851583
Invercargill City,29/07/2014,Tue,1340,JA,CW1C,308B 377B 839 930 ,,R,D,BF,F ,D,N,L,50,0,0,0,1243288,4851616
Invercargill City,06/07/2014,Sun,1205,CB,CW1CC,136A 631A ,M,R,D,OF,F , ,N,C,50,0,0,0,1242966,4851597
Invercargill City,26/06/2014,Thu,1845,EE,SW1C,374B ,M,R,D,DO,F ,T,G,C,50,0,0,1,1242936,4851595
Invercargill City,28/11/2014,Fri,855,FD,CW1VC,331A 359A ,,R,W,OF,F , ,N,C,50,0,0,1,1242916,4851594
Invercargill City,14/12/2014,Sun,2058,HA,CN2C,302A 375A ,,M,D,BF,F ,R,G,R,50,0,0,0,1243408,4851617
Invercargill City,02/04/2014,Wed,1220,AC,BW1V,372A 671A ,,R,D,BF,F ,R,G,R,50,0,0,0,1243413,4851619
Invercargill City,28/01/2014,Tue,1713,MA,CW1C,373B ,,R,D,B ,F ,T,G,R,50,0,0,1,1242546,4851571
Invercargill City,06/06/2014,Fri,1532,LB,CW14,303B 927 ,,R,D,O ,F ,D,N,C,50,0,0,0,1242353,4851560
Invercargill City,05/09/2014,Fri,1237,KA,VW1C,308B 314B 377B 927 ,,R,D,OF,F ,D,N,C,50,0,0,0,1242363,4851560
Invercargill City,19/09/2014,Fri,1738,GD,CW1C,331A 902 ,,R,D,B ,F ,T,G,C,50,0,0,1,1243047,4851602
Invercargill City,05/01/2014,Sun,900,KA,SS2C,302B 375B ,,R,D,B ,F ,R,G,R,50,0,0,1,1243722,4851644
Invercargill City,04/12/2014,Thu,1030,HA,VE14,302A 427A ,,S,W,ON,F ,R,G,R,50,0,0,1,1241801,4852780
Invercargill City,31/08/2014,Sun,1330,EA,CE1C,129A ,M,R,D,BF,F , ,N,N,50,0,0,0,1242783,4853301
Invercargill City,14/03/2014,Fri,2334,DA,CW2,130A 433A ,,R,D,DO,F ,T,G,C,50,0,0,0,1244276,4844953
Invercargill City,20/04/2014,Sun,2110,DA,CW2,111A 131A ,F,R,W,DO,L ,T,G,C,50,0,0,0,1245119,4849823
Invercargill City,31/05/2014,Sat,105,CB,CN1,103A 133A 402A 433A 801 ,K,R,W,DO,L , , ,C,50,0,0,0,1244635,4850568
Invercargill City,09/06/2014,Mon,1040,HA,CS1C,321A 335A ,,R,D,O ,F ,X,S,C,50,0,0,0,1244673,4850475
Invercargill City,05/03/2014,Wed,1745,LB,CN1V,303B 375B ,,R,D,BF,F ,X,S,P,50,0,0,0,1244673,4850475
Invercargill City,09/05/2014,Fri,858,FB,CE1C,181A ,,R,W,O ,F ,X,G,C,50,0,0,0,1243519,4847913
Invercargill City,29/03/2014,Sat,1705,HA,CW2C,302B 378B 402B ,,R,D,B ,F ,X,G,C,50,0,0,0,1243133,4850312
Invercargill City,24/09/2014,Wed,1915,EA,CS1C,129A 358A ,M,R,D,DO,F , , ,C,50,0,0,0,1243151,4850009
Invercargill City,16/02/2014,Sun,1110,HA,CS1C,302B 375B ,,R,D,BF,F ,X,G,C,50,0,0,0,1243155,4849949
Invercargill City,13/02/2014,Thu,1600,FD,CN1C,331A ,,R,W,O ,H ,X,S,C,50,0,0,0,1243148,4850060
Invercargill City,22/02/2014,Sat,1520,MO,CE1V,371A 929 ,M,R,D,O ,F ,D,N,N,50,0,0,0,1244118,4847720
Invercargill City,11/04/2014,Fri,1025,HA,CN24,302A 370A 375A ,,S,D,B ,F ,X,G,C,50,0,1,0,1244058,4847716
Invercargill City,23/07/2014,Wed,1425,HA,4E1C,302B 375B ,,R,W,OF,L ,X,G,N,50,0,0,1,1244058,4847716
Invercargill City,14/05/2014,Wed,1805,GD,CE1C,331A 929 ,,R,D,TF,F ,D,N,C,50,0,0,0,1245031,4848126
Invercargill City,29/04/2014,Tue,1110,DA,CS2,111A 131A 403A 801 ,CP,E,W,O ,L ,T,G,R,50,0,0,0,1245707,4848056
Invercargill City,11/05/2014,Sun,9,DB,CN2,103A 111A 131A ,F,R,W,DO,L ,T,G,C,50,0,0,0,1244439,4848090
Invercargill City,19/11/2014,Wed,1445,EE,SN1C,374B ,Q,R,W,OF,FS, ,N,C,50,0,0,1,1242678,4849820
Invercargill City,16/08/2014,Sat,1322,FD,CN1CC,181A 330A 334A ,,R,D,B ,F ,X,T,C,50,0,0,3,1242680,4849790
Invercargill City,26/03/2014,Wed,1230,MB,CS1V,372B ,,R,D,B ,F ,X,T,C,50,0,0,0,1242686,4849694
Invercargill City,28/02/2014,Fri,1315,MA,CS1C,387B ,,R,D,O ,F , , ,L,50,0,0,0,1242674,4849896
Invercargill City,11/02/2014,Tue,1420,MO,CS1C,371A 927 ,,R,W,ON,F ,D,N,C,50,0,0,0,1242675,4849871
Invercargill City,08/08/2014,Fri,1220,HA,CS1C,322A 334A ,,R,W,O ,L ,X,T,C,50,0,0,0,1242672,4849921
Invercargill City,31/07/2014,Thu,855,JA,CN1C,308B 377B 839 930 ,,R,W,OF,L ,D,N,C,50,0,0,1,1242657,4850684
Invercargill City,29/01/2014,Wed,500,CB,CW1,130A 358A ,P,R,D,DO,F , , ,C,50,0,0,0,1243214,4846924
Invercargill City,13/07/2014,Sun,218,EA,CE1C,129A ,M,R,D,DO,F , ,N,C,50,0,0,0,1243450,4851228
Invercargill City,03/10/2014,Fri,1520,JA,CE1B,302B 375B ,,R,D,BF,F ,T,G,R,50,0,0,0,1243749,4851244
Invercargill City,14/10/2014,Tue,1948,CB,CE1C,129A 350A ,M,R,W,O ,F , ,N,X,50,0,0,0,1244151,4852075
Invercargill City,31/12/2014,Wed,1145,JA,CS1C,302B ,,E,D,OF,L ,T,G,C,50,0,0,0,1242304,4849656
Invercargill City,06/06/2014,Fri,1445,JA,CS1C,302B 375B ,,R,D,O ,F ,T,G,C,50,0,0,0,1242269,4850257
Invercargill City,03/12/2014,Wed,940,KB,CN14,308B 375B 801 927 ,,R,W,O ,L ,D, ,C,50,0,0,0,1242272,4850199
Invercargill City,02/10/2014,Thu,945,MA,CS1C,330B 373B 925 ,,R,D,O ,F ,D,N,C,50,0,0,0,1242277,4850124
Invercargill City,17/01/2014,Fri,1615,HA,CN1V,322B 350B ,,R,D,OF,F ,X,T,C,50,0,0,0,1242291,4849898
Invercargill City,04/12/2014,Thu,1145,HA,CN1T,302A 330A ,,R,D,O ,F ,X,G,C,50,0,0,0,1242273,4850359
Invercargill City,29/04/2014,Tue,1744,DA,CN2,131A 351A ,J,R,D,O ,F ,X,G,N,50,0,0,0,1242731,4851744
Invercargill City,16/03/2014,Sun,2115,CB,CS1,129A ,,R,D,DO,F , ,N,C,50,0,0,0,1242323,4849336
Invercargill City,19/09/2014,Fri,1524,FB,CN1V,387A ,,E,W,O ,F ,R,G,R,50,0,0,0,1242308,4849588
Invercargill City,04/08/2014,Mon,1640,JA,CS1C,302B ,,M,D,O ,F ,R,G,R,50,0,0,0,1242308,4849588
Invercargill City,26/05/2014,Mon,1442,GE,CS1C,160A ,,R,D,B ,F ,X,G,C,50,0,0,1,1245199,4849034
Invercargill City,05/09/2014,Fri,2010,HA,CN1V,302B 375B ,,R,D,DO,F ,X,G,C,50,0,0,0,1244434,4849214
Invercargill City,19/05/2014,Mon,1600,PC,CE1,371A 801 929 ,,R,W,O ,L ,D,N,N,50,0,0,0,1244282,4849770
Invercargill City,03/07/2014,Thu,740,LB,PS1C,303B 375B 929 ,,R,W,DO,L ,D,N,C,50,0,0,0,1245391,4850362
Invercargill City,21/08/2014,Thu,1320,EC,CS1,911,W,R,D,OF,F , ,N,N,50,0,0,0,1245065,4851091
Invercargill City,01/06/2014,Sun,925,MD,CS1C,308B 371B 929 ,,R,D,O ,F ,D,N,N,50,0,0,0,1245148,4850882
Invercargill City,20/01/2014,Mon,1651,FB,CN1C,352A 423A ,,R,D,BF,F ,T,G,C,50,0,0,0,1243571,4850651
Invercargill City,16/06/2014,Mon,1240,EA,CN1C,386A ,M,R,W,O ,F , ,N,C,50,0,0,0,1243741,4848036
Invercargill City,02/08/2014,Sat,1740,DA,CE2,111A 131A 801 ,F,R,W,O ,H ,X,G,C,50,0,0,0,1239580,4847364
Invercargill City,19/12/2014,Fri,1430,MO,CW1C,386A ,M,E,D,O ,F , , ,C,50,0,0,0,1243645,4847932
Invercargill City,06/09/2014,Sat,1845,HA,CW1X,302B ,,R,D,TO,F ,X,G,C,50,0,0,0,1243747,4847936
Invercargill City,16/09/2014,Tue,1445,HA,CE2C,321A 330A 197B ,,R,D,O ,F ,T,S,C,50,0,0,0,1243696,4850345
Invercargill City,30/01/2014,Thu,,CB,4W1,130A 198A ,V,R,D,O ,F , , ,N,100,0,0,1,1249112,4848205
Invercargill City,07/01/2014,Tue,1235,KA,SW1C,302B 350B 375B ,,R,W,O ,H ,T,G,C,100,0,0,1,1243584,4854998
Invercargill City,05/06/2014,Thu,2010,DA,CE2,131A 402A 813 ,V,R,W,DN,F ,T,N,N,50,0,0,0,1245819,4847584
Invercargill City,17/07/2014,Thu,1945,MO,CW1C,371A 925 ,M,R,D,DO,FF,D,N,C,50,0,0,0,1244431,4847094
Invercargill City,26/05/2014,Mon,902,JA,CN24,301A ,,S,W,O ,F ,X,S,C,50,0,0,0,1244455,4847087
Invercargill City,02/05/2014,Fri,1630,LB,CE2C,303B 363B 402B 902 ,,R,D,B ,F ,X,G,C,50,0,0,0,1244464,4847119
Invercargill City,24/10/2014,Fri,905,GD,CS1T,181A 387A 929 ,,R,D,B ,F ,D,N,C,100,0,0,0,1248080,4850632
Invercargill City,17/03/2014,Mon,1249,DC,CW1T,111A 131A 404A 197B ,FV,M,D,ON,F ,T,G,C,100,1,0,2,1247319,4843026
Invercargill City,31/10/2014,Fri,1050,DC,CS1,350A 420A ,C,E,D,O ,F ,T,G,C,100,0,0,2,1247319,4843026
Invercargill City,15/08/2014,Fri,830,GE,CW1V,144B 929 ,,R,D,OF,F ,D,N,C,100,0,0,0,1249307,4854669
Invercargill City,04/07/2014,Fri,1510,JA,CN1C,309B 375B ,,R,W,OF,L ,T,N,C,50,0,0,0,1243985,4848830
Invercargill City,03/02/2014,Mon,1041,HA,CE2C,302A 354A ,,E,D,B ,F ,R,G,P,50,0,0,0,1243505,4848316
Invercargill City,16/08/2014,Sat,650,CC,CN1,103A 112A ,KT,R,W,DO,F ,X,G,C,50,0,0,1,1243473,4848677
Invercargill City,23/09/2014,Tue,1745,HA,CN1C,302A ,,R,D,O ,FS,R,G,R,50,0,0,0,1243480,4848567
Invercargill City,30/05/2014,Fri,1530,HA,CS1V,302A ,,M,D,O ,F ,R,G,R,50,0,0,0,1243428,4849427
Invercargill City,13/02/2014,Thu,1005,HA,CW2C,302B 350B 801 ,FJ,R,W,O ,L ,X,G,C,50,0,0,1,1243519,4847913
Invercargill City,08/12/2014,Mon,1004,HA,CS1C,302B 375B ,,R,D,B ,F ,X,G,C,50,0,0,0,1243552,4847369
Invercargill City,16/07/2014,Wed,1300,DA,CE2C,111A 133A ,M,E,D,O ,F ,T,G,C,50,0,0,0,1244898,4848118
Invercargill City,01/06/2014,Sun,105,EA,CN1C,101A 129A ,M,R,W,DO,L , ,N,C,50,0,0,0,1242764,4848372
Invercargill City,17/10/2014,Fri,2303,DA,CN1C,131A 133A 350A ,FM,R,W,DO,F ,X,S,R,50,0,0,0,1242742,4848755
Invercargill City,16/12/2014,Tue,1530,EA,TE14,129A ,M,R,D,B ,F , , ,C,50,0,0,0,1243432,4847362
Invercargill City,21/11/2014,Fri,1340,HA,CE1T,302A 375A ,,R,W,OF,H ,X,G,N,50,0,0,0,1243552,4847369
Invercargill City,31/03/2014,Mon,900,HA,CE14,302A 351A ,,R,W,B ,FF,X,G,C,50,0,0,0,1243552,4847369
Invercargill City,09/05/2014,Fri,1645,HA,CN2C,302B ,,R,W,O ,L ,X,G,C,50,0,0,0,1243552,4847369
Invercargill City,09/10/2014,Thu,1825,JA,CE1V,302B 375B 902 ,,R,D,B ,F ,T,G,C,100,0,0,1,1238943,4851221
Invercargill City,27/07/2014,Sun,1802,CB,CS1,433A ,V,R,D,B ,F ,X,S,C,100,0,0,0,1248339,4850013
Invercargill City,06/12/2014,Sat,2109,CC,CE1C,112A 125A ,M,R,D,O ,F , ,N,C,50,0,0,0,1243462,4846259
Invercargill City,28/08/2014,Thu,2030,EA,CS1V,129A ,M,R,D,DO,F , , ,C,50,0,0,0,1244225,4848278
Invercargill City,06/07/2014,Sun,1100,FB,CS1C,331A ,,R,D,O ,F ,T,G,C,50,0,0,0,1244269,4847497
Invercargill City,13/06/2014,Fri,800,GC,VE1C,372B 929 ,,R,D,O ,FF,D,N,N,50,0,0,1,1242560,4852520
Invercargill City,26/06/2014,Thu,1832,EA,CN14,386A ,M,R,D,DO,F , ,N,C,50,0,0,0,1243853,4847862
Invercargill City,08/09/2014,Mon,1515,MA,CN1C,373B ,,R,D,O ,F , , ,C,50,0,0,0,1243786,4848953
Invercargill City,31/05/2014,Sat,1924,DA,CW2,101A 111A 131A 801 ,FT,R,W,DO,L ,T,G,C,50,0,0,0,1243875,4847467
Invercargill City,20/05/2014,Tue,930,LB,CN1C,303B ,,R,D,ON,F ,T,T,C,50,0,0,0,1243511,4849852
Invercargill City,12/04/2014,Sat,1405,JA,4N1C,302B 382B ,,R,D,B ,F ,T,G,R,50,0,0,0,1243388,4851946
Invercargill City,27/10/2014,Mon,940,GF,CN1,381A 671A ,,R,D,OF,F ,X,T,C,50,0,0,0,1243483,4850331
Invercargill City,10/07/2014,Thu,1610,HA,CW2C,322B 351B ,,R,D,OF,F ,X,T,C,50,0,0,3,1243483,4850331
Invercargill City,20/10/2014,Mon,2150,CA,4N1,112A 330A ,I,R,D,DO,FS,R,G,R,50,0,0,0,1243409,4851597
Invercargill City,29/08/2014,Fri,1707,HA,CS1C,302A 353A ,,S,D,BF,F ,R,G,C,50,0,0,0,1243408,4851617
Invercargill City,28/07/2014,Mon,822,AA,CS1C,372A ,,R,D,OF,F ,T,G,R,50,0,0,0,1243396,4852009
Invercargill City,17/03/2014,Mon,2135,CC,CN1,129A 359A ,X,R,W,DO,L , ,N,R,50,0,0,0,1243357,4852505
Invercargill City,17/11/2014,Mon,807,NA,CS1K,713B ,,R,D,B ,F , , ,R,50,0,1,0,1243451,4850857
Invercargill City,05/07/2014,Sat,1110,FE,CS1C,181A ,,R,W,O ,L ,T,T,C,50,0,0,0,1243466,4850608
Invercargill City,19/11/2014,Wed,1945,GD,CN1C,331A ,,R,D,TO,F ,T,G,C,50,0,0,0,1243466,4850608
Invercargill City,13/02/2014,Thu,1415,CB,CN1C,101A 129A ,Q,R,W,OF,L ,T,G,C,50,0,0,2,1245416,4851750
Invercargill City,05/08/2014,Tue,1520,MC,MS1C,372B ,,R,D,BF,F , ,N,C,50,0,0,1,1245255,4852160
Invercargill City,02/09/2014,Tue,1530,MC,CS1C,331A 352A ,,R,D,B ,F , ,N,R,50,0,0,0,1245897,4850617
Invercargill City,19/09/2014,Fri,2331,AO,CN14,434A ,,R,D,DO,F ,T,S,P,50,0,0,6,1245500,4851549
Invercargill City,21/02/2014,Fri,651,CC,TS1,410A ,P,R,D,O ,F , , ,R,50,0,0,0,1245763,4850935
Invercargill City,14/06/2014,Sat,2240,EA,CS1C,129A 359A ,M,R,D,DO,F , , ,R,50,0,0,0,1245709,4848116
Invercargill City,31/05/2014,Sat,618,DB,CS1,103A 111A 131A 402A 801 ,T,E,W,DO,L , , ,R,50,0,0,0,1245699,4848227
Invercargill City,13/05/2014,Tue,815,DB,CE2C,111A 131A 801 ,M,E,W,O ,L ,T,G,R,50,0,0,0,1245478,4847565
Invercargill City,15/06/2014,Sun,1230,DA,4N1,131A 330A 801 806 ,P,M,W,O ,L , ,N,C,70,0,0,0,1250096,4851976
Invercargill City,01/04/2014,Tue,1744,BD,CN14,129A 129B ,,S,D,B ,F ,T,G,N,50,0,0,0,1243925,4849831
Invercargill City,03/10/2014,Fri,930,CB,TS1,135A 803 ,,R,I,OF,SS, ,N,L,100,0,0,1,1246522,4848290
Invercargill City,07/09/2014,Sun,835,CC,CN1,195A ,P,R,W,O ,L , , ,L,100,0,0,0,1246588,4847215
Invercargill City,20/06/2014,Fri,1550,EO,TN1,330A 385A ,B,R,D,OF,F , ,N,R,50,0,0,0,1246125,4850035
Invercargill City,14/10/2014,Tue,1310,GD,CS1C,181A 929 ,,R,W,O ,F ,D,N,C,100,0,0,0,1246557,4847730
Invercargill City,05/07/2014,Sat,130,GD,CN1C,331A ,,R,W,DO,L ,T,N,C,50,0,0,0,1243830,4848235
Invercargill City,30/09/2014,Tue,1225,MO,CS1C,371A 929 ,,R,D,B ,F ,D,N,C,50,0,0,0,1244382,4851795
Invercargill City,20/12/2014,Sat,707,DA,CN1,103A 111A 131A ,T,S,W,O ,F , , ,C,100,0,0,1,1236109,4844127
Invercargill City,12/09/2014,Fri,1326,DB,CN1,110A 131A ,,M,W,O ,H , ,N,C,70,0,0,0,1236413,4846610
Invercargill City,27/04/2014,Sun,1400,BC,CS1C,121A ,,M,W,O ,F , ,N,C,70,0,0,0,1236114,4845066
Invercargill City,25/07/2014,Fri,1114,HA,CN2C,302A ,,R,D,O ,F ,X,G,C,50,0,0,0,1243289,4847706
Invercargill City,21/12/2014,Sun,1904,DB,CW1,129A 355A 404A ,PS,R,D,B ,F ,T,S,R,80,0,0,0,1245241,4846796
Invercargill City,28/07/2014,Mon,849,MD,SW1C,204A 370A 929 ,,R,D,B ,FF,D, ,N,50,0,0,1,1243758,4828455
Invercargill City,02/05/2014,Fri,1330,MA,VE1C,373B ,,R,D,OF,F , ,N,C,50,0,0,0,1242687,4849922
Invercargill City,01/09/2014,Mon,920,EA,CW1C,129A ,M,R,D,BN,F , ,N,C,50,0,0,0,1242657,4849920
Invercargill City,14/04/2014,Mon,1500,MO,CE1C,371A ,M,R,D,OF,F , ,N,C,50,0,0,0,1242632,4849919
Invercargill City,08/11/2014,Sat,515,DA,CS2,111A 131A ,,S,W,DO,F ,X,T,C,50,0,0,0,1242291,4849898
Invercargill City,12/12/2014,Fri,1705,CC,CW1,129A 358A ,T,R,D,O ,F , ,N,N,50,0,0,0,1244699,4851124
Invercargill City,21/11/2014,Fri,1725,FF,XW1C,331A ,,R,W,O ,F , , ,C,100,0,0,2,1241197,4848564
Invercargill City,07/08/2014,Thu,600,EC,CN1,341A 363A 601A 901 903 ,X,R,W,DN,HS,T,G,X,80,0,0,0,1240544,4855540