TLANAME,CRASHDATE,CRASHDOW,CRASHTIME,MVMT,VEHICLES,CAUSES,OBJECTSSTRUCK,ROADCURVE,ROADWET,LIGHT,WTHRa,JUNCTYPE,TRAFCTRL,ROADMARK,SPDLIM,CRASHFATALCNT,CRASHSEVCNT,CRASHMINCNT,EASTING,NORTHING
Invercargill City,12/06/2014,Thu,1700,CC,CS1C,130A 500A ,T,R,D,TN,F , ,N,C,70,0,0,1,1240611,4854405
Invercargill City,25/08/2014,Mon,1920,EC,CE1,912,W,R,W,DN,L , ,N,C,70,0,0,0,1246213,4846046
Invercargill City,20/04/2014,Sun,45,EA,CS1C,103A 129A ,M,R,D,DO,F , ,N,N,50,0,0,0,1241753,4852241
Invercargill City,06/04/2014,Sun,1139,FA,CS1C,331A 350A ,,R,D,OF,F , ,N,C,50,0,0,0,1243702,4850786
Invercargill City,03/11/2014,Mon,1345,MO,VS1C,371A 929 ,M,R,D,O ,F ,D,N,C,50,0,0,0,1241664,4852317
Invercargill City,12/02/2014,Wed,2142,CB,CW1C,130A ,FM,R,W,DO,L , ,N,C,50,0,0,0,1243329,4848911
Invercargill City,05/07/2014,Sat,2030,CC,CE1,101A 130A 524A ,F,R,D,DO,F , ,N,N,50,0,0,0,1242784,4848879
Invercargill City,03/04/2014,Thu,1636,HA,CE1C,302B 375B ,,R,D,B ,F ,X,G,C,50,0,0,0,1243217,4848904
Invercargill City,27/01/2014,Mon,1508,HA,CE1C,302B 350B ,,R,D,BF,F ,X,G,C,50,0,1,0,1243217,4848904
Invercargill City,28/06/2014,Sat,1215,MC,CW1C,372B ,,E,D,BF,F , ,N,X,50,0,0,0,1242407,4849537
Invercargill City,05/01/2014,Sun,1054,JA,CS2C,302B 375B ,,E,D,BF,F ,R,G,R,50,0,0,0,1242308,4849588
Invercargill City,19/03/2014,Wed,1515,JA,CS2C,302B 375B ,,E,W,OF,L ,R,G,R,50,0,0,0,1242308,4849588
Invercargill City,05/08/2014,Tue,1950,NA,CE1E,306A 376A ,,E,W,DO,L ,R,N,X,50,0,0,1,1242417,4849537
Invercargill City,27/08/2014,Wed,815,CB,CN1,350A 410A ,S,R,D,O ,F , ,N,C,100,0,0,0,1249756,4837889
Invercargill City,27/05/2014,Tue,1530,JA,CW1C,302B 375B ,,R,D,O ,F ,T,G,C,50,0,0,0,1244429,4847501
Invercargill City,21/12/2014,Sun,1745,GB,CE1C,158A 929 ,,R,D,B ,F ,D,N,C,50,0,0,0,1245194,4847547
Invercargill City,21/03/2014,Fri,1420,JA,SW1C,204A 358A 929 ,,R,D,BF,F ,D,N,N,50,0,0,1,1243895,4847468
Invercargill City,07/09/2014,Sun,1930,DA,CE1,111A ,,R,D,DN,F ,X,G,C,100,0,0,0,1246563,4847630
Invercargill City,21/07/2014,Mon,1533,DA,CE1,111A 131A ,P,R,W,BF,F ,R,G,R,50,0,0,1,1241936,4848946
Invercargill City,21/09/2014,Sun,1739,NB,CW1,191A 370A 710B 901 ,,E,W,O ,H ,R,G,C,50,0,0,1,1242977,4849015
Invercargill City,30/09/2014,Tue,1455,GC,CW1C,171B ,,M,D,B ,F ,R,G,C,50,0,0,0,1242977,4849015
Invercargill City,10/10/2014,Fri,1325,AA,CE14,371A ,,R,D,B ,F , , ,R,50,0,0,0,1243600,4849065
Invercargill City,23/09/2014,Tue,745,FD,VE1CC,181A 330A ,,R,D,DN,F , ,N,C,50,0,0,0,1243504,4849059
Invercargill City,26/06/2014,Thu,1845,JC,CS24,302A ,,R,D,DO,F ,T,G,R,50,0,0,0,1245391,4849172
Invercargill City,17/07/2014,Thu,3,DB,CS2,101A 122A ,IS,R,D,DO,FF,T,G,R,50,0,0,0,1242343,4848989
Invercargill City,22/09/2014,Mon,1050,HA,CS2V,302A ,,R,D,O ,F ,X,G,C,50,0,0,0,1244440,4849120
Invercargill City,09/01/2014,Thu,2018,DB,CS2,103A ,IT,R,D,OF,F ,X,G,R,50,0,0,0,1244440,4849120
Invercargill City,04/04/2014,Fri,1405,MC,CE1B,372B 801 ,,R,W,O ,L , , ,R,50,0,0,0,1244856,4849143
Invercargill City,10/09/2014,Wed,1930,MO,SE1C,204A ,,R,D,DO,F ,T,G,R,50,0,1,0,1243969,4849092
Invercargill City,03/03/2014,Mon,845,LB,CE1C,303B 314B 375B 402B ,,R,D,O ,F ,T,G,C,50,0,0,0,1243969,4849092
Invercargill City,05/11/2014,Wed,935,FA,CW1C,181A 331A 191B 357B ,,R,D,O ,F ,T,G,R,50,0,0,0,1244176,4849092
Invercargill City,21/09/2014,Sun,1030,EA,SN1C,129A 331A 353A ,M,R,D,O ,F , ,N,N,50,0,0,1,1244318,4848966
Invercargill City,02/11/2014,Sun,40,DC,CE1,103A 385A ,F,R,D,DN,F , , ,N,50,0,0,0,1244086,4846785
Invercargill City,12/09/2014,Fri,1710,HA,CW1C,302B ,,R,W,O ,L ,X,G,C,50,0,0,0,1242273,4850359
Invercargill City,05/12/2014,Fri,1710,MG,CE14,371B ,,R,D,BF,F , ,N,C,50,0,0,0,1242353,4850363
Invercargill City,19/12/2014,Fri,1700,CB,CW1,138A 197A ,GP,R,D,O ,F , ,N,N,100,0,0,1,1236715,4854073
Invercargill City,26/08/2014,Tue,1816,CB,CN1,101A 128A ,BG,R,D,TN,F , ,N,C,100,0,0,0,1239489,4853249
Invercargill City,09/03/2014,Sun,922,HA,TE2C,302B 375B ,,R,D,O ,F ,X,G,C,50,0,0,0,1244091,4851470
Invercargill City,13/06/2014,Fri,1350,MC,CN1C,358B 372B ,,R,D,O ,F , , ,C,50,0,0,0,1243745,4851324
Invercargill City,27/10/2014,Mon,1300,CA,CN1,330A 350A ,GV,R,D,O ,F ,X,G,C,50,0,0,0,1244347,4850340
Invercargill City,05/12/2014,Fri,1055,FD,CW1C,181A ,,E,D,BF,F , ,N,C,50,0,0,0,1242866,4850053
Invercargill City,04/03/2014,Tue,922,HA,CS2C,321A ,,R,D,OF,F ,X,S,C,50,0,0,2,1244673,4850475
Invercargill City,28/04/2014,Mon,1426,HA,CE1C,301B 370B 801 ,,R,W,O ,L ,X,S,C,50,0,0,0,1244673,4850475
Invercargill City,18/12/2014,Thu,1615,HA,CE1V,301B 321B ,,R,D,O ,F ,X,S,R,50,0,0,0,1244673,4850475
Invercargill City,22/10/2014,Wed,1030,MA,CE1CC,373B ,M,R,D,OF,F , ,N,C,50,0,0,1,1243257,4850076
Invercargill City,26/07/2014,Sat,1420,MC,CW1C,372B ,,R,D,OF,F , ,N,C,50,0,0,0,1243077,4850066
Invercargill City,29/10/2014,Wed,1135,JA,CE1C,130B 301B 375B ,FX,R,D,B ,F ,X,S,C,50,0,0,0,1243147,4850070
Invercargill City,02/12/2014,Tue,1420,MO,VE1C,330A 371A ,M,R,D,O ,F , , ,C,50,0,0,0,1242785,4850048
Invercargill City,07/12/2014,Sun,130,DC,CN2,102A 112A 130A 817 ,F,R,D,DO,F ,T,G,C,50,0,0,0,1245339,4850881
Invercargill City,10/10/2014,Fri,1900,DB,CE14,134A 385A ,M,R,D,B ,F ,T,G,C,50,0,0,0,1245153,4850843
Invercargill City,19/05/2014,Mon,1750,GD,CE1C,181A ,,R,D,B ,F ,X,G,C,50,0,0,0,1244562,4850429
Invercargill City,30/12/2014,Tue,1545,GB,SW1C,303B ,,R,D,BF,F ,X,T,C,50,0,0,1,1243498,4850091
Invercargill City,01/10/2014,Wed,904,HA,CE2C,302A 375A ,,R,D,B ,F ,X,G,C,50,0,0,0,1243189,4849413
Invercargill City,05/10/2014,Sun,1500,HA,CS1C,302A 375A ,,R,D,O ,F ,X,G,C,50,0,0,0,1243277,4847899
Invercargill City,16/02/2014,Sun,1425,NO,4N1E,370A 711B ,,R,D,O ,F , , ,N,30,0,0,2,1242898,4849481
Invercargill City,06/11/2014,Thu,,PF,VN1E,330A 520B ,,R,D,TF,F , , ,N,30,0,0,1,1242569,4829078
Invercargill City,15/05/2014,Thu,1103,KA,SE1C,302B ,,R,D,O ,F ,T,G,C,100,0,0,0,1247944,4851462
Invercargill City,03/09/2014,Wed,1245,HA,CN2C,321A 330A 197B ,,R,D,O ,F ,X,S,C,100,0,0,0,1247766,4851387
Invercargill City,12/12/2014,Fri,1530,CB,CW1,130A 197A 407A ,VX,R,D,O ,F , , ,C,100,0,0,0,1247581,4851310
Invercargill City,17/05/2014,Sat,1630,MC,4W1C,372B ,,R,D,B ,F , ,N,C,80,0,0,0,1246373,4850765
Invercargill City,22/11/2014,Sat,1040,MA,4E1C,373B ,,R,W,O ,L ,T,N,R,50,0,0,0,1245691,4850421
Invercargill City,13/07/2014,Sun,103,DC,CN2,102A 113A ,FP,R,W,DO,F ,T,G,R,50,0,0,0,1245596,4850382
Invercargill City,20/02/2014,Thu,703,KA,SW1C,302B 375B 642B 904 ,,R,D,O ,M ,T,G,C,50,0,0,1,1244899,4850083
Invercargill City,30/07/2014,Wed,825,FB,CS1C,181A ,,R,D,O ,F ,T,G,P,50,0,0,0,1244848,4850060
Invercargill City,03/06/2014,Tue,1520,FD,CW1V,181A 191B 350B ,,R,D,O ,F , , ,C,50,0,0,3,1244697,4849997
Invercargill City,14/08/2014,Thu,2135,DA,4N1,131A 353A 386A 801 ,IS,R,W,DO,L ,X,T,R,50,0,0,0,1243526,4849593
Invercargill City,27/12/2014,Sat,1840,FE,CS1C,181A 387A ,,R,W,O ,L ,X,T,C,50,0,0,0,1243526,4849605
Invercargill City,24/05/2014,Sat,2136,DA,CN2,131A 802 ,P,R,I,DO,S ,X,T,C,50,0,0,0,1243526,4849605
Invercargill City,24/12/2014,Wed,1430,FE,CE1C,181A ,,R,D,B ,F ,X,T,C,50,0,0,0,1243526,4849605
Invercargill City,30/10/2014,Thu,1545,FE,CE1C,181A ,,R,D,OF,F ,X,T,C,50,0,0,0,1243526,4849593
Invercargill City,03/03/2014,Mon,1744,LB,CW1C,303B 375B ,,R,W,DO,H ,X,T,R,50,0,0,0,1243526,4849593
Invercargill City,04/10/2014,Sat,1610,FD,CE1C,181A ,,R,W,O ,F , ,N,C,50,0,0,0,1243278,4849590
Invercargill City,14/10/2014,Tue,1135,HA,CS24,322B 350B ,,R,W,O ,L ,X,T,C,50,0,0,0,1243178,4849584
Invercargill City,19/01/2014,Sun,408,MC,CE1C,103B 303B 402B ,,R,D,DO,F , , ,R,50,0,0,0,1243078,4849578
Invercargill City,05/12/2014,Fri,1455,FE,CW1C,181A 331A ,,R,D,B ,F ,X,T,R,50,0,0,0,1242935,4849557
Invercargill City,27/06/2014,Fri,1300,LB,CW1C,303B 375B ,,R,W,O ,L ,X,T,C,50,0,0,1,1242935,4849557
Invercargill City,28/05/2014,Wed,1155,MO,CE1C,371A ,M,R,D,O ,F , , ,R,50,0,0,0,1242920,4849568
Invercargill City,17/12/2014,Wed,1310,AO,VW1C,129A 386A ,,R,D,B ,F ,X,T,R,50,0,0,0,1242694,4849555
Invercargill City,15/10/2014,Wed,1130,GB,CN14,172B ,,R,D,OF,L ,R,G,R,50,0,0,0,1242438,4849519
Invercargill City,11/02/2014,Tue,1300,HA,CN2C,302A 375A ,,M,D,BF,F ,R,G,C,50,0,0,0,1242438,4849519
Invercargill City,07/07/2014,Mon,1010,LB,VS14,303B 363B 902 ,,R,D,BF,F ,X,G,C,50,0,0,0,1242459,4849370
Invercargill City,22/01/2014,Wed,1204,HA,CN1C,302B 375B ,,R,D,O ,F ,X,G,C,50,0,0,1,1242447,4849370
Invercargill City,01/02/2014,Sat,555,NB,CS1E,105B 713B ,,R,D,TO,F , , ,C,50,0,0,1,1242462,4849320
Invercargill City,14/07/2014,Mon,1427,AA,CS1C,372A ,,R,D,BF,F ,T,G,C,50,0,0,0,1242474,4849122
Invercargill City,12/04/2014,Sat,220,DA,CS1C,103A 111A 131A ,M,M,W,DO,L ,R,G,R,50,0,0,0,1242479,4849001
Invercargill City,30/05/2014,Fri,750,FB,VN1C,181A 387A ,,R,W,O ,L ,R,G,R,50,0,0,0,1242469,4849005
Invercargill City,24/02/2014,Mon,830,AO,CN2C,381A ,,R,D,OF,F ,R,G,C,50,0,0,0,1242470,4848982
Invercargill City,12/08/2014,Tue,1650,HA,4S1C,302A 375A ,,R,D,OF,F ,R,G,C,50,0,0,0,1242481,4848983
Invercargill City,16/12/2014,Tue,1915,KB,CN1C,302B ,,R,D,BF,F ,T,G,C,50,0,0,0,1242477,4848861
Invercargill City,25/03/2014,Tue,1525,KB,VS1C,302B 375B ,,R,D,BF,F ,X,G,R,50,0,0,0,1242496,4848740
Invercargill City,05/03/2014,Wed,1710,HA,CS1C,302B 375B ,,R,D,BF,F ,X,G,R,50,0,0,1,1242496,4848740
Invercargill City,21/05/2014,Wed,949,FA,4S1C,357A 512A 357B 402B ,,R,W,O ,F ,X,G,R,50,0,0,0,1242497,4848735
Invercargill City,16/04/2014,Wed,1620,FF,CN1C,357A 512A ,,R,D,OF,F ,T,G,R,50,0,0,0,1242521,4848255
Invercargill City,12/11/2014,Wed,1900,GO,4N14,171A ,,E,D,O ,F ,R,G,R,50,0,0,0,1242750,4848079
Invercargill City,21/10/2014,Tue,915,DA,CS1,111A 131A ,F,E,W,OF,L , ,N,C,70,0,0,0,1242801,4848020
Invercargill City,29/05/2014,Thu,702,JA,4S1C,302B 386B 901 ,,R,W,DO,H ,T,G,C,70,0,0,0,1242801,4848001
Invercargill City,24/07/2014,Thu,2245,DB,CN1,111A 131A ,IKL,M,W,DN,L , , ,R,70,0,0,0,1242814,4847902
Invercargill City,06/07/2014,Sun,1401,JA,CS1C,197A 302B 375B 402B ,,R,D,O ,F ,T,G,C,70,0,0,0,1242819,4847871
Invercargill City,11/03/2014,Tue,835,JA,CS1C,302B 375B ,,R,D,B ,F ,T,G,C,70,0,0,0,1242821,4847332
Invercargill City,19/11/2014,Wed,835,GD,CN1C,181A 352A ,,R,D,O ,F ,T,N,C,50,0,0,1,1242801,4847203
Invercargill City,24/08/2014,Sun,143,CC,CN1,125A ,FK,R,W,DO,F , ,N,P,70,0,0,0,1242796,4847153
Invercargill City,24/04/2014,Thu,1550,EC,TS1,660A ,P,E,D,ON,F , ,N,C,100,0,0,0,1244271,4844614
Invercargill City,30/09/2014,Tue,1245,QG,4N1,420A 682A 687A ,G,R,D,B ,F , ,N,C,90,0,0,0,1245221,4843639
Invercargill City,25/12/2014,Thu,900,DB,CN1,131A 330A ,,E,D,O ,F , , ,C,100,0,0,1,1246238,4842166
Invercargill City,22/01/2014,Wed,1500,DB,TN1,132A 801 901 903 ,V,M,W,O ,HS,T,G,L,100,0,0,0,1246283,4841973
Invercargill City,28/09/2014,Sun,1125,AA,CS1C,372A 132B 197B ,,R,D,B ,F , , ,C,100,0,0,0,1244059,4839245
Invercargill City,02/10/2014,Thu,1940,QG,TN1C,330A 429A 682A 135B 800 ,DV,R,D,TN,F , , ,C,100,0,0,1,1242286,4838393
Invercargill City,27/10/2014,Mon,,DB,CN1,101A 134A 505A ,FX,R,D,DN,FS,T,S,C,100,0,0,0,1239754,4834455
Invercargill City,24/05/2014,Sat,1300,EC,CN1,820,X,R,W,O ,H , , ,L,100,0,0,0,1239920,4831696
Invercargill City,16/01/2014,Thu,1145,AO,CS1O,101A 112A 155A ,,R,D,O ,F , , ,L,100,0,1,1,1240348,4830505
Invercargill City,25/05/2014,Sun,1800,DA,CN1,131A 803 ,CJV,M,I,DN,S , , ,C,100,0,0,1,1240351,4830485
Invercargill City,17/06/2014,Tue,1810,EC,CS1,341A 810 823 ,GL,E,W,DN,L , ,N,C,100,0,0,0,1240384,4829890
Invercargill City,08/08/2014,Fri,1128,DB,CS1,129A 131A ,X,M,D,OF,F , ,N,C,100,0,0,1,1240529,4829699
Invercargill City,23/11/2014,Sun,1505,DB,CS1,129A 131A 351A ,CX,E,D,ON,F , ,N,C,100,0,1,0,1241093,4829307
Invercargill City,24/06/2014,Tue,718,FF,CE1T,102A 331A 632A 102B 817 ,,R,D,DN,F , , ,C,100,1,0,1,1241632,4829221
Invercargill City,18/08/2014,Mon,1545,EA,CW1C,386A 652A ,M,R,D,O ,F ,T,G,C,50,0,0,0,1243529,4828813
Invercargill City,06/08/2014,Wed,1716,BE,CN1V,137A 197A ,,R,W,TF,F , ,N,C,100,0,0,1,1241869,4859233
Invercargill City,15/05/2014,Thu,1730,HA,CW2C,301A ,,R,D,TO,F ,X,S,C,80,0,1,1,1241894,4858813
Invercargill City,29/11/2014,Sat,1730,CC,VE1,129A 410A ,I,R,W,OF,H ,R,G,R,80,0,0,1,1241983,4857127
Invercargill City,17/01/2014,Fri,102,CB,CS1,130A 801 ,CF,R,W,DO,L , , ,C,80,0,0,0,1242001,4857042
Invercargill City,30/05/2014,Fri,2200,MC,VS1C,372B ,,R,W,DO,L , , ,P,80,0,0,0,1242094,4855508
Invercargill City,02/02/2014,Sun,818,CC,4S1,103A 412A ,FS,R,D,B ,F , , ,C,50,0,0,0,1242134,4854806
Invercargill City,18/03/2014,Tue,1700,BE,CS1V,129A 410A ,,R,D,BF,F , ,N,P,50,0,0,0,1242152,4854507
Invercargill City,20/06/2014,Fri,1115,JA,4N1C,302B 377B ,,R,W,OF,L ,T,G,C,50,0,0,0,1242158,4854293
Invercargill City,18/06/2014,Wed,820,AC,TS1C,372A ,,R,W,O ,L , , ,C,50,0,0,0,1242194,4853881
Invercargill City,22/05/2014,Thu,1150,MO,CN1C,371A 925 ,,R,D,ON,F ,D,T,C,50,0,0,0,1242191,4853705
Invercargill City,10/10/2014,Fri,1900,FE,CS1C,181A ,,R,D,OF,F ,T,T,C,50,0,0,0,1242203,4853703
Invercargill City,16/06/2014,Mon,650,FE,CN1C,331A ,,R,W,DO,L ,T,T,C,50,0,0,0,1242192,4853695
Invercargill City,12/11/2014,Wed,1113,DC,CW2,501A ,FP,R,D,OF,L ,T,T,C,50,0,0,2,1242192,4853695
Invercargill City,02/10/2014,Thu,1725,JA,CS1C,322A 334A ,,R,D,O ,L ,T,T,C,50,0,0,0,1242204,4853690
Invercargill City,01/05/2014,Thu,1202,JA,CN1C,301B 377B 402B ,,R,D,B ,F ,T,S,C,50,0,0,1,1242227,4853067
Invercargill City,28/03/2014,Fri,1700,MO,VS1C,386A ,M,R,D,B ,F , , ,C,50,0,0,0,1242264,4852666
Invercargill City,15/09/2014,Mon,935,EA,TS14,129A ,M,R,D,BF,F , ,N,C,50,0,0,0,1242268,4852591
Invercargill City,21/11/2014,Fri,1200,AA,CS1C,330A 372A ,,R,D,B ,F ,T,G,P,50,0,0,0,1242268,4852590
Invercargill City,12/02/2014,Wed,1630,AO,CS1S,129A 353A 386A ,,R,D,B ,F , , ,R,50,0,0,1,1242277,4852451
Invercargill City,01/08/2014,Fri,830,EE,CN1C,374B ,M,R,D,O ,F ,T,G,C,50,0,0,0,1242272,4852333
Invercargill City,14/03/2014,Fri,1725,FD,4N1C,181A ,,R, ,BF,F ,T,G,C,50,0,0,0,1242273,4852313
Invercargill City,20/09/2014,Sat,1811,GA,CN1C,181B 387B ,,R,W,O ,L ,T,T,C,50,0,0,0,1242281,4852178
Invercargill City,10/02/2014,Mon,840,GF,TE2C,122A 129A 179A ,,E,D,B ,F ,T,T,C,50,0,0,0,1242281,4852178
Invercargill City,10/12/2014,Wed,1535,JA,CS1C,301B 375B ,,R,D,B ,F ,T,S,R,50,0,0,0,1242304,4851878
Invercargill City,15/09/2014,Mon,1225,AC,CS1P,159A ,,R,W,OF,F , ,N,C,50,0,0,1,1242310,4851778
Invercargill City,11/09/2014,Thu,845,FD,CS1CC,331A 352A ,,R,D,BF,F , , ,R,50,0,0,0,1242312,4851749
Invercargill City,25/02/2014,Tue,950,HA,CS2C,308B 375B 926 ,,R,D,O ,F ,D,N,P,50,0,0,0,1242323,4851558
Invercargill City,26/02/2014,Wed,1226,FE,CS1C,334A 353A ,,R,D,B ,F ,T,T,C,50,0,0,0,1242323,4851558
Invercargill City,20/08/2014,Wed,2025,FE,CN1C,181A ,,R,W,DO,L ,X,T,C,50,0,0,0,1242311,4851557
Invercargill City,29/05/2014,Thu,1245,CB,CN1V,129A 130A ,F,R,D,O ,F , , ,C,50,0,0,0,1242321,4851396
Invercargill City,22/12/2014,Mon,1715,FD,CN1CC,181A 181B ,,R,D,B ,F , , ,C,50,0,0,0,1242324,4851341
Invercargill City,29/10/2014,Wed,1332,EC,CS1C,129A 504A ,M,R,D,O ,F ,X,T,C,50,0,0,0,1242362,4850907
Invercargill City,12/09/2014,Fri,1120,AA,CS1C,350A 372A ,,R,D,B ,F , ,N,R,50,0,0,0,1242366,4850856
Invercargill City,08/03/2014,Sat,1154,FE,4S14C,331A 358A ,,R,D,BF,F ,X,T,R,50,0,0,0,1242368,4850816
Invercargill City,17/04/2014,Thu,1930,LB,CW1C,303B 375B ,,R,D,TO,F ,X,T,C,50,0,0,0,1242369,4850806
Invercargill City,31/07/2014,Thu,929,KB,CN14,302B ,,R,W,OF,L ,X,G,R,50,0,0,0,1242364,4850686
Invercargill City,04/09/2014,Thu,1110,FA,CS1C,181A ,,R,D,B ,F , , ,C,50,0,0,0,1242394,4850381
Invercargill City,12/02/2014,Wed,1205,MG,CS1C,371B ,,R,D,OF,F ,T,G,R,50,0,0,0,1242395,4850366
Invercargill City,07/05/2014,Wed,850,FD,VN1C,181A ,,R,W,OF,F ,T,G,C,50,0,0,0,1242389,4850344
Invercargill City,21/05/2014,Wed,1450,FA,CS14,331A 801 ,,R,W,O ,L ,X,G,C,50,0,0,0,1242412,4850147
Invercargill City,18/05/2014,Sun,1042,FE,CS1CC4,181A 331A 350A ,,R,D,OF,F ,T,T,C,50,0,0,1,1242419,4850026
Invercargill City,31/01/2014,Fri,1430,FE,CS1C,181A 191B ,,R,D,B ,F ,T,T,C,50,0,0,0,1242419,4850026
Invercargill City,14/09/2014,Sun,310,NB,XN1E,713B ,,R,D,DO,F , , ,C,50,0,1,0,1242409,4850005
Invercargill City,04/03/2014,Tue,1232,HA,CN1C4,322A ,,R,D,OF,F ,X,T,R,50,0,0,2,1242415,4849906
Invercargill City,09/03/2014,Sun,1905,FE,CS1M,181A ,,R,D,O ,F ,X,T,C,50,0,0,0,1242427,4849906
Invercargill City,09/01/2014,Thu,1510,MO,CS1C,371A 371 ,M,R,D,OF,F , , ,R,50,0,0,0,1242432,4849826
Invercargill City,19/01/2014,Sun,40,MO,CS1C,330A 351A ,M,R,D,DO,F , , ,N,50,0,0,0,1242435,4849771
Invercargill City,07/09/2014,Sun,130,AA,CS1C,372A ,,R,D,DO,F ,T,T,R,50,0,0,0,1242440,4849684
Invercargill City,16/07/2014,Wed,1400,FE,CS1C,331A ,,R,D,O ,F ,T,T,C,50,0,0,0,1242440,4849679
Invercargill City,31/07/2014,Thu,1555,FE,CS1C,331A ,,R,W,OF,L ,T,T,R,50,0,0,2,1242441,4849674
Invercargill City,15/02/2014,Sat,1210,FE,CS1C,181A ,,R,W,BF,L ,T,T,C,50,0,0,0,1242441,4849664
Invercargill City,01/07/2014,Tue,1745,NA,CN1E,306A ,,R,W,DO,L , , ,X,50,0,0,1,1242443,4849634
Invercargill City,01/05/2014,Thu,1530,FD,BS1T,181A ,,R,D,O ,F ,R,G,R,50,0,0,0,1242448,4849570
Invercargill City,04/07/2014,Fri,1730,HA,CS1C,302A 375A ,,E,W,OF,F ,R,G,R,50,0,0,0,1242449,4849550
Invercargill City,13/06/2014,Fri,1515,HA,CN1V,302A 402A ,,R,D,O ,F ,R,G,R,50,0,0,0,1242437,4849550
Invercargill City,14/08/2014,Thu,1228,HA,CS1C,302A 375A ,,E,W,OF,L ,R,G,C,50,0,0,0,1242449,4849550
Invercargill City,27/05/2014,Tue,602,DB,4W1,131A 135A 802 ,,E,I,DO,FF, ,N,C,80,0,0,1,1241447,4857186
Invercargill City,27/05/2014,Tue,730,DB,VW1,131A 802 ,B,M,I,DO,F , , ,C,80,0,0,0,1241245,4857154
Kaikoura District,27/03/2014,Thu,1029,BA,CS1M,331A 353A 205B ,,R,D,BN,F , ,N,N,50,0,0,1,1657447,5303609
Kaikoura District,09/08/2014,Sat,1150,DA,CE2,111A 131A ,S,M,D,BF,F ,T,G,C,50,0,0,0,1657602,5303958
Kaikoura District,01/11/2014,Sat,230,DB,CE1,103A 111A 131A ,F,E,D,DN,F , ,N,C,50,0,1,0,1658058,5303751
Kaikoura District,02/11/2014,Sun,730,DA,VS1,103A 111A 131A ,C,M,D,B ,F , , ,N,100,0,2,1,1663354,5319187
Kaikoura District,06/03/2014,Thu,1515,EO,TS1,686A ,B,R,D,BF,F , ,N,C,50,0,0,0,1655913,5305601
Kaikoura District,24/09/2014,Wed,1400,DA,CW1,131A 813 ,C,E,D,B ,F , , ,C,100,0,0,1,1638133,5307594
Kaikoura District,19/01/2014,Sun,1115,HA,CN1C,302B ,,R,D,B ,F ,X,G,N,100,0,0,0,1653834,5309261
Kaikoura District,02/03/2014,Sun,2100,GE,4E1C,357A 144B ,,R,D,TN,F ,X,G,N,100,0,0,0,1653431,5310577
Kaikoura District,03/03/2014,Mon,2250,DA,CW1,111A 131A 402A ,F,E,D,DO,F , , ,C,50,0,0,0,1657029,5303607
Kaikoura District,15/07/2014,Tue,1530,MO,4S1,330A ,V,R,D,B ,F , , ,N,50,0,0,0,1655791,5303734
Kaikoura District,18/06/2014,Wed,2130,QD,CS1,428A ,F,R,D,DN,F , ,N,C,50,0,0,0,1657503,5303351
Kaikoura District,08/11/2014,Sat,1814,MA,VW1MC,191A 197A 101B 330B 373B ,M,R,D,B ,F ,T,G,C,50,0,0,1,1655960,5305639
Kaikoura District,14/06/2014,Sat,2010,EA,CE1C4C,129A 359A ,M,E,D,DO,F , , ,C,50,0,0,0,1655994,5305628
Kaikoura District,23/07/2014,Wed,100,CB,4S1,129A 130A 352A ,C,R,D,DN,F , , ,C,100,0,0,1,1685375,5351837
Kaikoura District,05/07/2014,Sat,2116,EC,TN1,912,W,E,D,DN,F , , ,C,100,0,0,0,1682832,5348394
Kaikoura District,24/11/2014,Mon,900,DA,4N1,129A 131A ,C,E,D,B ,F , , ,C,100,0,0,0,1682025,5347413
Kaikoura District,11/12/2014,Thu,725,EC,TS1,130A 195A 615A 904 ,G,R,W,O ,M , , ,C,100,0,0,0,1677474,5340444
Kaikoura District,12/04/2014,Sat,1745,CC,4S1,129A 134A 358A ,F,R,D,O ,F , , ,L,100,0,0,0,1676558,5337792
Kaikoura District,10/10/2014,Fri,1740,DB,MN1,129A 130A 903 ,V,E,D,B ,FS, , ,C,100,0,1,0,1674829,5330482
Kaikoura District,12/01/2014,Sun,2133,CC,4N1,125A 357A ,,R,D,DN,F , ,N,C,100,0,0,1,1674443,5330214
Kaikoura District,15/01/2014,Wed,1505,BB,VN1C,137A 197A 129B 404B ,,E,D,BN,F , ,N,C,100,0,2,0,1673013,5328805
Kaikoura District,21/11/2014,Fri,1155,MC,MS1M,143B 330B 372B ,,R,D,B ,F , , ,C,100,0,0,2,1666415,5320385
Kaikoura District,12/06/2014,Thu,640,EC,CN1,821,X,E,W,DN,M , , ,C,100,0,0,0,1663380,5318955
Kaikoura District,19/09/2014,Fri,906,DA,CS1,130A 410A ,F,E,D,B ,F , ,N,C,100,0,0,0,1661768,5317168