TLANAME,CRASHDATE,CRASHDOW,CRASHTIME,MVMT,VEHICLES,CAUSES,OBJECTSSTRUCK,ROADCURVE,ROADWET,LIGHT,WTHRa,JUNCTYPE,TRAFCTRL,ROADMARK,SPDLIM,CRASHFATALCNT,CRASHSEVCNT,CRASHMINCNT,EASTING,NORTHING
Kaikoura District,06/03/2014,Thu,1605,BD,4N1O,129A ,,E,D,BF,F , ,N,C,100,1,1,1,1661961,5315745
Kaikoura District,03/01/2014,Fri,1330,CB,CW1,135A 903 ,FV,R,D,B ,FS, ,N,C,100,0,0,0,1660762,5315310
Kaikoura District,12/10/2014,Sun,1845,DB,CE1,129A ,S,M,D,ON,F , ,N,C,100,0,0,1,1659893,5315540
Kaikoura District,02/03/2014,Sun,330,DA,CN1,102A 131A 410A ,B,E,D,DN,F , ,N,C,100,0,0,0,1659047,5314223
Kaikoura District,07/10/2014,Tue,1445,DB,4S1,410A ,EFV,M,D,BN,F , ,N,C,100,0,0,1,1659000,5313734
Kaikoura District,15/11/2014,Sat,720,CB,VS1,130A 903 ,FV,R,D,O ,FS, , ,C,100,0,0,2,1658660,5313440
Kaikoura District,05/07/2014,Sat,1130,CC,4N1,410A ,FT,R,D,B ,F , , ,C,100,0,0,0,1657633,5312565
Kaikoura District,05/02/2014,Wed,1430,EA,CN1C,386A ,M,R,D,B ,F , ,N,C,50,0,0,0,1656043,5308242
Kaikoura District,07/06/2014,Sat,2155,EA,CS1C4,129A 351A ,MM,R,D,DO,F ,T,S,C,50,0,0,0,1655970,5307407
Kaikoura District,01/04/2014,Tue,2006,EA,CN1C,129A 358A ,M,R,D,DO,F , ,N,C,50,0,0,0,1655918,5307013
Kaikoura District,11/03/2014,Tue,1710,JA,PS14,534A 301B 375B ,,R,D,O ,F ,T,S,C,50,0,0,1,1655904,5306517
Kaikoura District,22/08/2014,Fri,1250,MA,4S14,373B 922 ,,R,D,B ,F ,D,N,C,50,0,0,0,1655902,5306457
Kaikoura District,10/09/2014,Wed,545,EA,TN1C,129A ,M,R,D,DO,F , , ,C,50,0,0,0,1655901,5306417
Kaikoura District,22/06/2014,Sun,245,DA,CS2,103A 111A 131A 402A ,K,M,W,DO,L ,T,G,C,50,0,0,2,1655811,5304510
Kaikoura District,08/04/2014,Tue,1445,JA,TS1C,302B 375B 404B ,,E,W,O ,L ,T,G,C,50,0,0,0,1655811,5304510
Kaikoura District,26/10/2014,Sun,915,CC,CN1,410A ,T,R,D,OF,F , ,N,C,100,0,0,1,1652648,5304056
Kaikoura District,29/10/2014,Wed,1348,DA,CN1,131A 350A ,EX,M,D,B ,F , , ,C,80,0,0,0,1647946,5300501
Kaikoura District,06/12/2014,Sat,1030,DB,TN1,111A 131A ,G,M,D,ON,F , ,N,C,80,0,0,1,1645182,5299150
Kaikoura District,10/10/2014,Fri,2220,DA,CS1,109A 131A 412A ,T,E,D,DN,F , , ,C,80,0,0,1,1643434,5296611
Kaikoura District,18/12/2014,Thu,725,QG,TN1,130A 801 ,V,R,W,O ,L , , ,C,100,0,0,1,1641735,5293716
Kaikoura District,25/12/2014,Thu,1820,BF,CN1C,205A 330A 404A ,,M,D,B ,F , , ,C,80,0,3,2,1641704,5293589
Kaikoura District,19/01/2014,Sun,1120,CB,CN1,137A 358A ,G,R,D,B ,F , ,N,C,100,0,0,0,1641590,5293241
Kaikoura District,09/08/2014,Sat,2100,DB,TN1,111A 131A 330A ,CG,M,D,DN,F , , ,C,100,0,0,1,1640717,5292489
Kaikoura District,28/06/2014,Sat,1457,DA,4N1,131A ,CK,E,D,B ,F , , ,C,100,0,0,5,1639687,5292036
Kaikoura District,07/08/2014,Thu,1430,AD,CS1,131A 403A ,,S,D,B ,F , , ,C,100,0,0,1,1639539,5291824
Kaikoura District,10/10/2014,Fri,1007,BF,CS14,129A ,,S,D,BN,F , ,N,C,100,0,0,0,1637597,5290073
Kaikoura District,27/10/2014,Mon,1210,BF,CS1CC,111A 131A ,,M,W,ON,L , ,N,C,100,0,0,1,1637494,5289977
Kaipara District,12/07/2014,Sat,2349,EC,4N1,195A 800 912 ,W,M,W,DN,L , , ,C,100,0,0,0,1685781,6018323
Kaipara District,03/08/2014,Sun,1930,EA,SS1C,129A 350A ,M,R,W,DO,F ,X,G,C,50,0,0,1,1678804,6022830
Kaipara District,13/08/2014,Wed,929,HA,VE1C,101B 301B 375B ,,R,D,BF,L ,X,S,C,50,0,0,2,1678652,6023173
Kaipara District,04/10/2014,Sat,,DB,CE1,131A ,,M,D,BN,FS, ,N,N,100,0,0,0,1668601,6025568
Kaipara District,12/07/2014,Sat,1740,DA,CS1,131A 138A 404A 801 ,C,M,W,TN,L , , ,N,100,0,0,0,1666650,6024719
Kaipara District,29/12/2014,Mon,800,BF,CN1C,129A 129B ,,M,D,B ,F , , ,N,100,0,0,0,1720392,5992967
Kaipara District,14/08/2014,Thu,745,BF,CN1C,111A 131A 402A ,V,M,W,O ,F , , ,C,100,0,0,0,1741273,6008184
Kaipara District,29/10/2014,Wed,1505,EA,LS1C,386A 201B ,M,R,D,O ,F , ,N,N,50,0,0,0,1678944,6023011
Kaipara District,08/02/2014,Sat,1145,DB,MN1,135A 805 ,,E,D,O ,F , , ,N,100,0,0,1,1722468,6005846
Kaipara District,28/09/2014,Sun,600,DA,CS1,111A 410A ,C,S,D,DN,F ,T,N,C,100,0,0,0,1721614,6003824
Kaipara District,18/09/2014,Thu,1330,MD,CN14,371B 921 ,,R,D,BF,F ,D,N,C,50,0,0,0,1677746,6022891
Kaipara District,31/12/2014,Wed,1500,MO,VS1C,371A 929 ,M,R,D,OF,F ,D,N,C,50,0,0,0,1677822,6022773
Kaipara District,30/10/2014,Thu,1230,MO,CN1C,386A 926 ,M,R,D,B ,F ,D,N,C,50,0,0,0,1678200,6022335
Kaipara District,10/11/2014,Mon,1510,MD,4S1C,308A 330A 371A 929 ,,R,D,B ,F ,D, ,C,50,0,0,0,1677489,6023156
Kaipara District,06/12/2014,Sat,1300,MD,CS1C,371B 927 ,,R,D,B ,F ,D,N,C,50,0,0,0,1678412,6022156
Kaipara District,21/03/2014,Fri,1845,DB,CN1,111A 131A ,V,E,D,TN,F , ,N,R,70,0,0,1,1741643,6004747
Kaipara District,03/10/2014,Fri,1620,DA,CW1,131A ,V,M,W,ON,L , ,N,N,100,0,0,0,1721585,6002232
Kaipara District,18/01/2014,Sat,1535,DB,40,101A 137A 930 ,CT,E,D,O ,F ,D,N,N,100,0,0,0,1656607,6037978
Kaipara District,29/04/2014,Tue,1230,BB,TN1T,120A 138A 120B 138B 831 ,,S,W,O ,F , ,N,N,100,0,0,0,1663206,6057219
Kaipara District,14/11/2014,Fri,1843,DB,40,103A 131A 359A ,V,S,D,B ,F , , ,C,100,0,0,0,1734750,5998997
Kaipara District,19/08/2014,Tue,2230,DA,CW1,101A 111A 131A 517A ,C,M,W,DN,H ,T,N,L,100,0,0,1,1738178,6000148
Kaipara District,22/10/2014,Wed,1545,DA,CW1,101A 131A 410A ,V,S,D,O ,F , , ,C,100,0,0,1,1735282,5999325
Kaipara District,23/10/2014,Thu,1235,MO,CW1C,371A ,M,R,W,OF,L , ,N,N,50,0,0,0,1678506,6022249
Kaipara District,19/06/2014,Thu,2027,DB,CS1,103A 111A 131A 801 ,P,M,W,DO,L , , ,C,50,0,0,1,1677796,6021349
Kaipara District,04/09/2014,Thu,1230,KB,TS1V,302B 375B 404B ,,R,W,BF,L ,T,G,C,50,0,0,0,1677922,6020683
Kaipara District,01/01/2014,Wed,,PO,CS1E,112A 129A 357A ,,R,D,B ,F ,T,G,C,50,0,0,2,1741810,6000950
Kaipara District,31/08/2014,Sun,100,DA,CW1,111A 131A ,KS,M,W,DO,F ,T,G,R,50,0,0,0,1741810,6000950
Kaipara District,06/02/2014,Thu,1145,AA,CW1S,110A 137A 534B ,V,R,W,O ,L , ,N,C,80,0,0,0,1742236,6002922
Kaipara District,19/12/2014,Fri,5,DA,CW1,103A 111A 131A ,FP,S,D,DN,F , ,N,C,100,0,0,1,1677762,6019638
Kaipara District,16/02/2014,Sun,,BB,CN1C,124A ,,M,D,B ,F ,T,N,N,100,0,0,0,1708197,5996146
Kaipara District,12/02/2014,Wed,1840,CB,4W1,130A 813 902 ,X,R,D,B ,F , , ,N,100,0,0,0,1674609,6014361
Kaipara District,27/05/2014,Tue,950,BB,CW1V,111A 310A ,,E,D,B ,F , ,G,N,100,0,1,0,1694247,6028968
Kaipara District,18/07/2014,Fri,615,CC,CE1,130A 341A ,,R,D,DN,F , ,N,C,80,0,0,0,1724204,5990827
Kaipara District,15/02/2014,Sat,1450,DB,CN1,131A 404A ,E,E,D,BN,F , ,N,C,100,0,0,0,1715060,6012124
Kaipara District,16/12/2014,Tue,1135,QD,CS1V,428A ,M,R,D,O ,F , , ,N,50,0,0,0,1678285,6022435
Kaipara District,06/12/2014,Sat,1810,AD,MN1,130A ,,R,D,B ,F , , ,C,100,0,1,0,1679367,6017533
Kaipara District,07/03/2014,Fri,1635,DA,4S1,101A 131A 423A 501A ,P,E,D,O ,F , , ,C,100,0,1,1,1679626,6017047
Kaipara District,11/10/2014,Sat,2120,DA,CS1,103A 131A 412A ,V,R,D,DN,F ,T,S,C,100,0,0,0,1681550,6013726
Kaipara District,22/02/2014,Sat,1545,BA,CN1CC,130A 501A ,,R,D,B ,F , , ,C,100,0,0,1,1678748,6018820
Kaipara District,03/09/2014,Wed,1615,CB,VS1,112A 130A ,BX,R,D,B ,F , , ,N,100,0,0,1,1699395,5982379
Kaipara District,30/08/2014,Sat,220,CB,CN1,410A ,V,R,D,DN,F , ,N,C,100,0,0,1,1680146,6015454
Kaipara District,29/12/2014,Mon,1830,CB,CN1,103A 112A 817 ,C,R,D,BN,F , ,N,N,100,0,0,0,1680053,6015707
Kaipara District,04/01/2014,Sat,2035,CB,TN1,129A 130A ,V,R,D,ON,F , , ,C,100,0,0,0,1687775,6000881
Kaipara District,24/10/2014,Fri,1600,BD,VS1C,129A 129B 818 ,,M,D,B ,F , , ,N,100,0,0,0,0,0
Kaipara District,29/07/2014,Tue,1800,DA,PW1,101A 131A ,,S,D,ON,F , ,N,N,100,0,1,0,1705080,6007263
Kaipara District,02/12/2014,Tue,2349,HA,CN1C,101A 301A ,,R,D,DO,F ,X,S,C,50,0,2,2,1678171,6022754
Kaipara District,09/08/2014,Sat,1000,LB,4N1C,303B 330B 930 ,,R,D,B ,F ,D,N,N,50,0,0,0,1678407,6022966
Kaipara District,13/10/2014,Mon,850,DA,CE1,111A 131A 330A ,F,S,D,O ,F , , ,N,100,0,0,0,1691392,6009794
Kaipara District,22/03/2014,Sat,1005,DB,CS1,131A 504A ,T,E,D,B ,F , , ,N,50,0,0,1,1677261,6006855
Kaipara District,03/05/2014,Sat,1744,BF,MW1V,131A ,,M,D,TF,F ,T,G,C,50,0,0,0,1667309,6021409
Kaipara District,23/01/2014,Thu,1932,JA,CW14,308B 375B 929 ,,M,D,TN,F ,D,N,C,100,0,0,2,1740092,6001222
Kaipara District,01/12/2014,Mon,1525,DB,4W1,138A 813 ,C,E,D,B ,F ,T,N,N,100,0,0,1,1697704,5998707
Kaipara District,02/12/2014,Tue,1140,DB,CE2V,111A 131A 402A ,M,R,D,B ,F ,T,N,C,50,0,0,0,1678976,6023308
Kaipara District,08/03/2014,Sat,1530,DA,4S1,130A 350A ,,M,D,B ,F , ,N,C,100,0,0,2,1709596,5989353
Kaipara District,05/03/2014,Wed,1715,DA,CW1,103A 131A ,C,M,D,ON,F , ,N,C,100,0,1,0,1709479,5989435
Kaipara District,11/01/2014,Sat,1920,BC,CE14,103A 121A ,,M,D,O ,F , ,N,C,100,0,0,0,1705339,5999713
Kaipara District,13/06/2014,Fri,900,MO,CE1C,386A ,M,R,D,B ,F ,T,N,N,50,0,0,0,1678271,6022678
Kaipara District,03/05/2014,Sat,1150,CA,CE1,130A 813 ,V,R,D,O ,F , , ,N,100,0,0,0,1688078,6009236
Kaipara District,15/09/2014,Mon,,CB,CE1,195A ,V,R,W,DN,L , ,N,N,100,0,0,0,1689065,6006016
Kaipara District,12/01/2014,Sun,1028,DA,VN1,131A 134A 404A ,,M,D,B ,F , ,N,C,100,0,0,2,1657553,6047692
Kaipara District,20/04/2014,Sun,30,CA,CN1,101A 130A 801 ,IX,R,W,DO,L ,X,G,R,50,0,0,0,1678429,6022148
Kaipara District,02/03/2014,Sun,1310,EE,CN1C,374B ,M,R,D,BF,F , ,N,C,50,0,0,0,1678460,6022205
Kaipara District,04/11/2014,Tue,1630,DA,4W1C,330A 350A 929 ,M,R,D,BF,F ,D,N,C,50,0,0,0,1679248,6022752
Kaipara District,22/08/2014,Fri,1530,GC,VN1C,372B 402B ,,R,D,B ,F ,T,N,C,50,0,0,0,1678603,6022354
Kaipara District,11/12/2014,Thu,1825,DA,CS1,103A 111A 131A ,,S,D,O ,F , , ,L,100,0,0,2,1676521,6032056
Kaipara District,29/05/2014,Thu,2240,MO,4S1,103A 386A ,FV,R,D,DN,F , , ,C,100,0,0,1,1676232,6033431
Kaipara District,15/12/2014,Mon,1800,DB,VS1,111A 131A ,C,S,W,TN,L , , ,N,100,0,0,0,1725052,6008907
Kaipara District,25/12/2014,Thu,910,DA,CN1,129A ,Z,M,D,ON,F , ,N,N,100,0,0,1,1724963,6007654
Kaipara District,09/05/2014,Fri,1630,DA,40,103A 111A 131A ,V,M,D,O ,F , , ,N,100,0,0,0,1717516,6006452
Kaipara District,27/05/2014,Tue,1830,DA,CW1,131A ,C,M,D,DN,F , , ,N,100,0,0,0,1716261,6006310
Kaipara District,21/10/2014,Tue,2015,EC,CE1,103A 912 ,W,R,D,DN,F ,T,G,C,100,0,0,0,1715518,5999270
Kaipara District,23/03/2014,Sun,500,EC,CN1,912,W,R,D,DN,F , ,N,C,100,0,0,0,1713035,5998291
Kaipara District,31/03/2014,Mon,1500,MO,CE1C,386A 926 ,M,R,D,B ,F ,D,N,N,50,0,0,0,1743005,6004441
Kaipara District,18/09/2014,Thu,1220,MO,CW1,112A 423A ,P,R,D,O ,F ,T,N,C,50,0,0,1,1742901,6004373
Kaipara District,04/12/2014,Thu,1450,BB,VN14,129A ,,M,D,BF,F , ,N,N,100,0,0,0,1686849,6019503
Kaipara District,31/12/2014,Wed,2110,MO,ME1,101A 130A 330A 402A 812 ,D,R,D,DN,F , , ,N,100,0,1,0,1703067,5973452
Kaipara District,26/01/2014,Sun,1330,CA,ME1,135A 812 ,,R,D,ON,F , ,N,N,100,0,1,0,1678406,6004981
Kaipara District,15/08/2014,Fri,1105,DB,CS1,111A 131A 386A 903 ,V,E,D,O ,FS, , ,C,100,0,0,1,1655713,6044497
Kaipara District,15/02/2014,Sat,2015,DA,CN1,111A 131A ,F,M,D,TN,F , , ,C,100,0,0,0,1658970,6042610
Kaipara District,03/04/2014,Thu,2130,EC,CN1,912,W,R,W,DN,F , ,N,C,100,0,0,0,1662075,6041794
Kaipara District,22/11/2014,Sat,545,DB,CN1,111A 131A 517A ,C,M,D,O ,F , , ,C,100,0,0,0,1665374,6039327
Kaipara District,06/11/2014,Thu,2100,CB,CN1,134A 358A ,T,R,D,DN,F , ,N,C,100,0,0,0,1665617,6038931
Kaipara District,01/03/2014,Sat,1554,JA,CN1C,301B ,,E,D,BN,F ,X,S,C,100,0,0,4,1665826,6036889
Kaipara District,24/08/2014,Sun,750,CB,CS1,129A 692A ,FT,R,D,DN,M , ,N,C,100,0,0,0,1670409,6029949
Kaipara District,20/05/2014,Tue,1732,DB,CN1,111A 131A ,V,M,D,BN,F , ,N,C,100,0,1,0,1670804,6029626
Kaipara District,26/09/2014,Fri,540,DB,TS1,129A 139A ,,M,D,DN,F , ,N,C,100,0,0,0,1674082,6024483
Kaipara District,22/07/2014,Tue,1550,DA,CW1,131A ,F,M,W,O ,F , , ,C,70,0,0,0,1676690,6020968
Kaipara District,11/05/2014,Sun,1020,GA,4W1C,132A 331A 929 ,,E,D,O ,F ,D,N,C,70,0,0,2,1676888,6020952
Kaipara District,17/11/2014,Mon,1445,LB,CN24,330A 303B ,,R,D,O ,F ,T,S,C,50,0,0,0,1677985,6021142
Kaipara District,28/01/2014,Tue,1110,GD,CS14,331A 927 ,,R,D,B ,F ,D,N,C,50,0,0,0,1678159,6021643
Kaipara District,21/07/2014,Mon,1950,DA,CS1,111A 131A ,G,R,W,DO,F ,T,S,C,50,0,0,0,1678144,6021788
Kaipara District,15/09/2014,Mon,905,FB,4000000000000000000000000,387A ,,E,D,BF,F ,T,S,C,50,0,0,0,1678144,6021788
Kaipara District,24/11/2014,Mon,340,DA,CN1,103A 111A 133A 402A 922 ,H,E,D,DO,F ,D, ,C,50,0,0,0,1678131,6021965
Kaipara District,17/12/2014,Wed,1600,DA,CW24C,129A 386A ,M,E,D,BF,F ,X,S,R,50,0,0,0,1678343,6022213
Kaipara District,15/03/2014,Sat,905,AC,CN1CC,372A 381A ,M,R,W,O ,F ,X,G,C,50,0,0,0,1678343,6022213
Kaipara District,03/10/2014,Fri,1705,LB,CE1C,303B 353B 375B 402B ,,R,W,O ,F ,X,S,R,50,0,0,0,1678343,6022213
Kaipara District,18/07/2014,Fri,1251,GE,MN1C,160A 333A 927 ,,R,D,O ,F ,D, ,C,50,0,1,0,1678435,6022321
Kaipara District,25/03/2014,Tue,1717,JA,CS1C,301B 375B ,,R,D,B ,F ,T,S,C,50,0,0,0,1678462,6022353
Kaipara District,19/06/2014,Thu,1645,GD,CE1C,333A 929 ,,R,D,TO,F ,D, ,C,50,0,0,1,1678920,6022738
Kaipara District,05/11/2014,Wed,1630,CB,CS1,130A 414A ,,R,D,O ,F , ,N,C,100,0,0,0,1681613,6018833
Kaipara District,27/04/2014,Sun,549,CC,CN1,410A ,C,R,D,DN,F , ,N,C,100,0,0,0,1683414,6015183
Kaipara District,13/08/2014,Wed,305,EC,CS1,801 912 ,W,R,W,DN,L , , ,C,100,0,0,0,1686319,6010692
Kaipara District,14/10/2014,Tue,2140,DA,CS1,103A 131A ,CV,M,D,DN,F , , ,C,100,0,0,1,1687085,6009006
Kaipara District,04/01/2014,Sat,1644,DA,CS1,131A ,T,M,D,B ,FS,T,G,C,100,0,0,1,1688468,6006804
Kaipara District,28/10/2014,Tue,1745,CB,CS1,129A 350A ,V,R,D,ON,F , ,N,C,100,0,0,1,1688465,6005797
Kaipara District,25/08/2014,Mon,1600,MO,CN1C,371A ,M,R,D,O ,F , ,N,C,50,0,0,0,1691647,6001151
Kaipara District,01/04/2014,Tue,1600,CB,CW1,102A 410A ,Z,R,D,B ,F , ,N,C,100,0,0,0,1693801,6001541
Kaipara District,29/03/2014,Sat,100,MO,VE1,101A 371A 385A ,V,R,D,DN,F ,X,G,C,100,0,0,0,1694533,6001863
Kaipara District,08/10/2014,Wed,1025,CB,CW1,101A 130A ,S,R,D,ON,F , , ,C,100,0,0,0,1695281,6002193
Kaipara District,27/08/2014,Wed,800,JA,CE14,308B 351B 382B 929 ,,R,D,O ,F ,D,N,C,100,0,0,2,1696347,6002304
Kaipara District,04/07/2014,Fri,1840,EC,4W1,801 912 ,W,R,W,DN,L , , ,C,100,0,0,0,1704912,6001434
Kaipara District,22/03/2014,Sat,1800,MG,CN1T,371B ,,R,D,BN,F , ,G,C,100,0,0,0,1706757,6001502
Kaipara District,21/07/2014,Mon,1345,BB,TS14,111A 123A 330A ,,E,W,O ,F , , ,L,100,0,0,2,1707084,6001750
Kaipara District,20/02/2014,Thu,815,BF,4N1C,111A 131A 632A 801 ,ES,M,W,O ,L , , ,C,70,0,0,2,1712096,6003947
Kaipara District,17/11/2014,Mon,1830,CA,PW1,135A 903 ,,R,D,TN,FS, ,N,C,100,0,1,0,1713753,6003246
Kaipara District,12/10/2014,Sun,100,CC,VE1,103A 130A ,GT,R,D,DN,F , , ,C,100,0,1,0,1715151,6002983
Kaipara District,14/04/2014,Mon,1725,DA,CW1,131A 801 ,C,M,W,DF,L , , ,C,100,0,0,0,1719837,6001662
Kaipara District,18/01/2014,Sat,1450,LB,CN1C,301A 375A ,,E,D,B ,F ,T,S,C,50,0,0,0,1721895,6003016
Kaipara District,03/10/2014,Fri,1730,BC,CE1C,122A ,,S,W,TF,L ,T,S,C,50,0,0,0,1721895,6003016
Kaipara District,19/02/2014,Wed,1510,LB,CE1C,361B ,,M,W,OF,L ,Y,N,C,50,0,0,0,1721895,6003016
Kaipara District,06/12/2014,Sat,1720,DA,CW1,131A 352A ,BG,E,D,B ,F , , ,C,100,0,0,0,1724254,6003842
Kaipara District,09/03/2014,Sun,1715,CC,CW1,130A 358A 407A ,FT,R,D,B ,F , , ,C,100,0,1,1,1724540,6003921
Kaipara District,14/03/2014,Fri,520,CB,CE1,130A 410A ,F,R,D,DN,F , ,N,C,100,0,0,0,1725531,6004398
Kaipara District,05/01/2014,Sun,1630,FD,CS1C,110A 181A ,,S,W,O ,F , ,N,C,100,0,0,0,1725931,6004443
Kaipara District,02/01/2014,Thu,1405,BF,CW14,103A 131A 358A ,S,M,D,BN,F , ,N,C,100,0,0,2,1728662,6004328
Kaipara District,05/11/2014,Wed,1105,DB,CE1,129A 134A ,C,M,W,O ,F , ,N,C,100,0,0,0,1697458,6036015
Kaipara District,27/09/2014,Sat,1740,CC,CW1,130A 412A 630A ,V,R,D,O ,F , , ,C,100,0,0,1,1692880,6035535
Kaipara District,19/12/2014,Fri,1558,DB,CW1,131A 350A ,PV,S,D,ON,F , ,N,C,100,0,0,1,1692442,6035316
Kaipara District,28/11/2014,Fri,1120,FA,TW1C,181A ,V,R,D,B ,F , , ,C,100,0,0,0,1689965,6032186
Kaipara District,26/03/2014,Wed,704,DA,4W1,111A 131A 402A 801 ,FS,M,W,O ,F , , ,C,100,0,1,0,1687608,6030884
Kaipara District,16/06/2014,Mon,1640,DA,TE1,111A 131A 191A ,C,M,W,TN,F , , ,C,100,0,0,0,1685464,6030468
Kaipara District,22/08/2014,Fri,1627,DA,4N1,132A 812 ,V,R,D,BN,F ,X,G,C,100,0,0,0,1684224,6030255
Kaipara District,14/12/2014,Sun,1425,DC,4W1,410A ,ES,E,D,O ,F , , ,C,100,0,0,2,1682658,6030076
Kaipara District,09/05/2014,Fri,1804,CC,CS1,191A 195A 407A ,V,R,W,DF,  , , ,C,100,0,0,1,1680437,6026261
Kaipara District,09/01/2014,Thu,1240,BE,CN1C,130A 350A 645A 901 ,,R,W,O ,H , , ,L,100,0,0,1,1728672,6004426
Kaipara District,11/10/2014,Sat,130,DA,VN1,130A 197A ,S,M,W,DN,L , , ,C,100,0,0,0,1729210,6001536
Kaipara District,05/10/2014,Sun,2305,DA,CN1,103A 131A 412A ,V,M,D,DN,F , , ,C,100,0,0,1,1728957,6001309
Kaipara District,10/06/2014,Tue,915,DB,CS1,111A 131A 901 ,S,E,W,O ,H , , ,L,100,0,0,0,1728829,6001185
Kaipara District,17/04/2014,Thu,750,BE,4N1CV,130A 901 903 ,,R,W,O ,HS, , ,L,100,0,0,4,1728638,6000237
Kaipara District,26/01/2014,Sun,1920,DB,CS1,111A 131A 801 ,C,E,W,O ,L , , ,L,100,0,1,0,1729446,5998136
Kaipara District,18/04/2014,Fri,1350,GC,CN1V,174B 372B 929 ,T,R,D,B ,F ,D, ,C,100,0,0,0,1729602,5997746
Kaipara District,16/11/2014,Sun,1640,AD,CS1C,103A 112A 150A ,,R,D,O ,F , ,N,P,50,0,0,0,1729833,5997115
Kaipara District,05/07/2014,Sat,145,CB,CN1,112A 410A ,EFI,R,D,DO,F , ,N,R,70,1,0,0,1730082,5996352
Kaipara District,09/07/2014,Wed,819,QG,TN1,130A 801 903 ,E,R,W,TN,LS, , ,C,100,0,0,1,1730343,5995290
Kaipara District,06/10/2014,Mon,1120,CB,TS1,130A 903 ,,R,D,O ,LS, , ,C,100,0,0,0,1730347,5995251
Kaipara District,09/07/2014,Wed,713,CB,TN1,131A ,E,R,W,TN,LS, ,N,C,90,0,0,0,1730350,5995230
Kaipara District,16/08/2014,Sat,1006,CB,CN1,130A 412A ,,R,D,O ,F , , ,C,100,0,0,0,1731473,5993139
Kaipara District,06/10/2014,Mon,708,JA,CW1V,301B 902 ,,R,D,B ,F ,T,S,C,100,0,0,0,1731963,5991471
Kaipara District,24/03/2014,Mon,1600,DB,CS1,131A 631A ,C,M,D,B ,F , , ,C,100,0,0,0,1732426,5991552
Kaipara District,30/08/2014,Sat,1015,DB,CS1,130A 901 903 ,VX,E,W,O ,HS, , ,L,100,0,0,0,1733292,5990609
Kaipara District,04/12/2014,Thu,2147,CC,CS1,112A 130A 804 817 ,FT,R,D,DN,F , , ,N,100,0,0,0,1733656,5990361
Kapiti Coast District,20/07/2014,Sun,1130,DA,CS1C,111A 131A ,M,S,W,OF,L , ,N,C,50,0,0,0,1769393,5469196
Kapiti Coast District,16/04/2014,Wed,1056,CB,CS1,130A 420A 524A ,F,R,D,B ,F , , ,C,50,0,0,0,1768972,5469582
Kapiti Coast District,21/08/2014,Thu,1215,KB,CW1C,308B 929 ,,R,D,BF,F ,D,N,N,50,0,0,0,1768167,5469875
Kapiti Coast District,05/02/2014,Wed,840,CC,40,129A 410A ,,R,D,B ,F , ,N,N,50,0,0,0,1773992,5474098
Kapiti Coast District,06/08/2014,Wed,2000,EA,CE1O,386A ,M,R,W,DO,L , ,N,N,50,0,0,0,1781131,5485505
Kapiti Coast District,23/08/2014,Sat,35,DA,CN1,111A 131A ,T,M,W,DO,F , ,N,C,50,0,1,0,1773507,5473785
Kapiti Coast District,18/04/2014,Fri,1200,MO,VE1C,371A ,M,R, , F,  , ,N,N,50,0,0,0,1779019,5469303
Kapiti Coast District,13/06/2014,Fri,1600,MO,TS1C,371A 929 ,M,R, , F,  ,D,N,C,50,0,0,0,1781845,5485444
Kapiti Coast District,10/10/2014,Fri,1137,MC,CW1C,330B 372B ,,R,D,B ,F ,T,N,C,50,0,0,0,1781882,5485478
Kapiti Coast District,06/07/2014,Sun,2125,EA,CN1V,103A 129A 862 ,M,E,D,DO,F , , ,N,50,0,0,0,1767711,5471026
Kapiti Coast District,01/10/2014,Wed,1710,JA,CE1C,302B 375B ,,R,D,BF,F ,T,G,C,50,0,0,0,1774213,5472695
Kapiti Coast District,04/11/2014,Tue,1817,MF,CS1C,375B ,,R,D,B ,F , , ,C,50,0,0,0,1768878,5468303
Kapiti Coast District,22/09/2014,Mon,1610,CC,CS1,129A ,I,R,D,BF,F ,X,G,R,50,0,0,0,1783084,5485522
Kapiti Coast District,13/06/2014,Fri,1515,FD,CS1C,181A 191B ,,E,D,B ,F , , ,C,50,0,0,0,1767486,5471873
Kapiti Coast District,26/04/2014,Sat,1545,GC,MW1C,160A 929 ,,R,D,B ,F ,D,N,N,50,0,1,1,1767975,5471320
Kapiti Coast District,10/12/2014,Wed,2040,MO,4W1C,371A 929 ,,R,D,DO,F ,D,N,C,50,0,0,0,1768164,5471484
Kapiti Coast District,05/11/2014,Wed,1806,AC,CE1C,150A 381A ,,R,D,B ,F , ,N,C,50,0,0,0,1768021,5471360
Kapiti Coast District,19/04/2014,Sat,5,DB,CE2,111A 131A ,K,S,D,DO,F ,T,N,C,50,0,0,0,1768680,5470078