TLANAME,CRASHDATE,CRASHDOW,CRASHTIME,MVMT,VEHICLES,CAUSES,OBJECTSSTRUCK,ROADCURVE,ROADWET,LIGHT,WTHRa,JUNCTYPE,TRAFCTRL,ROADMARK,SPDLIM,CRASHFATALCNT,CRASHSEVCNT,CRASHMINCNT,EASTING,NORTHING
Kapiti Coast District,28/04/2014,Mon,1650,JA,CN1C,124B 302B 801 ,,S,W,O ,L ,T,G,P,50,0,0,0,1769151,5468604
Kapiti Coast District,18/12/2014,Thu,1152,BB,TN14,124A ,,R,D,B ,F ,T,G,C,50,0,0,0,1769242,5468736
Kapiti Coast District,27/10/2014,Mon,2230,DC,CW1,103A ,S,R,D,DO,F ,T,G,C,50,0,0,0,1766861,5471284
Kapiti Coast District,20/07/2014,Sun,1350,DA,VS1,131A 501A ,Z,E,D,BF,F , ,N,N,50,0,0,0,1770962,5474397
Kapiti Coast District,23/11/2014,Sun,2130,BB,CN1C,110A 123A 817 ,,M,D,DO,F , ,N,C,80,0,0,0,1768446,5469448
Kapiti Coast District,28/10/2014,Tue,2020,LB,CS1C,303B 375B ,,R,W,DO,H ,T,S,C,50,0,0,0,1768562,5469285
Kapiti Coast District,12/04/2014,Sat,1122,FD,CS1VCC,331A 363A ,,R,D,BF,F , ,N,P,50,0,0,0,1768160,5469851
Kapiti Coast District,10/07/2014,Thu,1300,MO,BE1C,386A 926 ,,R,D,B ,F ,D,N,C,50,0,0,0,1769102,5468638
Kapiti Coast District,07/11/2014,Fri,925,FD,CW1C,181A 330A ,,R,D,B ,F , ,N,C,50,0,0,1,1769093,5468644
Kapiti Coast District,07/05/2014,Wed,1550,JA,CN2V,302A 357A ,,R,D,O ,F ,T,G,C,50,0,0,0,1769151,5468604
Kapiti Coast District,25/02/2014,Tue,1640,JA,MN1C,302B 375B ,,E,D,BF,F ,T,G,C,50,0,1,0,1767032,5471253
Kapiti Coast District,28/10/2014,Tue,1740,LB,CN14,303B 375B ,,R,D,O ,F ,X,T,C,50,0,0,0,1768920,5468765
Kapiti Coast District,14/03/2014,Fri,1010,JC,CW1C,302A ,,R,D,B ,F ,T,G,C,70,0,0,0,1767794,5470281
Kapiti Coast District,31/10/2014,Fri,1235,FE,CN1C,181A ,,R,D,OF,FS,T,G,R,50,0,0,0,1768289,5469669
Kapiti Coast District,08/04/2014,Tue,1020,JC,CE2M,302A ,,E,W,O ,L ,T,G,R,50,0,0,0,1768289,5469669
Kapiti Coast District,21/06/2014,Sat,1830,GE,CS1P,160A ,,R,D,DO,FS,T,G,R,50,0,0,1,1768289,5469669
Kapiti Coast District,22/12/2014,Mon,1559,FD,VN1VC,331A 350A ,,R,D,B ,F ,T,G,C,50,0,0,0,1768771,5468993
Kapiti Coast District,24/03/2014,Mon,1510,FD,CW1CC,331A ,,R,D,BF,F , ,N,C,50,0,0,2,1768805,5468942
Kapiti Coast District,01/04/2014,Tue,1759,FE,CN1CC,331A 410A ,,R,D,BF,F , ,T,R,50,0,0,0,1768242,5469735
Kapiti Coast District,23/08/2014,Sat,1153,FD,4N1CC,181A 331A ,,R,W,OF,L , , ,P,50,0,0,0,1768684,5469115
Kapiti Coast District,15/07/2014,Tue,700,EA,CS14,129A ,M,R,D,B ,F , , ,N,50,0,0,0,1778450,5487708
Kapiti Coast District,20/09/2014,Sat,2000,DB,CE1,111A 131A ,F,M,W,DN,L , ,N,N,50,0,0,0,1771596,5471733
Kapiti Coast District,21/07/2014,Mon,1400,LB,CS1C,303B 352B 929 ,,E,D,BF,F ,D,N,N,50,0,0,0,1767574,5466570
Kapiti Coast District,31/05/2014,Sat,1015,MA,CE1C,373B ,,R,D,B ,F , , ,N,50,0,0,0,1780805,5486711
Kapiti Coast District,30/04/2014,Wed,1015,MO,CE1,371A 671A ,X,R,D,B ,F , , ,C,30,0,0,0,1766768,5471132
Kapiti Coast District,17/04/2014,Thu,1140,EE,CW1C,374B ,M,R,D,B ,F , , ,C,50,0,0,0,1780678,5486466
Kapiti Coast District,07/11/2014,Fri,1025,FC,CE1C,331A 352A ,,R,D,BF,F ,X,G,X,50,0,0,0,1780519,5486541
Kapiti Coast District,07/12/2014,Sun,1315,HA,SW1C,302B 370B 818 ,,R,D,B ,F ,X,G,C,50,0,0,1,1780528,5486537
Kapiti Coast District,30/07/2014,Wed,32,DB,CS1,111A ,,M,W,DO,F ,R,G,R,50,0,0,0,1766929,5471472
Kapiti Coast District,30/04/2014,Wed,2235,CC,CE1,103A 112A 191A ,KT,R,D,DO,F ,T,N,C,50,0,0,0,1767814,5472790
Kapiti Coast District,26/04/2014,Sat,1641,MO,CE2,133A 423A ,H,R,D,BF,F ,T,G,C,50,0,0,0,1766854,5468365
Kapiti Coast District,12/04/2014,Sat,1400,JA,CS1C,302B 375B ,,E,D,B ,F ,T,G,X,50,0,0,0,1766831,5468375
Kapiti Coast District,07/11/2014,Fri,1715,CB,VN1V,103A 129A 359A ,M,R,D,BF,F ,T,N,C,50,0,0,1,1766763,5469503
Kapiti Coast District,05/03/2014,Wed,1343,HA,CN1C,302B 335B 375B ,,R,W,OF,H ,X,G,C,50,0,0,0,1768435,5472204
Kapiti Coast District,19/06/2014,Thu,1825,JA,CS1C,301B 378B 832 ,,R,D,DO,F ,T,S,L,50,0,0,1,1769154,5471057
Kapiti Coast District,19/10/2014,Sun,1652,KA,MN1C,302B 375B ,,R,D,BF,F ,T,G,C,50,0,0,0,1769340,5470823
Kapiti Coast District,01/09/2014,Mon,1400,MC,CN1V,330B 372B 402B ,,R,D,B ,F , , ,C,50,0,0,0,1769630,5470481
Kapiti Coast District,31/07/2014,Thu,420,DB,CN2,101A 131A 403A ,P,E,D,DO,F ,T,G,C,50,0,0,0,1766803,5467345
Kapiti Coast District,28/09/2014,Sun,1400,HA,4N2C,302A ,,R,W,O ,H ,X,G,C,50,0,0,0,1767034,5467363
Kapiti Coast District,11/03/2014,Tue,1152,EA,CE1T,129A 358A ,M,R,D,BF,F , ,N,C,50,0,0,1,1767134,5467372
Kapiti Coast District,10/10/2014,Fri,1315,BB,4W1C,124A ,,R,D,O ,F ,X,G,C,50,0,0,0,1768435,5472204
Kapiti Coast District,01/06/2014,Sun,244,CC,CS1,103A 132A ,FP,R,D,DO,F , ,N,C,50,0,0,1,1782017,5485699
Kapiti Coast District,31/03/2014,Mon,1515,FC,CE1C,331A 359A ,,R,D,B ,F , , ,X,50,0,0,0,1781765,5485863
Kapiti Coast District,09/11/2014,Sun,2205,DB,CS1,103A 111A 131A ,F,M,D,DO,F , , ,C,50,0,0,0,1767351,5471933
Kapiti Coast District,15/08/2014,Fri,1726,CA,CW1,102A 112A 357A ,FT,R,D,B ,F , , ,C,50,0,1,0,1773788,5473034
Kapiti Coast District,03/09/2014,Wed,1100,LB,CS1C,144B 303B ,,R,D,B ,F ,T,G,C,50,0,0,0,1773979,5472994
Kapiti Coast District,09/07/2014,Wed,704,DB,CW1,110A 131A 191A 800 ,T,M,W,O ,FF, , ,N,100,0,0,0,1776495,5470268
Kapiti Coast District,31/05/2014,Sat,1425,DA,CN1,131A ,ET,M,D,B ,F , , ,C,80,0,1,0,1770364,5468632
Kapiti Coast District,21/03/2014,Fri,1853,HA,CS2C,321A ,,R,D,B ,F ,X,S,C,50,0,0,0,1766773,5470881
Kapiti Coast District,31/01/2014,Fri,1529,HA,CS2C,301A ,,R,D,B ,F ,X,S,C,50,0,0,1,1766773,5470881
Kapiti Coast District,28/02/2014,Fri,2050,DA,CN1,101A 131A 632A ,TX,E,D,DO,F ,Y,N,C,50,0,0,0,1770785,5474186
Kapiti Coast District,19/12/2014,Fri,1600,MO,CS1,110A 133A ,,E,D,B ,F , ,N,N,50,0,0,0,1769722,5472371
Kapiti Coast District,29/08/2014,Fri,620,JA,TE1C,302B 375B ,,E,D,DO,F ,T,G,P,60,0,0,1,1770058,5471834
Kapiti Coast District,11/01/2014,Sat,615,BC,VW1V,111A 121A ,,E,D,ON,F , ,N,N,80,0,0,0,1786740,5476989
Kapiti Coast District,22/01/2014,Wed,2130,DA,CN1,111A 131A 801 ,T,E,W,TN,L , , ,C,100,0,1,0,1782721,5481405
Kapiti Coast District,23/05/2014,Fri,1250,AC,CS1C,159A 381A 904 ,,S,D,O ,M , , ,C,60,0,0,0,1763628,5459597
Kapiti Coast District,27/07/2014,Sun,,DA,CN1,111A 131A 517A ,C,S,D,DN,F , , ,C,80,0,0,0,1763773,5459949
Kapiti Coast District,03/04/2014,Thu,1816,BC,TS1C,129A 818 ,,S,D,B ,F , , ,C,100,0,0,0,1763628,5459597
Kapiti Coast District,21/04/2014,Mon,1008,MO,CS1CCC,130A 420A 507A ,MPX,M,D,B ,F , , ,N,30,0,0,0,1774412,5473671
Kapiti Coast District,11/06/2014,Wed,2246,DA,CW1,103A 111A 131A ,H,E,D,DO,F , , ,C,50,0,0,0,1771896,5473462
Kapiti Coast District,16/02/2014,Sun,330,EA,CN1C,129A ,M,R,D,DO,F , ,N,C,50,0,0,0,1769445,5470035
Kapiti Coast District,14/07/2014,Mon,935,CB,CE1,130A 504A ,P,R,W,O ,F , ,N,C,50,0,0,0,1779629,5486345
Kapiti Coast District,06/12/2014,Sat,2330,DB,CS1C,111A 131A 801 ,FM,M,W,DO,L ,T,G,C,50,0,0,1,1778403,5486459
Kapiti Coast District,17/06/2014,Tue,1636,FB,CW1C,181A 387A ,,R,D,TF,F ,T,S,L,50,0,0,0,1769154,5471057
Kapiti Coast District,27/06/2014,Fri,1200,GD,CE1C,181A 350A 929 ,,R,W,O ,F ,D,N,N,50,0,0,0,1780784,5486521
Kapiti Coast District,05/08/2014,Tue,835,MF,SS2C,371B ,,R,D,O ,F ,T,G,C,50,0,0,0,1766854,5468365
Kapiti Coast District,25/01/2014,Sat,920,HA,CS2C,302A 375A ,,R,D,ON,F ,R,G,R,50,0,0,0,1767948,5467709
Kapiti Coast District,21/09/2014,Sun,225,DB,CS1,195A 402A ,FT,E,D,DO,F , ,N,N,50,0,0,0,1767840,5470525
Kapiti Coast District,20/04/2014,Sun,1210,DB,CS1,131A ,T,E,D,B ,F , , ,C,100,0,0,1,1774678,5471617
Kapiti Coast District,01/08/2014,Fri,1050,EO,CS1V,330B 801 818 ,M,R,W,O ,L , , ,C,50,0,0,0,1766592,5467116
Kapiti Coast District,27/11/2014,Thu,1305,JA,4S1C,303B 927 ,,R,D,O ,F ,D,N,C,80,0,0,0,1768576,5468500
Kapiti Coast District,06/09/2014,Sat,1345,JA,CS14,308B 375B 925 ,,R,D,O ,F ,D,N,C,50,0,0,0,1768619,5468543
Kapiti Coast District,27/06/2014,Fri,1556,FD,CN1CCC,303A 331A 350A ,M,R,D,BF,F ,T,G,C,50,0,0,0,1768739,5468664
Kapiti Coast District,26/08/2014,Tue,1135,JA,CN1C,302B 375B ,,R,D,O ,F ,T,G,L,50,0,0,0,1768746,5468671
Kapiti Coast District,28/11/2014,Fri,1850,DA,CS1,111A 130A 402A ,H,E,W,O ,L ,R,G,R,50,0,0,0,1768385,5468307
Kapiti Coast District,07/03/2014,Fri,1435,HA,CS1CCC,302A ,MP,R,D,B ,F ,R,G,R,50,0,0,0,1768406,5468328
Kapiti Coast District,10/11/2014,Mon,1520,MO,CN1C,386A ,,R,D,B ,F ,T,T,C,50,0,0,0,1768868,5468792
Kapiti Coast District,15/07/2014,Tue,1520,FE,VE1CV,420A ,,R,D,BF,F , ,T,C,50,0,0,0,1768859,5468786
Kapiti Coast District,04/07/2014,Fri,1440,MG,CS14,371B ,,R,D,BF,F , ,N,N,50,0,0,0,1773749,5473397
Kapiti Coast District,15/12/2014,Mon,1655,JC,CE1O,302A 387A ,,M,D,BN,F ,T,G,C,50,0,0,0,1780208,5485655
Kapiti Coast District,10/04/2014,Thu,2005,BF,MS2C,111A 131A 602A ,,M,D,DO,F ,T,G,C,50,0,0,0,1780208,5485655
Kapiti Coast District,11/02/2014,Tue,840,MB,VN1C,303B 375B ,,R,D,OF,F , ,N,C,70,0,0,0,1780594,5485292
Kapiti Coast District,22/11/2014,Sat,330,DB,CE1,101A 131A ,P,E,W,DO,L , ,N,C,70,0,0,1,1780929,5484771
Kapiti Coast District,30/12/2014,Tue,2018,CC,CN1,103A 514A ,,R,D,B ,F ,T,N,C,50,0,0,0,1769023,5467621
Kapiti Coast District,05/02/2014,Wed,1140,GB,VS1C,158A 929 ,,R,D,B ,F ,D,N,C,50,0,0,0,1766575,5467676
Kapiti Coast District,22/04/2014,Tue,1230,KA,CS1T,308B 929 ,,R,D,O ,F ,D,N,C,50,0,0,0,1766415,5466746
Kapiti Coast District,14/02/2014,Fri,1626,MD,SN1C,204A 925 ,,R,D,BF,F ,D,N,C,50,0,0,1,1766903,5471195
Kapiti Coast District,27/02/2014,Thu,1050,MG,CN1C,371B ,,R,D,BF,F ,T,G,C,50,0,0,0,1768417,5469854
Kapiti Coast District,17/09/2014,Wed,1040,NG,CN1EC,386A 507A ,M,R,D,B ,F , , ,N,50,0,0,1,1776238,5482500
Kapiti Coast District,03/01/2014,Fri,1720,BF,CW1C,131A 402A 801 ,,M,W,B ,L ,T,G,C,80,0,0,1,1776744,5482062
Kapiti Coast District,13/10/2014,Mon,835,CB,BE1,501A ,P,R,D,B ,F , , ,C,80,0,0,0,1778460,5481536
Kapiti Coast District,05/06/2014,Thu,1641,EA,CS1V,331A 358A ,M,M,D,BF,F , ,N,C,50,0,0,0,1768148,5472688
Kapiti Coast District,29/10/2014,Wed,1030,GE,CE1C,160A 333A 929 ,,R,D,BF,F ,D,N,C,50,0,0,0,1782773,5485902
Kapiti Coast District,06/02/2014,Thu,,CC,CN1C,133A 433A ,M,R,D,DO,F , , ,C,50,0,0,0,1765145,5461761
Kapiti Coast District,25/04/2014,Fri,1820,DB,CE1,111A 131A ,FH,M,D,DO,F , ,N,C,50,0,0,0,1772358,5472746
Kapiti Coast District,15/04/2014,Tue,2110,PO,4W1E,371A 830 ,,R,D,TO,F , ,N,N,50,0,0,1,1773927,5472655
Kapiti Coast District,25/08/2014,Mon,1228,GF,TW1C,671A 387B 817 ,G,R,D,B ,F ,T,G,C,50,0,0,0,1768253,5469718
Kapiti Coast District,22/08/2014,Fri,1005,MG,CN1C,371B ,,R,W,O ,F ,T,G,C,50,0,0,0,1768414,5469858
Kapiti Coast District,23/02/2014,Sun,1622,MD,VE1C,373B 929 ,,R,D,B ,F ,D,N,N,50,0,0,0,1782363,5485091
Kapiti Coast District,27/08/2014,Wed,1500,EA,CS1C,129A 386A ,M,R,D,O ,F ,T,N,C,50,0,0,0,1769268,5469339
Kapiti Coast District,04/02/2014,Tue,1400,GA,CS1C,350A 386A 423B 929 ,,R,D,ON,F ,D, ,C,50,0,0,0,1780576,5486168
Kapiti Coast District,24/08/2014,Sun,1730,KA,SN1C,204A 312A 370A 375B ,,S,D,O ,F ,T,N,C,50,0,0,1,1781273,5485554
Kapiti Coast District,16/07/2014,Wed,1350,GA,CS1C,181A 801 929 ,,R,W,O ,L ,D,N,N,50,0,0,0,1770283,5474123
Kapiti Coast District,15/09/2014,Mon,1617,DA,VE1,111A 134A ,,S,W,O ,L , ,N,N,80,0,0,0,1784524,5485413
Kapiti Coast District,28/12/2014,Sun,,CC,CS1C,125A 386A ,M,R,D,DO,F , ,N,C,50,0,0,0,1767863,5472702
Kapiti Coast District,08/09/2014,Mon,750,HA,4W2C,302B 375B 645B ,,R,D,BF,F ,X,G,C,50,0,0,0,1766761,5469513
Kapiti Coast District,09/07/2014,Wed,600,EA,CN1C,386A ,M,R,D,DO,F , ,N,C,50,0,0,0,1774640,5473070
Kapiti Coast District,08/03/2014,Sat,,CO,MN1,130A 350A ,,R,W,TN,F , , ,N,100,0,1,0,1780005,5490696
Kapiti Coast District,06/01/2014,Mon,1525,MO,CW1EE,371A 930 ,,R,D,B ,F ,D,N,N,10,0,1,1,1773034,5472502
Kapiti Coast District,04/03/2014,Tue,2105,GD,TN1C,387A 929 ,,E,W,DO,H ,D,N,L,100,0,0,0,1784547,5488103
Kapiti Coast District,15/08/2014,Fri,2000,CB,CS1,112A 130A ,FV,R,W,DN,L , , ,L,100,0,0,0,1784179,5487845
Kapiti Coast District,10/11/2014,Mon,1326,BE,CW1C,104A 112A 132A 926 ,,R,D,O ,F ,D,N,L,100,1,2,0,1783641,5487638
Kapiti Coast District,02/01/2014,Thu,1523,FD,CW1CC,331A 832 ,,R,D,ON,F , ,N,L,100,0,0,0,1783218,5487427
Kapiti Coast District,07/09/2014,Sun,810,DB,CS1,131A 407A ,F,E,D,B ,F , , ,L,100,0,0,0,1783154,5487350
Kapiti Coast District,07/06/2014,Sat,1739,DA,CN1,134A 330A ,F,E,W,DN,F , ,N,C,100,0,0,0,1782893,5486866
Kapiti Coast District,22/06/2014,Sun,2110,FA,CS1C,181A 331A 191B ,,R,D,DN,F , ,N,C,100,0,0,0,1782881,5486817
Kapiti Coast District,21/04/2014,Mon,1200,FD,CS1VCV,181A ,,R,D,BF,F , ,N,L,100,0,0,0,1782791,5486197
Kapiti Coast District,15/08/2014,Fri,1920,MO,TN1,686A 815 ,P,R,D,DO,F , ,N,L,50,0,0,0,1782666,5486053
Kapiti Coast District,17/03/2014,Mon,1609,CB,CN1,504A ,FP,R,D,BF,F , ,N,C,50,0,0,1,1782584,5485957
Kapiti Coast District,17/10/2014,Fri,1535,FD,VS1VC,181A 330A ,,R,W,B ,F , ,N,C,50,0,0,0,1782584,5485957
Kapiti Coast District,09/02/2014,Sun,1744,CC,CS1,410A 423A ,,R,D,B ,F , ,N,C,50,0,0,0,1782564,5485935
Kapiti Coast District,22/07/2014,Tue,623,GF,VN1T,381A 671B ,,M,D,DO,FF,R,G,R,50,0,0,0,1782124,5485602
Kapiti Coast District,26/11/2014,Wed,1010,HA,CS1B,302A 382A ,,M,D,B ,F ,R,G,C,50,0,0,0,1782124,5485602
Kapiti Coast District,27/03/2014,Thu,822,HA,4N1C,302A 375A ,,R,D,B ,F ,R,G,R,50,0,0,2,1782124,5485602
Kapiti Coast District,03/01/2014,Fri,1920,HA,CN1C,302A 375A ,,S,D,O ,F ,R,G,R,50,0,0,0,1782114,5485591
Kapiti Coast District,08/04/2014,Tue,2025,HA,TN1C,302A 375A ,,E,D,DO,F ,R,G,C,50,0,0,1,1782114,5485591
Kapiti Coast District,10/12/2014,Wed,1015,HA,TN1C,302A ,,E,W,O ,L ,R,G,R,50,0,0,0,1782114,5485591
Kapiti Coast District,02/01/2014,Thu,1405,AA,4S1C,184A ,,R,D,BF,F , , ,C,50,0,0,0,1782099,5485572
Kapiti Coast District,22/03/2014,Sat,1050,JA,CN1C,302B 375B ,,R,D,B ,F ,T,G,C,50,0,0,0,1781721,5485183
Kapiti Coast District,28/03/2014,Fri,1356,JA,4N1C,301B 375B ,,E,D,BF,F ,T,S,C,70,0,0,1,1781088,5484649
Kapiti Coast District,30/05/2014,Fri,1429,GD,CS1C,333A 350A ,,R,D,B ,F ,T,G,L,100,0,0,2,1780666,5483723
Kapiti Coast District,16/10/2014,Thu,325,EC,TS1,912,W,R,D,DN,F , ,N,L,100,0,0,0,1779477,5481866
Kapiti Coast District,16/10/2014,Thu,323,EC,TN1C,912,W,R,D,DN,F , ,N,C,100,0,0,0,1779477,5481866
Kapiti Coast District,19/06/2014,Thu,730,GD,VS14,331A ,,R,D,B ,F ,T,N,C,100,0,0,0,1779370,5481698
Kapiti Coast District,27/12/2014,Sat,1623,FD,TN1V4,181A ,,R,D,BF,F , ,N,L,80,0,0,3,1779049,5481198
Kapiti Coast District,23/03/2014,Sun,809,JA,VN1C,104B 308B 929 ,,E,D,BF,F ,D,N,L,80,0,1,0,1778921,5480999
Kapiti Coast District,24/08/2014,Sun,1700,CB,CS1,130A 198A ,KV,R,D,B ,F , , ,L,100,0,0,0,1778131,5479762
Kapiti Coast District,01/08/2014,Fri,1200,QG,VS1,130A 665A 687A ,C,R,D,B ,F , , ,L,100,0,0,0,1777008,5478598
Kapiti Coast District,16/11/2014,Sun,1030,DB,CN1,111A 131A ,T,E,D,B ,F ,T,S,C,100,0,0,1,1776902,5478428
Kapiti Coast District,28/02/2014,Fri,1203,DB,CN1,131A ,G,E,D,OF,F , ,N,P,100,0,0,0,1775711,5475512
Kapiti Coast District,01/02/2014,Sat,1250,FD,CS1C4C,132A 181A ,,R,D,B ,F , ,N,C,100,0,0,0,1774681,5473845
Kapiti Coast District,31/08/2014,Sun,1600,FD,CS1V,331A 363A 902 ,,R,D,B ,F , ,N,C,100,0,0,0,1774596,5473709
Kapiti Coast District,12/07/2014,Sat,1159,JA,CN1C,302B 382B ,,R,D,BF,F ,T,G,P,50,0,0,0,1774278,5473206
Kapiti Coast District,29/09/2014,Mon,905,FF,VS1C,434A 512A ,,R,D,BF,F , ,N,R,50,0,0,0,1774143,5473001
Kapiti Coast District,22/01/2014,Wed,1817,LB,MN1C,303B 375B 404B ,,R,D,O ,F ,T,T,R,50,0,0,1,1773947,5472653
Kapiti Coast District,12/01/2014,Sun,805,FE,CS1V,181A 350A ,,R,D,B ,F ,T,T,C,50,0,0,0,1773947,5472653
Kapiti Coast District,10/01/2014,Fri,1400,FA,4S1C,132A 150A ,,R,D,B ,F ,T,T,C,50,0,0,0,1773947,5472653
Kapiti Coast District,08/06/2014,Sun,1635,AC,4S1T,184A ,,R,W,O ,L , , ,R,50,0,0,0,1773888,5472362
Kapiti Coast District,13/11/2014,Thu,2105,AC,CS1C,159A 514A 517A ,,E,D,DO,  , , , ,50,0,0,0,1773789,5472258
Kapiti Coast District,06/06/2014,Fri,1615,FD,VN1M,181A ,,R,D,BF,F , ,N,P,80,0,0,1,1772265,5471495
Kapiti Coast District,01/02/2014,Sat,1130,FD,CW1CCC,181A 331A 181B 181C ,,R,D,B ,F , , ,P,80,0,0,0,1772145,5471404
Kapiti Coast District,19/05/2014,Mon,1417,CB,TS1,410A ,P,R,D,B ,F , , ,C,80,0,0,1,1771970,5471272
Kapiti Coast District,22/11/2014,Sat,1615,FB,CS1C,181A 191A 800 ,,M,W,O ,F ,R,G,C,80,0,0,0,1771202,5471100
Kapiti Coast District,27/06/2014,Fri,308,DB,TS1,111A 131A 801 ,S,E,W,DO,L ,R,G,R,80,0,0,0,1771200,5471096
Kapiti Coast District,09/06/2014,Mon,1204,DA,TN1,111A 131A ,,M,D,B ,F ,R,G,R,80,0,0,0,1771200,5471096
Kapiti Coast District,28/12/2014,Sun,2240,GC,4S1C,171A 330A ,,M,D,DO,F ,R,G,R,80,0,0,0,1771200,5471096
Kapiti Coast District,22/11/2014,Sat,1335,FB,CN14,181A 645A ,,R,W,O ,L ,R,G,R,80,0,0,0,1771200,5471096
Kapiti Coast District,15/11/2014,Sat,802,DA,CN1,137A ,,R,W,OF,L ,R,G,C,80,0,0,0,1771200,5471096
Kapiti Coast District,23/09/2014,Tue,1125,AC,CS1V,150A 372A ,,R,D,O ,F ,R,G,C,80,0,0,0,1771200,5471096
Kapiti Coast District,15/08/2014,Fri,1915,AA,CN1V,372A ,,R,W,DO,H ,R,G,C,80,0,0,0,1771200,5471096
Kapiti Coast District,31/07/2014,Thu,2320,CA,CS1,103A 133A ,G,R,W,DO,L ,R,G,R,80,0,0,0,1771200,5471096
Kapiti Coast District,22/11/2014,Sat,1300,FD,CN1C,112A 181A 331A ,,R,W,O ,L , , ,C,80,0,0,0,1771182,5471049
Kapiti Coast District,23/08/2014,Sat,1025,FD,CN1C,181A 331A ,,R,D,O ,F , , ,R,80,0,0,0,1771168,5471001
Kapiti Coast District,26/02/2014,Wed,1510,FD,4N1C,112A 331A ,,R,D,B ,F , , ,C,80,0,0,0,1770957,5470670
Kapiti Coast District,17/10/2014,Fri,1613,FD,CN1C,331A 350A 801 ,,R,W,O ,L , , ,P,80,0,0,0,1770957,5470670
Kapiti Coast District,04/05/2014,Sun,1205,FA,CN1C,181A ,,R,D,O ,F , , ,N,80,0,0,0,1770480,5470029
Kapiti Coast District,28/11/2014,Fri,928,FD,CS14,181A 331A ,,R,D,B ,F ,T,N,C,50,0,0,0,1770014,5469398
Kapiti Coast District,09/08/2014,Sat,1035,KA,CS1C,302B ,,R,W,B ,L ,T,G,C,50,0,0,0,1770004,5469387
Kapiti Coast District,26/09/2014,Fri,1119,AO,CS1S,150A 179A 381A ,,E,D,B ,F , ,N,C,50,0,0,1,1769805,5469117
Kapiti Coast District,29/12/2014,Mon,1155,BC,VW1C,121A 358A 197B ,,M,D,B ,F , , ,C,50,0,0,0,1769451,5469132
Kapiti Coast District,01/07/2014,Tue,1840,JA,CN1C,101B 302B ,,R,D,DO,F ,T,G,C,50,0,0,1,1769311,5469077
Kapiti Coast District,05/09/2014,Fri,1545,FD,CN1C,181A ,,R,D,B ,F , , ,C,50,0,0,0,1769303,5469065
Kapiti Coast District,18/04/2014,Fri,415,CB,4S1,129A 410A ,T,R,D,DO,F , ,N,C,50,0,0,0,1769244,5468984
Kapiti Coast District,03/06/2014,Tue,950,AA,CN1T,184A ,,R,D,O ,F , , ,P,50,0,0,0,1769154,5468857
Kapiti Coast District,19/09/2014,Fri,1400,KA,CN1C,308B 924 ,,R,D,O ,F ,D,G,L,70,0,0,0,1769152,5468855
Kapiti Coast District,14/04/2014,Mon,2015,AA,VN1C,372A ,,R,D,DO,F , ,N,P,50,0,0,0,1769132,5468824
Kapiti Coast District,11/12/2014,Thu,1703,AO,CN1C,184A 184B ,,R,D,B ,F , , ,C,50,0,0,0,1769093,5468766
Kapiti Coast District,23/12/2014,Tue,1250,AC,4N1T,159A ,,R,D,B ,F , , ,C,50,0,0,0,1769093,5468766
Kapiti Coast District,27/06/2014,Fri,824,GD,CS1C,333A 927 ,,R,D,O ,F ,D, ,C,50,0,0,0,1769065,5468724
Kapiti Coast District,11/11/2014,Tue,1505,AC,TN1C,372A ,,R,D,B ,F , , ,R,50,0,0,0,1769065,5468724
Kapiti Coast District,23/03/2014,Sun,1636,JA,CS14,314B 377B 922 ,,R,D,B ,F ,D, ,C,50,0,0,2,1769054,5468708
Kapiti Coast District,19/02/2014,Wed,930,AA,VN1V,184A 184B ,,R,D,B ,F , , ,C,50,0,0,0,1769048,5468699
Kapiti Coast District,24/07/2014,Thu,1315,FA,CN1T,381A ,,R,D,B ,F , , ,C,50,0,0,0,1769045,5468695
Kapiti Coast District,27/05/2014,Tue,655,FE,CS1C,331A ,,R,D,DO,F ,X,T,C,50,0,0,0,1769040,5468687
Kapiti Coast District,07/07/2014,Mon,1720,LB,CW1C,303B ,,R,D,DO,F ,X,T,R,50,0,0,0,1769037,5468683
Kapiti Coast District,15/02/2014,Sat,1845,LB,CW2V,322A ,,R,D,BF,F ,X,T,C,50,0,0,0,1769037,5468683
Kapiti Coast District,30/08/2014,Sat,1210,LB,VS1C,303B 402B ,,R,D,B ,F ,X,T,C,50,0,0,0,1769037,5468683
Kapiti Coast District,19/06/2014,Thu,1630,LB,4N1C,303B ,,R,D,B ,F ,X,T,R,50,0,0,0,1769037,5468683
Kapiti Coast District,03/06/2014,Tue,1215,LB,CN1C,303B ,,R,D,O ,F ,X,T,C,50,0,1,0,1769037,5468683
Kapiti Coast District,05/10/2014,Sun,1340,AA,CN14,184A 381A ,,R,D,B ,F , , ,R,50,0,0,0,1769029,5468670