TLANAME,CRASHDATE,CRASHDOW,CRASHTIME,MVMT,VEHICLES,CAUSES,OBJECTSSTRUCK,ROADCURVE,ROADWET,LIGHT,WTHRa,JUNCTYPE,TRAFCTRL,ROADMARK,SPDLIM,CRASHFATALCNT,CRASHSEVCNT,CRASHMINCNT,EASTING,NORTHING
Kapiti Coast District,14/03/2014,Fri,1545,FD,CN1V,181A ,,R,D,BF,F , ,N,R,50,0,0,0,1769009,5468641
Kapiti Coast District,13/11/2014,Thu,1800,CB,CN1B,197A 613A ,MT,R,D,B ,F , ,N,R,50,0,0,0,1768954,5468500
Kapiti Coast District,31/05/2014,Sat,1350,JA,VN1C,302B 377B ,,E,D,BF,F ,T,G,C,100,0,0,0,1768301,5467453
Kapiti Coast District,10/10/2014,Fri,1835,CA,MS1,197A ,,R,D,B ,F , , ,C,100,0,0,1,1768256,5467331
Kapiti Coast District,25/01/2014,Sat,2200,LB,MN1V,303B 375B 929 ,,R,D,DN,F ,D, ,C,100,0,0,0,1768234,5467265
Kapiti Coast District,07/11/2014,Fri,1600,FD,CN1C,112A 331A ,,R,D,B ,F , , ,L,100,0,0,0,1768234,5467265
Kapiti Coast District,20/11/2014,Thu,2129,PA,CN1E,370A 860 ,,R,D,DN,F , ,N,C,100,1,0,0,1768203,5467170
Kapiti Coast District,25/05/2014,Sun,135,CB,4S1C,410A ,Q,R,D,DO,F , ,N,C,100,0,0,0,1767967,5466464
Kapiti Coast District,03/04/2014,Thu,1115,FB,CE2C,331A 387A ,,M,D,O ,F ,T,G,C,100,0,0,0,1767821,5466015
Kapiti Coast District,27/08/2014,Wed,620,AA,CS14,112A 158A 191A 401A 130B 191B 197B +,G,R,D,DN,F , , ,C,100,0,0,0,1767517,5465065
Kapiti Coast District,23/11/2014,Sun,1515,CB,CN1,130A 412A ,X,R,D,B ,F , , ,C,100,0,0,0,1767298,5464093
Kapiti Coast District,08/11/2014,Sat,546,CB,CN1,412A ,GX,R,D,TN,F , , ,C,100,0,0,1,1767054,5463039
Kapiti Coast District,27/07/2014,Sun,1816,AC,CN1C,129A 372A 129B 330B 402B ,,R,D,DO,F , , ,C,100,0,0,0,1766722,5462369
Kapiti Coast District,17/10/2014,Fri,1745,DB,CS1,111A 131A 191A 407A 901 ,C,E,W,O ,H , , ,C,100,0,0,1,1766545,5462129
Kapiti Coast District,20/12/2014,Sat,2030,CB,CS1,110A 112A ,G,R,W,TO,H , ,N,L,100,0,0,0,1766475,5462004
Kapiti Coast District,12/04/2014,Sat,330,CA,CS1,410A ,G,R,D,DO,F , , ,C,100,0,0,0,1766381,5461832
Kapiti Coast District,17/10/2014,Fri,1823,FA,CS1C,110A 181A 191B 801 ,,R,W,O ,L , , ,C,100,0,0,0,1766115,5461479
Kapiti Coast District,07/05/2014,Wed,650,FD,CS1CC,331A 402A 632A ,,R,W,O ,F , ,N,L,80,0,0,0,1765280,5461366
Kapiti Coast District,24/02/2014,Mon,1706,DA,CN1,410A ,F,E,D,B ,F ,T,S,L,100,0,0,1,1764992,5461301
Kapiti Coast District,17/10/2014,Fri,,FD,CN1C,110A 197A 901 ,,E,W,O ,H , , ,L,100,0,0,0,1764992,5461301
Kapiti Coast District,07/07/2014,Mon,1035,MA,CS1C,363B 373B 902 ,,E,D,BN,F ,T,S,C,100,0,0,1,1764992,5461301
Kapiti Coast District,18/01/2014,Sat,1802,CC,MN1,101A 129A ,I,R,D,BF,F ,X,S,R,70,0,1,1,1764246,5460672
Kapiti Coast District,30/12/2014,Tue,1520,BE,CS14,130A 410A ,,R,D,O ,F ,X,S,R,70,0,0,0,1764246,5460672
Kapiti Coast District,05/04/2014,Sat,1205,FD,4S1C,331A ,,R,D,B ,F , , ,L,80,0,0,0,1763710,5460085
Kapiti Coast District,28/12/2014,Sun,1120,CB,CS1,130A 402A 412A ,G,R,D,O ,F , , ,N,80,0,0,0,1763579,5459929
Kapiti Coast District,03/10/2014,Fri,1750,FD,VN1T,181A 330A ,,R,D,O ,F , ,N,L,80,0,0,0,1763322,5459613
Kapiti Coast District,04/02/2014,Tue,740,FD,VS1V,181A ,,R,D,OF,F , ,N,L,80,0,0,0,1763223,5459525
Kapiti Coast District,06/05/2014,Tue,1729,FD,VN1C,331A 353A ,,R,D,DN,F , ,N,C,10,0,0,1,1763095,5459415
Kapiti Coast District,02/04/2014,Wed,1614,DB,CN1,129A 350A ,G,E,D,BN,F , ,N,N,80,0,0,0,1762517,5459019
Kawerau District,29/03/2014,Sat,1455,NA,CE1E,713B ,,E,D,BF,F , ,N,C,50,0,0,1,1924531,5778152
Kawerau District,02/12/2014,Tue,1625,LB,MW1V,303B 925 ,,E,D,BF,F ,D,N,C,50,0,0,1,1924531,5778152
Kawerau District,18/09/2014,Thu,2348,DA,4N1,111A 131A 901 ,F,M,W,DO,H , , ,C,50,0,0,0,1924922,5778029
Kawerau District,30/04/2014,Wed,1831,FE,CE1C,331A 355A ,,R,D,TO,F ,X,T,R,70,0,0,2,1925859,5778939
Kawerau District,01/03/2014,Sat,1500,CB,CS1,410A ,,R,D,BF,F , ,N,C,70,0,0,0,1923693,5778656
Kawerau District,03/11/2014,Mon,1412,DB,40,131A 410A ,C,E,D,ON,L , ,N,C,100,0,0,0,1923373,5779026
Mackenzie District,23/01/2014,Thu,1430,FA,CS1V,331A 358A ,,R,D,B ,F , , ,C,100,0,0,2,1426269,5116491
Mackenzie District,23/02/2014,Sun,1400,BB,CN1C,123A 410A ,,M,D,B ,F , ,N,N,100,0,0,1,1395683,5126205
Mackenzie District,21/02/2014,Fri,1520,CC,MN1,110A 138A 330A ,,R,D,BN,F , ,N,N,100,0,0,1,1405414,5093847
Mackenzie District,21/08/2014,Thu,1945,DA,CW1,103A 111A 135A 804 ,,E,D,DN,FF,T,N,C,50,0,0,0,1398462,5123884
Mackenzie District,11/10/2014,Sat,1542,DA,40,111A 131A 532A ,,E,D,BN,F , ,N,N,100,0,1,1,1425771,5119188
Mackenzie District,16/01/2014,Thu,1300,DB,CW1,110A 138A ,C,E,D,B ,F , , ,N,100,0,0,1,1397355,5131797
Mackenzie District,27/12/2014,Sat,1430,CA,4N1,130A 813 ,,R,D,B ,FS, , ,N,100,0,0,0,1400191,5127167
Mackenzie District,14/09/2014,Sun,920,DA,CN1,111A 138A 404A ,C,E,D,B ,F , , ,N,100,0,0,0,1400402,5127828
Mackenzie District,09/10/2014,Thu,1600,DA,4S1,134A 138A ,,E,D,B ,F , ,N,N,100,0,0,0,1404153,5135702
Mackenzie District,25/10/2014,Sat,2156,DA,4S1,103A 111A 131A 813 ,,E,D,DN,F , , ,N,100,0,0,0,1432747,5116450
Mackenzie District,19/07/2014,Sat,915,DB,4S1,131A 802 ,,E,I,B ,F , , ,C,100,0,0,0,1367292,5094594
Mackenzie District,11/03/2014,Tue,1220,BC,CW1C,121A ,,M,D,BN,F , , ,N,30,0,0,0,1397754,5124514
Mackenzie District,02/02/2014,Sun,1600,CB,CW1,103A 112A 138A ,C,R,D,B ,F , , ,N,100,0,0,0,1435939,5107992
Mackenzie District,02/11/2014,Sun,1104,DA,VS1,131A 903 ,,E,D,O ,LS, , ,C,60,0,0,0,1368734,5152960
Mackenzie District,12/11/2014,Wed,1530,EC,CW1,341A 404A 801 ,X,R,W,O ,L , , ,C,100,0,0,0,1381679,5115860
Mackenzie District,30/04/2014,Wed,1457,NA,CN1E,194A 711B 927 ,,E,D,B ,F ,D,N,N,100,0,0,1,1372282,5103700
Mackenzie District,24/06/2014,Tue,800,DB,VN1,135A 802 ,F,E,I,O ,FF, , ,C,100,0,0,0,1438213,5117230
Mackenzie District,03/09/2014,Wed,1205,GE,VE14,160A 929 ,,R,D,B ,F ,D,N,C,100,0,0,0,1437879,5117094
Mackenzie District,23/02/2014,Sun,1615,DB,ME1,111A ,C,S,D,B ,F , ,N,C,100,0,0,0,1432070,5120475
Mackenzie District,17/04/2014,Thu,1045,DB,CE1,111A 131A 404A ,F,M,W,ON,L , ,N,L,100,0,0,0,1431527,5120488
Mackenzie District,16/04/2014,Wed,1337,DA,CS1,111A 131A 404A 801 ,G,S,W,O ,L , , ,C,100,0,0,0,1431477,5120406
Mackenzie District,30/10/2014,Thu,1255,BC,CN14,121A 130A 410A ,,M,D,B ,F , ,N,C,100,0,0,0,1430929,5119326
Mackenzie District,18/10/2014,Sat,1535,BC,MW1C,110A 122A ,FS,S,W,O ,F ,T,N,C,100,0,0,1,1429321,5118387
Mackenzie District,26/12/2014,Fri,238,CB,4N1,195A ,V,R,D,DN,F , ,N,C,100,0,0,1,1429270,5117225
Mackenzie District,26/10/2014,Sun,1030,BB,CW1C,123A 205A 404A ,,E,D,O ,F , , ,C,100,0,0,0,1427930,5115476
Mackenzie District,12/07/2014,Sat,1100,DA,CS1,131A 358A ,V,E,D,OF,F , ,N,N,100,0,0,0,1433809,5094421
Mackenzie District,23/05/2014,Fri,2045,DC,CE2,113A ,,R,W,DN,L ,T,S,C,100,0,0,0,1430108,5100770
Mackenzie District,24/06/2014,Tue,630,CC,CS1,110A 135A 802 905 ,,R,I,DN,SF, ,N,C,100,0,0,0,1420645,5120305
Mackenzie District,05/04/2014,Sat,30,EC,CW1,195A 801 904 915 ,W,R,W,DN,M , , ,C,100,0,0,0,1418901,5122025
Mackenzie District,21/04/2014,Mon,2330,EC,CE1,912,W,R,D,DN,F , ,N,C,100,0,0,0,1416557,5122205
Mackenzie District,03/03/2014,Mon,1009,CC,CW1,198A ,V,R,D,O ,F , ,N,C,100,0,0,1,1410082,5115217
Mackenzie District,07/10/2014,Tue,1855,CB,CE1,137A 195A ,,R,D,TN,F , ,N,C,100,0,0,0,1409742,5115190
Mackenzie District,06/09/2014,Sat,1248,DA,CW1,103A 131A ,CX,E,D,BN,F , ,N,L,100,0,0,0,1409642,5115184
Mackenzie District,10/05/2014,Sat,1114,DA,TE1,410A ,C,M,D,B ,F , , ,C,100,0,0,1,1408309,5115319
Mackenzie District,01/01/2014,Wed,1500,DB,CS1,131A 404A 410A ,C,M,D,O ,F , , ,C,100,0,0,0,1405650,5114879
Mackenzie District,02/08/2014,Sat,1400,DB,CW1,111A 131A ,V,M,W,O ,L , , ,C,100,0,0,0,1405564,5114782
Mackenzie District,17/04/2014,Thu,1715,DA,CS1,111A 131A 407A 632A 901 ,T,M,W,TN,H ,T,G,C,100,1,0,2,1405390,5114576
Mackenzie District,18/04/2014,Fri,1703,QG,CS1,111A 687A ,,E,W,ON,L , ,N,C,100,0,0,0,1400345,5120460
Mackenzie District,16/12/2014,Tue,1335,BA,VS1C,205A 404A ,,R,D,B ,F , , ,C,100,0,1,1,1399968,5120994
Mackenzie District,12/06/2014,Thu,815,DC,CN1,332A ,FT,E,D,O ,F , , ,C,100,0,0,1,1399703,5122341
Mackenzie District,21/03/2014,Fri,1400,GA,CS1V,333A 352A 926 ,,R,D,BN,F ,D,N,C,100,0,0,0,1399691,5123710
Mackenzie District,28/01/2014,Tue,1045,GD,4W1V,331A 361A ,,R,D,B ,F ,T,G,C,100,0,0,0,1395955,5124734
Mackenzie District,15/06/2014,Sun,1650,CB,CW1,129A 134A ,V,R,D,O ,F , ,N,C,100,0,0,0,1395189,5124739
Mackenzie District,11/04/2014,Fri,,DB,VS1,410A ,,E,D,O ,F , , ,C,100,0,0,0,1387763,5114966
Mackenzie District,23/03/2014,Sun,1445,AB,CN1T,156A 378A 831 ,,E,D,B ,F , , ,C,100,1,0,0,1387954,5114483
Mackenzie District,09/05/2014,Fri,855,BA,CN1C,129A 197B 904 ,F,R,W,O ,M , , ,C,100,0,0,0,1387973,5110062
Mackenzie District,05/03/2014,Wed,1400,DA,CS1,129A ,EF,M,D,O ,F , ,N,C,100,0,0,0,1374260,5104800
Mackenzie District,01/07/2014,Tue,1106,DA,VN1,135A 802 844 905 ,E,E,I,B ,SS,T,N,C,100,0,0,0,1370193,5103260
Mackenzie District,16/09/2014,Tue,1827,DA,CS1,131A 410A 420A 801 ,E,E,W,DN,L , , ,C,100,0,0,1,1369292,5095667
Mackenzie District,03/09/2014,Wed,1330,LB,CN14,303B ,,R,D,B ,F ,T,G,C,100,0,0,0,1368934,5095161
Mackenzie District,27/01/2014,Mon,1320,LB,CN1C,303B 375B ,,R,D,B ,F ,T,G,P,100,0,0,0,1368934,5095161
Mackenzie District,26/12/2014,Fri,1702,GE,CS14,181A ,,R,D,B ,F ,T,G,C,100,0,0,0,1368790,5094670
Mackenzie District,03/02/2014,Mon,1505,DB,CS1,104A 131A 412A ,,E,D,B ,F , , ,C,100,0,0,3,1369466,5103913
Mackenzie District,30/09/2014,Tue,1530,CB,CS1,404A 410A ,FT,R,D,B ,F , , ,C,100,0,0,0,1369089,5104828
Mackenzie District,14/10/2014,Tue,1400,DA,CS1,129A 131A ,V,E,D,B ,F , , ,C,100,0,0,0,1370576,5113697
Mackenzie District,16/01/2014,Thu,1133,CB,CN1,404A 410A ,V,R,D,B ,FS, ,N,C,100,0,0,0,1370656,5114190
Mackenzie District,31/01/2014,Fri,1530,CB,CS1,129A 410A ,E,R,D,B ,F , ,N,C,100,0,0,0,1369709,5129067
Mackenzie District,17/02/2014,Mon,1400,CB,CN1,130A 410A ,E,R,D,B ,FS, ,N,C,100,0,0,0,1368881,5133999
Manawatu District,16/09/2014,Tue,1655,MD,CW1C,371B 929 ,,R,D,BN,F ,D,N,C,100,0,0,0,1816106,5534060
Manawatu District,24/01/2014,Fri,615,CB,CE1,129A 134A ,F,R,D,TF,F , ,N,C,100,0,0,0,1814549,5532767
Manawatu District,23/10/2014,Thu,2005,DA,CN1,111A 131A ,P,E,W,DO,F , ,N,C,100,0,0,0,1815188,5540719
Manawatu District,22/02/2014,Sat,1008,CC,CS1,136A 650A ,V,R,D,B ,F , ,N,L,100,0,0,0,1815803,5541925
Manawatu District,07/03/2014,Fri,1600,FB,4S1C,331A 387A ,,R,D,O ,F ,X,G,C,50,0,0,0,1813571,5539177
Manawatu District,18/10/2014,Sat,720,CC,VS1,110A 330A ,F,R,W,O ,L , ,N,C,100,0,0,0,1815425,5541118
Manawatu District,15/02/2014,Sat,900,FA,4S1C,331A 358A ,,E,D,BF,F ,Y,N,C,100,0,0,0,1815442,5541165
Manawatu District,26/01/2014,Sun,2300,DA,CN1,131A 197A ,P,M,W,DO,L , , ,C,50,0,0,0,1817983,5544957
Manawatu District,09/12/2014,Tue,1920,HA,CN2C,301A ,,R,D,O ,F ,X,S,C,50,0,0,0,1818254,5544510
Manawatu District,28/11/2014,Fri,1445,KC,CS1V,302A 387A 604B 901 ,,S,W,O ,H ,T,G,R,80,0,0,0,1819558,5542472
Manawatu District,15/03/2014,Sat,2117,CC,CE1,103A 130A ,V,R,W,DN,L , ,N,C,100,0,0,0,1822397,5539076
Manawatu District,12/11/2014,Wed,601,CB,CN1,102A 130A 801 ,,R,W,O ,L , , ,N,100,0,0,1,1820663,5541129
Manawatu District,09/08/2014,Sat,1050,JA,4S1C,302B 382B ,,R,D,O ,F ,T,G,C,100,0,0,0,1820989,5540751
Manawatu District,18/07/2014,Fri,1000,DA,VE1,410A ,PT,M,D,O ,F , ,N,C,100,0,0,0,1807936,5546889
Manawatu District,27/06/2014,Fri,730,MO,CE1C,371A 929 ,M,R,D,BF,F ,D,N,C,50,0,0,0,1818000,5544807
Manawatu District,14/04/2014,Mon,950,HA,CN1C,302B 375B ,,R,W,O ,F ,X,G,C,50,0,0,0,1818199,5544477
Manawatu District,14/10/2014,Tue,1845,HA,CN1C,302B 375B ,IS,R,D,O ,F ,X,G,R,50,0,0,0,1818199,5544477
Manawatu District,26/10/2014,Sun,852,DC,4S1,103A 112A 358A ,F,R,D,O ,F ,T,G,C,50,0,0,0,1819022,5545149
Manawatu District,06/04/2014,Sun,2025,CC,CS1,137A 195A ,FTV,R,D,DN,F , ,N,C,100,0,0,0,1833255,5538298
Manawatu District,16/09/2014,Tue,730,CC,TN1,130A 410A ,T,R,D,ON,L , ,N,C,100,0,0,0,1833091,5538414
Manawatu District,30/04/2014,Wed,1500,CC,CS1,130A 410A 504A ,TV,R,D,B ,F , , ,C,100,1,0,0,1832520,5538818
Manawatu District,29/09/2014,Mon,2349,CB,CW1C,130A 514A 929 ,FF,R,D,DN,FS,D,N,N,100,0,0,0,1825080,5543926
Manawatu District,29/10/2014,Wed,1622,HA,VS1C,302B 375B ,,R,W,O ,L ,X,G,C,80,0,0,1,1825216,5543779
Manawatu District,16/01/2014,Thu,1000,HA,CN1C,302B ,,R,D,O ,F ,X,G,C,50,0,0,1,1818779,5544159
Manawatu District,12/08/2014,Tue,655,FB,CS1V,331A 414A 801 ,,R,W,TO,L ,X,G,P,50,0,0,0,1818902,5544387
Manawatu District,24/05/2014,Sat,1809,NA,4E1E,713B 929 ,,R,W,DN,HS, ,N,N,100,0,1,0,1822266,5561586
Manawatu District,08/08/2014,Fri,1517,CB,CE1,135A 402A 800 901 905 ,P,R,W,O ,H , , ,C,50,0,0,0,1818960,5543277
Manawatu District,07/04/2014,Mon,2310,DA,CN1,101A 111A ,CF,M,W,DO,L , ,N,N,50,0,0,0,1817967,5546545
Manawatu District,15/11/2014,Sat,1110,CC,4N1,130A 412A 801 ,FV,R,W,O ,L , , ,C,100,0,0,1,1811903,5536295
Manawatu District,14/04/2014,Mon,1740,DB,CS1,134A 195A ,C,E,W,TN,FF, ,N,C,100,0,0,1,1813231,5551646
Manawatu District,24/05/2014,Sat,1054,DA,CW1,131A 330A 801 ,F,M,W,O ,L , , ,C,100,0,0,0,1817089,5545958
Manawatu District,18/03/2014,Tue,1355,DA,TS1,111A 131A ,BCF,M,D,B ,F ,T,G,L,100,0,0,0,1813863,5549918
Manawatu District,17/04/2014,Thu,1115,DA,CN1,110A 134A ,P,M,W,O ,L , ,N,C,70,0,0,1,1817109,5545958
Manawatu District,28/09/2014,Sun,1240,DA,CS1,111A 131A 402A ,,M,W,O ,L , , ,L,100,0,0,0,1808998,5555102
Manawatu District,01/08/2014,Fri,1637,EA,PN1V,331A 363A 902 ,Q,E,D,BF,F , ,N,C,70,0,0,1,1817685,5545788
Manawatu District,20/06/2014,Fri,500,DA,CS1,103A 131A ,X,E,D,DN,F , , ,L,70,0,0,0,1817608,5545851
Manawatu District,02/01/2014,Thu,1140,LB,CN1C,191A 303B 375B 929 ,,R,D,O ,F ,D,N,C,50,0,0,1,1812225,5553561
Manawatu District,09/02/2014,Sun,1140,JA,CE1C,300B ,,R,D,OF,F ,T,N,N,50,0,0,0,1818264,5546414
Manawatu District,23/12/2014,Tue,1706,AD,MN1,132A 151A 333A ,,R,D,B ,F ,T,G,C,100,0,1,0,1809369,5522510
Manawatu District,01/05/2014,Thu,725,DA,CN2,111A 131A ,F,R,D,OF,M ,T,S,C,100,0,0,0,1802987,5523687
Manawatu District,13/04/2014,Sun,2232,EC,TE1,912,W,E,W,DN,F , ,N,C,100,0,0,0,1807688,5522425
Manawatu District,26/09/2014,Fri,130,DA,CW1,103A 111A ,T,M,D,DN,F , ,N,C,100,0,0,1,1804529,5522893
Manawatu District,06/02/2014,Thu,140,DA,CN1,103A 111A 131A 402A ,F,E,D,DN,F , , ,C,100,0,1,0,1790860,5528343
Manawatu District,08/05/2014,Thu,,DB,CS1,130A 402A ,VZ,E,W,DN,  , , ,N,100,1,0,0,1804731,5548321
Manawatu District,23/04/2014,Wed,1800,CC,CE1,112A 130A 350A ,V,R,D,DN,F , , ,C,100,0,0,1,1804231,5535091
Manawatu District,08/05/2014,Thu,1351,CB,CN1,130A 402A ,V,R,W,O ,L , , ,C,100,0,0,0,1817421,5532529
Manawatu District,01/10/2014,Wed,1913,HA,VE1C,301B 375B ,,R,D,B ,F ,X,S,C,100,0,1,1,1817444,5532548
Manawatu District,07/05/2014,Wed,1219,CB,CE1,132A 351A ,,R,D,B ,F , ,N,C,100,0,0,0,1815793,5531170
Manawatu District,10/10/2014,Fri,20,EC,CW1,912,W,R,D,DN,F , ,N,C,100,0,0,0,1814258,5529888
Manawatu District,02/08/2014,Sat,1200,CB,MS1,135A 806 ,,R,D,BF,F ,T,G,C,80,0,1,0,1815613,5541602
Manawatu District,02/08/2014,Sat,1155,FB,CW1C,181A 387A ,,R,D,BF,FS,T,G,C,80,0,0,0,1815613,5541602
Manawatu District,14/08/2014,Thu,750,CC,CN1,101A 402A ,V,R,D,DN,F , ,N,C,70,0,0,0,1818257,5543154
Manawatu District,20/10/2014,Mon,337,EA,CS1V,129A 353A ,M,E,D,DN,F , ,N,C,100,0,0,1,1817205,5542004
Manawatu District,16/03/2014,Sun,1555,DA,CW1,131A 358A ,F,E,D,ON,F , ,N,C,80,0,0,1,1817128,5541985
Manawatu District,02/09/2014,Tue,1540,CB,VW1,504A ,G,R,D,B ,F , , ,C,100,0,1,0,1829007,5554896
Manawatu District,08/11/2014,Sat,1400,MO,CS1,103A 112A 929 ,X,R,D,BN,F ,D,N,N,50,0,0,1,1790864,5537001
Manawatu District,27/09/2014,Sat,2240,CC,CN1,138A 330A 817 ,C,R,D,DN,F , ,N,C,100,0,0,1,1808291,5535441
Manawatu District,20/02/2014,Thu,1700,DB,4S1,138A 351A ,V,M,D,B ,F , ,N,N,100,0,0,0,1827705,5558002
Manawatu District,24/08/2014,Sun,30,DB,VN1,103A 131A ,FT,E,D,DN,F , ,N,C,100,0,0,1,1813053,5532812
Manawatu District,15/11/2014,Sat,2238,BF,CN1C,129A 134A ,,E,D,DN,FS, ,N,C,100,1,1,0,1813053,5532812
Manawatu District,30/11/2014,Sun,1740,HA,4S1C,302B 375B ,GS,R,D,O ,FS,X,G,C,100,0,0,1,1813722,5532075
Manawatu District,18/03/2014,Tue,845,JA,CS1C,302B 375B ,,R,D,OF,F ,X,G,C,100,0,0,0,1815025,5530529
Manawatu District,25/08/2014,Mon,1230,HA,CN1C,302B ,,R,D,O ,F ,X,G,C,50,0,0,0,1819226,5544835
Manawatu District,13/11/2014,Thu,1950,LB,CS1C,103B 303B 375B ,,R,D,TF,F ,X,G,C,50,0,0,0,1819226,5544835
Manawatu District,10/08/2014,Sun,1840,EC,VN1,912,W,R,D,DN,F , ,N,C,100,0,0,0,1820768,5550252
Manawatu District,05/07/2014,Sat,1615,CB,CS1,195A 903 ,E,R,D,O ,FS, , ,C,100,0,0,1,1822386,5554906
Manawatu District,23/03/2014,Sun,1405,CC,CN1,410A ,F,R,D,BN,F , ,N,C,100,0,0,0,1822509,5554293
Manawatu District,13/08/2014,Wed,1130,MO,CN1C,371A 371B 926 ,,R,D,O ,F ,D,N,N,50,0,0,0,1818245,5543998
Manawatu District,02/09/2014,Tue,1115,MO,CE1,133A 423A ,HJ,R,D,BF,F , ,N,N,50,0,0,0,1818150,5544019
Manawatu District,23/01/2014,Thu,510,LB,CW1C,302A 375A ,,E,W,DO,L ,R,G,R,50,0,0,0,1818187,5543987
Manawatu District,17/04/2014,Thu,1259,DA,CE1,131A 804 ,,E,W,O ,F , ,N,N,100,0,0,0,1814203,5552909
Manawatu District,12/11/2014,Wed,1520,CC,VS1,135A 802 ,F,R,I,ON,H , ,N,C,100,0,0,0,1807278,5549678
Manawatu District,12/05/2014,Mon,1410,DA,TN1,111A 131A ,GZ,S,D,O ,F , , ,N,100,0,0,0,1807120,5550488
Manawatu District,22/02/2014,Sat,,DA,CN1,111A 131A ,P,R,D,DO,F ,T,G,C,50,0,0,0,1818788,5544584
Manawatu District,04/05/2014,Sun,300,DB,CN1,101A 131A ,P,M,D,DN,F , ,N,C,100,0,1,0,1811080,5547630
Manawatu District,20/12/2014,Sat,2230,JA,VW14,302B 375B ,,R,W,DN,L ,T,G,C,100,0,0,3,1821655,5538712
Manawatu District,26/11/2014,Wed,1645,EC,ME1,130A 195A 913 ,W,R,D,B ,F , , ,C,100,0,1,0,1807516,5549188
Manawatu District,16/03/2014,Sun,1825,CC,CW1,130A 351A ,,R,D,BN,F , ,N,N,100,0,0,0,1808510,5548682
Manawatu District,21/01/2014,Tue,1730,CB,CW1,130A 407A 801 ,FVX,R,W,O ,L , , ,C,100,1,0,0,1812604,5526322
Manawatu District,28/08/2014,Thu,1535,DB,TW1,136A 614A 615A ,F,S,D,B ,F , , ,C,100,0,1,0,1811556,5525752
Manawatu District,06/05/2014,Tue,915,KB,CE1C,301B 375B 402B ,,R,D,B ,F ,X,S,C,50,0,1,0,1817983,5545433
Manawatu District,13/06/2014,Fri,1559,HA,ME1V,302B 902 ,,R,D,B ,F ,X,G,C,50,0,0,1,1818031,5545417
Manawatu District,20/08/2014,Wed,1610,NB,CN1E,713B ,,R,D,O ,F , , ,N,100,0,0,1,1814526,5537007
Manawatu District,11/07/2014,Fri,10,DB,VS1,103A 131A 402A ,EF,M,D,DN,F , , ,N,100,1,1,0,1847184,5573418
Manawatu District,07/06/2014,Sat,1220,JA,CS1C,308B 377B 922 ,,R,D,O ,F ,D,N,N,50,0,0,0,1819830,5544983
Manawatu District,21/03/2014,Fri,1105,AA,VS1C,372A 197B ,,R,D,B ,F , , ,C,100,0,0,0,1834597,5539074
Manawatu District,08/05/2014,Thu,735,CC,4S1,195A 402A ,,R,D,DN,F , ,N,C,100,0,0,0,1835115,5541991
Manawatu District,15/04/2014,Tue,1445,BF,MW1C,111A 131A 402A ,,M,D,B ,F , , ,C,100,0,1,2,1838640,5547534
Manawatu District,07/11/2014,Fri,1923,DA,MS1,131A 804 ,F,M,D,TN,F , , ,C,100,0,1,0,1842062,5551603
Manawatu District,04/05/2014,Sun,1845,LB,CS14,103B 303B 929 ,,R,D,DN,F ,D,N,N,100,0,0,0,1839927,5550495
Manawatu District,06/06/2014,Fri,920,DA,CS1,138A 363A 407A 813 817 902 ,C,M,D,B ,F , , ,N,100,0,0,0,1836804,5547152
Manawatu District,30/10/2014,Thu,1640,BB,CS1C,123A 404A ,,E,D,O ,F , ,N,C,80,0,1,1,1837347,5563695
Manawatu District,14/03/2014,Fri,920,DA,TS1,131A 631A ,,M,D,B ,F , ,N,C,100,0,0,0,1840730,5571157
Manawatu District,23/03/2014,Sun,710,DB,CS1,103A 111A 131A ,V,E,D,O ,F , , ,C,100,0,0,0,1827094,5539256
Manawatu District,18/02/2014,Tue,1500,CB,CN1T,112A 132A 407A 443B ,Q,R,D,B ,F , ,N,C,100,0,0,0,1825936,5540474
Manawatu District,29/10/2014,Wed,1639,CB,CS1,110A 130A ,,R,W,O ,F ,T,G,C,100,0,0,0,1820835,5546043
Manawatu District,18/04/2014,Fri,2350,DA,VW1,111A 131A 403A 804 ,C,M,D,DN,F , , ,C,100,0,0,2,1836686,5536578
Manawatu District,22/11/2014,Sat,1140,BF,CN2C,111A 131A ,,S,D,OF,F ,T,G,N,50,0,0,0,1818403,5544808
Manawatu District,11/04/2014,Fri,914,DA,VW1,129A 134A ,C,E,W,O ,L , ,N,C,100,0,0,0,1816778,5544670