TLANAME,CRASHDATE,CRASHDOW,CRASHTIME,MVMT,VEHICLES,CAUSES,OBJECTSSTRUCK,ROADCURVE,ROADWET,LIGHT,WTHRa,JUNCTYPE,TRAFCTRL,ROADMARK,SPDLIM,CRASHFATALCNT,CRASHSEVCNT,CRASHMINCNT,EASTING,NORTHING
Manawatu District,07/06/2014,Sat,1430,DA,CN1S,197B ,,R,D,BF,F ,X,G,C,100,0,1,0,1804854,5532571
Manawatu District,29/06/2014,Sun,300,DC,VS2,103A ,P,R,D,DO,F ,X,N,N,50,0,0,0,1818495,5545735
Manawatu District,22/10/2014,Wed,2242,CC,CW1,130A 501A ,FKS,R,D,DO,F , ,N,R,50,1,0,3,1817532,5543707
Manawatu District,11/08/2014,Mon,745,GD,CW1C,331A 358A ,,R,D,O ,F ,T,G,C,50,0,0,0,1818507,5543445
Manawatu District,02/08/2014,Sat,1315,FD,VE1V,181A 331A ,,R,D,O ,F , , ,C,50,0,0,1,1818817,5543364
Manawatu District,09/10/2014,Thu,800,EA,CS1C,386A ,M,R,D,B ,F ,T,N,C,50,0,0,0,1818347,5544091
Manawatu District,08/10/2014,Wed,2125,DC,CS1,112A 130A ,V,R,D,DN,F ,T,N,C,100,0,1,0,1810772,5537583
Manawatu District,27/10/2014,Mon,331,DB,CW1,101A 110A 131A 402A ,F,M,W,DN,L , ,N,C,100,0,1,0,1821144,5540937
Manawatu District,14/09/2014,Sun,2110,EA,CE1C,103A 129A ,M,R,D,DO,F , , ,N,50,0,0,2,1819050,5544861
Manawatu District,14/08/2014,Thu,900,CA,CE1,130A 804 ,BZ,R,W,O ,F , , ,L,100,0,0,1,1802964,5541075
Manawatu District,13/08/2014,Wed,,QG,TE1,681A ,,R,W,O ,F , , ,L,100,0,0,0,1802964,5541075
Manawatu District,06/09/2014,Sat,1852,DB,CS1,103A 111A 131A ,CS,M,D,DN,F , ,N,C,100,0,1,0,1811535,5525688
Manawatu District,07/01/2014,Tue,1528,DA,CW1,131A 133A ,F,E,W,O ,F , , ,C,100,0,1,0,1831439,5546576
Manawatu District,13/05/2014,Tue,1202,ME,VN1C,303B 375B 926 ,,R,D,BN,F ,D,N,C,50,0,0,1,1818572,5544132
Manawatu District,18/12/2014,Thu,2250,DC,CE2T,103A 112A 402A ,,R,W,DO,L ,T,G,C,50,0,0,0,1817666,5545110
Manawatu District,24/12/2014,Wed,1430,CA,MN1,110A 130A 402A 812 ,,R,D,B ,F , , ,N,30,0,1,0,1789125,5528043
Manawatu District,22/11/2014,Sat,2028,FA,CN1C,181A 191B 357B 510B ,,R,W,DN,F , ,N,C,100,0,0,0,1803293,5548532
Manawatu District,27/03/2014,Thu,1049,MC,TS1C,371B 671B ,,R,D,B ,F , , ,P,100,0,0,0,1803338,5548317
Manawatu District,18/03/2014,Tue,1229,FD,CN1C,181A ,,R,D,B ,F ,T,S,L,100,0,0,1,1803352,5548249
Manawatu District,11/04/2014,Fri,619,LB,VN1C,303B 387B 642B 904 ,,E,W,DN,M ,T,G,R,100,0,0,0,1803675,5547285
Manawatu District,16/10/2014,Thu,1430,GD,CN1C,181A 331A ,,R,D,B ,F ,T,N,C,100,0,0,0,1804176,5546781
Manawatu District,28/12/2014,Sun,1120,AO,TN1C,129A ,,E,D,BF,F , ,N,L,100,0,0,0,1804254,5546718
Manawatu District,26/05/2014,Mon,1530,GD,CS14,137A 331A ,,R,D,B ,F ,T,G,L,100,0,0,0,1805059,5546096
Manawatu District,08/06/2014,Sun,1355,MC,CN1C,372B ,,R,D,BF,F , ,N,C,50,0,0,0,1806082,5545154
Manawatu District,22/11/2014,Sat,407,CA,CW1,357A 506A 514A ,X,R,D,DO,F ,X,G,R,50,0,0,0,1806276,5544993
Manawatu District,28/02/2014,Fri,1614,BE,CN14,129A 130A 197B ,,R,D,BN,F , , ,C,100,1,1,0,1805550,5544038
Manawatu District,03/07/2014,Thu,930,CB,CS1,129A 504A ,,R,D,B ,F , ,N,C,100,0,0,0,1802265,5539952
Manawatu District,08/01/2014,Wed,8,FD,TS1CT,112A 692A 692B 692C ,,R,D,DN,F , ,N,C,100,2,0,2,1799570,5533778
Manawatu District,24/06/2014,Tue,955,CB,CN1,136A 631A ,X,R,D,OF,F , ,N,C,100,0,0,0,1797155,5528687
Manawatu District,10/12/2014,Wed,1640,DA,CN1C,131A 901 ,,R,W,O ,H ,X,S,P,100,0,0,0,1796492,5526231
Manawatu District,07/12/2014,Sun,1316,LB,VW1C,303B 404B ,,R,D,O ,F ,X,G,R,50,0,0,0,1806276,5544993
Manawatu District,22/10/2014,Wed,830,BE,CE1VV,125A 410A 132C ,,R,D,B ,F , ,N,C,100,0,0,0,1809199,5543451
Manawatu District,20/05/2014,Tue,1205,JA,4W1C,197A 308B 357B 370B 801 929 ,,E,W,O ,L ,D,N,C,100,0,0,0,1809365,5543418
Manawatu District,02/11/2014,Sun,940,DA,CE1,134A 330A ,CV,E,D,B ,F , ,N,C,100,0,0,0,1809844,5543322
Manawatu District,04/12/2014,Thu,1115,QG,TW2,681A ,,E,D,B ,F ,T,G,L,100,0,0,0,1812852,5541571
Manawatu District,09/06/2014,Mon,1053,GB,CN1C,158A 181A 929 ,,R,D,B ,F ,D,N,C,100,0,0,0,1813437,5539550
Manawatu District,29/09/2014,Mon,1747,JA,MN1C,692A 302B 375B ,,R,D,B ,F ,T,G,C,100,0,1,0,1814920,5537926
Manawatu District,07/12/2014,Sun,500,CB,CN1,103A 129A ,F,R,D,TN,F , ,N,C,100,0,0,0,1815048,5537772
Manawatu District,24/09/2014,Wed,1009,GD,VS1C,372B 929 ,,R,D,BF,F ,D,N,L,100,0,0,0,1815394,5537260
Manawatu District,01/10/2014,Wed,833,CA,CS1,129A 130A 410A ,F,R,D,O ,F , , ,C,100,0,0,0,1815533,5536906
Manawatu District,27/03/2014,Thu,355,GC,TN1C,174B 372B 929 ,,R,D,DN,F ,D,N,C,100,0,1,0,1815969,5535830
Manawatu District,01/08/2014,Fri,550,NA,CS1E,132A 711B 724B ,,R,D,DN,F , ,N,C,100,1,0,1,1816209,5535421
Manawatu District,18/10/2014,Sat,2330,CC,VN1,101A 410A ,V,R,W,DN,L , ,N,C,100,0,0,1,1817450,5534912
Manawatu District,08/07/2014,Tue,630,DA,VN1,135A 802 810 840 +,T,S,I,DN,SF,T,G,C,100,0,0,0,1826229,5574433
Manawatu District,12/04/2014,Sat,720,DA,CN1,111A 131A ,,S,W,ON,L , ,N,C,100,0,0,1,1825053,5564339
Manawatu District,17/01/2014,Fri,1020,DA,CN1,130A 402A 504A ,C,E,D,O ,F , , ,C,100,0,0,1,1824888,5560345
Manawatu District,09/05/2014,Fri,800,DA,CS1,135A 800 804 ,CT,M,W,B ,F , , ,C,100,0,0,1,1825878,5557805
Manawatu District,04/01/2014,Sat,2000,AC,CS1V,386A 430A ,VV,R,D,ON,F , ,N,C,100,0,0,1,1824819,5556213
Manawatu District,15/11/2014,Sat,1659,CA,VS1,903,,R,D,ON,FS, ,N,C,100,0,0,4,1824099,5549201
Manawatu District,26/05/2014,Mon,512,CA,CS1,135A 801 903 ,,R,W,DN,LS, ,N,C,100,0,0,1,1823457,5548136
Manawatu District,24/03/2014,Mon,830,JA,CW1C,302B 377B ,,R,D,BF,F ,T,G,C,100,0,0,3,1822141,5546239
Manawatu District,03/11/2014,Mon,1305,MO,CE1C,371A 423A ,FM,R,D,B ,F , ,N,R,50,0,0,0,1819493,5544719
Manawatu District,30/06/2014,Mon,1310,HA,CW1C,302B 375B ,,R,W,OF,L ,X,G,C,50,0,0,0,1819343,5544633
Manawatu District,04/07/2014,Fri,840,HA,CS1C,302B ,I,R,D,B ,F ,X,G,R,50,0,0,0,1819343,5544633
Manawatu District,28/05/2014,Wed,830,PC,CE1K,341A 705B 727B 929 ,,R,D,OF,F ,D,N,R,50,0,0,2,1819255,5544583
Manawatu District,19/06/2014,Thu,1248,HA,CW1C,302B ,,R,D,O ,L ,X,G,C,50,0,0,0,1818904,5544382
Manawatu District,08/04/2014,Tue,1230,HA,CS2C,302B 375B ,,R,W,O ,F ,X,G,R,50,0,0,0,1818713,5544272
Manawatu District,05/08/2014,Tue,730,HA,4W14C,302B 363B 375B 902 ,T,R,D,B ,F ,X,G,R,50,0,0,0,1818713,5544272
Manawatu District,10/02/2014,Mon,1050,HA,CN2C,302A 357A 377A 839 ,,R,D,OF,F ,X,G,R,50,0,0,0,1818713,5544272
Manawatu District,15/05/2014,Thu,1255,HA,CE1V,302B 375B ,,R,D,BF,F ,X,G,C,50,0,0,0,1818713,5544272
Manawatu District,29/07/2014,Tue,1420,JA,CE1C,302B 375B ,,R,D,O ,F ,T,G,C,50,0,0,1,1818481,5544142
Manawatu District,10/01/2014,Fri,1130,AO,TN2C,386A ,,E,D,O ,F ,R,G,R,50,0,0,0,1818432,5544101
Manawatu District,29/04/2014,Tue,1325,HA,CS1V,302A 375A ,,E,D,OF,F ,R,G,R,50,0,0,0,1818421,5544118
Manawatu District,07/07/2014,Mon,810,LB,CS1V,302A 375A ,,M,D,B ,F ,R,G,R,50,0,0,0,1818421,5544118
Manawatu District,23/12/2014,Tue,920,GF,TS1V,179A ,,E,D,BF,F ,R,G,R,50,0,0,0,1818421,5544118
Manawatu District,09/09/2014,Tue,1850,AO,TN1C,129A 671A ,K,M,D,DO,F ,R,G,C,50,0,0,0,1818434,5544097
Manawatu District,05/03/2014,Wed,1420,MA,VS1C,387A 373B 503B ,,R,D,B ,F ,T,N,C,50,0,0,0,1818560,5543890
Manawatu District,23/06/2014,Mon,805,FB,CE1T,331A 902 ,,R,W,B ,F ,T,G,C,50,0,0,0,1818749,5543584
Manawatu District,07/10/2014,Tue,1455,KA,CN1C,302B 402B ,,R,D,B ,F ,T,G,C,50,0,0,0,1818895,5543344
Manawatu District,01/03/2014,Sat,2145,DB,CS1,111A 131A 632A ,P,S,D,DO,F ,T,G,R,50,0,0,2,1818935,5543270
Manawatu District,22/11/2014,Sat,2320,CB,CN1,103A 130A 800 ,G,R,D,DO,F , , ,C,80,0,1,0,1819300,5542588
Manawatu District,03/04/2014,Thu,1610,CC,CN1,130A 501A ,F,R,D,B ,F , , ,C,100,0,0,1,1819832,5542056
Manawatu District,22/12/2014,Mon,1630,BE,TS1V,130A 359A ,,R,D,B ,F , , ,C,80,0,1,1,1819863,5542017
Manawatu District,22/11/2014,Sat,1747,DA,CS2,131A ,F,R,W,ON,H ,T,G,R,100,0,0,0,1819991,5541864
Manawatu District,09/05/2014,Fri,637,FB,VN1C,331A 353A ,,R,D,BN,F ,T,S,C,80,0,0,0,1819991,5541864
Manawatu District,23/06/2014,Mon,715,BE,VS1V,129A 410A ,,R,D,BN,FF, ,N,C,100,0,0,0,1818306,5539696
Manawatu District,17/06/2014,Tue,718,MC,4S1C,372B 402B 410B ,,R,W,ON,F , ,N,C,100,0,0,1,1818129,5539466
Manawatu District,06/09/2014,Sat,600,GA,CN1V,112A 353A 926 ,,R,D,O ,F ,D,N,C,100,0,0,0,1818883,5536061
Manawatu District,15/11/2014,Sat,1039,HA,CS1C,104B 301B 377B 402B 801 ,,R,W,O ,L ,X,S,C,100,0,2,1,1820018,5534701
Manawatu District,05/07/2014,Sat,1028,BF,CS1C,130A 504A ,,S,D,O ,S ,X,S,C,100,0,0,0,1820018,5534701
Manawatu District,26/11/2014,Wed,1740,FB,CN1C,181A 331A ,,R,D,B ,F ,X,S,R,100,0,0,0,1820018,5534701
Manawatu District,11/12/2014,Thu,1745,FB,CW1C,181A ,,R,W,ON,F ,X,S,C,100,0,0,0,1820018,5534701
Manawatu District,09/06/2014,Mon,1100,DA,4S1,111A 131A ,V,S,D,O ,F ,X,S,L,100,0,0,0,1820018,5534701
Manawatu District,29/01/2014,Wed,1735,LB,CN1C,303B ,,R,D,O ,F ,X,S,N,100,0,0,0,1820018,5534701
Manawatu District,01/07/2014,Tue,550,AD,CS1,111A 131A 150A 800 ,F,E,W,DN,F , , ,L,100,0,0,1,1809701,5522040
Manawatu District,03/03/2014,Mon,935,DA,CS1,133A 404A 801 ,PV,M,W,O ,L ,X,G,R,100,0,0,1,1812168,5524536
Manawatu District,16/06/2014,Mon,700,EC,CE1,912,W,R,D,DN,F , ,N,C,100,0,0,0,1812388,5524656
Manawatu District,04/02/2014,Tue,1915,AD,CW1,125A 150A 407A ,CV,R,D,B ,F , ,N,C,100,0,0,0,1813173,5525085
Manawatu District,22/08/2014,Fri,130,CC,CE1,125A 410A ,V,R,D,DN,F , ,N,C,100,2,4,0,1815105,5526136
Manawatu District,06/04/2014,Sun,1306,CC,CE1,130A 358A 402A ,TV,R,D,O ,F , , ,C,100,0,0,0,1815216,5526198
Marlborough District,26/07/2014,Sat,655,CA,CN14,125A 645A 800 ,M,R,D,DO,FF, , ,N,50,0,0,1,1677617,5404717
Marlborough District,09/06/2014,Mon,1620,DA,VS1,131A 133A 801 ,P,M,W,ON,L , , ,C,80,0,0,0,1681922,5402273
Marlborough District,18/04/2014,Fri,725,HA,VS2C,302A 370A ,,E,D,O ,F ,R,G,C,50,0,0,0,1680211,5402189
Marlborough District,22/03/2014,Sat,700,CB,CE1,101A 112A ,P,R,D,DO,F ,T,N,C,50,0,0,0,1678939,5402114
Marlborough District,25/11/2014,Tue,1733,HA,VW1S,302A 372A ,,R,D,BF,F ,R,G,R,50,0,0,1,1679924,5402164
Marlborough District,02/12/2014,Tue,1738,HA,CW1S,302A 375A 507A ,,R,D,O ,F ,R,G,C,50,0,0,1,1679924,5402164
Marlborough District,11/03/2014,Tue,1915,CB,CE1C,112A 410A 692A ,KM,R,D,BF,F , ,N,C,50,0,0,1,1679544,5402146
Marlborough District,05/05/2014,Mon,2018,HA,VN2C,302A 352A 375A ,,R,D,DO,F ,R,G,R,50,0,0,0,1679644,5402151
Marlborough District,05/05/2014,Mon,840,HA,CW1S,302A 375A ,,R,W,O ,L ,R,G,C,50,0,0,0,1679644,5402151
Marlborough District,03/10/2014,Fri,1240,MG,4W1T,371B ,,R,D,B ,F ,T,N,N,50,0,0,0,1679544,5401120
Marlborough District,13/08/2014,Wed,1215,DA,TE2,501A ,X,R,D,BF,F ,R,G,C,50,0,1,0,1680020,5404087
Marlborough District,05/01/2014,Sun,925,CB,VE1C,130A 504A ,CM,R,W,B ,F , , ,C,50,0,0,1,1679498,5404099
Marlborough District,10/03/2014,Mon,901,HA,CN2C,302A 350A ,,R,D,O ,F ,X,G,C,50,0,0,0,1679548,5404096
Marlborough District,01/05/2014,Thu,1119,AC,VE1C,372A ,,R,D,B ,F ,R,G,C,50,0,0,0,1680048,5404089
Marlborough District,21/10/2014,Tue,1745,GO,BE1C,179A 386A ,,E,D,B ,F ,R,G,C,50,0,0,0,1680053,5404090
Marlborough District,19/05/2014,Mon,2250,EA,CN1C,129A ,M,R,D,DO,F , , ,N,50,0,0,0,1668421,5404140
Marlborough District,05/05/2014,Mon,930,DA,CN2C,201A ,M,R,D,B ,L ,T,N,C,50,0,0,0,1679830,5403778
Marlborough District,12/06/2014,Thu,1530,HA,4W14,302A 375A ,,R,D,B ,F ,X,G,C,50,0,0,0,1679643,5403789
Marlborough District,25/07/2014,Fri,1610,HA,CE2CC,427B 501B ,,R,D,B ,F ,X,G,C,50,0,0,2,1677843,5404073
Marlborough District,04/02/2014,Tue,1400,EA,CN1C,129A ,M,R,D,BF,F , ,N,C,50,0,0,0,1686924,5430911
Marlborough District,12/10/2014,Sun,1715,DC,CW1,103A 131A ,G,E,D,B ,F ,T,G,C,50,0,0,0,1678615,5404060
Marlborough District,04/11/2014,Tue,2240,FA,CS1C,181A 512A ,B,E,D,DO,F ,T,G,C,50,0,0,0,1678615,5404060
Marlborough District,19/03/2014,Wed,1445,MC,CE1C,372B ,,R,D,B ,F , , ,C,50,0,0,0,1684278,5428231
Marlborough District,30/04/2014,Wed,1520,KB,CE1C,302B 363B 375B ,,R,D,B ,F ,X,G,C,50,0,0,1,1683886,5428246
Marlborough District,07/03/2014,Fri,1640,LB,CW1C,303B ,,R,D,B ,F ,T,N,N,50,0,0,1,1680863,5404765
Marlborough District,03/09/2014,Wed,840,FB,CW1C,331A ,,R,D,O ,F ,X,G,C,50,0,0,0,1680173,5404922
Marlborough District,02/02/2014,Sun,100,CC,CN1C,129A 130A ,M,R, ,DO,  , ,N,C,50,0,0,0,1679780,5403096
Marlborough District,13/09/2014,Sat,1800,FA,MS1V,112A 514A ,,R,D,TO,F , , ,C,50,0,0,0,1678214,5405058
Marlborough District,18/11/2014,Tue,1240,DA,CN2,131A 351A ,P,M,D,B ,F ,T,N,N,50,0,0,0,1679565,5404771
Marlborough District,17/02/2014,Mon,1900,DA,CS1,131A ,,M,D,TN,F , ,N,N,80,0,0,1,0,0
Marlborough District,15/10/2014,Wed,1550,HA,CN2C,302A 359A ,,R,D,B ,F ,X,G,C,50,0,0,1,1679082,5403356
Marlborough District,17/08/2014,Sun,1,CB,CW1,103A 433A ,P,R,D,DO,F , ,N,C,50,0,0,0,1680237,5404401
Marlborough District,10/07/2014,Thu,1135,KB,CN1S,302B ,,E,D,B ,F ,R,G,C,50,0,0,0,1684292,5428484
Marlborough District,21/07/2014,Mon,1600,KB,CW1C,302B 375B ,,R,D,B ,F ,T,G,C,50,0,0,0,1680005,5404776
Marlborough District,18/07/2014,Fri,830,EA,CE1C,902,M,R,D,BF,FF, ,N,C,50,0,0,0,1680396,5409681
Marlborough District,27/11/2014,Thu,1241,KA,CN1C,197A 308B 330B 927 ,F,R,D,B ,  ,D,N,C,50,0,0,0,1680246,5403765
Marlborough District,21/03/2014,Fri,850,HA,VW1C,302B 375B ,,R,D,B ,F ,X,G,C,50,0,0,1,1678479,5404991
Marlborough District,04/04/2014,Fri,6,MO,CE1,101A 357A 371A 929 ,F,R,D,DO,F ,D,N,N,50,0,0,0,1680843,5404677
Marlborough District,15/07/2014,Tue,1205,FD,CS1C,181A 331A ,,E,D,B ,F , ,N,C,50,0,0,0,1680019,5404187
Marlborough District,29/11/2014,Sat,1705,CC,CN1,112A 130A 353A 812 ,EFP,R,D,B ,F , , ,N,100,0,0,1,1667558,5404121
Marlborough District,16/09/2014,Tue,650,EA,CE14,129A 363A 902 ,M,R,D,B ,F , , ,N,50,0,0,1,1668980,5404366
Marlborough District,29/10/2014,Wed,1430,EC,CN1,911,W,R,W,OF,F , ,N,C,50,0,0,0,1669068,5404371
Marlborough District,27/09/2014,Sat,1042,KB,CS1C,112B 308B 929 ,,R,D,B ,F ,D,N,N,50,0,0,0,1679533,5403880
Marlborough District,10/04/2014,Thu,1240,HA,4N1C,302B 375B ,,R,D,OF,F ,X,G,C,50,0,0,0,1679534,5403890
Marlborough District,12/11/2014,Wed,1145,HA,CE2C,302A 375A ,,R,D,B ,F ,X,G,C,50,0,0,0,1679522,5403702
Marlborough District,27/09/2014,Sat,1900,HA,CW2S,302A ,,R,W,DO,L ,X,G,C,50,0,0,0,1679522,5403702
Marlborough District,19/06/2014,Thu,930,HA,CW2S,302A 375A ,,R,D,B ,F ,X,G,C,50,0,0,0,1679522,5403702
Marlborough District,22/09/2014,Mon,820,HA,CE24,302B 377B 839 ,,R,D,B ,F ,X,G,C,50,0,0,0,1679541,5403983
Marlborough District,24/08/2014,Sun,1215,HA,CW2C,302B ,,R,D,B ,F ,X,G,C,50,0,0,0,1680069,5404940
Marlborough District,15/03/2014,Sat,900,GB,SE1C,158A 929 ,,R,D,O ,F ,D, ,C,50,0,0,0,1679018,5404014
Marlborough District,08/01/2014,Wed,1530,EA,4N1C,129A 352A ,M,R,D,BF,F , ,N,C,50,0,0,0,1684296,5428311
Marlborough District,20/09/2014,Sat,1315,HA,CS2C,302A 375A 901 ,P,R,W,O ,H ,X,G,C,50,0,0,1,1679541,5403983
Marlborough District,23/12/2014,Tue,1510,HA,CE1C,302B 375B ,,R,D,B ,F ,X,G,C,50,0,0,0,1679541,5403983
Marlborough District,15/05/2014,Thu,1234,MC,VW1C,372B ,,R,D,B ,F ,T,G,C,50,0,0,0,1678842,5404009
Marlborough District,14/03/2014,Fri,930,MF,CS1V,371B ,,R,D,B ,F , , ,C,50,0,0,0,1684310,5428686
Marlborough District,16/10/2014,Thu,1216,EE,SW1C,374B ,M,R,D,B ,F , , ,C,50,0,0,0,1679430,5403990
Marlborough District,23/08/2014,Sat,1830,HA,CN2M,302A 402A ,,R,D,DO,F ,R,G,R,50,0,0,0,1679658,5403966
Marlborough District,28/05/2014,Wed,1705,AC,CW1C,159A ,,R,D,O ,F ,R,G,R,50,0,0,0,1679651,5403983
Marlborough District,29/05/2014,Thu,1715,AO,CE1C,386A ,,E,D,O ,F ,R,G,R,50,0,0,0,1679648,5403976
Marlborough District,17/01/2014,Fri,930,HA,CE1S,302A 375A ,,R,D,B ,F ,R,G,P,50,0,0,1,1679648,5403976
Marlborough District,05/10/2014,Sun,204,MD,BN1C,308B 371B 929 ,,R,D,DO,F ,D,N,C,50,0,0,0,1681095,5404552
Marlborough District,19/12/2014,Fri,1855,HA,CS24,302A 375A ,,R,D,B ,F ,X,G,N,50,0,0,0,1679675,5401518
Marlborough District,10/11/2014,Mon,928,HA,CW1C,302B 350B 357B ,F,R,D,B ,F ,X,G,R,50,0,0,1,1679675,5401518
Marlborough District,14/07/2014,Mon,1715,EA,CN1C,129A ,M,R,D,B ,F , , ,N,50,0,0,0,1680454,5402932
Marlborough District,11/02/2014,Tue,625,CB,40,129A 410A ,BZ,R,D,BN,F , ,N,C,100,0,0,1,1681505,5412997
Marlborough District,24/11/2014,Mon,450,CB,CE1,410A ,KP,R,D,DN,F , , ,N,50,0,0,1,1664331,5429976
Marlborough District,06/04/2014,Sun,209,CB,CW1,103A 130A ,F,R,D,DN,F , , ,N,100,0,0,0,1667753,5405185
Marlborough District,02/10/2014,Thu,1640,FO,CN1V,330A ,,E,D,B ,F ,X,S,C,100,0,0,0,1673241,5405184
Marlborough District,14/06/2014,Sat,2030,DB,CN1,103A 385A ,K,R,D,DO,F ,R,G,R,50,0,0,0,1683746,5428499
Marlborough District,20/09/2014,Sat,2130,EA,CW14,129A 358A ,M,E,D,DO,F , , ,N,50,0,0,0,1678323,5404681
Marlborough District,04/09/2014,Thu,1640,JA,SW1C4,197A 302B 375B ,,R,D,O ,F ,T,G,C,50,0,0,0,1680253,5403636
Marlborough District,08/05/2014,Thu,1330,KA,CS1S,302B 375B ,,R,D,B ,F ,X,G,C,50,0,0,0,1680147,5403630
Marlborough District,30/05/2014,Fri,2135,CB,CN1,103A 130A ,P,R,D,DO,F , , ,C,50,0,0,0,1679780,5405296
Marlborough District,16/02/2014,Sun,1715,MO,VW1C,385A ,M,E,D,BF,F , ,N,C,50,0,0,0,1684220,5428687
Marlborough District,17/03/2014,Mon,1457,MA,4W1C,373B ,,R,D,BF,F , ,N,C,50,0,0,0,1679879,5403757
Marlborough District,11/06/2014,Wed,1710,HA,4S2C,302A 375A ,,R,W,DO,L ,R,G,R,50,0,0,0,1680014,5403786
Marlborough District,27/07/2014,Sun,1430,BC,CS1C,121A ,,M,D,O ,F , , ,N,100,0,0,0,1688004,5445763
Marlborough District,01/01/2014,Wed,2100,QD,4S1E,404A 428A ,T,R,D,DN,F , , ,N,100,0,2,0,1688396,5445714
Marlborough District,16/07/2014,Wed,1400,EA,4N1O,135A 378A 443B 800 ,M,M,W,B ,F , , ,C,100,0,0,0,1678179,5382293
Marlborough District,17/04/2014,Thu,520,BF,VN1T,111A 129A 131A 801 903 ,,M,W,DN,LS, , ,C,100,0,1,0,1685299,5384400
Marlborough District,22/05/2014,Thu,1000,MO,4N14,386A ,M,E,D,B ,F ,T,N,N,30,0,0,0,1679830,5403788
Marlborough District,03/03/2014,Mon,40,DB,CS1,136A 410A 631A ,FIK,R,D,DO,F ,R,G,R,50,0,0,0,1678750,5402098
Marlborough District,17/07/2014,Thu,855,HA,CN1C,302A 375A ,,E,D,B ,F ,R,G,R,50,0,0,1,1678756,5402094
Marlborough District,30/07/2014,Wed,825,FC,CN1C4,181A ,,R,W,O ,L , , ,X,50,0,0,0,1679480,5403361
Marlborough District,18/04/2014,Fri,1748,CB,CS1C,130A 501A ,FMT,R,W,DO,H , ,N,C,50,0,0,0,1679302,5403039
Marlborough District,10/09/2014,Wed,2015,JA,MS1C,197A 302B 375B ,,R,D,DO,F ,T,G,C,50,0,1,0,1679125,5402772
Marlborough District,21/09/2014,Sun,1435,EA,CE1C,129A 507A ,M,R,D,BF,F , ,N,C,50,0,0,0,1679756,5403665
Marlborough District,01/05/2014,Thu,1955,CB,CW1C,103A 129A ,KMP,R,D,DO,F , ,N,C,50,0,0,0,1679813,5403716
Marlborough District,27/03/2014,Thu,809,HA,VS1S,302A 363A 902 ,,M,D,B ,F ,R,G,R,50,0,1,0,1679681,5403598
Marlborough District,02/04/2014,Wed,1000,KA,SW2C,302B 387B ,,E,D,B ,F ,R,G,R,50,0,0,0,1679681,5403598
Marlborough District,03/03/2014,Mon,147,EA,CN1C,129A ,M,R,D,DO,F ,T,N,C,50,0,0,0,1679419,5403251
Marlborough District,10/03/2014,Mon,1600,GB,PS1C,159B 175B 929 ,,R,D,B ,F ,D,N,C,50,0,1,0,1679334,5403098
Marlborough District,05/12/2014,Fri,530,LB,SE1C,303B 350B ,,R,D,TF,F ,T,N,C,50,0,1,0,1679069,5402731
Marlborough District,04/06/2014,Wed,1530,KA,SS1C,302B ,,R,D,B ,F ,T,G,C,50,0,0,0,1678863,5404458
Marlborough District,04/07/2014,Fri,1815,MO,CW1C,371A ,M,R,D,DO,F , , ,N,50,0,0,0,1680212,5401747
Marlborough District,22/07/2014,Tue,650,LB,VE1C,302B 387B ,,R,D,TO,FF,X,G,C,50,0,0,0,1679611,5402790
Marlborough District,09/07/2014,Wed,945,LB,CE1C,303B 330B ,,R,D,O ,F ,X,S,C,50,0,0,0,1677943,5402063
Marlborough District,20/02/2014,Thu,710,CC,CE1,137A ,F,R,W,ON,M , ,N,C,100,0,0,0,1671483,5402206
Marlborough District,20/02/2014,Thu,715,LB,CW1VC,602A 101B 303B 375B 904 ,,R,W,O ,M ,T,N,C,100,0,2,0,1671463,5402209
Marlborough District,20/08/2014,Wed,745,HA,MS2C,302A 377A 801 ,,E,W,O ,L ,R,G,R,50,0,0,0,1678756,5402094
Marlborough District,19/05/2014,Mon,845,DA,TS1,129A 134A 350A 682A ,V,M,D,B ,F , , ,C,100,0,0,0,1665449,5407833
Marlborough District,31/05/2014,Sat,1050,DA,40,111A 131A ,FT,S,D,B ,F , , ,C,100,0,0,2,1665253,5407902
Marlborough District,06/10/2014,Mon,2030,DA,TE1,129A 131A 903 ,C,E,D,DN,FS, , ,C,100,0,0,1,1670938,5405066