TLANAME,CRASHDATE,CRASHDOW,CRASHTIME,MVMT,VEHICLES,CAUSES,OBJECTSSTRUCK,ROADCURVE,ROADWET,LIGHT,WTHRa,JUNCTYPE,TRAFCTRL,ROADMARK,SPDLIM,CRASHFATALCNT,CRASHSEVCNT,CRASHMINCNT,EASTING,NORTHING
Marlborough District,28/02/2014,Fri,135,EC,CW1,911,W,R,D,DN,F , ,N,C,70,0,0,0,1676700,5405354
Marlborough District,23/01/2014,Thu,1410,CB,CE1V,512A ,M,R,D,B ,F , , ,C,70,0,0,0,1678650,5405452
Marlborough District,03/01/2014,Fri,1135,MC,CW1C,372B 402B ,,R,W,O ,F , ,N,C,70,0,0,1,1676345,5405336
Marlborough District,21/06/2014,Sat,1530,AA,CE14,372A 801 ,,R,W,O ,L , , ,C,100,0,0,0,1673741,5405207
Marlborough District,11/12/2014,Thu,1700,HA,CE1C,301B 404B ,,R,D,O ,F ,X,S,R,100,0,0,0,1673241,5405184
Marlborough District,17/03/2014,Mon,1445,MC,CE1T,330B 372B ,,R,D,B ,F , ,N,C,100,0,0,0,1675556,5405297
Marlborough District,27/11/2014,Thu,1720,LB,VW1C,303B 350B ,,R,D,B ,F ,T,G,C,100,0,1,1,1675506,5405294
Marlborough District,06/06/2014,Fri,1530,GD,4E1P,181A 331A ,,R,D,O ,F ,T,G,C,100,0,0,0,1675506,5405294
Marlborough District,24/08/2014,Sun,1836,CB,CE1,198A 357A 504A ,P,R,D,DO,F , , ,C,70,0,0,0,1679296,5405485
Marlborough District,22/05/2014,Thu,1445,EA,CE1CC,129A 352A ,MM,R,D,B ,F , , ,N,50,0,0,0,1680124,5403845
Marlborough District,18/11/2014,Tue,1852,CB,CW1C,129A 350A ,M,R,D,BF,F , ,N,N,50,0,0,0,1679661,5404497
Marlborough District,03/01/2014,Fri,1815,DA,SS1,129A 137A ,,M,D,BN,F , ,N,C,50,0,0,1,1688431,5431598
Marlborough District,12/07/2014,Sat,1200,DA,CS1,134A 135A 404A 802 ,T,S,I,O ,FF, ,N,N,50,0,0,0,1688210,5418048
Marlborough District,18/02/2014,Tue,1430,CB,CE1,129A 816 ,,R,D,B ,F , , ,N,50,0,0,0,1687070,5417127
Marlborough District,02/04/2014,Wed,645,EA,CN1C,129A 358A ,M,R,D,DO,F , , ,C,50,0,0,0,1678426,5403913
Marlborough District,05/06/2014,Thu,1800,BA,CW1C,310A ,,R,D,DN,F , ,G,N,100,0,0,0,1671513,5428789
Marlborough District,25/06/2014,Wed,810,BA,VE1O,310A 335A 363A 843 901 ,B,R,W,O ,H , ,G,C,100,0,0,1,1671513,5428789
Marlborough District,15/04/2014,Tue,1400,BF,VN1C,111A 131A 404A ,,M,W,O ,L , , ,C,50,0,0,0,1667031,5429520
Marlborough District,15/03/2014,Sat,1713,DB,CW1,103A 131A ,V,S,W,O ,F , ,N,C,50,0,0,0,1680286,5430426
Marlborough District,19/09/2014,Fri,1650,DB,CE1,129A 134A ,V,E,D,O ,F , , ,C,70,0,0,0,1665079,5429286
Marlborough District,01/07/2014,Tue,913,GD,CN1V,331A 352A ,,R,D,BF,F ,T,G,C,50,0,0,0,1680185,5402683
Marlborough District,01/08/2014,Fri,1536,HA,CS14,302B 375B ,,R,D,BF,F ,X,G,C,50,0,0,0,1680243,5401547
Marlborough District,25/12/2014,Thu,1519,EA,CS1C,129A 350A ,M,R,D,B ,F , ,N,C,50,0,0,0,1680191,5402565
Marlborough District,01/10/2014,Wed,1308,HA,CW2C,302A ,,R,D,B ,F ,X,G,C,50,0,0,0,1680137,5403629
Marlborough District,28/01/2014,Tue,1150,MC,CS1C,372B ,,R,D,B ,F ,T,G,C,50,0,0,0,1680201,5402371
Marlborough District,03/10/2014,Fri,1714,HA,CS1C,302B ,,R,D,B ,F ,X,G,C,50,0,0,0,1680159,5403184
Marlborough District,12/06/2014,Thu,650,HA,VS1V,302B 370B 801 ,,R,W,DO,L ,X,G,C,50,0,0,0,1680268,5401059
Marlborough District,13/10/2014,Mon,1618,HA,4S14,302B 335B ,,R,D,B ,F ,X,G,C,50,0,0,1,1680268,5401059
Marlborough District,16/06/2014,Mon,1515,HA,CW2C,302A ,,R,D,O ,F ,X,G,C,50,0,0,0,1679375,5403899
Marlborough District,12/02/2014,Wed,200,DB,CN1,131A 412A ,BVZ,E,D,DN,F , ,N,C,100,0,0,0,1651290,5443418
Marlborough District,12/11/2014,Wed,1605,EC,CE1,135A 823 ,LV,S,W,OF,F ,T,N,C,50,0,0,0,1683437,5427858
Marlborough District,15/04/2014,Tue,1235,LB,CN14,303B 351B 375B ,,R,D,OF,F ,X,G,C,50,0,0,0,1679925,5401949
Marlborough District,27/04/2014,Sun,910,MO,CE1C,308A 930 ,,R,D,B ,F ,D,N,N,50,0,0,0,1679908,5402292
Marlborough District,03/06/2014,Tue,1040,JA,4S1C,308B 350B 929 ,FT,R,D,O ,F ,D,N,C,50,0,0,0,1679905,5402362
Marlborough District,09/05/2014,Fri,820,LB,SN1CC,303B 353B 375B ,,R,D,B ,F ,X,G,C,50,0,1,0,1679883,5402804
Marlborough District,03/09/2014,Wed,1409,GA,PN1C,181A 331A 381B 927 ,,R,D,B ,F ,D, ,C,50,0,0,1,1679645,5403814
Marlborough District,11/06/2014,Wed,1614,NA,CN1E,112A 306A 330A 801 ,,R,W,O ,L ,X,G,X,50,0,0,1,1679642,5403779
Marlborough District,03/05/2014,Sat,1400,GD,CN1C,331A 333A ,,R,D,BF,FF,X,G,X,50,0,0,0,1679643,5403789
Marlborough District,07/02/2014,Fri,1020,GD,CS1C,331A 350A ,,R,D,B ,F ,X,G,X,50,0,0,0,1679643,5403789
Marlborough District,24/10/2014,Fri,845,MA,4N1C,373B ,,R,W,OF,L , ,N,R,50,0,0,1,1679829,5403416
Marlborough District,03/12/2014,Wed,1525,HA,CW2C,302A ,,R,D,O ,F ,X,G,C,50,0,0,0,1679637,5403695
Marlborough District,13/11/2014,Thu,2340,HA,CN14,302B ,,R,D,DO,F ,X,G,C,50,0,0,0,1679637,5403695
Marlborough District,21/01/2014,Tue,1325,FB,CN1C,181A 331A 801 ,,R,W,O ,L ,R,G,R,50,0,0,0,1679657,5403961
Marlborough District,29/08/2014,Fri,1245,MA,CS1C,373B ,,E,D,B ,F ,R,G,R,50,0,0,0,1679688,5403577
Marlborough District,15/10/2014,Wed,630,HA,CN2S,302A 375A ,,E,D,TO,F ,R,G,C,50,0,0,1,1679681,5403598
Marlborough District,11/06/2014,Wed,810,HA,CN2S,302A ,,E,W,O ,H ,R,G,R,50,0,0,0,1679681,5403598
Marlborough District,19/05/2014,Mon,850,PC,CE1E,371A 645A 929 ,,R,D,O ,F ,D,N,N,50,0,0,1,1680284,5404147
Marlborough District,08/09/2014,Mon,1700,MD,CW1V,371B 377B 839 ,,R,D,TF,F , ,N,N,50,0,0,0,1680259,5403189
Marlborough District,04/03/2014,Tue,1520,BC,CW1C,122A 930 ,,R,D,OF,F ,D,N,C,50,0,0,0,1679643,5403159
Marlborough District,23/03/2014,Sun,309,PO,CS1E,105B 722B ,,E,D,DO,F , , ,R,50,0,1,0,1680013,5403806
Marlborough District,16/07/2014,Wed,1930,EA,VE1C,129A ,M,R,D,DO,F , , ,N,50,0,0,0,1678784,5400798
Marlborough District,16/02/2014,Sun,2045,CB,4N1,103A 197A ,,R,D,TN,F , ,N,N,100,0,2,0,1658590,5392735
Marlborough District,21/01/2014,Tue,1555,JA,CW1C,308B 375B 507B 801 929 ,,R,W,OF,L ,D, ,C,50,0,0,0,1684773,5428564
Marlborough District,30/12/2014,Tue,1530,MO,VN1C,371A 671A ,M,R,D,B ,F , , ,C,50,0,0,0,1684950,5428692
Marlborough District,27/09/2014,Sat,1214,GD,CN1C,331A 358A ,,R,D,BF,F ,X,G,C,50,0,0,0,1685015,5428768
Marlborough District,16/07/2014,Wed,1555,CC,CN1C,130A 350A 402A ,M,R,D,O ,F , , ,C,50,0,0,0,1685408,5429224
Marlborough District,22/07/2014,Tue,1100,DB,4W1,131A 386A 804 ,P,E,D,B ,F , , ,C,100,0,0,0,1685728,5406831
Marlborough District,11/04/2014,Fri,1650,HA,VW1C,302B 375B ,,R,W,OF,L ,X,G,N,50,0,0,1,1689553,5386173
Marlborough District,25/05/2014,Sun,934,MO,4S1,371A 504A 929 ,F,R,D,B ,F ,D,N,N,50,0,0,0,1679601,5402988
Marlborough District,30/08/2014,Sat,1817,QB,4N1C,103A 130A ,KM,R,D,DO,F , , ,R,50,0,0,1,1684400,5428500
Marlborough District,24/11/2014,Mon,1926,HA,CW1C,302B ,,R,D,TF,F ,X,G,C,50,0,0,1,1679273,5401008
Marlborough District,27/03/2014,Thu,752,EA,CE14,129A 363A 370A 902 ,M,R,D,B ,F , , ,C,50,0,0,1,1680318,5401061
Marlborough District,21/01/2014,Tue,1200,LB,CN1C,303B 801 ,,R,W,O ,L ,X,S,C,50,0,0,0,1684207,5428487
Marlborough District,03/01/2014,Fri,1120,HA,CS1V,301B 375B ,,R,W,OF,HS,X,S,N,50,0,0,0,1684207,5428487
Marlborough District,11/04/2014,Fri,1500,AA,CS14,372A ,,R,D,O ,F ,T,G,C,50,0,0,0,1683788,5427746
Marlborough District,13/04/2014,Sun,2139,MC,CS1C,353B 372B ,,R,W,DO,L , ,N,C,50,0,0,0,1683346,5427261
Marlborough District,18/05/2014,Sun,1825,DB,CN1,131A 407A ,G,M,D,DN,F , ,N,L,100,0,0,0,1683149,5427011
Marlborough District,27/10/2014,Mon,2046,EC,CS1,912,W,M,D,DN,F , , ,C,100,0,0,0,1682920,5426856
Marlborough District,22/06/2014,Sun,1245,DA,4N1,111A 131A ,G,M,D,O ,F , , ,L,100,0,0,1,1682706,5426807
Marlborough District,06/03/2014,Thu,1000,CB,CS1,358A ,V,R,D,ON,F , ,N,C,100,0,0,0,1681193,5424374
Marlborough District,04/12/2014,Thu,1615,DA,CN1,129A 407A 427A ,F,E,D,O ,F , , ,C,100,0,0,1,1680000,5422060
Marlborough District,25/05/2014,Sun,1330,AA,CN1C,372A ,,R,D,ON,FS, ,N,C,100,0,0,0,1679175,5419003
Marlborough District,15/02/2014,Sat,1213,DA,4N1T4,668A 197B ,,E,D,BN,F , ,N,C,100,0,0,0,1679532,5417249
Marlborough District,30/01/2014,Thu,1839,BC,VS1T,121A ,,E,D,TF,F ,T,G,C,80,0,0,1,1680218,5413315
Marlborough District,14/03/2014,Fri,1700,KB,4N1V,302B ,,E,D,B ,F ,T,G,P,80,0,0,0,1680406,5413040
Marlborough District,02/04/2014,Wed,300,CB,CS1,116A 137A 198A 817 ,,R,D,DN,F , ,N,N,80,0,0,1,1680556,5411296
Marlborough District,25/11/2014,Tue,1845,LB,CN1C,303B 377B 404B ,,R,D,O ,F ,X,S,C,70,0,0,0,1680353,5409656
Marlborough District,26/06/2014,Thu,845,CA,4S1,137A 158A ,G,R,D,B ,F , , ,C,100,0,0,1,1680332,5408354
Marlborough District,10/03/2014,Mon,1100,JA,4N14,302B 350B ,,E,D,B ,F ,T,G,R,100,0,0,0,1680332,5408304
Marlborough District,16/05/2014,Fri,1835,EC,CS1,912,W,R,D,DO,F ,T,G,C,100,0,0,0,1680333,5408161
Marlborough District,11/06/2014,Wed,300,DA,CS1,103A 131A ,V,E,W,DN,H , ,N,C,100,0,0,1,1680560,5407601
Marlborough District,20/01/2014,Mon,1140,LB,CN1V,113B 303B 375B ,,E,D,B ,F ,T,G,C,100,0,0,0,1680592,5407444
Marlborough District,29/08/2014,Fri,745,MC,CS1C,372B ,,R,D,ON,F ,T,G,C,100,0,0,0,1680617,5407280
Marlborough District,15/02/2014,Sat,1325,GA,CN1V,181A 923 ,,M,D,BF,F ,D,G,C,100,0,0,0,1680616,5407270
Marlborough District,05/11/2014,Wed,1545,ED,CN1T,197A ,Q,R,D,ON,F , ,N,C,100,0,0,0,1680609,5407178
Marlborough District,02/04/2014,Wed,1340,GE,CS1V,112A 150A 331A ,,R,D,B ,F ,T,N,C,100,0,0,0,1680604,5407128
Marlborough District,19/09/2014,Fri,20,CA,CN1,130A 410A ,F,R,W,DN,L , , ,C,100,0,0,0,1680551,5406548
Marlborough District,13/03/2014,Thu,1420,JA,TN1C,302B 375B ,,E,D,BN,F ,T,G,C,100,0,0,0,1680511,5406150
Marlborough District,10/11/2014,Mon,1520,JA,CN1C,302B ,,R,D,B ,F ,T,G,C,50,0,0,0,1680198,5405056
Marlborough District,13/03/2014,Thu,1846,LB,VN1V,303B 375B ,,R,D,B ,F ,X,G,R,50,0,0,1,1680168,5404923
Marlborough District,18/12/2014,Thu,1338,FD,CS1CC,331A 350A ,,R,D,B ,F , ,N,C,50,0,0,0,1680164,5404904
Marlborough District,26/02/2014,Wed,1145,MC,VN1C,370B 372B 404B ,,R,D,B ,F ,T,N,C,50,0,0,0,1680136,5404781
Marlborough District,18/08/2014,Mon,1012,QG,TS1C,668A ,M,R,D,B ,F , , ,C,50,0,0,0,1680096,5404603
Marlborough District,18/05/2014,Sun,1610,HA,CN1C,302A ,,E,D,BF,F ,R,G,C,50,0,0,0,1680061,5404411
Marlborough District,21/02/2014,Fri,1923,LB,CN1C,302A 375A ,,R,D,B ,F ,R,G,R,50,0,0,0,1680061,5404411
Marlborough District,31/05/2014,Sat,1550,KA,VS1C,302B 363B 902 ,,R,D,B ,F ,R,G,R,50,0,0,0,1680061,5404391
Marlborough District,04/02/2014,Tue,1530,KA,CW2C,302B ,,M,D, N,F ,R,G, ,50,0,0,0,1680061,5404391
Marlborough District,03/04/2014,Thu,1137,AO,4S14,130A 501A ,,R,D,B ,F ,R,G,C,50,0,0,1,1680063,5404099
Marlborough District,26/02/2014,Wed,1810,AO,CE1C,129A ,,R,D,BF,F ,R,G,R,50,0,0,0,1680053,5404090
Marlborough District,16/06/2014,Mon,1210,GF,BE1C,386A ,,S,D,B ,F ,R,G,P,50,0,0,0,1680053,5404090
Marlborough District,16/11/2014,Sun,1350,FD,CS1CC,181A 331A ,,R,D,B ,F , , ,C,50,0,0,1,1680078,5403951
Marlborough District,13/08/2014,Wed,1225,FD,VN1C,181A 353A 358A ,,R,D,B ,F , , ,C,50,0,0,0,1680081,5403851
Marlborough District,02/10/2014,Thu,1845,KC,TS2C,129A ,,S,D,TF,F ,R,G,R,50,0,0,0,1680120,5403794
Marlborough District,23/09/2014,Tue,1340,HA,CW1C,302A 375A ,,E,D,BF,F ,R,G,R,50,0,0,0,1680120,5403794
Marlborough District,06/10/2014,Mon,535,HA,TN1T,197A 197B 302B 901 903 ,,E,W,DO,HS,R,G,C,50,0,0,0,1680097,5403774
Marlborough District,21/11/2014,Fri,1205,FD,CW1VC,112A 331A 402A ,,R,D,O ,F , , ,C,50,0,0,0,1680345,5403805
Marlborough District,02/09/2014,Tue,1700,HA,4E1C,113B 302B ,,R,D,O ,F ,X,G,C,50,0,0,0,1680365,5403806
Marlborough District,19/06/2014,Thu,1615,HA,CE2C,301B ,,R,D,B ,F ,X,S,C,50,0,0,0,1680603,5403818
Marlborough District,14/11/2014,Fri,930,DB,VW1C,131A 411A 412A ,FHM,E,D,B ,F ,T,S,C,50,0,0,0,1680918,5403834
Marlborough District,25/12/2014,Thu,1650,DB,CN1,101A 410A ,FGT,E,D,B ,F , ,N,C,70,0,0,0,1681924,5403045
Marlborough District,19/02/2014,Wed,1208,MC,VW14,372B ,,R,D,B ,F ,T,N,C,100,0,0,0,1683673,5402156
Marlborough District,14/05/2014,Wed,1727,DB,CS1,111A 131A ,F,M,W,TN,F , ,N,C,100,0,0,0,1686150,5398209
Marlborough District,19/05/2014,Mon,1845,EC,CN1C,912,W,R,D,DN,F , , ,C,100,0,0,0,1686150,5398209
Marlborough District,23/01/2014,Thu,710,BF,MN14,131A 903 ,,E,D,BN,FS, ,N,C,100,0,1,1,1686333,5397129
Marlborough District,09/05/2014,Fri,503,DB,CN1,131A 414A ,,M,W,DN,F , ,N,L,100,0,0,0,1687057,5395096
Marlborough District,06/08/2014,Wed,820,DA,CS1,135A 806 ,G,S,W,ON,L , ,N,C,100,0,0,0,1687510,5394930
Marlborough District,03/09/2014,Wed,730,DB,4N1,131A ,E,E,D,BN,F , ,N,C,100,1,0,0,1687580,5393439
Marlborough District,11/12/2014,Thu,346,DB,TN1,330A 410A ,,E,W,DN,F , ,N,C,80,0,0,0,1688257,5391822
Marlborough District,28/11/2014,Fri,1055,QD,TN1,612A ,F,S,D,B ,F , , ,L,100,0,0,0,1689630,5387128
Marlborough District,12/01/2014,Sun,1328,DB,4N1,131A 407A 903 ,C,E,D,B ,FS, , ,C,100,0,0,2,1689751,5384802
Marlborough District,06/02/2014,Thu,34,DB,TN1,111A 131A 402A ,B,M,D,DO,F ,T,G,C,100,0,0,0,1689774,5384784
Marlborough District,11/11/2014,Tue,930,CB,CN1,410A ,G,R,D,B ,F , , ,C,100,0,0,0,1690873,5383608
Marlborough District,15/07/2014,Tue,450,EC,TS1,912,W,E,D,DN,F ,T,G,C,100,0,0,0,1692392,5380724
Marlborough District,18/07/2014,Fri,530,EC,TN1,912,W,R,D,DN,FF, , ,C,100,0,0,0,1693261,5379570
Marlborough District,15/10/2014,Wed,1036,BA,TN1T,125A 386A ,,R,D,B ,F , ,N,C,100,0,0,2,1694579,5377540
Marlborough District,26/01/2014,Sun,1340,DA,CN1,131A 198A 402A 801 903 ,C,E,W,O ,LS, , ,C,100,0,1,1,1694862,5375826
Marlborough District,09/03/2014,Sun,1633,BC,CN1C,129A 410A ,E,E,W,BN,L , ,N,C,100,0,3,0,1695452,5374590
Marlborough District,04/12/2014,Thu,1647,DA,CN1,131A 353A 404A 412A ,F,E,D,O ,F , , ,C,100,0,0,2,1695397,5373633
Marlborough District,07/04/2014,Mon,730,GD,CN14,181A 331A ,,R,D,O ,M ,T,N,C,80,0,0,0,1693909,5368518
Marlborough District,09/03/2014,Sun,1225,DB,CS1,195A ,,E,D,ON,F , ,N,C,100,0,0,0,1693278,5367359
Marlborough District,09/07/2014,Wed,545,DA,CS1,102A 131A 357A 402A 514A 904 ,EF,E,W,DN,M , , ,C,100,0,0,0,1693131,5367100
Marlborough District,17/03/2014,Mon,1730,CB,CN1,129A 134A 410A ,F,R,D,BN,F , ,N,C,100,0,0,2,1693078,5366309
Marlborough District,06/04/2014,Sun,1427,CB,CN1,116A 139A 330A 817 ,,R,D,BN,F , ,N,N,100,0,0,0,1692741,5362575
Marlborough District,29/01/2014,Wed,1420,QF,4S1,112A 406A ,EF,R,D,BF,F , ,N,C,90,0,0,1,1692468,5360916
Marlborough District,04/07/2014,Fri,1630,HA,CW1C,302B ,,R,D,O ,F ,X,G,C,50,0,0,0,1679967,5404398
Marlborough District,20/05/2014,Tue,1635,HA,CE1C,302A ,,E,D,O ,F ,R,G,R,50,0,0,0,1679756,5404388
Marlborough District,11/06/2014,Wed,2155,FD,VE1C,181A ,,R,W,DO,L , ,N,C,50,0,0,1,1679278,5404363
Marlborough District,05/01/2014,Sun,1335,LB,CW1V,303B 404B ,,R,D,B ,F ,T,G,R,50,0,0,0,1678407,5404319
Marlborough District,06/05/2014,Tue,1515,AA,CW1C,372A ,,R,D,BF,F , ,N,C,50,0,0,0,1678271,5404313
Marlborough District,19/06/2014,Thu,1345,FC,CW1C,181A ,,R,D,BF,F , ,N,X,50,0,0,0,1677882,5404291
Marlborough District,07/03/2014,Fri,1440,HA,CN2C,302A 375A ,,R,D,OF,F ,X,G,C,50,0,0,0,1677832,5404288
Marlborough District,19/03/2014,Wed,1515,FE,4W14,181A 817 ,,R,D,BN,F , ,T,N,50,0,0,0,1675544,5404173
Marlborough District,21/03/2014,Fri,1540,FE,TW1CC,331A 350A 817 ,,R,D,B ,F , ,T,L,100,0,0,1,1675514,5404171
Marlborough District,09/05/2014,Fri,1130,FA,CW1C,331A ,,R,D,B ,F ,T,N,C,80,0,0,0,1672724,5404032
Marlborough District,14/03/2014,Fri,750,LB,TW1C,303B 363B 902 ,,R,D,BF,F ,T,G,R,80,0,0,0,1672494,5404021
Marlborough District,17/08/2014,Sun,1245,HA,CW14,302B 375B ,,R,D,BF,F ,X,G,C,50,0,0,0,1668987,5404528
Marlborough District,17/05/2014,Sat,1800,JA,CE1C,101B 308B 923 ,,R,D,DO,F ,D, ,C,50,0,0,2,1668898,5404493
Marlborough District,22/06/2014,Sun,615,CB,CS1,410A ,FPS,R,W,DO,F ,X,G,L,70,0,0,0,1668333,5404731
Marlborough District,14/03/2014,Fri,935,CB,CN1,129A 410A ,CP,R,D,B ,F , ,N,C,70,0,0,0,1668326,5404885
Marlborough District,21/01/2014,Tue,1800,BA,CS1C,104A 129A ,,R,D,ON,F , ,N,C,100,0,0,2,1667787,5407878
Marlborough District,14/11/2014,Fri,1615,CC,CN1,130A ,F,R,D,B ,F , , ,C,100,0,0,0,1666746,5409444
Marlborough District,01/05/2014,Thu,,DA,CS1,129A 131A ,C,E,D,B ,F , , ,L,100,0,0,0,1666594,5409723
Marlborough District,15/11/2014,Sat,2,DA,CS1,111A 131A ,,E,D,DN,F , , ,C,100,0,0,1,1664516,5412558
Marlborough District,03/08/2014,Sun,2050,BC,CS1C,129A ,,E,W,DN,L , ,N,C,100,0,0,0,1663532,5414355
Marlborough District,24/05/2014,Sat,1600,CB,CN1C,112A 197A 801 ,T,R,W,O ,L , , ,C,100,0,0,0,1664625,5416703
Marlborough District,27/12/2014,Sat,933,CB,CS1,358A 903 ,FT,R,D,B ,FS, ,N,C,100,0,0,1,1664495,5427453
Marlborough District,19/06/2014,Thu,1411,CB,VS1,610A 680A ,,R,D,B ,F , ,N,C,100,0,0,1,1664484,5428083
Marlborough District,15/09/2014,Mon,1915,DA,CN1,131A 501A ,C,E,D,DN,L , , ,C,100,0,0,1,1656822,5428948
Marlborough District,17/11/2014,Mon,1600,CC,CW1,411A 801 ,F,R,W,O ,L , , ,C,100,0,0,1,1648822,5427768
Marlborough District,15/04/2014,Tue,950,DA,CN2,131A 386A ,E,R,W,ON,H ,T,G,C,100,0,0,1,1648179,5432233
Marlborough District,22/12/2014,Mon,130,CC,CN1,410A ,V,R,D,DN,F , , ,C,100,0,0,2,1648509,5434324
Marlborough District,06/11/2014,Thu,2128,EC,4S1,901 912 ,W,R,W,DO,H , , ,C,60,0,0,0,1648869,5435806
Marlborough District,27/10/2014,Mon,1640,DB,CN1,131A 407A 680A ,EST,M,D,O ,F , , ,L,100,0,0,2,1649157,5436794
Marlborough District,27/07/2014,Sun,1645,DA,MS1,135A 804 ,,M,D,TN,F , , ,C,100,0,0,1,1647124,5438791
Marlborough District,20/08/2014,Wed,1355,HA,CE2C,301A 375A ,,R,W,O ,F ,X,S,R,70,0,0,0,1680353,5409656
Marlborough District,23/03/2014,Sun,1750,FB,CE14,181A ,,R,D,B ,F ,X,S,R,70,0,0,0,1680353,5409656
Marlborough District,11/03/2014,Tue,25,DA,CE1,103A 111A 131A ,F,M,D,DN,F , , ,C,100,0,3,0,1679625,5410002
Marlborough District,10/05/2014,Sat,1400,GD,VE14,331A ,,R,D,B ,F ,T,G,C,100,0,0,0,1679387,5409955
Marlborough District,12/08/2014,Tue,930,GE,CE1T,151A 160A ,,R,D,B ,F ,T,G,C,80,0,0,1,1669699,5407144
Marlborough District,26/09/2014,Fri,1655,JA,CW1V,302B 671B ,,R,D,B ,F ,T,G,C,100,0,0,0,1666605,5403722
Marlborough District,19/08/2014,Tue,731,GD,VW1V,331A 353A ,,R,D,BN,F ,T,N,C,100,0,0,1,1663343,5403561
Marlborough District,10/08/2014,Sun,940,GE,4W14,333A 930 ,,R,D,BN,F ,D,N,C,100,0,0,0,1661134,5402320
Marlborough District,31/01/2014,Fri,1959,CB,CW1,130A 195A ,F,R,D,BN,F , ,N,C,100,0,0,0,1658279,5402419
Marlborough District,08/11/2014,Sat,1350,CC,40,103A ,,R,D,B ,F , ,N,N,100,0,0,0,1656370,5401857
Marlborough District,07/02/2014,Fri,1620,FA,CW1O,112A 331A 402A ,,R,W,ON,L , ,N,C,100,0,0,0,1650141,5400755
Marlborough District,07/12/2014,Sun,1139,DB,MN1,195A ,V,S,W,ON,H , ,N,C,100,0,1,0,1609522,5382319
Marlborough District,06/02/2014,Thu,827,BE,CN14,197A 205A 404A 197B ,,M,D,O ,F , , ,C,100,0,0,0,1607847,5381737
Masterton District,13/06/2014,Fri,1925,GD,CN1C,103A 331A 930 ,,R,D,DN,F ,D,N,C,50,0,0,0,1823668,5464551
Masterton District,13/09/2014,Sat,200,DA,CW1,103A 111A ,V,S,D,DN,F ,T,N,N,50,0,0,1,1823065,5461307
Masterton District,13/10/2014,Mon,539,DA,CE1T,129A 353A ,M,E,D,TF,MF,T,N,N,50,0,0,0,1822529,5464355
Masterton District,17/07/2014,Thu,1229,MO,CN1C,386A 801 ,,R,W,O ,L ,X,S,C,50,0,0,0,1824016,5463237
Masterton District,31/10/2014,Fri,1054,LB,CN1C,303B 375B ,,R,D,O ,F ,T,N,N,50,0,0,0,1824117,5463104
Masterton District,19/09/2014,Fri,1515,JA,CN1C,104A 308B 375B 929 ,,R,D,O ,F ,D, ,C,100,0,2,1,1827960,5466485
Masterton District,18/10/2014,Sat,1715,DB,CE1,111A 330A ,F,S,W,O ,F , ,N,C,100,0,0,0,1854573,5461536
Masterton District,08/03/2014,Sat,1014,DA,CE1,129A 134A ,P,E,D,BF,F , ,N,C,100,0,0,0,1826655,5472657
Masterton District,09/06/2014,Mon,1105,DA,CE2C,131A 433A ,FM,E,W,O ,L ,T,N,N,50,0,0,0,1823708,5462749
Masterton District,22/09/2014,Mon,5,MO,CN1C,512A 514A 440B ,M,M,D,DO,F ,T,N,C,50,0,0,0,1823708,5462749
Masterton District,04/06/2014,Wed,1525,FD,CN1C,331A 352A ,,R, , F,F ,R,G,R,50,0,0,0,1824116,5463304
Masterton District,13/12/2014,Sat,925,HA,CE1C,302B 375B ,,R,D,OF,F ,X,G,C,50,0,0,0,1824441,5462890
Masterton District,02/03/2014,Sun,548,DA,CS1,101A 131A ,,M,D,DO,F ,T,N,C,50,0,0,0,1823376,5461710
Masterton District,04/11/2014,Tue,1240,EA,CE1C,129A 358A ,M,R,D,B ,F , , ,N,50,0,0,0,1823697,5463459