TLANAME,CRASHDATE,CRASHDOW,CRASHTIME,MVMT,VEHICLES,CAUSES,OBJECTSSTRUCK,ROADCURVE,ROADWET,LIGHT,WTHRa,JUNCTYPE,TRAFCTRL,ROADMARK,SPDLIM,CRASHFATALCNT,CRASHSEVCNT,CRASHMINCNT,EASTING,NORTHING
Masterton District,26/12/2014,Fri,715,DA,MN1,103A 131A ,K,E,D,B ,F ,X,G,C,50,0,0,1,1824608,5462675
Masterton District,03/12/2014,Wed,1524,EA,CW14,129A 410A 500A ,M,R,D,B ,F ,T,G,C,50,0,0,1,1823863,5462094
Masterton District,17/02/2014,Mon,1450,NE,CW1E,376A 711B ,,R,D,B ,F ,X,G,C,50,0,0,1,1823708,5461973
Masterton District,28/05/2014,Wed,1603,AA,SE1C,105A 372A ,,R,D,BF,F , ,N,C,50,0,0,1,1824382,5462499
Masterton District,21/03/2014,Fri,1855,MO,CE1,110A 357A 371A ,FH,R, ,DF,F , ,N,N,50,0,0,0,1823588,5461879
Masterton District,26/11/2014,Wed,,HA,CE1C,302B 377B ,,R,D,BF,FS,T,G,C,50,0,0,0,1823513,5461820
Masterton District,21/11/2014,Fri,1509,NA,CN1E,711B 712B 727B ,,R,D,BF,F , ,N,C,50,0,0,1,1825348,5463447
Masterton District,03/06/2014,Tue,1745,NB,4E1E,306A 602A ,,E,D,DO,F ,T,G,X,50,0,0,1,1824268,5462411
Masterton District,07/11/2014,Fri,1545,MD,CW14,371B 930 ,,R,D,O ,F ,D,N,C,50,0,0,0,1824118,5462294
Masterton District,28/11/2014,Fri,805,FB,CE1C,181A 191B 903 ,,R,D,O ,FS,X,S,C,50,0,0,0,1822390,5463164
Masterton District,04/12/2014,Thu,1035,LB,PE1C,303B 375B 402B 926 ,,R,D,B ,F ,D,N,C,50,0,0,1,1824000,5463224
Masterton District,21/09/2014,Sun,1625,MA,CE1C,373B 671B ,,R,D,OF,F , ,N,C,50,0,0,0,1824343,5463492
Masterton District,22/10/2014,Wed,1030,FA,CN1C,181A 331A ,,E,D,B ,F , , ,C,50,0,0,0,1824535,5463646
Masterton District,20/03/2014,Thu,1700,LB,SN1C,303B 377B ,,R,D,BF,F ,T,G,C,50,0,0,1,1823333,5462705
Masterton District,10/06/2014,Tue,830,JA,CW1C,302B 375B ,,R,W,O ,F ,T,G,R,50,0,0,0,1823721,5463007
Masterton District,10/11/2014,Mon,930,DB,TE1,130A 631A ,,M,D,B ,F , ,N,C,100,0,0,0,1829859,5484110
Masterton District,03/11/2014,Mon,2220,GB,CW1C,158A 333A 929 ,,R, , O,  ,D,N,C,50,0,0,0,1823594,5463325
Masterton District,18/02/2014,Tue,1520,MC,CS1C,372B ,,R,D,O ,F , , ,C,50,0,0,0,1823305,5462494
Masterton District,22/11/2014,Sat,1300,JA,CS1S,113B 614B ,,R,D,BF,F ,T,N,C,50,0,0,1,1823552,5462173
Masterton District,01/12/2014,Mon,1040,MD,SN1C,204A 308B 371B 801 930 ,,R,W,O ,L ,D, ,C,50,0,0,0,1824489,5462101
Masterton District,05/02/2014,Wed,2030,MO,4S1C,371A ,M,R, ,DO,  , , ,C,50,0,0,0,1823902,5462545
Masterton District,01/07/2014,Tue,600,DA,CS1,111A 131A 402A 801 ,FH,S,W,DO,L , , ,C,50,0,0,0,1825637,5464118
Masterton District,18/05/2014,Sun,1730,EA,CS1C,129A ,M,R, , F,  , ,N,N,50,0,0,0,1825856,5464363
Masterton District,23/06/2014,Mon,735,MA,4N1V,373B 839 ,,R,D,TF,F , ,N,C,50,0,0,0,1823702,5464199
Masterton District,17/04/2014,Thu,1045,HA,CE2C,302A 386A ,,R,W,O ,H ,X,G,C,50,0,0,0,1824036,5463409
Masterton District,10/09/2014,Wed,1100,CC,MS1C,130A 350A ,IM,R,D,B ,F , , ,R,50,0,0,1,1823943,5463525
Masterton District,09/01/2014,Thu,1107,DA,CE2,111A 131A ,K,M,W,O ,L ,T,G,N,50,0,0,0,1823783,5463733
Masterton District,17/04/2014,Thu,1640,FD,CS1C,181A ,,R,W,TF,F ,X,S,C,50,0,0,0,1823712,5464095
Masterton District,22/12/2014,Mon,1235,DB,CS1,111A 351A ,FK,M,D,B ,F , ,N,C,50,0,0,0,1825351,5464807
Masterton District,13/06/2014,Fri,1920,MO,CN1,133A 427A 929 ,F,R, , F,  ,D, ,N,50,0,0,0,1821937,5463398
Masterton District,21/01/2014,Tue,1205,BF,4N14,111A 135A 801 ,,M,W,ON,L , ,N,C,100,0,0,0,1842903,5464254
Masterton District,26/06/2014,Thu,1155,DA,CE1,129A 131A 800 ,F,M,W,B ,F , , ,C,100,0,0,0,1853150,5467214
Masterton District,08/05/2014,Thu,630,BA,TS1T,125A ,,R,D,DN,F , ,N,C,100,0,0,0,1856763,5466950
Masterton District,07/09/2014,Sun,1600,CB,CW1,410A 504A ,P,R,D,B ,F , ,N,C,100,0,0,2,1829470,5461782
Masterton District,05/05/2014,Mon,1840,DA,CW1,101A 111A 131A 402A ,F,E,D,DN,F , , ,C,100,1,1,0,1829099,5461897
Masterton District,17/08/2014,Sun,1625,DB,CW1,111A 131A 801 ,,M,W,O ,F , , ,C,100,0,0,1,1843382,5464351
Masterton District,10/04/2014,Thu,1648,DB,CE14,111A 129A 131A 130B 197B 801 ,E,M,W,O ,L , , ,C,100,0,0,3,1837326,5461948
Masterton District,06/12/2014,Sat,230,DB,VW1,101A 410A ,C,E,D,DN,F , ,N,C,100,0,0,0,1837336,5461950
Masterton District,07/08/2014,Thu,638,EC,4N1,912,W,M,D,DN,F , , ,N,100,0,0,0,1836229,5453287
Masterton District,29/03/2014,Sat,2230,CB,CN1,103A 129A ,S,R,D,DN,F , ,N,N,50,0,0,0,1824524,5463608
Masterton District,30/09/2014,Tue,1115,EA,CE1C,129A 359A ,M,R,D,BF,F , ,N,C,50,0,0,0,1822421,5462913
Masterton District,21/02/2014,Fri,730,DA,CN1,111A 131A ,FV,M,D,B ,F , ,N,C,100,0,0,1,1838117,5448291
Masterton District,28/09/2014,Sun,1220,KA,4N1C,302B ,,E,D,O ,F ,T,G,C,50,0,0,0,1822566,5464305
Masterton District,25/03/2014,Tue,805,HA,4N1P,302A 375A ,,R,D,BF,F ,R,G,P,50,0,0,1,1821991,5463837
Masterton District,16/10/2014,Thu,1320,GF,TN1C,179A 381A 927 ,,R,D,B ,F ,D,N,N,50,0,0,0,1821874,5463744
Masterton District,12/02/2014,Wed,1555,KB,CS14,302A ,,E,D,B ,F ,R,G,R,50,0,0,0,1821991,5463837
Masterton District,25/01/2014,Sat,1930,DB,CN1,111A 131A 517A ,F,M,D,B ,F , , ,C,100,0,0,0,1826089,5479061
Masterton District,08/11/2014,Sat,1815,FB,CN1C,181A 363A 902 ,,E,D,B ,F ,T,G,C,100,0,0,0,1827635,5481802
Masterton District,06/08/2014,Wed,2100,GE,CN1C,372B 929 ,,R,D,DN,F ,D,N,C,100,0,0,0,1822438,5467810
Masterton District,25/01/2014,Sat,1650,CB,CN1,104A 357A 512A ,FP,R,D,B ,F , ,N,L,100,0,1,0,1822433,5468103
Masterton District,30/09/2014,Tue,1806,QG,TN1,111A 131A 682A ,,M,D,O ,F , , ,C,100,0,0,0,1822322,5473126
Masterton District,23/09/2014,Tue,1130,MO,CS14,129A 386A 507A 929 ,MP,E,D,BF,F ,D,N,C,50,0,0,0,1823808,5463510
Masterton District,10/07/2014,Thu,1154,EA,CS1C,423A ,M,R,D,BF,F , ,N,C,50,0,0,0,1823881,5463414
Masterton District,04/04/2014,Fri,2304,CB,CS1,103A 112A ,P,R,D,DO,F , ,N,C,50,0,0,0,1822902,5463680
Masterton District,09/04/2014,Wed,836,HA,CW24,302A 375A ,,M,D,O ,L ,R,G,R,50,0,0,0,1822826,5463504
Masterton District,22/05/2014,Thu,1610,HA,CN1C,302A 375A ,,R,D,BF,F ,X,G,C,50,0,0,0,1824036,5463409
Masterton District,29/06/2014,Sun,1230,HA,CN1C,302A 375A ,,R,D,BF,F ,X,G,C,50,0,0,0,1822935,5462552
Masterton District,24/09/2014,Wed,1250,HA,CW1C,302A 375A ,,R,D,BF,F ,X,G,C,50,0,0,0,1822935,5462552
Masterton District,05/02/2014,Wed,945,HA,CN1C,302B 375B ,,R,D,OF,F ,X,G,C,50,0,0,0,1822935,5462552
Masterton District,29/05/2014,Thu,1440,AC,SN1P,375A ,,R,D,BF,F , ,N,C,50,0,0,2,1823484,5462976
Masterton District,14/08/2014,Thu,1520,CB,CS1,129A 507A ,X,R,W,OF,LS, ,N,C,50,0,0,1,1824165,5463508
Masterton District,07/08/2014,Thu,1320,PC,4S1,308A 376A 925 ,,R,D,B ,F ,D,N,C,50,0,0,0,1823678,5463127
Masterton District,01/07/2014,Tue,1015,JA,CE1C,308B 377B 927 ,,R,D,O ,F ,D,N,C,50,0,0,0,1823497,5462986
Masterton District,22/11/2014,Sat,1215,HA,CS1C,321A 351A 801 ,,R,W,O ,L ,X,S,R,50,0,0,6,1823260,5462801
Masterton District,04/11/2014,Tue,1630,EE,CE1C,386A 374B ,Q,E,D,B ,F , ,N,C,50,0,0,0,1823730,5463168
Masterton District,29/06/2014,Sun,1825,EA,CE1C,129A 402A ,M,R,D,DO,F , , ,C,50,0,0,0,1822640,5463579
Masterton District,22/01/2014,Wed,1040,HA,CE1C,302A ,,E,D,B ,F ,R,G,R,50,0,0,0,1822826,5463504
Masterton District,11/02/2014,Tue,1700,NA,CS1EP,306A 370A 717B 181C 420C ,,E,D,B ,F ,R,G,X,50,0,0,2,1822826,5463504
Masterton District,07/11/2014,Fri,1517,MA,4N1V,330B 373B ,,R,D,B ,F , ,N,C,50,0,0,0,1823540,5463217
Masterton District,30/12/2014,Tue,1530,DA,CN1,131A 412A ,V,E,D,B ,F , , ,C,100,0,0,5,1857768,5447506
Masterton District,23/12/2014,Tue,1610,HA,CS1C,301B 375B ,,R,D,B ,F ,X,S,C,50,0,0,0,1823260,5462801
Masterton District,12/12/2014,Fri,1140,LB,CN1V,303B 355B ,,R,D,B ,F ,X,S,C,50,0,0,1,1823260,5462801
Masterton District,09/06/2014,Mon,1830,LB,CW1C,301A 321A ,,R,W,DO,F ,X,S,C,50,0,0,1,1823260,5462801
Masterton District,18/07/2014,Fri,2235,DB,CN1,103A 111A 131A 801 ,FP,E,W,DN,L ,T,N,N,100,0,0,3,1818552,5465557
Masterton District,28/09/2014,Sun,1229,HA,CN1C,302B ,,R,W,O ,L ,X,G,R,50,0,1,2,1822731,5462350
Masterton District,14/09/2014,Sun,1725,MB,CE1C,372B 381B ,,R,D,B ,F ,X,G,C,50,0,0,0,1822588,5462206
Masterton District,30/04/2014,Wed,1305,EA,CN14,129A 130A 412A ,M,R,D,B ,F , , ,C,50,0,0,1,1822215,5461827
Masterton District,07/10/2014,Tue,1645,NA,CW1E,711B ,,R,D,B ,F , ,N,C,50,0,1,0,1825053,5463780
Masterton District,10/10/2014,Fri,2150,CB,CE1,132A ,P,R,D,DO,F , ,N,C,50,0,0,0,1825237,5463706
Masterton District,26/04/2014,Sat,1600,GD,4000000000000000000000000000000000000000000000000000000000000000000000000000000000000000000000000000000000000000000000000000000000000000000000000,331A 358A 926 ,,R,D,BF,F ,D,N,C,50,0,0,4,1825735,5463510
Masterton District,08/05/2014,Thu,1650,MA,4W1C,373B ,,R,D,O ,F , , ,C,50,0,0,0,1824743,5463901
Masterton District,24/04/2014,Thu,2230,CC,CW1,505A 512A ,P,R,D,DO,F , ,N,C,50,0,0,1,1825053,5463780
Masterton District,27/02/2014,Thu,1500,GD,CE1C,333A 926 ,,R,D,BN,F ,D,N,C,50,0,0,0,1825062,5463776
Masterton District,06/01/2014,Mon,830,CA,CW1,129A 130A ,,R,D,B ,F , , ,C,100,0,0,0,1832300,5465447
Masterton District,23/04/2014,Wed,330,EC,CW1,904 912 ,W,R,D,DN,M , , ,C,100,0,0,0,1833114,5466070
Masterton District,28/10/2014,Tue,905,MO,CN1,130A 402A 407A ,F,R,D,O ,F , , ,N,100,0,0,0,1824590,5459845
Masterton District,16/04/2014,Wed,300,EC,VN1,912,W,R,D,DN,F , ,N,C,100,0,0,0,1824844,5461326
Masterton District,25/03/2014,Tue,1540,AO,TS1C,818,,R,D,BN,F , ,N,N,100,0,0,0,1865922,5477284
Masterton District,30/10/2014,Thu,805,KA,CS1C,308B 929 ,,R,D,O ,F ,D,N,C,100,0,0,2,1819127,5463182
Masterton District,10/11/2014,Mon,1700,DA,CW1,111A 131A ,V,M,D,BF,F , ,N,N,100,0,0,0,1813850,5469885
Masterton District,24/02/2014,Mon,1517,HA,CW1C,301B 375B ,,R,D,BF,F ,X,S,R,50,0,0,0,1823524,5464127
Masterton District,03/06/2014,Tue,10,CC,CE1,103A 130A 801 ,F,R,W,DN,L , , ,N,100,0,0,0,1825057,5468413
Masterton District,21/04/2014,Mon,1320,EC,CN1,911,W,R,D,BF,F ,X,G,C,50,0,0,0,1824057,5462700
Masterton District,16/03/2014,Sun,2000,CC,CN1,130A 402A ,FK,R,D,TO,F , , ,C,50,0,0,0,1824014,5462755
Masterton District,24/05/2014,Sat,1420,QG,4S1,130A 901 903 ,,E,W,O ,HS, , ,C,100,0,0,0,1820814,5482094
Masterton District,03/08/2014,Sun,1813,EC,CN1,915,W,R,W,DN,L , , ,C,100,0,0,0,1820750,5481601
Masterton District,03/08/2014,Sun,2030,CB,CN1C,130A 407A ,M,R,W,DN,H , , ,C,100,0,0,2,1820744,5481302
Masterton District,12/12/2014,Fri,1500,DC,CS1,332A 410A ,EFS,M,D,B ,F , , ,C,100,0,1,1,1823953,5470974
Masterton District,19/07/2014,Sat,1110,QF,CS1C,682A 198B ,D,R,D,B ,F , , ,P,100,0,0,0,1824065,5470384
Masterton District,15/06/2014,Sun,1204,GE,CN1C,160A ,VV,E,D,B ,F ,T,S,C,100,0,0,0,1824782,5466761
Masterton District,17/11/2014,Mon,1420,DA,CS1,111A 131A 402A ,FV,M,W,O ,F , ,N,C,100,0,0,1,1824993,5465685
Masterton District,16/11/2014,Sun,2214,JA,CN1S,105B 205B 302B ,,R,D,DO,F ,T,G,C,50,0,1,0,1824737,5464186
Masterton District,11/10/2014,Sat,1258,JA,CN14,145A 302B 387B ,,R,D,B ,F ,T,G,C,50,0,0,0,1824707,5464015
Masterton District,09/10/2014,Thu,523,MC,SS1C,372B ,,R,D,TO,F , , ,C,50,0,0,1,1824705,5463995
Masterton District,09/08/2014,Sat,1527,FB,4W1C,181A 353A ,,R,D,B ,F ,T,G,C,50,0,0,0,1824696,5463919
Masterton District,29/12/2014,Mon,1045,FC,CS1T,331A 352A ,,R,D,B ,F , ,N,R,50,0,0,0,1824672,5463900
Masterton District,04/04/2014,Fri,1519,FD,CS14T,331A 181B 902 ,,R,D,B ,F , , ,R,50,0,0,0,1824672,5463900
Masterton District,16/05/2014,Fri,910,NB,CN1E,306A 363A 376A 902 ,,E,D,B ,F , , ,X,50,0,0,1,1824645,5463877
Masterton District,15/04/2014,Tue,825,FD,CS1CC,181A 330A ,,R,D,B ,F ,R,G,C,50,0,0,1,1824545,5463794
Masterton District,24/02/2014,Mon,2205,FB,CS1C,331A ,,R,D,DO,F ,T,G,R,50,0,0,0,1824439,5463842
Masterton District,08/11/2014,Sat,710,DA,CE1T,131A 363A 902 ,M,R,D,B ,F ,T,N,C,50,0,0,0,1824170,5463664
Masterton District,18/08/2014,Mon,2007,NB,CN1E,713B ,,R,D,DO,F , ,N,C,50,0,0,1,1824073,5463591
Masterton District,20/05/2014,Tue,1500,KC,CS1C,308A 370A 370B 927 ,,R,D,B ,F ,D,G,C,50,0,0,0,1824057,5463579
Masterton District,06/06/2014,Fri,1400,JA,CE1C,308B 924 ,,R,D,BF,F ,D,N,P,50,0,0,0,1824008,5463539
Masterton District,26/08/2014,Tue,1350,CA,MS1,130A 401A 402A 801 ,,R,W,O ,L , , ,C,50,0,0,0,1823937,5463484
Masterton District,01/11/2014,Sat,232,DB,CS1,103A 111A ,T,M,D,DO,F ,X,G,C,50,0,1,0,1823869,5463431
Masterton District,17/04/2014,Thu,1700,FD,PE14,181A ,,R,W,O ,H , , ,C,50,0,0,1,1823846,5463412
Masterton District,14/04/2014,Mon,1536,KA,VS1C,308B 375B 801 927 ,,R,W,O ,L ,D, ,C,50,0,0,0,1823623,5463238
Masterton District,15/12/2014,Mon,1205,MO,CN1,133A 507A ,F,R,D,BF,F , ,N,C,50,0,0,1,1823224,5462928
Masterton District,21/03/2014,Fri,1745,JC,CW2C,302A 375A ,,S,D,OF,F ,T,G,C,50,0,0,0,1823185,5462897
Masterton District,27/09/2014,Sat,2000,JA,CS1C,302B 387B ,,R,W,DO,L ,T,G,C,50,0,0,0,1822864,5462644
Masterton District,08/04/2014,Tue,853,KA,VS1CC,302B 375B ,,R,W,O ,F ,R,G,P,50,0,0,0,1822677,5462477
Masterton District,10/04/2014,Thu,1840,CC,CE1,132A ,S,R,W,DO,F ,R,G,C,50,0,0,0,1822659,5462474
Masterton District,17/01/2014,Fri,1640,JA,CW1C,145A 302B 375B ,,R,W,TF,H ,T,G,C,50,0,0,0,1822477,5462400
Masterton District,24/11/2014,Mon,1510,FD,CE1C,181A ,,R,D,BF,F , ,N,C,50,0,0,3,1822414,5462383
Masterton District,01/04/2014,Tue,1508,FD,CW1CC,181A ,,R,D,BF,F , ,N,X,50,0,0,1,1822380,5462374
Masterton District,15/01/2014,Wed,2105,FC,CW1C,350A 427A ,,R,D,DO,F ,T,N,C,50,0,0,0,1821758,5462208
Masterton District,22/04/2014,Tue,1040,FC,ME1C,112A 181A 331A 402A 801 ,,R,W,O ,L ,T,G,C,50,0,0,1,1821753,5462206
Masterton District,04/06/2014,Wed,1530,GD,CW14,181A ,,R,D,BF,F ,T,G,C,50,0,0,0,1821753,5462206
Masterton District,11/01/2014,Sat,540,DB,CE1C,103A 111A ,M,R,D,O ,F ,T,G,C,50,0,0,0,1821583,5462160
Masterton District,09/10/2014,Thu,709,LB,TW1C,303B 363B 902 ,,R,D,B ,F ,T,N,C,50,0,0,1,1821474,5462137
Masterton District,29/03/2014,Sat,1448,BF,CE1C,130A 501A ,,R,D,B ,F , , ,C,50,0,0,2,1821402,5462136
Masterton District,09/06/2014,Mon,1618,DB,CE2,131A 133A 402A 801 ,P,M,W,O ,L ,T,G, ,50,0,0,0,1821086,5462134
Masterton District,30/11/2014,Sun,150,BA,CE1S,129A 358A ,,R,D,DO,L ,T,G,C,50,0,0,1,1821086,5462134
Masterton District,29/09/2014,Mon,1845,DA,CE1,131A 501A ,F,E,D,TF,F ,T,G,P,70,0,0,1,1819883,5462095
Matamata-Piako District,11/02/2014,Tue,645,CB,CE1,410A ,E,R,D,B ,F , , ,N,60,0,0,0,1822618,5829120
Matamata-Piako District,24/12/2014,Wed,1115,HA,CE1C,301B 375B ,,R,D,BF,F ,X,S,C,50,0,0,0,1822803,5829196
Matamata-Piako District,12/02/2014,Wed,800,NB,CW1E,712B ,,R,D,BN,F ,X,S,R,50,0,0,1,1822904,5829264
Matamata-Piako District,08/03/2014,Sat,1154,HA,MS1T,302B 375B ,,R,D,BF,F ,X,G,C,100,1,0,0,1847328,5824201
Matamata-Piako District,19/04/2014,Sat,750,DB,CW2,111A 131A 402A ,V,S,W,O ,F , , ,C,70,0,0,0,1821671,5829295
Matamata-Piako District,24/04/2014,Thu,1345,DA,CN2,111A 131A 801 804 ,B,M,W,O ,L ,T,N,C,100,0,0,0,1823244,5818924
Matamata-Piako District,12/06/2014,Thu,900,GE,VN1C,151A 801 929 ,V,R,W,O ,L ,D, ,C,100,0,0,0,1824953,5827109
Matamata-Piako District,04/09/2014,Thu,821,CC,VS1,130A 351A ,FP,R,D,B ,F , , ,C,70,0,0,0,1837688,5840740
Matamata-Piako District,25/10/2014,Sat,1200,DB,CN2,111A 131A 404A ,F,M,D,B ,F ,T,G,C,100,0,0,0,1839660,5804713
Matamata-Piako District,17/02/2014,Mon,1510,LB,TW1T,125A 303A 410A ,T,R,D,B ,F ,T,N,C,100,0,0,0,1818918,5836984
Matamata-Piako District,17/12/2014,Wed,1615,DA,CS1,131A 191A ,T,M,W,OF,H , ,N,C,100,0,0,1,1819456,5837086
Matamata-Piako District,11/06/2014,Wed,1845,DA,CE1,131A 901 903 ,V,M,W,DN,HS, , ,C,100,0,0,1,1819163,5837090
Matamata-Piako District,08/10/2014,Wed,1917,DB,CE1,101A 111A 131A ,F,E,D,BN,F , ,N,C,100,0,0,1,1836215,5824662
Matamata-Piako District,06/09/2014,Sat,830,GE,CW14,112A 387A 410A 929 ,F,R,D,B ,F ,D, ,C,50,0,0,0,1835883,5838116
Matamata-Piako District,29/03/2014,Sat,1540,DB,CN1,131A 929 ,P,R,D,O ,F ,D,N,C,50,0,0,0,1822895,5829888
Matamata-Piako District,30/09/2014,Tue,924,JA,CW1C,301B 375B ,F,M,D,B ,F ,X,S,C,50,0,0,0,1823626,5830536
Matamata-Piako District,07/10/2014,Tue,2025,EA,CE1C,101A 129A ,M,R,D,DO,F , ,N,C,50,0,0,0,1822729,5829778
Matamata-Piako District,28/09/2014,Sun,2030,CB,CS1,130A ,F,R,D,DN,F , , ,C,100,0,0,1,1830365,5830375
Matamata-Piako District,10/01/2014,Fri,824,HA,CW1C,113B 302B ,,R,D,B ,F ,X,G,N,50,0,0,1,1839550,5842045
Matamata-Piako District,02/08/2014,Sat,2225,CC,CS1,102A 112A ,F,R,D,DN,F , ,N,C,100,0,0,1,1832949,5847761
Matamata-Piako District,12/12/2014,Fri,2045,PC,CE1E,371A 671A 929 ,,E,D,TO,F ,D,N,N,50,0,0,1,1843718,5812123
Matamata-Piako District,12/06/2014,Thu,1400,HA,CS1C,302B 357B ,,R,W,O ,L ,X,G,C,50,0,0,0,1839550,5842045
Matamata-Piako District,23/05/2014,Fri,750,EA,CE1T,129A 363A 902 ,M,R,D,B ,F , , ,N,50,0,0,1,1822046,5830328
Matamata-Piako District,25/04/2014,Fri,1130,BE,CN14,197A 357A 404A 197B 853 ,,R,W,O ,F , , ,N,100,0,0,3,1852225,5819525
Matamata-Piako District,25/03/2014,Tue,630,CC,VW1,358A 801 ,CFS,R,W,O ,L , , ,C,70,0,0,1,1837740,5839783
Matamata-Piako District,13/09/2014,Sat,1900,CA,4N1,101A 130A ,JV,R,D,DN,F , , ,N,100,0,0,0,1837674,5839756
Matamata-Piako District,21/06/2014,Sat,1101,HA,CS2T,302B ,,R,W,O ,F ,X,G,C,100,0,0,0,1840907,5816795
Matamata-Piako District,21/03/2014,Fri,1915,GE,MS1C,160A 372B 929 ,,R,D,TF,F ,D, ,N,50,0,0,0,1823132,5829952
Matamata-Piako District,23/06/2014,Mon,1823,EC,CN1,912,FTW,R,D,DN,F , , ,C,100,1,0,0,1842569,5806648
Matamata-Piako District,18/03/2014,Tue,1530,GC,VS1C,171B 404B ,,R,D,BF,F ,T,G,L,100,0,0,2,1842673,5806930
Matamata-Piako District,22/03/2014,Sat,950,GD,CS1T,331A ,,R,D,B ,F ,T,G,L,100,0,0,0,1842673,5806930
Matamata-Piako District,07/05/2014,Wed,1944,CB,CN1,129A ,P,R,W,DN,F , ,N,C,100,0,0,0,1824515,5833332
Matamata-Piako District,02/11/2014,Sun,1445,MB,ME1C,372B ,,R,D,ON,F , ,N,C,100,0,0,1,1831939,5826820
Matamata-Piako District,23/05/2014,Fri,1400,CB,TW1,330A 665A ,CF,R,D,O ,F , ,N,C,100,0,0,0,1829808,5826690
Matamata-Piako District,12/08/2014,Tue,1406,FE,CN1C,331A 353A 402A ,G,R,D,OF,F ,T,G,R,100,0,0,2,1824265,5827958
Matamata-Piako District,20/03/2014,Thu,940,BA,CW1T,129A 350A ,,R,D,BN,F , ,N,C,100,0,1,0,1832313,5826728
Matamata-Piako District,04/03/2014,Tue,1900,GE,CW14,333A 927 ,,R,D,TN,F ,D,N,C,100,0,0,0,1825272,5827465
Matamata-Piako District,25/07/2014,Fri,1905,EC,CE1,912,W,R,D,DN,F , , ,N,100,0,0,0,1821594,5827839
Matamata-Piako District,11/05/2014,Sun,155,EC,CN1,912,W,R,D,DN,F , ,N,C,100,0,0,0,1819511,5826955
Matamata-Piako District,26/06/2014,Thu,1840,EC,CE1,912,W,R,D,DN,F , ,N,C,100,0,0,0,1839342,5818269
Matamata-Piako District,24/05/2014,Sat,420,CB,CN1,410A 801 ,P,R,W,DO,L ,X,G,R,50,0,0,1,1822991,5828916
Matamata-Piako District,19/03/2014,Wed,1710,QG,TS1C,682A ,D,R,D,B ,F , , ,C,100,0,0,1,1841298,5836685
Matamata-Piako District,04/10/2014,Sat,2120,GD,CS1C,181A 929 ,,R,W,DN,L ,D,N,C,100,0,0,0,1845925,5827156
Matamata-Piako District,23/05/2014,Fri,2000,DB,CS1,131A 197A 801 ,F,S,W,DO,L , , ,C,100,0,0,0,1817886,5828274
Matamata-Piako District,13/08/2014,Wed,1830,DC,CS2,112A 130A 330A 901 ,GV,R,W,DO,H ,T,G,C,100,0,0,0,1838228,5838620
Matamata-Piako District,17/04/2014,Thu,950,DA,CS1,136A 631A ,F,E,W,ON,H , ,N,C,100,0,0,0,1820978,5843583
Matamata-Piako District,18/09/2014,Thu,553,QO,TN1,650A 692A ,C,R,D,DN,F , , ,C,100,0,0,0,1821086,5842622
Matamata-Piako District,20/01/2014,Mon,1310,DB,CN1,111A ,V,M,W,O ,F , ,N,C,100,0,0,0,1821225,5842312
Matamata-Piako District,20/01/2014,Mon,1305,DB,CN1,111A 131A 632A ,T,M,W,OF,L , , ,C,100,0,0,1,1821225,5842312
Matamata-Piako District,17/08/2014,Sun,1712,DA,CS1,412A ,P,M,D,DN,F , , ,C,100,0,1,0,1821225,5842312
Matamata-Piako District,13/04/2014,Sun,146,DA,4S1,103A 131A ,V,M,W,DN,F , , ,C,100,0,0,0,1821188,5842120
Matamata-Piako District,10/06/2014,Tue,415,DC,CW2,321A ,F,R,W,DN,HS,T,S,C,100,0,0,0,1820707,5845109
Matamata-Piako District,05/03/2014,Wed,850,DB,CN1,111A 131A ,CFV,M,W,ON,L , ,N,C,100,0,1,0,1821214,5842337
Matamata-Piako District,04/01/2014,Sat,2048,CB,CS1,410A ,P,R,D,TN,F , , ,C,100,0,0,0,1821473,5839522
Matamata-Piako District,23/02/2014,Sun,1309,DB,4S1,197A ,P,M,D,B ,F , , ,C,100,0,0,0,1820893,5837667