TLANAME,CRASHDATE,CRASHDOW,CRASHTIME,MVMT,VEHICLES,CAUSES,OBJECTSSTRUCK,ROADCURVE,ROADWET,LIGHT,WTHRa,JUNCTYPE,TRAFCTRL,ROADMARK,SPDLIM,CRASHFATALCNT,CRASHSEVCNT,CRASHMINCNT,EASTING,NORTHING
Matamata-Piako District,02/11/2014,Sun,1743,AF,CS1C,150A 381A 104B 197B ,,R,D,B ,F , ,N,C,100,0,0,0,1821211,5832863
Matamata-Piako District,30/08/2014,Sat,1640,EA,MS1C,104A 370A 443B ,Q,R,D,O ,F ,T,S,C,100,0,1,0,1836611,5819288
Matamata-Piako District,31/08/2014,Sun,500,CC,CN1,130A 402A 412A ,F,R,D,DN,F , , ,C,100,0,0,0,1824035,5828068
Matamata-Piako District,13/06/2014,Fri,2227,EC,VN1,912,W,R,D,DN,F , , ,C,100,0,1,0,1823711,5828228
Matamata-Piako District,01/03/2014,Sat,940,GD,ME1O,331A 929 ,,R,D,BN,F ,D,N,C,100,1,0,0,1831844,5819622
Matamata-Piako District,02/10/2014,Thu,345,DA,TE1,131A 410A ,V,E,D,DN,F , ,N,C,100,0,0,0,1833855,5819157
Matamata-Piako District,25/11/2014,Tue,820,JA,CW1C,302B ,,M,D,OF,F ,T,G,L,100,0,0,0,1835925,5818651
Matamata-Piako District,26/11/2014,Wed,1018,GD,CS14,331A 358A ,,R,W,O ,L ,T,G,L,100,0,0,1,1825723,5824168
Matamata-Piako District,31/07/2014,Thu,1620,DA,CE1,103A 111A 131A ,P,M,D,ON,F , ,N,L,100,0,0,0,1825926,5830767
Matamata-Piako District,26/08/2014,Tue,1750,CC,CN1,103A 130A ,FT,R,D,TN,F , , ,C,100,0,0,1,1833733,5832497
Matamata-Piako District,02/01/2014,Thu,1345,AF,CS1C,129B 130B 191B ,F,R,D,BN,F , , ,N,100,0,0,0,1833848,5832136
Matamata-Piako District,04/01/2014,Sat,937,KB,TN1C,301B 507B ,,R,D,B ,F ,X,S,N,100,0,0,0,1833118,5843683
Matamata-Piako District,19/07/2014,Sat,942,CC,CE1,357A 512A ,P,R,D,ON,F , ,N,C,50,0,0,1,1835905,5838577
Matamata-Piako District,04/10/2014,Sat,1800,DA,TS1,129A 504A ,F,E,W,O ,L , ,N,L,100,0,0,0,1831588,5835224
Matamata-Piako District,27/11/2014,Thu,1126,CC,CW1,129A 358A ,,R,D,B ,F , ,N,C,100,0,0,0,1848912,5813562
Matamata-Piako District,19/06/2014,Thu,1600,CB,CN1,410A ,FV,R,W,O ,L , , ,C,100,0,0,0,1832808,5852674
Matamata-Piako District,26/10/2014,Sun,646,CB,CW1,195A 402A ,FKT,R,D,O ,F , , ,L,100,0,0,0,1823481,5845623
Matamata-Piako District,21/07/2014,Mon,620,CB,CE1,104A 108A ,,R,W,DN,F , ,N,C,100,0,0,1,1823146,5845521
Matamata-Piako District,12/07/2014,Sat,1315,DA,CW1,131A 400A ,,E,W,ON,H , ,N,P,100,0,0,0,1830575,5847727
Matamata-Piako District,06/08/2014,Wed,1810,LB,VW1C,303B 375B 929 ,F,R,D,DN,F ,D,N,C,100,0,0,0,1829995,5847508
Matamata-Piako District,15/11/2014,Sat,1250,BC,CS1T,110A 121A 818 831 ,,M,W,O ,F , ,N,N,100,0,0,1,1835505,5816142
Matamata-Piako District,31/03/2014,Mon,2120,DA,CW1,129A 134A ,CF,M,D,DN,F , ,N,N,100,0,0,0,1834129,5814614
Matamata-Piako District,11/06/2014,Wed,915,DB,CN1,111A 131A 355A 404A 801 ,F,M,W,O ,L ,T,G,C,100,0,0,0,1839660,5804713
Matamata-Piako District,23/05/2014,Fri,1409,JA,CN1C,302B 370B ,,R,W,B ,F ,T,G,C,50,0,0,0,1844249,5811895
Matamata-Piako District,16/08/2014,Sat,1210,LB,CS1C,303B 375B ,FT,R,D,B ,F ,T,N,C,50,0,0,1,1839746,5841100
Matamata-Piako District,11/10/2014,Sat,1215,CB,CS1,130A 350A ,F,R,D,BN,  , ,N,C,100,0,0,0,1834795,5836353
Matamata-Piako District,30/08/2014,Sat,935,LB,CN1O,303B 375B 929 ,,R,D,O ,F ,D, ,C,100,0,0,2,1835547,5835409
Matamata-Piako District,02/11/2014,Sun,2300,QG,TE1C,682A ,D,R,D,DN,F , , ,C,100,0,0,0,0,0
Matamata-Piako District,18/11/2014,Tue,1400,LB,CE1S,301A 375A ,,R,D,B ,F ,T,S,C,50,0,0,1,1843755,5811890
Matamata-Piako District,16/01/2014,Thu,1450,DB,CN1,102A ,FP,E,D,B ,F , ,N,C,100,0,0,0,1840058,5839236
Matamata-Piako District,15/06/2014,Sun,25,DA,CS1,103A 111A 131A ,FP,E,D,DN,F , , ,C,100,0,0,0,1840024,5839308
Matamata-Piako District,24/08/2014,Sun,1525,CB,CS1,134A 402A ,FS,R,D,B ,F , , ,C,100,0,0,0,1838955,5840414
Matamata-Piako District,14/04/2014,Mon,2130,CC,CW1,195A ,V,R,D,DN,F , ,N,C,100,0,0,0,1841454,5810478
Matamata-Piako District,26/09/2014,Fri,1155,GE,MN14,160A 514A 929 ,,R,D,BF,F ,D,N,P,50,0,0,1,1822145,5830395
Matamata-Piako District,08/03/2014,Sat,2028,CB,CN1,103A 130A 433A 804 ,T,R,D,B ,F , , ,R,50,0,0,2,1822523,5829832
Matamata-Piako District,18/09/2014,Thu,1509,FD,4N1M,331A 350A ,,R,W,OF,F , ,P,X,50,0,0,1,1822484,5829890
Matamata-Piako District,13/02/2014,Thu,1605,KB,CS1C,301B 377B ,,R,D,O ,F ,T,S,R,50,0,0,0,1822567,5829766
Matamata-Piako District,27/06/2014,Fri,1713,FC,CN1C,181A 645A ,,R,W,TO,L , , ,X,50,0,0,1,1822987,5829141
Matamata-Piako District,10/06/2014,Tue,1235,BE,CE1V,130A 410A 197B 901 ,B,R,W,O ,H , , ,C,100,0,1,0,1814371,5845630
Matamata-Piako District,05/10/2014,Sun,1440,DA,CW1,131A ,FP,S,D,B ,F , , ,C,80,0,0,0,1820266,5846710
Matamata-Piako District,07/11/2014,Fri,1858,DA,4W1,129A 134A 358A ,C,M,D,B ,F , , ,C,100,0,0,1,1814858,5845716
Matamata-Piako District,17/08/2014,Sun,1638,CC,CN1C,134A 197A 818 832 929 ,C,R,D,B ,F ,D,N,N,100,0,0,1,1821449,5822256
Matamata-Piako District,29/09/2014,Mon,1336,HA,CW2C,302A ,,R,D,O ,F ,X,G,C,50,0,0,0,1844139,5811416
Matamata-Piako District,30/05/2014,Fri,921,JA,CE1C,302B 377B 839 ,,R,W,OF,L ,T,G,C,50,0,0,0,1844142,5811152
Matamata-Piako District,23/06/2014,Mon,415,EC,VN1,904 912 ,W,R,D,DN,M , , ,N,100,0,0,0,1817754,5836386
Matamata-Piako District,19/02/2014,Wed,2340,DA,MN1,101A 121A 131A ,F,E,D,DN,F , , ,C,100,0,1,0,1831696,5845766
Matamata-Piako District,10/05/2014,Sat,1344,HA,CN24,103A 129A 321A ,TV,R,D,B ,F ,X,S,C,100,0,0,1,1841944,5838889
Matamata-Piako District,03/01/2014,Fri,630,CB,CN1,129A 504A ,C,R,D,TN,F , ,N,C,100,0,0,0,1850713,5801884
Matamata-Piako District,11/12/2014,Thu,1539,JC,CN1C,302B ,,M,D,BF,F ,T,G,C,50,0,0,0,,
Matamata-Piako District,02/03/2014,Sun,140,DB,CS1,103A ,CF,M,D,DN,F , ,N,C,100,0,0,0,1847627,5823949
Matamata-Piako District,04/09/2014,Thu,120,CC,VN1,101A 130A 412A ,T,R,D,DN,F , , ,C,100,0,0,1,1847877,5814816
Matamata-Piako District,15/06/2014,Sun,2058,DA,CW1C,131A ,,M,D,DO,F , , ,N,50,0,0,0,1822187,5829973
Matamata-Piako District,27/06/2014,Fri,1820,CB,CN1,129A 130A ,JXZ,R,W,DN,L , , ,C,100,0,0,0,1845166,5822822
Matamata-Piako District,27/05/2014,Tue,1533,JA,4S1C,302B 375B ,,R,D,B ,F ,T,G,C,100,0,0,2,1843248,5814446
Matamata-Piako District,18/12/2014,Thu,1900,CB,CE1,129A ,V,R,D,ON,F , ,N,C,100,0,0,0,1834749,5829781
Matamata-Piako District,03/03/2014,Mon,654,DC,CS2,335A 904 ,F,R,W,DN,M ,T,G,R,100,0,0,0,1844324,5820507
Matamata-Piako District,12/09/2014,Fri,1156,MO,CS1V,423A ,KMX,R,D,O ,F , , ,C,50,0,0,0,1839706,5841306
Matamata-Piako District,13/06/2014,Fri,1650,CB,CW1,112A 129A ,V,R,D,O ,F , ,N,N,100,0,0,0,1829688,5844357
Matamata-Piako District,24/04/2014,Thu,800,DC,CE2,133A 423A ,P,R,D,OF,F ,T,N,N,50,0,0,0,1821784,5830246
Matamata-Piako District,21/10/2014,Tue,30,DA,CE1,131A 412A ,F,E,D,DO,F , , ,C,100,0,0,0,1834220,5797150
Matamata-Piako District,29/10/2014,Wed,720,AA,OW1T,381A ,,E, ,OF,  ,T,G,C,100,0,0,0,1834473,5797129
Matamata-Piako District,03/02/2014,Mon,840,MF,4N14,371B 377B ,,R,D,B ,F , , ,R,50,0,0,0,1843952,5811791
Matamata-Piako District,10/02/2014,Mon,1155,JC,TS1V,113A 302A ,,E,D,B ,F ,T,G,C,50,0,0,0,1843993,5811768
Matamata-Piako District,03/10/2014,Fri,1210,BE,CN1C,133A 427A ,,R,W,OF,L ,T,G,R,50,0,0,0,1844040,5811743
Matamata-Piako District,25/01/2014,Sat,2312,HA,4E1C,302A 375A ,,R,D,DO,F ,R,G,R,50,0,0,0,1844152,5811680
Matamata-Piako District,06/02/2014,Thu,1445,LB,CW1C,302A ,,R,D,B ,F ,R,G,C,50,0,0,0,1844893,5811286
Matamata-Piako District,01/10/2014,Wed,2015,CB,CE1,130A 351A 357A ,F,R,D,DO,F , , ,C,100,0,0,0,1846430,5810409
Matamata-Piako District,10/12/2014,Wed,2020,DB,VS1,111A 131A 901 ,C,M,W,TN,H , , ,C,100,0,0,0,1847386,5809700
Matamata-Piako District,11/01/2014,Sat,1921,BF,CN1C,131B 668B ,F,S,D,O ,F , , ,C,100,0,3,2,1849326,5807813
Matamata-Piako District,06/10/2014,Mon,950,JA,CS1C,197A 302B 375B 507B ,FT,R,W,O ,  ,T,G,C,100,0,0,0,1849704,5807097
Matamata-Piako District,29/10/2014,Wed,1030,JA,4S1T,302B ,,R,D,O ,F ,T,G,C,100,0,0,0,1849704,5807097
Matamata-Piako District,04/04/2014,Fri,1220,DA,CW1,129A 134A ,,E,D,BF,F , ,N,N,100,0,0,0,1851597,5806625
Matamata-Piako District,15/03/2014,Sat,54,BF,VW1T,111A 131A ,,M,D,DN,F , , ,C,100,1,0,0,1851864,5806705
Matamata-Piako District,07/03/2014,Fri,1745,GA,TE1CC,331A 363A 604B 902 ,,R,D,BN,F ,T,G,C,100,0,0,0,1852214,5806493
Matamata-Piako District,16/10/2014,Thu,1148,GD,VN1CC,132A 355A ,,E,D,O ,F ,T,N,C,100,0,1,0,1852727,5806083
Matamata-Piako District,11/07/2014,Fri,1203,CC,TN1,130A 903 ,F,R,D,ON,FS, ,N,C,100,0,0,0,1853348,5805084
Matamata-Piako District,15/11/2014,Sat,1815,BC,VN14,121A ,,E,D,O ,F , ,N,C,100,0,0,1,1816969,5823718
Matamata-Piako District,05/12/2014,Fri,1520,AD,CS1T,130A 156A 830 ,,R,D,O ,F , , ,C,100,0,0,0,1817561,5825231
Matamata-Piako District,04/01/2014,Sat,740,CB,CS1,412A ,FX,R,D,B ,F , , ,N,100,0,0,0,1817564,5825234
Matamata-Piako District,18/04/2014,Fri,,CC,VS1,101A 130A ,FX,R,D,DN,F , , ,C,100,0,0,0,1817707,5825407
Matamata-Piako District,18/12/2014,Thu,945,FD,CS1C,181A ,,E,W,OF,H , ,N,C,100,0,0,0,1817985,5826120
Matamata-Piako District,03/10/2014,Fri,1904,CC,CS1,103A 129A ,V,R,D,TF,F , ,N,C,100,0,0,1,1818932,5827824
Matamata-Piako District,10/03/2014,Mon,715,GA,VW14,333A 929 ,,R,D,BN,F ,D,N,C,100,0,0,0,1819290,5828122
Matamata-Piako District,05/11/2014,Wed,710,HA,CS2M,302A 386A ,,R,D,B ,F ,X,G,C,50,0,0,1,1822072,5828735
Matamata-Piako District,06/11/2014,Thu,1330,EA,VE1T,129A 352A ,M,R,D,B ,F , , ,P,50,0,0,1,1822299,5828825
Matamata-Piako District,01/05/2014,Thu,730,LB,VW1C,302A 350A 375A ,,E,D,O ,F ,T,G,C,50,0,0,1,1822701,5828985
Matamata-Piako District,25/08/2014,Mon,1550,FB,CW1V,181A ,,R,D,B ,F ,T,G,R,50,0,0,0,1822789,5828853
Matamata-Piako District,15/11/2014,Sat,1917,DA,MW2,111A 131A 402A 801 ,C,M,W,O ,L ,T,N,C,60,0,0,1,1822789,5828853
Matamata-Piako District,30/10/2014,Thu,1915,HA,VE1C,302B 375B ,,R,D,DO,F ,X,G,C,50,0,0,0,1822994,5828911
Matamata-Piako District,10/09/2014,Wed,830,HA,TE1C,302B 382B ,,R,D,B ,F ,X,G,C,50,0,0,2,1822994,5828911
Matamata-Piako District,01/04/2014,Tue,1410,FB,CN2C,181A ,,R, , F,  ,R,G,R,50,0,0,0,1823094,5828979
Matamata-Piako District,08/09/2014,Mon,1300,FA,SN2C,357A ,,R,D,B ,F ,T,S,C,50,0,0,1,1823315,5829083
Matamata-Piako District,05/04/2014,Sat,1600,GB,CE1T,158A 333A 927 ,,R,D,BF,F ,D,N,C,50,0,0,0,1823411,5829112
Matamata-Piako District,10/04/2014,Thu,900,PF,CW1E,420A ,,R,D,B ,F , , ,C,50,0,0,1,1823972,5829756
Matamata-Piako District,09/07/2014,Wed,1330,GD,4N1CC,331A 351A ,,E,W,OF,L ,X,S,C,50,0,0,2,1824316,5830001
Matamata-Piako District,07/08/2014,Thu,1750,JA,CE1V,132A 302B 375B ,,M,W,TN,F ,T,G,C,100,0,0,1,1825421,5830501
Matamata-Piako District,21/03/2014,Fri,130,CB,CN1,105A 138A 817 ,V,R,D,DN,F , , ,N,100,0,0,3,1826958,5831262
Matamata-Piako District,10/10/2014,Fri,1924,AB,CE1T,112A 125A 150A ,,R,D,TN,F , ,N,C,100,2,0,0,1830456,5834058
Matamata-Piako District,12/04/2014,Sat,1335,DA,MW1,131A 630A ,V,M,W,O ,F , ,N,C,80,0,0,1,1833325,5835975
Matamata-Piako District,12/01/2014,Sun,1230,JA,CE1C,308B 930 ,,R,D,B ,F ,D,N,C,100,0,0,3,1833486,5836091
Matamata-Piako District,14/03/2014,Fri,1056,GD,4W1CC,331A ,,R,D,B ,F ,T,S,C,100,0,0,0,1834732,5836936
Matamata-Piako District,04/03/2014,Tue,2300,DA,4W1,129A 131A ,FT,E,W,DN,F , , ,C,100,0,0,0,1836898,5839289
Matamata-Piako District,18/04/2014,Fri,1715,CC,CE1,134A 407A ,V,R,D,O ,F , , ,C,100,0,0,0,1837429,5839594
Matamata-Piako District,16/12/2014,Tue,757,QG,VW1,681A ,V,R,D,B ,F , , ,C,100,0,0,0,1837474,5839614
Matamata-Piako District,21/12/2014,Sun,2013,EC,40,912,W,R,D,BN,F , ,N,C,100,0,0,0,1838027,5839847
Matamata-Piako District,26/05/2014,Mon,2219,EC,CS1,912,W,R,D,DN,F , , ,C,100,0,0,0,1837856,5845611
Matamata-Piako District,23/01/2014,Thu,2120,DA,CN1,103A 131A ,F,E,D,DN,F , , ,C,100,0,0,0,1837272,5846099
Matamata-Piako District,28/01/2014,Tue,1935,CB,CS1,129A ,V,R,D,BN,F , ,N,C,100,0,0,2,1820735,5853786
Matamata-Piako District,21/01/2014,Tue,1510,CB,MS1,903,,R,D,ON,FS, ,N,C,100,0,1,0,1822833,5847591
Matamata-Piako District,14/05/2014,Wed,1925,EC,CS1,341A ,GI,S,W,DO,L ,R,G,R,100,0,0,0,1823181,5845542
Matamata-Piako District,03/01/2014,Fri,300,DA,CS1,111A 131A ,G,E,D,DN,F ,R,G,C,100,0,0,0,1823189,5845541
Matamata-Piako District,07/04/2014,Mon,1118,CB,CS1,411A ,V,R,D,BN,F , ,N,C,100,0,0,1,1823199,5842694
Matamata-Piako District,11/06/2014,Wed,520,QG,TN1,903,,R,W,DN,LS, ,N,C,100,0,0,0,1824689,5840168
Matamata-Piako District,11/10/2014,Sat,1210,GE,CS1O,160A 377A ,,R,D,BF,F ,X,G,C,100,0,0,0,1825848,5838538
Matamata-Piako District,07/05/2014,Wed,1215,HA,VN14,321B 375B ,P,R,D,B ,F ,X,S,C,100,0,1,4,1825848,5838538
Matamata-Piako District,23/02/2014,Sun,605,CC,CS1,125A 130A ,FV,R,D,DO,F , ,N,C,100,0,0,1,1826427,5837723
Matamata-Piako District,05/12/2014,Fri,1328,CB,4S1,129A ,F,R,D,OF,F , ,N,C,100,0,0,0,1826583,5837503
Matamata-Piako District,20/02/2014,Thu,1325,GD,BN1CV,181A 333A ,,R,D,BN,F ,T,G,C,100,0,0,0,1827711,5835904
Matamata-Piako District,20/05/2014,Tue,1900,CB,CS1,130A 412A ,T,R,D,DN,F , , ,C,100,0,0,0,1828217,5834856
Matamata-Piako District,18/01/2014,Sat,445,CB,CS1,130A 402A 411A ,FP,R,D,TN,F , , ,C,100,0,2,0,1828652,5833956
Matamata-Piako District,14/08/2014,Thu,825,DA,TS1,131A 613A ,P,M,D,O ,F ,R,G,R,100,0,0,0,1829080,5833047
Matamata-Piako District,01/04/2014,Tue,650,DA,TN1,111A 131A ,J,S,D,DO,F ,R,G,R,100,0,0,0,1829097,5833057
Matamata-Piako District,06/06/2014,Fri,1927,AD,CN1,130A 150A ,F,R,W,DO,F , , ,C,100,0,0,0,1829188,5832845
Matamata-Piako District,06/01/2014,Mon,520,EC,CS1,912,W,E,D,TN,F , , ,C,100,0,0,2,1829925,5831836
Matamata-Piako District,30/11/2014,Sun,1345,FD,4S14,181A ,,R,D,ON,F , ,N,C,100,0,0,1,1832680,5830115
Matamata-Piako District,26/04/2014,Sat,1214,CB,4S1,132A ,P,R,D,BN,F , ,N,C,100,0,0,0,1833039,5829797
Matamata-Piako District,03/04/2014,Thu,2018,JA,TN1C,321B ,,R,D,DO,F ,X,S,L,100,0,1,0,1836134,5827317
Matamata-Piako District,11/07/2014,Fri,430,CC,VS1,130A 410A 801 903 ,V,R,W,DN,LS, , ,C,100,0,0,0,1836682,5826734
Matamata-Piako District,04/01/2014,Sat,2215,AO,MN1M,129A ,,R,D,DO,F , ,N,C,100,0,0,2,1841012,5820081
Matamata-Piako District,23/06/2014,Mon,1010,NB,CS1E,713B ,,R,D,B ,F , , ,P,50,0,0,1,1842448,5817362
Matamata-Piako District,28/11/2014,Fri,1045,FD,CS14C,110A 331A 191C 801 ,,R,W,O ,L , , ,R,50,0,0,0,1842454,5817343
Matamata-Piako District,26/01/2014,Sun,934,AD,CS1,130A 901 ,F,R,W,O ,H , , ,C,100,0,0,0,1842620,5816500
Matamata-Piako District,12/12/2014,Fri,855,JA,TS1C,302B 375B ,,R,D,OF,F ,T,G,C,100,0,0,0,1843213,5814436
Matamata-Piako District,08/06/2014,Sun,905,CB,CS1,101A 410A ,ST,R,W,O ,F , ,N,C,100,0,1,0,1843213,5814436
Matamata-Piako District,11/03/2014,Tue,1132,JA,VS1C,302B 361B ,,R,D,B ,F ,T,G,C,100,0,0,0,1843213,5814436
Matamata-Piako District,25/04/2014,Fri,1108,CB,MN1,130A ,,R,D,O ,F , , ,C,100,0,0,2,1843311,5814097
Matamata-Piako District,09/11/2014,Sun,1220,CB,CS1,129A 410A ,ST,R,D,BF,F , ,M,C,100,0,0,0,1843434,5813667
Matamata-Piako District,04/03/2014,Tue,1524,GD,CN14,333A 927 ,,R,D,BF,F ,D,N,C,50,0,0,0,1843903,5811746
Matamata-Piako District,19/09/2014,Fri,1000,KA,CE2V,321A 375A ,,E,D,O ,L ,X,S,R,50,0,0,0,1843924,5811134
Matamata-Piako District,05/04/2014,Sat,2040,LB,MN1C,112A 303B 375B ,,R,D,DO,F ,T,N,P,70,0,2,0,1843839,5810090
Matamata-Piako District,02/05/2014,Fri,1534,GD,CN1C,181A ,,M,D,B ,F ,T,G,C,70,0,0,0,1843812,5809871
Matamata-Piako District,07/01/2014,Tue,611,BF,TS1T,111A 129A 818 ,B,M,D,B ,F , , ,L,100,0,2,0,1843483,5804968
Matamata-Piako District,11/05/2014,Sun,1254,FB,CN1M,181A 331A 387A ,,R,D,B ,F ,T,S,C,100,0,0,0,1844048,5802936
Matamata-Piako District,12/08/2014,Tue,445,FB,CS1C,181A ,,R,D,DO,F ,T,S,C,100,0,0,0,1844102,5802912
Matamata-Piako District,09/12/2014,Tue,1725,FB,CS1C,181A ,,R,D,OF,F ,T,S,C,100,0,0,0,1844102,5802912
Matamata-Piako District,22/11/2014,Sat,1340,FB,CN1C,181A ,,R,D,ON,F ,T,S,C,100,0,0,0,1844102,5802912
Matamata-Piako District,23/08/2014,Sat,1200,AC,VN2C,330A 372A ,,M,D,B ,F ,T,S,C,100,0,0,0,1854360,5803576
Matamata-Piako District,02/08/2014,Sat,1608,BF,CN1C,104A 111A 131A ,,E,W,ON,  , , ,L,100,1,0,2,1857482,5804077
Matamata-Piako District,22/02/2014,Sat,915,DA,CS1,111A 131A 402A 800 904 ,CF,S,W,O ,M , , ,C,100,0,0,0,1857560,5803707
Matamata-Piako District,16/03/2014,Sun,1635,BF,CN1C,135A 330A 806 ,,S,D,B ,F , ,N,C,100,0,0,0,1857552,5803611
Matamata-Piako District,26/01/2014,Sun,1318,AD,CS1C,111A 131A 801 ,K,M,W,O ,L , , ,L,100,0,0,0,1857543,5803600
Matamata-Piako District,18/10/2014,Sat,1855,DB,CE1,110A 131A 901 ,S,M,W,DN,H , , ,L,100,0,0,1,1857237,5803540
Matamata-Piako District,21/01/2014,Tue,1220,BB,4W1C,111A 123A ,,M,W,O ,F , ,N,L,100,0,0,0,1857185,5803560
Matamata-Piako District,13/02/2014,Thu,808,DA,CS1,131A 402A ,C,M,D,ON,M , ,N,L,100,0,0,0,1857185,5803560
Matamata-Piako District,05/12/2014,Fri,1512,BF,CW14,131A 351A 402A ,,S,W,O ,F , , ,L,100,0,2,1,1857030,5803568
Matamata-Piako District,26/01/2014,Sun,1210,DA,CW1,111A 131A ,CF,M,W,O ,L , , ,L,100,0,0,0,1856939,5803359
Matamata-Piako District,28/10/2014,Tue,1906,DA,CW1,111A 131A 402A ,F,M,W,DN,H , , ,C,100,0,0,0,1856787,5803423
Matamata-Piako District,07/02/2014,Fri,1900,DB,CS1,111A 131A 402A ,V,S,W,ON,L , ,N,L,100,0,0,0,1856787,5803423
Matamata-Piako District,23/06/2014,Mon,1550,AO,TE1C,150A 381A 150B ,,M,D,O ,F , ,N,L,100,0,0,0,1856787,5803423
Matamata-Piako District,07/02/2014,Fri,1103,DA,CW1,131A 402A ,F,S,D,B ,F , , ,L,100,0,0,0,1856468,5803279
Matamata-Piako District,24/06/2014,Tue,915,DB,CN1,135A 806 ,G,M,W,ON,L , ,N,L,100,0,0,0,1856468,5803279
Matamata-Piako District,20/09/2014,Sat,640,DA,CW1,111A 131A 402A ,F,M,W,O ,L , , ,L,100,0,0,0,1856367,5803304
Matamata-Piako District,14/12/2014,Sun,1633,DB,CN1,111A 131A 133A 800 801 903 ,F,M,W,O ,LS, , ,C,100,0,0,0,1856097,5803467
Matamata-Piako District,14/12/2014,Sun,1810,DA,CS1,111A 131A 800 801 903 ,F,S,W,O ,LS, , ,C,100,0,0,0,1856097,5803467
Matamata-Piako District,15/08/2014,Fri,700,DA,CW1,131A 402A 904 ,V,E,W,O ,M , , ,L,100,0,0,0,1855169,5803162
Matamata-Piako District,14/12/2014,Sun,1634,BF,CW1CC,135A 806 ,,M,W,OF,L , ,N,L,100,0,0,1,1855169,5803162
Matamata-Piako District,08/02/2014,Sat,1130,DA,CW1,135A 402A 801 806 ,P,E,W,O ,L , , ,L,100,0,0,0,1854976,5803116
Matamata-Piako District,03/10/2014,Fri,1346,DA,CW1,111A 131A ,C,E,W,ON,L , ,N,C,100,0,0,0,1854829,5803143
Matamata-Piako District,26/04/2014,Sat,1835,JA,4N1C,302B 375B ,,E,D,DO,F ,T,G,C,100,0,0,0,1854360,5803576
Matamata-Piako District,17/08/2014,Sun,1006,JA,CN1C,197A 302B 375B ,,E,D,B ,F ,T,G,R,100,0,1,0,1854360,5803576
Matamata-Piako District,25/05/2014,Sun,1605,DA,CN1,131A 358A 403A ,ST,E,D,O ,F , , ,C,100,0,0,0,1853480,5804551
Matamata-Piako District,26/10/2014,Sun,1645,HA,CE1C,301A 375A ,,R,D,B ,F ,X,S,C,70,0,0,0,1850025,5804510
Matamata-Piako District,27/11/2014,Thu,1200,HA,CS2T,301A 404A ,,R,D,B ,F ,X,S,C,70,0,0,0,1850025,5804510
Matamata-Piako District,27/01/2014,Mon,1511,BE,CE1C,125A 137A ,,R,D,B ,F ,X,S,C,70,0,5,1,1850025,5804510
Matamata-Piako District,08/11/2014,Sat,2230,HA,CE1C,321B 375B ,,R,D,DO,F ,T,S,C,70,0,0,0,1850025,5804510
Matamata-Piako District,13/10/2014,Mon,842,DA,CW1,103A 131A ,F,M,D,BN,F , ,N,C,100,0,0,0,1848255,5804020
Matamata-Piako District,31/01/2014,Fri,1703,FA,CE1C,181A ,,E,D,B ,F ,T,N,C,100,0,0,0,1845976,5803361
Matamata-Piako District,30/03/2014,Sun,153,DA,CW1,131A 363A 601A ,F,M,D,DN,F , , ,C,100,0,0,1,1844378,5802793
Matamata-Piako District,14/11/2014,Fri,735,JA,ME1C,301B 375B ,,R,D,BF,F ,T,S,C,100,0,0,1,1844048,5802936
Matamata-Piako District,12/08/2014,Tue,1008,LB,CE1VC,303B ,Q,R,W,OF,F ,T,S,C,100,0,0,1,1844048,5802936
Matamata-Piako District,14/02/2014,Fri,1150,FA,TE1C,158A 387A 129B 355B 404B ,,R,D,B ,F , , ,P,100,0,0,0,1844034,5802943
Matamata-Piako District,25/10/2014,Sat,1037,JA,CE1C,302B 375B 404B ,,R,D,B ,F ,T,G,R,100,0,1,0,1840269,5803575
Matamata-Piako District,20/01/2014,Mon,740,DB,VS1,131A 504A ,F,M,D,O ,F , ,N,C,100,0,0,0,1838704,5803141
Matamata-Piako District,12/02/2014,Wed,755,CC,CW1,130A 357A ,C,R,D,O ,F , , ,C,100,0,0,0,1837022,5801306