TLANAME,CRASHDATE,CRASHDOW,CRASHTIME,MVMT,VEHICLES,CAUSES,OBJECTSSTRUCK,ROADCURVE,ROADWET,LIGHT,WTHRa,JUNCTYPE,TRAFCTRL,ROADMARK,SPDLIM,CRASHFATALCNT,CRASHSEVCNT,CRASHMINCNT,EASTING,NORTHING
Matamata-Piako District,28/08/2014,Thu,1220,CB,CN1,129A 358A 407A ,V,R,D,B ,F , , ,C,100,0,0,0,1836836,5801096
Matamata-Piako District,17/05/2014,Sat,1440,DA,CS1,129A 131A 407A 411A ,FT,M,D,B ,F , , ,C,100,0,0,1,1836482,5799880
Matamata-Piako District,16/02/2014,Sun,1520,DB,CW1,131A 414A ,F,E,D,B ,F , , ,L,100,0,0,1,1835537,5799229
Napier City,24/10/2014,Fri,2055,GA,CW1C,110A 331A 929 ,,R,D,DO,F ,D,N,N,50,0,0,2,1934615,5618596
Napier City,09/03/2014,Sun,450,DB,CS2,111A 136A 514A ,K,E,D,DO,F ,T,G,C,50,0,0,0,1934549,5618541
Napier City,16/07/2014,Wed,1014,HA,CN1V,302B ,,E,D,O ,F ,R,G,C,50,0,0,0,1931470,5618342
Napier City,14/10/2014,Tue,1810,FB,CS14,331A ,,R,D,B ,F ,X,S,C,50,0,0,0,1934540,5615566
Napier City,01/06/2014,Sun,1715,BF,CS24,111A 131A ,,R,W,DO,F ,X,S,C,50,0,0,1,1934540,5615566
Napier City,06/04/2014,Sun,1057,DB,4S2C,111A 131A 407A 801 815 ,,S,W,O ,L ,X,S,C,50,0,1,0,1934540,5615566
Napier City,05/08/2014,Tue,715,EA,CS1V,129A 358A 645A ,M,R,D,TF,F , , ,N,50,0,0,0,1935846,5619902
Napier City,08/10/2014,Wed,1636,DB,CS1,111A 131A 191A ,T,E,D,B ,F , , ,N,50,0,0,1,1936123,5619578
Napier City,27/03/2014,Thu,1745,PD,CN1E,722B 727B ,,R,D,B ,F ,T,N,C,50,0,0,1,1936044,5619667
Napier City,01/11/2014,Sat,157,DB,CW2,111A 131A 514A ,S,R,D,DO,F ,T,G,C,50,0,0,0,1935504,5618483
Napier City,10/05/2014,Sat,1051,GE,CE1C,157A 144B ,,R,D,B ,F ,X,G,C,50,0,0,0,1936020,5622570
Napier City,20/06/2014,Fri,815,MD,4E1C,308B 375B 929 ,,R,D,BF,F ,D,N,C,50,0,0,0,1933870,5618681
Napier City,04/07/2014,Fri,1050,GF,TS1C,179A 387B ,,E,D,B ,F ,T,G,C,50,0,0,0,1937206,5622290
Napier City,30/06/2014,Mon,816,KB,VN1CC,308B 377B 929 ,,R,D,BF,F ,D,N,C,100,0,0,0,1933581,5613228
Napier City,02/09/2014,Tue,2020,DA,CS1,111A 131A 801 ,F,M,W,DN,L , , ,C,100,0,0,0,1933594,5613109
Napier City,06/09/2014,Sat,146,DA,VS1,103A 131A ,V,E,W,DN,L ,T,N,N,70,0,0,1,1933596,5613428
Napier City,24/01/2014,Fri,1305,LB,CN1C,303B ,,E,D,B ,F ,X,S,C,100,0,0,0,1934540,5615566
Napier City,21/01/2014,Tue,1220,MO,CE1C,385A ,M,R,D,BF,F , ,N,C,50,0,0,0,1936838,5621649
Napier City,05/04/2014,Sat,1405,LB,CE1C,303B 404B ,,R,D,BF,F ,X,G,C,50,0,0,0,1937012,5621702
Napier City,11/03/2014,Tue,1600,MO,TS1,371A 927 ,P,R,D,B ,F ,D,N,N,50,0,0,0,1932823,5628738
Napier City,19/01/2014,Sun,1312,CC,CW1,129A 134A 359A ,,R,D,B ,F , , ,C,50,0,0,0,1933178,5616772
Napier City,09/05/2014,Fri,1603,CB,CW1,103A 130A ,P,R,D,B ,F , , ,N,100,0,0,0,1932226,5617007
Napier City,16/04/2014,Wed,1454,DB,CW2CC,111A 131A 517A ,M,M,D,OF,F ,T,G,C,50,0,0,0,1933811,5620218
Napier City,24/11/2014,Mon,1130,JA,CS2C,301B 375B ,,R,D,BN,F ,X,S,R,50,0,0,0,1935899,5621174
Napier City,05/08/2014,Tue,1344,LB,PE1C,303B 314B ,,R,D,B ,F ,X,S,C,50,0,0,1,1935899,5621174
Napier City,02/11/2014,Sun,1958,EA,CE1C,129A 504A ,M,R,D,TF,F , , ,C,50,0,0,0,1935572,5621074
Napier City,08/04/2014,Tue,1113,DA,CS2,133A ,PS,M,W,OF,F ,T,T,C,50,0,0,0,1936441,5621336
Napier City,06/03/2014,Thu,1618,MA,CN1C,197A 350B 373B ,,R,D,B ,F , , ,N,50,0,0,0,1934028,5619957
Napier City,30/03/2014,Sun,1837,CC,CN1,410A ,F,R,D,BF,F , ,N,N,50,0,0,0,1935618,5621595
Napier City,14/07/2014,Mon,1752,CA,CW1C,112A 130A ,M,R,D,DO,F , , ,C,50,0,0,0,1933660,5618766
Napier City,29/12/2014,Mon,1315,MO,CS1S,312B 330B ,,R,D,B ,F , , ,C,50,0,0,0,1936536,5621298
Napier City,11/11/2014,Tue,1015,HA,CN1C,302B 330B ,,R,D,B ,F ,X,G,N,50,0,0,1,1936517,5621361
Napier City,15/11/2014,Sat,230,EA,4N1V,101A 129A ,M,R,D,DO,F ,T,N,C,50,0,0,0,1936500,5621416
Napier City,14/01/2014,Tue,1855,FB,CS1C,112A 331A ,,R,D,B ,F ,T,G,R,50,0,0,2,1931993,5619589
Napier City,09/04/2014,Wed,1045,DA,CE1,132A ,FX,E,W,OF,F , ,N,N,50,0,0,0,1934777,5619243
Napier City,17/02/2014,Mon,800,KB,BW1S,113B 302B ,,R,D,B ,F ,T,G,C,50,0,0,1,1936731,5622175
Napier City,23/01/2014,Thu,1533,HA,CS1M,101B 316B 375B ,,E,D,BN,F ,X,G,N,50,0,1,0,1935332,5622405
Napier City,14/02/2014,Fri,1300,MO,VW1C,371A 927 ,,R,D,BF,F ,D,N,C,50,0,0,0,1934808,5621195
Napier City,20/02/2014,Thu,1600,JA,CS1C,302B 375B ,,E,D,BF,F ,T,G,P,50,0,0,0,1932727,5619296
Napier City,06/04/2014,Sun,1030,EA,CW1V,129A ,M,R,W,O ,L , , ,N,50,0,0,0,1933037,5619055
Napier City,24/07/2014,Thu,1405,FB,CW1M,181A ,,R,D,B ,F ,T,G,C,50,0,0,0,1936570,5619287
Napier City,03/10/2014,Fri,1600,HA,CS1C,301B ,,R,D,B ,F ,X,S,C,50,0,0,0,1936810,5621326
Napier City,26/05/2014,Mon,1610,MA,VE1C,373B ,,M,D,TF,F ,T,N,C,50,0,0,0,1936880,5621088
Napier City,16/02/2014,Sun,220,DC,CN2,103A ,F,E,D,DO,F ,T,N,C,50,0,0,0,1935535,5618747
Napier City,26/04/2014,Sat,1220,MF,CW1C,371B ,,R,D,B ,F , , ,C,50,0,0,0,1936663,5621281
Napier City,15/05/2014,Thu,2217,DB,40,131A 407A 800 801 ,H,M,W,DO,L , , ,C,50,0,0,0,1936485,5621231
Napier City,02/06/2014,Mon,1240,EA,CS1C,130A 501A ,M,R,D,O ,F , , ,N,50,0,0,0,1935985,5620099
Napier City,20/03/2014,Thu,1805,FC,CN1C,331A 358A ,,R,D,BF,F , ,N,X,50,0,0,4,1932587,5619574
Napier City,20/06/2014,Fri,1205,LB,4E1C,303B 926 ,,R,D,B ,F ,D,N,C,80,0,0,0,1933492,5619827
Napier City,30/10/2014,Thu,1100,GA,CE1C,181A 191B ,,R, , F,  ,T,G,N,50,0,0,0,1931746,5616874
Napier City,28/06/2014,Sat,335,CB,CN1,101A 112A 403A ,P,R,D,DN,F , ,N,N,100,0,2,0,1936206,5617690
Napier City,05/06/2014,Thu,1630,MD,SS1C,308B 929 ,,E,D,B ,F ,D,N,N,50,0,0,0,1935893,5621357
Napier City,02/06/2014,Mon,,MO,TN1C,371A 929 ,M,E,D,B ,F ,D,N,C,50,0,0,0,1933286,5627624
Napier City,05/11/2014,Wed,1730,GF,TS1C,386A ,,M,D,O ,F ,X,S,C,50,0,0,0,1934071,5620370
Napier City,20/06/2014,Fri,1630,DA,MN2,108A 111A 131A 434A 532A 650A ,K,R,D,B ,F ,T,N,C,50,1,0,0,1933891,5620123
Napier City,01/10/2014,Wed,205,DA,CN1,131A 402A ,FT,M,W,DN,F , , ,C,100,0,0,1,1930596,5620248
Napier City,07/08/2014,Thu,1705,KA,CN1C,302B 375B ,,R,D,B ,F ,T,G,N,50,0,0,0,1932255,5619046
Napier City,13/12/2014,Sat,1750,AO,CS1C,103A 129A ,,R,D,OF,F , ,N,C,50,0,0,0,1932133,5617872
Napier City,21/02/2014,Fri,1400,FB,PS1V,181A 330A ,,R,D,B ,F ,R,G,C,50,0,0,1,1930936,5616937
Napier City,26/05/2014,Mon,1300,LB,VE1C,303B 925 ,,R,D,OF,F ,D,N,C,50,0,0,1,1931980,5617756
Napier City,20/10/2014,Mon,1230,MO,VN1C,386A ,M,R,D,B ,F , , ,C,50,0,0,0,1932004,5617774
Napier City,25/02/2014,Tue,1110,EA,CW1CC,129A 427A ,M,R,D,B ,F , ,N,C,50,0,0,1,1931901,5617694
Napier City,15/01/2014,Wed,717,GB,CS1M,372B 922 ,,E,D,BF,F ,D, ,P,50,0,0,0,1930670,5616356
Napier City,25/09/2014,Thu,1550,AO,TS2C,381A 671A ,,M, , F,F ,X,G,R,50,0,0,0,1930692,5616389
Napier City,01/12/2014,Mon,1356,FB,CE1C,181A 330A ,,E,D,B ,F ,T,G,C,50,0,0,0,1930692,5616389
Napier City,31/08/2014,Sun,2045,CC,CS1,137A 195A ,F,R,D,DO,F , ,N,R,50,0,0,0,1930718,5616492
Napier City,13/08/2014,Wed,1815,EA,4S1C,129A ,M,R,D,BF,F , ,N,C,50,0,0,0,1930717,5616482
Napier City,17/09/2014,Wed,849,FF,CS1C,181A ,,R,D,BF,F ,T,G,C,50,0,0,0,1930271,5615815
Napier City,02/09/2014,Tue,1120,JA,CS1C,308B 375B 930 ,,R,W,OF,L ,D,N,C,50,0,0,1,1930336,5615903
Napier City,08/10/2014,Wed,1410,HA,CW2S,302A ,,E,D,B ,F ,R,G,R,50,0,0,0,1930719,5616540
Napier City,20/02/2014,Thu,1253,DB,CS1,131A 410A ,G,E,D,BF,F ,T,G,C,50,0,0,0,1929600,5615255
Napier City,26/10/2014,Sun,1055,MO,CS1C,371A ,M,R,D,B ,F , , ,C,50,0,0,0,1931534,5617408
Napier City,13/06/2014,Fri,1000,BF,CN2C,131A ,,M,W,OF,L ,T,G,C,50,0,0,0,1929600,5615255
Napier City,01/08/2014,Fri,1750,JA,CW1C,308B 922 ,,R,D,DO,F ,D,N,C,50,0,0,0,1931952,5617734
Napier City,28/02/2014,Fri,1827,DB,CS1,103A 131A ,J,S,D,BF,F , ,N,N,50,0,0,0,1935385,5621976
Napier City,01/08/2014,Fri,1415,MO,CE1C,371A 371B 929 ,,R,D,B ,F ,D,N,N,50,0,0,0,1932897,5619873
Napier City,14/06/2014,Sat,1030,GD,CS1C,181A 331A ,,R,D,B ,F ,T,N,C,50,0,0,1,1931712,5616735
Napier City,22/06/2014,Sun,1125,MC,CN1C,372B ,,R,D,BF,F , ,N,C,50,0,0,0,1931630,5616401
Napier City,09/09/2014,Tue,1613,LB,4S1C,303B 375B ,,R,D,BF,F ,X,T,C,50,0,0,0,1931611,5616324
Napier City,06/11/2014,Thu,1100,ND,CW1E,370A 711B 926 ,,R,W,O ,F ,D, ,C,50,0,0,1,1935365,5622737
Napier City,07/03/2014,Fri,1100,MF,CE1C,371B ,,R,D,B ,F , , ,C,50,0,0,0,1935602,5622786
Napier City,29/11/2014,Sat,500,DB,CW2,103A 111A 131A ,F,R,D,TO,F ,T,N,C,50,0,0,0,1934323,5618501
Napier City,10/05/2014,Sat,1315,MA,CN1C,373B ,,R,D,B ,F , ,N,C,50,0,0,0,1936992,5621361
Napier City,13/02/2014,Thu,,MO,CN1M,371A ,M,R,D,BF,F , ,N,C,50,0,0,0,1937002,5621455
Napier City,20/03/2014,Thu,1400,FE,CN1C,181A ,,R,D,OF,F ,X,T,C,50,0,0,0,1936978,5621570
Napier City,11/09/2014,Thu,1515,HA,CE2C,301B 375B ,,R,D,BF,F ,X,S,C,50,0,0,0,1936959,5621064
Napier City,10/09/2014,Wed,735,HA,4N1CC,301A 375A ,Q,R,D,BF,F ,X,S,C,50,0,0,1,1936959,5621064
Napier City,11/02/2014,Tue,1700,DA,CS1,122A 131A ,KX,M,D,O ,F ,T,G,R,50,0,0,0,1936875,5620263
Napier City,18/08/2014,Mon,1430,JA,CS1T,302B ,,R,D,B ,F ,X,G,C,50,0,0,0,1935366,5620712
Napier City,14/06/2014,Sat,2235,DA,CW1,111A 131A ,F,M,D,DO,F ,T,N,C,50,0,0,0,1935171,5620289
Napier City,15/02/2014,Sat,800,DB,CS1,131A ,P,S,D,BN,F , ,N,C,100,0,0,0,1931843,5630628
Napier City,08/05/2014,Thu,1303,DA,CN1,131A 412A 818 ,FV,E,D,B ,F , , ,N,100,0,0,0,1931916,5630369
Napier City,24/10/2014,Fri,1356,GE,CE1C,387A 144B 929 ,,E,D,O ,F ,D,N,N,50,0,0,0,1930417,5616009
Napier City,09/11/2014,Sun,22,CA,CS1,103A 130A ,X,R,D,DO,F , , ,C,50,0,0,0,1934104,5618649
Napier City,25/01/2014,Sat,2009,MO,CS1,103A 131A 402A ,,R,D,B ,F ,T,N,C,50,0,0,1,1934616,5614267
Napier City,11/04/2014,Fri,1209,JA,CS1C,301B 353B 375B ,,E,W,OF,L ,T,S,R,50,0,0,0,1933926,5619109
Napier City,14/06/2014,Sat,1218,FD,CW1CC,181A ,,R,D,O ,F , , ,R,50,0,0,0,1935632,5620471
Napier City,07/05/2014,Wed,1307,LB,CS1V,303B ,,R,D,B ,F ,X,G,C,50,0,0,0,1935656,5620489
Napier City,07/05/2014,Wed,1530,MA,4W1C,373B ,,R,D,B ,F ,T,N,C,50,0,0,0,1932340,5617978
Napier City,14/02/2014,Fri,929,MC,CE1C,372B ,,R,D,B ,F , ,N,C,50,0,0,2,1932770,5618155
Napier City,09/10/2014,Thu,1329,JA,CE1C,103B 301B 817 ,,R,D,B ,F ,T,S,C,50,0,0,0,1934354,5619476
Napier City,09/07/2014,Wed,1845,HA,CW2C,302A 375A ,,R,W,DO,H ,X,G,C,50,0,0,0,1935505,5620377
Napier City,28/03/2014,Fri,1450,NF,VN2E,307A 376A ,,R,D,B ,F ,X,T,C,50,0,0,1,1935048,5620036
Napier City,03/07/2014,Thu,1050,HA,CW1C,322B ,,R,D,O ,F ,X,T,C,50,0,0,0,1935048,5620036
Napier City,24/12/2014,Wed,1030,MO,CE1C,357A 386A ,,R,D,B ,F , ,N,R,50,0,0,0,1935734,5620553
Napier City,19/05/2014,Mon,1715,FD,CW1C,331A 352A ,,R,D,DO,F , ,N,C,50,0,0,0,1935772,5620585
Napier City,11/03/2014,Tue,1400,MO,CW1C,371A ,M,R,D,BF,F , ,N,C,50,0,0,0,1935569,5620425
Napier City,06/11/2014,Thu,1359,EA,CN1CC,103A 358A ,MM,R,D,O ,F , , ,C,50,0,0,0,1935473,5620354
Napier City,13/03/2014,Thu,1759,HA,CW1C,302B 375B ,,R,D,B ,F ,X,G,R,50,0,0,0,1935505,5620377
Napier City,01/09/2014,Mon,2100,CA,PE1,110A 330A 817 ,,R,W,DO,H ,T,S,C,50,0,0,0,1934405,5619518
Napier City,23/11/2014,Sun,1912,DB,CN2,111A 191A 402A ,Z,R,D,DO,F ,T,G,C,50,0,0,0,1936691,5617401
Napier City,23/10/2014,Thu,1459,MD,SN1C,204A 378B 835 929 ,,R,D,B ,F ,D, ,C,50,0,0,1,1931320,5616415
Napier City,05/11/2014,Wed,825,JA,CN1CC,302B ,,R,D,O ,F ,X,G,C,50,0,0,0,1935859,5619887
Napier City,24/01/2014,Fri,1017,LB,VS1C,303B 375B 402B ,,R,D,B ,F ,X,G,C,50,0,0,0,1936037,5620038
Napier City,01/04/2014,Tue,1835,PD,CW1E,722B 727B 929 ,,R,D,TF,F , ,N,N,50,0,0,1,1935318,5619431
Napier City,07/10/2014,Tue,2151,EA,CN1C,129A ,M,R,D,DO,F , , ,C,50,0,0,0,1936562,5620484
Napier City,21/04/2014,Mon,1600,NA,CN1E,713B 726B ,,R,D,BF,F , ,N,C,50,0,1,0,1935611,5619678
Napier City,23/12/2014,Tue,2330,HA,SS1C,302B ,,R,D,DO,F ,X,G,C,50,0,0,1,1936229,5620202
Napier City,17/09/2014,Wed,940,GB,SS1C,372B 671B ,,R,D,BF,F ,X,T,C,50,0,0,0,1930805,5616527
Napier City,21/02/2014,Fri,2238,LB,CS1C,303B ,,E,D,DO,F ,X,T,C,50,0,0,0,1930800,5616513
Napier City,03/06/2014,Tue,2022,DA,CS2,111A 131A 632A ,P,E,W,DO,L ,T,N,N,50,0,0,0,1932847,5619963
Napier City,30/10/2014,Thu,1645,FD,CS1C,181A ,,R,D,BF,F ,T,S,C,50,0,0,0,1934345,5619487
Napier City,16/01/2014,Thu,200,CC,CS1C,130A 402A ,FM,R,D,DO,F ,T,S,C,50,0,0,2,1934354,5619476
Napier City,27/02/2014,Thu,1645,MF,CN1C,371B ,,E,D,BF,F , ,N,R,50,0,0,0,1934236,5619620
Napier City,13/05/2014,Tue,1220,HA,CN1C,302A 375A ,,R,D,BF,F ,X,G,C,50,0,0,0,1934286,5619558
Napier City,18/03/2014,Tue,1736,DA,CS1,133A 134A ,P,R,W,O ,F ,T,S,C,50,0,0,0,1934354,5619476
Napier City,27/04/2014,Sun,1123,MO,CS1C,386A 504A ,M,R,D,B ,F , , ,C,50,0,0,0,1936994,5620664
Napier City,03/07/2014,Thu,1035,EA,CN14,129A 330A ,M,R,D,B ,F , ,N,R,50,0,0,0,1936971,5620566
Napier City,17/09/2014,Wed,,EA,CN1C,386A ,M,R,D,B ,F , ,N,N,50,0,0,0,1936949,5620367
Napier City,21/04/2014,Mon,1315,GD,CS1C,181A 331A ,,R,D,B ,F ,T,S,R,50,0,0,0,1936989,5620615
Napier City,24/06/2014,Tue,1513,BF,CW2C,103A 111A 122A 402A ,F,M,D,B ,F ,T,N,C,50,0,0,0,1936163,5618596
Napier City,04/05/2014,Sun,1806,CB,CS1,103A 108A 433A ,P,R,D,DO,F , , ,N,50,0,0,0,1935683,5618114
Napier City,12/07/2014,Sat,2020,DC,CW2,113A ,C,R,W,DO,L ,T,N,C,50,0,0,0,1935171,5620289
Napier City,15/10/2014,Wed,1650,JA,CN1S,191A 309B 375B ,,E,D,B ,F ,T,N,N,50,0,0,1,1935075,5618462
Napier City,19/11/2014,Wed,2120,DB,CS1,111A 131A ,K,E,D,DO,F ,R,G,C,50,0,0,0,1931863,5616261
Napier City,19/12/2014,Fri,525,EA,4E14C,130A 410A ,M,E,D,TO,F , ,N,N,50,0,0,1,1934592,5622542
Napier City,11/01/2014,Sat,42,EA,CE1C,103A 129A ,M,R,D,DO,F , , ,C,50,0,0,0,1931385,5616379
Napier City,22/07/2014,Tue,815,EA,CE1C,129A ,M,R,W,OF,L , ,N,C,50,0,0,0,1931596,5616327
Napier City,20/08/2014,Wed,200,EA,CW1C,129A ,M,R,W,DO,L , , ,C,50,0,0,0,1931513,5616347
Napier City,29/07/2014,Tue,845,LB,CE1CC,303B 375B ,,R,D,B ,F ,X,T,C,50,0,0,2,1931611,5616324
Napier City,23/03/2014,Sun,1450,FE,CE1C,181A ,,R,D,OF,F ,X,T,C,50,0,0,0,1931611,5616324
Napier City,10/06/2014,Tue,1655,LB,CE1C,303B ,,R,W,DO,H ,X,T,C,50,0,0,0,1931611,5616324
Napier City,29/05/2014,Thu,1830,LB,CE1C,101A 303B 350B 402B ,,R,D,DO,F ,T,S,C,50,0,0,1,1932151,5616191
Napier City,12/01/2014,Sun,1605,CC,CW1,130A 359A ,V,R,D,BN,F , ,N,C,70,0,0,0,1933286,5615917
Napier City,07/10/2014,Tue,1625,LB,ME1T,303B 386B ,,R,D,B ,F ,X,S,C,70,1,0,0,1933005,5615987
Napier City,30/08/2014,Sat,254,DA,VS2,103A 111A 133A ,,S,W,DO,F ,X,S,C,70,0,0,1,1933005,5615987
Napier City,27/12/2014,Sat,1300,JA,ME1C,302B 330B 402B ,,M,D,B ,F ,T,G,C,50,0,0,1,1934463,5615639
Napier City,01/12/2014,Mon,1325,BO,CW2T,327A 331A 350A ,,E,D,B ,F ,T,G,P,50,0,1,0,1934351,5621688
Napier City,21/04/2014,Mon,1600,HA,CW1C,301A 902 ,,E,D,B ,F ,X,S,C,50,0,0,0,1936213,5621965
Napier City,05/04/2014,Sat,411,DA,CN1,111A 131A ,CX,E,D,DO,F , ,N,C,50,0,0,0,1936005,5622315
Napier City,03/05/2014,Sat,1915,DA,CS1C,111A 131A 402A ,M,M,D,DO,F , , ,C,50,0,0,0,1936523,5621505
Napier City,12/01/2014,Sun,1200,MO,CW1C,371A 386A 929 ,M,R,D,BN,F ,D, ,N,50,0,0,0,1931120,5618663
Napier City,04/04/2014,Fri,1847,PO,CW1E,363A 370A 902 929 ,,R,D,B ,F ,D,N,N,50,0,0,1,1931556,5616993
Napier City,08/07/2014,Tue,750,MO,VS1C,341A 929 ,M,R,D,BF,F ,D,N,N,50,0,0,0,1931658,5617025
Napier City,08/06/2014,Sun,1900,HA,CN1C,302A 375A ,,E,D,DO,L ,R,G,C,50,0,0,0,1936671,5621018
Napier City,13/11/2014,Thu,1845,HA,PS1C,308B 330B 925 ,,R,D,O ,F ,D,G,C,50,0,1,0,1936650,5621090
Napier City,03/04/2014,Thu,1657,JC,CE1C,302A 375A ,,E,D,B ,F ,T,G,C,50,0,0,0,1930869,5616131
Napier City,10/06/2014,Tue,1527,FD,CN1C4,331A 352A 801 ,,R,W,O ,L , , ,C,50,0,0,1,1931004,5616391
Napier City,07/05/2014,Wed,1526,CC,CN1,130A 194A 352A ,T,R,D,B ,F , , ,C,50,0,0,0,1936675,5619989
Napier City,24/12/2014,Wed,1440,BE,CN1C,129A 358A ,,R,D,B ,F ,T,G,C,50,0,0,0,1936651,5619708
Napier City,31/08/2014,Sun,2045,CB,4W1,112A 514A ,H,R,D,DO,F , ,N,C,80,0,0,1,1931275,5616529
Napier City,27/01/2014,Mon,1600,EA,4W1C,129A ,M,R,D,OF,F , ,N,C,50,0,0,0,1936466,5619377
Napier City,07/04/2014,Mon,1500,GE,VN14,333A 929 ,,R,W,OF,H ,D,N,C,50,0,0,0,1935549,5620056
Napier City,28/06/2014,Sat,2317,AD,CW1V,138A 150A 817 ,,R,D,DO,F ,T,N,N,50,0,0,0,1936436,5619372
Napier City,01/06/2014,Sun,150,CB,CW1,103A 130A ,FS,R,D,DO,F , ,N,R,50,0,0,0,1932843,5620470
Napier City,19/08/2014,Tue,1549,DB,CN2,111A 131A 402A ,T,S,D,O ,F ,T,N,N,50,0,0,1,1932532,5619158
Napier City,06/02/2014,Thu,746,DA,CN1,131A 804 817 ,P,M,D,O ,F , , ,N,100,0,0,0,1930191,5621343
Napier City,05/06/2014,Thu,1457,FA,CE1C,357A 512A 357B ,,R,D,BN,F , ,N,C,70,0,0,0,1933604,5620951
Napier City,17/03/2014,Mon,1710,FD,CW1V,181A 330A ,,R,D,B ,F , ,N,C,70,0,0,0,1933704,5620948
Napier City,08/05/2014,Thu,1415,JA,CW1V,302B ,,R,D,O ,F ,T,G,C,50,0,0,0,1933504,5620954
Napier City,22/07/2014,Tue,1745,JA,CW1C,302B 375B ,,R,D,DN,F ,T,G,C,50,0,0,1,1933504,5620954
Napier City,21/03/2014,Fri,1355,JA,CW1C,302B 375B ,,M,D,BF,F ,T,G,C,50,0,0,0,1933504,5620954
Napier City,06/11/2014,Thu,1523,GD,CE1C,331A 351A ,,R,D,O ,F ,T,G,C,70,0,0,0,1934260,5620931
Napier City,07/04/2014,Mon,750,AD,CW1C,111A 801 ,,E,W,O ,H ,R,G,R,70,0,0,0,1934143,5620934
Napier City,01/06/2014,Sun,1733,DA,CE1,111A 131A 402A 801 ,P,M,W,DO,L ,R,G,R,70,0,0,0,1934143,5620934
Napier City,30/05/2014,Fri,944,CA,PE1,403A ,,R,W,OF,L ,R,G,C,70,0,0,1,1934143,5620934
Napier City,21/01/2014,Tue,1030,DA,VE1,111A 131A 801 ,K,S,W,O ,L ,R,G,C,70,0,0,0,1934143,5620934
Napier City,26/03/2014,Wed,1701,BE,CW1CC,110A 201A 132B 191B ,,E,D,B ,F ,R,G,R,70,0,0,0,1934143,5620934
Napier City,02/03/2014,Sun,1130,AO,TE1C,381A 671A ,,R,D,BF,F ,R,G,R,70,0,0,0,1934143,5620934
Napier City,16/04/2014,Wed,1449,FB,CW1C,331A 517A ,,E,D,BF,F ,R,G,R,70,0,0,0,1934143,5620934
Napier City,09/09/2014,Tue,1720,GF,TE1C,386A ,,M,D,TF,F ,R,G,R,70,0,0,0,1934143,5620934
Napier City,06/09/2014,Sat,650,DA,CE1,131A 402A 801 ,FG,R,W,O ,L ,R,G,R,70,0,0,0,1934143,5620934
Napier City,09/07/2014,Wed,1820,BA,CW1C,112A 125A ,,R,W,DN,L , ,N,P,100,1,1,0,1932407,5620979
Napier City,17/04/2014,Thu,1940,JA,CW1C,302B 375B ,,R,W,DO,F ,T,G,R,50,0,0,0,1932807,5620971
Napier City,27/02/2014,Thu,1925,JA,VW1C,302B 375B ,,R,D,BF,F ,T,G,P,50,0,0,0,1932807,5620971
Napier City,30/08/2014,Sat,1830,JA,CW1C,302B ,,R,D,DO,F ,T,G,C,50,0,0,0,1932807,5620971
Napier City,07/07/2014,Mon,905,JA,OW1C,302B 375B ,,E,D,B ,F ,T,G,R,50,0,0,0,1932807,5620971
Napier City,13/01/2014,Mon,750,FA,VS1S,129A 183A ,,M,D,O ,F , , ,C,50,0,0,1,1929471,5617457
Napier City,10/10/2014,Fri,2130,DA,CS1,137A 195A ,C,M,D,DN,F , ,N,C,100,0,0,0,1928719,5620821
Napier City,21/02/2014,Fri,855,MA,CW1C,373B ,,R,D,OF,F , ,N,C,50,0,0,0,1934844,5620215
Napier City,23/03/2014,Sun,830,DA,CN1,111A 131A ,F,M,W,OF,F , ,N,C,50,0,0,0,1935179,5619300
Napier City,17/01/2014,Fri,1027,JA,CS1V,302B 387B ,,R,D,B ,F ,T,G,C,50,0,0,0,1935212,5619394
Napier City,19/04/2014,Sat,7,DA,CS1,111A 131A ,F,S,W,DO,L , , ,L,70,0,0,0,1934964,5616325
Napier City,19/12/2014,Fri,2035,BC,CS14,103A 121A 402A ,,M,D,B ,F , ,N,C,70,0,0,0,1934881,5616411
Napier City,08/11/2014,Sat,1220,HA,CN1M,301A 375A ,,R,D,B ,F ,X,S,R,50,0,0,2,1936790,5620632
Napier City,08/08/2014,Fri,1505,HA,CW1C,301B 375B ,,R,D,O ,F ,X,S,C,50,0,0,0,1936790,5620632
Napier City,31/08/2014,Sun,,EA,CE1C,386A ,M,R,D,B ,H , ,N,C,50,0,0,0,1935394,5620828
Napier City,02/11/2014,Sun,1720,JA,VW1C,302B 363B 902 ,,R,D,BF,F ,T,G,N,50,0,0,0,1935444,5620827
Napier City,19/09/2014,Fri,2116,DB,CS1,103A 111A 131A ,PV,M,D,DN,F , ,N,N,100,0,0,0,1933539,5614241
Napier City,12/11/2014,Wed,1004,GD,VS1V,181A 927 ,,R,D,B ,F ,D,N,C,80,0,0,0,1934189,5615210
Napier City,07/05/2014,Wed,1515,FB,CE2C,181A ,,R,D,OF,F ,R,G,C,50,0,0,0,1936102,5620093
Napier City,20/03/2014,Thu,1636,GE,4W1T,157A 160A ,,M,D,B ,F ,R,G,C,70,0,0,0,1933104,5620961
Napier City,02/08/2014,Sat,2100,DB,CW1CC,103A 111A 131A ,M,E,D,DO,F , , ,C,50,0,0,0,1936922,5621714
Napier City,28/08/2014,Thu,316,EA,CW1CC4,103A 112A 350A ,M,R,D,DO,F ,T,N,C,50,0,0,1,1936873,5621726
Napier City,16/07/2014,Wed,1850,HA,CW2C,302A ,,R,D,DO,LS,X,G,C,50,0,0,0,1936945,5621682
Napier City,25/11/2014,Tue,1510,EA,BS1C,129A ,M,E,D,BF,F , ,N,C,50,0,0,0,1936513,5621920