TLANAME,CRASHDATE,CRASHDOW,CRASHTIME,MVMT,VEHICLES,CAUSES,OBJECTSSTRUCK,ROADCURVE,ROADWET,LIGHT,WTHRa,JUNCTYPE,TRAFCTRL,ROADMARK,SPDLIM,CRASHFATALCNT,CRASHSEVCNT,CRASHMINCNT,EASTING,NORTHING
Napier City,15/06/2014,Sun,1750,FA,CN1V,181A ,,M,D,TF,F ,M,G,C,50,0,0,0,1936525,5621986
Napier City,27/07/2014,Sun,,EA,CN1C,129A ,M,E,D,DO,F , ,N,C,50,0,0,0,1936329,5622194
Napier City,05/06/2014,Thu,1615,CB,4E1C,129A 194A ,,R,D,TF,F , , ,N,50,0,0,0,1935238,5621351
Napier City,30/07/2014,Wed,2032,DB,CE1,131A 350A ,E,M,D,DN,F , ,N,C,100,0,0,0,1928864,5615006
Napier City,17/07/2014,Thu,750,FB,CN1C,181A ,,M,W,OF,F ,R,G,R,50,0,0,0,1936638,5621174
Napier City,22/04/2014,Tue,1645,LB,CW1C,303B 375B 922 ,,R,D,O ,F ,D,N,R,50,0,0,0,1936407,5621178
Napier City,26/12/2014,Fri,1330,FD,CW1C,331A ,,R,D,B ,F , , ,C,50,0,0,0,1936435,5621167
Napier City,08/05/2014,Thu,700,EA,CN1C,130A 358A 402A ,Q,R,D,O ,F , , ,C,50,0,0,1,1932997,5618152
Napier City,01/06/2014,Sun,400,DA,CE1,131A ,F,E,D,DO,F , , ,C,50,0,0,0,1932848,5618096
Napier City,17/05/2014,Sat,15,CC,CE1,137A ,T,R,W,DO,L ,T,N,C,50,0,0,0,1932537,5617929
Napier City,23/01/2014,Thu,1530,MO,4N1C,371A 926 ,,R,D,B ,F ,T,N,C,50,0,0,0,1936777,5619284
Napier City,08/07/2014,Tue,1315,GB,TS1C,372B 387B 929 ,,R,D,OF,F ,D,N,C,70,0,0,0,1936694,5617079
Napier City,18/06/2014,Wed,1725,NA,CE1K,710B ,,R,D,TO,F , , ,C,50,0,1,0,1936818,5621522
Napier City,30/01/2014,Thu,1145,JA,PS1C,302B 404B ,,E,D,B ,F ,T,G,R,50,0,0,1,1936458,5621243
Napier City,20/11/2014,Thu,1520,FE,VE1B,181A ,,R,D,B ,F ,X,T,C,50,0,0,0,1936978,5621570
Napier City,04/08/2014,Mon,1130,MC,CW1C,372B ,,R,W,OF,L , ,N,C,50,0,0,0,1937016,5621581
Napier City,21/05/2014,Wed,1300,AO,CW1C,129A 129B ,,M,D,B ,F , , ,C,50,0,0,0,1936545,5621440
Napier City,25/05/2014,Sun,840,BC,CE1C,122A 352A ,,R,D,B ,F ,T,T,C,50,0,0,0,1936545,5621440
Napier City,24/12/2014,Wed,1124,LB,CS1C,303B 334B ,,R,D,B ,F ,X,T,P,50,0,0,0,1936319,5621054
Napier City,07/03/2014,Fri,1515,FD,CW1CC,181A 181B ,,R,D,B ,F , , ,C,50,0,0,0,1935783,5621041
Napier City,04/05/2014,Sun,1400,FE,CE1C,181A ,,R,D,BF,F ,X,T,C,50,0,0,0,1936379,5621188
Napier City,19/05/2014,Mon,1051,EA,CN1O,129A 351A ,M,R,D,BF,F , ,N,N,50,0,0,1,1933340,5624813
Napier City,02/10/2014,Thu,805,BB,CW2C,129A ,Q,R,D,BN,F ,T,N,C,50,0,0,0,1933552,5619792
Napier City,05/01/2014,Sun,1430,DA,VE1CC,129A ,MM,M,D,BF,F , ,N,C,50,0,0,1,1933721,5619224
Napier City,30/05/2014,Fri,850,BO,CS2C,122A 352A 402A 801 ,,R,W,O ,L ,X,G,P,50,0,0,0,1936650,5621090
Napier City,24/02/2014,Mon,,NA,4W1E,711B ,,R,D,B ,F , ,N,N,50,0,0,1,1934842,5618479
Napier City,30/05/2014,Fri,1018,DA,CN1,111A 131A 632A 800 ,P,M,W,O ,F ,T,N,N,50,0,0,0,1934793,5618469
Napier City,07/04/2014,Mon,1158,DA,CN1,134A 402A 632A ,G,M,D,O ,L ,T,N,C,50,0,0,0,1929600,5615255
Napier City,26/04/2014,Sat,1800,EC,40,371A 386A ,P,R,D,TO,F ,T,N,C,50,0,0,0,1934776,5618504
Napier City,19/11/2014,Wed,351,DB,CW1,111A 131A 514A ,P,M,D,DO,F , ,N,N,50,0,0,0,1934384,5618387
Napier City,05/07/2014,Sat,2300,EA,CN1C,129A ,M,R,D,DO,F , ,N,C,50,0,0,0,1936410,5620992
Napier City,24/11/2014,Mon,1030,LB,CS1C,303B 375B ,,R,D,BF,F ,T,G,C,50,0,0,1,1931896,5619320
Napier City,10/06/2014,Tue,820,MD,CW1C,308B 371B 929 ,,R,W,O ,F ,D,N,C,50,0,0,0,1932152,5619660
Napier City,21/06/2014,Sat,208,DB,CS1,103A 111A 131A ,FP,M,D,DO,F , ,N,C,50,0,0,0,1933081,5620263
Napier City,01/05/2014,Thu,2025,BC,CW1C,111A 121A ,,S,D,DO,F , ,N,C,50,0,0,0,1933109,5620254
Napier City,08/12/2014,Mon,1104,HA,CS1C,302A 375A ,,R,D,B ,F ,R,G,C,50,0,0,1,1931768,5618791
Napier City,09/05/2014,Fri,830,KA,CW1C,302B 370B ,,M,D,B ,F ,R,G,C,50,0,0,1,1931771,5618807
Napier City,11/11/2014,Tue,17,DC,CW2,104A 130A 631A ,,R,D,DO,F ,T,G,R,70,0,0,0,1935718,5617639
Napier City,01/07/2014,Tue,2250,BA,CN1C,103A 125A ,,R,D,DO,F , , ,C,50,0,0,1,1934475,5619433
Napier City,14/04/2014,Mon,1050,LB,CN1C,303B ,,R,W,O ,L ,T,G,C,50,0,0,0,1934681,5619182
Napier City,08/08/2014,Fri,1630,FB,CN1C,181A ,,R,D,B ,F ,T,S,C,50,0,0,0,1934413,5619508
Napier City,01/01/2014,Wed,440,EA,CN1C,129A ,M,R,D,DO,F , , ,C,50,0,0,0,1934592,5619290
Napier City,11/10/2014,Sat,1101,DA,CN1C,131A 423A ,,R,D,B ,F ,T,G,C,50,0,0,0,1934624,5619252
Napier City,15/11/2014,Sat,1335,MC,CS1C,372B ,,R,D,BF,F ,T,G,C,50,0,0,0,1934748,5619101
Napier City,19/06/2014,Thu,825,AO,400000000000000,158A 387A ,,R,D,BF,F ,T,S,C,50,0,0,0,1935163,5618764
Napier City,07/05/2014,Wed,1420,JA,CN1C,301B 375B 402B ,,R,D,O ,F ,X,S,R,50,0,0,0,1931949,5617934
Napier City,18/02/2014,Tue,1615,HA,CN1C,301B 375B ,,R,D,B ,F ,X,S,R,50,0,0,0,1931949,5617934
Napier City,10/06/2014,Tue,1910,EA,CE1C,129A ,MI,R,W,DO,L ,R,G,R,50,0,0,0,1932616,5619344
Napier City,04/12/2014,Thu,1028,LB,VS1C,303B ,,R,D,B ,F ,T,G,C,50,0,0,0,1932273,5618923
Napier City,18/09/2014,Thu,1108,MO,CE1,420A 507A ,C,R,D,B ,F , , ,N,20,0,0,1,1936323,5621348
Napier City,03/07/2014,Thu,1430,MO,CN1E,330A 370A 712B 713B 726B ,,R,D,B ,F , ,N,N,50,1,0,0,1936460,5621240
Napier City,23/06/2014,Mon,1817,EC,MS1,200A 341A ,G,R,D,DN,F , , ,N,30,0,1,0,1933731,5622797
Napier City,26/07/2014,Sat,1425,MO,MW1,130A 532A ,X,R,D,B ,F , , ,N,30,0,1,0,1936212,5618623
Napier City,08/07/2014,Tue,815,KA,TN1C,302B 375B ,,R,D,ON,F ,T,G,C,100,0,0,0,1933581,5631665
Napier City,28/11/2014,Fri,1933,DB,CS1,135A 806 ,,E,W,B ,F , , ,C,100,0,0,1,1933540,5631544
Napier City,10/02/2014,Mon,1500,GD,CN1VV,333A 929 ,,E,D,ON,F ,D,N,C,100,0,0,0,1933391,5631040
Napier City,28/06/2014,Sat,1020,GD,CS1C,331A 350A 929 ,,R,D,BF,F ,D,N,C,70,0,0,0,1933285,5628495
Napier City,08/07/2014,Tue,1810,GE,CN1C,112A 157A 160A ,,R,D,DO,F ,T,N,C,70,0,0,0,1933143,5627873
Napier City,12/06/2014,Thu,849,FD,TN1C,181A 191B ,,R,D,O ,F , , ,C,70,0,0,0,1933137,5627192
Napier City,04/10/2014,Sat,1144,CB,CN1,129A ,P,R,D,BF,F , ,N,C,80,0,0,0,1933313,5624535
Napier City,17/04/2014,Thu,1537,JA,CS1C,301B 375B 901 903 ,,E,W,O ,HS,X,S,R,50,0,0,1,1933518,5623357
Napier City,04/09/2014,Thu,15,DA,CN1,410A ,FP,M,W,DO,L ,T,N,C,50,0,0,0,1933831,5623001
Napier City,08/08/2014,Fri,940,CB,CN1,103A ,G,R,W,B ,L ,R,G,R,50,0,0,0,1934585,5622058
Napier City,26/03/2014,Wed,1649,HA,CE2C,112B 514B ,,R,D,B ,F ,R,G,C,50,0,0,0,1934585,5622058
Napier City,25/06/2014,Wed,705,DA,MN1,385A ,I,E,D,B ,F ,R,G,R,50,0,0,1,1934585,5622058
Napier City,30/06/2014,Mon,2000,FD,CE1C,181A ,,E,W,DO,L ,T,G,R,50,0,0,0,1934726,5621620
Napier City,28/11/2014,Fri,1216,KB,CW1T,302B 375B ,,R,D,BF,F ,R,G,R,100,0,0,2,1934738,5621611
Napier City,11/06/2014,Wed,1246,LB,CS1C,303B 387B 801 ,,R,W,O ,L ,T,G,R,50,0,0,0,1934778,5621155
Napier City,13/10/2014,Mon,1705,LB,SS2C,302B 375B ,,E,D,B ,F ,R,G,R,100,0,0,1,1934853,5621037
Napier City,03/04/2014,Thu,1330,AA,CW1C,372A ,,M,D,B ,F ,R,G,C,50,0,0,0,1934842,5621030
Napier City,18/03/2014,Tue,2020,AC,TS1C,381A 671A ,,M,W,BF,F ,R,G,R,50,0,0,0,1934842,5621030
Napier City,03/08/2014,Sun,153,DC,CS1,101A 111A ,V,E,D,DO,F ,R,G,R,50,0,1,0,1934842,5621030
Napier City,20/06/2014,Fri,1325,GC,4E1C,173A ,,S,D,BN,F ,R,G,R,50,0,0,0,1934853,5621051
Napier City,03/08/2014,Sun,1520,GB,CS1O,172B ,,E,W,OF,L ,R,G,R,50,0,0,0,1934853,5621051
Napier City,12/06/2014,Thu,845,DB,CW1,135A 402A 801 806 ,P,E,W,O ,L , , ,R,50,0,0,0,1934983,5621023
Napier City,23/05/2014,Fri,1753,GB,CN1T,172B ,,M,D,DO,F ,R,G,C,50,0,0,0,1934994,5621013
Napier City,12/09/2014,Fri,1600,GF,CN2C,372A ,,E,D,BF,F ,R,G,C,50,0,0,0,1935023,5621014
Napier City,07/01/2014,Tue,1051,GB,CW1C,172B 507B ,,E,D,B ,F ,R,G,C,50,0,0,0,1935023,5621014
Napier City,14/04/2014,Mon,30,CC,CW1,103A 112A 130A 801 ,IS,R,W,DO,L , , ,R,50,0,0,1,1935038,5621017
Napier City,10/12/2014,Wed,1705,QG,CS1C,665A ,M,R,D,B ,F ,T,N,C,50,0,0,0,1935481,5620846
Napier City,15/10/2014,Wed,2055,LB,CE1C,303B 352B 375B ,,R,D,DO,F ,X,T,C,50,0,0,0,1935711,5620533
Napier City,23/07/2014,Wed,1430,FE,CS1C,181A 331A 801 ,,E,W,O ,L ,X,T,R,50,0,0,0,1935711,5620533
Napier City,05/06/2014,Thu,1715,FE,VN1C,181A ,,E,D,TF,F ,X,T,C,50,0,0,0,1935711,5620533
Napier City,28/11/2014,Fri,1855,LB,CN1C,303B 375B ,,S,W,OF,L ,X,T,P,50,0,0,0,1935711,5620533
Napier City,01/01/2014,Wed,1030,PC,VS1K,311A 378A 835 929 ,,R,D,B ,F ,D, ,C,50,0,1,0,1935997,5620195
Napier City,18/07/2014,Fri,1849,HA,CE14,302A ,,E,D,DO,F ,R,G,R,50,0,0,0,1936098,5620090
Napier City,23/11/2014,Sun,2030,HA,CN1S,302A 375A ,,E,D,DO,F ,R,G,N,50,0,0,0,1936098,5620090
Napier City,07/07/2014,Mon,815,HA,CE14,302A 363A 375A 902 ,,E,D,B ,F ,R,G,C,50,0,0,0,1936098,5620090
Napier City,02/02/2014,Sun,1517,HA,CN2C,302A 375A ,,S,D,BF,F ,R,G,R,50,0,0,0,1936098,5620090
Napier City,09/11/2014,Sun,1117,KA,CS1C,302B ,,M,D,B ,F ,R,G,R,50,0,0,0,1936097,5620079
Napier City,22/09/2014,Mon,947,HA,OE1C,302A ,,R,W,BF,L ,R,G,C,50,0,0,1,1936097,5620079
Napier City,07/01/2014,Tue,1017,KA,CN2C,111B 302B 411B ,,R,D,B ,F ,R,G,C,50,0,0,0,1936097,5620079
Napier City,19/02/2014,Wed,1845,HA,CN1C,302A 375A ,,E,D,BF,F ,R,G,R,50,0,0,0,1936097,5620079
Napier City,01/05/2014,Thu,840,HA,CE1S,302A ,,M,D,B ,F ,R,G,R,50,0,1,0,1936086,5620080
Napier City,27/05/2014,Tue,1925,MD,CS1TB,308B 371B 927 ,,R,D,DN,F ,D,N,C,100,0,0,0,1936405,5619712
Napier City,29/08/2014,Fri,900,FB,CE1C,181A 330A ,,R,D,O ,F ,T,N,C,50,0,0,0,1936666,5619410
Napier City,09/12/2014,Tue,810,FD,VE14,181A ,,R,D,B ,F ,T,G,P,50,0,0,0,1936841,5619367
Napier City,04/01/2014,Sat,820,GC,CN1C,377A 372B 926 ,,E,D,BN,F ,D, ,C,100,0,0,0,1936803,5616860
Napier City,07/03/2014,Fri,1521,FD,4N1CCC,181A 181B 181C ,,R,D,B ,F , , ,C,100,0,0,0,1936895,5615216
Napier City,07/06/2014,Sat,2315,CB,CS1,129A 358A ,H,R,D,DN,F , , ,C,100,0,0,0,1936934,5614818
Napier City,18/08/2014,Mon,542,HA,SS1T,204A 302B 375B 927 ,,R,D,DN,F ,T,G,C,100,0,1,0,1937017,5614224
Napier City,08/02/2014,Sat,1542,CC,CN1E,130A 501A 901 ,X,R,W,O ,H ,T,G,C,100,0,1,0,1937017,5614224
Napier City,23/04/2014,Wed,1420,FA,CS1V,331A 191B 817 ,,R,D,B ,F , , ,C,100,0,0,0,1937028,5614144
Napier City,20/03/2014,Thu,1013,KB,TN1C,301B 375B ,,E,D,BF,F ,M,S,P,80,0,0,0,1933518,5623357
Napier City,10/01/2014,Fri,1850,GB,CW1C,172B ,,R,D,O ,F ,R,G,R,50,0,0,0,1933203,5620958
Napier City,22/01/2014,Wed,719,FA,VE1S,331A 353A ,,E,D,B ,F ,R,G,R,50,0,0,1,1933104,5620961
Napier City,08/07/2014,Tue,905,HA,CW2V,302A 375A ,,R,D,B ,F ,R,G,R,70,0,0,0,1933104,5620961
Napier City,22/03/2014,Sat,1840,DB,VN1,111A 131A ,PS,M,W,BF,L ,R,G,R,70,0,0,0,1933118,5620932
Napier City,07/12/2014,Sun,1434,AO,CN14,129A ,,R,D,B ,FS,R,G,C,70,0,0,0,1933146,5620917
Napier City,21/06/2014,Sat,1132,FB,VE1C,181A ,,R,D,BF,F ,R,G,C,70,0,0,0,1933145,5620912
Napier City,08/04/2014,Tue,2125,FB,CE1C,181A ,,R,W,DO,H ,R,G,R,50,0,0,0,1933145,5620912
Napier City,01/11/2014,Sat,955,FD,CN1CC,181A 352A 181B ,,R,D,B ,F , , ,C,100,0,0,0,1933132,5620838
Napier City,31/05/2014,Sat,1339,BO,CE1C,512A 357B 514B ,,E,D,O ,F , , ,C,100,0,0,0,1933181,5632492
Napier City,07/04/2014,Mon,1930,FB,VW2C,181A ,,R, , F,  ,X,G,C,100,0,0,0,1935011,5622296
Napier City,21/03/2014,Fri,821,FD,CN1CC,331A 358A ,,R,D,OF,F ,X,G,C,50,0,0,0,1935006,5622287
Napier City,16/11/2014,Sun,1203,HA,CN1C,302A ,,E,D,B ,F ,R,G,R,50,0,0,0,1934753,5621611
Napier City,11/11/2014,Tue,1459,GA,TN2C,181A ,,E,D,B ,F ,R,G,R,50,0,0,0,1934997,5620998
Napier City,29/01/2014,Wed,1044,GB,CS1C,172B 372B 386B ,,M,D,BF,F ,R,G,C,50,0,0,0,1935012,5620994
Napier City,14/03/2014,Fri,1220,FA,CN1C,181A 331A 350A ,,R,D,B ,F , ,N,C,50,0,0,1,1934744,5620723
Napier City,25/03/2014,Tue,1129,EA,CS1CV,129A 358A ,MM,R,D,BF,F , ,N,C,50,0,0,1,1934555,5620521
Napier City,30/08/2014,Sat,1039,DB,MW2,111A 131A 514A ,,R,D,O ,F ,T,G,R,50,0,0,0,1934427,5620388
Napier City,30/05/2014,Fri,1150,LB,CN1C,303B 377B ,,R,W,OF,L ,T,G,C,50,0,0,0,1934304,5620250
Napier City,04/10/2014,Sat,1145,MO,CE1C,371A 929 ,,R,D,B ,F ,D,N,C,50,0,0,0,1934314,5620243
Napier City,09/09/2014,Tue,1120,KB,CS1C,322B 330B ,,E,D,O ,F ,T,T,R,50,0,0,0,1934068,5619910
Napier City,19/02/2014,Wed,1530,NE,CS1,306A ,,R,D,BF,F ,T,T,C,50,0,0,0,1934035,5619868
Napier City,08/05/2014,Thu,2220,LB,CS1C,322B 386B 402B 801 ,,R,W,DO,L ,T,T,C,50,0,0,0,1934035,5619868
Napier City,06/04/2014,Sun,900,DA,VS1,111A 131A 402A 800 801 ,I,S,W,O ,L ,R,G,R,50,0,0,1,1933340,5619322
Napier City,03/01/2014,Fri,1020,HA,CS2M,302A 378A ,,E,D,B ,F ,R,G,R,50,0,0,0,1933263,5619308
Napier City,19/02/2014,Wed,2036,CB,CN1,103A 130A ,B,R,D,DO,F , , ,C,100,0,0,0,1933391,5618681
Napier City,25/10/2014,Sat,1745,MC,CN1C,372B 671B 691B ,,M,D,B ,F ,T,N,C,100,0,0,0,1931913,5616690
Napier City,29/04/2014,Tue,1815,FB,VS1C,181A ,,R,D,B ,F ,R,G,C,50,0,0,0,1931912,5616630
Napier City,15/08/2014,Fri,725,CB,CS1,103A 134A 410A ,EV,R,D,B ,F , ,N,C,100,0,0,0,1931846,5616369
Napier City,29/07/2014,Tue,750,FD,CS1C4,331A ,G,R,D,B ,F , , ,C,100,0,0,0,1931821,5616272
Napier City,21/01/2014,Tue,806,FD,CS1C,112A 181A 331A 901 ,,R,W,O ,H , , ,C,100,0,0,1,1931819,5616262
Napier City,21/08/2014,Thu,755,AA,TS14,372A 671A ,,R,D,OF,F ,Y,N,R,100,0,0,0,1931646,5615593
Napier City,03/09/2014,Wed,825,CC,4S1,132A 407A ,V,R,W,O ,L , ,N,C,100,0,0,0,1931568,5615303
Nelson City,23/01/2014,Thu,2230,DA,CE1,111A 132A 402A ,K,M,D,DN,F , , ,C,50,0,0,0,1622359,5430482
Nelson City,16/07/2014,Wed,250,DA,CW2,111A 131A ,C,M,D,DO,F ,R,G,R,50,0,0,0,1621908,5430222
Nelson City,02/03/2014,Sun,140,EO,CN1C,352B 407B ,M,E,D,DO,F ,T,G, ,50,0,0,0,1623977,5430941
Nelson City,19/11/2014,Wed,1110,JA,CS1C,308B 839 929 ,,R,W,OF,L ,D,N,C,50,0,0,0,1620243,5427592
Nelson City,24/11/2014,Mon,1429,DA,CW1,111A 131A ,P,M,D,BF,F , ,N,C,50,0,0,0,1622670,5430757
Nelson City,21/12/2014,Sun,1300,GB,CS1C,158A 333A 929 ,,R,D,B ,F ,D, ,N,50,0,0,0,1622757,5430999
Nelson City,06/09/2014,Sat,1330,CB,CN1C,129A 358A ,M,R,D,BF,F , ,N,C,50,0,0,1,1624800,5431749
Nelson City,14/10/2014,Tue,800,JA,CN1C,308B 377B 929 ,,R,D,B ,F ,D,N,C,50,0,0,0,1624896,5431888
Nelson City,16/06/2014,Mon,643,HA,CS1C,302B 375B ,,R,W,DO,F ,X,G,C,50,0,0,1,1624697,5431612
Nelson City,12/10/2014,Sun,50,DB,CS1,103A 111A 131A ,C,S,D,DO,F , , ,C,50,0,0,0,1621230,5430038
Nelson City,05/11/2014,Wed,2100,EA,4N1V,129A ,M,R,D,DO,F , , ,C,50,0,0,0,1621310,5430192
Nelson City,20/07/2014,Sun,445,DA,CN1,103A 111A 131A ,,E,D,DO,F , , ,C,50,0,0,0,1621214,5430148
Nelson City,07/07/2014,Mon,2045,DA,CN1V,132A ,M,S,D,DO,F ,T,N,C,50,0,0,0,1621354,5430282
Nelson City,10/05/2014,Sat,1145,JA,CW1C,302B ,,E,D,BF,F ,T,G,R,50,0,0,0,1620882,5430089
Nelson City,27/07/2014,Sun,1645,MO,CW1C,371A 385A 929 ,M,R,D,DN,F ,D,N,C,50,0,0,0,1622244,5428509
Nelson City,12/11/2014,Wed,1800,MO,VW1C,371A ,M,R,D,B ,F , ,N,C,50,0,0,0,1623927,5430943
Nelson City,13/04/2014,Sun,1120,KB,CN24,133A 423A ,,R,D,OF,M ,T,G,C,50,0,0,0,1623977,5430941
Nelson City,29/10/2014,Wed,307,CB,CE1,103A 130A 402A ,X,R,D,DO,F , , ,C,50,0,0,0,1624056,5430938
Nelson City,22/05/2014,Thu,1135,MO,CW1C,371A 385A ,M,R, , F,  , ,N,N,50,0,0,0,1623836,5430946
Nelson City,16/07/2014,Wed,1055,NF,CN2H,307A 376A 507A ,,E,D,B ,F ,X,T,C,50,0,1,0,1624036,5430939
Nelson City,26/04/2014,Sat,1245,NF,4N2E,710B 720B ,,R,D,B ,F ,X,G,C,50,0,0,1,1624116,5430936
Nelson City,19/03/2014,Wed,1600,AA,SW1C,372A ,,R,D,BF,F , ,N,C,50,0,0,1,1624392,5430926
Nelson City,20/11/2014,Thu,820,JA,PE1C,302B 382B ,,R,D,B ,F ,T,G,R,50,0,0,1,1624422,5430924
Nelson City,09/10/2014,Thu,1330,JA,CW1C,303B 357B ,,R,D,B ,F ,X,G,C,50,0,0,0,1623782,5430948
Nelson City,28/02/2014,Fri,2325,MD,CS1C,103A 112A 308B 929 ,,R,D,DO,F ,D,N,N,50,0,0,1,1624474,5429034
Nelson City,04/08/2014,Mon,1515,FD,CS1C,132A 181A ,,R,D,B ,F ,T,N,C,50,0,0,0,1624618,5428769
Nelson City,28/03/2014,Fri,1720,DA,4S1,111A 131A ,T,M,D,DF,F , ,N,C,50,0,1,0,1624969,5428077
Nelson City,19/04/2014,Sat,323,DA,CN1,103A 111A 131A 801 ,P,E,W,DO,L ,X,T,C,50,0,0,1,1624036,5430939
Nelson City,11/06/2014,Wed,800,QD,CS1T,428A 922 ,,R,D,O ,F ,D,N,C,50,0,0,0,1624042,5431104
Nelson City,26/02/2014,Wed,1200,JA,CN1V,308B 377B 926 ,,R,D,BF,F ,D, ,C,50,0,0,0,1624030,5430783
Nelson City,08/10/2014,Wed,1240,EE,TS1C,374B ,M,R,D,B ,F , , ,C,50,0,0,0,1624028,5430723
Nelson City,11/06/2014,Wed,1733,KA,CN1B,302B 387B 817 ,,R,D,TO,F ,T,G,C,50,0,0,0,1624040,5431034
Nelson City,14/05/2014,Wed,1530,JA,CN1V,308B 929 ,,R,D,B ,F ,D,N,C,50,0,0,0,1618095,5425848
Nelson City,28/07/2014,Mon,700,JA,SN14,302B 375B ,,E,D,TO,F ,T,G,C,50,0,0,1,1617477,5424843
Nelson City,14/10/2014,Tue,1025,JA,MW1C,308B 375B 927 ,,R,D,B ,  ,D,N,C,50,0,1,0,1617530,5424749
Nelson City,18/08/2014,Mon,1716,FA,CN1CV,331A 501A ,S,R,D,TO,F ,T,G,C,80,0,0,1,1617560,5424709
Nelson City,18/09/2014,Thu,1630,MO,CW1C,371A 386A ,,R,D,O ,F , ,N,N,50,0,0,0,1617658,5424997
Nelson City,22/03/2014,Sat,600,EA,CS1T,129A ,M,R,D,DO,F , ,N,C,50,0,0,0,1622472,5430011
Nelson City,29/06/2014,Sun,1730,MO,CW1C,371A 205B 926 ,,R,D,TN,F ,D,N,N,50,0,0,0,1619654,5428888
Nelson City,14/11/2014,Fri,1500,DA,CS1,131A 402A 501A ,C,M,D,B ,F ,T,N,C,50,0,0,0,1620617,5428159
Nelson City,07/02/2014,Fri,1750,KA,VW1C,302B 353B 404B ,,R,W,OO,L ,R,G,R,50,0,0,0,1624050,5431327
Nelson City,14/05/2014,Wed,1100,BA,CE1C,357A 512A ,,R,D,B ,F ,X,S,C,50,0,0,0,1624438,5431313
Nelson City,24/08/2014,Sun,910,HA,SW1C,302B 404B ,,E,D,B ,F ,R,G,C,50,0,1,0,1623381,5431160
Nelson City,18/09/2014,Thu,1628,HA,CW1S,302B ,,R,W,O ,L ,R,G,C,50,0,0,0,1623381,5431160
Nelson City,19/03/2014,Wed,1430,MC,CW1C,372B ,,R,D,BF,F , ,N,R,50,0,0,0,1623575,5431153
Nelson City,18/02/2014,Tue,1715,HA,4N2C,302B 375B ,,R,D,BF,F ,X,G,C,50,0,0,0,1624431,5431119
Nelson City,21/03/2014,Fri,2030,QB,VE1,522A 924 ,,R,D,DO,F ,D, ,N,50,0,0,1,1623739,5431148
Nelson City,24/02/2014,Mon,1515,NB,CW1E,712B 713B 727B ,,R,D,OF,F , ,N,N,50,0,0,1,1623035,5429734
Nelson City,11/11/2014,Tue,830,JA,CE1C,302B 375B ,,R,D,B ,F ,T,G,C,50,0,0,0,1624108,5430740
Nelson City,22/03/2014,Sat,1925,HA,CE1C,301A 404A ,,R,D,B ,F ,X,S,R,50,0,0,0,1624414,5430728
Nelson City,15/04/2014,Tue,1444,AA,CN1C,372A ,,R,W,OF,H , ,N,C,50,0,0,2,1623309,5431302
Nelson City,09/07/2014,Wed,300,EA,CN1C,129A ,M,E,D,DO,F , , ,C,50,0,0,0,1623311,5431298
Nelson City,22/10/2014,Wed,1515,KB,CS1C,302B ,,R,D,B ,F ,T,G,C,50,0,0,0,1623287,5431341
Nelson City,09/05/2014,Fri,1300,FC,CN1C,181A 330A ,,R,D,O ,F ,T,N,R,50,0,0,0,1623273,5431512
Nelson City,15/04/2014,Tue,750,EA,CS1V,386A 402A 801 ,M,R,W,O ,L ,X,G,N,50,0,0,0,1623969,5430715
Nelson City,08/07/2014,Tue,1219,MO,CN1,423A 500A 929 ,H,R,D,B ,F ,D, ,N,50,0,0,1,1618663,5424950
Nelson City,25/07/2014,Fri,1620,DA,MS1,103A 111A ,S,E,D,B ,F ,T,G,C,50,0,0,2,1622081,5429001
Nelson City,05/09/2014,Fri,1925,BA,4N1C,201A 330A ,,R,D,DO,F ,T,N,N,50,0,0,0,1623377,5430640
Nelson City,18/07/2014,Fri,1840,JA,CS14,197A 303B 375B ,,R,D,DO,F ,T,N,C,60,0,0,1,1632783,5435873
Nelson City,24/06/2014,Tue,1740,FD,CW1CC,181A 181B ,,R,W,DN,L , , ,C,80,0,0,1,1617484,5424645
Nelson City,22/07/2014,Tue,900,JA,CN1C,302B 377B ,,R,D,BN,F ,T,G,C,80,0,0,1,1617560,5424709
Nelson City,29/01/2014,Wed,235,CB,CN1,410A ,F,R,D,DO,F , , ,C,50,0,0,0,1620135,5427239
Nelson City,19/10/2014,Sun,1234,CA,CS1,130A 358A ,I,R,D,B ,F , , ,R,50,0,0,0,1619807,5426772
Nelson City,12/09/2014,Fri,1540,EA,CN14,129A 386A ,M,R,D,O ,F , , ,C,50,0,0,0,1619749,5426690
Nelson City,08/09/2014,Mon,830,MC,CN1C,372B ,,R,D,B ,F ,T,N,C,50,0,0,0,1618976,5425882
Nelson City,06/11/2014,Thu,1017,MC,CN1C,372B 381B ,,R,D,B ,F , ,N,C,50,0,0,0,1619702,5426626
Nelson City,18/01/2014,Sat,1950,FC,CS1C,181A ,,R,D,BF,F , ,N,X,50,0,0,0,1619331,5426176
Nelson City,02/07/2014,Wed,900,AF,4E1M,130B ,,R,D,B ,F , , ,P,50,0,0,0,1618068,5425126
Nelson City,10/02/2014,Mon,1720,FD,CN1C,331A 358A 370A ,,R,D,BF,F , , ,P,50,0,0,0,1618044,5425107
Nelson City,29/10/2014,Wed,2155,HA,CW2C,322B 330B 901 ,,R,W,DO,H ,X,T,C,50,0,0,0,1619556,5426419
Nelson City,17/06/2014,Tue,1730,LB,PS1C,303B 314B 926 ,,R,D,TO,F ,D,G,C,70,0,0,1,1617357,5424538
Nelson City,14/04/2014,Mon,900,CB,CE1,130A 350A ,B,R,D,O ,F , , ,C,50,0,0,0,1625979,5430895
Nelson City,17/08/2014,Sun,1800,DB,CW1,111A 131A ,,M,D,DN,F , ,N,C,50,0,0,0,1627676,5430426
Nelson City,11/07/2014,Fri,1304,MC,CN1C,372B 671B 801 ,,R,W,O ,L , , ,C,50,0,0,1,1624685,5431275