TLANAME,CRASHDATE,CRASHDOW,CRASHTIME,MVMT,VEHICLES,CAUSES,OBJECTSSTRUCK,ROADCURVE,ROADWET,LIGHT,WTHRa,JUNCTYPE,TRAFCTRL,ROADMARK,SPDLIM,CRASHFATALCNT,CRASHSEVCNT,CRASHMINCNT,EASTING,NORTHING
Nelson City,13/02/2014,Thu,1506,QG,CS1CC,330A 682A ,M,R,D,B ,F , ,N,C,50,0,0,0,1622712,5429198
Nelson City,02/09/2014,Tue,1810,GA,CE1C,181A 192B 929 ,,E,D,TF,F ,D,N,C,50,0,0,0,1622424,5429402
Nelson City,07/11/2014,Fri,2135,EA,CN1C,103A 129A ,M,R,D,DO,F , ,N,C,50,0,0,0,1620411,5429036
Nelson City,05/07/2014,Sat,1152,JA,CN1C,301B ,,R,D,B ,F ,T,S,C,50,0,0,0,1620648,5429713
Nelson City,03/05/2014,Sat,435,DA,4W2,101A 130A 514A ,E,M,D,DO,F ,T,G,C,50,0,0,0,1622054,5428997
Nelson City,15/02/2014,Sat,1240,GD,MW1C,181A 386A ,,R,D,B ,F ,T,N,C,50,0,0,1,1618558,5426296
Nelson City,13/05/2014,Tue,904,MA,CN1C,373B ,,R,W,OF,L , ,N,C,50,0,0,0,1619225,5426917
Nelson City,03/09/2014,Wed,1712,JC,CN2M,302A 363A 375A 902 ,,R,D,B ,F ,T,G,C,50,0,0,1,1618062,5425885
Nelson City,19/04/2014,Sat,1510,MC,CN1C,330B 372B ,,R,D,B ,F , ,N,C,50,0,0,0,1619552,5427377
Nelson City,21/03/2014,Fri,840,GD,CS1C,331A ,,R,D,B ,F ,T,G,C,50,0,0,0,1619580,5427418
Nelson City,11/12/2014,Thu,1505,NA,CN1E,306A 376A ,,R,D,B ,F ,T,N,X,40,0,0,1,1619510,5427317
Nelson City,18/12/2014,Thu,1422,JA,CS1C,302B 387B ,,R,D,BF,F ,T,G,C,50,0,0,2,1619691,5427576
Nelson City,13/04/2014,Sun,1030,EA,CS14,129A 504A ,M,R,D,ON,F , ,N,C,50,0,0,1,1618254,5426044
Nelson City,17/03/2014,Mon,1330,EA,CN1C,101A 129A 358A ,M,R,D,OF,F ,T,N,C,50,0,0,0,1618200,5426000
Nelson City,15/08/2014,Fri,815,HA,CN1S,330A 363A 370A 902 930 ,,R,D,B ,F ,D,N,R,50,0,1,0,1619804,5427451
Nelson City,04/04/2014,Fri,1659,NB,CE1E,504B 712B 713B 902 ,,R,D,B ,F ,X,G,C,50,0,0,1,1624252,5430524
Nelson City,13/04/2014,Sun,335,CA,CE1C,103A 112A 130A 514A 800 ,CKM,R,W,DO,F , , ,N,50,0,0,0,1625162,5430492
Nelson City,05/10/2014,Sun,1938,MO,CW1,371A 929 ,P,R,D,TF,F ,D,N,N,50,0,0,0,1621970,5429573
Nelson City,18/11/2014,Tue,2030,GF,CS1S,172A ,,R,D,B ,F ,X,T,P,50,0,0,0,1623535,5431155
Nelson City,17/04/2014,Thu,822,JA,CS1S,308B 350B 801 927 ,,R,W,O ,L ,D, ,C,50,0,0,1,1620180,5428752
Nelson City,08/06/2014,Sun,530,DB,CN1,131A 359A ,CJ,E,W,DN,L , , ,C,50,0,0,0,1620163,5428458
Nelson City,07/09/2014,Sun,1836,DA,CN1,101A 111A 929 ,PS,M,D,DO,F ,D,N,C,50,0,0,0,1618434,5427335
Nelson City,17/12/2014,Wed,1745,MC,CS1C,372B ,,E,W,OF,L , ,N,C,50,0,0,0,1621289,5428858
Nelson City,02/05/2014,Fri,1645,NA,CW1E,711B ,,R,D,B ,F , , ,C,50,0,0,1,1619604,5426573
Nelson City,22/09/2014,Mon,1145,HA,CW2V,302A 375A ,,M,D,O ,F ,R,G,C,50,0,0,0,1620002,5428006
Nelson City,30/04/2014,Wed,1430,KA,CS1C,302B 370B ,I,E,D,B ,F ,R,G,R,50,0,0,0,1619987,5427997
Nelson City,10/02/2014,Mon,1045,AC,CS1C,124A ,,R,D,B ,F ,R,G,C,50,0,0,0,1620090,5427939
Nelson City,22/01/2014,Wed,1524,AF,TW1S,150A 386A ,,R,D,B ,F ,R,G,C,50,0,0,0,1619470,5428374
Nelson City,18/08/2014,Mon,2200,EA,CN1C,386A ,M,R,D,DO,F , ,N,C,50,0,0,0,1622786,5430662
Nelson City,12/12/2014,Fri,2200,DA,CE1,131A ,,S,D,DO,F , ,N,N,80,0,0,0,1622748,5430816
Nelson City,17/07/2014,Thu,400,DA,CN1C,103A 131A ,M,M,D,DO,F , ,N,C,50,0,0,0,1622799,5430890
Nelson City,03/11/2014,Mon,843,JA,CW1C,302B 377B 839 ,,E,D,B ,F ,T,G,L,50,0,0,0,1622420,5430574
Nelson City,10/10/2014,Fri,924,CA,CS1,130A 423A ,EZ,R,D,B ,F , , ,L,50,0,0,1,1624225,5431070
Nelson City,27/10/2014,Mon,1220,FD,VS1C,181A 352A ,,M,D,B ,F ,T,N,C,50,0,0,1,1623499,5430153
Nelson City,13/03/2014,Thu,1025,FC,CS1V,181A 331A 350A ,,R,D,B ,F , , ,X,50,0,0,0,1623502,5430240
Nelson City,21/10/2014,Tue,1250,KB,CS1V,302B ,,S,D,B ,F ,X,G,C,50,0,0,0,1623505,5430340
Nelson City,28/05/2014,Wed,805,MO,VE1E,308A 353A 922 ,,R,D,B ,F ,D,N,C,50,0,0,1,1623520,5430723
Nelson City,24/09/2014,Wed,1600,ND,CW1E,308A 923 ,,R,D,B ,F ,D,N,C,50,0,0,0,1623520,5430723
Nelson City,29/10/2014,Wed,520,DA,CS1,131A 410A ,I,E,D,DO,F ,R,G,R,50,0,0,0,1623499,5430141
Nelson City,08/03/2014,Sat,1800,DA,CN2,111A 131A ,F,R,D,BF,F ,R,G,R,80,0,0,0,1618094,5425135
Nelson City,27/03/2014,Thu,810,EA,VN1C,131A 402A ,M,R,D,B ,F , , ,C,50,0,0,0,1618410,5424768
Nelson City,26/10/2014,Sun,100,EA,CW1C,129A ,M,M,D,DO,F , ,N,C,50,0,0,0,1621308,5427584
Nelson City,07/02/2014,Fri,1400,MO,CW1C,371A 929 ,M,R,D,B ,F ,D,N,N,50,0,0,0,1621238,5427714
Nelson City,01/03/2014,Sat,2304,DA,4W1,111A 131A 514A ,F,M,D,DN,F , ,N,N,50,0,0,0,1621820,5427903
Nelson City,11/06/2014,Wed,1730,KB,CE1C,301B ,,E,D,TF,F ,X,S,C,50,0,0,0,1623842,5430644
Nelson City,18/03/2014,Tue,1528,MD,CE1S,308B 930 ,,R,D,O ,F ,D,N,C,50,0,0,1,1619300,5426599
Nelson City,09/08/2014,Sat,1530,JA,CN1C,308B 375B 923 ,,R,D,B ,F ,D,N,C,50,0,0,0,1619524,5426442
Nelson City,23/10/2014,Thu,1150,EO,TN1,179A 386A ,P,E,D,B ,F ,X,T,C,50,0,0,0,1619556,5426419
Nelson City,08/05/2014,Thu,1830,ND,CS2E,307A ,,M,W,DO,F ,X,T,C,50,0,0,1,1619556,5426419
Nelson City,22/12/2014,Mon,1540,LB,CS2C,302A 370A 308B 370B 930 ,,R,D,B ,F ,D,G,C,50,0,0,0,1619440,5426500
Nelson City,06/12/2014,Sat,1103,CB,CW1C,197A ,M,R,D,BF,F ,T,G,C,50,0,0,0,1619440,5426500
Nelson City,15/10/2014,Wed,1851,MO,CS1,371A 929 ,F,R,D,B ,F ,D,N,N,50,0,0,0,1623582,5430489
Nelson City,03/09/2014,Wed,802,NA,CN1E,726B ,,R,D,B ,F , ,N,C,50,0,1,1,1623254,5430988
Nelson City,19/04/2014,Sat,1930,FA,4N14,357A 512A ,,R,D,DO,F ,T,G,C,50,0,0,0,1623300,5431054
Nelson City,06/06/2014,Fri,1230,FF,CS1C,181A ,,R, , F,  , ,N,C,50,0,0,0,1622947,5430549
Nelson City,12/06/2014,Thu,1030,MC,CS1C,372B ,,R,D,O ,F , , ,C,50,0,0,0,1622841,5430396
Nelson City,27/05/2014,Tue,1335,CC,CS1C,133A 423A ,FM,R,D,BF,F , ,N,C,50,0,0,0,1622502,5429908
Nelson City,13/07/2014,Sun,815,HA,CE2S,302A 375A 904 ,,E,W,O ,M ,R,G,R,50,0,1,0,1622601,5430034
Nelson City,17/04/2014,Thu,1720,CC,VN1V,130A 358A 801 903 ,M,R,W,TO,LS,T,G,C,50,0,0,2,1618690,5424897
Nelson City,07/06/2014,Sat,1525,CB,CW1,130A 358A ,F,R,D,O ,F , , ,C,50,0,0,0,1619199,5425322
Nelson City,22/11/2014,Sat,910,DA,CS1,103A 111A 131A 402A ,F,E,W,O ,L , , ,N,100,0,0,0,1625037,5428458
Nelson City,27/11/2014,Thu,1915,HA,4W2V,321A 335A ,,R,D,OF,F ,X,S,C,50,0,0,0,1624414,5430728
Nelson City,08/12/2014,Mon,855,HA,CE2P,301A 375A ,,R,D,OF,F ,X,S,R,50,0,0,1,1624414,5430728
Nelson City,19/04/2014,Sat,1855,GA,CW1C,101B 832 929 ,,M,D,DO,F ,D,N,C,50,0,0,0,1621022,5427059
Nelson City,31/12/2014,Wed,1235,MO,CN1C,371A 929 ,M,M,D,BF,F ,D,N,N,50,0,0,0,1622127,5428790
Nelson City,21/06/2014,Sat,,EA,CN1C,386A ,M,R,D,TF,F , ,N,C,50,0,0,0,1622323,5428908
Nelson City,10/05/2014,Sat,1330,JC,4S1C,302A 375A 403A ,,R,D,B ,F ,T,G,C,50,0,0,0,1622555,5430067
Nelson City,27/10/2014,Mon,1330,LB,CE1C,303B 352B 929 ,,R,D,B ,F ,D, ,C,50,0,0,0,1622404,5430171
Nelson City,07/01/2014,Tue,2245,DA,CS1,111A 131A ,C,S,W,DO,F , , ,C,50,0,0,0,1621001,5429443
Nelson City,26/09/2014,Fri,1705,MG,4S14,352B 371B ,,R,D,BF,F ,X,G,X,50,0,0,0,1623782,5430948
Nelson City,08/09/2014,Mon,900,GD,CN1C,331A 352A ,,R,D,B ,F ,T,G,C,50,0,0,1,1623797,5431519
Nelson City,23/07/2014,Wed,840,FE,CS1CC,331A 334A ,,R,D,O ,F ,X,T,C,50,0,0,2,1623789,5431151
Nelson City,04/08/2014,Mon,,MO,CS1C,385A ,M,R,D,BF,F , ,N,C,50,0,0,0,1623788,5431116
Nelson City,27/08/2014,Wed,1300,GF,CE24,381A ,,R,D,BF,F ,X,T,C,50,0,0,0,1623789,5431146
Nelson City,25/03/2014,Tue,1315,MO,CN1C,386A ,M,R,D,B ,F ,T,S,C,50,0,0,0,1623771,5430653
Nelson City,08/05/2014,Thu,924,LB,CS1CC,303B 355B 404B 927 ,,R,D,B ,F ,T,G,C,50,0,0,0,1623802,5431659
Nelson City,30/03/2014,Sun,1440,MO,VW1C,371A ,M,R,D,O ,F , , ,C,50,0,0,0,1623651,5429746
Nelson City,02/11/2014,Sun,440,DA,4S1,101A 111A 131A ,C,S,D,DO,F , ,N,C,50,0,0,1,1623734,5429744
Nelson City,18/06/2014,Wed,1925,BE,CN1CC,130A 501A ,M,R,D,DO,F ,X,G,C,50,0,0,1,1622701,5429854
Nelson City,17/10/2014,Fri,1840,JA,SN1C,204A 925 ,,R,D,B ,F ,D,N,N,50,0,0,0,1623309,5430724
Nelson City,01/09/2014,Mon,,AO,CS1C,150A 381A ,,R,D,B ,F ,R,G,C,50,0,0,0,1623292,5430699
Nelson City,17/04/2014,Thu,1340,HA,CS1T,302A 375A ,,R,W,OF,HS,R,G,R,50,0,0,0,1623341,5430769
Nelson City,22/12/2014,Mon,1107,LB,VN1M,302A 375A ,,M,D,BF,F ,R,G,C,50,0,0,1,1623341,5430769
Nelson City,22/07/2014,Tue,1600,HA,CW2C,302A 375A ,,E,D,BF,F ,R,G,R,50,0,0,0,1623355,5430773
Nelson City,02/11/2014,Sun,1935,CB,CS1,402A 517A ,S,R,D,B ,F ,T,G,C,50,0,0,0,1622400,5429419
Nelson City,28/06/2014,Sat,950,JA,CS1C,302A ,,R,D,B ,F ,T,G,C,50,0,0,0,1622400,5429419
Nelson City,20/06/2014,Fri,1230,JA,CS1C,302A 335A ,,R,D,B ,F ,T,G,P,50,0,0,2,1622400,5429419
Nelson City,10/06/2014,Tue,1025,JA,CS1C,308B 377B 801 839 929 ,,R,W,O ,L ,D, ,C,50,0,0,1,1622633,5429756
Nelson City,21/08/2014,Thu,1454,JA,CN1C,302B ,,R,D,B ,F ,T,G,C,50,0,0,0,1622639,5429764
Nelson City,10/11/2014,Mon,1600,FB,VN1C,331A 350A ,,E,D,OF,F ,R,G,R,70,0,0,1,1620247,5427406
Nelson City,22/12/2014,Mon,1050,JA,CN1C,302B 377B 830 ,,R,D,B ,F ,T,G,R,50,0,0,0,1622318,5428457
Nelson City,02/04/2014,Wed,830,GB,SN1C,158A ,,R,D,O ,F ,T,G,C,50,0,0,0,1622318,5428457
Nelson City,02/07/2014,Wed,1455,FA,CE1CC,181A 363A 902 ,,R,D,B ,F , , ,C,50,0,0,0,1620890,5427701
Nelson City,24/10/2014,Fri,2216,DB,CW1C,103A 111A 131A 357A ,FT,E,D,DO,F , , ,C,50,0,1,0,1620650,5427707
Nelson City,29/10/2014,Wed,840,NA,MN1E,711B ,,R,D,B ,F , ,N,P,50,0,0,1,1623006,5429434
Nelson City,14/04/2014,Mon,2217,NB,CS1E,713B ,,R,W,DO,L ,X,G,C,50,0,0,2,1622977,5429393
Nelson City,19/12/2014,Fri,2050,DB,CE2,122A ,I,R,D,TO,F ,X,G,R,50,0,0,0,1622977,5429393
Nelson City,18/02/2014,Tue,900,FD,CN1CCC,112A 331A 352A ,,R,D,B ,F , , ,P,50,0,0,1,1623145,5429632
Nelson City,07/12/2014,Sun,1656,CA,CN1C,501A ,M,R,D,BF,F , ,N,C,50,0,0,1,1623110,5429582
Nelson City,20/08/2014,Wed,1636,NF,CS1EC,194A 150C ,,R,D,B ,F ,X,T,C,50,0,0,1,1623156,5429648
Nelson City,02/05/2014,Fri,1555,JA,CS1C,302B ,,R,D,B ,F ,T,G,R,50,0,0,0,1622293,5428423
Nelson City,07/05/2014,Wed,810,FD,CS1V,181A 331A 402A ,,R,D,O ,F , , ,C,50,0,0,0,1622811,5429158
Nelson City,26/11/2014,Wed,1500,FD,CN1C,181A ,,R,D,BF,F , ,N,P,50,0,0,1,1622825,5429179
Nelson City,03/09/2014,Wed,2040,AC,CS1C,372B ,,R,D,DO,F ,X,T,C,50,0,0,0,1622796,5429138
Nelson City,07/08/2014,Thu,1650,GB,VS1C,181A 387A 929 ,,R,W,TF,F ,D,N,C,50,0,0,0,1623442,5430059
Nelson City,23/04/2014,Wed,950,AC,CW14,381A ,,R,D,BF,F , ,N,N,70,0,0,0,1621353,5427454
Nelson City,26/04/2014,Sat,1100,MC,MN14,372B ,,R,D,B ,F , , ,P,50,0,1,0,1622669,5428958
Nelson City,04/04/2014,Fri,1807,EA,4S1V,103A 129A 350A ,M,R,D,B ,F , , ,P,50,0,0,0,1622543,5428778
Nelson City,28/08/2014,Thu,2110,GD,CN14,181A 331A 929 ,,R,D,DO,F ,D,N,L,70,0,0,1,1621662,5427715
Nelson City,07/08/2014,Thu,1242,JA,CS1C,308B 375B 929 ,,R,W,OF,L ,D,N,C,50,0,0,1,1623265,5429804
Nelson City,02/07/2014,Wed,1515,FD,CS1CC,331A 358A ,,R,D,O ,F , , ,C,50,0,0,0,1623265,5429804
Nelson City,11/11/2014,Tue,1550,GB,SN1C,159B 927 ,,R,D,BF,F ,D,N,C,50,0,1,0,1623300,5429853
Nelson City,12/06/2014,Thu,1810,BE,CS14,125A 504A ,,R,D,DO,F ,T,N,C,50,0,0,0,1623236,5429763
Nelson City,10/05/2014,Sat,1810,GD,CW1M,331A 358A 929 ,,R,D,DO,L ,D,N,C,50,0,0,1,1620790,5427705
Nelson City,11/09/2014,Thu,1900,MC,PE1C,372B ,,R,D,TF,F , ,N,R,50,0,0,0,1623971,5431653
Nelson City,21/06/2014,Sat,45,DA,CS1,103A 131A ,CT,M,D,DO,F , , ,C,50,0,0,1,1622284,5430952
Nelson City,31/12/2014,Wed,925,EA,4W1C,129A 410A ,M,R,W,O ,L , ,N,C,50,0,0,0,1622681,5431068
Nelson City,05/03/2014,Wed,1700,KB,CW1C,101B 302B ,,R,D,BF,F ,T,G,C,50,0,0,0,1622514,5431105
Nelson City,18/03/2014,Tue,424,CA,CW1CCC,112A 129A 130A ,M,R,W,DO,M , , ,N,50,0,0,0,1622465,5431049
Nelson City,25/10/2014,Sat,1510,DA,CS1,111A 131A ,G,S,D,B ,F , ,N,C,100,0,0,0,1647174,5441574
Nelson City,02/06/2014,Mon,852,DB,VN1,135A 802 ,C,S,I,B ,FF, , ,C,100,0,0,2,1647223,5441624
Nelson City,25/04/2014,Fri,1730,DA,CE1,111A 131A 800 ,CG,E,W,TN,F , , ,C,100,0,0,0,1645801,5443169
Nelson City,16/04/2014,Wed,1350,BC,CE1T,111A 129A ,,M,D,OF,F , ,N,C,100,0,1,0,1645616,5443169
Nelson City,27/04/2014,Sun,1240,AD,ME1,111A 131A 150A ,G,M,D,ON,F , , ,C,100,1,0,0,1645212,5443291
Nelson City,08/02/2014,Sat,435,DA,CE1,111A 135A 810 901 ,C,E,W,DN,H , ,N,C,100,0,0,1,1644441,5443488
Nelson City,10/12/2014,Wed,1600,DA,VN1,131A 800 ,,E,W,O ,M , , ,C,100,0,0,0,1641415,5440723
Nelson City,04/04/2014,Fri,1115,DA,TE1,111A 131A 681A ,C,M,D,B ,F , , ,C,100,0,0,0,1637792,5437182
Nelson City,22/02/2014,Sat,1530,BC,CW1T,111A 121A ,,E,D,B ,F , ,N,C,50,0,0,1,1637041,5436653
Nelson City,17/10/2014,Fri,815,DA,CE1,111A 131A ,C,M,W,O ,LS, , ,C,100,0,0,0,1636488,5436261
Nelson City,13/03/2014,Thu,1144,DA,CW1,131A 404A 631A ,G,M,D,B ,F , , ,C,100,0,0,0,1636570,5436096
Nelson City,07/09/2014,Sun,1530,DA,MS1,131A 350A ,V,E,D,O ,F , ,N,C,100,0,1,0,1635274,5435945
Nelson City,13/03/2014,Thu,1730,AC,VN1V,372A ,,E,D,BF,F ,T,G,C,100,0,0,0,1633271,5436043
Nelson City,03/09/2014,Wed,1230,DA,VE1,137A ,V,M,D,BN,F , ,N,C,100,0,0,0,1631747,5437909
Nelson City,09/05/2014,Fri,750,DA,TE1,129A 131A 358A ,S,E,W,B ,F , , ,L,100,0,0,0,1631560,5437977
Nelson City,26/03/2014,Wed,1230,JA,CE1S,197A 386A 404A 302B 378B ,,E,D,B ,F ,T,G,C,100,0,1,0,1630068,5438491
Nelson City,16/03/2014,Sun,1209,DB,CW1,135A 801 901 ,ET,E,W,ON,H , ,N,C,100,0,0,0,1630003,5438537
Nelson City,24/05/2014,Sat,1408,DB,CS1,111A 131A 197A 801 ,EF,M,W,O ,L , , ,C,100,0,1,0,1627786,5437400
Nelson City,22/12/2014,Mon,1605,GD,CN1C,331A 350A ,,R,D,BF,F ,T,G,C,80,0,0,0,1626764,5435861
Nelson City,12/11/2014,Wed,1655,JA,CS1C,302B 375B ,,R,D,BF,F ,T,G,R,100,0,0,0,1626689,5435373
Nelson City,23/08/2014,Sat,1600,BE,4S1C,125A 410A 504A 191B ,,R,D,B ,F , ,N,C,100,0,2,1,1626297,5433631
Nelson City,15/02/2014,Sat,1100,LB,CS1C,303B 375B ,,R,D,BF,F ,T,G,C,100,0,0,0,1626206,5433495
Nelson City,04/11/2014,Tue,515,JA,MS1C,302B 375B ,,R,D,B ,F ,T,G,C,50,0,0,0,1626000,5433328
Nelson City,26/09/2014,Fri,400,CC,4S1,194A ,T,R,D,DN,F , ,N,L,100,0,1,0,1625737,5433184
Nelson City,29/03/2014,Sat,1950,CB,CN1,101A 130A ,,R,D,DN,F , , ,C,100,0,0,0,1625357,5432975
Nelson City,27/07/2014,Sun,1418,QG,40,687A ,X,E,D,BN,F , ,N,C,100,0,0,0,1623959,5431844
Nelson City,01/02/2014,Sat,1645,FD,CW1C,110A 181A ,,R,D,B ,F , ,N,C,50,0,0,0,1623845,5431805
Nelson City,28/08/2014,Thu,1333,HA,CN2C,302A 507A ,,M,D,B ,F ,R,G,R,50,0,0,0,1623807,5431782
Nelson City,26/10/2014,Sun,1440,GE,CW1C,181A 331A 926 ,,R,D,O ,F ,D, ,C,100,0,0,1,1623703,5431756
Nelson City,12/04/2014,Sat,2010,DC,CE1,103A 332A 801 ,G,E,W,DO,L , , ,C,50,0,0,0,1623443,5431663
Nelson City,03/10/2014,Fri,48,DA,CS1,101A 111A 131A ,FX,M,D,DO,F ,R,G,R,50,0,0,0,1623270,5431551
Nelson City,28/01/2014,Tue,225,CB,CS1,136A 631A 632A ,KP,R,D,DO,F ,R,G,C,50,0,0,0,1623270,5431551
Nelson City,05/08/2014,Tue,1530,KB,CE14,302B ,,R,D,B ,F ,T,G,C,50,0,0,0,1623164,5431607
Nelson City,04/07/2014,Fri,650,KA,SE1C,302B 375B ,,R,D,DO,F ,T,G,R,50,0,0,1,1623164,5431607
Nelson City,27/06/2014,Fri,1424,KA,SE1V,302B ,,R,D,O ,F ,T,G,C,50,0,0,0,1623164,5431607
Nelson City,22/10/2014,Wed,805,KA,MN1V,353A 377A 308B 330B 377B 922 ,,R,D,B ,F ,D, ,R,50,0,1,0,1623104,5431624
Nelson City,25/02/2014,Tue,1420,FA,CW1C,181A ,,E,D,B ,F ,T,S,N,50,0,0,0,1622853,5431745
Nelson City,17/09/2014,Wed,1730,LB,CN1C,302B ,,E,D,TN,F ,X,G,P,50,0,0,0,1622790,5431807
Nelson City,06/02/2014,Thu,2259,EA,MN1,103A 129A 130A ,M,E,D,DO,F , , ,C,50,1,0,0,1622467,5431852
Nelson City,01/08/2014,Fri,1445,MA,TN1CC,102B 373B 377B 839 ,M,R,D,B ,F , ,N,C,50,0,0,0,1622152,5431458
Nelson City,11/09/2014,Thu,1420,FD,CN1V,181A 330A ,,R,D,O ,F , ,N,C,50,0,0,0,1622096,5431390
Nelson City,16/04/2014,Wed,1618,GD,VN1C,181A 331A 930 ,,R,D,TF,F ,D, ,C,50,0,0,0,1621866,5431118
Nelson City,01/04/2014,Tue,910,AD,TN1P,150A 386A ,,E,D,B ,F , ,N,C,50,0,0,1,1621706,5430924
Nelson City,16/01/2014,Thu,1600,DB,MS1,130A 501A ,F,E,D,B ,F , , ,C,50,0,1,0,1621678,5430899
Nelson City,28/02/2014,Fri,1450,FD,4N14CC,197A 181B 181C ,,R,D,B ,F , , ,C,50,0,0,1,1620845,5429843
Nelson City,19/11/2014,Wed,850,FD,CS1CC,181A 181C ,,R,W,OF,L ,T,N,C,50,0,2,0,1620729,5429420
Nelson City,30/03/2014,Sun,1300,JC,CE2C,302A 375A ,,R,D,BF,F ,T,G,R,50,0,0,0,1620611,5428781
Nelson City,04/01/2014,Sat,1945,CB,4N1V,129A 359A ,M,R,W,OF,L , ,N,C,50,0,0,0,1620559,5428494
Nelson City,27/10/2014,Mon,1805,CB,CS1,112A 129A ,F,R,D,O ,F , ,N,C,50,0,0,0,1620557,5428484
Nelson City,03/07/2014,Thu,1535,HA,CS1C,302A 404A ,,M,D,BF,F ,R,G,C,50,0,0,0,1620452,5428104
Nelson City,30/08/2014,Sat,1600,GF,4S1C,372A ,,E,D,B ,F ,R,G,R,50,0,0,0,1620452,5428104
Nelson City,13/07/2014,Sun,1500,LB,CS1C,302A ,,M,D,B ,F ,R,G,R,50,0,0,0,1620452,5428104
Nelson City,05/06/2014,Thu,1505,LB,CS1C,302A ,,M,D,OF,F ,R,G,R,50,0,0,0,1620414,5428082
Nelson City,22/09/2014,Mon,1405,AC,CW1C,372A ,,R,D,BF,F ,R,G,R,50,0,0,0,1620427,5428104
Nelson City,12/04/2014,Sat,2003,DA,CE1,111A ,KT,E,D,B ,F ,R,G,C,50,0,0,0,1620427,5428104
Nelson City,24/11/2014,Mon,2000,FB,4E1C,181A ,,E,D,DO,F ,R,G,C,50,0,0,0,1620409,5428081
Nelson City,08/04/2014,Tue,2024,DA,CW1,131A 402A 801 ,FK,M,W,DO,L ,R,G,N,50,0,0,0,1620427,5428104
Nelson City,05/02/2014,Wed,1520,AA,CN1C,372A ,,E,D,B ,F ,R,G,R,50,0,0,0,1620461,5428070
Nelson City,28/09/2014,Sun,1640,HA,CS2C,302A 404A ,,M,D,B ,F ,R,G,C,50,0,0,0,1620452,5428060
Nelson City,08/04/2014,Tue,925,DB,CN1,111A 133A ,K,E,W,OF,L , ,N,R,70,0,0,0,1620142,5427954
Nelson City,05/05/2014,Mon,1025,HA,4S2C,302A 370A 901 ,,M,W,O ,H ,R,G,C,70,0,0,0,1620094,5427937
Nelson City,01/03/2014,Sat,1230,DA,VS2,111A 131A 423A ,T,E,D,BF,F ,R,G,R,70,0,0,0,1620106,5427946
Nelson City,16/03/2014,Sun,910,DA,CN1,137A 407A ,KX,E,W,OF,L ,R,G,R,70,0,0,0,1620120,5427923
Nelson City,12/03/2014,Wed,1215,DA,CN1,131A 801 ,K,M,W,O ,M ,R,G,C,50,0,0,0,1620120,5427923
Nelson City,25/09/2014,Thu,1625,DA,CW1,129A 358A ,G,E,D,BF,F , ,N,C,80,0,0,0,1619920,5427750
Nelson City,29/08/2014,Fri,1554,FD,CE1C,181A ,,R,D,BF,F , ,N,C,100,0,0,0,1619619,5427672
Nelson City,09/06/2014,Mon,1554,CB,CN1,506A 512A ,GXZ,R,D,B ,F , , ,C,100,0,0,1,1618817,5427568
Nelson City,07/03/2014,Fri,1410,DB,CN1,130A 500A ,C,E,D,B ,F , ,N,C,100,0,0,0,1618704,5427407
Nelson City,08/11/2014,Sat,250,CA,4N1,130A 402A 412A ,G,R,D,DO,F , , ,C,100,0,0,0,1618505,5427081
Nelson City,20/06/2014,Fri,1705,CB,CS1,136A 621A ,G,R,D,DN,F , ,N,R,100,0,0,1,1617839,5426168
Nelson City,14/07/2014,Mon,1800,QG,4N1,131A 631A 680A ,E,E,D,DN,F ,T,N,C,100,0,0,0,1617665,5425519
Nelson City,18/03/2014,Tue,1735,FD,CS1C,181A ,,R,D,OF,F , ,N,R,100,0,0,0,1617671,5425469
Nelson City,23/03/2014,Sun,510,DA,CS1,410A ,G,E,D,DO,F , ,N,C,100,0,0,0,1617676,5425419
Nelson City,17/12/2014,Wed,1941,CC,CN1,133A ,G,R,W,OF,L , ,N,R,100,0,0,0,1617140,5424615
Nelson City,09/10/2014,Thu,2018,FA,CN1V,112A 331A ,,R,D,DN,F , , ,C,100,0,0,1,1617124,5424600
Nelson City,15/10/2014,Wed,850,KB,SW1C,302A ,,E,D,B ,F ,R,G,R,50,0,0,0,1617000,5424446
Nelson City,08/01/2014,Wed,1130,KA,CN1M,302B 372B 402B ,,M,D,B ,F ,R,G,C,100,0,0,0,1616974,5424440
New Plymouth District,07/06/2014,Sat,1353,MC,CW1C,372B ,,R,D,OF,F , ,N,C,50,0,0,0,1692826,5676333
New Plymouth District,12/07/2014,Sat,930,GC,VS1C,387A 174B 372B 929 ,,E,W,OF,H ,D,N,C,50,0,0,0,1695008,5675909
New Plymouth District,15/02/2014,Sat,2045,DB,CS1,501A ,FKP,E,D,DO,F ,T,G,C,50,0,0,0,1694910,5675715
New Plymouth District,01/12/2014,Mon,1025,HA,MS1C,302B 375B 901 ,,R,W,O ,H ,X,G,C,50,0,0,0,1689527,5673860
New Plymouth District,19/06/2014,Thu,1000,JA,VS14,308B 927 ,C,R,D,OF,F ,D,N,C,50,0,0,0,1689495,5673407
New Plymouth District,12/01/2014,Sun,1225,DB,CE1,111A 131A 402A ,F,R,D,B ,F ,T,G,C,50,0,0,0,1706196,5683502
New Plymouth District,05/02/2014,Wed,1420,FO,CS1C,112A 331A 370A ,,R,D,B ,F , , ,C,50,0,0,0,1690125,5675803
New Plymouth District,21/03/2014,Fri,1800,CB,CS1,330A 407A ,,R,D,TN,F , ,N,N,100,0,0,1,1702536,5660226
New Plymouth District,25/12/2014,Thu,2330,CA,CS1,112A 130A ,B,R,D,DN,F , , ,C,100,0,0,3,1701918,5661837
New Plymouth District,12/09/2014,Fri,2003,HA,CW1C,302A ,,M,W,DO,L ,R,G,R,50,0,0,0,1698842,5678634
New Plymouth District,16/09/2014,Tue,2059,DB,CS1,103A 111A 131A 801 ,G,M,W,DN,L , , ,C,50,0,0,1,1690184,5674790