TLANAME,CRASHDATE,CRASHDOW,CRASHTIME,MVMT,VEHICLES,CAUSES,OBJECTSSTRUCK,ROADCURVE,ROADWET,LIGHT,WTHRa,JUNCTYPE,TRAFCTRL,ROADMARK,SPDLIM,CRASHFATALCNT,CRASHSEVCNT,CRASHMINCNT,EASTING,NORTHING
New Plymouth District,24/10/2014,Fri,205,DB,CS1,103A 131A ,H,E,W,DO,F , ,N,C,50,0,0,0,1690195,5675034
New Plymouth District,26/03/2014,Wed,1700,DB,CN1,103A 111A 131A ,C,S,D,BF,F , ,N,C,50,0,1,0,1690224,5674994
New Plymouth District,28/02/2014,Fri,2203,MO,CN1C,371A 929 ,M,E,D,DO,F ,D,N,N,50,0,0,0,1691282,5675771
New Plymouth District,21/12/2014,Sun,1236,DB,CN2,103A 131A 433A ,P,R,W,O ,L ,T,N,N,50,0,0,0,1695526,5676076
New Plymouth District,31/01/2014,Fri,2300,CB,CS1,101A 357A ,KT,R,D,DO,F , ,N,C,50,0,0,0,1691704,5673640
New Plymouth District,21/09/2014,Sun,2234,BE,CS14C,103A 112A ,M,R,W,DO,F , ,N,C,50,0,1,2,1693438,5675011
New Plymouth District,21/11/2014,Fri,2331,CB,4N1C,101A ,P,R,D,DO,F , ,N,C,50,0,0,0,1693910,5673755
New Plymouth District,06/05/2014,Tue,1647,PF,4S1EC,103A 112A 129A ,,R,W,O ,F ,X,T,C,50,1,0,0,1692866,5676139
New Plymouth District,22/02/2014,Sat,2333,MO,CW1,103A 130A 402A ,H,R,D,DO,F , , ,C,50,0,0,0,1692588,5675702
New Plymouth District,07/10/2014,Tue,1944,CB,CS1,410A ,F,R,D,DN,F , , ,C,100,0,0,0,1691792,5666582
New Plymouth District,14/02/2014,Fri,1159,BD,4E1C,818,,S,W,ON,L , ,N,N,100,0,0,0,1684516,5660037
New Plymouth District,24/09/2014,Wed,1915,EA,4S1C,129A 630A ,M,E,D,DO,F , ,N,C,50,0,0,0,1693595,5673826
New Plymouth District,19/02/2014,Wed,1811,LB,CN1C,303B 350B 402B ,,R,D,B ,F ,T,G,C,50,0,0,0,1693987,5673087
New Plymouth District,02/10/2014,Thu,1015,GD,CN1C,181A 387A 929 ,,R,W,O ,F ,D,N,C,50,0,0,0,1693076,5674890
New Plymouth District,22/09/2014,Mon,1327,DB,TS1CC,131A ,FMS,E,D,B ,F , , ,C,50,0,0,0,1693078,5675961
New Plymouth District,07/10/2014,Tue,1930,BF,CS1C,103A 131A ,,E,D,DO,F , , ,C,50,0,0,0,1693087,5675745
New Plymouth District,11/07/2014,Fri,1010,GD,CE1C,181A 387A 927 ,,E,W,O ,L ,D,N,C,50,0,0,1,1689216,5675978
New Plymouth District,20/12/2014,Sat,712,DB,CS1,108A 111A 402A 433A ,ES,M,D,B ,F , , ,C,50,0,0,2,1688242,5675154
New Plymouth District,29/06/2014,Sun,200,DA,CS1,101A 111A ,F,M,D,DN,F , ,N,N,100,0,0,0,1709664,5673653
New Plymouth District,28/08/2014,Thu,1525,QG,TN2C,682A ,M,R,D,B ,F ,T,G,C,50,0,0,0,1692229,5674648
New Plymouth District,21/10/2014,Tue,1150,HA,SN1V,302B ,,R,D,B ,F ,X,G,C,70,0,0,1,1700709,5678235
New Plymouth District,11/04/2014,Fri,1550,FD,CE1C,181A ,,R,D,OF,F , ,N,C,50,0,0,0,1694232,5676639
New Plymouth District,15/11/2014,Sat,2230,DA,CS1,111A 131A ,F,E,D,DN,F , , ,N,50,0,0,0,1690673,5671602
New Plymouth District,01/12/2014,Mon,1750,HA,CE2P,302A 671A ,,R,D,B ,F ,X,G,C,50,0,1,0,1692944,5676267
New Plymouth District,18/12/2014,Thu,1051,HA,CN1C,302B 375B 801 ,,R,W,O ,L ,X,G,C,50,0,0,2,1692015,5675170
New Plymouth District,21/07/2014,Mon,858,JA,CN2C,301B 375B ,,R,W,BF,F ,T,S,C,50,0,0,0,1695464,5677117
New Plymouth District,09/08/2014,Sat,910,DA,4N1,130A 423A 929 ,X,R,D,B ,F ,D, ,C,50,0,0,0,1691556,5674555
New Plymouth District,22/11/2014,Sat,1347,MC,CN14,372B ,,R,W,OF,L , ,N,C,50,0,0,0,1691427,5674953
New Plymouth District,18/11/2014,Tue,550,GE,MN14,181A 333A 800 927 ,,E,W,B ,F ,D, ,C,70,0,0,1,1701270,5678521
New Plymouth District,01/04/2014,Tue,907,EE,SE1C,374B ,M,R,D,B ,F , ,N,C,50,0,0,1,1692963,5676274
New Plymouth District,23/11/2014,Sun,5,CB,CW1,103A 112A 130A ,H,R,D,DO,F , , ,C,50,0,0,2,1693928,5676634
New Plymouth District,24/04/2014,Thu,1445,FF,CE1C,331A 358A ,,R,D,BF,F , ,N,C,50,0,0,0,1693178,5676353
New Plymouth District,10/07/2014,Thu,700,JA,SS1C,534A 600A 302B 375B ,,R,D,DO,F ,T,G,C,50,0,0,1,1695591,5677031
New Plymouth District,22/03/2014,Sat,1316,CA,CN14CC,501A ,,R,D,B ,F , , ,C,50,0,1,0,1695609,5677019
New Plymouth District,01/08/2014,Fri,1240,KB,CE1C,301B 375B 402B ,,R,D,B ,F ,T,S,P,50,0,0,0,1694291,5676770
New Plymouth District,12/08/2014,Tue,1538,EA,CW1C,191A 800 ,M,R,W,B ,F , , ,C,30,0,0,0,1692480,5676093
New Plymouth District,27/06/2014,Fri,1653,FA,CW1C,181A 423A 191B ,,R,D,TF,F ,T,N,C,30,0,0,2,1692739,5676190
New Plymouth District,09/11/2014,Sun,1720,JA,CW1M,308B 403B 929 ,,R,D,B ,F ,D,N,C,100,0,0,0,1698682,5674281
New Plymouth District,14/10/2014,Tue,723,DA,CN1,131A ,CF,E,W,ON,F , ,N,C,100,0,1,0,1697923,5675983
New Plymouth District,13/02/2014,Thu,715,JA,TS1CM,302B 375B 197C 801 ,,R,W,O ,L ,T,G,L,100,1,0,0,1697598,5676914
New Plymouth District,25/10/2014,Sat,215,DB,CS1,131A ,C,S,D,DN,F , ,N,C,100,0,0,0,1694437,5653125
New Plymouth District,25/10/2014,Sat,1225,DA,MN1,111A 131A ,C,M,D,B ,F , , ,C,100,0,0,1,1699358,5667809
New Plymouth District,17/01/2014,Fri,2345,DA,CN1,103A 108A 131A ,FP,E,D,DN,F , , ,C,100,0,0,0,1698762,5664291
New Plymouth District,27/06/2014,Fri,1220,DA,CS1,131A ,C,M,W,ON,L , ,N,C,100,0,0,0,1698907,5666106
New Plymouth District,18/12/2014,Thu,1920,GD,CS1C,181A ,,R,D,OF,F ,T,S,C,50,0,0,0,1692708,5676257
New Plymouth District,30/03/2014,Sun,5,DB,CN1,103A 111A 136A 632A ,CP,E,D,DN,F , ,N,C,100,0,0,0,1690629,5666258
New Plymouth District,27/03/2014,Thu,1730,KA,CW14,302A ,,E,D,BF,F ,T,G,P,50,0,0,0,1692341,5674068
New Plymouth District,08/09/2014,Mon,731,LB,SN1C,303B 375B ,,R,D,B ,F ,T,G,C,50,0,1,0,1692641,5675198
New Plymouth District,27/11/2014,Thu,805,JA,TS1C,308B 378B 831 836 929 ,FT,E,D,O ,F ,D, ,C,100,0,0,1,1691226,5669747
New Plymouth District,26/03/2014,Wed,1153,DA,CN1,131A 350A 402A ,F,M,D,B ,F , , ,C,100,0,0,0,1691589,5671625
New Plymouth District,12/12/2014,Fri,225,EA,CS1C,101A 129A ,M,M,W,DO,L ,T,N,N,50,0,0,0,1691283,5676130
New Plymouth District,04/07/2014,Fri,1020,HA,VE2C,301A 375A ,,R,D,OF,F ,X,S,C,50,0,0,3,1693535,5675951
New Plymouth District,16/08/2014,Sat,1915,HA,CS1C,321B 335B 402B ,,R,D,DO,F ,X,S,C,50,0,0,0,1693535,5675951
New Plymouth District,17/07/2014,Thu,1358,HA,CE2C,112A 321A 431A ,F,R,D,B ,F ,X,S,C,50,0,0,6,1693535,5675951
New Plymouth District,20/04/2014,Sun,1600,CA,SN1C,197A ,,R,D,BF,F ,X,G,C,50,0,0,1,1706595,5682846
New Plymouth District,06/11/2014,Thu,1145,NA,4S1E,194A 712B 727B ,,R,D,O ,F , , ,C,50,0,0,1,1707041,5682113
New Plymouth District,04/07/2014,Fri,1945,BA,VN1C,103A 125A 801 ,,R,W,DO,L , , ,C,50,0,0,3,1706807,5682496
New Plymouth District,19/08/2014,Tue,826,DA,CN1,131A 501A ,CS,E,D,ON,F , ,N,C,100,0,0,0,1698848,5677894
New Plymouth District,01/05/2014,Thu,1720,JA,CN1V,302B 375B ,,R,D,BF,F ,T,G,C,100,0,0,0,1699708,5675893
New Plymouth District,30/07/2014,Wed,727,LB,CE1C,303B 375B 645B ,,R,W,B ,F ,X,G,N,50,0,0,0,1707431,5683357
New Plymouth District,09/04/2014,Wed,1315,MO,CE1,133A 423A ,X,R,D,OF,F ,T,N,N,50,0,0,0,1706425,5682744
New Plymouth District,29/09/2014,Mon,1650,GB,CE1C,158A ,,R,D,B ,F ,X,G,C,50,0,0,0,1706595,5682846
New Plymouth District,15/01/2014,Wed,950,AA,CS1T,184A ,,R,D,B ,F ,X,T,C,50,0,0,0,1694012,5676666
New Plymouth District,21/09/2014,Sun,1725,KB,CN1C,302A 375A ,,E,D,BF,F ,X,G,C,50,0,0,0,1693941,5676857
New Plymouth District,30/07/2014,Wed,1454,EA,PE1C,129A 350A ,M,R,D,BF,F , ,N,C,50,0,0,0,1693120,5674980
New Plymouth District,22/08/2014,Fri,1225,EE,CE1V,129A 386A ,M,R,D,B ,F , , ,C,50,0,0,0,1693406,5673912
New Plymouth District,20/05/2014,Tue,1020,MC,CW1C,372B ,,E,D,BF,F , ,N,C,50,0,0,1,1693957,5673091
New Plymouth District,07/03/2014,Fri,1745,EA,CE1C,103A 129A 130A ,M,R,D,B ,F , , ,C,50,0,0,0,1693349,5673891
New Plymouth District,22/09/2014,Mon,835,BF,CN1C,110A 134A ,,E,W,O ,F , ,N,C,100,0,0,0,1687493,5669706
New Plymouth District,21/11/2014,Fri,40,DA,CW1,103A 131A 402A ,CFP,M,D,DN,F , , ,N,100,0,0,1,1714930,5680046
New Plymouth District,27/09/2014,Sat,1038,DB,TE1,111A 131A 402A ,,E,D,O ,F , , ,C,100,0,0,0,1706230,5678574
New Plymouth District,30/07/2014,Wed,1203,JA,CE1C,302B 375B ,,R,D,BF,F ,T,G,C,50,0,0,0,1695332,5675812
New Plymouth District,24/05/2014,Sat,559,DB,CE1,111A 131A ,FP,E,D,DO,F , , ,C,70,0,0,1,1697034,5677159
New Plymouth District,13/02/2014,Thu,2000,DA,CN1,111A 131A 402A ,F,M,D,TN,F , , ,N,100,0,0,0,1707572,5674637
New Plymouth District,26/05/2014,Mon,1246,LB,VN1C,303B 370B 929 ,,R,W,O ,F ,D,N,C,50,0,0,0,1694976,5676936
New Plymouth District,18/12/2014,Thu,840,JA,MW1C,302B 330B ,,R,W,O ,F ,X,G,C,50,0,0,0,1694119,5676383
New Plymouth District,28/11/2014,Fri,17,DA,CN1,102A 111A 131A ,FP,E,D,DN,F , , ,N,100,0,0,0,1699354,5661507
New Plymouth District,24/05/2014,Sat,1522,FE,CS1V,103A 181A ,,R,W,O ,F ,X,T,C,50,0,0,0,1693103,5676325
New Plymouth District,18/10/2014,Sat,2136,DA,CS1,101A 111A 131A ,C,E,D,B ,F ,X,G,C,50,0,0,0,1693282,5675854
New Plymouth District,20/11/2014,Thu,710,BB,CW1M,123A 330A 925 ,,R,D,O ,F ,D, ,C,50,0,0,0,1689420,5674289
New Plymouth District,10/09/2014,Wed,1416,EA,CS1V,130A 330A 359A ,M,R,D,B ,F , , ,C,50,0,0,1,1699318,5680192
New Plymouth District,26/09/2014,Fri,2345,DC,CN1,112A 332A ,X,R,W,DO,L ,T,N,C,50,0,1,0,1699263,5680390
New Plymouth District,08/06/2014,Sun,2020,DB,CN1,111A 131A ,V,M,D,DN,F , ,N,C,100,0,0,1,1694177,5668758
New Plymouth District,13/09/2014,Sat,408,MO,CS1CC,103A 512A 514A 691B 510C 691C ,Q,M,W,DN,F , , ,C,100,0,0,0,1694682,5669691
New Plymouth District,08/08/2014,Fri,1929,DB,VS1,103A 111A 131A ,FP,E,D,DN,F , , ,C,100,0,0,0,1695052,5670944
New Plymouth District,21/11/2014,Fri,1238,JC,CE2C,302A 375A ,,R,D,OF,F ,T,G,C,50,0,0,0,1695437,5675164
New Plymouth District,09/12/2014,Tue,906,GD,CN1C,331A 358A 801 ,,R,W,O ,L ,T,G,C,50,0,0,0,1695517,5674942
New Plymouth District,03/08/2014,Sun,1216,LB,CS1C,303B 375B ,,R,D,B ,F ,T,G,C,50,0,0,0,1694887,5676288
New Plymouth District,11/05/2014,Sun,940,DA,CS1,131A 352A 818 ,F,E,D,B ,F , , ,N,100,0,0,0,1695219,5670384
New Plymouth District,06/11/2014,Thu,1520,QG,OW1C,330A 682A ,D,R,D,O ,F , , ,C,100,0,0,0,1704342,5675776
New Plymouth District,22/07/2014,Tue,755,CB,VW1,135A 802 ,C,R,I,DN,F , ,N,C,100,0,0,1,1704291,5675747
New Plymouth District,17/02/2014,Mon,1115,QD,CN1,428A ,F,E,D,BF,F , ,N,C,50,0,0,0,1688496,5675246
New Plymouth District,03/08/2014,Sun,1447,CC,CN1C4,412A ,M,R,D,BF,F , ,N,N,50,0,0,1,1698568,5679448
New Plymouth District,02/08/2014,Sat,1425,DA,CN1,101A 111A 131A 402A ,EFZ,E,W,O ,L , , ,N,50,0,0,0,1692725,5672411
New Plymouth District,21/03/2014,Fri,1545,MC,CW1C,372B ,,R,D,BF,F , ,N,C,50,0,0,0,1706947,5682232
New Plymouth District,23/09/2014,Tue,1357,LB,CW1C,303B 929 ,,R,D,O ,F ,D,N,C,50,0,0,0,1693847,5676822
New Plymouth District,01/08/2014,Fri,1615,CC,VN1,130A 504A 801 ,P,R,W,O ,L , , ,C,50,0,0,0,1692153,5675431
New Plymouth District,08/05/2014,Thu,820,DA,BS1,131A 191A 420A 904 ,C,M,W,O ,M , , ,N,100,0,0,0,1719670,5662853
New Plymouth District,29/01/2014,Wed,745,GE,CN1V,160A 929 ,,R,D,O ,F ,D, ,C,50,0,0,0,1705836,5682889
New Plymouth District,27/06/2014,Fri,1645,PE,CS1EC,370A 386A ,M,E,W,O ,F , ,N,C,50,0,0,1,1695291,5675324
New Plymouth District,09/09/2014,Tue,,EC,VS1,912,FTW,R,D,DN,F , , ,C,100,0,0,0,1709681,5680311
New Plymouth District,02/09/2014,Tue,1735,KB,CN1C,302B 402B ,,R,D,O ,F ,T,G,C,50,0,0,0,1698852,5678736
New Plymouth District,02/09/2014,Tue,200,CC,CW14,129A 354A ,,R,D,DO,F , ,N,C,50,0,0,0,1690866,5674086
New Plymouth District,15/10/2014,Wed,1300,DA,CN1,111A 131A ,P,M,D,B ,F , ,N,C,50,0,0,1,1690330,5674232
New Plymouth District,29/08/2014,Fri,1935,DB,CN1CC,111A 131A ,MS,E,D,TF,F ,T,G,C,50,0,0,0,1690972,5674002
New Plymouth District,28/08/2014,Thu,1800,BB,CN1C,123B 129B 330B ,,M,D,TN,F , , ,N,80,0,0,1,1710067,5683715
New Plymouth District,15/04/2014,Tue,1923,DB,4S1,111A 135A 801 ,V,M,W,DN,L ,T,G,C,100,0,0,0,1678049,5659068
New Plymouth District,18/10/2014,Sat,1047,DB,CN1,135A 330A 806 ,,M,W,O ,L ,T,G,C,100,0,0,0,1678049,5659068
New Plymouth District,26/12/2014,Fri,1120,DB,CN2C,111A 131A 197A 197B ,PX,M,W,O ,L ,T,G,C,100,0,0,0,1678049,5659068
New Plymouth District,09/12/2014,Tue,1520,MD,SN1T,308B 370B 929 ,,R,D,O ,F ,D, ,C,50,0,0,1,1699338,5678135
New Plymouth District,05/09/2014,Fri,649,LB,SE14,303B 375B ,,R,W,ON,L ,T,G,C,50,0,1,0,1699138,5679276
New Plymouth District,25/02/2014,Tue,1530,JA,4N1B,302B 382B ,,R,D,BF,F ,T,G,C,50,0,0,0,1695196,5676889
New Plymouth District,27/06/2014,Fri,1918,DA,CS1,102A 108A 131A ,P,E,W,DO,F , ,N,C,50,0,0,0,1692346,5674383
New Plymouth District,11/11/2014,Tue,906,HA,CN2C,301A 375A 801 ,,R,W,O ,L ,X,S,C,50,0,0,0,1693688,5676115
New Plymouth District,09/11/2014,Sun,30,CB,CN1,101A 130A ,CS,R,D,DO,F ,T,G,C,50,0,0,0,1689555,5675484
New Plymouth District,23/01/2014,Thu,21,DA,CW1,103A 111A 131A 402A ,T,M,W,DO,L ,T,G,C,50,0,0,0,1690355,5673458
New Plymouth District,06/07/2014,Sun,950,AC,VS1S,351A 370A ,,E,D,B ,F ,T,G,C,50,0,0,1,1708093,5682669
New Plymouth District,24/11/2014,Mon,130,QD,CS1V,428A ,M,E,D,DO,F , , ,N,50,0,0,0,1696010,5676166
New Plymouth District,16/01/2014,Thu,22,CB,CS1,103A ,F,R,D,DN,F , ,N,C,70,0,0,0,1705829,5681878
New Plymouth District,07/11/2014,Fri,1045,QD,CS1C,428A 929 ,HM,R,D,BF,F ,D,N,C,50,0,0,0,1692758,5675937
New Plymouth District,25/05/2014,Sun,1020,MA,4,308B 371B 929 ,,E,D,O ,F ,D,N,C,50,0,0,0,1688969,5674865
New Plymouth District,22/08/2014,Fri,1016,FD,CS1C,181A 331A ,,R,D,B ,F ,T,G,C,50,0,0,0,1691991,5674568
New Plymouth District,16/04/2014,Wed,1220,DB,CN1,131A 402A 810 ,,M,W,O ,F ,T,G,C,100,0,0,0,1678049,5659068
New Plymouth District,10/12/2014,Wed,1736,DB,CN1,111A 131A 402A 904 ,V,S,W,O ,M ,T,G,C,100,0,0,0,1678049,5659068
New Plymouth District,15/12/2014,Mon,1130,DB,TN2,111A 131A ,F,S,D,B ,F ,T,G,C,100,0,0,0,1679142,5656978
New Plymouth District,11/01/2014,Sat,2020,DC,CW1,335A 902 ,S,R,D,TN,F ,T,G,C,100,0,0,0,1696854,5674041
New Plymouth District,04/09/2014,Thu,751,MO,VS1V,371A 922 ,,R,D,B ,F ,D,N,C,50,0,0,0,1696147,5677016
New Plymouth District,05/05/2014,Mon,2200,MO,CN1C,130A 357A 514A 386B ,,R,D,DO,F , , ,C,50,0,0,0,1699008,5679528
New Plymouth District,12/06/2014,Thu,1325,MO,CS1C,371A 930 ,,R,D,B ,F ,D,N,C,50,0,0,0,1694138,5673843
New Plymouth District,05/06/2014,Thu,0,EC,CS1,129A ,X,R,D,DO,F , ,N,C,50,0,0,0,1691911,5674496
New Plymouth District,12/06/2014,Thu,830,MA,BS1C,373B 801 ,,R,W,O ,L ,T,G,C,50,0,0,0,1691823,5674715
New Plymouth District,14/08/2014,Thu,820,FD,CE1CC,331A 353A ,,R,D,BF,F , ,N,C,50,0,0,0,1691599,5674494
New Plymouth District,08/01/2014,Wed,1030,CB,CS1C,501A ,MP,R,D,BF,F ,T,G,C,50,0,0,0,1691283,5673914
New Plymouth District,10/01/2014,Fri,1910,DA,VS1,103A 131A ,I,M,D,BF,F ,R,G,R,50,0,0,0,1691064,5673772
New Plymouth District,23/07/2014,Wed,1430,MO,CS1C,372A 386A ,M,R,D,B ,F , , ,C,50,0,0,0,1691949,5674885
New Plymouth District,09/08/2014,Sat,1141,FD,VS1V,331A 358A 402A ,,R,D,B ,F , , ,C,50,0,0,1,1691914,5674813
New Plymouth District,07/08/2014,Thu,1000,MA,VW14,129A ,,R,D,O ,F ,R,G,R,50,0,0,0,1691891,5674781
New Plymouth District,10/08/2014,Sun,920,JA,CW1C,302B 375B ,,R,D,BF,F ,R,G,C,50,0,0,0,1691905,5674795
New Plymouth District,10/09/2014,Wed,729,HA,CN2S,302A 375A ,,R,D,O ,F ,R,G,R,50,0,0,1,1691905,5674795
New Plymouth District,10/06/2014,Tue,2345,DA,CN1C,101A 131A ,M,E,W,DO,L , ,N,C,50,0,0,0,1690941,5673628
New Plymouth District,12/08/2014,Tue,835,MA,CW1C,363B 373B 902 ,,R,D,B ,F , , ,C,50,0,0,0,1694123,5674180
New Plymouth District,20/09/2014,Sat,1630,DA,CN1,104A 111A 433A ,P,S,D,O ,F , ,N,N,100,1,0,1,1700883,5668066
New Plymouth District,27/12/2014,Sat,1430,EA,CS1VC,129A 330A 818 ,M,R,D,B ,F , , ,C,50,0,0,0,1693212,5675484
New Plymouth District,11/02/2014,Tue,1400,MA,MN1V,373B ,,R,D,BF,F , ,N,C,50,0,0,1,1693180,5675546
New Plymouth District,02/06/2014,Mon,1700,GE,VW1C,331A 350A 929 ,,R,D,TF,F ,D,N,C,50,0,0,0,1691743,5673677
New Plymouth District,14/01/2014,Tue,1127,LB,ME1C,303B ,,R,D,B ,F ,T,G,C,50,0,1,0,1690810,5673525
New Plymouth District,16/06/2014,Mon,1740,HA,CW2C,302A 335A ,,R,W,DO,H ,X,G,C,50,0,0,1,1694326,5676674
New Plymouth District,09/08/2014,Sat,1,DA,CS2,131A ,C,R,D,DO,F ,T,N,C,50,0,0,0,1692486,5672934
New Plymouth District,05/08/2014,Tue,2000,DA,CS1,103A 111A 131A 402A ,C,M,D,DO,F , , ,C,50,0,0,0,1707388,5682265
New Plymouth District,18/12/2014,Thu,955,MO,TN1V,371A ,M,R,W,O ,F , , ,C,80,0,0,0,1700455,5679277
New Plymouth District,03/01/2014,Fri,510,DA,CW1C,131A ,M,E,D,DO,F ,T,N,N,50,0,0,0,1691590,5674010
New Plymouth District,15/01/2014,Wed,5,DB,CE1,101A 131A ,F,R,D,DO,F ,T,N,C,50,0,0,0,1699159,5678599
New Plymouth District,27/05/2014,Tue,1125,MO,4S14,371A 922 ,,R,D,O ,F ,D,N,N,50,0,0,0,1692718,5676071
New Plymouth District,30/01/2014,Thu,1940,CC,CS1,138A 402A 817 ,,R,D,TN,  , , ,N,100,0,0,0,1740433,5711996
New Plymouth District,21/11/2014,Fri,1926,CB,CN1,130A 402A 407A ,T,R,D,B ,F , , ,C,100,0,0,0,1739355,5708437
New Plymouth District,12/12/2014,Fri,1920,CA,CS1,112A 138A 817 ,C,R,D,O ,F , , ,N,100,0,0,0,1738586,5704839
New Plymouth District,25/05/2014,Sun,1820,DB,CS1,652A ,V,E,W,DN,F , , ,L,100,0,0,0,1738400,5704485
New Plymouth District,24/12/2014,Wed,1450,FD,4S14C,181A 181B ,,R,D,B ,F ,T,S,L,100,0,0,0,1738721,5702017
New Plymouth District,01/05/2014,Thu,1410,NB,CS1EE,194A 711B 711C ,,R,D,BF,F ,T,S,C,100,2,0,0,1738721,5702017
New Plymouth District,13/09/2014,Sat,455,DB,VS1,131A 801 ,,S,W,DN,L , , ,C,100,0,0,0,1738762,5699350
New Plymouth District,30/12/2014,Tue,2324,DB,VS1,111A 131A ,G,S,D,DN,F , , ,C,100,0,0,0,1738898,5699216
New Plymouth District,22/03/2014,Sat,1445,DB,TN1,131A 613A ,,S,D,BN,F , ,N,C,100,0,1,1,1738269,5695516
New Plymouth District,16/03/2014,Sun,1435,DA,4S1,131A 801 ,F,M,W,O ,L , , ,C,100,0,0,1,1738464,5694522
New Plymouth District,19/12/2014,Fri,358,DB,CN1,131A 901 ,F,M,W,DN,H , , ,C,100,0,0,0,1738463,5694499
New Plymouth District,18/09/2014,Thu,1822,DB,CS1,111A 131A 410A 901 ,,M,W,DN,H , , ,C,100,0,2,0,1738417,5694321
New Plymouth District,22/11/2014,Sat,1610,AA,CS1M,129A 150A 330A 801 ,,S,W,O ,L , , ,C,100,0,0,0,1738471,5693951
New Plymouth District,27/10/2014,Mon,1150,AD,CE1,110A 131A 151A 901 ,C,M,W,O ,H , , ,C,100,0,0,2,1738659,5693873
New Plymouth District,16/03/2014,Sun,1610,DB,CS1,111A 131A 181A 197A ,T,E,W,ON,L , ,N,C,100,0,0,1,1738169,5692990
New Plymouth District,16/03/2014,Sun,1550,DB,CS1,111A 131A ,CS,E,W,OF,L , ,N,C,100,0,0,2,1737747,5692816
New Plymouth District,19/11/2014,Wed,955,BF,MN1T,111A 131A ,,M,D,BN,F , ,N,C,100,0,1,0,1735733,5693153
New Plymouth District,11/08/2014,Mon,2105,EC,CN1,912,W,R,W,DN,L , ,N,C,100,0,0,0,1734725,5691858
New Plymouth District,30/07/2014,Wed,955,CB,TS1,134A 407A ,,R,W,O ,F , , ,C,100,0,0,0,1734648,5691500
New Plymouth District,18/06/2014,Wed,1800,EC,VS1,912,W,E,W,DN,F , ,N,C,100,0,0,1,1734208,5690918
New Plymouth District,18/06/2014,Wed,1800,EC,TN1,912,W,E,W,DN,F , ,N,C,100,0,0,0,1734208,5690918
New Plymouth District,17/02/2014,Mon,2345,EC,TN1,912,W,R,D,DN,F , ,N,C,100,0,0,0,1734152,5690835
New Plymouth District,10/01/2014,Fri,2328,EC,CN1,912,W,R,D,DN,F , ,N,C,100,0,0,0,1734095,5690751
New Plymouth District,27/10/2014,Mon,2000,DB,CS1,131A 133A 801 ,,M,W,DN,L , , ,C,100,0,0,0,1733779,5690318
New Plymouth District,09/02/2014,Sun,2225,DB,CW1,111A 131A ,C,M,D,DN,F , ,N,N,100,0,0,2,1730147,5686022
New Plymouth District,18/11/2014,Tue,730,DA,TW1,111A 131A 903 ,S,M,D,O ,FS, , ,C,100,0,1,0,1728600,5686834
New Plymouth District,27/12/2014,Sat,29,BF,CW1T,410A ,,E,D,DN,F , , ,C,100,0,1,3,1724654,5684230
New Plymouth District,22/03/2014,Sat,2011,FA,VS1V,129A ,,R,D,DN,F , , ,C,100,0,0,0,1721894,5683546
New Plymouth District,18/10/2014,Sat,445,DB,CE1,103A 131A 901 ,C,M,W,DN,H , , ,C,100,0,0,1,1720749,5682547
New Plymouth District,02/08/2014,Sat,2350,DB,VE1,131A 901 ,EF,M,W,DN,H , , ,L,100,0,0,0,1720690,5682540
New Plymouth District,25/09/2014,Thu,644,HA,4W1C,302B 363B 375B 902 ,,R,D,B ,F ,X,G,C,50,0,0,1,1720287,5682563
New Plymouth District,06/06/2014,Fri,2200,DA,CS1,103A 131A ,C,M,D,DN,F , ,N,C,100,0,0,3,1718143,5682772
New Plymouth District,10/04/2014,Thu,2245,DB,4W1,101A 111A 131A ,V,E,W,DN,F , , ,C,100,0,0,0,1713093,5682966
New Plymouth District,16/08/2014,Sat,1441,EC,CW1,912,W,R,D,BN,F ,X,S,C,100,0,0,0,1712208,5682953
New Plymouth District,03/01/2014,Fri,1710,CB,4W1,197A ,P,R,W,O ,L ,T,G,C,100,0,0,0,1709167,5682942