TLANAME,CRASHDATE,CRASHDOW,CRASHTIME,MVMT,VEHICLES,CAUSES,OBJECTSSTRUCK,ROADCURVE,ROADWET,LIGHT,WTHRa,JUNCTYPE,TRAFCTRL,ROADMARK,SPDLIM,CRASHFATALCNT,CRASHSEVCNT,CRASHMINCNT,EASTING,NORTHING
New Plymouth District,02/03/2014,Sun,1730,DB,CN2,131A 353A ,P,M,D,TF,F ,T,N,R,100,0,0,1,1706637,5681330
New Plymouth District,19/09/2014,Fri,1650,JA,CE1C,104A 301B 375B 402B 801 ,,R,W,O ,L ,T,S,C,100,0,1,2,1705395,5680782
New Plymouth District,19/01/2014,Sun,1550,JA,CE1C,301B ,,R,D,B ,F ,T,S,R,100,0,0,0,1705395,5680782
New Plymouth District,10/01/2014,Fri,1550,JA,CW1C,301B ,,E,D,O ,F ,T,S,R,100,0,0,0,1704659,5680646
New Plymouth District,03/03/2014,Mon,1137,QG,4W1,130A 687A ,ES,R,W,ON,F , ,N,C,100,0,0,0,1704352,5680534
New Plymouth District,11/09/2014,Thu,1035,QG,VW1,682A 688A ,,E,D,B ,F , ,N,C,100,0,0,0,1703932,5680389
New Plymouth District,09/04/2014,Wed,,EA,CE1O,129A ,M,R, , F,L , ,N,L,80,0,0,0,1703547,5680233
New Plymouth District,11/01/2014,Sat,1435,JA,CW1C,302B 375B ,,R,D,BF,F ,T,G,C,80,0,0,0,1703417,5680183
New Plymouth District,02/02/2014,Sun,500,PA,CW1E,103A 108A 129A 341A ,,R,D,DN,F , , ,C,100,1,0,0,1702387,5679796
New Plymouth District,09/04/2014,Wed,1530,JA,MW1C,400A 302B 370B 402B 801 ,,R,W,O ,L ,T,G,C,80,0,0,1,1701593,5679503
New Plymouth District,17/06/2014,Tue,715,JA,CE1C,302B 382B ,,R,W,ON,L ,T,G,L,100,0,0,0,1700462,5679082
New Plymouth District,22/09/2014,Mon,635,KB,CE14,301B 377B ,,R,W,OF,M ,T,S,C,80,0,0,0,1700399,5679059
New Plymouth District,25/07/2014,Fri,806,LB,VW1CV,303B 382B ,P,R,D,B ,F ,T,S,C,80,0,1,1,1700399,5679059
New Plymouth District,23/09/2014,Tue,1500,FA,CW1C,103A 181A ,,R,D,B ,F , ,N,L,80,0,0,3,1700362,5679045
New Plymouth District,26/07/2014,Sat,1045,MA,CE14,373B ,,R,D,B ,F , , ,C,80,0,0,0,1699968,5678898
New Plymouth District,13/10/2014,Mon,1721,FB,CS1C,181A 331A ,,R,D,B ,F ,T,S,C,80,0,0,0,1699827,5678846
New Plymouth District,28/11/2014,Fri,1806,BA,TE1C,129A 197A 205A ,,R,D,O ,F ,T,S,C,80,0,0,0,1699827,5678846
New Plymouth District,12/02/2014,Wed,1350,AA,CW14,184A 372A ,,R,D,BF,F ,Y,N,R,100,0,0,0,1698647,5678335
New Plymouth District,21/10/2014,Tue,756,DB,CN1,133A ,P,M,W,O ,F ,T,S,R,80,0,0,0,1697321,5677878
New Plymouth District,12/12/2014,Fri,1635,FA,VS1V,102A 181A 331A ,,E,D,B ,F , , ,R,80,0,0,0,1696765,5677656
New Plymouth District,17/05/2014,Sat,1240,CA,CS1C,129A 130A 501A ,G,R,D,B ,F , , ,R,80,0,0,0,1696691,5677575
New Plymouth District,23/09/2014,Tue,1610,DB,CS1,103A 111A 131A ,G,E,D,O ,F , , ,C,70,0,0,0,1696685,5677567
New Plymouth District,14/11/2014,Fri,1212,JA,CW1C,302B 382B ,,R,D,B ,F ,T,G,R,70,0,0,0,1696439,5677251
New Plymouth District,09/11/2014,Sun,1608,FD,CW1CC,181A ,,R,D,BF,F , ,N,C,70,0,0,0,1696213,5677088
New Plymouth District,09/04/2014,Wed,1512,FE,VW14,331A ,,R,W,O ,F ,X,T,R,50,0,0,3,1696144,5677037
New Plymouth District,17/04/2014,Thu,630,FE,CE1C,331A 358A 901 903 ,,R,W,O ,HS,X,T,R,50,0,0,1,1696136,5677032
New Plymouth District,06/11/2014,Thu,1620,AC,VW1C,372A ,,E,D,B ,F , , ,P,50,0,0,0,1695920,5676923
New Plymouth District,16/09/2014,Tue,1925,FD,CE1V,103A 108A 357A 191B 357B ,,R,W,DO,F , , ,L,50,0,0,0,1695744,5676951
New Plymouth District,15/09/2014,Mon,1235,FB,CE1C,181A 331A ,,E,D,O ,F ,T,T,R,50,0,0,0,1695692,5676962
New Plymouth District,21/06/2014,Sat,1950,BF,CS2C,133A ,,E,W,DO,H ,T,T,R,50,0,0,0,1695692,5676962
New Plymouth District,28/04/2014,Mon,1720,FD,TW1C,331A 350A ,,E,W,TF,L ,T,T,C,50,0,0,1,1695692,5676962
New Plymouth District,30/08/2014,Sat,1500,KB,CW1C,386B 400B ,,R,D,B ,F ,T,T,P,50,0,0,0,1695692,5676962
New Plymouth District,05/11/2014,Wed,1700,AA,CE1T,372A ,,E,D,B ,F , , ,R,70,0,0,0,1695642,5676963
New Plymouth District,25/11/2014,Tue,1500,FD,CE1VC,331A 352A ,,E,W,OF,M , ,N,C,70,0,0,1,1695496,5676931
New Plymouth District,26/09/2014,Fri,1626,FD,CW1CC,112A 181A ,,R,D,B ,F , ,N,C,70,0,0,0,1695241,5676769
New Plymouth District,19/06/2014,Thu,1845,MC,VE1V,372B ,,E,D,DO,F , ,N,C,70,0,0,0,1694944,5676723
New Plymouth District,11/11/2014,Tue,1215,FE,VW1C,181A 331A 801 ,,R,W,O ,L ,X,T,C,50,0,0,0,1694710,5676670
New Plymouth District,10/06/2014,Tue,1020,FE,CW1C,181A 387A ,,R,W,O ,F ,T,T,C,50,0,0,0,1694705,5676667
New Plymouth District,02/08/2014,Sat,1403,FA,CE1CC,331A 801 ,,R,W,O ,L , , ,R,50,0,0,0,1694687,5676658
New Plymouth District,07/10/2014,Tue,1450,AA,CW1T,184A ,,R,D,B ,F , , ,P,50,0,0,0,1694580,5676605
New Plymouth District,03/12/2014,Wed,1525,FD,CE1VCC,331A 817 ,,R,D,B ,F , , ,C,50,0,0,1,1694548,5676589
New Plymouth District,09/04/2014,Wed,1250,FA,TE1C,181A 184A 357A 512A 801 ,,M,W,O ,L , , ,C,50,0,0,0,1694526,5676578
New Plymouth District,26/09/2014,Fri,1540,FD,CE1CCV,331A ,,R,D,B ,F , , ,C,50,0,0,0,1694520,5676575
New Plymouth District,21/03/2014,Fri,1900,HA,CN2CC4,302A 375A ,,R,D,BF,F ,X,G,C,50,0,0,0,1694377,5676539
New Plymouth District,11/11/2014,Tue,1211,FB,CW1C,181A 191B 801 ,,E,W,O ,L ,X,G,P,50,0,0,0,1694377,5676539
New Plymouth District,15/12/2014,Mon,1252,EE,SW1V,374B ,M,E,D,B ,F , , ,C,50,0,0,0,1694017,5676457
New Plymouth District,15/04/2014,Tue,,KB,CS1C,308B 375B 924 ,,R,D,OF,F ,D,N,C,50,0,0,0,1693749,5676372
New Plymouth District,24/10/2014,Fri,2105,HA,CN1C,322A 334A ,,R,D,DO,F ,X,T,C,50,0,0,3,1693756,5676354
New Plymouth District,19/07/2014,Sat,1200,FE,CN1C,331A 351A ,,R,D,B ,F ,X,T,C,50,0,0,1,1693756,5676354
New Plymouth District,14/09/2014,Sun,845,HA,TN1C,322A 334A 355A ,,R,W,O ,F ,X,T,C,50,0,0,0,1693756,5676354
New Plymouth District,29/06/2014,Sun,655,HA,4N2V,322A ,,R,D,DO,F ,X,T,C,50,0,0,1,1693756,5676354
New Plymouth District,19/09/2014,Fri,901,HA,CS2C,301B 377B ,,R,D,B ,F ,X,S,C,50,0,0,2,1693792,5676260
New Plymouth District,07/02/2014,Fri,840,HA,CS1C,301B 375B ,,R,D,O ,F ,X,S,C,50,0,0,0,1693828,5676167
New Plymouth District,02/12/2014,Tue,835,FD,CN1CC,331A 350A ,,R,D,O ,F , , ,L,50,0,0,0,1693845,5676120
New Plymouth District,04/11/2014,Tue,1120,JC,4E2C,302A 375A ,,R,D,B ,F ,T,G,C,50,0,0,0,1693945,5675852
New Plymouth District,28/02/2014,Fri,1305,FC,VS1C,181A ,,R,D,BF,F ,T,G,X,50,0,0,1,1693948,5675843
New Plymouth District,21/05/2014,Wed,1200,FD,VN1VC,181A 330A ,,R,D,B ,F , ,N,C,50,0,0,0,1693980,5675758
New Plymouth District,19/04/2014,Sat,2000,BE,CS1C,351A ,,R,W,DO,F , , ,C,50,0,0,0,1694066,5675527
New Plymouth District,18/10/2014,Sat,945,FD,CN1CC,181A ,,R,D,OF,F , ,N,C,50,0,0,0,1694125,5675370
New Plymouth District,23/09/2014,Tue,1003,GD,VN1C,331A 352A ,P,R,D,B ,F ,T,G,C,50,0,0,0,1694130,5675356
New Plymouth District,06/06/2014,Fri,1348,JA,MS1C,302B 377B ,,R,D,BF,F ,T,G,C,50,0,0,1,1694377,5674693
New Plymouth District,06/08/2014,Wed,830,FD,CN1C,181A ,,R,W,OF,H , ,N,C,100,0,0,0,1694422,5674571
New Plymouth District,22/11/2014,Sat,1400,DA,CN1,410A 801 ,T,M,W,O ,L , , ,C,100,0,0,0,1695048,5672830
New Plymouth District,18/12/2014,Thu,1300,FE,VE1C,331A ,,R,D,O ,F ,X,S,C,100,0,0,0,1695597,5672300
New Plymouth District,24/09/2014,Wed,1838,FB,CW2C,103A 331A ,,R,D,DO,F ,X,S,C,100,0,0,0,1695597,5672300
New Plymouth District,29/09/2014,Mon,1445,CB,CN1,359A 410A ,X,R,D,BN,F , ,N,L,100,0,0,0,1695652,5672140
New Plymouth District,29/05/2014,Thu,1518,FD,VN1C,181A 191A 191B ,,R,W,O ,H , , ,C,100,0,0,0,1696162,5671345
New Plymouth District,18/05/2014,Sun,400,CC,CN1,410A ,CT,R,D,DN,F ,T,G,C,100,0,0,1,1696379,5671014
New Plymouth District,26/05/2014,Mon,933,CB,VN1,130A 403A 407A 800 ,C,R,W,O ,F , , ,C,100,0,0,0,1696391,5670517
New Plymouth District,28/08/2014,Thu,2235,EC,CS1,912,W,R,D,DN,F , , ,C,100,0,0,0,1696391,5670517
New Plymouth District,22/07/2014,Tue,635,BF,CS1V,135A 802 ,,E,I,DN,F , ,N,C,100,0,0,0,1696225,5669211
New Plymouth District,13/01/2014,Mon,1240,JA,CS1C,302B ,,R,D,B ,F ,X,G,L,100,0,0,0,1696817,5668194
New Plymouth District,08/11/2014,Sat,1315,EO,CW1,129A 330A 503A 507A ,SX,R,D,B ,F , , ,C,100,0,0,1,1698984,5666418
New Plymouth District,26/08/2014,Tue,650,MC,VW1C,372B 375B ,,E,D,TO,F , ,N,C,100,0,0,1,1699271,5666200
New Plymouth District,25/05/2014,Sun,2230,DA,VN2,131A 133A 433A 800 801 ,V,R,W,DN,L ,X,G,C,100,0,0,0,1700264,5665792
New Plymouth District,07/06/2014,Sat,2005,DA,VE1,131A 410A ,CV,E,W,DN,F , ,N,C,100,0,0,1,1701187,5665835
New Plymouth District,16/01/2014,Thu,2250,DA,CE1,103A 111A 131A 801 ,G,E,W,DO,L , , ,C,50,0,0,0,1702749,5665523
New Plymouth District,11/07/2014,Fri,1515,CA,CE1,130A 191A ,B,R,D,O ,F , , ,C,50,0,0,0,1702823,5665490
New Plymouth District,03/04/2014,Thu,1706,GD,TE1C,181A 144B ,,R,D,BF,F ,T,G,C,50,0,0,0,1703342,5665385
New Plymouth District,01/08/2014,Fri,1315,FD,CN1CCV,181A ,,E,D,BF,F , ,N,L,50,0,0,1,1704331,5665090
New Plymouth District,20/02/2014,Thu,1750,FA,CS1C,181A 927 ,,R,D,B ,F ,D, ,C,50,0,0,0,1704345,5664980
New Plymouth District,07/02/2014,Fri,1430,QG,CS1,615A 682A ,C,E,D,OF,F , ,N,L,100,0,0,0,1704658,5664136
New Plymouth District,30/10/2014,Thu,823,FA,CN1C4,112A 402A 112B 402B ,,R,W,O ,H , , ,C,100,0,1,1,1704683,5664039
New Plymouth District,04/10/2014,Sat,1200,QG,TS1,665A ,,R,W,O ,F , ,N,C,100,0,0,0,1704880,5663307
New Plymouth District,30/10/2014,Thu,745,GD,CN1V,331A 350A 801 ,,R,W,O ,L ,X,G,C,100,0,0,0,1705428,5662148
New Plymouth District,22/07/2014,Tue,645,AD,CS1C,112A 130A 802 ,,R,I,DN,FF, , ,C,100,0,0,0,1705939,5660738
New Plymouth District,10/04/2014,Thu,1725,JA,CN1C,302B 382B ,,R,W,DO,H ,X,G,C,100,0,0,0,1706139,5660179
New Plymouth District,03/07/2014,Thu,350,DB,CN1,135A 802 ,F,E,I,DN,FF, ,N,C,100,0,0,0,1707228,5656763
New Plymouth District,17/06/2014,Tue,940,JO,CW1V,302A 507A ,,S,W,OF,L ,T,G,C,100,0,0,1,1703601,5675503
New Plymouth District,05/09/2014,Fri,1920,LB,CS1C,101B 303B 801 ,,R,W,DO,L ,X,T,C,50,0,0,1,1693721,5676448
New Plymouth District,07/02/2014,Fri,1950,LB,CN1C,303B 375B ,,R,D,OF,F ,X,T,C,50,0,0,2,1693685,5676544
New Plymouth District,25/11/2014,Tue,1720,HA,VN1C,301B 375B ,,R,D,B ,F ,X,S,C,50,0,0,0,1693649,5676640
New Plymouth District,29/08/2014,Fri,1712,HA,CN1V,301B ,,R,D,B ,F ,X,S,C,50,0,0,0,1693649,5676640
New Plymouth District,14/08/2014,Thu,941,HA,VS1C,301B 382B ,,R,W,BF,F ,X,S,C,50,0,0,0,1693649,5676640
New Plymouth District,29/05/2014,Thu,1505,HA,CS1C,302A 387A 507A ,,R,W,O ,L ,X,G,C,50,0,0,0,1693614,5676734
New Plymouth District,29/10/2014,Wed,1325,KA,CW1T,302B 375B ,,R,D,B ,F ,X,G,C,50,0,0,0,1693614,5676734
New Plymouth District,03/09/2014,Wed,840,AA,CE1C,184A 381A ,,R,D,O ,F , , ,C,50,0,0,0,1693051,5676522
New Plymouth District,25/02/2014,Tue,937,FE,4W1C,331A 350A ,,R,D,BF,F ,X,T,C,50,0,0,0,1692333,5676348
New Plymouth District,07/12/2014,Sun,1907,LB,CW1C,303B 375B 402B 801 ,,R,W,O ,L ,X,T,L,50,0,0,0,1692333,5676348
New Plymouth District,05/12/2014,Fri,723,FE,CE1V,181A 331A 387A 191B 801 ,,R,W,O ,L ,X,T,L,50,0,0,0,1692328,5676346
New Plymouth District,08/08/2014,Fri,1519,EE,VE1C,129A 374B 402B 801 ,M,R,W,O ,L ,X,S,C,50,0,0,0,1691884,5676181
New Plymouth District,28/10/2014,Tue,1635,KB,CS1C,301A 357A 375A 801 ,,R,W,O ,L ,X,S,P,50,0,0,0,1691875,5676177
New Plymouth District,20/05/2014,Tue,1320,MC,VE1C,372B ,,R,D,B ,F , ,N,C,50,0,0,0,1691361,5676007
New Plymouth District,14/11/2014,Fri,2001,HA,SN2C,210A 312A ,,E,D,OF,F ,T,G,C,50,0,0,1,1691138,5675943
New Plymouth District,18/10/2014,Sat,1745,FC,CE1C,331A 351A ,,E,D,O ,F ,T,G,X,50,0,0,0,1691128,5675944
New Plymouth District,19/09/2014,Fri,1522,JA,TW1C,301B ,,R,D,B ,F ,X,S,C,50,0,0,0,1690441,5675705
New Plymouth District,19/08/2014,Tue,1720,DB,CW1,103A 131A 351A ,EG,E,D,TF,F ,T,N,C,50,0,0,0,1690441,5675705
New Plymouth District,20/01/2014,Mon,1730,CB,CW1C,410A ,M,R,W,O ,F , ,N,C,50,0,0,0,1690361,5675711
New Plymouth District,29/09/2014,Mon,1433,MB,CW1C,351B 372B ,,R,D,B ,F ,R,G,C,50,0,0,0,1690229,5675722
New Plymouth District,19/03/2014,Wed,1350,GF,CN1T,158A 387A 179B ,,R,D,BN,F ,T,S,C,50,0,0,0,1689624,5675857
New Plymouth District,31/12/2014,Wed,2010,CB,CE1,130A 501A 901 ,P,R,W,TF,H , , ,C,50,0,0,0,1689611,5675865
New Plymouth District,25/06/2014,Wed,1440,HA,CW1V,322B 334B ,,R,W,O ,L ,X,T,C,50,0,0,0,1693756,5676354
New Plymouth District,17/05/2014,Sat,1810,FE,CE1C,103A ,,R,D,DO,F ,X,T,C,50,0,0,0,1693712,5676444
New Plymouth District,15/10/2014,Wed,2125,CC,CE1CC,129A 133A ,M,R,D,DO,F , ,N,C,50,0,0,0,1693693,5676437
New Plymouth District,11/12/2014,Thu,1635,AA,VE1C,177A 372A ,,R,D,O ,F ,X,T,C,50,0,0,0,1693693,5676437
New Plymouth District,04/10/2014,Sat,1655,GB,CE1C,160A 925 ,,R,W,O ,L ,D,N,C,50,0,0,0,1693675,5676430
New Plymouth District,10/10/2014,Fri,1230,FD,CW1CC,181A 330A ,,R,D,B ,F , ,N,C,50,0,0,0,1693700,5676333
New Plymouth District,15/09/2014,Mon,630,CB,CW1C,410A ,M,R,W,O ,F , , ,C,50,0,0,0,1693672,5676322
New Plymouth District,09/08/2014,Sat,1400,LB,SN1C,303B 375B ,,R,D,O ,F ,X,S,C,50,0,0,0,1693619,5676302
New Plymouth District,27/06/2014,Fri,1720,KB,VS1T,602A 308B 375B 925 ,,R,W,DO,F ,D, ,C,50,0,0,0,1693475,5676248
New Plymouth District,02/10/2014,Thu,1548,FB,CN1C,181A 191B 926 ,,E,W,O ,F ,D,N,N,50,0,0,0,1693413,5676332
New Plymouth District,12/04/2014,Sat,1145,KB,CE1C,301B ,,R,D,BN,F ,X,S,C,50,0,0,0,1693395,5676325
New Plymouth District,22/01/2014,Wed,1904,BB,VW1C,124A ,,R,D,O ,F ,X,S,C,50,0,0,0,1693429,5676231
New Plymouth District,23/10/2014,Thu,1305,CA,PE1,137A ,,R,D,BF,F , ,N,C,50,0,1,0,1693373,5676317
New Plymouth District,22/04/2014,Tue,1414,FD,VE1CCC,331A 350A ,,R,W,B ,F , , ,C,50,0,0,0,1693270,5676279
New Plymouth District,19/09/2014,Fri,2055,HA,CE1CC,322B 351B ,,R,W,DO,F ,X,T,C,50,0,0,0,1693139,5676229
New Plymouth District,08/03/2014,Sat,1830,FE,PE1C,181A ,,R,D,OF,F ,X,T,C,50,0,0,0,1693139,5676229
New Plymouth District,17/02/2014,Mon,1715,BC,BS2C,122A ,,R,D,BF,F ,X,T,N,50,0,0,0,1693139,5676229
New Plymouth District,14/02/2014,Fri,1200,EA,CW1CC,129A 359A ,MM,R,D,BF,F , ,N,C,50,0,0,1,1692943,5676048
New Plymouth District,03/03/2014,Mon,1855,KB,4E1C,302B 375B ,,R,D,TF,F ,T,G,C,50,0,0,0,1692710,5676068
New Plymouth District,13/08/2014,Wed,1115,LB,CN1C,301B 303B 375B ,,R,D,B ,F ,X,S,C,50,0,0,0,1692744,5675974
New Plymouth District,02/05/2014,Fri,1345,LB,CN2C,301B 353B 375B ,,R,D,BF,F ,X,S,C,50,0,0,0,1692744,5675974
New Plymouth District,04/02/2014,Tue,1250,KB,CW1C,308B 930 ,,R,D,B ,F ,D,N,C,50,0,0,0,1692721,5675965
New Plymouth District,09/03/2014,Sun,2150,HA,CN2S,534B 602B ,,R,D,DO,F ,X,S,C,50,0,0,0,1692678,5676056
New Plymouth District,04/03/2014,Tue,750,HA,CE1C,302B 314B 377B ,,R,D,BF,F ,X,G,C,50,0,0,0,1692678,5676056
New Plymouth District,12/02/2014,Wed,1715,FD,CE144,181A 331A 402A ,,R,D,B ,F , , ,C,50,0,0,0,1692631,5676038
New Plymouth District,19/04/2014,Sat,1050,FD,VE1C,427A ,,R,D,B ,F , , ,C,50,0,0,0,1692525,5675998
New Plymouth District,11/02/2014,Tue,1415,FF,CE1C,181A ,,R,D,OF,F , ,N,C,50,0,0,0,1692488,5675984
New Plymouth District,18/11/2014,Tue,1555,AA,CW14,184A ,,R,D,B ,F ,X,T,C,50,0,0,0,1692512,5675888
New Plymouth District,07/02/2014,Fri,2156,LB,CS1C,197B 303B 350B 801 ,,R,W,DO,L ,X,T,C,50,0,0,0,1692469,5675977
New Plymouth District,25/02/2014,Tue,1500,FE,CN1CCC,331A 370A ,,R,D,B ,F ,X,T,C,50,0,0,0,1692503,5675885
New Plymouth District,19/06/2014,Thu,1650,FE,CE1C,181A ,,R,D,B ,F ,X,T,C,50,0,0,0,1692469,5675977
New Plymouth District,28/03/2014,Fri,1425,LB,CS1C,303B 375B ,,R,D,O ,F ,X,T,C,50,0,0,0,1692503,5675885
New Plymouth District,02/08/2014,Sat,2055,HA,CW1C,334A 334B 801 ,,R,W,DO,L ,X,T,C,50,0,0,0,1692503,5675885
New Plymouth District,05/08/2014,Tue,1540,BB,CE2M,131A ,Q,R,D,OF,F ,X,T,C,50,0,0,0,1692171,5675869
New Plymouth District,18/10/2014,Sat,525,EA,CE1CE,130A 354A 721C 901 ,M,R,W,DO,H , , ,C,50,0,0,1,1692032,5675816
New Plymouth District,21/07/2014,Mon,1930,HA,CN1C,321B 375B ,,R,D,DO,F ,X,S,C,50,0,0,0,1692048,5675715
New Plymouth District,13/08/2014,Wed,1755,FB,CS2P,181A 387A ,,R,W,TO,L ,T,S,C,50,0,0,0,1692048,5675715
New Plymouth District,10/10/2014,Fri,1450,LB,VS1C,303B ,,R,D,B ,F ,X,S,C,50,0,0,1,1692013,5675809
New Plymouth District,03/08/2014,Sun,1010,LB,PE1C,197A 303B 353B ,,R,W,OF,L ,T,G,C,50,0,0,1,1691770,5675827
New Plymouth District,01/06/2014,Sun,2030,CB,CE1,103A 130A 359A ,P,R,D,DO,F ,X,S,C,50,0,0,0,1691548,5675743
New Plymouth District,30/11/2014,Sun,1450,FC,CE1CC,181A 331A ,,R,D,O ,F , , ,X,50,0,0,0,1691530,5675736
New Plymouth District,02/11/2014,Sun,1751,FO,CE1CC,330A 402A 927 ,,R,D,O ,F ,D, ,C,50,0,0,0,1691520,5675733
New Plymouth District,31/12/2014,Wed,2225,GA,XW1C,181A ,,R,D,DO,F ,X,S,C,50,0,0,0,1691548,5675743
New Plymouth District,16/03/2014,Sun,1038,EA,CW1T,129A 358A ,M,R,W,OF,L , ,N,C,50,0,0,1,1691502,5675726
New Plymouth District,17/09/2014,Wed,1943,EA,CW1T,129A 194A ,M,R,D,DO,F , , ,C,50,0,0,2,1691455,5675708
New Plymouth District,28/10/2014,Tue,933,FD,CN1C,181A 331A ,,R,D,B ,F , , ,C,50,0,0,0,1691179,5675606
New Plymouth District,24/10/2014,Fri,1708,FD,CW1VC,181A 331A 501A ,,R,D,B ,F , , ,L,50,0,0,0,1691245,5675630
New Plymouth District,07/08/2014,Thu,1435,FE,CE1CC,181A 331A 402A ,,R,D,O ,F , ,T,X,50,0,0,0,1691142,5675592
New Plymouth District,30/01/2014,Thu,1930,DA,4N1,111A 131A 402A ,E,M,D,B ,F , , ,C,100,0,0,0,1691049,5675557
New Plymouth District,24/04/2014,Thu,1015,EA,CN1CC,129A 355A ,M,E,D,B ,F , , ,C,50,0,0,0,1690748,5675442
New Plymouth District,03/12/2014,Wed,1125,JC,CS2C,301A 402A ,,R,D,B ,F ,T,S,C,50,0,0,0,1690565,5675374
New Plymouth District,28/02/2014,Fri,1644,LB,SE1C,303B 382B ,,R,W,OF,L ,T,S,C,50,0,0,1,1690565,5675374
New Plymouth District,21/05/2014,Wed,1715,LB,CE1V,303B 382B ,,R,W,TF,L ,T,S,P,50,0,0,0,1690565,5675374
New Plymouth District,12/03/2014,Wed,1524,LB,SE1C,303B 377B ,,R,D,BF,F ,T,S,C,50,0,0,0,1690565,5675374
New Plymouth District,28/11/2014,Fri,1547,LB,SE1C,303B 375B 901 ,,R,W,O ,H ,T,S,C,50,0,0,1,1690565,5675374
New Plymouth District,01/04/2014,Tue,1835,GD,4S1C,331A 351A ,,R,D,BF,F ,X,G,C,50,0,0,0,1690316,5675284
New Plymouth District,23/09/2014,Tue,705,DB,40,501A ,H,E,D,BF,F ,X,G,C,50,0,0,1,1690112,5675209
New Plymouth District,04/07/2014,Fri,1209,JA,4E1C,301B 375B ,,R,D,B ,F ,T,S,C,50,0,0,0,1690112,5675209
New Plymouth District,31/05/2014,Sat,1105,EA,SS1C,331A 358A ,Q,R,D,BF,F , ,N,C,50,0,0,1,1689721,5674954
New Plymouth District,29/07/2014,Tue,1520,FC,ON1CTC,331A 181B ,,R,W,O ,H ,T,G,X,50,0,0,0,1689565,5674777
New Plymouth District,03/06/2014,Tue,1715,NB,CN1E,102A 306A 341A ,,R,D,TO,F , ,N,X,50,0,1,0,1689507,5674709
New Plymouth District,23/12/2014,Tue,1730,BO,CN1C,129A 129B ,,R,D,B ,F , , ,C,50,0,0,0,1689475,5674670
New Plymouth District,24/04/2014,Thu,1755,BF,CS1V,205A 404A ,,E,W,TN,F , , ,C,100,0,0,1,1689111,5673958
New Plymouth District,28/04/2014,Mon,709,DB,CN1,111A 136A 632A ,F,E,W,ON,H , ,N,L,80,0,0,0,1688157,5672080
New Plymouth District,21/10/2014,Tue,1229,FD,CN1C,181A 331A ,,R,D,B ,F , , ,L,100,0,0,0,1682455,5669329
New Plymouth District,27/01/2014,Mon,1645,CB,CN1,134A 407A ,FT,R,D,BN,F , , ,C,100,0,0,1,1682359,5669154
New Plymouth District,15/03/2014,Sat,1200,DA,CS1,111A 131A ,EX,S,D,ON,L , ,N,C,100,0,0,1,1680314,5666193
New Plymouth District,09/04/2014,Wed,800,DB,CN1,111A 131A ,,S,D,ON,F , ,N,C,100,0,0,1,1679948,5665345
New Plymouth District,20/11/2014,Thu,1715,DA,MW1,111A 131A 532A ,G,S,D,BN,F , ,N,C,100,0,0,1,1679928,5665343
New Plymouth District,07/03/2014,Fri,1840,DA,CN1,131A 410A ,S,M,D,BN,F , ,N,L,100,0,0,1,1679518,5665649
New Plymouth District,03/03/2014,Mon,900,DA,VN1,111A 131A ,F,M,W,ON,F ,T,S,L,100,0,0,1,1679100,5665413
Opotiki District,17/07/2014,Thu,1545,BB,MS1V,111A 123A 402A 197B ,,S,D,B ,F , , ,C,100,0,0,1,1969818,5782595
Opotiki District,07/08/2014,Thu,1825,HA,CE2C,103A 112A 301A ,,R,D,DO,F ,X,S,C,50,0,0,0,1976203,5784375
Opotiki District,14/09/2014,Sun,1842,HA,PS14,103A 426A 301B 375B ,,R,W,DN,F ,X,S,C,50,0,0,1,1976203,5784375
Opotiki District,02/07/2014,Wed,1400,HA,4W2C,301A 377A ,,R,W,BF,F ,X,S,C,50,0,0,1,1976213,5784599
Opotiki District,31/08/2014,Sun,1945,DB,40,103A 131A ,,S,D,DN,F , , ,C,100,0,0,0,1976705,5781192
Opotiki District,19/08/2014,Tue,2039,DA,4S1,104A 138A ,F,E,W,DN,L , ,N,N,100,0,0,0,1984383,5773134