TLANAME,CRASHDATE,CRASHDOW,CRASHTIME,MVMT,VEHICLES,CAUSES,OBJECTSSTRUCK,ROADCURVE,ROADWET,LIGHT,WTHRa,JUNCTYPE,TRAFCTRL,ROADMARK,SPDLIM,CRASHFATALCNT,CRASHSEVCNT,CRASHMINCNT,EASTING,NORTHING
Opotiki District,10/01/2014,Fri,1406,DA,CE1,103A 111A 131A ,FP,M,D,BN,F ,T,N,C,50,0,0,1,1977111,5784553
Opotiki District,16/05/2014,Fri,920,BC,CS1C,111A 121A 350A ,,E,D,B ,F , ,N,N,100,0,0,1,1981917,5780337
Opotiki District,17/04/2014,Thu,1330,CB,TS1,129A 135A 504A 801 816 818 ,ETZ,R,W,O ,L , , ,N,100,2,0,0,2002284,5772664
Opotiki District,25/04/2014,Fri,1715,DA,CN1,102A 111A 131A 402A 517A ,S,M,D,TN,F , , ,C,100,0,0,2,1960539,5782626
Opotiki District,17/12/2014,Wed,1734,DB,CN1,111A 131A 801 901 ,P,M,W,O ,H , , ,C,100,0,0,0,1963672,5780465
Opotiki District,22/12/2014,Mon,1740,BF,4W14,131A ,,S,D,B ,F , , ,C,100,0,1,2,1963703,5780511
Opotiki District,28/09/2014,Sun,2127,CC,MS2,112A 130A 514A ,,R,D,DO,F ,T,G,C,100,0,0,0,1965249,5781676
Opotiki District,11/08/2014,Mon,,CB,CE1,101A 130A ,T,R,D,DN,F , , ,C,100,0,0,0,1971950,5786606
Opotiki District,15/06/2014,Sun,535,CB,4S1,410A ,VZ,R,D,DN,F , , ,C,100,1,0,0,1973027,5786016
Opotiki District,29/06/2014,Sun,1722,DA,CW1,131A 402A ,FV,M,W,DN,F , , ,C,100,0,0,0,1973352,5785731
Opotiki District,29/01/2014,Wed,1725,DB,CW1,135A 339A 804 817 ,V,E,D,BN,F , ,N,N,100,0,0,1,1973504,5785601
Opotiki District,08/01/2014,Wed,830,CC,CE1,130A ,V,R,D,BN,F , ,N,C,100,0,0,0,1974375,5785431
Opotiki District,03/09/2014,Wed,315,DA,TN1,131A 410A ,G,E,D,DN,F , ,N,C,80,0,0,1,1974799,5784847
Opotiki District,14/03/2014,Fri,2020,EC,CE1,912,W,S,D,DO,F , , ,C,50,0,0,0,1974893,5784033
Opotiki District,25/01/2014,Sat,1425,DA,CW1,504A ,GT,E,D,BF,F , ,N,C,50,0,4,1,1975295,5784132
Opotiki District,13/08/2014,Wed,1545,EC,CN1,911,W,R,D,BN,F , ,N,C,100,0,0,0,1976491,5782900
Opotiki District,25/07/2014,Fri,1220,FD,CS1V,181A ,,R,D,B ,F ,X,S,C,100,0,0,0,1976459,5780068
Opotiki District,21/06/2014,Sat,930,DA,VN1,131A ,Z,M,W,OF,L , ,N,C,100,0,0,0,1975982,5775309
Opotiki District,26/03/2014,Wed,1040,FD,CN1CC,832,,S,D,BF,F , ,N,C,80,0,0,0,1975661,5772441
Opotiki District,11/10/2014,Sat,1430,BB,CN1C,123A 150A ,,S,W,O ,F , ,N,C,100,0,0,0,1974238,5772362
Opotiki District,30/03/2014,Sun,1544,DA,MN1,131A 844 ,,M,D,B ,F , , ,C,80,0,1,1,1974702,5766336
Opotiki District,17/01/2014,Fri,900,DB,CN1,131A 402A 407A ,E,E,D,B ,F , , ,C,100,0,0,1,1975092,5766183
Opotiki District,18/05/2014,Sun,1430,DA,MS1,110A 135A 801 810 ,C,E,W,B ,F , ,N,C,100,0,0,1,1976174,5765187
Opotiki District,22/02/2014,Sat,1700,AB,MN14,153A ,,M,D,TN,F , , ,C,100,0,0,1,1976598,5763853
Opotiki District,26/03/2014,Wed,1,DB,TN1,111A 131A ,C,M,D,DN,F , , ,L,100,1,0,1,1977717,5760193
Opotiki District,04/04/2014,Fri,1700,DA,TS1,111A 131A ,C,M,D,B ,F , , , ,100,0,0,0,1977387,5758686
Opotiki District,25/02/2014,Tue,1230,DB,VS1,129A 134A ,C,M,D,BN,F , ,N,C,100,0,0,0,1976834,5755522
Opotiki District,16/04/2014,Wed,1100,DB,CN1,111A 131A 402A 632A 801 904 ,EZ,E,W,O ,M , , ,C,100,0,3,0,1979543,5755217
Opotiki District,28/01/2014,Tue,945,MF,CS1C,387A 145B 371B ,,R,D,BF,F , ,N,C,50,0,0,0,1976427,5784292
Opotiki District,10/04/2014,Thu,1545,DA,CS2C,103A 111A 131A 430A ,M,E,D,B ,F ,R,G,R,50,0,0,0,1976467,5785041
Opotiki District,20/04/2014,Sun,100,DB,CE1,101A 131A 801 ,F,E,W,DO,L , , ,C,70,0,0,0,1976945,5785055
Opotiki District,11/12/2014,Thu,920,CB,CS1,129A 358A 407A 801 ,S,R,W,O ,L , , ,C,100,0,0,0,1977587,5785760
Opotiki District,23/11/2014,Sun,1335,GE,MW14,103A 112A 333A 532A ,,R,D,BN,F ,T,G,C,100,0,1,0,1980743,5786292
Opotiki District,18/06/2014,Wed,2124,EA,CE14,103A 341A ,Q,R,D,DN,F , ,N,C,100,0,0,2,1981032,5786301
Opotiki District,06/06/2014,Fri,1140,AO,VW1C,331A 361A ,,E,D,B ,F , ,N,C,80,0,0,1,1982476,5786516
Opotiki District,24/06/2014,Tue,635,EC,CW1,913,W,M,D,DN,F , ,N,C,100,0,0,0,1986004,5786535
Opotiki District,21/01/2014,Tue,1115,FO,VW1C,197A 331A 351B 442B 443B 831 901 ,,E,W,O ,H , , ,C,100,0,0,0,1989492,5787222
Opotiki District,19/08/2014,Tue,530,EC,TW1,912,W,E,D,DN,F , ,N,C,90,0,0,0,1989860,5787120
Opotiki District,16/12/2014,Tue,2049,AD,CN1C,111A 402A ,,E,D,TN,F , ,N,C,100,0,0,2,1994012,5789823
Opotiki District,09/08/2014,Sat,2230,EC,CN1,402A 912 ,VW,R,D,DN,F , , ,C,100,0,0,2,2005967,5799905
Opotiki District,26/09/2014,Fri,1950,EC,VN1,912,W,R,D,DN,F , ,N,C,100,0,0,0,2012432,5812532
Opotiki District,08/02/2014,Sat,1325,DA,CN1,131A 404A 801 ,FJ,M,W,O ,L , , ,C,100,0,0,0,2014549,5814167
Opotiki District,18/06/2014,Wed,830,DB,TE1,111A 131A ,,S,D,ON,FS, ,N,C,100,0,0,1,2018720,5819316
Opotiki District,05/01/2014,Sun,1830,DB,CW1,111A 358A 407A 800 801 ,ST,E,W,O ,L , , ,C,100,0,0,1,2022570,5818791
Opotiki District,19/07/2014,Sat,1930,EC,MW1,912,W,R,W,DN,F , , ,C,100,0,0,1,2031812,5823778
Otorohanga District,18/09/2014,Thu,1700,DB,CS1,111A 131A 402A 801 ,F,M,W,O ,L , , ,N,100,0,0,0,1817728,5772566
Otorohanga District,08/12/2014,Mon,1530,DB,CS1,410A ,G,E,D,O ,F , , ,N,100,0,0,2,1769380,5783544
Otorohanga District,04/07/2014,Fri,1500,BC,TE1V,818,,S,D,ON,F , ,N,N,100,0,0,0,1765463,5779423
Otorohanga District,15/10/2014,Wed,1520,BF,TW1C,111A 131A ,,S,D,BN,F , ,N,N,100,0,0,1,1811722,5762839
Otorohanga District,11/01/2014,Sat,2300,DA,CN1,104A 111A 131A 402A 809 ,C,M,W,DN,F , , ,C,100,0,1,1,1785253,5775306
Otorohanga District,31/08/2014,Sun,1130,MO,CE1,110A 130A 433A ,C,R,D,B ,F ,X,S,C,100,0,0,0,1795466,5781107
Otorohanga District,22/08/2014,Fri,1,DA,VW1,103A 131A 402A 632A ,FT,E,D,DN,F , , ,C,100,0,0,0,1795658,5781160
Otorohanga District,31/08/2014,Sun,1131,CA,CW1,112A 130A 353A ,B,R,D,B ,F , , ,C,100,0,0,0,1793078,5780573
Otorohanga District,31/08/2014,Sun,1300,DA,CE1,129A 131A ,,E,D,B ,F , , ,C,100,0,0,0,1795615,5775267
Otorohanga District,15/03/2014,Sat,1700,CB,CS1,129A 350A ,C,R,W,ON,HS, ,N,C,70,0,0,1,1794657,5768641
Otorohanga District,19/07/2014,Sat,100,CC,4S1,101A 125A ,F,R,I,DN,M ,T,G,C,100,0,0,0,1806682,5777624
Otorohanga District,11/11/2014,Tue,1735,DA,CS1,131A ,F,E,W,ON,H , ,N,C,100,0,0,0,1806805,5778280
Otorohanga District,19/10/2014,Sun,130,DA,4S1,101A 131A 402A ,F,M,D,DN,F , , ,C,100,0,0,0,1806804,5778259
Otorohanga District,17/12/2014,Wed,1330,DB,CN1,111A 131A ,C,E,W,O ,L , , ,C,100,0,0,0,1793068,5764811
Otorohanga District,02/08/2014,Sat,120,DA,VN1,129A 350A 402A ,F,M,W,DN,F , ,N,C,100,0,0,0,1793059,5764805
Otorohanga District,23/04/2014,Wed,1000,GE,TE1O,150A 197A 372B 402B ,V,R,D,B ,F ,T,N,C,100,0,0,1,1794483,5769982
Otorohanga District,07/11/2014,Fri,2357,DA,CN1,111A 131A 410A 514A ,C,S,D,DO,F ,T,G,C,50,0,0,0,1793407,5770417
Otorohanga District,07/11/2014,Fri,1630,DA,CN1,129A 134A ,P,E,D,B ,F , ,N,C,100,0,0,0,1794975,5776063
Otorohanga District,16/04/2014,Wed,911,DA,CS1,134A 407A ,F,E,W,O ,F , , ,C,100,0,0,0,1793526,5773026
Otorohanga District,21/11/2014,Fri,1250,DA,CS1,121A 131A 134A 402A ,C,E,D,O ,F , , ,C,100,0,0,0,1795185,5782046
Otorohanga District,09/03/2014,Sun,1500,DB,CS1,131A ,C,M,D,B ,F , , ,N,100,0,0,0,1766261,5793814
Otorohanga District,05/03/2014,Wed,1915,CA,CW1,129A 130A 407A ,,R,D,B ,F , , ,C,100,0,0,1,1819132,5775070
Otorohanga District,08/01/2014,Wed,1150,BB,MW14,123A ,,S,D,O ,F , , ,N,100,0,1,0,1812745,5760625
Otorohanga District,30/07/2014,Wed,835,HA,4E2C,302A 370A ,,R,D,O ,F ,X,G,C,50,0,0,1,1793499,5771199
Otorohanga District,13/12/2014,Sat,2223,DB,CN1,101A 131A ,B,E,D,DN,F , ,N,N,100,0,0,2,1828680,5769617
Otorohanga District,16/02/2014,Sun,1500,CA,TN1,129A 134A ,,R,D,O ,F , , ,C,100,0,0,0,1828564,5770031
Otorohanga District,04/05/2014,Sun,746,CB,4S1,103A 131A 412A 904 ,F,R,D,DN,M , , ,C,100,0,0,1,1833075,5761025
Otorohanga District,27/11/2014,Thu,1325,DA,CW1,131A ,F,E,D,O ,F , ,N,C,100,0,0,0,1790200,5769813
Otorohanga District,30/11/2014,Sun,1442,QB,CE1,523A 525A 663A ,,E,D,B ,F , , ,C,100,0,1,0,1787321,5768383
Otorohanga District,31/01/2014,Fri,1600,KA,CN1M,308B 378B 402B 834 929 ,,E,D,B ,F ,D, ,C,50,0,0,1,1759251,5785011
Otorohanga District,05/05/2014,Mon,1430,DA,4S1,111A 135A 801 811 842 ,,S,W,ON,H , ,N,C,100,0,0,0,1807127,5779551
Otorohanga District,21/06/2014,Sat,934,DA,CE1,131A ,C,E,W,ON,L , ,N,C,100,0,0,0,1807018,5779705
Otorohanga District,08/05/2014,Thu,1738,DA,CE1,135A 801 809 815 ,F,E,W,DN,L , , ,C,100,0,0,1,1807040,5779672
Otorohanga District,28/07/2014,Mon,1953,DA,CS1,129A 351A ,F,E,D,DN,F , ,N,C,100,0,0,1,1805348,5778928
Otorohanga District,16/11/2014,Sun,1644,BC,CN1CC,121A 410A ,,M,D,B ,F , ,N,C,100,0,0,3,1804830,5778675
Otorohanga District,02/12/2014,Tue,1004,GD,CN1C,331A 370A ,F,R,D,B ,F ,T,S,C,100,0,0,0,1803607,5777021
Otorohanga District,31/01/2014,Fri,1500,DA,CS1,131A 404A ,F,E,D,B ,F , , ,C,100,0,0,2,1801177,5773930
Otorohanga District,20/07/2014,Sun,715,DA,CN1,131A 410A ,F,E,D,TN,F , ,N,C,100,0,0,0,1799666,5773770
Otorohanga District,08/01/2014,Wed,1330,DB,CN1,131A 501A ,G,E,D,ON,F , ,N,C,100,0,0,0,1799121,5773948
Otorohanga District,14/12/2014,Sun,547,DB,CW1,111A 131A 801 901 ,G,E,W,O ,H , , ,C,100,0,0,0,1799002,5773977
Otorohanga District,12/10/2014,Sun,2030,EC,CN1,912,W,E,D,DN,F , , ,C,100,0,0,0,1798473,5773713
Otorohanga District,11/11/2014,Tue,455,EC,VN1,912,W,R,D,DN,F , ,N,C,100,0,0,0,1798278,5773575
Otorohanga District,29/07/2014,Tue,1655,EA,CN1V,129A 358A ,M,R,D,O ,F , , ,C,70,0,0,0,1795969,5772224
Otorohanga District,27/05/2014,Tue,1314,CB,CS1,130A 412A ,T,R,D,B ,F , , ,C,70,0,0,2,1795399,5772017
Otorohanga District,11/04/2014,Fri,1305,FD,CS1CC,181A ,,R,W,OF,L , ,N,C,50,0,0,0,1795251,5771769
Otorohanga District,09/06/2014,Mon,1410,GD,VN1V,331A 352A ,,R,W,OF,L ,X,S,C,50,0,0,0,1793708,5771276
Otorohanga District,10/01/2014,Fri,1840,PF,VS1EC,129A 330A 404A ,,R,D,B ,F ,X,S,C,50,0,0,2,1793644,5771141
Otorohanga District,15/11/2014,Sat,1445,BF,TS1B,197A 407A ,,M,W,O ,F ,T,G,C,50,0,0,0,1793390,5770428
Otorohanga District,13/01/2014,Mon,825,BF,VS1C,136A 681A ,,E,D,ON,F , ,N,C,100,0,0,1,1792675,5769428
Otorohanga District,14/11/2014,Fri,555,DB,CN1,101A 410A ,,E,W,TN,F , ,N,C,100,0,0,1,1792644,5769192
Otorohanga District,21/07/2014,Mon,1,BA,CN1C,125A ,,R,W,DN,L , ,N,C,100,0,0,0,1792604,5769016
Otorohanga District,27/01/2014,Mon,437,CC,VN1,410A ,CV,R,D,DN,F , , ,C,100,0,0,1,1792446,5768521
Otorohanga District,17/06/2014,Tue,1340,CC,CS1,136A 631A 801 ,F,R,W,O ,L , , ,C,100,0,0,0,1792383,5768331
Otorohanga District,06/11/2014,Thu,1014,GE,VN1T,157A 160A 387A 929 ,,R,D,B ,F ,D,N,C,70,0,0,0,1792102,5767468
Otorohanga District,05/01/2014,Sun,1010,DA,4N1,131A 687A 901 ,F,E,W,ON,H , ,N,C,90,0,0,0,1791754,5766552
Otorohanga District,01/03/2014,Sat,1023,DA,CN1,129A 134A ,F,E,D,BN,F , ,N,C,100,0,0,1,1791717,5766466
Otorohanga District,02/02/2014,Sun,450,DA,CN1,411A ,C,E,D,DN,F , , ,C,100,0,0,0,1791700,5766424
Otorohanga District,02/04/2014,Wed,900,DA,TE1,111A 131A ,F,M,D,O ,F , , ,C,100,0,0,0,1825722,5737685
Otorohanga District,02/05/2014,Fri,2218,DB,CE2,111A 131A 357A ,P,S,D,DO,F ,T,G,C,50,0,0,0,1793308,5771020
Otorohanga District,19/10/2014,Sun,530,DA,CN1,104A ,F,E,D,DN,F , ,N,C,100,0,0,1,1792209,5771540
Otorohanga District,08/06/2014,Sun,1543,DB,CS1,129A 410A ,T,E,W,ON,L , ,N,C,100,0,0,0,1791971,5771849
Otorohanga District,21/04/2014,Mon,320,DA,CS1,111A 131A 412A 801 ,C,M,W,DN,L , , ,L,100,0,0,0,1792833,5773200
Otorohanga District,19/04/2014,Sat,710,DA,CS1,131A 135A 901 ,C,M,W,O ,H , ,N,C,100,0,0,1,1792766,5773487
Otorohanga District,05/12/2014,Fri,1830,DA,CN1,131A 358A 804 ,EF,E,D,O ,F , , ,C,100,0,0,1,1792242,5776936
Otorohanga District,01/12/2014,Mon,900,CC,CE1S,110A 130A 197B 801 ,C,R,W,O ,L , , ,C,100,0,0,0,1775181,5783506
Otorohanga District,03/06/2014,Tue,820,DA,CN1,129A 131A ,C,E,D,BN,F , ,N,C,100,0,0,1,1760471,5787696
Otorohanga District,06/11/2014,Thu,2115,JA,TS1O,308B 382B 929 ,,R,D,DN,F ,D,N,C,100,0,0,0,1792518,5789110
Otorohanga District,09/03/2014,Sun,1250,CB,CN1,129A ,F,R,D,B ,F , ,N,C,100,0,0,0,1792102,5788236
Otorohanga District,19/02/2014,Wed,1528,DB,CS1,410A ,FV,E,D,O ,F ,T,S,C,100,0,0,0,1791419,5787566
Otorohanga District,03/06/2014,Tue,1200,CB,CS1,358A ,C,R,D,B ,F , , ,C,100,0,0,0,1790438,5786638
Otorohanga District,24/03/2014,Mon,2230,JA,TS1O,308B 375B 929 ,,E,D,DN,F ,D,N,C,100,0,0,0,1790566,5784405
Palmerston North City,16/11/2014,Sun,1810,DA,CS1,103A 111A 131A ,T,M,D,TF,F ,T,N,N,50,0,1,0,1821674,5532204
Palmerston North City,16/10/2014,Thu,,MO,CS14,371A 929 ,M,R,D,DO,F ,D,N,N,50,0,0,0,1822280,5529001
Palmerston North City,17/03/2014,Mon,848,MD,VS1V,308B 371B 927 ,,E,D,B ,F ,D, ,N,50,0,0,0,1819489,5530155
Palmerston North City,10/10/2014,Fri,650,LB,CS1C,302A 375A ,,E,D,O ,F ,R,G,N,50,0,0,0,1822674,5532778
Palmerston North City,13/12/2014,Sat,1320,JA,ME1C,173A ,,R,D,BF,F ,R,G,C,50,0,1,0,1822674,5532778
Palmerston North City,31/07/2014,Thu,117,DB,CE1,103A 110A ,C,E,W,DN,L , ,N,R,50,0,0,1,1822396,5532690
Palmerston North City,09/05/2014,Fri,1027,FD,CN1CC,181A 181B ,,R,D,B ,F , , ,C,50,0,0,0,1822786,5530206
Palmerston North City,04/05/2014,Sun,1100,KA,CN1S,308B 370B 925 ,,R,D,B ,F ,D, ,C,50,0,0,0,1822859,5530074
Palmerston North City,16/04/2014,Wed,2145,MC,CN1C,372B ,,R,W,DO,F , ,N,C,50,0,0,0,1822918,5529965
Palmerston North City,05/11/2014,Wed,1443,GD,CS1P,181A 333A ,,R,D,O ,F ,X,S,C,50,0,0,0,1823238,5529373
Palmerston North City,21/06/2014,Sat,920,KA,SN14,113B 375B ,,R,D,OF,F ,T,N,C,50,0,0,1,1823179,5529490
Palmerston North City,27/12/2014,Sat,1810,EA,VN1C,129A ,M,R,D,B ,F , , ,C,50,0,0,0,1822648,5530460
Palmerston North City,07/12/2014,Sun,1655,HA,CS1C,302A 375A ,,E,W,BF,M ,R,G,R,50,0,0,0,1822670,5530415
Palmerston North City,14/02/2014,Fri,1735,MF,CS1C,350B 371B ,,R,D,BF,F , ,N,C,50,0,0,0,1822841,5530106
Palmerston North City,17/10/2014,Fri,908,KB,VN1B,303B 501B ,,E,D,B ,F ,T,G,C,50,0,0,1,1824057,5527872
Palmerston North City,19/09/2014,Fri,1939,FE,CN1C,331A ,,R,D,DO,F ,X,T,C,50,0,0,0,1822878,5530039
Palmerston North City,25/02/2014,Tue,850,KA,SS1C,303B 375B ,,R,D,O , F,X,N,C,50,0,0,1,1823179,5529490
Palmerston North City,19/07/2014,Sat,908,HA,CN2V,302A 375A 642A ,,R,D,B ,F ,R,G,R,50,0,0,0,1823612,5528678
Palmerston North City,04/12/2014,Thu,35,DB,CS1,111A 131A ,F,E,D,DO,F ,T,G,C,50,0,0,0,1818370,5529461
Palmerston North City,17/03/2014,Mon,1320,EA,CN1C,129A ,M,R,D,OF,F , ,N,N,50,0,0,0,1822113,5529936
Palmerston North City,18/09/2014,Thu,1155,MO,CN1C,371A ,Q,R,D,O ,F , , ,C,50,0,0,0,1822160,5529852
Palmerston North City,09/06/2014,Mon,1520,DA,CS1,131A 402A ,V,M,W,O ,L , , ,C,100,0,0,0,1833160,5535803
Palmerston North City,11/01/2014,Sat,500,CC,CE1,411A ,,R,D,DN,F , , ,C,100,0,0,0,1827230,5536921
Palmerston North City,31/12/2014,Wed,1408,FD,400000000000000,181A 191B ,,R,D,B ,F ,T,G,C,100,0,0,0,1828620,5536766
Palmerston North City,28/11/2014,Fri,515,DB,CW1,103A 410A ,,E,D,ON,F , ,N,C,100,0,0,0,1824100,5537432
Palmerston North City,11/07/2014,Fri,1410,FD,CS1C,181A 423A ,,R,D,BF,F , ,N,C,50,0,0,0,1822129,5529257
Palmerston North City,28/02/2014,Fri,1600,MO,4N1C,371A ,,R,D,OF,F ,X,T,C,50,0,0,0,1822163,5529195
Palmerston North City,14/12/2014,Sun,1200,EA,CS1C,129A ,M,R,D,OF,F ,T,G,C,50,0,0,0,1819758,5530818
Palmerston North City,03/07/2014,Thu,1236,JA,TE1C,302B 375B ,,R,D,B ,F ,T,G,C,50,0,0,1,1820296,5531091
Palmerston North City,25/05/2014,Sun,1300,MO,CW1,133A 423A ,C,R,D,OF,F , ,N,C,50,0,0,0,1821257,5530283
Palmerston North City,18/02/2014,Tue,1617,EA,TS1C,129A ,M,R,D,BF,F , ,N,N,50,0,0,0,1821993,5529611
Palmerston North City,09/04/2014,Wed,1550,GD,CN1C,333A 353A ,,R,D,O ,F ,X,G,C,50,0,0,0,1820369,5528529
Palmerston North City,27/01/2014,Mon,1340,HA,4W2C,302A 375A 503A ,,R,D,B ,F ,X,G,C,50,0,0,0,1820369,5528529
Palmerston North City,10/06/2014,Tue,1300,GD,CS1CC,331A 927 ,,R,W,O ,L ,D,N,C,50,0,0,0,1819936,5529319
Palmerston North City,08/05/2014,Thu,1235,EE,CS1T,374B ,M,R,D,O ,F , , ,C,50,0,0,0,1819878,5529425
Palmerston North City,21/04/2014,Mon,836,LB,CW1C,332A 375A ,,R,D,B ,F ,T,T,C,50,0,0,0,1819912,5529363
Palmerston North City,19/08/2014,Tue,940,FB,CS1C,331A 358A 402A ,,R,D,B ,F ,R,G,C,50,0,0,0,1820494,5528299
Palmerston North City,22/10/2014,Wed,702,HA,CW2S,302A ,,R,D,B ,F ,R,G,R,50,0,0,0,1820512,5528290
Palmerston North City,26/05/2014,Mon,710,LB,CW1S,302A 375A ,,M,W,OF,F ,R,G,R,50,0,0,1,1820497,5528295
Palmerston North City,10/09/2014,Wed,1730,GD,CN1C,331A 352A ,,R,D,O ,F ,T,G,C,50,0,0,0,1819838,5529499
Palmerston North City,30/03/2014,Sun,1308,JA,CN1C,302B 375B 504B ,,R,D,O ,F ,T,G,C,50,0,0,1,1820172,5528889
Palmerston North City,26/03/2014,Wed,1820,GA,VS1C,101A 331A 929 ,,R,D,BF,F ,D,N,C,50,0,0,1,1819725,5529707
Palmerston North City,29/03/2014,Sat,1000,MO,CN1C,371A 929 ,,R,D,BF,F ,D,N,C,50,0,0,0,1819715,5529724
Palmerston North City,04/04/2014,Fri,2120,LB,4S1C,303B ,,R,D,DO,F ,X,T,C,50,0,0,0,1820306,5528642
Palmerston North City,16/07/2014,Wed,1520,LB,SN1C,210A 303B 306B ,,R,D,BF,F ,X,T,X,50,0,0,1,1820306,5528642
Palmerston North City,18/06/2014,Wed,2020,KA,VN14,302B 375B ,,E,D,DO,F ,X,T,C,50,0,0,0,1820306,5528642
Palmerston North City,29/04/2014,Tue,1514,HA,CW2C,324A ,,R,W,OF,H ,X,T,C,50,0,0,0,1820306,5528642
Palmerston North City,21/03/2014,Fri,1030,ME,4N1C,371B ,,R,D,B ,F , , ,C,50,0,0,0,1819522,5530074
Palmerston North City,27/10/2014,Mon,2100,ME,VN1C,330A 386A 330B ,,R,D,DO,F , , ,C,50,0,0,0,1819522,5530074
Palmerston North City,20/08/2014,Wed,832,EE,CN1T,129A ,M,R,D,OF,F , ,N,C,50,0,0,0,1819545,5530035
Palmerston North City,24/03/2014,Mon,1349,FB,CN1C,181A ,,E,D,B ,F ,R,G,R,50,0,0,0,1819514,5530079
Palmerston North City,04/01/2014,Sat,1515,GB,CS1C,387A 929 ,,R,D,OF,F ,D,N,C,50,0,0,0,1820986,5529837
Palmerston North City,09/06/2014,Mon,1725,MB,CS1C,372B ,,R,W,DO,F , ,N, ,50,0,0,0,1821034,5529749
Palmerston North City,15/12/2014,Mon,2150,DB,CW2,111A 131A 514A 517A ,C,M,D,DO,F ,T,S,C,50,0,0,1,1821133,5529568
Palmerston North City,02/04/2014,Wed,1710,KB,CN1S,370A 184B 303B 372B ,,E,D,B ,F ,T,S,C,50,0,0,1,1821133,5529568
Palmerston North City,03/08/2014,Sun,52,DB,CN1,131A 402A 901 ,X,E,W,DO,H , , ,C,70,0,0,0,1825847,5527283
Palmerston North City,20/08/2014,Wed,936,MA,MW1C,373B ,,R,D,BF,F ,T,N,C,50,0,0,1,1819730,5529330
Palmerston North City,09/03/2014,Sun,1135,ME,CW1C,355B 370B ,,R,D,B ,F , , ,C,50,0,0,0,1822849,5530195
Palmerston North City,27/11/2014,Thu,1610,FB,CW1C,501A ,,R,D,BF,F ,R,G,P,50,0,0,0,1822819,5530178
Palmerston North City,20/06/2014,Fri,1030,PO,CE1E,370A 671A ,,R,D,B ,F , ,N,C,50,0,0,1,1822090,5529779
Palmerston North City,26/08/2014,Tue,1230,MO,CN1C,330B 371B ,,R,D,B ,F , , ,C,50,0,0,0,1822134,5529803
Palmerston North City,23/09/2014,Tue,1121,MF,CW1V,371B ,,R,D,B ,F , ,N,C,50,0,0,0,1821959,5529706
Palmerston North City,03/10/2014,Fri,1100,MF,SW1V,371B 377B 839 ,,R,W,O ,H , ,N,C,50,0,0,2,1821809,5529625
Palmerston North City,01/12/2014,Mon,915,LB,CW1C,303B ,,R,D,O ,F ,T,T,R,50,0,0,0,1821765,5529601
Palmerston North City,02/12/2014,Tue,1026,LB,CW1C,303B 375B ,,R,D,OF,F ,T,T,C,50,0,0,0,1821765,5529601
Palmerston North City,19/12/2014,Fri,1012,ME,CW1C,303B 375B 926 ,,R,D,OF,F ,D,N,C,50,0,0,0,1822484,5529995
Palmerston North City,02/12/2014,Tue,1327,FD,CS1V,181A 331A ,,E,D,O ,F ,R,G,C,50,0,0,0,1822445,5529973
Palmerston North City,21/07/2014,Mon,1020,FB,XE1C,801,,R,W,O ,L ,R,G,C,50,0,0,0,1822417,5529957
Palmerston North City,29/08/2014,Fri,728,CB,VN1,112A ,T,R,D,BF,F , ,N,C,50,0,0,1,1820765,5528981
Palmerston North City,26/09/2014,Fri,1425,HA,CW2C,302A ,,R,D,O ,F ,X,G,C,50,0,0,0,1834103,5536100
Palmerston North City,03/08/2014,Sun,440,CC,CS1,101A 130A 404A 901 ,,R,W,DO,H , , ,C,80,0,0,0,1819251,5523360
Palmerston North City,24/06/2014,Tue,715,FD,CN1C,181A ,,R,D,O ,F , , ,C,50,0,0,0,1818923,5523703
Palmerston North City,17/01/2014,Fri,2238,BE,CS1CC,103A 130A 501A ,,R,D,DN,F , , ,C,100,0,2,1,1823379,5537905
Palmerston North City,21/10/2014,Tue,805,HA,TN1C,302A 375A ,,R,D,O ,F ,R,G,X,50,0,0,0,1823580,5537662
Palmerston North City,16/10/2014,Thu,930,HA,CE2C,301B 375B ,,R,D,B ,F ,X,S,R,50,0,0,0,1821220,5529617