TLANAME,CRASHDATE,CRASHDOW,CRASHTIME,MVMT,VEHICLES,CAUSES,OBJECTSSTRUCK,ROADCURVE,ROADWET,LIGHT,WTHRa,JUNCTYPE,TRAFCTRL,ROADMARK,SPDLIM,CRASHFATALCNT,CRASHSEVCNT,CRASHMINCNT,EASTING,NORTHING
Palmerston North City,29/05/2014,Thu,55,BB,CS2C,124A ,,R,W,DO,L ,T,G,C,50,0,0,0,1821905,5530338
Palmerston North City,18/04/2014,Fri,1500,DB,CS1,131A 423A ,KPT,E,D,OF,F , ,N,C,50,0,0,0,1822881,5527598
Palmerston North City,20/12/2014,Sat,2100,MG,CN1C,371B ,,R,D,DO,F , , ,N,50,0,0,0,1818822,5528783
Palmerston North City,26/09/2014,Fri,845,MO,CE1C,130A 423A 929 ,MX,R,D,O ,F , , ,C,50,0,0,0,1822890,5529907
Palmerston North City,12/12/2014,Fri,1249,MG,VW1V,371B ,Q,R,D,BF,F , ,N,C,50,0,0,0,1822042,5529443
Palmerston North City,22/03/2014,Sat,1230,MF,CW1C,371B 671B ,,R,D,O ,F , , ,C,50,0,0,0,1822046,5529445
Palmerston North City,01/12/2014,Mon,1600,MF,CS1C,330A 371A ,,R,D,B ,F , , ,C,50,0,0,0,1822007,5529424
Palmerston North City,26/10/2014,Sun,100,DC,CW1,501A ,KX,E,D,DO,F ,R,G,R,50,0,0,0,1822024,5529433
Palmerston North City,20/10/2014,Mon,1340,CA,VE14CV,501A ,MM,R,D,B ,F , , ,C,50,0,0,0,1821257,5529013
Palmerston North City,02/10/2014,Thu,1136,MF,CE1V,371B ,,R,D,BF,F , ,N,P,50,0,0,0,1821213,5528989
Palmerston North City,30/12/2014,Tue,956,FB,CW1C,181A ,,R,W,OF,F ,R,G,R,50,0,0,0,1821060,5528905
Palmerston North City,16/12/2014,Tue,930,MO,CE14,371B ,,R,D,BF,F , ,N,P,50,0,0,0,1821633,5529220
Palmerston North City,29/07/2014,Tue,1807,HA,CW1S,302A 375A ,,E,D,DO,F ,R,G,C,50,0,0,1,1823315,5530142
Palmerston North City,07/08/2014,Thu,1615,MF,CW1C,371B ,,R,D,O ,F ,T,N,C,50,0,0,0,1821913,5529372
Palmerston North City,20/02/2014,Thu,1710,FD,CE1C,331A ,,R,D,B ,F ,R,G,R,50,0,0,0,1821699,5529256
Palmerston North City,15/05/2014,Thu,1500,AO,VW1S,129A 671A ,,R,D,BF,F ,R,G,R,50,0,0,0,1821895,5529362
Palmerston North City,24/10/2014,Fri,1155,LB,CE1C,303B 377B 927 ,,R,D,ON,F ,D,N,N,50,0,0,0,,
Palmerston North City,19/05/2014,Mon,810,EA,CW1C,129A 902 ,M,R,D,B ,F , , ,C,50,0,0,0,1820562,5530080
Palmerston North City,17/01/2014,Fri,1730,LB,VN14,303B 375B ,,R,D,O ,F ,T,N,C,100,0,0,0,1824134,5536964
Palmerston North City,13/05/2014,Tue,740,FC,CN1C,181A 331A 402A ,,R,D,B ,F , , ,X,50,0,0,1,1821870,5528621
Palmerston North City,24/05/2014,Sat,2030,HA,CW1V,375A ,,R,W,DO,H ,X,T,C,50,0,0,0,1820676,5527968
Palmerston North City,05/02/2014,Wed,1042,EA,4W1B,103A 129A 130A ,M,R,D,B ,F , , ,C,50,0,0,0,1822695,5529074
Palmerston North City,24/10/2014,Fri,1150,HA,CS2V,302A 801 ,,R,W,O ,L ,R,G,R,50,0,0,0,1821377,5528365
Palmerston North City,27/08/2014,Wed,1540,KA,CW1CC,302B 375B ,M,R,D,BF,F ,T,G,C,50,0,0,1,1822354,5528885
Palmerston North City,10/06/2014,Tue,1747,FC,CE1C,181A 191B 901 ,,R,W,DO,H ,T,G,C,50,0,0,0,1822436,5528931
Palmerston North City,18/03/2014,Tue,1445,MC,CE1C,372B ,,E,D,OF,F , ,N,C,50,0,0,0,1819863,5527559
Palmerston North City,17/11/2014,Mon,1725,DA,CS2,133A 407A ,FT,R,W,OF,H ,T,N,C,50,0,0,0,1821701,5528528
Palmerston North City,23/01/2014,Thu,1150,MA,4N1C,181A 333A ,,R,D,BF,F , ,N,C,50,0,0,0,1822876,5529172
Palmerston North City,16/02/2014,Sun,600,BO,CN1C,125A ,M,R,D,OF,F , ,N,C,50,0,0,0,1822849,5529157
Palmerston North City,21/03/2014,Fri,1547,HA,VN1S,302A 375A ,,E,D,O ,F ,R,G,R,50,0,0,1,1821073,5528902
Palmerston North City,15/08/2014,Fri,2120,HA,CN2C,302A 375A ,,R,D,DO,F ,R,G,C,50,0,0,0,1821065,5528907
Palmerston North City,22/07/2014,Tue,2145,KA,CS1C,302B ,,S,W,DO,F ,R,G,R,50,0,0,0,1821074,5528922
Palmerston North City,14/06/2014,Sat,1015,HA,CN1S,302A 375A ,,R,D,BF,F ,R,G,C,50,0,0,1,1821073,5528902
Palmerston North City,08/10/2014,Wed,1656,KA,CN1C,302B 375B ,,M,W,O ,FS,R,G,R,50,0,0,0,1821377,5528365
Palmerston North City,26/01/2014,Sun,1901,HA,CN1C,302A 375A 901 ,,R,W,OF,H ,R,G,R,50,0,0,0,1821196,5528674
Palmerston North City,07/08/2014,Thu,1816,HA,CS2C,322A ,,R,D,DO,F ,X,T,R,50,0,0,0,1821018,5529026
Palmerston North City,15/07/2014,Tue,2351,CA,CW1,101A 130A ,CP,R,D,DO,F , , ,N,50,0,0,1,1820098,5526822
Palmerston North City,21/08/2014,Thu,325,FF,CW1C,512A 514A 517A ,,R,D,DO,F ,T,G,C,50,0,0,0,1819419,5529385
Palmerston North City,06/03/2014,Thu,100,DC,CN1,111A 131A ,IX,E,D,DO,F ,R,G,R,50,0,0,0,1823974,5528534
Palmerston North City,15/08/2014,Fri,1320,MC,CS1C,101B 355B 372B 801 ,,R,W,O ,L , , ,C,50,0,0,0,1821346,5529464
Palmerston North City,25/04/2014,Fri,1320,HA,VW1C,302B 375B ,,R,D,BF,F ,X,G,C,50,0,0,0,1820695,5529106
Palmerston North City,28/07/2014,Mon,1525,JA,CW1C,308B 929 ,,R,D,B ,F ,D,N,C,50,0,0,0,1821034,5529295
Palmerston North City,02/12/2014,Tue,1505,MO,CE1CC4,423A ,,R,D,B ,F , , ,C,50,0,0,0,1821096,5529328
Palmerston North City,09/10/2014,Thu,1527,FA,CE1C,112A 181A ,,R,D,B ,F ,T,N,C,50,0,0,0,1821203,5529386
Palmerston North City,03/07/2014,Thu,1600,NE,CN2E,713B ,,M,D,BF,F ,X,T,R,50,0,0,1,1821230,5529401
Palmerston North City,24/09/2014,Wed,1400,EE,SE1T,374B ,Q,R,D,O ,F , ,N,P,50,0,0,1,1821593,5529598
Palmerston North City,25/11/2014,Tue,2050,ME,CS1C,350A 371A ,,R,D,TO,F , , ,C,50,0,0,0,1821501,5529548
Palmerston North City,14/03/2014,Fri,820,KB,SS14,200A 370A 370B ,,R,D,O ,F ,T,G,R,70,0,0,1,1822068,5526703
Palmerston North City,16/04/2014,Wed,1820,EA,SN1C,330A 208B 901 ,M,E,W,DO,H , , ,C,50,0,0,1,1820666,5527261
Palmerston North City,09/12/2014,Tue,1515,EA,SW1C,331A 350A ,Q,R,D,BF,F , ,N,C,50,0,0,0,1820945,5527502
Palmerston North City,31/01/2014,Fri,2300,EA,CN1B,129A ,M,R,D,DO,F ,T,N,N,50,0,0,0,1819506,5529064
Palmerston North City,17/08/2014,Sun,143,EA,CE1C,129A ,M,R,D,DO,F , ,N,N,50,0,0,0,1823604,5529510
Palmerston North City,01/06/2014,Sun,2243,DB,CS2,101A 131A ,F,M,D,DO,F ,R,G,C,50,0,0,1,1821409,5531673
Palmerston North City,17/10/2014,Fri,837,FD,CN1CCC,331A 350A ,,R,D,B ,F , , ,C,50,0,0,1,1822045,5532070
Palmerston North City,08/03/2014,Sat,1600,FC,PE1C,181A ,,R,D,BF,F , ,N,X,50,0,0,1,1821061,5529991
Palmerston North City,04/09/2014,Thu,820,FD,CW1CC,331A 351A ,,R,D,BF,F , ,N,R,50,0,0,0,1821069,5529996
Palmerston North City,16/12/2014,Tue,945,GD,CE1C,181A 512A ,,R,D,B ,F ,T,N,C,50,0,0,0,1823452,5531300
Palmerston North City,04/05/2014,Sun,930,HA,CN2C,302A ,,R,D,BF,F ,X,G,C,50,0,0,0,1820938,5529925
Palmerston North City,16/08/2014,Sat,1910,MC,CW14,372B ,,R,D,DO,F ,X,G,C,50,0,0,0,1820938,5529925
Palmerston North City,19/02/2014,Wed,1730,FC,CE1C,181A 331A ,,R,D,B ,F , , ,X,50,0,0,0,1821626,5530302
Palmerston North City,29/07/2014,Tue,1140,DA,ME1C,108A 111A 131A 514A 691B ,,R,D,B ,F ,T,N,C,50,0,0,1,1823642,5531404
Palmerston North City,04/08/2014,Mon,830,JA,SE1C,308B 377B 839 929 ,,R,D,B ,F ,D, ,C,50,0,0,2,1822616,5530843
Palmerston North City,04/08/2014,Mon,830,MO,CN1CE,351A 371A 440B 929 ,M,R,D,B ,F ,D, ,C,50,0,0,1,1822616,5530843
Palmerston North City,29/03/2014,Sat,1530,HA,CS2C,301A 375A ,,R,D,B ,F ,X,S,C,50,0,0,7,1822589,5530829
Palmerston North City,12/11/2014,Wed,1302,CB,CW1V,197A 353A 801 ,M,R,W,O ,L , , ,C,50,0,0,0,1820259,5529554
Palmerston North City,19/09/2014,Fri,1640,EE,SW1V,374B ,Q,R,D,O ,F , ,N,C,50,0,0,1,1821098,5530012
Palmerston North City,12/05/2014,Mon,1910,CB,CW1,330A 350A ,S,R,W,DO,F , ,N,X,50,0,0,0,1821547,5530258
Palmerston North City,30/06/2014,Mon,750,EA,BE1C,129A ,M,R,D,O ,F ,T,G,C,50,0,0,0,1821733,5530360
Palmerston North City,01/12/2014,Mon,1600,MA,CW1C,373B ,,R,D,B ,F , , ,C,50,0,0,0,1821711,5530349
Palmerston North City,04/09/2014,Thu,824,FA,CW1C,181A 191B ,,R,D,B ,F , , ,C,50,0,0,0,1823032,5531071
Palmerston North City,10/10/2014,Fri,2315,DA,VE1,103A 111A ,F,R,D,DO,F ,X,T,C,50,0,0,0,1822862,5530978
Palmerston North City,12/09/2014,Fri,1710,FD,VW1C,181A 330A 191B ,,R,D,O ,F , ,N,C,50,0,0,0,1822264,5530650
Palmerston North City,30/07/2014,Wed,1605,AO,SE1T,158A ,,R,D,BF,F ,R,G,R,50,0,0,1,1822246,5530641
Palmerston North City,03/08/2014,Sun,1230,FD,CW1C,181A ,,R,W,O ,L , , ,C,50,0,0,0,1821366,5530158
Palmerston North City,07/01/2014,Tue,1740,JA,CW1C,308B 927 ,R,R,D,OO,F ,D, ,C,50,0,0,0,1821392,5530173
Palmerston North City,07/10/2014,Tue,1120,JA,CE1C,112A 514A 926 ,,R,D,O ,F ,D,N,C,50,0,0,2,1821392,5530173
Palmerston North City,02/10/2014,Thu,1817,FE,4E1V,331A ,,R,D,O ,F ,X,T,C,50,0,0,0,1821344,5530146
Palmerston North City,06/06/2014,Fri,1953,MB,VW1C,358B 372B ,,R,D,DO,F ,T,N,C,50,0,0,0,1823408,5531276
Palmerston North City,09/09/2014,Tue,650,EA,CE14,129A 363A 902 ,MT,R,D,B ,F , , ,C,50,0,0,1,1823722,5531449
Palmerston North City,14/02/2014,Fri,1725,FD,CN1V,181A ,,R,D,OF,F ,R,G,N,50,0,0,0,1823043,5529676
Palmerston North City,08/08/2014,Fri,755,HA,CS2C,302A 375A ,,R,W,OF,L ,R,G,R,50,0,0,0,1820497,5528295
Palmerston North City,31/10/2014,Fri,1308,JA,CW1C,300B 375B ,,R,W,OF,L ,T,N,C,50,0,0,0,1822533,5529397
Palmerston North City,07/02/2014,Fri,1545,AA,TW1C,381A 671A ,,R,D,OF,F ,X,T,R,50,0,0,0,1821951,5529080
Palmerston North City,14/10/2014,Tue,1320,MO,CN1C,371A ,M,R,D,B ,F , ,N,C,10,0,0,0,1821973,5529091
Palmerston North City,18/07/2014,Fri,1630,MO,CW1C,385A ,Q,R,D,OF,F ,X,T,R,50,0,0,0,1821937,5529072
Palmerston North City,08/06/2014,Sun,2008,LB,VW1C,303B ,,R,W,DO,L ,X,T,P,50,0,0,1,1821937,5529072
Palmerston North City,14/09/2014,Sun,1130,FB,CN1C,181A 387A ,,M,W,O ,H ,X,T,C,50,0,0,0,1821937,5529072
Palmerston North City,10/12/2014,Wed,1305,EA,TW1CC,663A ,M,R,W,OF,H , ,N,C,50,0,0,0,1821712,5528948
Palmerston North City,25/08/2014,Mon,1826,NB,4E1EE,306A 370A 503A ,,R,D,DO,F , ,N,X,50,1,0,1,1821703,5528943
Palmerston North City,11/03/2014,Tue,1714,HA,CS2C,301A 353A 375A ,,R,D,B ,F ,X,S,N,50,0,0,0,1821747,5528967
Palmerston North City,31/12/2014,Wed,1112,PC,CS1E,311A 371A 927 ,,R,D,O ,F ,D,N,C,50,0,0,0,1822403,5529326
Palmerston North City,01/06/2014,Sun,1330,LB,VE1V,321A ,,R,D,BF,F ,T,S,C,50,0,0,0,1821567,5528869
Palmerston North City,13/03/2014,Thu,1700,LB,CN1C,321A 370A 402A ,,M,D,B ,F ,T,S,R,50,0,0,0,1821567,5528869
Palmerston North City,01/10/2014,Wed,1217,FB,CN1C,331A 387A ,,R,D,B ,F ,R,G,R,50,0,0,0,1822699,5529488
Palmerston North City,17/07/2014,Thu,1300,DA,CE1,111A 131A ,T,R,W,OF,L ,R,G,R,50,0,0,0,1822695,5529481
Palmerston North City,03/10/2014,Fri,1430,JC,CN2C,300B ,,R,D,O ,F ,T,N,C,50,0,0,0,1821314,5528730
Palmerston North City,15/06/2014,Sun,532,MO,CE1,101A 110A 929 ,F,R,D,DN,F ,D,N,N,50,0,0,0,1821885,5530121
Palmerston North City,29/10/2014,Wed,1312,MF,SN1V,371B ,,R,D,BF,F , ,N,R,50,0,0,1,1821923,5529099
Palmerston North City,14/03/2014,Fri,1841,MF,SN1C,372B 927 ,,R,D,TF,  , , ,C,50,0,0,1,1821923,5529099
Palmerston North City,12/11/2014,Wed,1718,FE,CN1CC,410A ,,R,D,OF,L ,X,T,C,50,0,0,0,1821937,5529072
Palmerston North City,09/11/2014,Sun,345,LB,CS1C,103B 303B 375B ,,R,D,DO,F ,X,T,R,50,0,0,0,1821937,5529072
Palmerston North City,27/08/2014,Wed,1731,LB,CN2C,197A 303B 330B 402B ,,R,D,O ,F ,X,T,R,50,0,0,1,1822490,5528063
Palmerston North City,19/02/2014,Wed,810,GB,SN1C,157A 158A ,,E,D,BF,F ,X,T,P,50,0,0,1,1822490,5528063
Palmerston North City,17/08/2014,Sun,1040,GB,MN1C,208A 333A 387A 372B 671B ,,R,D,O ,F ,X,T,R,50,0,0,0,1822490,5528063
Palmerston North City,19/06/2014,Thu,821,MC,MS1V,372B ,,R,D,BF,F , ,N,C,50,0,0,1,1822431,5528170
Palmerston North City,28/04/2014,Mon,1815,EC,CN1,911,W,E,W,DO,F , ,N,C,50,0,0,0,1822309,5528394
Palmerston North City,11/04/2014,Fri,315,ND,CN2E,307A 376A ,,R,W,DO,F ,X,T,R,50,0,0,1,1822285,5528437
Palmerston North City,06/11/2014,Thu,1625,FE,CN1C,331A 801 ,,R,W,O ,L ,X,T,C,50,0,0,0,1822497,5528050
Palmerston North City,16/07/2014,Wed,850,FD,CN1C,181A 385A ,,R,D,BF,F ,X,T,C,50,0,0,0,1822497,5528050
Palmerston North City,06/08/2014,Wed,705,KA,SS1C,302B 353B 402B ,,M,D,O ,F ,X,T,R,50,0,0,1,1822490,5528063
Palmerston North City,15/05/2014,Thu,1902,FB,4W2C,181A 331A ,,E,D,DO,F ,X,T,N,50,0,0,0,1822490,5528063
Palmerston North City,15/02/2014,Sat,1800,MO,CN1C,371A ,,E,D,B ,F , ,N,C,50,0,0,0,1821815,5529296
Palmerston North City,29/11/2014,Sat,455,LB,VS1C,303B 375B 925 ,,R,D,TO,F ,D,N,C,50,0,0,0,1821829,5529270
Palmerston North City,20/12/2014,Sat,824,EA,CS14,129A ,M,R,D,OF,F , ,N,C,50,0,0,0,1821309,5533121
Palmerston North City,26/07/2014,Sat,345,DA,CE1,103A 131A ,C,E,W,DN,F ,T,N,C,50,0,0,1,1823542,5532693
Palmerston North City,14/10/2014,Tue,1120,LB,CW1C,303B 375B 929 ,,R,D,B ,F ,D,N,N,50,0,0,0,1823723,5529046
Palmerston North City,20/03/2014,Thu,1425,EA,CS1C,386A ,M,R,D,B ,F , ,N,C,50,0,0,0,1821518,5529440
Palmerston North City,12/07/2014,Sat,1159,FD,CS1C,181A 331A 402A ,,R,D,O ,F , , ,C,50,0,0,0,1821558,5529368
Palmerston North City,28/09/2014,Sun,1820,CB,VN1,130A 402A ,V,R,D,O ,F , , ,C,100,0,0,0,1817819,5532091
Palmerston North City,22/11/2014,Sat,1904,CC,CN1,130A 357A 524A 801 ,V,R,W,TF,L , , ,C,100,0,0,0,1817507,5532471
Palmerston North City,27/03/2014,Thu,1710,FD,VS1C,181A ,,R,D,OF,F , ,N,C,50,0,0,0,1822706,5530433
Palmerston North City,16/07/2014,Wed,1510,HA,CE1P,302A 375A ,,R,D,OF,F ,R,G,R,50,0,1,0,1822670,5530415
Palmerston North City,30/07/2014,Wed,835,FD,CW1C,181A 181B ,,R,D,O ,F ,T,G,C,50,0,0,0,1822039,5530070
Palmerston North City,06/11/2014,Thu,1345,MD,MN1C,104A 371B 929 ,,R,W,O ,F ,D, ,C,50,0,1,0,1822932,5530556
Palmerston North City,09/05/2014,Fri,1146,MA,VW1C,373B 671B ,,R,W,O ,H ,T,G,C,50,0,0,0,1822448,5530293
Palmerston North City,08/06/2014,Sun,1705,EA,CS1C,129A 130A 507A ,M,R,D,TO,F , , ,P,50,0,0,1,1822350,5530240
Palmerston North City,15/01/2014,Wed,,MC,CW1C,372B ,,R,D,BF,F , , ,C,50,0,0,0,1822172,5530143
Palmerston North City,14/02/2014,Fri,950,FD,VE1C,181A 191B 403B ,,R,D,B ,F , , ,C,50,0,0,0,1822172,5530143
Palmerston North City,04/03/2014,Tue,756,FB,CW1P,331A 353A 387A ,,M,D,OF,F ,T,S,R,50,0,0,1,1822710,5527661
Palmerston North City,08/06/2014,Sun,900,DA,CW1,111A 131A ,F,M,D,O ,F ,T,S,C,100,0,0,0,1828865,5534065
Palmerston North City,15/08/2014,Fri,910,EA,CW1C,386A ,M,R,D,B ,F , ,N,N,50,0,0,0,1819608,5530692
Palmerston North City,21/08/2014,Thu,1605,HA,SE2C,301B 353B 375B ,,R,D,BF,F ,X,S,C,50,0,0,0,1822589,5530829
Palmerston North City,09/12/2014,Tue,1333,JA,CS1C,375B ,,M,D,OF,F ,T,N,C,50,0,0,0,1819573,5529231
Palmerston North City,14/09/2014,Sun,1200,GB,CN1V,158A 333A 801 929 ,,R,W,O ,L ,D,N,C,50,0,0,0,1819415,5529389
Palmerston North City,20/09/2014,Sat,1230,CA,CS1,130A 197A ,F,R,W,O ,HS,T,G,C,50,0,0,0,1819419,5529385
Palmerston North City,30/04/2014,Wed,745,AO,VS1C,150A 381A ,,R,D,O ,F , ,N,C,50,0,0,0,1819347,5529464
Palmerston North City,23/11/2014,Sun,1115,BF,CS1C,131A 514A 197B ,JKV,E,D,B ,F , , ,C,50,0,0,0,1819742,5528957
Palmerston North City,06/02/2014,Thu,2125,DB,CS1,131A 386A 402A ,V,E,D,DN,F , , ,C,100,0,0,1,1832780,5535367
Palmerston North City,07/11/2014,Fri,1700,MO,CE1C,371A ,M,R,D,BF,F , ,N,C,50,0,0,0,1823716,5531193
Palmerston North City,16/01/2014,Thu,10,CB,CS1,130A ,FTX,R,D,DO,F , ,N,C,50,0,0,0,1825779,5533406
Palmerston North City,11/06/2014,Wed,1507,MD,ME1C,204A 370A 308B 371B 903 929 ,,E,D,O ,FS,D, ,N,50,0,0,0,1823453,5526362
Palmerston North City,11/11/2014,Tue,1744,DB,CN1C,131A 191B ,,M,D,O ,F , , ,C,50,0,0,0,1820832,5531321
Palmerston North City,01/05/2014,Thu,1800,GE,4S1C,333A 929 ,,E,D,OF,F ,D,N,C,50,0,0,0,1823147,5527744
Palmerston North City,01/05/2014,Thu,2140,GB,CS1V,172B 372B 927 ,,E,D,DO,F ,D,N,C,50,0,0,0,1820707,5531498
Palmerston North City,21/08/2014,Thu,1150,MC,CS1C,372B ,,R,D,O ,F ,T,G,R,50,0,0,0,1821455,5532466
Palmerston North City,12/06/2014,Thu,1205,AO,CW1T,197A ,,E,D,O ,F , , ,R,50,0,0,0,1820682,5531424
Palmerston North City,23/01/2014,Thu,930,MO,TW1V,330A 929 ,,R,D,BF,FS,D,N,N,50,0,0,0,1821069,5528740
Palmerston North City,17/11/2014,Mon,2350,DB,CW1,111A 131A ,E,M,W,DN,L , , ,C,100,0,0,2,1822087,5520246
Palmerston North City,18/05/2014,Sun,410,DB,CS1,103A 131A 904 ,EF,E,D,DN,M , , ,C,100,0,0,0,1822169,5521964
Palmerston North City,16/09/2014,Tue,2155,DB,CN2,136A 650A ,FJ,R,W,DO,L ,T,G,C,50,0,0,0,1824613,5531586
Palmerston North City,12/11/2014,Wed,1750,CA,TW1,326A ,G,R,W,O ,F ,T,T,R,50,0,0,0,1823563,5537656
Palmerston North City,08/07/2014,Tue,2013,QG,CN2,103A 111A 131A 680A ,,R,W,DO,L ,T,G,C,50,0,0,0,1824152,5532623
Palmerston North City,26/11/2014,Wed,1000,BA,4N1C,129A 205A 434A 357B ,,R,D,B ,F , , ,N,50,0,0,0,1823900,5531018
Palmerston North City,17/03/2014,Mon,1500,FB,TS1C,331A ,,R,D,O ,F ,T,G,R,50,0,0,0,1823394,5530345
Palmerston North City,12/06/2014,Thu,1415,DA,CE2,111A 131A ,T,S,D,OF,F , ,N,C,50,0,0,0,1823965,5532074
Palmerston North City,20/02/2014,Thu,900,CB,CS1CMC,354A ,M,R,D,B ,F , , ,C,50,0,0,0,1824448,5531209
Palmerston North City,03/06/2014,Tue,1415,BO,CS1V,170A 201A 430A ,,S,D,B ,F ,R,G,R,50,0,0,0,1824500,5531135
Palmerston North City,26/02/2014,Wed,855,CB,CW1C,350A ,M,R,D,B ,F , , ,C,70,0,0,1,1825206,5533204
Palmerston North City,13/08/2014,Wed,1445,KB,CS1V,308B 378B 930 ,,R,D,B ,F ,D, ,N,50,0,0,0,1824294,5532700
Palmerston North City,08/08/2014,Fri,1547,HA,CN2V,301A 353A ,,R,W,OF,F ,X,S,L,80,0,1,0,1826633,5533984
Palmerston North City,01/06/2014,Sun,819,DA,CS1,130A 402A 412A ,CFX,E,D,B ,F , , ,N,50,0,0,0,1820377,5527995
Palmerston North City,19/06/2014,Thu,1242,JA,CN1C,302B 327B 514B ,,E,D,B ,F ,T,G,N,50,0,0,0,1820372,5527968
Palmerston North City,17/03/2014,Mon,1804,DA,CS1,133A 405A 423A ,H,M,D,BF,F ,R,G,R,50,0,0,2,1823138,5530858
Palmerston North City,21/08/2014,Thu,1320,CC,CS1,130A 355A 423A ,F,R,D,O ,F ,R,G,C,50,0,0,0,1824137,5530415
Palmerston North City,12/03/2014,Wed,1535,HA,SN2C,301B 353B 402B ,,R,D,B ,F ,X,S,C,50,0,0,1,1821921,5528649
Palmerston North City,05/05/2014,Mon,2200,DA,CW2T,111A 131A ,M,R,W,DO,L ,X,S,C,50,0,0,0,1821747,5528967
Palmerston North City,20/05/2014,Tue,845,PD,CE1E,722B 727B ,,R,D,B ,F , ,N,C,50,0,0,1,1822004,5528500
Palmerston North City,02/12/2014,Tue,300,CB,VN1,129A 410A ,V,R,D,DN,F , ,N,C,100,0,0,1,1815210,5530319
Palmerston North City,03/08/2014,Sun,1650,JA,CN1C,301B 375B 801 ,K,R,W,O ,L ,X,S,C,100,0,0,1,1816675,5528540
Palmerston North City,19/07/2014,Sat,350,LB,CS1C,330A 303B ,,R,D,DO,F ,M,G,C,50,0,0,0,1820709,5528870
Palmerston North City,28/03/2014,Fri,1420,GD,CW1C,181A 926 ,,R,D,BF,F ,D,N,C,50,0,0,0,1821484,5529306
Palmerston North City,03/10/2014,Fri,2239,MG,CW1C,371B ,,R,D,DO,F ,T,N,C,50,0,0,0,1821567,5529350
Palmerston North City,03/08/2014,Sun,1440,MG,CS14,201A 355A 386A ,,M,D,O ,F ,R,G,N,50,0,0,0,1821842,5529482
Palmerston North City,16/04/2014,Wed,1025,HA,VS2C,322A 334A ,,R,W,O ,F ,X,T,R,50,0,0,0,1821342,5529209
Palmerston North City,28/02/2014,Fri,710,CC,CE1,350A 501A ,IK,R,D,BF,F ,X,T,R,50,0,0,0,1821342,5529209
Palmerston North City,08/12/2014,Mon,1743,FB,4W1C,181A 353A 387A ,,E,D,BF,F ,X,T,R,50,0,0,0,1821342,5529209
Palmerston North City,17/04/2014,Thu,1420,MO,CE1C,330A 371A 371B ,,R,W,O ,F , ,N,R,50,0,0,0,1822047,5529608
Palmerston North City,11/03/2014,Tue,852,GF,MW1V,157A 381A ,,E,D,B ,F ,T,G,C,50,0,0,0,1822170,5532122
Palmerston North City,12/05/2014,Mon,607,BE,CE1T,130A ,K,R,D,TO,F , , ,C,50,0,0,0,1824742,5532790
Palmerston North City,29/01/2014,Wed,1149,JA,CE1C,302B 375B ,,E,D,B ,F ,T,G,C,50,0,0,0,1824968,5532766
Palmerston North City,01/09/2014,Mon,805,CB,CW1,410A ,C,R,D,B ,F , , ,C,50,0,0,0,1820042,5531342
Palmerston North City,05/07/2014,Sat,926,BF,VS2C,122A 131A ,,E,W,O ,F ,T,G,R,50,0,0,0,1824613,5531586
Palmerston North City,08/07/2014,Tue,440,CA,MN1,350A ,,R,D,DO,F ,T,G,C,50,0,0,1,1824613,5531586
Palmerston North City,15/05/2014,Thu,600,HA,CW2C,302A ,,E,D,DO,M ,R,G,R,50,0,0,0,1821664,5532740
Palmerston North City,14/08/2014,Thu,845,MD,VS1C,371B 386B ,,R,D,O ,F , ,N,C,50,0,0,0,1821558,5532855
Palmerston North City,13/10/2014,Mon,830,FE,CS1C,181A 330A ,,R,D,B ,F ,T,T,C,50,0,0,0,1822144,5532154
Palmerston North City,07/06/2014,Sat,1535,EA,CS1C,129A ,M,R,D,O ,F , , ,C,50,0,0,1,1821390,5533057
Palmerston North City,11/04/2014,Fri,1553,JA,4N14,302B ,,R,D,O ,F ,X,G,C,50,0,0,0,1821325,5533133
Palmerston North City,05/01/2014,Sun,409,CC,CN1,130A 402A 801 ,FT,R,W,DO,L , , ,C,50,0,0,1,1821483,5532946
Palmerston North City,17/03/2014,Mon,814,FD,CS1C,181A ,,R,D,OF,F , ,N,C,50,0,0,1,1822429,5531810