TLANAME,CRASHDATE,CRASHDOW,CRASHTIME,MVMT,VEHICLES,CAUSES,OBJECTSSTRUCK,ROADCURVE,ROADWET,LIGHT,WTHRa,JUNCTYPE,TRAFCTRL,ROADMARK,SPDLIM,CRASHFATALCNT,CRASHSEVCNT,CRASHMINCNT,EASTING,NORTHING
Palmerston North City,09/12/2014,Tue,1640,JA,CS24,302B 330B ,,R,D,O ,F ,T,G,R,50,0,0,0,1822441,5531794
Palmerston North City,26/04/2014,Sat,1330,MO,CW1C,386A 929 ,M,R,D,O ,F ,D,N,N,50,0,0,0,1820730,5530454
Palmerston North City,30/04/2014,Wed,1554,JA,CN1C,375B ,,R,D,OF,F , ,N,N,50,0,0,0,1818959,5529534
Palmerston North City,21/12/2014,Sun,1310,GB,CS1C,175B ,F,R,D,OF,F ,X,G,C,50,0,0,0,1819323,5528538
Palmerston North City,27/08/2014,Wed,1630,DB,CS2C,111A 131A 402A ,,R,D,B ,F ,X,G,C,50,0,0,0,1834103,5536100
Palmerston North City,15/04/2014,Tue,840,EA,CW1C,129A 358A ,M,R,D,B ,F , ,N,C,50,0,0,0,1821564,5530101
Palmerston North City,20/07/2014,Sun,900,BF,VW24,101A 111A 133A ,,R,D,O ,F ,T,G,C,50,0,0,1,1821582,5530278
Palmerston North City,04/06/2014,Wed,1100,JA,CN1C,197A 303B 375B 402B ,,R,D,O ,F ,T,N,C,50,0,0,2,1821652,5530149
Palmerston North City,19/12/2014,Fri,1040,KA,CN1C,197A 303B 330B ,,R,D,O ,F ,T,N,C,50,0,0,0,1821652,5530149
Palmerston North City,22/06/2014,Sun,2040,BE,CE1C,103A 129A ,,R,D,DN,F , ,N,C,100,0,0,2,1817115,5528778
Palmerston North City,17/12/2014,Wed,1020,HA,VS1C,301A 375A ,,R,D,O ,F ,X,S,R,100,0,0,0,1816675,5528540
Palmerston North City,07/11/2014,Fri,1830,LB,CS1C,352B 375B ,,R,D,OF,F ,T,G,C,50,0,0,0,1822501,5525865
Palmerston North City,28/12/2014,Sun,5,DB,MS2,111A 131A ,,R,D,DO,F ,T,G,C,50,0,0,1,1834205,5536465
Palmerston North City,04/04/2014,Fri,1550,DA,CS1,111A 116A ,,M,D,B ,F , ,N,N,100,0,0,0,1826961,5526738
Palmerston North City,12/02/2014,Wed,1130,DA,CN1,111A 131A 800 ,ET,E,W,O ,F , , ,C,100,0,0,0,1830810,5522941
Palmerston North City,11/12/2014,Thu,1650,DA,CW1,135A 806 ,,M,W,ON,F , ,N,C,100,0,0,0,1829120,5524284
Palmerston North City,30/01/2014,Thu,1740,GD,CS1C,331A 353A ,,M,D,BN,F ,T,G,C,100,0,0,0,1826359,5527110
Palmerston North City,25/05/2014,Sun,1230,BF,CS14,135A 804 ,,M,D,O ,F , , ,C,100,0,0,0,1831335,5522559
Palmerston North City,27/05/2014,Tue,1525,HA,CE1C,302A 375A ,,R,D,O ,F ,X,G,C,50,0,0,0,1822582,5528472
Palmerston North City,28/09/2014,Sun,2135,HA,CN24,334A 334B ,,R,W,DO,L ,X,T,P,50,0,0,0,1822285,5528437
Palmerston North City,27/11/2014,Thu,1617,BE,CE1C,410A ,,R,D,B ,F , , ,C,50,0,0,0,1821003,5527734
Palmerston North City,10/07/2014,Thu,1017,LB,CW1V,303B 353B 927 ,,R,D,OF,F ,D,N,C,50,0,0,0,1821504,5528009
Palmerston North City,12/06/2014,Thu,1924,LB,CS1C,303B 370B ,,R,D,DO,F ,T,G,C,50,0,0,2,1821582,5528052
Palmerston North City,23/05/2014,Fri,1800,KB,CN1V,308B 377B 801 839 927 ,,R,W,DO,L ,D, ,C,50,0,0,0,1820729,5529362
Palmerston North City,18/05/2014,Sun,323,CB,CW1,103A ,P,R,D,DO,F ,T,N,C,50,0,0,0,1819416,5529046
Palmerston North City,27/11/2014,Thu,850,EA,BE1C,129A ,M,M,D,O ,F ,T,G,C,50,0,0,0,1824983,5532536
Palmerston North City,27/04/2014,Sun,1405,AA,SW1C,353A 372A ,,R,D,B ,F , , ,C,50,0,1,0,1825009,5532550
Palmerston North City,18/12/2014,Thu,1219,DA,CE1,131A 353A 402A ,T,E,D,O ,F , , ,N,100,0,0,1,1825283,5528964
Palmerston North City,05/07/2014,Sat,330,CB,CW1,130A 410A ,V,R,D,DN,F ,T,N,C,100,0,0,0,1819068,5527967
Palmerston North City,28/03/2014,Fri,1510,MO,VW1S,312B 355B 370B ,,R,D,B ,F , , ,R,50,0,0,1,1820395,5528685
Palmerston North City,16/10/2014,Thu,2120,FA,CE1C,331A 358A ,S,R,D,DO,F , ,N,C,50,0,0,0,1820254,5528612
Palmerston North City,05/09/2014,Fri,1010,FB,CE1C,331A 353A ,,E,D,OF,F ,X,T,C,50,0,0,0,1820306,5528642
Palmerston North City,05/11/2014,Wed,740,LB,4N1C,303B 370B ,,R,D,O ,F ,X,T,R,50,0,0,1,1820306,5528642
Palmerston North City,09/12/2014,Tue,1737,JA,VW1C,302B 377B ,,R,D,OF,F ,T,G,C,50,0,0,0,1819312,5528098
Palmerston North City,16/01/2014,Thu,854,DA,CE1,131A 925 ,E,R,D,OF,F ,D, ,R,50,0,0,0,1820603,5528812
Palmerston North City,05/09/2014,Fri,1215,JA,CW1C,308B 377B 839 927 ,,R,D,OF,F ,D,N,R,50,0,0,1,1820450,5528715
Palmerston North City,24/11/2014,Mon,1845,HA,SE1C,302B 363B 375B 902 ,,R,D,B ,F ,X,G,R,50,0,0,1,1820714,5528859
Palmerston North City,20/12/2014,Sat,1240,QD,CN1,428A 610A ,F,R,D,B ,F , ,N,C,50,0,0,0,1821484,5529023
Palmerston North City,16/06/2014,Mon,1413,HA,CW24,322B ,,R,D,BF,F ,X,T,C,50,0,0,0,1821436,5529111
Palmerston North City,12/05/2014,Mon,1821,AA,CS1C,372A ,,R,D,DO,F , ,N,C,50,0,0,0,1821257,5529360
Palmerston North City,06/11/2014,Thu,1735,MC,CS1C,331A 372B ,,R,W,O ,F , , ,R,50,0,0,0,1821520,5528957
Palmerston North City,18/08/2014,Mon,1300,HA,CS1C,322A ,,R,D,O ,F ,X,T,P,50,0,0,0,1821342,5529209
Palmerston North City,25/05/2014,Sun,2100,DA,CW1,135A 802 803 903 ,,M,I,DN,SS, , ,C,70,0,0,0,1825048,5527101
Palmerston North City,11/03/2014,Tue,1222,MO,CN1C,385A ,M,R,D,BF,F , ,N,C,50,0,0,0,1822128,5529603
Palmerston North City,04/09/2014,Thu,1537,FF,CS1C,331A 350A ,,R,D,OF,F ,X,T,R,50,0,0,0,1822176,5529516
Palmerston North City,24/10/2014,Fri,1430,KC,4E2C,315B 801 ,,R,W,O ,L ,X,T,P,50,0,0,0,1822176,5529516
Palmerston North City,06/05/2014,Tue,1240,AC,CS1C,372A 671A ,,R,D,B ,F , , ,C,50,0,0,0,1822215,5529446
Palmerston North City,19/05/2014,Mon,1348,JA,CS1C,308B 370B 402B 924 ,,E,D,B ,F ,D, ,P,50,0,0,0,1822295,5529301
Palmerston North City,02/05/2014,Fri,1630,JA,SS1C,308B 375B 924 ,,R,D,B ,F ,D,N,C,10,0,0,0,1822309,5529274
Palmerston North City,26/03/2014,Wed,1248,GC,MW1C,174B 372B 929 ,,R,D,BF,F ,D,N,C,50,0,0,1,1822626,5531497
Palmerston North City,18/11/2014,Tue,1323,MC,CE14,372B ,,R,D,BF,F , ,N,C,50,0,0,0,1821673,5529764
Palmerston North City,29/10/2014,Wed,1715,AO,TW1C,386A ,,R,D,OF,F , ,N,C,50,0,0,0,1821673,5529764
Palmerston North City,07/10/2014,Tue,1645,DA,MW1,131A 386A ,,M,D,B ,F ,R,G,C,50,0,0,1,1823034,5532894
Palmerston North City,18/08/2014,Mon,49,DB,CS1,129A 410A ,CF,E,D,DN,F , ,N,C,70,1,0,0,1823559,5533388
Palmerston North City,15/08/2014,Fri,227,AD,4S1C,130A 410A ,,R,D,DN,F , , ,C,80,0,0,0,1823697,5535690
Palmerston North City,03/02/2014,Mon,340,CB,CN1,101A 359A ,F,R,D,DN,F , ,N,C,100,0,0,1,1823627,5534363
Palmerston North City,26/10/2014,Sun,530,DA,CW1,103A 131A 402A ,IK,E,D,DO,F ,R,G,R,100,0,0,0,1823077,5532916
Palmerston North City,18/12/2014,Thu,1747,EC,CN1,827,D,R,D,OF,F , ,N,C,100,0,0,0,1823731,5536331
Palmerston North City,16/09/2014,Tue,1250,JA,CN1C,308B 314B 377B 922 ,,R,D,BF,F ,D,N,C,50,0,0,0,1823429,5532257
Palmerston North City,11/11/2014,Tue,1445,AC,CN1C,159A 801 ,,R,W,O ,L , , ,C,50,0,0,0,1823426,5532261
Palmerston North City,13/04/2014,Sun,1815,MO,CW1,371A 929 ,J,R,W,DO,L ,D,N,C,50,0,0,0,1823583,5530979
Palmerston North City,27/03/2014,Thu,840,HA,CE1S,302A 375A ,,M,D,BF,F ,R,G,R,50,0,0,0,1823636,5531008
Palmerston North City,11/05/2014,Sun,1030,MO,BN1C,372A ,,R,D,B ,F ,T,N,C,50,0,0,0,1821633,5529630
Palmerston North City,10/02/2014,Mon,1115,FD,CS1CC,181A 353A ,,R,D,O ,F ,M,T,C,50,0,0,1,1821583,5529721
Palmerston North City,07/10/2014,Tue,1440,FA,CN1C,181A 350A ,,R,D,B ,F ,X,T,C,50,0,0,0,1821546,5529789
Palmerston North City,17/09/2014,Wed,1713,NB,CN1E,712B 713B ,,R,D,TF,F , , ,R,50,0,0,1,1821555,5529771
Palmerston North City,07/10/2014,Tue,1015,GF,BS1C,129A 370A ,,R,D,B ,F ,T,T,R,50,0,0,0,1821675,5529551
Palmerston North City,08/09/2014,Mon,940,MO,CW2S,322B ,,R,D,O ,F ,T,T,R,50,0,0,0,1821675,5529551
Palmerston North City,21/02/2014,Fri,15,DA,CN1,103A 111A 131A ,H,M,D,DO,F , ,N,C,50,0,2,0,1824463,5532240
Palmerston North City,05/05/2014,Mon,2120,DA,CE1,111A 131A ,T,M,W,DO,F , , ,C,50,0,0,0,1824486,5532260
Palmerston North City,20/09/2014,Sat,1205,DA,VS1C,131A 801 ,M,S,W,O ,L , , ,C,50,0,0,0,1824725,5532401
Palmerston North City,04/06/2014,Wed,1815,DA,CW1,131A 363A ,F,M,D,DN,F , , ,N,100,0,0,0,1821847,5533663
Palmerston North City,08/03/2014,Sat,232,DB,CW1,103A 111A 134A ,GV,M,D,DN,F , ,N,C,100,0,0,1,1821947,5533660
Palmerston North City,29/10/2014,Wed,1700,JA,CN1C,308B 387B 927 ,,M,W,OF,L ,D,N,P,100,0,0,0,1823601,5534502
Palmerston North City,13/11/2014,Thu,1505,JA,CS1C,301B 375B ,,R,D,OF,F ,X,S,C,100,0,0,2,1823632,5534463
Palmerston North City,19/12/2014,Fri,2340,CB,CN1,129A ,,R,D,DN,M , ,N,C,100,0,0,0,1823326,5534843
Palmerston North City,04/11/2014,Tue,1705,HA,CN1V,302B ,,R,D,O ,F ,X,G,C,100,0,0,1,1823345,5534820
Palmerston North City,03/09/2014,Wed,600,HA,CS1PC,302A ,,E,D,DO,F ,R,G,R,50,0,1,0,1825313,5532179
Palmerston North City,01/03/2014,Sat,2349,MG,CS1C,512B 514B ,,R,D,DO,F , ,N,N,50,0,0,0,1819794,5527560
Palmerston North City,01/11/2014,Sat,1600,MO,CW1,133A 402A 423A 929 ,F,R,D,ON,F ,D,N,N,50,0,0,0,1823904,5528528
Palmerston North City,07/07/2014,Mon,845,EA,CE1C,129A 902 ,MT,E,D,B ,F ,T,N,N,50,0,0,1,1825489,5531738
Palmerston North City,19/09/2014,Fri,1210,MC,CS1C,372B ,,R,D,O ,F , , ,P,50,0,0,0,1823200,5530363
Palmerston North City,18/09/2014,Thu,2345,HA,CE1C,302A 375A ,,R,W,DO,H ,R,G,C,50,0,0,0,1823318,5530150
Palmerston North City,01/08/2014,Fri,1942,CA,MN1,132A ,I,R,D,DO,F ,R,G,R,50,0,0,0,1823322,5530150
Palmerston North City,29/10/2014,Wed,1650,FD,CN14X,181A 181B ,,R,W,O ,L ,T,N,R,50,0,0,0,1822770,5531148
Palmerston North City,29/10/2014,Wed,1700,FD,CS1C,181A 352A 800 ,,R,W,O ,F , , ,R,50,0,0,0,1822719,5531241
Palmerston North City,07/04/2014,Mon,1405,FD,4N1CC,331A 358A ,,R,D,O ,F , , ,C,50,0,0,0,1822887,5530934
Palmerston North City,09/03/2014,Sun,1250,FD,CN14C,331A ,,R,D,B ,F , , ,C,50,0,0,0,1822911,5530890
Palmerston North City,19/02/2014,Wed,1641,FD,VN1V,331A ,,R,D,B ,F , , ,C,50,0,0,0,1822935,5530847
Palmerston North City,19/02/2014,Wed,1640,FD,VN1C,331A 352A ,,R,D,B ,F , , ,C,50,0,0,0,1822935,5530847
Palmerston North City,18/06/2014,Wed,750,GA,CN1C,181A ,,E,D,O ,F ,X,T,C,50,0,0,0,1822862,5530978
Palmerston North City,23/10/2014,Thu,1542,AO,CS1V,386A ,,R,D,O ,F ,X,T,C,50,0,0,0,1822862,5530978
Palmerston North City,03/02/2014,Mon,1326,LB,TN1C,303B 350B ,,R,D,B ,F ,X,T,R,50,0,0,1,1822862,5530978
Palmerston North City,02/09/2014,Tue,1300,HA,CN1C,322A 334A ,,R,D,B ,F ,X,T,P,50,0,0,0,1822862,5530978
Palmerston North City,10/08/2014,Sun,1624,KA,CS1C,111A 434A 514A 517A ,,S,D,B ,F ,R,G,R,50,0,0,0,1823455,5529900
Palmerston North City,21/06/2014,Sat,1830,HA,CW2V,302A ,,E,W,DO,L ,R,G,R,50,0,0,0,1823455,5529900
Palmerston North City,19/05/2014,Mon,1400,FD,CS1C,331A 350A ,,R,D,BF,F , ,N,P,50,0,0,0,1823072,5530598
Palmerston North City,19/10/2014,Sun,1115,NA,CN1,711B ,,R,W,O ,L , , ,P,50,0,0,1,1823001,5530725
Palmerston North City,27/11/2014,Thu,1627,LB,SS14,204A 303B 382B 930 ,,R,D,OF,F ,D,N,C,50,0,0,1,1822622,5531420
Palmerston North City,01/08/2014,Fri,1500,JA,CS1C,302B ,,R,D,OF,F ,T,G,C,50,0,0,0,1822591,5531477
Palmerston North City,29/10/2014,Wed,1644,FD,CN1C,181A 331A 351A ,,R,W,O ,L ,T,T,R,50,0,1,1,1822722,5531235
Palmerston North City,30/07/2014,Wed,1900,NB,CN1E,306A 330A 724B 903 ,,R,W,DO, S,T,N,X,50,0,1,0,1822722,5531235
Palmerston North City,29/05/2014,Thu,1500,NB,4N1E,713B 717B 718B 801 ,,E,W,O ,L ,T,P,X,50,0,0,1,1822720,5531240
Palmerston North City,09/07/2014,Wed,920,FD,VN1CCC,181A ,,E,W,OF,L , ,N,R,50,0,0,0,1822710,5531257
Palmerston North City,20/08/2014,Wed,1525,FD,VN1V,331A 363A 902 ,,R,D,B ,F , , ,C,50,0,0,0,1822517,5531618
Palmerston North City,22/12/2014,Mon,1922,HA,CN1C,300A ,,R,D,TF,F ,X,T,C,50,0,0,2,1822470,5531706
Palmerston North City,14/02/2014,Fri,544,DB,CW1,103A 111A 131A ,CX,E,W,DO,L , , ,C,50,0,0,0,1823232,5526889
Palmerston North City,16/08/2014,Sat,1720,MD,CE1V,308B 371B 929 ,,E,D,B ,F ,D,N,C,50,0,0,0,1819568,5527866
Palmerston North City,05/12/2014,Fri,1705,MO,CW1C,357A 512A ,,E,D,OF,F ,T,G,C,50,0,0,0,1819848,5527883
Palmerston North City,17/08/2014,Sun,30,DA,CS1C,101A 111A 131A 514A ,T,S,D,DO,F ,T,N,C,50,0,0,2,1819938,5527963
Palmerston North City,10/06/2014,Tue,900,GD,CN1C,333A 358A 403A ,,R,W,O ,F ,X,G,C,50,0,0,0,1822023,5531046
Palmerston North City,21/08/2014,Thu,1536,DA,MN1,111A 514A ,,E,D,BF,F , ,N,C,50,0,0,0,1821913,5531250
Palmerston North City,16/07/2014,Wed,1355,HA,CN1C,302B 375B ,,R,D,OF,F ,X,G,C,50,0,0,0,1834461,5536488
Palmerston North City,16/01/2014,Thu,1510,MO,CE1C,371A 370B ,,R,D,OF,F , , ,N,50,0,0,0,1821240,5528157
Palmerston North City,07/10/2014,Tue,1520,MD,4E1C,371B 929 ,,R,D,BF,F ,D,N,N,50,0,0,0,1822249,5532060
Palmerston North City,31/01/2014,Fri,1445,DA,CN1,131A 402A 423A 929 ,F,M,D,OF,  ,D, ,C,50,0,0,0,1820191,5529869
Palmerston North City,10/08/2014,Sun,105,DB,CE2,111A 131A 402A ,FP,E,D,DO,F ,T,G,C,50,0,0,0,1820341,5529598
Palmerston North City,07/08/2014,Thu,628,EA,CS1C,129A 350A 818 ,M,R,D,DO,F ,X,G,C,50,0,0,0,1820165,5529918
Palmerston North City,18/09/2014,Thu,1315,BB,CE2C,124A ,,R,W,O ,L ,T,G,C,50,0,0,0,1823232,5533063
Palmerston North City,31/10/2014,Fri,908,EA,CW1CC,129A 352A ,MM,E,W,OF,L ,T,S,C,100,0,1,0,,
Palmerston North City,30/09/2014,Tue,41,DA,CN1,111A 131A 402A ,FP,R,D,DO,F ,R,G,R,50,0,0,0,1820312,5529199
Palmerston North City,20/09/2014,Sat,545,CC,4N1,133A ,F,R,D,DO,F , , ,C,50,0,0,0,1820347,5529117
Palmerston North City,23/07/2014,Wed,840,LB,CN1C,303B 375B ,,E,D,OF,F ,T,G,N,50,0,0,2,1823856,5532250
Palmerston North City,28/03/2014,Fri,130,MO,CN1C,410A 517A ,FM,R,W,DN,F , ,N,N,100,0,0,0,1817517,5527017
Palmerston North City,23/10/2014,Thu,1515,MO,CW1C,386A ,M,R,D,O ,F , , ,C,50,0,0,0,1820201,5526949
Palmerston North City,13/02/2014,Thu,2030,JA,SS1C,302B 375B ,,R,D,TO,F ,T,G,C,50,0,1,0,1819535,5526703
Palmerston North City,16/05/2014,Fri,1840,LB,MW1C,303B 375B 929 ,,R,D,DO,F ,D,N,C,50,0,1,0,1820260,5526980
Palmerston North City,02/11/2014,Sun,1643,EA,CW1CC,103A 129A ,M,R,D,O ,F , , ,C,50,0,0,0,1819313,5529614
Palmerston North City,19/02/2014,Wed,2010,BB,TN1C,123A 385A 818 ,,M,D,DN,F ,T,G,C,50,0,0,0,1823838,5537338
Palmerston North City,05/02/2014,Wed,1830,MD,CN1C,371B 929 ,,R,D,BN,F ,D,N,C,100,0,0,0,1826568,5534061
Palmerston North City,07/04/2014,Mon,1502,GD,CS1C,133A 930 ,,R,D,BN,F ,D,N,C,70,0,0,2,1827402,5532600
Palmerston North City,29/01/2014,Wed,902,FD,CN1C,181A 330A ,,E,D,B ,F , ,N,N,70,0,0,0,1822757,5527031
Palmerston North City,06/04/2014,Sun,710,FA,TS1S,363A 902 ,,R,D,B ,F , , ,C,70,1,0,0,1822920,5526888
Palmerston North City,19/12/2014,Fri,1335,DB,CS1,111A 131A ,T,R,D,OF,F ,T,N,C,50,0,1,0,1824489,5532659
Palmerston North City,20/05/2014,Tue,1630,MO,CS1C,353A 371A ,,R,D,O ,F ,X,G,C,50,0,0,0,1821393,5529718
Palmerston North City,16/01/2014,Thu,1530,HA,CS2S,302A 375A ,,M,D,BF,F ,R,G,R,50,0,0,0,1823613,5528685
Palmerston North City,04/03/2014,Tue,1535,AC,CE1S,372A 671A ,,R,D,B ,F , , ,C,50,0,0,0,1823102,5528400
Palmerston North City,14/06/2014,Sat,1647,QG,CW1C,136A 615A ,M,R,D,TO,F , ,N,C,50,0,0,0,1822641,5528147
Palmerston North City,04/08/2014,Mon,2315,DA,CS1,111A 131A 402A 407A ,EFZ,E,D,DN,F , , ,N,100,0,0,0,1828943,5532934
Palmerston North City,21/05/2014,Wed,2150,FA,CW1M,137A 197A ,F,R,W,DN,F ,X,G,C,100,0,0,0,1822957,5537149
Palmerston North City,04/12/2014,Thu,2250,CA,VN1,103A 130A 414A 801 903 ,,R,W,DO,LS, , ,C,70,0,0,1,1821888,5525886
Palmerston North City,26/02/2014,Wed,800,AA,CW1C,159A 381A ,,R,D,O ,F , , ,C,100,0,0,0,1822611,5526995
Palmerston North City,27/11/2014,Thu,,CB,CN1,112A 130A ,TV,R,D,DO,F , ,N,R,70,1,0,1,1821977,5526532
Palmerston North City,28/11/2014,Fri,1305,JA,4S1S,321B 335B 353B 901 ,,R,W,O ,H ,T,S,R,70,0,0,1,1822033,5526618
Palmerston North City,12/08/2014,Tue,1940,JA,CS1C,301B 375B 402B ,,E,W,DO,F ,T,S,R,70,0,0,1,1822033,5526618
Palmerston North City,28/06/2014,Sat,208,DA,CS1,103A 111A 131A ,FP,E,W,DO,F ,T,G,C,70,0,0,0,1821847,5525842
Palmerston North City,31/10/2014,Fri,1805,QG,CS1,130A 680A 903 ,,E,D,O ,FS, , ,C,100,0,0,0,1820779,5524442
Palmerston North City,08/10/2014,Wed,1630,FD,4E1C,110A 181A ,,R,W,O ,L , , ,C,100,0,0,0,1821399,5525479
Palmerston North City,12/09/2014,Fri,2155,DA,CW1,111A 131A ,S,E,W,DO,L , ,N,C,70,0,0,0,1822665,5526993
Palmerston North City,29/04/2014,Tue,1326,AC,CE1T,407A ,,R,D,BF,F , ,N,C,70,0,0,0,1822002,5526606
Palmerston North City,13/07/2014,Sun,15,BE,CS1C,103A 125A ,,R,D,DO,F ,T,T,R,50,0,0,0,1821770,5529592
Palmerston North City,08/05/2014,Thu,1528,NE,CE1E,711B 732B ,I,E,D,B ,F ,T,T,R,50,0,0,1,1821765,5529601
Palmerston North City,11/12/2014,Thu,1315,FD,CN1C,181A 331A ,Q,R,D,OF,F , ,N,C,50,0,0,0,1821886,5529380
Palmerston North City,18/12/2014,Thu,1715,FC,CS1C,181A ,,E,D,OF,F ,R,G,X,50,0,0,0,1821823,5529493
Palmerston North City,17/05/2014,Sat,100,CA,CS1,410A ,J,R,D,DO,F , , ,R,50,0,0,0,1821841,5529461
Palmerston North City,28/09/2014,Sun,2150,EC,CW1,911,W,R,D,DO,F , , ,C,50,0,0,0,1818458,5529509
Palmerston North City,24/09/2014,Wed,1630,HA,CW1C,302A 387A ,,M,D,BF,F ,R,G,R,50,0,0,0,1819511,5530086
Palmerston North City,14/05/2014,Wed,1210,GB,PE1C,333A 362A 929 ,,R,D,O ,F ,D,N,C,50,0,0,0,1819331,5529985
Palmerston North City,11/09/2014,Thu,2230,CC,CW1,112A 132A 191A 351A ,,R,D,DO,F , ,N,C,50,0,0,0,1819957,5530326
Palmerston North City,10/12/2014,Wed,1500,GD,CE14,181A ,,R,W,OF,H ,T,G,C,50,0,0,0,1820128,5530421
Palmerston North City,19/05/2014,Mon,1100,MD,4N1C,371B 377B ,,R,D,B ,F , , ,P,50,0,0,0,1822161,5531535
Palmerston North City,12/01/2014,Sun,1231,JA,CW1C,302B 375B ,,R,D,O ,F ,T,G,C,50,0,0,0,1819116,5529868
Palmerston North City,02/03/2014,Sun,948,PC,VS1E,330A 371A 929 ,,R,D,B ,F ,D, ,C,50,0,0,1,1818559,5529564
Palmerston North City,24/07/2014,Thu,1645,AO,CW1C,158A 381A ,,R,D,DO,F ,R,G,C,50,0,0,0,1819606,5530135
Palmerston North City,09/05/2014,Fri,1726,CB,CN1,103A 130A ,F,R,D,B ,F ,T,G,C,50,0,0,0,1820479,5530617
Palmerston North City,01/11/2014,Sat,1030,FE,CE1C,181A ,,R,D,OF,F ,T,T,C,50,0,0,0,1823869,5532468
Palmerston North City,17/02/2014,Mon,1318,FD,TE1C,181A ,,R,D,BF,F ,X,T,C,50,0,0,1,1822470,5531706
Palmerston North City,16/02/2014,Sun,1750,AO,VE1S,129A 129B ,,R,D,B ,F , , ,C,50,0,0,0,1823454,5532242
Palmerston North City,10/01/2014,Fri,1936,GB,VE1T,333A 387A 175B 922 ,,R,D,OF,F ,D, ,C,50,0,0,0,1823414,5532221
Palmerston North City,21/01/2014,Tue,1200,GD,CE1C,181A 331A 926 ,,R,W,O ,F ,D,N,C,50,0,0,0,1821040,5530922
Palmerston North City,06/03/2014,Thu,800,EE,SE1C,374B ,M,R,D,B ,F , , ,C,50,0,1,0,1821462,5531153
Palmerston North City,10/06/2014,Tue,1710,FD,CW1C4,132A 331A ,,R,W,O ,H ,X,T,C,50,0,0,2,1822483,5531713
Palmerston North City,30/07/2014,Wed,850,FD,CE1CC,181A 351A ,,R,D,O ,F , ,N,C,50,0,0,0,1822514,5531730
Palmerston North City,08/08/2014,Fri,1245,JA,CW1C,308B 375B 927 ,,R,D,BF,F ,D,N,C,50,0,0,0,1822208,5531561
Palmerston North City,02/08/2014,Sat,1950,HA,CE1C,322A ,,R,W,DO,L ,X,T,C,50,0,0,0,1822470,5531706
Palmerston North City,30/04/2014,Wed,1146,LB,CS2C,303B 353B ,,R,D,BF,F ,X,T,C,50,0,0,0,1822470,5531706
Palmerston North City,02/12/2014,Tue,1727,FD,CW1VCC,110A 331A 110B 331B ,,R,D,B ,F , , ,C,50,0,0,0,1821815,5531347
Palmerston North City,24/01/2014,Fri,1441,LB,CW1C,303B 922 ,,R,D,O ,F ,D,N,C,50,0,0,0,1820962,5530878
Palmerston North City,20/08/2014,Wed,1800,JA,CW1C,308B 314B 375B 922 ,,R,D,DO,F ,D, ,C,50,0,0,0,1820975,5530885
Palmerston North City,29/04/2014,Tue,1255,MC,CE1C,372B ,,R,D,BF,F , ,N,C,50,0,0,0,1821040,5530922
Palmerston North City,16/04/2014,Wed,530,LB,SW1T,303B 375B ,,R,W,DO,L ,T,G,C,50,0,0,1,1823767,5532411
Palmerston North City,14/02/2014,Fri,750,JA,VS1C,302B 375B ,,R,D,B ,F ,T,G,C,50,0,0,0,1823050,5532021
Palmerston North City,04/06/2014,Wed,900,EE,SW1C,374B ,M,R,D,B ,F , , ,C,50,0,0,1,1822095,5531499
Palmerston North City,20/03/2014,Thu,1450,FD,CW1CC,133A 501A ,,R,D,B ,F , ,N,C,50,0,0,0,1823573,5532306
Palmerston North City,12/05/2014,Mon,1523,LB,CE1C,303B 314B 922 ,,R,W,O ,F ,D,N,C,50,0,0,0,1823436,5532233
Palmerston North City,02/03/2014,Sun,1614,JA,CE1C,308B 375B 925 ,,R,D,B ,F ,D, ,P,50,0,0,1,1823397,5532211
Palmerston North City,27/10/2014,Mon,1818,BE,CS1T,103A 130A 330A ,,R,D,O ,F , , ,P,50,0,0,1,1823292,5532153
Palmerston North City,10/12/2014,Wed,1704,AC,TW1T,372A ,,R,W,OF,L ,X,T,C,50,0,0,0,1823441,5532235
Palmerston North City,27/11/2014,Thu,145,DB,CS1,111A 131A 402A ,ST,M,D,DN,F ,T,N,C,80,0,0,0,1824078,5525173