TLANAME,CRASHDATE,CRASHDOW,CRASHTIME,MVMT,VEHICLES,CAUSES,OBJECTSSTRUCK,ROADCURVE,ROADWET,LIGHT,WTHRa,JUNCTYPE,TRAFCTRL,ROADMARK,SPDLIM,CRASHFATALCNT,CRASHSEVCNT,CRASHMINCNT,EASTING,NORTHING
Palmerston North City,16/11/2014,Sun,1952,DA,CN2C,111A 131A 402A ,KM,R,D,TF,F ,T,N,N,50,0,0,0,1823127,5531880
Palmerston North City,05/07/2014,Sat,330,MO,CN1C,371A 901 903 929 ,M,R,W,DO,HS,D, ,N,50,0,0,0,1823342,5531996
Palmerston North City,23/03/2014,Sun,1020,HA,CS1S,302A 375A ,,R,D,BF,F ,R,G,C,50,0,0,1,1822429,5529957
Palmerston North City,05/12/2014,Fri,1525,LB,CS1C,302A ,,M,D,BF,F ,R,G,C,50,0,0,0,1822560,5529716
Palmerston North City,04/07/2014,Fri,1525,MC,SS1C,372B 671B ,,R,D,O ,F , , ,C,50,0,0,1,1822949,5528995
Palmerston North City,26/07/2014,Sat,920,LB,4N1S,302A 375A ,,R,D,O ,F ,R,G,R,50,0,1,0,1822693,5529477
Palmerston North City,23/05/2014,Fri,838,NA,CN1E,711B 901 ,,R,W,O ,H ,R,G,P,50,0,0,1,1822693,5529477
Palmerston North City,26/07/2014,Sat,2128,HA,CE2C,302B 375B ,,E,D,DO,F ,R,G,R,50,0,0,0,1822695,5529486
Palmerston North City,15/09/2014,Mon,820,HA,CE2S,302A ,,R,D,O ,F ,R,G,R,50,0,0,1,1822695,5529486
Palmerston North City,19/02/2014,Wed,830,FB,CN1C,331A ,,R,D,B ,F ,T,G,C,50,0,0,0,1822295,5530204
Palmerston North City,31/10/2014,Fri,750,GB,CN1C,387A 142B 926 ,,R,D,OF,F ,D,N,C,50,0,0,0,1822307,5530182
Palmerston North City,20/09/2014,Sat,1040,ME,MS1C,333A 801 ,,R,W,O ,L , , ,C,50,0,0,0,1822331,5530138
Palmerston North City,13/08/2014,Wed,2110,DA,CN2,111A 131A 801 ,FP,R,W,DO,L ,T,S,C,50,0,0,0,1823238,5528474
Palmerston North City,01/06/2014,Sun,1345,EA,CS1CC,129A 130A 507A ,M,R,D,B ,F , , ,C,50,0,0,0,1824206,5530828
Palmerston North City,05/06/2014,Thu,1319,MA,CS1C,112A 370A 402A 373B ,,R,D,O ,F , ,N,C,50,0,3,0,1824074,5531072
Palmerston North City,06/09/2014,Sat,1750,LB,CS1C,303B 930 ,,R,D,TF,F ,D,N,C,50,0,1,0,1823763,5531643
Palmerston North City,11/01/2014,Sat,1800,LB,CN1C,303B ,,R,D,B ,F ,T,G,C,50,0,0,1,1823836,5531511
Palmerston North City,14/03/2014,Fri,1040,EE,SS1VS,374B ,M,R,D,B ,F , , ,C,50,0,0,2,1823795,5531585
Palmerston North City,24/12/2014,Wed,950,NA,CN1E,713B 717B 727B ,,R,D,B ,F ,T,G,X,50,0,0,1,1823481,5532157
Palmerston North City,02/08/2014,Sat,1930,EA,CS1C,103A 129A ,M,R,W,DO,L , , ,C,50,0,0,0,1823551,5532032
Palmerston North City,25/11/2014,Tue,720,GD,TS1C,197A 191B ,,E,D,B ,F ,T,G,C,50,0,0,0,1824001,5531206
Palmerston North City,07/09/2014,Sun,1731,MG,CN1C,330A 371B ,,R,D,B ,F , , ,C,50,0,0,0,1823620,5531905
Palmerston North City,07/04/2014,Mon,800,AO,CS1S,129A ,,R,D,O ,F ,T,G,C,50,0,0,0,1823659,5531835
Palmerston North City,22/10/2014,Wed,1830,DA,CS1,111A 131A ,K,S,D,B ,F , , ,C,50,0,0,0,1824178,5530881
Palmerston North City,29/10/2014,Wed,1112,MD,CS1C,308B 377B 839 929 ,,R,D,B ,F ,D,N,N,50,0,0,0,1821124,5529377
Palmerston North City,07/03/2014,Fri,852,AO,TN2S,142A 671A ,,R,D,BF,F ,T,G,C,50,0,0,0,1820849,5529875
Palmerston North City,19/05/2014,Mon,942,HA,CN1C,301A 375A 404A ,,R,D,B ,F ,X,S,P,50,0,0,0,1821395,5529713
Palmerston North City,18/07/2014,Fri,652,KB,CS1P,370A 301B 387B ,,R,D,DO,F ,X,S,R,50,0,1,0,1821395,5529713
Palmerston North City,22/05/2014,Thu,1015,HA,CE1C,301B 375B ,,R,D,B ,F ,X,S,R,50,0,0,0,1821395,5529713
Palmerston North City,27/02/2014,Thu,1900,HA,CS1C,301B 370B 402B ,,R,D,B ,F ,X,S,R,50,0,0,0,1821395,5529713
Palmerston North City,10/08/2014,Sun,1310,HA,CN1C,301B 375B ,S,R,D,O ,F ,X,S,R,50,0,0,0,1821395,5529713
Palmerston North City,20/09/2014,Sat,1207,HA,CS2C,301A 375A 801 ,,R,W,O ,L ,X,S,R,50,0,0,0,1821395,5529713
Palmerston North City,25/06/2014,Wed,1549,LB,CN1C,102B 303B 375B 402B 930 ,,R,D,O ,F ,D,N,C,50,0,0,2,1822014,5530329
Palmerston North City,26/01/2014,Sun,1735,DA,CS1,111A 402A 901 ,F,M,W,O ,H , , ,L,100,0,0,0,1822296,5539117
Palmerston North City,27/06/2014,Fri,1535,DB,VS1,135A 800 ,P,S,W,OF,L ,T,G,R,100,0,0,0,1822323,5539086
Palmerston North City,28/09/2014,Sun,600,DC,CE1,112A 320A ,F,R,D,B ,F ,T,N,N,50,0,0,1,1824078,5530253
Palmerston North City,07/09/2014,Sun,2117,AO,CN14,320B 514B ,,R,D,DO,F ,T,N,C,50,0,0,1,1820817,5528600
Palmerston North City,27/07/2014,Sun,1445,JA,4N1C,112A 197A 308B 375B 427B 927 ,,R,D,O ,F ,D,N,R,50,0,0,0,1820726,5528811
Palmerston North City,22/12/2014,Mon,1500,MO,CS1C,371A 929 ,M,R,D,B ,F ,D,N,N,50,0,0,0,1823662,5529647
Palmerston North City,07/04/2014,Mon,1930,DA,CS1,111A 131A 423A ,,M,D,DO,F ,T,G,C,50,0,0,0,1823698,5529045
Palmerston North City,22/10/2014,Wed,1444,FA,CN1C,181A 434A ,,R,D,B ,F , , ,C,50,0,0,0,1820663,5530021
Palmerston North City,07/11/2014,Fri,1336,MC,CN1C,372B ,,R,D,BF,F ,X,G,L,100,0,0,0,1818760,5533644
Palmerston North City,20/10/2014,Mon,1630,HA,CN1C,301A 402A ,,R,D,O ,F ,X,S,C,100,0,0,0,1818760,5533644
Palmerston North City,16/06/2014,Mon,1730,FD,CN1CC,181A 181C ,,R,W,DN,L , ,N,C,100,0,0,2,1819092,5533244
Palmerston North City,28/04/2014,Mon,655,BE,CS1TC,130A 504A 801 ,,R,W,O ,L , , ,C,100,1,1,1,1819898,5532273
Palmerston North City,30/10/2014,Thu,1940,DA,CW2,111A 131A ,,R,D,BF,F ,X,G,R,100,0,0,0,1820058,5532081
Palmerston North City,06/01/2014,Mon,745,CB,CS1,412A ,P,R,D,B ,F , , ,C,100,0,0,0,1820186,5531928
Palmerston North City,23/11/2014,Sun,1738,DB,CN1,101A 131A 501A ,P,E,D,B ,F , , ,C,50,0,0,1,1820382,5531669
Palmerston North City,08/08/2014,Fri,2139,DA,CN1,197A ,F,E,D,DO,F , , ,C,50,0,0,0,1820515,5531395
Palmerston North City,16/04/2014,Wed,2045,LB,CS1C,303B ,,R,W,DO,L ,X,T,R,50,0,0,0,1820953,5530873
Palmerston North City,06/06/2014,Fri,1610,FB,CE1C,181A ,,M,D,B ,F ,X,G,C,50,0,0,0,1820953,5530873
Palmerston North City,16/06/2014,Mon,1150,FB,VW1C,331A 353A 387A ,,E,D,BF,F ,X,T,R,50,0,0,0,1820953,5530873
Palmerston North City,18/12/2014,Thu,1750,FD,CN1CC,501A ,,R,D,OF,F , ,N,C,50,0,0,1,1820977,5530829
Palmerston North City,16/05/2014,Fri,1146,LB,CN1V,303B ,,R,D,BF,F ,T,G,P,50,0,0,0,1821001,5530784
Palmerston North City,29/03/2014,Sat,1320,MC,CS1C,372B ,,R,D,O ,F , , ,C,50,0,0,0,1821025,5530740
Palmerston North City,15/10/2014,Wed,1918,JA,CN1C,102B 308B 922 ,,R,D,TF,F ,D,N,C,50,0,1,2,1821169,5530478
Palmerston North City,02/07/2014,Wed,1230,LB,CS14,303B ,,R,W,O ,F ,X,G,C,50,0,0,0,1821270,5530291
Palmerston North City,09/02/2014,Sun,1827,KB,CS1C,308B 375B 924 ,,R,D,OF,L ,D,N,C,50,0,0,0,1821334,5530175
Palmerston North City,18/03/2014,Tue,1110,LB,CW2C,303B ,,R,W,OF,L ,X,T,C,50,0,0,0,1821348,5530149
Palmerston North City,26/02/2014,Wed,620,LB,CN1C,303B 375B ,,R,D,TO,F ,X,T,R,50,0,0,0,1821348,5530149
Palmerston North City,14/06/2014,Sat,1400,FA,CW1S,181A ,,R,D,B ,F ,X,T,C,50,0,0,0,1821348,5530149
Palmerston North City,10/10/2014,Fri,1730,AC,CN1S,159A 512A ,,R,D,B ,F ,X,T,C,50,0,0,0,1821348,5530149
Palmerston North City,18/06/2014,Wed,1930,EA,4S1C,129A 386A ,M,R,D,DO,F ,X,T,C,50,0,0,0,1821348,5530149
Palmerston North City,08/12/2014,Mon,1240,LB,CN1C,334A 303B 334B ,,R,D,O ,F ,X,T,C,50,0,0,0,1821348,5530149
Palmerston North City,23/11/2014,Sun,522,CC,CS1,112A 357A 506A ,IJK,R,W,TO,F ,X,T,R,50,0,1,0,1821348,5530149
Palmerston North City,23/01/2014,Thu,2209,LB,PE1V,534A 303B 375B ,II,R,D,DO,F ,X,T,R,50,1,0,0,1821348,5530149
Palmerston North City,04/05/2014,Sun,1836,AC,CN1C,372A 387A ,,R,D,DO,F ,X,T,C,50,0,0,0,1821351,5530144
Palmerston North City,29/11/2014,Sat,1153,JA,CS1C,308B 377B 903 927 ,,R,D,B ,FS,D, ,C,50,0,0,1,1821367,5530114
Palmerston North City,23/07/2014,Wed,1715,KA,VN1V,308B 926 ,,R,D,OO,F ,D,N,C,50,0,0,0,1821382,5530087
Palmerston North City,20/10/2014,Mon,1700,KA,VN1C,308B 377B 925 ,,R,D,OF,F ,D,N,C,50,0,0,0,1821387,5530079
Palmerston North City,21/03/2014,Fri,1621,MC,XS1C,372B ,,R,D,B ,F , , ,C,50,0,0,0,1821493,5529885
Palmerston North City,09/08/2014,Sat,1145,MO,CN1C,371A 924 ,M,R,D,BF,F ,D,N,C,50,0,0,0,1821527,5529824
Palmerston North City,19/07/2014,Sat,816,HA,CE1C,322B ,,R,D,BF,F ,X,T,C,50,0,0,0,1821541,5529798
Palmerston North City,20/06/2014,Fri,2045,LB,CS1C,303B ,,R,D,DO,F ,X,T,R,50,0,0,0,1821541,5529798
Palmerston North City,29/05/2014,Thu,1640,FB,VS1C,331A 350A ,,E,D,O ,F ,X,G,N,50,0,0,0,1821541,5529798
Palmerston North City,11/10/2014,Sat,945,FE,CE1C,181A 330A ,,R,D,O ,F ,M,T,C,50,0,0,0,1821541,5529798
Palmerston North City,05/03/2014,Wed,1625,KA,VE1C,302B 377B 801 ,,R,W,O ,L ,T,G,R,50,0,0,0,1821863,5529974
Palmerston North City,02/01/2014,Thu,1330,JA,CE1V,302B 375B ,,R,D,O ,F ,T,G,R,50,0,0,0,1821863,5529974
Palmerston North City,01/08/2014,Fri,1610,GF,CN1C,381A ,,R,D,BF,F ,T,T,C,50,0,0,0,1821912,5530001
Palmerston North City,21/03/2014,Fri,1436,GF,TE2C,372A ,,M,D,B ,F ,T,T,R,50,0,0,0,1821912,5530001
Palmerston North City,26/08/2014,Tue,1442,MO,CS1V,312A 350A 370A 926 ,,R,D,B ,F ,D,N,C,50,0,0,0,1822000,5529839
Palmerston North City,04/07/2014,Fri,1013,NF,CN2E,307A 323A 363A 902 ,,R,D,B ,F ,X,T,C,50,0,1,0,1822046,5529755
Palmerston North City,15/09/2014,Mon,1205,GF,4N1C,142A 175A ,,R,D,O ,F ,X,T,C,50,0,0,0,1822046,5529755
Palmerston North City,26/10/2014,Sun,10,CA,VE1,103A 433A ,S,R,D,DO,F ,X,T,R,50,0,0,0,1822110,5529638
Palmerston North City,07/06/2014,Sat,1220,AA,CE1C,372A 507A ,,E,D,O ,F ,X,T,R,50,0,0,0,1822115,5529627
Palmerston North City,22/02/2014,Sat,700,DA,CN2C,101A 131A 402A ,M,E,D,B ,F ,X,T,R,50,0,0,1,1822115,5529627
Palmerston North City,30/03/2014,Sun,1705,HA,CW1C,322B 334B ,,R,D,B ,F ,X,T,R,50,0,0,0,1822115,5529627
Palmerston North City,30/03/2014,Sun,235,EA,VW1C,129A 350A ,M,R,D,DO,F , ,N,C,50,0,0,0,1822291,5529723
Palmerston North City,20/05/2014,Tue,1450,AC,CE1C,372A 377A 839 ,,R,D,O ,F , ,N,C,50,0,0,0,1822472,5529836
Palmerston North City,09/06/2014,Mon,1522,FE,CW1T,331A ,,E,W,O ,H ,X,T,R,50,0,0,0,1822496,5529835
Palmerston North City,05/01/2014,Sun,9,DA,CS1,103A 131A 358A ,HS,R,W,DO,L ,X,T,R,50,0,0,0,1822496,5529835
Palmerston North City,13/08/2014,Wed,745,LB,CE1C,303B 387B ,,R,D,BF,F ,X,T,R,50,0,0,0,1823254,5530263
Palmerston North City,25/07/2014,Fri,1810,LB,CW1C,303B 375B ,,R,D,DO,F ,X,T,R,50,0,0,0,1823260,5530253
Palmerston North City,09/03/2014,Sun,1015,JA,CE1C,302B 377B ,,E,D,BF,F ,T,G,R,50,0,0,1,1824058,5530680
Palmerston North City,26/06/2014,Thu,810,JA,VE1C,302B ,,R,W,O ,F ,T,G,R,50,0,0,1,1824058,5530680
Palmerston North City,07/07/2014,Mon,1409,JA,CE14,302B 375B ,,R,D,BN,F ,T,G,R,50,0,1,1,1824058,5530680
Palmerston North City,13/06/2014,Fri,1335,DA,CS2,111A 131A ,FK,M,W,O ,L ,T,G,R,50,0,0,0,1824061,5530668
Palmerston North City,17/08/2014,Sun,1235,CB,CW1,501A ,IJ,R,D,OF,F ,T,G,R,50,0,0,0,1824228,5530711
Palmerston North City,30/03/2014,Sun,2045,JA,CE1C,308B 832 926 ,,E,D,DN,F ,D,N,C,100,0,0,0,1824787,5530996
Palmerston North City,14/03/2014,Fri,1130,HO,CW1O,308B 375B 927 ,F,R,D,B ,F ,D, ,C,100,0,1,1,1825327,5531390
Palmerston North City,09/05/2014,Fri,825,JA,VE1C,301B 375B ,,R,W,OF,L ,X,S,C,100,0,0,0,1825676,5531419
Palmerston North City,23/06/2014,Mon,1513,LB,CE14,303B 363B 902 ,,R,D,B ,F ,X,S,C,100,0,0,3,1825676,5531419
Palmerston North City,06/06/2014,Fri,1720,LB,CE1VC,303B 375B ,,E,D,TO,F ,X,S,P,100,0,0,1,1825676,5531419
Palmerston North City,06/10/2014,Mon,1528,HA,CS2M,301A 387A 903 ,,E,D,O ,FS,X,S,L,100,0,0,1,1825676,5531419
Palmerston North City,17/04/2014,Thu,1403,DA,CE1,135A 137A 901 903 ,V,E,W,ON,HS, ,N,C,100,0,0,0,1825860,5531499
Palmerston North City,30/05/2014,Fri,1610,JA,ME1C,302B 377B 830 ,,R,D,O ,F ,T,G,C,100,0,0,1,1826614,5531884
Palmerston North City,19/11/2014,Wed,1830,DA,CS1,131A 504A ,FPS,M,D,O ,F , , ,C,100,0,0,1,1826630,5531896
Palmerston North City,09/06/2014,Mon,1530,FD,CN1CC,181A ,,R,W,O ,H , , ,C,100,0,0,0,1826877,5532184
Palmerston North City,24/12/2014,Wed,1642,FD,CE1V,103A 181A ,,E,D,BN,F , ,N,L,100,0,0,0,1827517,5532599
Palmerston North City,09/06/2014,Mon,1710,BA,VN1C,129A 151A 129B ,,R,W,DN,F , , ,L,100,0,0,0,1829933,5533815
Palmerston North City,05/02/2014,Wed,1400,MC,TN1C,353B 372B 927 ,V,R,D,B ,F ,D, ,L,100,0,2,1,1830064,5533887
Palmerston North City,09/10/2014,Thu,2242,AD,CE1V,103A 150A ,S,R,D,DN,F ,T,N,C,100,0,0,0,1830988,5534393
Palmerston North City,02/11/2014,Sun,404,CB,CE1,103A 430A 433A ,V,R,D,DN,F , , ,C,100,0,0,0,1831228,5534516
Palmerston North City,12/11/2014,Wed,1555,CC,CE1,135A 801 ,,R,W,ON,L , ,N,C,100,0,0,0,1832459,5535202
Palmerston North City,31/10/2014,Fri,805,KB,CW1C,302B 330B 801 ,SV,R,W,O ,L ,T,G,C,100,0,0,1,1832785,5535327
Palmerston North City,12/04/2014,Sat,1100,FD,CW1C,331A ,,R,D,O ,F , , ,C,100,0,0,0,1832800,5535331
Palmerston North City,01/07/2014,Tue,524,DA,VW1,129A 350A ,C,S,W,DN,H , ,N,C,80,0,0,0,1833301,5535417
Palmerston North City,24/05/2014,Sat,1055,JA,CS1C,302B 377B ,,E,W,O ,L ,T,G,P,80,0,0,0,1833884,5535378
Palmerston North City,20/02/2014,Thu,200,DA,TE1,129A 410A ,S,E,D,DO,F ,T,G,P,80,0,0,1,1833884,5535378
Palmerston North City,01/07/2014,Tue,748,KB,CE1C,301B 386B ,,R,W,O ,F ,T,S,C,100,0,0,1,1834702,5534266
Palmerston North City,27/12/2014,Sat,1900,FB,CN1C,181A 427A ,,E,D,B ,F ,T,S,R,100,0,0,0,1834702,5534266
Palmerston North City,20/09/2014,Sat,1250,DB,CW1,131A 901 903 ,C,M,W,O ,HS, , ,L,100,0,0,0,1836317,5533943
Palmerston North City,21/03/2014,Fri,1645,BF,CE1C,111A 130A 403A ,,M,D,B ,F , , ,L,100,0,0,1,1836821,5533773
Palmerston North City,24/05/2014,Sat,2230,DA,CE1,103A 131A ,G,M,W,DN,HS, ,N,L,100,0,0,1,1836878,5533754
Palmerston North City,14/09/2014,Sun,1728,DA,CE1,110A 131A ,G,E,W,O ,F , ,N,L,100,0,0,1,1837103,5533680
Palmerston North City,18/10/2014,Sat,1530,CB,CE1,110A 112A ,C,R,W,O ,L , ,N,L,100,0,0,0,1837103,5533680
Palmerston North City,18/10/2014,Sat,1618,CC,CE1,110A 112A ,C,R,W,O ,L , ,N,L,100,0,0,0,1837103,5533680
Palmerston North City,23/08/2014,Sat,1720,CB,CE1,103A 129A ,V,R,D,BN,F , ,N,C,100,0,0,1,1818836,5533708
Palmerston North City,18/09/2014,Thu,715,FB,CW1C,181A 331A ,,R,D,O ,F ,X,S,R,70,0,0,0,1818764,5533647
Palmerston North City,29/08/2014,Fri,2357,NA,TW1E,197A 713B ,,R,D,DO,F ,X,G,P,70,0,0,1,1815881,5526561
Palmerston North City,02/07/2014,Wed,1530,JA,CW1C,302B ,,R,D,O ,F ,T,G,C,100,0,0,0,1816743,5526847
Palmerston North City,25/07/2014,Fri,750,MC,4W1C,350B 372B ,,R,D,O ,F ,X,G,C,100,0,0,0,1817465,5527103
Palmerston North City,20/07/2014,Sun,2025,CB,CS1,112A 130A ,P,R,W,DO,F ,X,G,C,100,0,0,0,1817474,5527108
Palmerston North City,01/10/2014,Wed,928,EC,TE1CC,386A ,XXX,R,D,B ,F , , ,L,100,0,0,0,1817733,5527247
Palmerston North City,21/03/2014,Fri,2030,EC,CW1,911,W,R,D,DN,F , ,N,C,100,0,0,0,1818173,5527485
Palmerston North City,03/02/2014,Mon,800,DA,CN1,131A 631A ,F,E,D,B ,F ,T,G,C,100,0,0,0,1813590,5518687
Palmerston North City,13/11/2014,Thu,1640,DA,CN1,103A 130A 407A ,E,M,D,B ,F , , ,C,100,0,0,1,1814185,5519046
Palmerston North City,10/11/2014,Mon,800,BE,CW1C,130A 191A 800 801 ,F,R,W,O ,L , , ,C,100,0,0,0,1815227,5519505
Palmerston North City,02/03/2014,Sun,654,DA,CS1,116A 138A 810 817 ,F,E,D,B ,F , , ,N,100,0,0,1,1815577,5519511
Palmerston North City,13/12/2014,Sat,845,HA,CN2C,302A 335A ,,R,D,BN,F ,X,G,C,100,0,0,1,1815727,5519514
Palmerston North City,12/04/2014,Sat,1300,CB,CE1,129A 134A ,F,R,D,O ,F , ,N,C,100,0,0,0,1816131,5519734
Palmerston North City,17/10/2014,Fri,2250,DB,CE1,111A 131A ,F,S,W,DN,L ,T,G,C,100,0,0,1,1817078,5520414
Palmerston North City,02/08/2014,Sat,1150,BA,CN1CC,137A 150A 386A ,,R,D,O ,F , ,N,C,100,0,1,1,1817093,5521211
Palmerston North City,26/02/2014,Wed,2330,CB,CW1,103A 130A ,F,R,D,DN,F , , ,C,100,0,0,0,1817726,5521414
Palmerston North City,05/10/2014,Sun,415,CA,CW1,195A 402A ,,R,D,DN,F , , ,C,100,0,0,0,1819045,5521716
Palmerston North City,08/06/2014,Sun,2220,DA,CS1,103A 111A 131A 407A ,GS,E,D,DN,F , , ,C,100,0,0,1,1820465,5522796
Palmerston North City,07/08/2014,Thu,550,DB,CW1,111A 131A 410A ,F,S,W,DO,L ,T,G,C,100,0,0,0,1821140,5523739
Palmerston North City,20/01/2014,Mon,44,DC,CW2,102A 335A 410A ,,M,D,DO,F ,T,G,C,100,0,0,0,1821140,5523739
Palmerston North City,14/04/2014,Mon,946,CB,CS1,135A 404A 801 ,F,R,W,ON,L , ,N,C,100,0,0,0,1822065,5524086
Palmerston North City,27/11/2014,Thu,1200,DA,CS1,131A 903 ,F,E,D,O ,FS, , ,C,100,0,0,1,1822779,5524825
Palmerston North City,01/10/2014,Wed,1644,JA,CE1C,302B 375B ,,E,D,B ,F ,T,G,C,100,0,0,0,1823184,5525112
Palmerston North City,09/03/2014,Sun,,FD,MS1C,181A 191B ,,E,D,B ,F ,T,G,P,70,0,0,0,1823724,5525797
Palmerston North City,15/08/2014,Fri,1625,DA,CW1,412A ,P,E,D,O ,F , , ,P,70,0,0,0,1823853,5525793
Palmerston North City,19/10/2014,Sun,40,DA,VS1,103A 110A ,C,E,W,DO,L , ,N,L,70,0,0,1,1824897,5527043
Palmerston North City,11/06/2014,Wed,1333,DB,VS1,131A 903 ,,E,D,ON,MS,T,G,C,80,0,0,0,1826183,5528295
Palmerston North City,13/09/2014,Sat,352,CB,CS1,129A 410A ,V,R,D,DN,F , ,N,C,100,0,0,1,1828723,5529579
Palmerston North City,16/03/2014,Sun,1412,CB,CE1,129A 358A ,FV,R,D,O ,L , , ,C,100,0,0,1,1831320,5531171
Palmerston North City,12/12/2014,Fri,1339,FD,CE144,331A ,,E,D,OF,F , ,N,C,100,0,0,0,1831801,5531435
Palmerston North City,29/06/2014,Sun,941,CC,CS1,130A ,F,R,D,ON,F , ,N,C,100,0,0,0,1833315,5532624
Palmerston North City,12/07/2014,Sat,2245,DC,CW1,130A 359A ,,M,D,DN,F ,T,G,C,100,0,0,0,1833433,5532785
Porirua City,27/03/2014,Thu,1130,BB,CW2C,124A ,,R,D,BF,F ,T,N,C,50,0,0,0,1756010,5451412
Porirua City,14/09/2014,Sun,1840,DB,MN1,131A ,,M,D,DO,F , , ,N,50,0,1,0,1755184,5443752
Porirua City,11/04/2014,Fri,1230,BC,CN2C,122A ,,R,W,O ,H ,X,G,C,50,0,0,0,1755075,5443741
Porirua City,23/10/2014,Thu,1030,FC,CE1C,181A 330A ,,R,D,B ,F , ,N,C,50,0,0,0,1753793,5445309
Porirua City,11/08/2014,Mon,1345,EA,TW1C,129A 358A ,Q,R,D,B ,F , , ,C,50,0,0,1,1754006,5445250
Porirua City,13/03/2014,Thu,1000,DB,CS1,131A 402A 531A ,P,E,D,OF,F , ,N,N,50,0,0,0,1756398,5443787
Porirua City,07/08/2014,Thu,1640,LB,VS1C,303B ,,R,W,O ,L ,T,G,C,50,0,0,0,1753317,5443197
Porirua City,16/06/2014,Mon,1620,LB,CW1V,303B 927 ,,R,D,O ,F ,D,N,C,50,0,0,0,1753513,5443418
Porirua City,02/03/2014,Sun,1615,BA,CE1C,129A ,,R,D,O ,F , ,N,C,50,0,0,0,1755842,5444577
Porirua City,15/05/2014,Thu,1157,BF,CE1C,129A 410A ,,E,W,O ,L , , ,C,50,0,0,0,1755798,5444582
Porirua City,27/06/2014,Fri,822,MC,CS1C,372B 387B ,,M,D,B ,F , ,N,C,50,0,0,0,1756221,5444479
Porirua City,26/10/2014,Sun,1042,EA,CE1C,103A 129A ,M,R,D,B ,F ,T,N,C,50,0,0,0,1756405,5444122
Porirua City,11/11/2014,Tue,2138,FA,CN1C,330A 370A ,,E,D,DO,F , ,N,P,30,0,0,0,1755078,5444324
Porirua City,01/08/2014,Fri,945,DA,CW1,131A 402A ,S,E,W,O ,L ,R,G,C,50,0,0,0,1756522,5443949
Porirua City,13/08/2014,Wed,835,LB,TW1X,303B 375B 929 ,,R,W,OF,F ,D,N,C,50,0,0,0,1755411,5444665
Porirua City,12/01/2014,Sun,830,CC,CW1,103A 130A ,P,R,D,O ,F ,T,N,C,50,0,0,0,1755607,5444685
Porirua City,11/04/2014,Fri,1530,HA,CN2C,302B ,,R,W,O ,L ,M,G,N,50,0,0,0,1754064,5446088
Porirua City,18/06/2014,Wed,600,EA,TN1C,386A ,M,R,D,B ,F ,T,N,C,50,0,0,0,1756264,5451769
Porirua City,17/08/2014,Sun,2153,MO,CW1C,371A 444B 929 ,M,R,D,DO,F ,D, ,C,50,0,0,0,1757950,5445147
Porirua City,19/10/2014,Sun,1350,MO,CN1C,371A 929 ,M,R,D,B ,F ,D,N,C,50,0,0,0,1755130,5447650
Porirua City,06/09/2014,Sat,1845,EA,CE1C,101A 129A ,M,R,D,DO,F , , ,N,50,0,0,0,1757112,5446134
Porirua City,04/05/2014,Sun,1355,CB,CS14,101A ,Q,R,W,BF,L , ,N,C,50,0,0,0,1754823,5447685
Porirua City,20/11/2014,Thu,1837,LB,CN1V,303B 375B 929 ,,R,D,O ,F ,D,N,C,50,0,0,0,1754937,5448149
Porirua City,31/12/2014,Wed,1930,DB,CW2C,103A 111A 131A ,M,M,W,O ,H ,T,G,R,50,0,0,1,1757478,5444490
Porirua City,29/04/2014,Tue,1145,FB,CN1C,331A ,,R,D,BF,F ,T,G,C,50,0,0,0,1757478,5444490
Porirua City,07/08/2014,Thu,1129,QD,TN1CCV,428A ,M,E,D,O ,F ,T,N,N,50,0,0,0,1760255,5446480
Porirua City,15/12/2014,Mon,1230,JA,VS1C,929,,R,D,B ,F ,D,N,N,50,0,0,0,1760336,5446914
Porirua City,10/04/2014,Thu,830,JA,CN1V,302B ,,E,D,O ,L ,T,G,C,50,0,0,4,1755240,5447723
Porirua City,28/04/2014,Mon,1343,CB,CN14,504A ,FMS,R,D,OF,F , ,N,R,50,0,0,0,1755111,5446998
Porirua City,05/04/2014,Sat,1330,DB,MS1,111A 131A ,,S,D,B ,F , , ,C,60,0,0,1,1760229,5449012
Porirua City,19/09/2014,Fri,2353,CB,CW1,112A 130A 402A 412A ,,R,D,DN,F , , ,L,60,0,0,0,1759959,5449148