TLANAME,CRASHDATE,CRASHDOW,CRASHTIME,MVMT,VEHICLES,CAUSES,OBJECTSSTRUCK,ROADCURVE,ROADWET,LIGHT,WTHRa,JUNCTYPE,TRAFCTRL,ROADMARK,SPDLIM,CRASHFATALCNT,CRASHSEVCNT,CRASHMINCNT,EASTING,NORTHING
Porirua City,22/09/2014,Mon,910,DA,CN1,131A 402A 407A 901 903 ,FV,S,W,O ,HS, , ,C,60,0,0,0,1758989,5449929
Porirua City,09/04/2014,Wed,1130,FD,CE1C,181A 331A ,,R,W,ON,L , , ,C,60,0,0,0,1758281,5449630
Porirua City,24/09/2014,Wed,900,DB,4W1,111A 131A ,,M,D,B ,F , , ,C,50,0,0,0,1757108,5450038
Porirua City,25/06/2014,Wed,1602,BC,TE14,121A ,,M,D,TF,F , , ,C,50,0,0,0,1757153,5450059
Porirua City,27/08/2014,Wed,1255,BC,VS1C,121A ,,S,D,B ,F , ,M,C,50,0,0,0,1757151,5450068
Porirua City,29/04/2014,Tue,1300,BF,CW14,111A 131A 191A 800 ,,S,W,O ,F , , ,L,50,0,0,0,1757145,5450115
Porirua City,03/05/2014,Sat,1210,BF,CN1C4,111A 131A 801 ,,S,W,O ,L , , ,L,50,0,0,1,1757145,5450115
Porirua City,20/06/2014,Fri,1410,FE,CN1C,181A ,,R,D,B ,F ,R,T,C,50,0,0,0,1754364,5444766
Porirua City,21/03/2014,Fri,1030,JA,TN1C,308B 423B 930 ,,M,D,BF,F ,D,N,N,50,0,0,0,1756172,5443798
Porirua City,16/10/2014,Thu,158,DA,VS1,103A 131A ,P,M,D,DO,F , , ,N,50,0,0,1,1756291,5443871
Porirua City,26/06/2014,Thu,1446,BC,CN1C,121A 352A ,,M,D,BF,F , ,N, ,50,0,0,0,1756291,5443871
Porirua City,25/01/2014,Sat,2252,DA,CS1C,131A 363A ,,M,D,DO,F , , ,C,50,0,0,0,1756351,5444593
Porirua City,07/09/2014,Sun,1528,BB,VS1C,123A ,,S,D,BF,F , ,N,L,50,0,0,0,1759660,5446721
Porirua City,31/01/2014,Fri,1205,AO,BN2S,671A ,,E, , F,  ,R,G,R,50,0,0,0,1760094,5447494
Porirua City,31/12/2014,Wed,930,CC,BE1CCC,130A 330A 358A ,M,R,D,O ,F , , ,P,50,0,0,0,1754127,5443125
Porirua City,31/07/2014,Thu,1530,FD,VN1C,181A 330A 191B ,,R,D,O ,F , ,N,N,50,0,0,1,1754559,5443365
Porirua City,24/03/2014,Mon,1518,HA,CN1S,370A 210B 350B 614B ,,R,D,B ,F ,T,G,X,50,0,0,1,1754564,5444074
Porirua City,27/11/2014,Thu,1600,NA,CS1E,717B ,,R,D,B ,F ,X,G,X,50,0,0,0,1754566,5444064
Porirua City,10/01/2014,Fri,1704,FC,CN1C,181A 191A ,,E,D,O ,F , , ,C,50,0,0,0,1754568,5444054
Porirua City,21/03/2014,Fri,815,GD,CE1V,331A 363A 902 927 ,,R,D,BF,F ,D,N,C,50,0,0,0,1753931,5443098
Porirua City,21/07/2014,Mon,1508,BC,VW1C,122A 350A ,,E,D,B ,F ,T,G,C,50,0,0,1,1753836,5443071
Porirua City,23/11/2014,Sun,1355,HA,CN1C,302A 375A ,,E,D,B ,F ,R,G,C,50,0,0,0,1754521,5444239
Porirua City,21/11/2014,Fri,1153,FB,CN14,181A 330A ,,R,D,B ,F ,R,G,C,50,0,0,0,1754523,5444234
Porirua City,10/04/2014,Thu,1420,GF,CN1C,381A ,,R, , F,  ,R,G,R,50,0,0,0,1754521,5444239
Porirua City,06/08/2014,Wed,2128,EA,CN1C,103A 645A ,M,R,D,DO,F , ,N,N,50,0,0,0,1757507,5444863
Porirua City,07/09/2014,Sun,220,DA,CS2C,111A 131A ,M,R,W,DO,F ,T,G,N,50,0,0,0,1758265,5455150
Porirua City,22/03/2014,Sat,300,CA,CE1,130A 358A 927 ,P,R,D,DO,F ,D,N,R,50,0,0,0,1754265,5444753
Porirua City,06/06/2014,Fri,1750,LB,4S1C,302B ,,R,D,B ,F ,X,G,C,50,0,0,0,1754432,5444769
Porirua City,09/04/2014,Wed,1835,AO,BE1C,129A ,,E,D,TO, S,R,G,R,50,0,0,0,1754546,5444715
Porirua City,27/03/2014,Thu,1224,MC,CN1C,372B ,,R,D,B ,F ,T,N,C,50,0,0,0,1754642,5444453
Porirua City,28/10/2014,Tue,1025,JA,CN1C,308B 924 ,,R,D,B ,F ,D,N,C,50,0,0,0,1754641,5444209
Porirua City,03/07/2014,Thu,1230,CB,CN1C,501A ,M,R,D,B ,F , , ,C,50,0,0,1,1754527,5447565
Porirua City,07/06/2014,Sat,2245,CC,MS1,103A 112A ,,R,D,DO,L ,T,N,C,50,0,0,1,1754636,5447341
Porirua City,16/11/2014,Sun,1730,CB,CS1,130A 501A ,,R,D,B ,F , ,N,R,50,0,0,1,1753767,5442921
Porirua City,04/09/2014,Thu,1820,LB,CN1C,303B 375B ,,R,D,DO,L ,X,S,C,50,0,0,0,1754373,5447871
Porirua City,23/12/2014,Tue,1655,DA,CW1,129A 358A ,FT,E,D,B ,F , ,N,N,50,0,0,1,1758173,5447442
Porirua City,22/06/2014,Sun,1245,EA,CW1C,129A ,M,R,D,BF,F , ,N,C,50,0,0,0,1755880,5451480
Porirua City,30/11/2014,Sun,815,MO,CW1C,371A 926 ,,R,D,B ,F ,D,N,C,50,0,0,0,1756431,5443887
Porirua City,04/04/2014,Fri,824,NA,4E1E,306A ,,R,D,B ,F , ,P,X,50,0,0,1,1755034,5444259
Porirua City,24/09/2014,Wed,1635,FC,ME1C,131A 181A 191B ,,R,D,O ,F , ,N,X,50,0,0,1,1754935,5444251
Porirua City,23/06/2014,Mon,906,FD,VE1C,181A 191B ,,R,D,B ,F ,T,N,C,50,0,0,0,1755480,5444063
Porirua City,22/11/2014,Sat,1558,GD,CE1C,181A ,,R,W,OF,L ,T,N,C,50,0,0,1,1755471,5444067
Porirua City,02/08/2014,Sat,2010,MO,CW1C,103A 371A 801 ,M,R,W,DO,L , , ,C,50,0,0,0,1755244,5444171
Porirua City,05/02/2014,Wed,1112,MC,TE1C,372B 402B ,,R,D,B ,F ,T,N,C,50,0,0,0,1755155,5444212
Porirua City,31/03/2014,Mon,1747,FB,CW1M,181A 387A ,,E,D,B ,F ,R,G,R,50,0,0,0,1754898,5444250
Porirua City,16/06/2014,Mon,915,AA,CW1C,372A ,,E,D,B ,F ,R,G,C,50,0,0,0,1754887,5444235
Porirua City,13/02/2014,Thu,1831,NB,CN1E,306A 355A 376A ,,R,D,O ,F ,T,N,X,50,0,0,1,1755973,5443809
Porirua City,04/04/2014,Fri,915,FB,CN1C,181A 191B ,,R,D,B ,F ,R,G,C,50,0,0,0,1754805,5444228
Porirua City,26/03/2014,Wed,1545,CB,VN1,103A 130A ,KX,R,D,BF,F ,R,G,C,50,0,0,0,1754805,5444228
Porirua City,25/09/2014,Thu,1458,FD,CN1C,181A 331A 191B ,,E,D,O ,F , , ,C,50,0,0,0,1754805,5444213
Porirua City,04/12/2014,Thu,1802,DB,CN1,111A 131A ,,E,W,O ,L , , ,N,50,0,0,0,1757590,5444925
Porirua City,11/11/2014,Tue,45,QD,4S1C,101A 611A ,M,R,D,DO,F , ,N,N,50,0,0,0,1757623,5444820
Porirua City,16/10/2014,Thu,1500,MO,CS1C,386A 929 ,M,R,D,B ,F ,D,N,N,50,0,0,0,1757903,5446234
Porirua City,13/06/2014,Fri,2140,EA,CS1C,129A 197A ,M,E,D,DO,F , , ,C,50,0,0,0,1757919,5446692
Porirua City,04/08/2014,Mon,1445,JA,CN1CCC,308B 613B 930 ,MM,R,D,OF,F ,D,N,C,50,0,0,0,1757916,5445926
Porirua City,10/04/2014,Thu,1529,DA,CN1,103A 131A ,C,M,W,ON,L , , ,C,60,0,0,0,1762552,5455590
Porirua City,13/10/2014,Mon,720,FD,4S1CC,181A 331A 353A ,,E,D,B ,F ,T,S,C,50,0,0,2,1761068,5448165
Porirua City,30/05/2014,Fri,1745,JA,MN1C,301B 375B ,,R,D,DO,F ,T,S,C,50,0,0,0,1761068,5448155
Porirua City,03/05/2014,Sat,1705,BF,CN1C,110A 135A 407A 800 811 904 ,,E,W,TN,M , , ,C,60,0,0,3,1761145,5448371
Porirua City,05/11/2014,Wed,1510,DB,CN1,129A 131A ,CV,M,D,O ,FS, , ,C,60,0,0,0,1761005,5449281
Porirua City,07/04/2014,Mon,1427,FB,CW1C,181A ,,R,D, F,  ,T,G,N,50,0,0,0,1755720,5446053
Porirua City,12/08/2014,Tue,920,FD,CS1VC,112A 181A 402A 112B 181B 402B ,,R,W,B ,F ,T,G,N,100,0,0,1,1756777,5447714
Porirua City,10/04/2014,Thu,2005,LB,CW1P,302A 375A ,,R,W,DO,L ,R,G,R,50,0,0,1,1754443,5445026
Porirua City,14/05/2014,Wed,1818,FA,CS1C,370A 386A 402A ,,R,W,DO,L , , ,C,50,0,1,0,1754589,5444800
Porirua City,10/10/2014,Fri,1040,MO,CN1V,357A 512A ,M,R,D,B ,F , ,N,C,50,0,0,0,1754407,5445053
Porirua City,01/04/2014,Tue,1340,FB,VS1CC,181A 331A ,,R,D,B ,F ,R,G,R,50,0,0,1,1754387,5445068
Porirua City,21/11/2014,Fri,640,EA,CN1V,129A 386A ,M,R,D,B ,F , ,N,C,50,0,0,0,1757988,5445665
Porirua City,01/06/2014,Sun,325,DB,CE1,103A 111A 131A 412A ,HX,E,D,DO,F , , ,C,50,0,0,1,1753081,5447244
Porirua City,23/12/2014,Tue,2053,JA,PW1C,309B 375B ,,E,D,TF,F ,T,N,C,50,0,0,1,1753872,5446989
Porirua City,25/07/2014,Fri,920,EA,CN1B,363A 902 ,M,M,D,BF,F , ,N,C,50,0,0,0,1753912,5447034
Porirua City,09/12/2014,Tue,40,DC,CE2,504A ,P,R,D,DO,F ,T,N,C,50,0,0,1,1753573,5447182
Porirua City,02/09/2014,Tue,1345,DA,MS2,103A 111A 514A ,K,M,D,B ,F ,T,G,N,50,0,0,1,1754306,5446699
Porirua City,29/12/2014,Mon,1612,GD,CN1C,331A 358A ,,R,D,B ,F ,T,N,C,50,0,0,0,1757972,5447602
Porirua City,12/08/2014,Tue,1605,MD,CE1C,308B 375B 926 ,,R,D,B ,F ,D,N,C,50,0,0,0,1754020,5444899
Porirua City,23/02/2014,Sun,142,DB,CE1CCC,101A 111A 131A 407A ,X,S,D,DO,F , , ,N,30,0,0,0,1759271,5456190
Porirua City,05/08/2014,Tue,1246,MO,TN1,330A 371A 385A 927 ,P,R,D,B ,F ,D,N,C,50,0,0,0,1753569,5444501
Porirua City,25/10/2014,Sat,,MO,CN1C,371A ,M,R,D,B ,F , ,N,C,50,0,0,0,1753451,5447058
Porirua City,26/01/2014,Sun,545,CC,CS1,102A 195A ,T,R,D,O ,F , ,N,R,50,0,0,0,1756779,5445994
Porirua City,18/05/2014,Sun,1419,FC,CW1C,181A ,,R,D,OF,F ,X,G,X,50,0,0,0,1754160,5445232
Porirua City,05/12/2014,Fri,1535,MO,CE1C,386A ,M,R,W,O ,F , ,N,N,30,0,0,0,1754240,5445222
Porirua City,01/07/2014,Tue,835,HA,CW1S,302A 375A ,,E,D,O ,F ,R,G,R,50,0,0,1,1754141,5445235
Porirua City,01/09/2014,Mon,1040,EA,TN1C,129A 504A ,MT,R,D,B ,F , ,N,C,50,0,0,0,1758684,5447468
Porirua City,12/12/2014,Fri,1145,BB,SS2C,129A 204A ,,R,D,OF,F ,T,N,N,50,0,0,1,1757642,5446923
Porirua City,27/09/2014,Sat,1140,DB,CN1,131A 358A ,P,E,W,OF,F , ,N,N,50,0,0,1,1756151,5443123
Porirua City,31/01/2014,Fri,1700,EC,4S1,911,W,R, , N,  , ,N,N,50,0,0,0,1753572,5445611
Porirua City,13/07/2014,Sun,800,DA,CE2,103A 131A ,T,S,W,B ,F ,T,G,C,50,0,0,0,1754292,5447091
Porirua City,26/11/2014,Wed,1600,NA,CE1E,713B 726B ,,E,D,O ,F , ,N,C,50,0,0,2,1754170,5447110
Porirua City,02/06/2014,Mon,1150,DB,CW1,111A 131A ,H,M,D,BF,F ,T,N,C,50,0,2,0,1758647,5447091
Porirua City,15/08/2014,Fri,840,CB,CN14,504A ,IS,R,D,BF,F ,R,G,R,50,0,0,0,1754138,5445246
Porirua City,27/01/2014,Mon,913,FA,CN1V,181A 191B ,,R,D,B ,F , ,N,R,50,0,0,0,1754295,5444381
Porirua City,21/12/2014,Sun,1503,GO,CS1C,129A 129B ,,E,D,BF,F ,R,G,C,50,0,0,0,1754285,5444480
Porirua City,23/01/2014,Thu,800,AA,VS1T,372A ,,E,D,B ,F ,R,G,C,50,0,0,0,1754287,5444449
Porirua City,21/10/2014,Tue,800,GF,CN1C,129A 129B ,,E,D,O ,F ,R,G,R,50,0,0,0,1754293,5444452
Porirua City,31/12/2014,Wed,2130,HA,CS1C,103A 113A 302A ,,R,W,DO,H ,R,G,R,50,0,0,0,1754293,5444452
Porirua City,03/12/2014,Wed,,HA,CN1C,140A 302A 375A ,,E,D,B ,F ,R,G,C,50,0,0,1,1754503,5444257
Porirua City,25/04/2014,Fri,945,HA,CW1C,111A 302A ,,M,D,B ,F ,R,G,R,50,0,0,0,1754502,5444245
Porirua City,03/04/2014,Thu,1200,GF,BW1C,179A ,,R,D,BF,F ,R,G,R,50,0,0,0,1754526,5444244
Porirua City,15/06/2014,Sun,1525,AC,CW14,171A 330A ,,E,D,OF,F ,R,G,R,50,0,0,0,1754501,5444251
Porirua City,03/12/2014,Wed,1316,FB,CN1S,181A 387A ,,R,D,BF,F ,R,G,R,50,0,0,0,1754498,5444257
Porirua City,05/08/2014,Tue,600,AA,CS1C,184A 372A ,,R,D,TO,F , , ,R,70,0,0,0,1754232,5444705
Porirua City,18/11/2014,Tue,716,FB,CE1C,181A 330A ,,E,D,O ,F ,R,G,R,50,0,0,0,1754793,5444253
Porirua City,23/12/2014,Tue,1726,FD,CE1XC,181A 331A 181B ,,R,D,B ,F , , ,R,50,0,0,0,1754773,5444252
Porirua City,03/12/2014,Wed,1540,FB,CE1C,181A ,,R,D,OF,F ,R,G,C,50,0,0,0,1754788,5444252
Porirua City,30/05/2014,Fri,1615,JA,CN1C,302B 375B ,,R,D,B ,F ,T,G,C,70,0,0,0,1754170,5444983
Porirua City,08/10/2014,Wed,1230,DA,CE2,111A 131A ,T,M,W,O ,F ,T,G,R,70,0,0,0,1754182,5444986
Porirua City,28/06/2014,Sat,2012,FA,CS1C,357A 512A ,,R,D,DO,F , , ,R,70,0,0,0,1754160,5445083
Porirua City,12/10/2014,Sun,255,CC,CN1,130A 195A 402A ,T,R,D,DO,F , , ,C,50,0,0,1,1754684,5446802
Porirua City,21/12/2014,Sun,1640,BE,CN1C,410A ,,R,D,BF,F , ,N,C,70,0,0,1,1754332,5446218
Porirua City,11/12/2014,Thu,835,JA,CN1C,197A 301B 375B ,,R,D,B ,F ,T,S,C,50,0,0,0,1754519,5446616
Porirua City,15/05/2014,Thu,2010,JA,VN1C,321B ,,R,W,DO,F ,T,S,C,50,0,0,0,1754519,5446616
Porirua City,24/09/2014,Wed,1353,AO,TE1C,150A 381A ,,R,D,B ,F , ,N,C,50,0,0,0,1754636,5444238
Porirua City,30/08/2014,Sat,835,MC,CS1C,372B ,,R,D,B ,F , , ,C,70,0,0,0,1754200,5445711
Porirua City,12/08/2014,Tue,1535,FD,CN1C,181A 351A 423A ,,R,D,O ,F , , ,C,50,0,0,0,1754189,5445652
Porirua City,22/01/2014,Wed,1507,FE,VN1CC,331A 353A ,,R,D,OF,F ,T,T,P,50,0,0,1,1754207,5445750
Porirua City,16/04/2014,Wed,1840,FD,4N1CC,181A 350A ,,R,W,DO,F ,T,T,C,50,0,0,0,1754205,5445736
Porirua City,10/04/2014,Thu,1823,GE,CN1C,171B 193B 410B ,,E,W,DO,L ,R,G,R,70,0,0,0,1754105,5445239
Porirua City,26/10/2014,Sun,1506,DA,CW2CCC,131A 357A ,HM,M,D,B ,F ,T,N,N,50,0,0,0,1757380,5449592
Porirua City,07/06/2014,Sat,2019,DA,CS1,111A 131A 801 ,CFK,M,W,DO,L , , ,C,50,0,0,1,1753817,5447341
Porirua City,13/07/2014,Sun,1615,JA,CW1C,308B 375B 926 ,,R,D,O ,F ,D,N,P,50,0,0,0,1754588,5444336
Porirua City,26/11/2014,Wed,1920,MO,CS1,137A 194A 926 ,P,R,D,B ,F ,D,N,C,50,0,0,1,1754621,5444343
Porirua City,09/09/2014,Tue,1644,GD,CW1C,181A 331A 926 ,,R,D,B ,F ,D,N,C,50,0,0,1,1757328,5445959
Porirua City,28/10/2014,Tue,39,CC,CW1,125A 410A ,F,R,W,DO,F , ,N,C,50,0,0,0,1757312,5444433
Porirua City,13/07/2014,Sun,726,EA,CE1CC,130A 410A ,M,R,D,TO,M , , ,N,50,0,0,1,1756851,5444049
Porirua City,08/09/2014,Mon,853,GB,CW1C,158A 387A 929 ,,R,D,B ,F ,D,N,C,50,0,0,0,1756909,5444130
Porirua City,11/01/2014,Sat,1248,CC,MW1,112A 130A 514A ,,R,D,B ,F , , ,C,70,0,0,1,1757605,5445990
Porirua City,01/08/2014,Fri,645,FA,CN1C,112A 330A 130B ,C,R,W,O ,L , , ,C,50,0,0,0,1757840,5445184
Porirua City,13/06/2014,Fri,30,BE,CE1C,125A 620A 102B ,,R,D,DO,F , ,N,C,50,0,0,0,1757001,5446134
Porirua City,10/05/2014,Sat,1831,EA,CE1C,103A 129A ,M,E,D,DO,F , ,N,C,50,0,0,0,1756741,5443944
Porirua City,18/10/2014,Sat,1400,JA,CW1C,302B 375B ,,R,D,BF,F ,T,G,C,50,0,0,0,1756763,5443954
Porirua City,16/06/2014,Mon,1815,NB,VW1E,306A 376A 801 ,,R,W,DO,L , , ,X,50,0,1,0,1757036,5444263
Porirua City,20/08/2014,Wed,1815,FC,CE1C,331A 350A ,,R,D,DO,F , , ,X,50,0,0,0,1756578,5443915
Porirua City,14/01/2014,Tue,2155,JA,CN1C,302B 357B ,,R,D,DO,F ,T,G,C,50,0,0,0,1757820,5445251
Porirua City,10/01/2014,Fri,1800,BB,VN1CC,131A 358A ,,E,D,B ,F ,T,N,C,50,0,0,1,1757879,5445882
Porirua City,29/01/2014,Wed,2210,MD,CN1C4,112A 129A 929 ,M,R,D,TO,F ,D, ,C,50,0,0,0,1757111,5446047
Porirua City,02/09/2014,Tue,812,EA,MN1C,129A ,M,M,D,BF,F ,T,N,C,50,0,0,0,1757104,5446060
Porirua City,28/06/2014,Sat,937,JA,CS1C,302B 375B ,,E,D,B ,F ,T,G,P,50,0,0,0,1755720,5446053
Porirua City,13/08/2014,Wed,1110,MC,CE1C,372B ,,R,D,BF,F ,T,T,R,50,0,0,0,1755676,5446145
Porirua City,05/06/2014,Thu,2000,JC,CN1C,300A 370A ,,M,D,DO,F ,T,N,C,50,0,0,0,1755607,5444685
Porirua City,28/09/2014,Sun,1732,PO,CN1E,306A 407A 423A ,,R,W,O ,F , , ,X,30,0,0,1,1754580,5444365
Porirua City,02/03/2014,Sun,1220,FA,TS1CT,181A ,M,E,D,B ,F , ,N,C,80,0,0,1,1762147,5458869
Porirua City,01/11/2014,Sat,1805,DB,VS1,136A 631A ,G,E,D,OF,F , ,N,N,80,0,0,0,1761878,5458541
Porirua City,23/01/2014,Thu,2207,KA,CN1C,308B 930 ,,E,D,DN,F ,D,N,C,50,0,0,0,1760339,5456955
Porirua City,02/06/2014,Mon,1330,CA,CN1,129A 359A ,G,R,D,B ,F , , ,C,80,0,0,0,1759639,5456265
Porirua City,09/10/2014,Thu,1410,CB,MN1,130A ,F,R,D,B ,F , , ,P,50,0,0,0,1759424,5455984
Porirua City,11/08/2014,Mon,1747,CA,TN1C,136A 668A ,D,R,W,DO,L , ,N,L,50,0,0,0,1758712,5455685
Porirua City,25/10/2014,Sat,1400,FA,CS1C,181A ,,R,D,B ,F ,T,N,C,50,0,0,0,1758482,5455362
Porirua City,20/07/2014,Sun,1310,FD,CN1CC,181A ,,R,W,OF,H , ,N,L,50,0,0,0,1758470,5455268
Porirua City,25/11/2014,Tue,1530,AO,TE1C,184A 184B ,,R,W,ON,F , ,N,C,100,0,0,0,1758004,5454325
Porirua City,29/05/2014,Thu,1750,CB,CN1,137A 197A ,G,R,W,DN,F , ,N,C,100,0,0,2,1757765,5454019
Porirua City,17/07/2014,Thu,1325,CA,CN1,350A 407A 500A 903 ,GK,R,W,O ,FS, , ,C,100,0,0,0,1757767,5453772
Porirua City,17/11/2014,Mon,1648,FD,CS1C4,150A 197A 370A 688C ,G,E,W,O ,H ,X,S,C,100,0,1,3,1757721,5453405
Porirua City,15/04/2014,Tue,1710,DB,CS1,357A 414A ,G,E,D,OF,F , ,N,C,100,0,0,0,1757499,5451220
Porirua City,03/08/2014,Sun,631,DA,4S1,131A 407A 801 ,G,E,W,DO,L , , ,P,100,0,0,0,1757481,5451151
Porirua City,15/05/2014,Thu,1640,FA,CN1C,181A 191B ,,R,W,TF,F , , ,C,100,0,0,0,1757362,5450910
Porirua City,07/03/2014,Fri,1820,CB,CS1,137A ,X,R,D,ON,F , ,N,R,100,0,0,0,1757334,5450858
Porirua City,22/09/2014,Mon,1543,DA,VN1,133A 402A 801 ,FG,E,W,O ,L , , ,R,100,0,0,0,1757095,5450505
Porirua City,25/06/2014,Wed,1815,FB,CS1C,331A 801 ,,M,W,DO,L ,R,G,C,50,0,0,0,1757028,5450412
Porirua City,08/08/2014,Fri,2012,DB,CE2,111A 135A 801 ,F,M,W,DO,MS,R,G,R,50,0,0,0,1757016,5450405
Porirua City,18/02/2014,Tue,750,FB,CS1C,181A ,,R, , F,  ,R,G,R,80,0,0,0,1757023,5450363
Porirua City,16/07/2014,Wed,1415,FA,CN1C,181A 191B ,,E,W,O ,L ,R,G,P,50,0,0,1,1757006,5450382
Porirua City,24/10/2014,Fri,1720,AF,CN1S,112A 129A 150A ,,R,D,O ,F , ,N,C,50,0,0,0,1757000,5450363
Porirua City,03/12/2014,Wed,1818,AC,TN1C,372A 671A ,,R,D,O ,F , ,N,C,50,0,0,0,1756971,5450183
Porirua City,01/04/2014,Tue,700,GD,TS14,179A 181A ,,R,D,TF,F ,T,N,R,80,0,0,0,1756939,5449943
Porirua City,05/02/2014,Wed,,AA,CS1C,372A 922 ,,R, , F,  ,D,T,C,60,0,0,0,1756917,5449908
Porirua City,22/02/2014,Sat,1245,AA,4S14,386A ,,E,D,B ,F , , ,C,50,0,0,0,1756824,5449731
Porirua City,17/10/2014,Fri,818,AC,TN1C,381A 671A ,,E,D,O ,F , ,N,P,50,0,0,0,1756812,5449704
Porirua City,09/11/2014,Sun,1435,FD,VN1V4C,181A 331A 170D 402D ,,R,D,O ,F , , ,C,50,0,0,1,1756849,5449461
Porirua City,12/10/2014,Sun,420,AC,CS1C,372A 386A ,,R,D,TF,F ,X,T,P,50,0,0,0,1756900,5449375
Porirua City,15/09/2014,Mon,942,MO,CS1C,386A 926 ,M,R,D,O ,F , ,N,C,50,0,0,0,1756922,5449330
Porirua City,28/01/2014,Tue,1835,AA,VS1T,184A ,,R,D,B ,F , , ,P,50,0,0,0,1756944,5449264
Porirua City,07/12/2014,Sun,1417,FD,CN1V,181A ,,R,W,OF,H , ,N,C,50,0,0,0,1756962,5449130
Porirua City,07/09/2014,Sun,1500,FD,CS1V,181A ,,R,D,BF,F , ,N,C,50,0,0,0,1756980,5448971
Porirua City,07/10/2014,Tue,1426,AA,VS1T,159A 190A ,K,R,D,B ,F , , ,P,50,0,0,0,1756980,5448971
Porirua City,28/09/2014,Sun,1420,FD,CS1CC,112A 181A 331A ,,R,D,OF,F , , ,C,50,0,0,0,1756990,5448863
Porirua City,23/11/2014,Sun,1434,FD,CS1CCC,181A 331A 331B ,,R,D,B ,F , , ,C,50,0,0,0,1756994,5448823
Porirua City,12/03/2014,Wed,1510,AO,VS1V,150A 381A 830 ,,R,D,B ,F , ,N,P,50,0,0,0,1757002,5448744
Porirua City,17/06/2014,Tue,805,AC,TS1C,372A ,,R,D,B ,F , , ,C,50,0,0,0,1757034,5448397
Porirua City,10/06/2014,Tue,700,CB,CS1,501A 901 ,H,R,W,DO,H , , ,C,50,0,0,0,1757038,5448332
Porirua City,15/12/2014,Mon,754,AC,TS1C,372A 671A ,,R,D,B ,F , ,N,C,50,0,0,0,1757039,5448174
Porirua City,19/07/2014,Sat,100,AO,CS1C,103A 110A 130A 402A 431A 101B 800 801+,GS,E,W,DO,L , , ,R,50,0,0,0,1757012,5448028
Porirua City,25/02/2014,Tue,1815,AC,TS1C,372A 671A ,,R,D,B ,F ,T,N,C,50,0,0,0,1757008,5448016
Porirua City,13/03/2014,Thu,305,DA,CS1,131A 402A 412A ,PT,E,D,DO,F , , ,R,50,0,0,0,1757000,5447993
Porirua City,24/11/2014,Mon,916,CA,TS1,132A 181A ,,R,D,BF,F , ,N,C,50,0,0,0,1756937,5447908
Porirua City,13/09/2014,Sat,20,DA,CS1,111A 131A ,G,M,W,DO,F ,R,G,R,50,0,0,0,1756888,5447834
Porirua City,19/04/2014,Sat,911,DA,CN1,110A 351A ,GP,M,W,O ,F ,R,G,R,50,0,0,0,1756860,5447849
Porirua City,07/06/2014,Sat,1125,GC,MS1C,302B 382B 402B ,,E,D,B ,F ,R,G,C,50,0,0,1,1756859,5447789
Porirua City,26/08/2014,Tue,1000,FA,4S1C,331A ,,E,D,B ,F , , ,C,100,0,0,0,1755729,5446233
Porirua City,17/08/2014,Sun,1520,FE,CW1V,181A 199B ,,R,D,B ,F ,M,T,C,100,0,0,0,1755655,5446166
Porirua City,21/01/2014,Tue,1111,BF,CW2C,111A 131A 801 ,,R,W,O ,L ,M,T,C,100,0,0,0,1755655,5446166
Porirua City,21/11/2014,Fri,440,FE,TS1C,181A 330A ,,R,D,DO,F ,M,T,C,100,0,0,1,1755655,5446166
Porirua City,01/06/2014,Sun,1524,FE,CS1C,181A ,,R,D,B ,F ,M,T,C,100,0,0,0,1755655,5446166
Porirua City,23/05/2014,Fri,2340,DB,CN2,111A 133A ,,E,D,DO,F ,M,T,C,100,0,0,0,1755655,5446166
Porirua City,24/03/2014,Mon,800,FE,4N1C,111A 181A ,,M,D,B ,F ,M,T,C,100,0,0,0,1755655,5446166
Porirua City,18/03/2014,Tue,830,DB,MW2,131A 801 ,,M,W,OF,L ,M,T,N,100,0,0,1,1755655,5446166
Porirua City,25/03/2014,Tue,901,FD,CS14,181A ,,R,D,OF,F , ,N,R,100,0,0,0,1755633,5446146
Porirua City,01/03/2014,Sat,1900,FE,CN14,111A 181A 350A 402A ,,M,D,O ,F ,X,T,C,100,0,0,0,1755499,5446088
Porirua City,08/08/2014,Fri,1648,AA,CN1C,330A 372A 130B 197B ,CS,R,D,O ,F , , ,C,100,0,0,0,1755486,5446073
Porirua City,14/03/2014,Fri,1650,AA,CN1V,372A ,,R,D,BF,F , ,N,R,100,0,0,0,1755509,5446029
Porirua City,01/09/2014,Mon,850,FD,CS1CC,181A 191B ,,R,D,TF,F , ,N,R,100,0,0,0,1755509,5446029
Porirua City,20/08/2014,Wed,900,FD,CS1C,132A 331A ,,R,W,O ,F , ,N,N,100,0,0,0,1755480,5446002
Porirua City,26/08/2014,Tue,851,FD,CS1CC,110A 181A ,,R,D,B ,F , ,N,C,100,0,0,1,1755451,5445974
Porirua City,30/11/2014,Sun,1330,AA,VN1C,372A 381A 197B ,K,R,D,B ,F , ,N,C,100,0,0,0,1754966,5445443
Porirua City,04/08/2014,Mon,1758,FD,CN1C,181A ,,R,D,TO,F , ,N,C,100,0,0,0,1754893,5445372
Porirua City,21/08/2014,Thu,1109,FD,CN1CV,110A 330A ,,R,W,O ,L , ,N,R,100,0,0,0,1754823,5444141
Porirua City,11/06/2014,Wed,730,FA,CS1C,181A 191B 801 ,,R,W,DN,L , , ,R,100,0,0,0,1754831,5444118
Porirua City,29/08/2014,Fri,415,HA,CN1C,302A 375A ,,R,D,DO,F ,R,G,C,50,0,0,0,1754780,5443839