TLANAME,CRASHDATE,CRASHDOW,CRASHTIME,MVMT,VEHICLES,CAUSES,OBJECTSSTRUCK,ROADCURVE,ROADWET,LIGHT,WTHRa,JUNCTYPE,TRAFCTRL,ROADMARK,SPDLIM,CRASHFATALCNT,CRASHSEVCNT,CRASHMINCNT,EASTING,NORTHING
Porirua City,26/03/2014,Wed,505,FA,CS1C,112A 410A ,,R,D,DO,F , ,N,C,100,0,0,0,1754778,5443353
Porirua City,26/06/2014,Thu,704,FD,VS1VCC,181A 330A 330C ,,R,D,DO,F , ,N,C,100,0,0,0,1754461,5442856
Porirua City,30/10/2014,Thu,1225,AC,TS1C,372A 381A ,,R,D,B ,F , ,N,C,100,0,0,0,1754413,5442661
Porirua City,08/12/2014,Mon,644,CB,CS1,410A ,FP,R,D,BF,F , ,N,C,100,0,0,0,1765928,5444525
Porirua City,18/06/2014,Wed,1800,CB,VN1,132A ,,R,D,DN,F , , ,L,100,0,0,0,1765875,5444718
Porirua City,12/02/2014,Wed,654,BE,TN1VV,129A 130A 181C ,,R,W,ON,L , , ,L,100,1,0,2,1765774,5444911
Porirua City,05/01/2014,Sun,843,DA,CS1,110A 131A ,E,E,W,O ,F , ,N,C,70,0,0,0,1765726,5444961
Porirua City,13/11/2014,Thu,1600,BE,CE1C,110A 135A 802 ,,R,I,O ,HS, ,N,C,100,0,0,2,1765722,5444963
Porirua City,21/06/2014,Sat,145,DB,CS1,103A 410A ,F,E,D,DN,F , ,N,C,100,0,0,0,1765575,5445081
Porirua City,03/11/2014,Mon,800,DB,CS1,131A 135A 806 ,PS,E,W,O ,F , ,N,L,100,0,0,0,1764876,5445683
Porirua City,26/03/2014,Wed,2230,DA,CW1,111A 131A ,E,S,D,DN,F , , ,L,80,0,0,0,1763469,5446175
Porirua City,28/08/2014,Thu,1420,MA,4W1C,373B ,,R,D,O ,F ,X,S,C,100,0,0,0,1762288,5446502
Porirua City,02/10/2014,Thu,1740,JA,CE1C,301B 375B ,,R,W,O ,L ,X,S,C,100,0,0,0,1762279,5446505
Porirua City,05/09/2014,Fri,1652,GC,CE1C,372B 381B ,,R,D,TN,F ,T,G,C,100,0,0,2,1761926,5446539
Porirua City,01/08/2014,Fri,1455,CA,CN1,103A 358A ,IS,R,D,BF,F ,R,G,R,80,0,0,0,1760981,5447420
Porirua City,07/07/2014,Mon,1215,FB,CN1C,181A ,,E,D,B ,F ,R,G,C,80,0,0,1,1760981,5447420
Porirua City,21/12/2014,Sun,1510,DA,CW1,110A 131A ,C,E,D,B ,F , ,N,C,80,0,0,0,1759645,5447738
Porirua City,09/01/2014,Thu,1933,DB,CW1,111A 131A ,,M,D,O ,F , ,N,L,80,0,0,0,1759553,5447784
Porirua City,30/11/2014,Sun,1950,DA,ME1,111A 402A ,CG,S,D,TN,F , ,N,L,80,0,1,0,1758882,5447774
Porirua City,04/08/2014,Mon,1745,JC,CN2C,302A 375A ,,R,D,TO,F ,T,G,C,80,0,0,0,1758449,5447831
Porirua City,03/05/2014,Sat,500,BF,CE1C,130A 410A ,,R,W,DO,L , , ,L,80,0,0,0,1758260,5447791
Porirua City,05/01/2014,Sun,850,DA,TS1,110A 131A ,G,M,W,O ,H , ,N,L,50,0,0,0,1757898,5447947
Porirua City,20/04/2014,Sun,2120,BF,CE14,131A 402A 503A ,,M,D,DO,F ,X,S,L,50,0,0,0,1757651,5448074
Porirua City,29/01/2014,Wed,815,JA,CE1C,301B 353B ,,R,D,O ,F ,X,S,L,50,0,0,3,1757651,5448074
Porirua City,04/12/2014,Thu,900,FA,CE1C,181A 191B ,,S,D,O ,F , , ,L,50,0,0,0,1757565,5448107
Porirua City,24/05/2014,Sat,1110,BF,CE1C,131A 135A 692B 812 901 ,,E,W,O ,H , , ,L,50,0,0,1,1757292,5447991
Porirua City,09/06/2014,Mon,1900,DA,CE1,111A 131A 191A 407A 801 ,EPZ,M,W,DO,L , , ,C,50,0,0,0,1757264,5448032
Porirua City,16/12/2014,Tue,729,JA,SS1C,302B 375B ,,E,D,OF,F ,R,G,R,50,0,0,1,1756942,5447812
Porirua City,24/07/2014,Thu,1659,FA,CE1C,181A 191B ,,M,D,TF,F , , ,R,50,0,0,0,1756900,5447802
Porirua City,19/07/2014,Sat,910,HA,CW2C,302A 387A ,,E,D,OF,F ,R,G,R,50,0,0,0,1756884,5447808
Porirua City,17/10/2014,Fri,1748,KA,CW1C,302B 375B ,,E,W,OF,H ,R,G,R,50,0,0,0,1756884,5447808
Queenstown-Lakes District,09/08/2014,Sat,1100,KA,MW14,302B 375B ,,E,D,OF,F ,T,G,C,50,0,0,1,1271247,5014997
Queenstown-Lakes District,12/09/2014,Fri,1220,KA,SS1C,302B 377B ,,E,W,ON,F ,T,G,C,50,0,0,1,1294596,5044081
Queenstown-Lakes District,07/08/2014,Thu,1625,GD,TS1C44,331A 352A 927 ,M,R,D,BF,F ,D,N,C,50,0,0,1,1294492,5044346
Queenstown-Lakes District,09/12/2014,Tue,1210,FD,CN1C,331A 350A ,,R,D,O ,F , , ,C,50,0,0,0,1293628,5043552
Queenstown-Lakes District,23/06/2014,Mon,1450,ME,CW1C,371B ,,R,D,B ,F , ,N,C,50,0,0,0,1293909,5043786
Queenstown-Lakes District,06/08/2014,Wed,1433,MO,CE1,133A 423A 427A 927 ,H,M,D,BF,F ,D,N,C,50,0,0,1,1294099,5043773
Queenstown-Lakes District,02/07/2014,Wed,1500,EA,CW1C,129A ,M,R,D,B ,F , ,N,C,50,0,0,0,1294025,5043787
Queenstown-Lakes District,13/08/2014,Wed,1918,DB,CS1,139A 402A ,V,E,I,DN,FF, ,N,C,70,0,0,0,1270160,5011343
Queenstown-Lakes District,04/06/2014,Wed,315,DA,VN1,135A 802 ,C,M,I,DN,SF, ,N,C,100,0,0,0,1270136,5013498
Queenstown-Lakes District,31/08/2014,Sun,2300,DA,VN1,101A 131A ,EXZ,E,D,DN,F , , ,C,70,0,0,1,1270129,5011566
Queenstown-Lakes District,01/07/2014,Tue,845,DA,TS1,135A 802 ,C,M,I,B ,F , , ,C,70,0,0,0,1259109,5009453
Queenstown-Lakes District,01/09/2014,Mon,1550,EA,VE14,129A 352A ,M,E,D,B ,F , , ,C,50,0,0,1,1294260,5045200
Queenstown-Lakes District,16/12/2014,Tue,1500,GD,CS1C,181A ,,E,D,BF,F ,T,G,C,50,0,0,0,1294506,5043280
Queenstown-Lakes District,06/08/2014,Wed,2320,MO,XS1X,371A ,M,R,D,DO,F ,T,N,C,50,0,0,0,1258275,5004368
Queenstown-Lakes District,27/01/2014,Mon,1345,MO,VS1C,371A ,M,R,D,B ,F , , ,C,50,0,0,0,1258329,5004426
Queenstown-Lakes District,30/09/2014,Tue,1530,MO,VE1C,371A 404A 926 ,M,E,D,B ,F ,D, ,N,50,0,0,0,1258302,5004396
Queenstown-Lakes District,03/08/2014,Sun,1704,EA,4W14,129A 385A ,M,R,D,BF,F ,T,N,N,50,0,0,0,1258203,5004413
Queenstown-Lakes District,14/09/2014,Sun,330,PO,XN1E,722B 724B ,,R,D,DO,F , , ,P,50,1,0,0,1293272,5045137
Queenstown-Lakes District,18/07/2014,Fri,100,DA,VN1,101A 111A ,,S,D,DN,F ,T,N,C,50,0,0,0,1292758,5046907
Queenstown-Lakes District,06/04/2014,Sun,2300,EA,CN1C,129A ,M,R,D,DO,F ,T,S,N,50,0,0,0,1293489,5044570
Queenstown-Lakes District,05/01/2014,Sun,600,QD,VS1,652A ,F,R,D,DO,F , , ,N,50,0,0,0,1258478,5004416
Queenstown-Lakes District,17/12/2014,Wed,1650,GB,SN1C,142B 372B 927 ,,R,D,B ,F ,D, ,C,50,0,0,1,1271040,5015388
Queenstown-Lakes District,14/05/2014,Wed,1435,HA,CS2C,321A 404A 834 ,,R,D,B ,F ,X,S,C,50,0,0,0,1270972,5015230
Queenstown-Lakes District,28/05/2014,Wed,745,MO,CN1C,371A ,M,R,D,B ,F , , ,N,50,0,0,0,1257977,5004456
Queenstown-Lakes District,06/03/2014,Thu,1300,HA,CS1C,301B 375B ,,R,D,BF,F ,X,S,C,50,0,0,1,1293759,5043367
Queenstown-Lakes District,05/12/2014,Fri,1750,JA,CW1C,301B 375B ,,R,D,BF,F ,X,S,C,50,0,0,0,1293759,5043367
Queenstown-Lakes District,21/08/2014,Thu,1005,HA,CW1C,321B 335B ,,R,D,BF,F ,X,S,C,50,0,0,1,1293759,5043367
Queenstown-Lakes District,19/03/2014,Wed,1020,HA,CN2V,301A 375A ,,R,D,B ,F ,X,S,C,50,0,0,0,1293897,5043486
Queenstown-Lakes District,28/02/2014,Fri,550,BC,CN1S,120A 330A 197B 801 ,,E,W,DN,L ,T,G,C,50,0,1,0,1257796,5004082
Queenstown-Lakes District,20/08/2014,Wed,350,NG,CE1EE,376A ,,R,D,DO,F , , ,C,50,0,0,2,1258283,5004347
Queenstown-Lakes District,10/05/2014,Sat,1321,MO,VN1C,386A ,M,R,D,B ,F , , ,C,50,0,0,0,1258283,5004347
Queenstown-Lakes District,17/10/2014,Fri,850,NB,XN1E,306A 376A 724B ,,R,W,O ,L ,T,N,X,50,0,0,1,1258210,5004413
Queenstown-Lakes District,22/10/2014,Wed,1048,MA,4S1C,373B ,,E,D,B ,F , ,N,C,50,0,0,0,1258221,5004403
Queenstown-Lakes District,30/09/2014,Tue,1510,EE,CN1X,374B 671B ,M,R,D,B ,F , , ,C,50,0,0,0,1258315,5004318
Queenstown-Lakes District,31/07/2014,Thu,2005,MO,VS14,386A ,M,R,D,TO,F , , ,N,50,0,0,0,1258361,5004278
Queenstown-Lakes District,25/07/2014,Fri,1615,DA,4W1,111A 138A ,,S,I,B ,FF, ,N,N,80,0,0,0,1280471,5022285
Queenstown-Lakes District,23/11/2014,Sun,1500,DB,CN1,129A ,F,E,D,BN,F , ,N,C,100,0,0,0,1288569,5028832
Queenstown-Lakes District,28/06/2014,Sat,900,DA,4S1,135A 330A 802 ,C,E,I,B ,SF, ,N,C,100,0,0,0,1288668,5029328
Queenstown-Lakes District,26/06/2014,Thu,1715,CB,MN1,130A ,,R,D,TN,F , , ,C,70,0,1,0,1294018,5041523
Queenstown-Lakes District,03/11/2014,Mon,1545,DB,CN1,129A 350A ,G,E,W,O ,L , ,N,C,70,0,0,0,1284710,5023075
Queenstown-Lakes District,16/07/2014,Wed,1626,CB,4N1,410A ,F,R,D,B ,F , ,N,C,100,0,0,0,1294075,5039621
Queenstown-Lakes District,14/01/2014,Tue,2005,BF,4N1V,131A 330A 197B ,,M,D,B ,F , , ,C,100,0,1,0,1293312,5037932
Queenstown-Lakes District,28/05/2014,Wed,845,DA,CS1,110A 135A 802 ,P,M,I,TN,SF, ,N,C,100,0,0,0,1293150,5037818
Queenstown-Lakes District,01/06/2014,Sun,1930,DA,CS1,110A 135A 337A 802 ,V,M,I,DN,FF, , ,C,100,0,0,0,1292507,5037277
Queenstown-Lakes District,01/06/2014,Sun,1545,DA,CN1,110A 135A 802 ,C,E,I,B ,FF, , ,C,100,0,0,0,1291361,5036395
Queenstown-Lakes District,13/08/2014,Wed,830,BC,CN1C,121A 330A 197B ,V,M,D,O ,F , , ,C,100,0,0,0,1290692,5034633
Queenstown-Lakes District,01/09/2014,Mon,1840,DA,CN1,103A 111A 131A ,F,S,D,DN,F , , ,C,100,0,0,0,1291356,5036384
Queenstown-Lakes District,07/01/2014,Tue,1418,CB,CN1,129A 130A 801 ,,R,W,O ,L , , ,C,100,0,1,1,1290677,5034606
Queenstown-Lakes District,23/04/2014,Wed,1545,DA,CN1,410A ,P,E,D,BN,F , ,N,C,100,0,0,1,1290024,5033176
Queenstown-Lakes District,04/12/2014,Thu,1800,CB,CS1,129A 352A ,V,R,D,BN,F , ,N,C,100,0,0,0,1286856,5025842
Queenstown-Lakes District,25/05/2014,Sun,100,CA,40,101A 129A 134A ,,R,D,DN,F , , ,C,100,1,0,0,1303516,5052633
Queenstown-Lakes District,03/08/2014,Sun,2200,MO,CS1C,371A ,,R,D,DO,F , , ,N,50,0,0,0,1258238,5004211
Queenstown-Lakes District,27/10/2014,Mon,725,PO,OS1CE,371A ,Q,R,D,TO,F , ,N,N,50,0,0,1,1258437,5004314
Queenstown-Lakes District,13/06/2014,Fri,1645,DA,CS1,111A 131A 404A ,C,M,D,TN,F , , ,N,100,0,0,1,1262077,5014726
Queenstown-Lakes District,07/02/2014,Fri,1745,BF,MS1C,131A 205A 404A ,,E,D,B ,F , , ,C,50,0,0,1,1262840,5015329
Queenstown-Lakes District,24/10/2014,Fri,1815,DB,MN1,111A 129A 352A 404A 407A ,,M,D,O ,F , , ,C,100,0,0,1,1281316,5013086
Queenstown-Lakes District,29/07/2014,Tue,938,DA,CN1,131A 802 ,C,E,I,O ,FF, , ,C,100,0,0,0,1281323,5014790
Queenstown-Lakes District,31/12/2014,Wed,1822,BF,CS1V,111A 131A ,,E,W,O ,L , , ,C,100,0,0,1,1283224,5020470
Queenstown-Lakes District,26/06/2014,Thu,920,DA,CN1,135A 404A 802 842 ,EXZ,E,I,O ,FF, , ,C,100,0,0,2,1282050,5017471
Queenstown-Lakes District,26/06/2014,Thu,930,DB,VS1,130A 404A 407A 802 ,C,M,I,O ,FF, , ,N,100,0,0,0,1282045,5017510
Queenstown-Lakes District,30/11/2014,Sun,1030,CB,TN1,191A ,C,R,D,ON,F , ,N,C,100,0,0,0,1281956,5016231
Queenstown-Lakes District,31/12/2014,Wed,1630,BF,CN1C,135A 400A 800 806 ,,E,W,O ,L , , ,C,100,0,0,0,1279304,5009708
Queenstown-Lakes District,31/12/2014,Wed,1750,DA,CN1,111A 131A 404A 800 806 ,G,E,W,O ,L , , ,C,100,0,0,0,1279296,5009701
Queenstown-Lakes District,21/07/2014,Mon,800,DB,CN1C,135A 135B ,,S,I,O ,S , , ,C,100,0,0,0,1274471,5011248
Queenstown-Lakes District,12/11/2014,Wed,1508,DA,TW1,110A 650A ,G,S,W,O ,H , ,N,C,100,2,0,0,1278311,5009522
Queenstown-Lakes District,05/04/2014,Sat,1154,DA,VW1,111A 131A ,G,M,W,O ,F , ,N,C,100,0,0,0,1276692,5010979
Queenstown-Lakes District,08/04/2014,Tue,1800,DA,MN1,111A 133A ,G,S,D,TN,F , ,N,C,100,0,0,1,1276425,5011280
Queenstown-Lakes District,15/08/2014,Fri,225,QO,CN1,135A 400A ,G,E,I,DN,SF, ,N,C,100,0,0,0,1275945,5011503
Queenstown-Lakes District,06/11/2014,Thu,1745,BC,CN1C,121A 404A ,,S,D,B ,F , , ,C,100,0,0,0,1277565,5009823
Queenstown-Lakes District,30/12/2014,Tue,1245,DB,CE1,197A ,,M,D,BN,F , ,N,C,100,0,0,0,1275633,5011680
Queenstown-Lakes District,21/07/2014,Mon,830,BF,4E1C,135A 802 ,,S,I,ON,S , ,N,C,100,0,0,0,1273966,5011509
Queenstown-Lakes District,20/03/2014,Thu,1820,DA,CW1,111A 131A ,C,S,D,B ,F , , ,C,100,0,0,0,1273630,5011220
Queenstown-Lakes District,21/09/2014,Sun,1515,DA,CN24,101A 131A ,,R,D,B ,F ,T,G,C,50,0,0,0,1293613,5043538
Queenstown-Lakes District,21/09/2014,Sun,1516,FB,CS14,101A 331A ,,R,D,B ,F ,X,S,C,50,0,0,0,1293759,5043367
Queenstown-Lakes District,16/08/2014,Sat,240,CC,4S1V,103A 125A 410A ,M,R,D,DO,F ,X,G,C,50,0,1,0,1293906,5043192
Queenstown-Lakes District,01/04/2014,Tue,1250,GD,VE1C,331A 350A ,,R,D,BF,F ,X,G,C,50,0,0,1,1293912,5043185
Queenstown-Lakes District,02/05/2014,Fri,1245,JA,CS1C,308B 377B 839 925 ,,R,D,B ,F ,D,N,C,50,0,0,1,1293708,5043488
Queenstown-Lakes District,30/05/2014,Fri,2350,CC,CE14,103A 407A ,CM,R,D,DO,F , ,N,N,50,0,0,0,1259136,5004459
Queenstown-Lakes District,23/06/2014,Mon,1522,DA,CW1,111A 131A 132A 804 ,F,M,D,O ,F , , ,C,50,0,0,1,1258970,5004469
Queenstown-Lakes District,21/07/2014,Mon,1730,CC,4W1,112A 130A 404A 804 ,CFH,R,W,O ,L , , ,C,50,0,0,0,1259017,5004454
Queenstown-Lakes District,12/11/2014,Wed,2150,DB,VE1,195A ,X,E,D,TN,F , ,N,C,100,0,0,0,1255723,5002610
Queenstown-Lakes District,02/07/2014,Wed,1315,DB,CS1,129A 131A 404A ,V,E,I,B ,FF, , ,C,50,0,0,0,1256104,5003501
Queenstown-Lakes District,12/01/2014,Sun,1825,MD,CS1C,370A 386B 443B ,,R,D,O ,F ,T,G,C,50,0,0,1,1256044,5003421
Queenstown-Lakes District,09/04/2014,Wed,1000,DA,CN1C,111A 129A 134A 402A ,FX,M,D,O ,F , , ,C,50,0,0,0,1256713,5003677
Queenstown-Lakes District,22/06/2014,Sun,1506,EA,CN1C,129A ,M,R,D,B ,F , ,N,C,50,0,0,0,1255525,5003009
Queenstown-Lakes District,16/07/2014,Wed,830,DA,CW1,110A 138A 802 ,,M,I,B ,FF, , ,N,80,0,0,1,1262798,5010051
Queenstown-Lakes District,21/10/2014,Tue,1350,ME,CS1C,371B ,,R,D,B ,F , ,N,C,50,0,0,0,1258053,5005101
Queenstown-Lakes District,26/03/2014,Wed,1350,DA,CN1,111A 121A 134A ,FP,E,D,B ,F , ,N,C,100,0,2,0,1236068,5029053
Queenstown-Lakes District,13/01/2014,Mon,1850,EA,VN1V,130A 404A 810 930 ,M,E,D,B ,F ,D, ,C,100,0,0,0,1239832,5007959
Queenstown-Lakes District,21/11/2014,Fri,1520,DA,VE1,111A 131A ,V,S,W,ON,H , ,N,C,100,0,0,1,1250986,5000763
Queenstown-Lakes District,29/08/2014,Fri,1455,DA,CE1,131A 404A 804 ,G,E,D,B ,F , , ,C,100,0,0,0,1254154,5001502
Queenstown-Lakes District,22/10/2014,Wed,843,DA,VW1,129A 404A 407A ,V,E,D,B ,F , , ,C,100,0,0,0,1248094,4999770
Queenstown-Lakes District,02/07/2014,Wed,2144,CB,CS1,132A 804 ,ET,R,W,DN,  , , ,C,100,0,0,0,1255845,5002607
Queenstown-Lakes District,02/05/2014,Fri,2130,DB,CN1,195A ,T,E,D,DN,F , ,N,C,100,0,0,0,1256113,5002875
Queenstown-Lakes District,10/01/2014,Fri,620,DB,CE1,103A 129A 131A ,EX,E,D,DN,F , , ,C,100,0,0,0,1255814,5002591
Queenstown-Lakes District,10/04/2014,Thu,1825,BF,CN1C,205A 402A 197B ,EST,E,D,TN,F , , ,C,100,0,0,0,1255266,5002425
Queenstown-Lakes District,20/12/2014,Sat,1705,DB,CN1,129A 131A 330A ,C,M,W,O ,L , , ,C,100,0,0,0,1255138,5002156
Queenstown-Lakes District,30/08/2014,Sat,2120,DB,CN1,135A 802 804 ,C,E,I,DN,F , , ,C,100,0,0,0,1255065,5001940
Queenstown-Lakes District,24/02/2014,Mon,200,DB,CE1,131A ,C,E,D,DN,F ,T,S,C,100,0,0,0,1255832,5002599
Queenstown-Lakes District,16/10/2014,Thu,745,BF,VW1T,197A 205B ,,M,D,O ,F , , ,N,100,0,0,0,1244682,4998425
Queenstown-Lakes District,25/08/2014,Mon,1440,DB,CN1,110A 135A 802 905 ,CT,E,I,B ,SF, ,N,C,100,0,1,1,1243027,4998942
Queenstown-Lakes District,16/04/2014,Wed,850,DB,CW1,110A 135A 404A 801 ,C,M,W,ON,M , ,N,C,100,0,0,0,1252149,5001397
Queenstown-Lakes District,15/10/2014,Wed,1050,CB,CS1,130A 352A 407A ,T,R,D,B ,F , , ,C,100,0,0,0,1257216,5003623
Queenstown-Lakes District,03/01/2014,Fri,1741,QD,BN1,611A ,,E,D,BN,F , ,N,C,100,0,0,0,1256356,5003210
Queenstown-Lakes District,08/12/2014,Mon,1615,DA,4S1,129A 358A ,T,E,D,ON,F , ,N,C,100,0,0,0,,
Queenstown-Lakes District,25/02/2014,Tue,1931,DB,MN1,111A 131A 330A 402A ,C,M,D,O ,F , , ,C,100,0,1,0,1240477,5006965
Queenstown-Lakes District,21/12/2014,Sun,2030,GD,MS1C,181A 330A 402A 926 ,,E,D,B ,F ,D,N,C,100,0,0,1,1238897,5015629
Queenstown-Lakes District,29/11/2014,Sat,2323,CB,CW1,103A 112A ,CT,R,D,DO,F , ,N,C,50,0,0,1,1260545,5005269
Queenstown-Lakes District,30/09/2014,Tue,135,EA,4W1CC4,103A 130A 402A ,MMM,E,D,DO,F , , ,N,50,0,0,2,1260573,5005278
Queenstown-Lakes District,30/05/2014,Fri,1729,DA,CW1,134A 197A ,CF,M,D,B ,F , ,N,C,50,0,0,0,1260670,5005435
Queenstown-Lakes District,29/08/2014,Fri,2100,QD,XS1,428A ,F,R,D,DO,F , , ,N,50,0,0,0,1258227,5004802
Queenstown-Lakes District,11/07/2014,Fri,1655,CC,CS1,130A 407A 412A ,V,R,D,B ,F , , ,C,80,0,0,0,1258341,5006081
Queenstown-Lakes District,01/07/2014,Tue,806,CC,VN14T,135A 802 ,,R,I,TN,FF, ,N,C,80,0,0,1,1258388,5006169
Queenstown-Lakes District,13/08/2014,Wed,800,QD,4S1C,428A ,,R,D,O ,F ,T,S,R,50,0,0,0,1258313,5005885
Queenstown-Lakes District,23/05/2014,Fri,930,FB,CN1C,130A 191A 632A 801 ,,E,W,O ,L ,T,N,C,70,0,0,0,1258787,5009190
Queenstown-Lakes District,17/07/2014,Thu,1530,AC,CS1C,124A 159A ,,R,D,B ,F ,T,G,C,50,0,0,0,1258233,5005054
Queenstown-Lakes District,21/07/2014,Mon,1512,JA,CN1C,302B 375B 905 ,,R,W,O ,S ,T,G,C,50,0,0,0,1258255,5005473
Queenstown-Lakes District,03/06/2014,Tue,242,DB,CN1,110A 135A 802 905 ,CX,M,I,DN,SF, ,N,C,80,0,0,0,1259118,5008318
Queenstown-Lakes District,28/11/2014,Fri,2047,MO,VS1,330A 386A ,S,R,D,TO,F ,T,G,C,50,0,0,0,1258227,5004750
Queenstown-Lakes District,27/02/2014,Thu,1028,KA,CE14,308B 375B 927 ,,R,D,B ,F ,D, ,C,50,0,0,1,1263593,5006325
Queenstown-Lakes District,01/01/2014,Wed,1554,EE,VN1C,374B 818 ,M,R,D,ON,F , ,N,N,50,0,0,0,1258300,5004872
Queenstown-Lakes District,14/01/2014,Tue,2052,DB,CS1,111A 131A ,FH,M,D,B ,F , , ,C,50,0,0,1,1258464,5004608
Queenstown-Lakes District,12/02/2014,Wed,1500,EA,VN1C,129A ,M,R,W,OF,F , ,N,N,50,0,0,0,1258777,5004324
Queenstown-Lakes District,18/04/2014,Fri,2300,MO,CN1,103A 357A 927 ,,R,D,DN,F ,D,N,N,50,0,0,1,1257891,5005004
Queenstown-Lakes District,14/08/2014,Thu,1940,MO,VN1C,386A ,M,R,D,DO,F ,X,N,N,50,0,0,0,1257848,5004317
Queenstown-Lakes District,20/01/2014,Mon,1515,NG,CN1E,423A 507A ,HS,R,D,B ,F , , ,C,50,0,0,1,1293837,5043556
Queenstown-Lakes District,17/08/2014,Sun,110,DA,CW1X,130A 407A 802 804 ,,E,I,DO,FF,T,S,N,50,0,0,0,1259520,5004439
Queenstown-Lakes District,26/03/2014,Wed,1200,GD,CN1V,181A 352A ,,E,D,B ,F ,T,G,C,50,0,0,0,1271199,5015318
Queenstown-Lakes District,08/09/2014,Mon,110,DA,CS14C,101A 111A 131A ,HMX,E,D,DO,F , , ,N,50,0,0,0,1260073,5004813
Queenstown-Lakes District,12/02/2014,Wed,23,DA,CS14,111A 131A 402A ,FHJ,M,D,DO,F , , ,C,50,0,0,0,1260038,5004795
Queenstown-Lakes District,03/06/2014,Tue,820,DB,CE1,111A 131A ,C,M,D,O ,F , ,N,C,50,0,0,0,1267660,5008140
Queenstown-Lakes District,26/09/2014,Fri,2310,DA,4N1,129A 131A 351A ,P,E,D,DN,F , , ,C,80,0,0,3,1265399,5013119
Queenstown-Lakes District,10/04/2014,Thu,830,NA,4S1E,713B 727B ,,R,D,O ,F , , ,C,80,0,1,0,1265658,5012855
Queenstown-Lakes District,25/11/2014,Tue,1600,MO,4W1C,330A 371A ,,R,D,O ,F ,T,G,R,50,0,0,0,1258242,5005170
Queenstown-Lakes District,11/02/2014,Tue,1700,EA,CW1V,129A ,M,E,D,BF,F , ,N,N,50,0,0,0,1258026,5004560
Queenstown-Lakes District,18/03/2014,Tue,1310,CB,CN1,129A 130A ,V,R,D,B ,F , , ,N,50,0,0,0,1263956,4971646
Queenstown-Lakes District,14/10/2014,Tue,1840,MO,CS1C,386A ,M,R,D,O ,F , , ,N,50,0,0,0,1264003,5006440
Queenstown-Lakes District,04/12/2014,Thu,940,DA,4S1,111A 131A ,C,M,D,OF,F ,T,N,C,100,0,0,1,1306411,5041922
Queenstown-Lakes District,23/09/2014,Tue,2110,EA,4W14V,129A 410A ,M,E,D,DO,F , , ,C,50,0,0,0,1294108,5044345
Queenstown-Lakes District,13/04/2014,Sun,1045,CC,VS1,195A ,C,R,D,ON,F , ,N,N,100,0,0,0,1230516,5029572
Queenstown-Lakes District,15/02/2014,Sat,630,DA,CS1,103A 111A ,F,E,D,DO,F , ,N,C,50,0,0,0,1263396,5006122
Queenstown-Lakes District,26/12/2014,Fri,1645,EA,CW1C,129A 386A ,M,R,D,O ,F , , ,C,50,0,0,0,1263746,5005701
Queenstown-Lakes District,06/05/2014,Tue,2229,MA,CW1V,373B ,,R,W,DO,L , , ,C,50,0,0,0,1257373,5003803
Queenstown-Lakes District,25/07/2014,Fri,1755,NA,CS1E,711B ,,R,D,BN,F , ,N,C,50,0,0,1,1257621,5003967
Queenstown-Lakes District,17/05/2014,Sat,1320,MA,VW1C,373B 378B 834 ,,R,D,O ,F , ,N,C,50,0,0,0,1257373,5003803
Queenstown-Lakes District,24/07/2014,Thu,900,MO,CN1V,372B ,M,E,D,BN,F , ,N,C,50,0,0,0,1293841,5043849
Queenstown-Lakes District,10/09/2014,Wed,630,MO,VS1V,386A ,M,R,D,B ,F , , ,N,50,0,0,0,1260721,5005127
Queenstown-Lakes District,14/12/2014,Sun,130,EA,4N1VC,101A 330A 355A ,CM,R,D,DO,F , , ,N,50,0,0,0,1258885,5004575
Queenstown-Lakes District,16/07/2014,Wed,1800,MO,TE1,330A 371A 929 ,,R,D,TN,F ,D,N,N,50,0,0,0,1255913,5003269
Queenstown-Lakes District,27/05/2014,Tue,1235,MC,VN1V,372B ,,R,W,B ,F , , ,C,80,0,0,0,1266288,5010260
Queenstown-Lakes District,13/04/2014,Sun,30,DB,CN1,104A 131A 410A ,TX,M,D,DN,F , ,N,C,100,0,0,0,1266168,5008786
Queenstown-Lakes District,30/07/2014,Wed,850,DB,CS1,111A 131A ,FT,M,W,ON,L , ,N,C,80,0,0,0,1266373,5008390
Queenstown-Lakes District,15/03/2014,Sat,1225,QD,TW1CC,330A 611A ,M,R,D,O ,F ,T,N,N,50,0,0,0,1258437,5004649