TLANAME,CRASHDATE,CRASHDOW,CRASHTIME,MVMT,VEHICLES,CAUSES,OBJECTSSTRUCK,ROADCURVE,ROADWET,LIGHT,WTHRa,JUNCTYPE,TRAFCTRL,ROADMARK,SPDLIM,CRASHFATALCNT,CRASHSEVCNT,CRASHMINCNT,EASTING,NORTHING
Queenstown-Lakes District,01/11/2014,Sat,1200,MO,VS1C,130A 929 ,KM,E,D,ON,F , ,N,N,50,0,0,0,1258520,5004742
Queenstown-Lakes District,06/02/2014,Thu,1100,DC,CW1,112A 403A 404A ,EFJ,R,D,B ,F ,T,G,N,50,0,0,0,1258350,5004555
Queenstown-Lakes District,06/02/2014,Thu,2110,DA,CE1,111A 131A ,G,M,D,B ,F , , ,L,80,0,0,0,1260666,5011029
Queenstown-Lakes District,16/07/2014,Wed,720,DB,CE1,135A 802 ,FT,M,I,TN,FF, ,N,N,100,0,0,0,1264202,5013224
Queenstown-Lakes District,29/07/2014,Tue,820,DA,CW1,135A 802 ,CF,E,I,ON,FF, ,N,C,100,0,0,1,1264093,5013137
Queenstown-Lakes District,04/06/2014,Wed,1650,CC,40,134A 135A 802 905 ,CJV,R,I,TN,SF, ,N,C,100,0,0,1,1270559,5014958
Queenstown-Lakes District,12/07/2014,Sat,1130,DA,CE1,111A 131A 632A 804 ,ET,M,D,O ,F ,T,G,C,100,0,0,1,1268087,5014430
Queenstown-Lakes District,24/11/2014,Mon,1414,FA,400000000000000,181A ,,R,D,BF,F ,T,G,R,50,0,0,0,1258001,5004424
Queenstown-Lakes District,05/03/2014,Wed,1700,KA,CN2C,302B ,,M,D,B ,F ,R,G,R,50,0,0,0,1258104,5004508
Queenstown-Lakes District,23/01/2014,Thu,1700,EA,CS1C,129A ,M,R,D,BF,F , ,N,C,50,0,0,0,1263643,5006237
Queenstown-Lakes District,21/07/2014,Mon,930,DB,TE1C,136A 802 ,M,M,I,ON,S , ,N,C,100,0,0,0,1258801,5008769
Queenstown-Lakes District,18/04/2014,Fri,2030,MO,4W1C,371A ,M,R,D,DO,F , , ,C,50,0,0,0,1258510,5004428
Queenstown-Lakes District,28/08/2014,Thu,1330,NB,CE2K,370A 376A 724B ,,S,D,O ,F ,R,G,R,50,0,0,1,1258104,5004508
Queenstown-Lakes District,28/05/2014,Wed,1910,NA,CS1EE,711B 724B 711C 724C ,,R,D,DO,F ,R,G,C,50,0,0,2,1258104,5004508
Queenstown-Lakes District,21/07/2014,Mon,900,DB,4S1,135A 802 803 ,Q,M,I,O ,S ,T,G,N,50,0,0,0,1261654,5005777
Queenstown-Lakes District,21/12/2014,Sun,1740,CA,SS1,138A 812 ,,R,D,B ,F , , ,N,50,0,1,0,1252551,5002791
Queenstown-Lakes District,03/09/2014,Wed,10,DA,CS1,103A 131A ,T,M,D,DN,F , , ,C,80,0,0,0,1252808,5001526
Queenstown-Lakes District,30/01/2014,Thu,1020,MO,CS1C,357A 512A ,,R,D,BN,F , ,N,N,100,0,0,0,1251908,5003510
Queenstown-Lakes District,28/12/2014,Sun,150,DA,TS1,111A 138A ,,M,D,DN,F , ,N,N,100,0,0,1,1296019,5046137
Queenstown-Lakes District,17/10/2014,Fri,800,EA,CE1C,129A 350A ,M,R,W,O ,L , ,N,C,50,0,0,0,1259356,5004275
Queenstown-Lakes District,07/09/2014,Sun,1750,EA,CE1C,131A 404A ,M,E,D,B ,F , , ,N,50,0,0,0,1259343,5004272
Queenstown-Lakes District,18/10/2014,Sat,219,DB,CN1C,103A 111A 131A 514A ,M,E,D,DO,F , , ,C,50,0,0,0,1293860,5044413
Queenstown-Lakes District,03/07/2014,Thu,30,EA,CE1C,129A ,M,M,D,DO,F , ,N,N,50,0,0,0,1261013,5005561
Queenstown-Lakes District,30/04/2014,Wed,1700,EA,CE1B,386A ,M,R,D,B ,F , ,N,C,50,0,0,0,1271233,5015451
Queenstown-Lakes District,04/08/2014,Mon,1340,MA,4N1C4,373B ,M,S,D,BF,F , ,N,C,50,0,0,0,1294389,5044093
Queenstown-Lakes District,27/04/2014,Sun,1800,MO,CS1C,371A 926 ,M,R,W,DO,F ,D,N,N,50,0,0,0,1258077,5004330
Queenstown-Lakes District,21/12/2014,Sun,1045,MO,CS1C,386A 801 ,M,R,W,O ,L , , ,N,30,0,0,0,1258122,5004291
Queenstown-Lakes District,04/08/2014,Mon,945,MO,VN1C,371A ,M,R,D,O ,F , , ,N,50,0,0,0,1258137,5004278
Queenstown-Lakes District,16/10/2014,Thu,1200,CC,CN1,195A 402A 403A ,V,R,D,B ,F ,T,N,N,100,0,0,1,1236446,5029747
Queenstown-Lakes District,01/07/2014,Tue,1720,DA,CS1,131A 402A 802 803 ,V,E,I,DN,FF, , ,N,100,0,0,0,1269392,5004126
Queenstown-Lakes District,31/01/2014,Fri,1455,HA,CN1O,321B 375B ,,R,D,BF,F ,X,S,C,80,0,0,1,1295478,5041849
Queenstown-Lakes District,17/09/2014,Wed,1548,EA,CW14,103A 129A ,M,R,D,B ,F , , ,N,50,0,0,0,1264044,5005175
Queenstown-Lakes District,22/11/2014,Sat,1300,BB,TE1C,124A 110B ,,R,D,B ,H ,T,G,C,50,0,0,0,1258233,5005054
Queenstown-Lakes District,09/05/2014,Fri,1000,DA,CS1,131A ,F,M,D,ON,F , ,N,N,100,0,0,0,1228668,5036076
Queenstown-Lakes District,23/08/2014,Sat,215,DC,CE1CV,101A 112A ,M,R,D,DO,F ,T,G,C,50,0,0,1,1258235,5005471
Queenstown-Lakes District,08/09/2014,Mon,845,EA,CW1C,129A ,M,R,D,B ,F , , ,N,50,0,0,0,1258139,5005466
Queenstown-Lakes District,26/12/2014,Fri,1700,MO,CN1C,310A 371A 404A ,B,R,D,B ,F , ,G,N,70,0,0,0,,
Queenstown-Lakes District,06/09/2014,Sat,2100,DC,CW1,195A 335A ,J,E,D,DN,F ,T,S,N,80,0,0,0,1264488,5011237
Queenstown-Lakes District,30/08/2014,Sat,1115,DB,MN2,129A 341A ,I,S,D,BF,F ,T,G,R,70,0,1,0,1305725,5048703
Queenstown-Lakes District,07/08/2014,Thu,1400,FD,CW1C,181A ,,R,D,OF,F , ,N,C,50,0,0,0,1258200,5004568
Queenstown-Lakes District,31/01/2014,Fri,1945,CA,CN1,130A 423A ,EJ,R,D,O ,F , , ,N,50,0,0,1,1260670,5005495
Queenstown-Lakes District,29/07/2014,Tue,845,DA,CN1,135A 802 ,C,M,I,BN,FF, ,N,N,50,0,0,0,1268138,5014360
Queenstown-Lakes District,28/03/2014,Fri,2115,FA,CN1M,181A ,,M,D,DN,F , ,N,C,80,0,0,0,1265463,5008180
Queenstown-Lakes District,18/04/2014,Fri,830,DA,VE2,103A 111A 131A ,C,M,W,DO,FS,T,S,C,50,0,0,1,1259520,5004439
Queenstown-Lakes District,28/08/2014,Thu,1243,DA,MW1,129A 131A ,F,E,D,B ,F , , ,C,100,0,0,2,1290948,5043212
Queenstown-Lakes District,01/01/2014,Wed,2301,BC,CE1C,104A 355A 404A 104B ,,E,D,DN,F , , ,C,100,0,2,2,1284414,5045468
Queenstown-Lakes District,17/03/2014,Mon,1426,DA,CN1,129A 352A ,F,E,D,ON,F , ,N,C,100,0,0,1,1290425,5043856
Queenstown-Lakes District,08/06/2014,Sun,500,DA,4W1,101A 137A ,P,E,D,DO,M ,Y,N,C,50,0,0,0,1292071,5042849
Queenstown-Lakes District,02/12/2014,Tue,1800,DA,CW1,129A 404A ,V,E,D,BN,F , ,N,N,100,0,0,1,1276524,5051456
Queenstown-Lakes District,22/12/2014,Mon,1525,DA,VS1,129A ,,M,D,BN,F , ,N,N,100,0,0,0,1273110,5062158
Queenstown-Lakes District,21/11/2014,Fri,1932,MO,VW1,101A 371A 929 ,,R,D,B ,F ,D,N,C,50,0,0,0,1258237,5004761
Queenstown-Lakes District,30/01/2014,Thu,2210,DA,CS1C,103A 131A ,FM,S,D,DO,F , , ,N,50,0,1,0,1256333,5003754
Queenstown-Lakes District,18/03/2014,Tue,1830,BB,CS1C,123A 386A 404A ,,E,D,B ,F , , ,C,100,0,2,1,1305429,5105040
Queenstown-Lakes District,09/03/2014,Sun,1700,CB,CS1,410A ,F,R,D,BN,F , ,N,P,100,0,0,1,1296631,5088454
Queenstown-Lakes District,16/11/2014,Sun,1714,DA,CS1,129A 134A ,T,M,D,BN,F , ,N,C,100,0,0,0,1296550,5088195
Queenstown-Lakes District,27/05/2014,Tue,1320,PO,ON1E,370A 386A 404A ,,R,D,B ,F , ,N,C,100,0,0,1,1296037,5085432
Queenstown-Lakes District,16/12/2014,Tue,715,DA,CN1,129A 134A ,T,E,D,BN,F , ,N,C,100,0,0,0,1295326,5083563
Queenstown-Lakes District,06/11/2014,Thu,1315,GE,4S1C,160A 333A 930 ,,E,D,B ,F ,D, ,C,100,0,0,0,1294756,5081896
Queenstown-Lakes District,28/10/2014,Tue,1249,DB,CN1,129A 134A 404A ,C,E,D,O ,F , ,N,C,100,0,0,1,1295963,5079316
Queenstown-Lakes District,21/10/2014,Tue,1726,FA,VS1CC,181A 331A 191C ,,E,D,B ,F , ,N,C,100,0,0,0,1296331,5075892
Queenstown-Lakes District,12/02/2014,Wed,1140,EC,CN1,912,W,R,D,B ,F , ,N,C,100,0,0,0,1302252,5053637
Queenstown-Lakes District,25/08/2014,Mon,1930,DB,CN1,131A 195A ,V,E,D,DN,F , ,N,C,100,0,0,0,1302263,5053141
Queenstown-Lakes District,06/08/2014,Wed,1830,EC,CN1,341A 821 903 ,X,R,D,DN,FS, , ,C,100,0,1,0,1301843,5052030
Queenstown-Lakes District,31/05/2014,Sat,1100,DB,4N1,101A 111A 131A 633A ,CT,M,D,B ,F , , ,C,100,0,0,1,1301442,5050902
Queenstown-Lakes District,13/07/2014,Sun,2300,DA,CN1,111A 131A 404A ,,S,W,DN,F , ,N,C,80,0,0,0,1301185,5050655
Queenstown-Lakes District,20/04/2014,Sun,1330,CB,CN1,410A ,T,R,D,BN,F , ,N,C,100,0,0,0,1298510,5046840
Queenstown-Lakes District,03/01/2014,Fri,135,PO,VS1E,105B 722B ,,R,W,DN,H , , ,C,100,0,1,0,1298104,5045543
Queenstown-Lakes District,11/10/2014,Sat,1520,FD,4N1C,181A ,,R,D,BN,F , ,G,C,70,0,0,0,1298085,5045436
Queenstown-Lakes District,02/04/2014,Wed,1455,AO,4N1S,381A ,,R,D,BN,F , ,N,C,80,0,0,0,1298085,5045436
Queenstown-Lakes District,03/03/2014,Mon,1722,KB,4S1VV,302B 404B ,,R,D,B ,F ,T,G,C,80,0,0,0,1296660,5043605
Queenstown-Lakes District,02/03/2014,Sun,230,DA,VE1,103A 131A 402A ,EF,M,D,DN,F , , ,C,100,0,0,2,1296992,5043531
Queenstown-Lakes District,14/01/2014,Tue,2,EC,CE1,912,W,E,D,DN,F , , ,L,100,0,0,1,1303296,5040247
Queenstown-Lakes District,06/11/2014,Thu,1617,JA,TS1V,302B 375B 404B ,,M,D,B ,F ,T,G,R,100,3,1,1,1303760,5039817
Queenstown-Lakes District,20/09/2014,Sat,1645,JA,4N14,197A 308B 330B 929 ,,R,D,B ,F ,D,N,C,50,0,0,0,1304624,5038282
Queenstown-Lakes District,18/10/2014,Sat,1630,DA,VE1,131A 403A ,G,S,W,O ,F , ,N,C,100,0,0,0,1290183,5009364
Queenstown-Lakes District,02/05/2014,Fri,2130,DA,40,129A 131A ,,M,D,DN,F , , ,C,100,0,0,0,1289832,5008978
Queenstown-Lakes District,01/01/2014,Wed,1430,DA,CN1,131A 801 ,C,E,W,O ,L , , ,C,100,0,0,1,1289667,5007665
Queenstown-Lakes District,01/09/2014,Mon,1835,MC,CN1C,372B ,,E,D,TN,F , , ,L,100,0,0,0,1289667,5007665
Queenstown-Lakes District,03/07/2014,Thu,1342,DA,CS1,111A 400A ,C,M,D,O ,F , ,N,C,100,0,0,1,1289283,5007306
Queenstown-Lakes District,09/05/2014,Fri,845,AD,CN1,111A 130A 154A 404A 801 ,C,M,W,O ,L , , ,C,100,0,0,0,1288423,5006727
Queenstown-Lakes District,18/07/2014,Fri,1750,DB,VE1,111A 131A ,C,M,I,DN,F , ,N,C,100,0,0,2,1288539,5002946
Queenstown-Lakes District,02/06/2014,Mon,935,DB,CW1,131A 404A 802 ,V,M,I,O ,FF, , ,L,100,0,0,0,1288299,5002804
Queenstown-Lakes District,12/09/2014,Fri,1505,CB,VS1,110A ,CG,R,W,O ,L , ,N,C,100,0,1,0,1287489,5003721
Queenstown-Lakes District,04/02/2014,Tue,1945,CB,CN1,129A 352A ,,R,D,B ,F , , ,C,100,0,0,0,1287341,5004235
Queenstown-Lakes District,27/01/2014,Mon,1800,DA,VS1,131A 406A ,B,M,D,B ,F , , ,L,100,0,0,1,1286152,5004748
Queenstown-Lakes District,02/04/2014,Wed,1655,CB,40,197A 333A ,F,R,D,BN,F , ,N,C,100,0,0,0,1281864,5006331
Queenstown-Lakes District,05/07/2014,Sat,625,DA,CE1,111A 131A ,C,E,D,DN,F , ,N,C,100,0,0,0,1278700,5007646
Queenstown-Lakes District,05/02/2014,Wed,1315,FD,CW1CCV,181A 191B 377B 141C 372C 197D ,,R,D,B ,F , , ,L,100,0,0,3,1278155,5007636
Queenstown-Lakes District,31/05/2014,Sat,1001,CA,4W1,135A 402A 802 803 ,C,R,I,B ,F , , ,C,100,0,0,0,1276724,5007766
Queenstown-Lakes District,11/08/2014,Mon,1700,LB,VE14,303B 404B 927 ,,R,W,O ,F ,D,N,C,100,0,0,2,1276704,5007767
Queenstown-Lakes District,05/03/2014,Wed,1255,BB,4W1C,123A 404A ,,E,D,B ,F , ,N,C,100,0,4,3,1276228,5007755
Queenstown-Lakes District,01/06/2014,Sun,2108,DA,CS1,110A 135A 402A 802 905 ,FPT,M,I,DN,SF, ,N,C,100,0,0,1,1273625,5010268
Queenstown-Lakes District,02/06/2014,Mon,1812,DB,CN1,110A 134A 802 ,,E,I,DN,FF, ,N,C,100,0,0,1,1273360,5010445
Queenstown-Lakes District,18/11/2014,Tue,1720,JA,CS1C,301B 375B ,,R,D,B ,F ,T,S,C,100,0,0,0,1273206,5010697
Queenstown-Lakes District,24/06/2014,Tue,1205,KB,TN1V,301B 351B ,,M,D,O ,F ,T,S,C,100,0,0,0,1273206,5010697
Queenstown-Lakes District,07/08/2014,Thu,2253,DA,CS1,101A 198A ,C,E,D,DN,F , ,N,L,80,0,0,0,1269362,5009119
Queenstown-Lakes District,06/04/2014,Sun,1345,GD,VE14,333A 353A ,,R,D,O ,F ,X,S,C,100,0,0,0,1268570,5009070
Queenstown-Lakes District,14/09/2014,Sun,1940,DB,CW1,131A 191A 804 ,FX,R,D,DO,F ,T,G,C,100,0,0,0,1267564,5008646
Queenstown-Lakes District,15/04/2014,Tue,805,FB,4N1C,331A ,,R,W,O ,L ,T,G,C,100,0,0,0,1267564,5008646
Queenstown-Lakes District,17/05/2014,Sat,1100,JC,CN2C,301A 375A ,,R,D,BF,F ,T,S,C,80,0,0,0,1264897,5007451
Queenstown-Lakes District,03/09/2014,Wed,915,JA,4S1C4,301B 363B 370B 902 ,,R,D,B ,F ,T,S,L,80,0,0,3,1264897,5007451
Queenstown-Lakes District,15/01/2014,Wed,1234,JA,4S1C,301B ,,R,D,B ,F ,T,S,P,80,0,0,0,1264897,5007451
Queenstown-Lakes District,03/04/2014,Thu,1831,FA,CN1C,181A 132B 407B ,,R,D,TN,F ,T,S,C,80,0,0,0,1264897,5007451
Queenstown-Lakes District,03/06/2014,Tue,1150,JA,CS14,301B 375B ,,R,D,O ,F ,T,S,C,80,0,0,0,1264897,5007451
Queenstown-Lakes District,30/09/2014,Tue,1713,FD,VW14,181A 331A ,,R,D,B ,F ,T,S,C,80,0,0,1,1264890,5007444
Queenstown-Lakes District,03/03/2014,Mon,1720,FD,VS1C,110A 181A ,,R,W,O ,H , ,N,C,80,0,0,0,1264863,5007414
Queenstown-Lakes District,07/05/2014,Wed,840,MC,CN1C,350B 372B ,,E,W,OF,L , ,N,L,100,0,0,0,1264348,5006885
Queenstown-Lakes District,12/06/2014,Thu,1105,FA,CW14,181A 331A 191B ,,R,D,B ,F , , ,C,80,0,0,2,1264267,5006823
Queenstown-Lakes District,18/11/2014,Tue,810,MC,CE1C,110B 372B ,,R,D,O ,F , ,N,C,80,0,0,0,1264031,5006642
Queenstown-Lakes District,23/06/2014,Mon,345,EC,XN1,915,W,R,D,DN,FF, , ,C,50,0,0,0,1263975,5006599
Queenstown-Lakes District,17/03/2014,Mon,1415,FB,CE1C,181A ,,R,D,O ,F ,X,G,C,50,0,0,0,1263952,5006581
Queenstown-Lakes District,11/07/2014,Fri,1838,KA,CE1C,302B 353B 801 ,,R,W,DO,L ,R,G,R,50,0,0,0,1263680,5006432
Queenstown-Lakes District,02/11/2014,Sun,1605,DA,CN2,103A 111A 131A ,X,S,W,OF,H ,R,G,R,50,0,0,0,1263678,5006426
Queenstown-Lakes District,07/08/2014,Thu,1541,LB,CN1C,303B 377B ,,R,D,ON,F ,T,G,C,50,0,0,0,1263693,5006363
Queenstown-Lakes District,25/05/2014,Sun,940,KA,CS1C,302B ,,E,W,O ,H ,R,G,P,70,0,0,0,1263924,5005793
Queenstown-Lakes District,26/09/2014,Fri,1535,DA,CW2,111A 131A ,IS,M,D,O ,F ,R,G,R,70,0,0,0,1263920,5005783
Queenstown-Lakes District,26/11/2014,Wed,1410,CB,TS1,686A 818 ,B,R,D,BN,F , ,N,N,70,0,0,0,1263851,5005002
Queenstown-Lakes District,14/05/2014,Wed,933,CA,TS1,665A ,,R,D,B ,F , ,N,N,70,0,0,0,1263851,5005002
Queenstown-Lakes District,08/11/2014,Sat,1516,DA,MW1,135A 800 ,,S,D,BN,F , ,N,C,100,0,0,0,1264805,5003938
Queenstown-Lakes District,14/04/2014,Mon,2000,EC,CN1,915,W,R,D,DN,F , , ,C,100,0,0,0,1265615,5002721
Queenstown-Lakes District,12/09/2014,Fri,1900,DB,CS1,111A 131A ,C,M,W,DN,L , , ,C,100,0,0,0,1266404,4993804
Queenstown-Lakes District,30/04/2014,Wed,445,DA,CN1,104A 111A 131A 404A 412A 818 ,EGT,M,D,DN,F , , ,C,100,0,0,2,1266661,4992785
Queenstown-Lakes District,18/01/2014,Sat,1800,DA,MS1,101A 131A 352A ,,E,D,ON,F , ,N,C,100,0,0,1,1266113,4989626
Queenstown-Lakes District,12/02/2014,Wed,2000,DA,CN1,131A 800 ,C,E,W,TN,F , , ,C,100,0,0,0,1265845,4987978
Queenstown-Lakes District,02/05/2014,Fri,1640,BC,CN1C,111A 121A ,,M,D,O ,F , ,N,C,100,0,0,0,1266519,4980507
Queenstown-Lakes District,06/05/2014,Tue,1030,AA,CS1C,372A 404A ,,R,D,B ,F , , ,C,100,0,0,0,1266879,4979572
Queenstown-Lakes District,26/11/2014,Wed,1605,BE,MS1BM,125A 500A ,V,R,D,B ,FS, ,N,C,100,1,1,3,1266824,4972935
Queenstown-Lakes District,02/03/2014,Sun,1200,GE,CE1S,173A ,,E,D,O ,F ,R,G,R,50,0,0,1,1263654,5006432
Queenstown-Lakes District,20/10/2014,Mon,1826,FA,CE14,181A 330A ,,R,D,O ,F ,R,G,C,50,0,0,0,1263654,5006432
Queenstown-Lakes District,31/12/2014,Wed,1725,FA,400000000000000,181A 331A 352A 191B ,,R,D,O ,F , , ,C,50,0,0,0,1263605,5006425
Queenstown-Lakes District,12/03/2014,Wed,1820,QD,CE14,330A 611A ,,R,D,B ,F ,R,G,R,50,0,0,0,1263601,5006424
Queenstown-Lakes District,08/01/2014,Wed,1500,CA,4W14,129A 359A ,M,R,D,OF,F , ,N,N,50,0,0,0,1263586,5006422
Queenstown-Lakes District,27/07/2014,Sun,1700,KA,CW1C,302B ,,R,D,O ,F ,T,G,C,70,0,0,0,1263571,5006420
Queenstown-Lakes District,14/11/2014,Fri,1925,MA,BW1C,103B 140B 373B ,,R,D,B ,F , ,N,C,70,0,1,0,1262551,5006226
Queenstown-Lakes District,19/07/2014,Sat,1625,EC,CW1,129A 504A ,I,R,D,OF,F , ,N,R,70,0,0,0,1262521,5006207
Queenstown-Lakes District,30/07/2014,Wed,1015,CB,4S1,129A 504A ,T,R,W,ON,H ,T,N,C,50,0,0,0,1262145,5005936
Queenstown-Lakes District,21/01/2014,Tue,1347,FO,CE1C,181A 191B ,,R,D,B ,F , , ,R,70,0,0,0,1261567,5005723
Queenstown-Lakes District,14/07/2014,Mon,2105,DB,CS1,111A 131A 402A ,FP,E,D,DO,F , , ,P,70,0,0,0,1260415,5004939
Queenstown-Lakes District,07/05/2014,Wed,850,FD,VE1VV,331A 352A ,,R,W,OF,L , ,N,C,50,0,0,0,1259036,5004094
Queenstown-Lakes District,24/01/2014,Fri,2000,GD,CW1C,333A 363A 902 ,,R,D,BF,F ,X,G,C,50,0,0,0,1258939,5004120
Queenstown-Lakes District,22/09/2014,Mon,1258,MO,VS14,330A 386A ,M,R,D,O ,F , , ,C,50,0,0,0,1258418,5004375
Queenstown-Lakes District,13/02/2014,Thu,1938,MA,SN1C,373B ,,R,W,O ,F , ,N,C,50,0,0,1,1258365,5004421
Queenstown-Lakes District,20/12/2014,Sat,1155,FC,CS1C,181A 331A 801 ,,R,W,O ,L , , ,X,50,0,0,0,1258354,5004431
Queenstown-Lakes District,26/07/2014,Sat,745,FC,4S1C,181A ,,R,D,BF,F , ,N,X,50,0,0,0,1258354,5004431
Queenstown-Lakes District,19/01/2014,Sun,1540,GO,CN14,173A ,,R,D,BF,F ,R,G,C,50,0,0,0,1258342,5004440
Queenstown-Lakes District,20/02/2014,Thu,1227,AO,CN1C,150A 381A ,,R,D,B ,F ,R,G,C,50,0,0,0,1258342,5004440
Queenstown-Lakes District,13/07/2014,Sun,1728,HA,CN14,302A 353A 375A ,,R,W,DO,L ,R,G,R,50,0,0,0,1258342,5004440
Queenstown-Lakes District,23/03/2014,Sun,1545,GF,BN2C,179A 386A 818 ,,M,D,B ,F ,R,G,C,50,0,0,0,1258238,5004535
Queenstown-Lakes District,07/07/2014,Mon,1700,HA,VE14,302A 375A ,,M,D,TO,F ,R,G,C,50,0,0,0,1258238,5004535
Queenstown-Lakes District,16/04/2014,Wed,1930,MG,CW14,103B 371B ,,M,D,DO,F ,R,G,R,50,0,0,0,1258238,5004535
Queenstown-Lakes District,23/02/2014,Sun,1229,AO,VS1C,150A 371B ,,M,D,O ,F , ,N,P,50,0,0,0,1258178,5004469
Queenstown-Lakes District,12/03/2014,Wed,755,HA,CN2C,302A ,,R,D,O ,F ,R,G,R,50,0,0,0,1258165,5004454
Queenstown-Lakes District,16/09/2014,Tue,1255,MA,TN1C,373B ,,R,D,O ,F , , ,C,50,0,0,0,1258083,5004367
Queenstown-Lakes District,12/04/2014,Sat,1307,CB,CW1,501A ,X,R,D,O ,F , , ,C,50,0,0,0,1258047,5004333
Queenstown-Lakes District,30/08/2014,Sat,905,MO,CE14,371A ,M,R,D,B ,F , , ,N,50,0,0,0,1258047,5004333
Queenstown-Lakes District,25/03/2014,Tue,1146,MA,CE1C,373B ,,R,W,O ,F , ,N,C,50,0,0,0,1257946,5004254
Queenstown-Lakes District,12/04/2014,Sat,2100,EA,CN14,129A ,M,R,W,DO,F , ,N,C,50,0,0,0,1257929,5004229
Queenstown-Lakes District,16/07/2014,Wed,750,LB,VE1C,303B 387B 402B ,,E,D,O ,F ,T,G,C,80,0,0,0,1296660,5043605
Queenstown-Lakes District,11/11/2014,Tue,1420,JA,CE1C,302B 375B ,,R,D,B ,F ,T,G,R,80,0,0,1,1296660,5043605
Queenstown-Lakes District,08/03/2014,Sat,1130,FD,CW14,181A ,,R,D,BN,F , ,N,L,80,0,0,1,1295686,5043729
Queenstown-Lakes District,11/07/2014,Fri,1255,MA,CE1V,373B ,,E,W,ON,L , ,N,C,80,0,0,1,1294799,5043993
Queenstown-Lakes District,29/08/2014,Fri,1030,FB,VS1C,181A 331A ,,E,D,O ,F ,R,G,C,50,0,0,0,1294604,5043960
Queenstown-Lakes District,28/08/2014,Thu,1626,JA,SE14,302B 377B ,,R,D,B ,F ,R,G,C,50,0,1,0,1294604,5043960
Queenstown-Lakes District,18/07/2014,Fri,740,HA,CW1T,302A 375A ,,M,D,TO,FF,R,G,R,50,0,0,0,1294200,5043751
Queenstown-Lakes District,11/01/2014,Sat,1800,CB,CN1,129A 650A ,V,R,D,B ,F , , ,C,100,0,0,0,1310809,5037822
Queenstown-Lakes District,24/04/2014,Thu,1205,FD,TN1C,181A ,,R,D,BN,F , ,N,L,100,0,0,0,1305592,5040377
Queenstown-Lakes District,07/04/2014,Mon,1415,KA,4N1V,302B 375B 404B ,,R,D,B ,F ,T,G,C,100,0,0,0,1305339,5039889
Queenstown-Lakes District,12/02/2014,Wed,1035,DC,ME1,130A 404A 804 ,,M,D,O ,F ,T,G,P,100,0,1,0,1305339,5039889
Rangitikei District,18/12/2014,Thu,833,BD,400000000000000,363A 370A 191B 370B 818 902 ,,M,D,B ,F , , ,N,100,0,2,0,1820129,5583382
Rangitikei District,06/10/2014,Mon,1105,EC,4N1,801 903 ,X,R,W,O ,LS, , ,C,100,0,1,0,1817236,5577075
Rangitikei District,24/12/2014,Wed,917,KA,CW1C,303B 375B ,,R,D,BF,F ,T,N,C,50,0,0,0,1803536,5560179
Rangitikei District,16/08/2014,Sat,2300,CC,CN1,130A 404A ,P,R,D,DO,F , , ,N,50,0,0,0,1802637,5562004
Rangitikei District,19/11/2014,Wed,1636,MO,CS1VC,133A 801 903 ,M,R,W,O ,LS, , ,C,50,0,0,0,1802859,5562032
Rangitikei District,11/12/2014,Thu,1310,CB,4W1,129A 410A ,V,R,D,O ,F , ,N,C,100,0,0,0,1805045,5561966
Rangitikei District,30/05/2014,Fri,2240,DA,CW1,101A 111A ,F,M,D,DN,F , ,N,N,50,0,0,0,1802882,5549784
Rangitikei District,13/01/2014,Mon,745,CB,CW1,195A ,,R,W,OF,F ,T,N,N,50,0,0,0,1839809,5605275
Rangitikei District,10/01/2014,Fri,1945,DB,CE1,111A 131A ,P,R,D,TF,F ,T,N,C,50,0,0,0,1802480,5560293
Rangitikei District,01/12/2014,Mon,2145,DB,CE1,111A 131A 801 ,FX,M,W,DN,L , , ,C,100,0,0,0,1810919,5566909
Rangitikei District,12/03/2014,Wed,1645,PO,VW1K,810,,R,D,B ,F , , ,C,50,0,0,1,1839864,5603891
Rangitikei District,27/05/2014,Tue,1600,CB,TW1,129A ,V,R,D,BN,F , ,N,C,100,0,0,0,1828762,5605157
Rangitikei District,17/05/2014,Sat,2025,DA,ME1,104A 131A ,,E,D,DN,F , ,N,C,100,0,1,0,1827428,5605964
Rangitikei District,10/09/2014,Wed,2040,DA,CN1,111A 131A ,C,M,D,DN,F , , ,N,50,0,0,0,1840051,5605015