TLANAME,CRASHDATE,CRASHDOW,CRASHTIME,MVMT,VEHICLES,CAUSES,OBJECTSSTRUCK,ROADCURVE,ROADWET,LIGHT,WTHRa,JUNCTYPE,TRAFCTRL,ROADMARK,SPDLIM,CRASHFATALCNT,CRASHSEVCNT,CRASHMINCNT,EASTING,NORTHING
Rangitikei District,18/12/2014,Thu,945,EA,CN1C,386A 929 ,M,R,D,B ,F ,D,N,N,50,0,0,0,1839999,5604737
Rangitikei District,09/01/2014,Thu,1507,GD,CE1C,331A 351A 929 ,,R,D,B ,F ,D, ,L,100,0,2,3,1804067,5558150
Rangitikei District,28/09/2014,Sun,137,DC,CS2,112A 130A ,V,R,W,DN,H ,T,N,C,100,0,0,0,1803613,5558269
Rangitikei District,20/01/2014,Mon,1907,DA,CE1,103A 929 ,F,R,W,OF,L ,D,N,C,50,0,0,0,1803778,5560685
Rangitikei District,15/02/2014,Sat,30,DB,CE1,131A 332A ,EF,M,D,DN,F , , ,C,100,0,0,0,1835536,5607378
Rangitikei District,14/07/2014,Mon,650,CC,CS1,102A 414A ,F,R,D,DN,F , ,G,N,100,0,1,0,1849927,5606756
Rangitikei District,02/05/2014,Fri,635,QC,CS1,112A 321A 335A 351A ,FN,R,D,TN,F , ,S,C,100,0,1,0,1800624,5562008
Rangitikei District,07/06/2014,Sat,1340,DA,CS1,103A 111A 402A ,V,M,D,O ,F , ,N,C,100,0,0,0,1804073,5561692
Rangitikei District,26/02/2014,Wed,1810,DA,CN2,111A 131A ,T,S,D,B ,F ,T,N,C,50,0,0,0,1819091,5576386
Rangitikei District,02/03/2014,Sun,1510,DA,MW1C,102A 120A 197A ,,S,D,B ,F , , ,C,100,0,0,1,1840655,5604685
Rangitikei District,09/11/2014,Sun,940,DA,CE1,111A 131A ,C,S,D,ON,F , ,N,C,80,0,0,1,1800317,5548381
Rangitikei District,13/07/2014,Sun,730,DA,4N1,131A 350A ,P,E,W,B ,F , ,N,C,100,0,0,0,1796549,5542953
Rangitikei District,05/12/2014,Fri,1720,DA,CN1,101A 111A ,F,M,D,B ,F , ,N,C,100,1,1,0,1797713,5546225
Rangitikei District,26/06/2014,Thu,810,BB,CW1C,129A 404A ,,M,W,BN,M , ,N,C,100,0,0,0,1791715,5538299
Rangitikei District,20/05/2014,Tue,715,MO,OW1C,129A ,M,R,D,DO,F , ,N,C,50,0,0,0,1803635,5560475
Rangitikei District,05/07/2014,Sat,2342,CB,CN1,103A 129A ,V,R,D,DN,F , ,N,C,100,0,0,1,1801777,5560066
Rangitikei District,28/05/2014,Wed,1208,JA,VS1C,197A 111B 303B 370B ,,R,D,O ,F ,T,N,C,50,0,0,0,1802112,5561328
Rangitikei District,11/02/2014,Tue,1250,CB,CS1,130A 622A ,F,R,D,O ,F , , ,C,100,0,1,0,1800788,5556359
Rangitikei District,10/02/2014,Mon,740,MO,4S1S,204B 312B 839 ,,R,D,O ,F ,T,G,C,50,0,0,1,1839949,5604053
Rangitikei District,01/12/2014,Mon,1525,BB,MS1C,123A 378A 402A 836 ,,M,D,B ,F , , ,N,100,0,1,0,1787992,5563717
Rangitikei District,29/03/2014,Sat,2230,DA,VN1,103A 131A ,EGT,E,D,DN,F , , ,N,100,0,0,0,1840933,5606703
Rangitikei District,21/10/2014,Tue,1859,DA,CS1,103A 402A ,CG,S,D,B ,F , ,N,C,50,0,0,0,1839794,5604434
Rangitikei District,13/10/2014,Mon,1700,QD,CE1C,330A 611A ,M,R,D,B ,F , ,N,N,50,0,0,0,1839444,5604563
Rangitikei District,02/01/2014,Thu,1255,BB,VN1M,123A 378A ,,M,D,O ,F , , ,C,100,1,0,0,1848778,5619636
Rangitikei District,22/01/2014,Wed,1455,MO,CW1C,420B 517B ,,R,D,BN,F , , ,C,100,0,0,0,1847463,5617746
Rangitikei District,04/08/2014,Mon,1630,BF,VS1V,132A 407A ,,M,W,ON,F , ,N,N,100,0,0,0,1805728,5582235
Rangitikei District,25/08/2014,Mon,1230,DA,TN1,111A 131A 402A ,G,M,D,B ,F , ,N,N,100,0,0,2,1821159,5612607
Rangitikei District,27/02/2014,Thu,950,CB,4W1,137A 195A ,F,R,D,BN,F , ,N,C,100,0,0,1,1789283,5565897
Rangitikei District,23/05/2014,Fri,1110,BC,CW1V,129A 357A ,,M,W,ON,LS, ,N,L,100,0,1,0,1792705,5564037
Rangitikei District,26/02/2014,Wed,1050,HA,VE1C,321B 350B ,,R,D,B ,F ,X,S,C,50,0,0,0,1802297,5562014
Rangitikei District,25/09/2014,Thu,800,CB,CW1,410A 500A ,PT,R,D,B ,F , ,N,C,100,0,0,1,1797474,5563208
Rangitikei District,06/12/2014,Sat,2210,EC,CW1,341A ,DX,R,D,DN,F , ,N,C,100,0,0,0,1798775,5562890
Rangitikei District,19/04/2014,Sat,415,CC,CN1,410A ,FT,R,D,DO,F , , ,C,70,0,0,0,1803028,5559332
Rangitikei District,31/01/2014,Fri,1047,CA,CS1C,130A ,M,R,D,BF,F , ,N,C,50,0,0,0,1802822,5561810
Rangitikei District,07/01/2014,Tue,1700,HA,CS1C,301B 375B 801 ,,R,W,O ,L ,X,S,R,100,0,0,0,1803105,5558449
Rangitikei District,23/12/2014,Tue,1634,HA,CN1C,301B 375B ,,R,D,BF,F ,X,S,R,100,0,0,1,1803105,5558449
Rangitikei District,20/08/2014,Wed,1105,EO,TN1,385A 680A ,B,R,D,B ,F ,T,N,C,50,0,0,0,1802865,5560738
Rangitikei District,16/03/2014,Sun,1415,MD,CS1C,130B 308B 371B 929 ,F,R,D,B ,F ,D, ,C,50,0,0,0,1802879,5560508
Rangitikei District,01/10/2014,Wed,113,DC,CE2,112A 130A ,CF,R,D,DO,F ,T,G,C,50,0,0,0,1802865,5560728
Rangitikei District,10/04/2014,Thu,1527,FC,CS1C,331A 352A ,,R,D,O ,F , , ,X,50,0,0,0,1802869,5561069
Rangitikei District,07/09/2014,Sun,1505,DA,CW2,133A 402A ,F,R,D,B ,F ,T,S,C,50,0,0,0,1802867,5560920
Rangitikei District,14/03/2014,Fri,1245,DB,CN1,133A 427A ,C,E,D,BN,F , ,N,C,100,0,0,0,1804477,5555759
Rangitikei District,24/08/2014,Sun,1634,DB,CN2,103A 131A 433A ,F,R,D,B ,F ,T,N,C,50,0,0,0,1803322,5550637
Rangitikei District,07/04/2014,Mon,1800,DA,CS1,135A 801 806 ,FS,E,W,O ,L , ,N,C,100,0,0,0,1830757,5619150
Rangitikei District,09/11/2014,Sun,1501,DA,CS1,131A 350A ,C,E,D,B ,F , , ,C,100,0,0,2,1831755,5616986
Rangitikei District,26/09/2014,Fri,500,DA,CS1,410A ,F,E,D,DN,F , , ,C,100,0,0,0,1835380,5614237
Rangitikei District,21/07/2014,Mon,949,CB,CW1,130A 358A 407A ,F,R,W,O ,F , , ,C,100,0,0,0,1836989,5613820
Rangitikei District,07/03/2014,Fri,1915,CC,CS1,129A 350A ,C,R,D,TN,F , ,N,L,100,0,0,2,1837188,5612870
Rangitikei District,25/08/2014,Mon,1605,JA,CN1V,130A 191A 197A 301B 375B ,V,R,D,B ,F ,T,S,C,100,0,0,0,1837504,5607821
Rangitikei District,27/10/2014,Mon,2100,DB,CS2,111A 131A ,FZ,M,W,DN,L ,T,G,L,100,0,0,0,1838599,5606198
Rangitikei District,12/01/2014,Sun,1355,FD,CE1CC,181A ,,R,D,BF,F , ,N,C,50,0,0,2,1839916,5604472
Rangitikei District,05/03/2014,Wed,1700,GF,TE2C,381A 671A ,,R,W,OF,L ,T,N,C,50,0,0,0,1840012,5604436
Rangitikei District,11/12/2014,Thu,1420,FA,4S1C,181A 331A 350A ,,R,D,O ,F ,X,G,X,50,0,0,2,1840055,5604244
Rangitikei District,27/12/2014,Sat,1545,FD,VN1CCC,181A ,,R,D,BF,F , ,N,C,50,0,0,0,1840100,5604154
Rangitikei District,13/07/2014,Sun,1200,DB,4N1,131A 810 ,C,M,D,B ,F , , ,C,100,0,0,0,1840476,5603429
Rangitikei District,16/03/2014,Sun,10,DA,VN1,103A 131A 410A 532A ,F,E,D,TN,F , , ,L,100,0,1,1,1840822,5602972
Rangitikei District,24/10/2014,Fri,1745,BE,CS14,125A 613A ,,R,W,O ,F , ,N,C,100,0,0,1,1842235,5601978
Rangitikei District,18/04/2014,Fri,1645,CB,CN1,129A 134A ,,R,D,TN,F , ,N,C,100,0,0,0,1842647,5601353
Rangitikei District,23/05/2014,Fri,1033,CB,CN1,112A 129A ,C,R,W,ON,L , ,N,C,100,0,0,1,1843253,5600375
Rangitikei District,26/08/2014,Tue,548,DB,VS1,131A 687A ,PV,E,D,DN,F ,T,N,C,100,0,0,1,1843710,5597971
Rangitikei District,11/04/2014,Fri,1020,EC,CN1,136A 823 ,FL,R,W,ON,H , ,N,L,100,0,0,0,1839063,5593547
Rangitikei District,20/06/2014,Fri,915,CC,CN1,410A 801 ,EFZ,R,W,O ,L , , ,C,100,0,1,0,1838513,5592041
Rangitikei District,07/12/2014,Sun,1230,GC,TS1C,303B 372B 929 ,,E,D,BN,F ,D,N,C,100,0,0,0,1839563,5590221
Rangitikei District,27/12/2014,Sat,738,EC,TN1,336A 350A ,S,R,D,BF,F , ,T,C,90,0,0,0,1837942,5588731
Rangitikei District,01/04/2014,Tue,1205,FA,TS1V,181A ,,R,D,B ,F , ,S,L,100,0,0,0,1837913,5588690
Rangitikei District,01/04/2014,Tue,2200,DA,CN1,131A 412A ,G,M,D,DN,F , , ,C,100,0,0,0,1837630,5588255
Rangitikei District,16/03/2014,Sun,1616,DA,CN1,410A ,G,M,D,BN,F , ,N,C,100,0,0,1,1837627,5588246
Rangitikei District,21/12/2014,Sun,1505,CC,CW1,137A 195A 330A ,CT,R,D,B ,F , ,N,L,100,0,0,2,1835974,5586572
Rangitikei District,07/02/2014,Fri,35,CB,CW1,410A ,F,R,D,DN,F , , ,C,100,0,0,0,1833368,5584907
Rangitikei District,19/09/2014,Fri,138,CB,TW1,129A 358A ,,R,W,DO,H , ,N,C,100,0,0,0,1831245,5583830
Rangitikei District,19/12/2014,Fri,1327,AO,CS1T,372A ,,R,D,BN,F , ,N,L,100,0,0,0,1828495,5581672
Rangitikei District,06/09/2014,Sat,1945,DB,CW1,111A 332A ,FP,E,D,DO,F ,T,G,C,100,0,0,1,1827720,5581029
Rangitikei District,16/12/2014,Tue,925,GC,VS1C,191A 174B 330B 404B 929 ,,R,D,B ,F ,D,N,C,100,0,0,0,1826587,5579993
Rangitikei District,04/03/2014,Tue,1825,KB,VN1V,302B 375B ,,E,D,O ,F ,T,G,C,100,0,0,1,1824753,5577345
Rangitikei District,02/03/2014,Sun,2105,BB,CS14,129A ,,M,D,DN,F , ,N,C,100,0,0,1,1823700,5577345
Rangitikei District,21/12/2014,Sun,150,DA,CN1,103A ,C,M,W,DN,L , ,N,L,100,0,0,1,1822893,5577261
Rangitikei District,30/08/2014,Sat,1610,DB,CW1,111A 131A 402A ,F,M,D,B ,F , , ,C,100,0,0,0,1821507,5577637
Rangitikei District,01/10/2014,Wed,1210,HA,CS1C,302B ,,M,D,B ,F ,X,G,C,50,0,0,0,1819494,5576134
Rangitikei District,23/10/2014,Thu,1255,MA,CN14,373B ,,R,D,B ,F ,X,G,C,50,0,0,0,1819493,5576124
Rangitikei District,27/01/2014,Mon,850,MO,TS1,385A 922 ,C,R,D,B ,F ,D, ,C,50,0,0,0,1819483,5576044
Rangitikei District,12/06/2014,Thu,2358,DA,ON1,136A 631A ,B,E,D,DN,F , , ,C,100,0,1,0,1815828,5573129
Rangitikei District,30/08/2014,Sat,1915,CB,CS1,103A 130A ,V,R,D,DN,F , ,N,C,100,0,0,0,1813383,5568339
Rangitikei District,07/06/2014,Sat,1740,CB,CS1,129A ,C,R,D,DO,F , ,N,C,100,0,1,0,1811527,5566872
Rangitikei District,15/08/2014,Fri,1925,CA,TS1,130A ,,R,W,DN,F , , ,C,100,0,0,0,1808392,5565169
Rangitikei District,07/08/2014,Thu,2320,EC,TN1,912,W,R,D,DN,F , , ,C,100,0,0,0,1808139,5564737
Rangitikei District,13/12/2014,Sat,1255,JA,VN1C,302B 375B ,,R,D,B ,F ,T,G,R,100,0,0,0,1805949,5557647
Rangitikei District,24/01/2014,Fri,1507,KB,CN1C,302B 370B ,,R,D,BF,F ,T,G,R,100,0,0,0,1806079,5556632
Rangitikei District,01/09/2014,Mon,1815,QG,CS1,665A ,V,E,D,DN,F , , ,C,100,0,0,0,1805939,5553912
Rangitikei District,10/02/2014,Mon,1200,DA,CS1,131A 410A ,P,E,D,OF,F , ,N,C,50,0,0,1,1803229,5550245
Rangitikei District,26/09/2014,Fri,1600,KA,VN1C,302B 375B ,,R,D,B ,F ,X,G,C,50,0,0,0,1803065,5550143
Rangitikei District,10/02/2014,Mon,1445,QG,4N1T,682A ,,R,D,OF,F , ,N,P,50,0,0,0,1803074,5550033
Rangitikei District,20/04/2014,Sun,2305,MO,CN1,103A 371A 922 ,,R,D,DO,F ,D,N,N,50,0,0,0,1803081,5549944
Rangitikei District,19/03/2014,Wed,1714,FD,CN1C,331A 427A ,,R,D,B ,F , , ,L,50,0,0,2,1803084,5549904
Rangitikei District,29/12/2014,Mon,1719,FB,CW1C,181A 922 ,,R,D,BF,F ,D,N,C,50,0,0,0,1803085,5549894
Rangitikei District,22/07/2014,Tue,2015,EC,CN1,911,W,R,D,DN,F , ,N,C,100,0,0,0,1803098,5549730
Rangitikei District,06/01/2014,Mon,2000,CB,CS1,130A ,,R,D,DN,F , ,N,N,100,0,0,0,1803242,5548774
Rangitikei District,14/05/2014,Wed,1750,GE,CS1C,160A 381B 929 ,,M,W,DN,F ,D,N,C,100,0,0,0,1785132,5568983
Rangitikei District,16/05/2014,Fri,1925,EC,CE1,822,L,M,D,DN,F , ,N,C,100,0,0,2,1786081,5567321
Rangitikei District,10/03/2014,Mon,2310,NA,TN1E,505B 711B 724B ,,R,D,DO,F , , ,C,70,1,0,0,1788897,5564695
Rangitikei District,01/04/2014,Tue,754,CB,CN1,130A 358A ,F,R,D,OF,M , ,N,C,100,0,0,0,1789109,5564418
Rangitikei District,31/01/2014,Fri,2130,GE,CW1V,372B 410B 929 ,,R,D,DN,F ,D,N,C,100,0,0,0,1791150,5561070
Rangitikei District,27/04/2014,Sun,2030,BE,CE1V,129A 410A ,,R,W,DN,L , ,N,C,100,0,1,0,1791597,5560846
Rangitikei District,26/10/2014,Sun,1540,DA,TS1,129A 131A ,PS,E,D,O ,FS,T,S,C,100,0,0,1,1800557,5555706
Rangitikei District,31/03/2014,Mon,729,CB,CN1,410A ,FP,R,D,B ,F , , ,L,100,0,0,0,1800709,5555503
Rangitikei District,04/05/2014,Sun,1810,GB,CN1C,158A 191A 333A 335B 372B 402B 671B +,S,R,D,DN,F ,T,S,L,100,0,0,0,1802520,5552417
Rangitikei District,29/11/2014,Sat,1420,QG,VN1,130A 903 ,,R,D,B ,FS, , ,C,100,0,0,0,1802602,5552160
Rangitikei District,01/11/2014,Sat,1430,CC,4N1,130A 410A ,FX,R,D,BF,F , ,N,C,50,0,0,0,1803022,5550620
Rangitikei District,25/05/2014,Sun,1330,HA,CN1C,302B 375B ,,R,D,OF,F ,X,G,C,50,0,0,0,1803065,5550143
Rangitikei District,14/03/2014,Fri,1505,HA,4S1CC,302B 375B ,Q,R,D,BF,F ,X,G,R,50,0,0,1,1803065,5550143
Rotorua District,20/03/2014,Thu,1015,FB,CN1C,331A ,,R,D,B ,F ,T,S,C,50,0,0,0,1883841,5773605
Rotorua District,27/07/2014,Sun,1245,CA,CS1,130A 402A 430A ,T,R,D,B ,F ,T,N,L,50,0,0,0,1883499,5777029
Rotorua District,01/06/2014,Sun,1210,FD,CE1CC,103A 331A ,,R,D,BF,F ,R,G, ,50,0,0,0,1885165,5774216
Rotorua District,17/02/2014,Mon,1730,FA,CW1S,181A ,,R,D,BF,F ,T,G,R,50,0,0,1,1884687,5774233
Rotorua District,23/05/2014,Fri,2029,MO,CN1C,103A 386A ,,R,D,DO,F ,T,G,R,50,0,0,0,1884871,5774228
Rotorua District,04/07/2014,Fri,2010,LB,CS2C,302A ,,M,D,DO,F ,R,G,C,50,0,0,0,1884604,5774225
Rotorua District,08/12/2014,Mon,1715,JA,CW1C,375B ,,R,D,BF,F ,T,N,L,50,0,0,0,1885573,5771876
Rotorua District,12/05/2014,Mon,1400,MC,MN1C,372B 404B ,,R,D,O ,F ,T,G,C,50,0,0,1,1883581,5774716
Rotorua District,22/11/2014,Sat,1024,LB,MN1C,303B ,,R,D,B ,F ,T,S,N,50,0,1,0,1883582,5774711
Rotorua District,08/11/2014,Sat,2336,MG,CE1C,357B 371B 517B ,,R,D,DO,F , ,N,C,50,0,0,0,1883056,5776134
Rotorua District,13/06/2014,Fri,1520,EO,TN1V4,663A ,M,R,D,O ,F , , ,C,50,0,0,0,1889216,5773637
Rotorua District,29/05/2014,Thu,1455,CB,4N1,501A ,FS,R,D,O ,F , , ,C,50,0,0,0,1891446,5740286
Rotorua District,22/05/2014,Thu,1212,FB,CS1M,112A 331A ,,R,D,B ,F ,T,G,C,50,0,0,0,1882257,5774923
Rotorua District,15/08/2014,Fri,2317,DB,MW1,103A 111A 131A 514A ,K,M,D,DO,F ,T,G,C,50,0,0,1,1881964,5775435
Rotorua District,10/04/2014,Thu,1930,DA,CS1,135A 402A 801 ,E,M,W,ON,H , ,N,C,100,0,0,0,1881966,5762897
Rotorua District,28/11/2014,Fri,820,DA,CS1,131A 352A ,,E,W,O ,LS, , ,C,100,0,0,0,1880639,5785717
Rotorua District,01/06/2014,Sun,1340,KA,CW1V,321A ,,R,D,B ,F ,T,S,P,50,0,0,0,1881634,5774785
Rotorua District,29/03/2014,Sat,900,FE,VE1T,103A 331A ,,R,D,B ,F ,X,T,R,50,0,0,1,1883233,5775409
Rotorua District,28/05/2014,Wed,800,FD,CN1CB,181A 331A 358A 402A 331B 363B 902 ,,R,D,B ,F , , ,C,50,0,0,0,1882938,5775341
Rotorua District,07/04/2014,Mon,827,NA,CE1E,712B 713B 727B ,,E,D,O ,F , , ,C,50,0,1,0,1880771,5774709
Rotorua District,15/11/2014,Sat,1720,BE,CW1V,125A 358A ,,R,W,TF,HS, ,N,C,100,0,0,0,1872248,5779381
Rotorua District,05/06/2014,Thu,205,DA,CW2,103A 645A ,R,E,D,DO,F ,T,S,C,50,0,0,0,1881666,5774357
Rotorua District,27/03/2014,Thu,800,GA,MS1V,333A 352A 929 ,,R,D,BF,F ,D,N,L,50,0,0,0,1881636,5774765
Rotorua District,31/12/2014,Wed,1705,MF,CS1C,330B 371B ,,R,D,B ,F , , ,P,50,0,0,0,1881732,5774179
Rotorua District,01/06/2014,Sun,2110,DB,CS2,111A 131A 524A ,FPT,E,D,DO,F ,T,G,N,50,0,0,0,1881039,5774392
Rotorua District,23/12/2014,Tue,1130,JA,CS24,302B ,,R,D,B ,F ,X,G,R,50,0,0,0,1885176,5773773
Rotorua District,08/06/2014,Sun,2300,HA,CW1C,302A 335A 404A 410A 901 ,,R,W,DO,H ,X,G,R,50,0,0,0,1885327,5773768
Rotorua District,27/08/2014,Wed,1240,MO,CW1C,371A 445B ,M,R,D,B ,F , , ,C,50,0,0,0,1884877,5773784
Rotorua District,31/01/2014,Fri,1840,JA,MN1C,302B ,,R,D,B ,F ,R,G,R,60,0,0,0,1885116,5772150
Rotorua District,25/06/2014,Wed,2010,JA,CN1C,302B ,,R,W,DO,L ,R,G,R,60,0,0,0,1885116,5772150
Rotorua District,24/09/2014,Wed,1646,LB,CN1S,112A 302A 370A 902 ,,R,D,B ,F ,R,G,R,60,0,0,1,1885116,5772150
Rotorua District,18/12/2014,Thu,1710,AC,CS14,372A ,,R,D,OF,F ,X,T,R,50,0,0,0,1885176,5773773
Rotorua District,26/08/2014,Tue,1510,HA,CS1C,302B 370B ,,R,D,B ,F ,X,G,R,50,0,0,0,1885176,5773773
Rotorua District,05/02/2014,Wed,1230,NF,CE2E,341A ,,R,D,BF,F ,X,G,R,50,0,0,1,1885186,5774105
Rotorua District,12/02/2014,Wed,1645,FE,CN1C,331A ,,R,D,B ,F ,X,T,R,50,0,0,0,1885180,5773874
Rotorua District,10/06/2014,Tue,1225,HA,CS14,322A 334A ,,R,W,O ,L ,X,T,R,50,0,0,1,1885180,5773884
Rotorua District,03/09/2014,Wed,1405,KA,SN1C,302B 330B 370B ,,R,D,B ,F ,T,G,R,50,0,0,1,1885153,5773133
Rotorua District,19/06/2014,Thu,1239,KA,CN1C,302B 387B 402B ,,R,D,B ,F ,T,G,C,50,0,0,0,1885153,5773133
Rotorua District,16/01/2014,Thu,1336,FD,CN1C,331A 358A 404A ,,R,D,B ,F , , ,R,50,0,0,0,1885171,5773628
Rotorua District,29/09/2014,Mon,1305,JA,SN1C,112A 204A 330A 370B 929 ,,R,D,OF,F ,D, , ,50,0,0,1,1885173,5773690
Rotorua District,04/05/2014,Sun,355,EA,CN14,129A ,M,R,D,DO,F ,T,G,R,50,0,0,0,1885155,5773206
Rotorua District,07/06/2014,Sat,2017,FD,4S1CC,112A 331A 387A 338C 801 ,,R,W,DO,L , , ,R,50,0,0,1,1885155,5773206
Rotorua District,12/05/2014,Mon,1330,KA,CS1C,302B 375B ,,R,D,B ,F ,T,G,R,60,0,0,0,1885155,5773191
Rotorua District,11/04/2014,Fri,1645,FA,TW2C,181A 191B ,,R,D,OF,F ,T,G, ,50,0,0,0,1885155,5773191
Rotorua District,15/05/2014,Thu,700,KB,CN1V,308B 375B 926 ,,R,D,TF,F ,D,N,C,50,0,0,0,1885162,5773376
Rotorua District,08/04/2014,Tue,1245,KA,SS144,308B 370B 375B 925 ,,R,D,B ,F ,D, ,R,50,0,0,1,1885160,5773336
Rotorua District,06/09/2014,Sat,1350,JA,CN1C,302B 387B ,,R,D,BF,F ,T,G,R,50,0,0,0,1885162,5773386
Rotorua District,06/06/2014,Fri,1000,JA,CN1C,302B 377B ,,R,D,O ,F ,T,G,R,60,0,0,0,1885162,5773386
Rotorua District,22/01/2014,Wed,1300,JA,4S1C,302B ,,R,D,B ,F ,T,G,C,60,0,0,0,1885110,5771981
Rotorua District,25/04/2014,Fri,1935,MO,CS1C,371A 386A ,M,R,D,B ,F , ,N,C,50,0,0,0,1882593,5772888
Rotorua District,28/09/2014,Sun,1200,GD,CN1C,333A 353A 929 ,,E,D,O ,F ,D, ,C,50,0,0,1,1882468,5773518
Rotorua District,13/05/2014,Tue,345,DA,CN2,111A 131A ,,S,W,DO,L ,T,G,C,50,0,0,0,1883638,5776313
Rotorua District,08/04/2014,Tue,700,DB,CE1,111A 138A ,C,M,D,DN,F , ,N,N,100,0,0,0,1874427,5750626
Rotorua District,04/02/2014,Tue,35,MO,CE1,101A 371A 929 ,P,E,D,DO,F ,D,N,N,50,0,0,0,1880660,5774617
Rotorua District,06/10/2014,Mon,143,CB,CS1,101A 110A 357A ,FPT,R,W,DO,F ,T,N,N,50,0,0,3,1881211,5774642
Rotorua District,25/04/2014,Fri,1641,GE,CS1C,387A 144B 929 ,,R,D,O ,F ,D, ,C,50,0,0,0,1881711,5775363
Rotorua District,22/05/2014,Thu,807,EA,CN1T,129A 353A 363A 902 ,Q,R,D,B ,F , , ,C,100,0,1,1,1891841,5784235
Rotorua District,05/04/2014,Sat,1030,PA,CW1E,110A 129A 702B ,,E,D,B ,F , ,N,C,100,0,0,1,1890734,5784744
Rotorua District,20/01/2014,Mon,1050,DB,CW1,131A 402A ,K,M,W,O ,L , , ,C,100,0,0,0,1889909,5784894
Rotorua District,29/06/2014,Sun,1600,DA,VE1,410A ,TX,M,D,O ,F , , ,C,100,0,0,1,1888896,5785080
Rotorua District,13/11/2014,Thu,1820,DA,CW1,111A 131A ,C,M,D,B ,F , , ,C,100,0,0,0,1887590,5785316
Rotorua District,08/02/2014,Sat,1150,DB,CE1,111A 131A 402A ,C,S,W,O ,L , , ,C,100,0,0,0,1888484,5785152
Rotorua District,16/06/2014,Mon,15,DA,VW1,111A 131A ,T,S,W,DN,M , , ,C,100,0,0,1,1888940,5785063
Rotorua District,04/01/2014,Sat,1530,BB,MW1M,123A ,,M,D,B ,F , ,N,C,100,0,2,0,1889568,5784868
Rotorua District,25/11/2014,Tue,1810,EA,MN1T,330A 350A ,M,R,D,O ,F , , ,N,50,0,0,1,1881617,5781198
Rotorua District,04/04/2014,Fri,1900,LB,CN1V,303B 375B 402B ,,R,D,TO,F ,T,N,N,50,0,0,1,1885466,5772198
Rotorua District,22/06/2014,Sun,1330,BB,CE2M,129A ,Q,R,D,OF,F ,T,G,C,50,0,0,0,1885474,5772397
Rotorua District,13/03/2014,Thu,1609,MB,VN1C,370B ,,R,D,B ,F , , ,C,50,0,0,0,1885330,5773853
Rotorua District,22/02/2014,Sat,2300,MC,CN1C,372B ,,R,D,DO,F , ,N,C,50,0,0,0,1885334,5774010
Rotorua District,08/11/2014,Sat,1925,EA,VW14C,386A ,M,R,D,B ,F , ,N,R,50,0,0,0,1885080,5773889
Rotorua District,11/09/2014,Thu,1920,MO,CE14,371A ,,R,W,DO,H , ,N,R,50,0,0,0,1885000,5773892
Rotorua District,08/02/2014,Sat,1442,GB,CW1C,145B 929 ,,R,W,O ,L ,D,N,C,50,0,0,0,1881426,5774180
Rotorua District,14/11/2014,Fri,1437,BB,CE14,123A 352A ,,E,D,B ,F , ,N,C,100,0,0,0,1890982,5738514
Rotorua District,25/01/2014,Sat,830,MO,CE1C,371A 371B 929 ,,R,D,B ,F ,D,N,N,50,0,0,0,1883391,5771742
Rotorua District,08/02/2014,Sat,520,DA,CN1,103A 131A ,X,E,W,DN,L , ,N,C,50,0,0,0,1888671,5772292
Rotorua District,27/03/2014,Thu,1730,MO,CE1,133A 423A 929 ,P,R,D,BF,F ,D,N,N,50,0,0,0,1880983,5785700
Rotorua District,10/09/2014,Wed,1300,KA,SW1C,204A 302B 375B ,,R,D,OF,F ,T,G,C,50,0,0,0,1883085,5772971
Rotorua District,02/08/2014,Sat,1340,CC,CN2,103A 130A 801 ,T,R,W,O ,L ,T,N,N,50,0,0,1,1882539,5776306
Rotorua District,23/12/2014,Tue,1939,DA,CN2,111A 133A ,J,R,D,B ,F ,T,N,C,50,0,0,0,1881709,5773637
Rotorua District,23/07/2014,Wed,2320,DA,CW1,103A 131A ,F,M,D,DO,FF, , ,N,50,0,0,0,1883249,5773331
Rotorua District,18/06/2014,Wed,1530,KA,VE1C,301B 353B 375B ,,R,D,B ,F ,T,S,R,50,0,0,0,1883781,5775089
Rotorua District,10/04/2014,Thu,1430,JA,CE1C,301B 901 ,,R,W,O ,H ,T,S,R,50,0,0,0,1883781,5775089
Rotorua District,09/02/2014,Sun,30,CB,CS1,103A 129A ,K,R,D,DN,F ,R,G,R,50,0,0,0,1883587,5775198
Rotorua District,29/10/2014,Wed,1330,JA,VW1C,301B 375B ,,R,D,O ,F ,T,S,R,50,0,0,0,1883909,5775017
Rotorua District,28/04/2014,Mon,1953,HA,CN1C,302A ,,R,W,DO,L ,R,G,C,50,0,0,0,1884909,5774711