TLANAME,CRASHDATE,CRASHDOW,CRASHTIME,MVMT,VEHICLES,CAUSES,OBJECTSSTRUCK,ROADCURVE,ROADWET,LIGHT,WTHRa,JUNCTYPE,TRAFCTRL,ROADMARK,SPDLIM,CRASHFATALCNT,CRASHSEVCNT,CRASHMINCNT,EASTING,NORTHING
Rotorua District,24/01/2014,Fri,1710,CC,CE1,427A 500A ,P,R,D,B ,F ,M,T,R,50,0,0,0,1884453,5774861
Rotorua District,15/12/2014,Mon,1143,JA,CW1C,308B 375B 925 ,,E,D,BF,F ,D,N,C,50,0,0,0,1884395,5774867
Rotorua District,04/09/2014,Thu,2040,MB,CE1C,303B 375B ,,R,W,DO,L ,X,T,R,50,0,0,0,1883269,5775377
Rotorua District,06/07/2014,Sun,1324,FE,ME1C,181A 350A ,,R,D,B ,F ,X,T,R,50,0,0,1,1884164,5774912
Rotorua District,15/05/2014,Thu,900,KB,CE1C,322A 350A ,,R,D,BF,F ,X,T,R,50,0,0,0,1884164,5774912
Rotorua District,30/05/2014,Fri,2018,GE,CE1C,171B ,,R,D,DO,F ,X,T,R,50,0,0,0,1884164,5774912
Rotorua District,16/04/2014,Wed,2122,HA,CN1C,302B 387B ,,R,W,DO,L ,X,G,C,50,0,0,0,1884891,5772896
Rotorua District,25/02/2014,Tue,845,FD,CE1C,181A 331A 351A ,,R,D,B ,F , , ,C,50,0,0,1,1884120,5773174
Rotorua District,19/02/2014,Wed,1530,FD,CW1C,181A 350A ,,R,D,B ,F ,X,S,C,50,0,0,0,1883995,5773179
Rotorua District,27/01/2014,Mon,857,HA,4E1C,302A ,,E,D,O ,F ,R,G,R,50,0,0,0,1884544,5773158
Rotorua District,17/12/2014,Wed,2315,HA,CN2C,302A 375A ,F,M,W,DO,L ,R,G,C,50,0,0,0,1884556,5773145
Rotorua District,04/06/2014,Wed,819,EA,CE1C,129A 363A 902 ,M,R,D,B ,F , , ,C,50,0,0,0,1883073,5772962
Rotorua District,03/05/2014,Sat,1800,MF,CW14,371B ,,R,D,DO,F , , ,P,50,0,0,0,1883723,5773184
Rotorua District,27/01/2014,Mon,1543,DA,4W1,410A ,C,M,D,O ,F ,T,G,C,100,0,0,0,1895701,5788003
Rotorua District,29/01/2014,Wed,930,QD,40,428A ,FK,M,D,B ,F , , ,N,50,0,0,0,1881102,5773707
Rotorua District,09/01/2014,Thu,500,DA,VW1,111A 131A 801 ,KX,E,W,DF,L , , ,N,50,0,0,0,1882556,5774050
Rotorua District,03/11/2014,Mon,1325,BB,BN1C,123A 135A 818 ,,M,D,O ,F , ,N,C,50,0,0,0,1880588,5774780
Rotorua District,26/03/2014,Wed,1804,DB,MS1,111A 131A ,,M,D,BN,F , ,N,C,50,0,1,0,1880918,5775338
Rotorua District,21/05/2014,Wed,2145,DA,CS1,110A 402A ,CT,M,D,DN,F , ,N,C,100,0,0,1,1893301,5769464
Rotorua District,03/01/2014,Fri,1038,DA,CS1,131A 404A ,,M,D,B ,F , , ,C,100,0,0,0,1896598,5754726
Rotorua District,05/07/2014,Sat,2130,DB,CN2,111A 131A ,F,M,W,DO,F ,T,N,N,50,0,0,0,1882040,5781243
Rotorua District,23/02/2014,Sun,200,CB,CE1,103A 112A ,FHT,R,W,DN,F ,T,N,C,50,0,0,1,1882607,5776209
Rotorua District,29/01/2014,Wed,1455,NA,CW1E,727B ,,R,D,B ,F , , ,C,50,0,0,1,1882806,5776327
Rotorua District,11/01/2014,Sat,1437,NA,CS1E,197A 727B ,,R,D,B ,F , , ,C,50,0,0,2,1883924,5772148
Rotorua District,29/06/2014,Sun,1515,EA,CS1CC,129A 350A ,M,R,D,OF,F , ,N,C,50,0,0,0,1883665,5771700
Rotorua District,25/02/2014,Tue,1351,MF,CS1C,371B ,,R,D,BF,F , ,N,C,50,0,0,0,1883929,5772157
Rotorua District,20/06/2014,Fri,1840,MG,CS1C,355B 371B ,,R,D,DO,F , , ,C,50,0,0,0,1883621,5771623
Rotorua District,03/11/2014,Mon,1900,GO,VS1C,371A ,,R,D,B ,F ,R,G,C,50,0,0,0,1883522,5771449
Rotorua District,17/01/2014,Fri,2038,DA,ME1,111A 131A 804 ,V,M,D,DN,F , ,N,N,100,0,0,0,1875437,5785671
Rotorua District,23/05/2014,Fri,930,GE,VW1O,157A 144B 929 ,,M,D,O ,F ,D,N,C,100,0,0,0,1872228,5785596
Rotorua District,17/01/2014,Fri,1630,MG,TE1C,371A 386A ,,R,D,B ,F , ,N,C,80,0,0,0,1881358,5782921
Rotorua District,03/01/2014,Fri,1445,BB,CN1V,129A 404A ,CC,M,D,BN,F , ,N,C,100,0,0,1,1875636,5775743
Rotorua District,08/08/2014,Fri,2217,CB,CW1,129A ,X,R,D,DO,F , ,N,C,50,0,0,0,1884492,5773582
Rotorua District,27/07/2014,Sun,2015,JA,CS1C,303B ,,E,D,DO,F ,T,N,C,50,0,0,1,1882250,5772585
Rotorua District,08/09/2014,Mon,625,DB,4N1,103A 111A 131A ,P,E,D,TF,F ,T,G,C,70,0,0,0,1880321,5773873
Rotorua District,16/07/2014,Wed,800,CB,CN1,410A ,FK,R,D,B ,F , , ,P,70,0,0,0,1881711,5772449
Rotorua District,08/03/2014,Sat,1720,AO,MS1C,357A 512A ,,R,D,BF,F , ,N,C,50,0,0,0,1881861,5772319
Rotorua District,12/06/2014,Thu,1245,JA,CW1C,314B 377B 402B 801 927 ,,R,W,O ,L ,D, ,C,50,0,0,0,1884829,5774008
Rotorua District,21/06/2014,Sat,1240,MO,VE1V,371A 370B ,,R,D,O ,F , , ,C,50,0,0,0,1884983,5774001
Rotorua District,20/05/2014,Tue,930,QD,TW1C,428A ,,R,D,B ,F , , ,R,50,0,0,0,1885313,5773991
Rotorua District,10/04/2014,Thu,1832,HA,CW1C,302A 375A ,,M,D,TO,F ,R,G,R,50,0,0,0,1884604,5774014
Rotorua District,07/11/2014,Fri,1000,LB,CN1C,302A 375A ,,R,D,B ,F ,R,G,P,50,0,0,0,1884604,5774014
Rotorua District,05/05/2014,Mon,1650,ME,TW1C,371B ,,R,W,OF,L , ,N,R,50,0,0,0,1885003,5774001
Rotorua District,24/01/2014,Fri,1602,AO,4S1C,129A ,,R,D,B ,F ,R,G,R,50,0,0,0,1884594,5774277
Rotorua District,09/01/2014,Thu,1534,HA,CS1C,302B ,,R,D,B ,F ,X,G,R,50,0,0,0,1884585,5773795
Rotorua District,24/01/2014,Fri,1400,NB,CN1E,711B ,,R,D,BF,F ,X,G,R,50,0,0,1,1884589,5773896
Rotorua District,31/12/2014,Wed,1025,HA,VN1C,302B 330B ,,R,D,O ,F ,X,G,R,50,0,0,0,1884589,5773906
Rotorua District,19/05/2014,Mon,2020,KB,CN1C,302B ,,R,D,DO,F ,X,G,R,50,0,0,0,1884589,5773906
Rotorua District,31/07/2014,Thu,1135,FE,CN1C,331A ,,M,D,B ,F ,T,T,C,50,0,1,0,1884444,5774858
Rotorua District,29/05/2014,Thu,1707,FD,CS14C,110A 331A 358A ,,R,D,TO,F , , ,C,50,0,0,0,1884558,5773200
Rotorua District,20/05/2014,Tue,703,HA,CE2C,302A 375A 904 ,,E,W,O ,M ,R,G,R,50,0,0,0,1884544,5773158
Rotorua District,17/04/2014,Thu,1920,HA,CN1C,302A 375A ,,R,W,DO,L ,R,G,C,50,0,0,0,1884556,5773145
Rotorua District,21/04/2014,Mon,715,FB,CN1C,181A ,,E,W,OF,L ,R,G,R,50,0,0,0,1884556,5773140
Rotorua District,26/10/2014,Sun,1900,HA,TW1V,302B 375B ,,R,D,TN,F ,T,G,C,100,0,0,0,1903055,5753433
Rotorua District,28/04/2014,Mon,1115,JA,TW1C,301B 375B ,,R,W,O ,F ,T,S,C,50,0,0,2,1883137,5771520
Rotorua District,28/02/2014,Fri,1540,CB,CE1,137A 350A ,P,R,D,BF,F , ,N,C,50,0,0,0,1883409,5771464
Rotorua District,12/11/2014,Wed,2000,MO,CS1C,371A 929 ,M,R,D,DO,F ,D,N,C,50,0,0,0,1882695,5775666
Rotorua District,10/03/2014,Mon,745,EA,4E1B,129A ,M,R,D,BF,F , ,N,N,50,0,0,0,1885102,5772312
Rotorua District,29/10/2014,Wed,2358,CB,CE1,101A 129A ,F,R,W,DO,HS, ,N,C,50,0,1,0,1881776,5773463
Rotorua District,27/11/2014,Thu,2200,LB,SE1C,303B 375B ,,R,D,DF,F ,T,G,C,50,0,0,1,1881802,5773478
Rotorua District,04/08/2014,Mon,830,KB,CE1C,308B 922 ,,M,D,B ,F ,D,N,C,50,0,0,0,1883442,5774431
Rotorua District,18/12/2014,Thu,1540,EA,CN1C,129A ,M,R,D,BF,F , ,N,C,50,0,0,0,1883685,5775810
Rotorua District,27/01/2014,Mon,30,DA,CN1,131A 410A ,T,E,W,DN,L , ,N,C,100,0,0,0,1892963,5765766
Rotorua District,02/07/2014,Wed,830,EC,CN1,911,W,R,W,O ,F , ,N,C,100,0,0,0,1892538,5766804
Rotorua District,06/08/2014,Wed,1545,FB,VW1C,181A 387A ,,R,W,OF,F ,R,G,R,50,0,0,1,1887169,5772701
Rotorua District,03/07/2014,Thu,920,FB,CN1V,181A 330A ,,M,D,BF,F ,R,G,R,60,0,0,0,1887169,5772701
Rotorua District,24/08/2014,Sun,1722,DB,MW1,135A 804 806 ,,M,D,B ,F , , ,C,100,0,0,1,1895578,5765865
Rotorua District,01/09/2014,Mon,2015,GD,CS1C,331A 359A 925 ,,R,D,DO,F ,D, ,C,50,0,0,0,1885291,5773372
Rotorua District,28/06/2014,Sat,1310,FD,CN14,181A 358A ,,R,D,O ,F , , ,N,50,0,0,0,1882641,5772851
Rotorua District,18/12/2014,Thu,856,DA,MS1,111A 131A 514A ,G,M,W,B ,F , , ,C,50,0,0,1,1881558,5774957
Rotorua District,10/09/2014,Wed,1902,MO,CE1,330A 423A 929 ,T,R,D,DO,F ,D,N,N,50,0,0,1,1884773,5772435
Rotorua District,17/06/2014,Tue,1340,DB,CS1,111A 131A 191A ,FS,S,W,O ,F ,T,G,C,100,0,0,0,1884373,5756521
Rotorua District,28/12/2014,Sun,1530,DA,CW1,129A 131A ,C,E,D,O ,F , , ,C,100,0,0,1,1887024,5762443
Rotorua District,20/08/2014,Wed,1700,MF,CN1V,371B 386B ,,R,D,O ,F , , ,C,50,0,0,0,1884989,5774183
Rotorua District,22/03/2014,Sat,1745,MO,VS1C,371A ,M,R,D,B ,F , ,N,C,50,0,0,0,1885002,5774599
Rotorua District,22/08/2014,Fri,400,DA,TE1,131A 410A ,CP,M,W,DN,F , ,N,C,100,0,0,1,1878210,5732507
Rotorua District,25/09/2014,Thu,1220,BE,CN1V,504A ,,R,D,BF,F , ,N,N,50,0,0,1,1882361,5771110
Rotorua District,25/11/2014,Tue,820,DA,CS1,104A 111A 131A ,,M,D,BF,F , ,N,C,50,0,0,1,1887678,5773594
Rotorua District,22/04/2014,Tue,825,GD,CN1C,181A 333A ,M,R,D,B ,F ,T,N,C,50,0,0,0,1886935,5772764
Rotorua District,21/12/2014,Sun,1715,HA,SN1C,204A 330A 378B 835 929 ,,R,D,B ,F ,D, ,C,50,0,0,1,1887100,5773001
Rotorua District,26/11/2014,Wed,1232,CB,CN1,103A 129A ,P,R,D,ON,F , ,N,C,100,0,0,1,1890000,5753142
Rotorua District,13/09/2014,Sat,1415,DB,CE1,111A 135A 801 ,,M,W,ON,H , ,N,C,100,0,0,0,1892215,5751656
Rotorua District,30/06/2014,Mon,920,CB,4S1,621A 650A ,P,R,D,OF,F , ,N,C,50,0,0,0,1881871,5781010
Rotorua District,29/08/2014,Fri,2340,DA,CN1,101A 111A 131A ,P,E,D,DO,F , , ,C,50,0,0,0,1882737,5773734
Rotorua District,21/02/2014,Fri,1510,NA,VE1E,711B ,,R,D,BF,F , ,N,C,50,0,0,1,1883869,5773066
Rotorua District,12/04/2014,Sat,1600,NB,CN1E,712B 713B ,,R,D,OF,F , ,N,N,20,0,0,1,1884640,5773598
Rotorua District,13/07/2014,Sun,1500,MO,CS1E,713B 726B 925 ,,R,D,B ,F ,D,N,N,30,0,0,1,1885152,5773658
Rotorua District,13/01/2014,Mon,1320,FA,CS1O,331A 350A ,,R,D,B ,F , , ,C,100,0,0,1,1874487,5756371
Rotorua District,22/02/2014,Sat,728,DA,CS1,104A 131A ,X,E,W,O ,L , ,N,C,100,0,0,0,1874920,5756627
Rotorua District,17/03/2014,Mon,1704,BF,VS1T4,123A 130A ,,E,D,B ,F , ,N,L,100,1,0,0,1876255,5759127
Rotorua District,12/12/2014,Fri,630,DA,CN1,129A 410A ,F,M,D,ON,F , ,N,C,100,0,0,0,1876801,5759787
Rotorua District,04/08/2014,Mon,2215,EC,TS1,912,W,R,W,DO,L , , ,C,100,0,0,0,1876929,5760100
Rotorua District,03/07/2014,Thu,1500,QG,4S14V,682A ,DD,E,D,O ,F , , ,C,100,0,0,0,1877690,5762023
Rotorua District,10/05/2014,Sat,20,EC,CE1,912,W,E,D,DN,M , ,N,C,100,0,0,0,1878154,5763121
Rotorua District,11/04/2014,Fri,920,DA,CN1,111A 131A 402A 901 ,E,E,W,O ,H , , ,C,100,0,0,1,1880263,5764841
Rotorua District,07/09/2014,Sun,1933,EC,CN1,912,W,E,D,DN,F , , ,C,100,0,0,1,1881110,5765029
Rotorua District,03/12/2014,Wed,650,BC,TN1T,129A 358A ,,E,D,BN,F , ,N,C,100,0,0,1,1883069,5767540
Rotorua District,07/11/2014,Fri,1720,CC,VW1,130A 504A ,,R,D,B ,F , ,N,C,100,0,0,0,1884363,5769727
Rotorua District,22/03/2014,Sat,,HA,4N1C,301B 404B ,,E,D,B ,F ,T,S,C,70,0,0,0,1884379,5770782
Rotorua District,11/07/2014,Fri,805,JA,CW1C,308B 363B 375B 902 927 ,,R,W,B ,F ,D,S,L,80,0,0,1,1884768,5771087
Rotorua District,02/05/2014,Fri,2323,CC,CN1,101A 112A 514A ,P,R,D,DO,F , ,T,C,80,0,0,0,1885087,5771383
Rotorua District,18/03/2014,Tue,1300,HA,CS2C,302A ,,M,D,B ,F ,R,G,R,50,0,0,0,1885094,5771554
Rotorua District,30/09/2014,Tue,930,LB,CS1C,302A 375A 404A ,,E,D,O ,F ,R,G,R,60,0,0,0,1885094,5771554
Rotorua District,22/11/2014,Sat,1300,LB,VS1C,302A 375A 402A ,,R,D,B ,F ,R,G,R,50,0,0,1,1885094,5771554
Rotorua District,04/04/2014,Fri,1550,GB,SW2T,158A ,,R,D,BF,F ,R,G,R,50,0,0,1,1885109,5771569
Rotorua District,30/05/2014,Fri,841,KA,CS1C,302B 375B 801 ,,M,W,O ,L ,R,G,C,50,0,0,0,1885109,5771569
Rotorua District,29/01/2014,Wed,1513,QD,VW1,428A 929 ,F,R,D,B ,F ,D,N,C,50,0,0,0,1885481,5771554
Rotorua District,29/04/2014,Tue,1400,DA,TN2,113A 131A 324A ,,S,D,B ,F ,X,T,R,70,0,0,0,1886206,5772485
Rotorua District,10/06/2014,Tue,1215,FA,CW1C,181A 801 ,,R,W,O ,L ,T,T,R,70,0,0,0,1886203,5772473
Rotorua District,14/03/2014,Fri,1625,FD,CW1C,331A 350A ,,R,D,B ,F , , ,R,50,0,0,0,1886301,5772455
Rotorua District,19/03/2014,Wed,1610,FA,4W1VC,181A 191B 302C ,,R,D,B ,F ,T,G,R,70,0,0,0,1886687,5772512
Rotorua District,13/11/2014,Thu,1740,FA,CE1C,101A 353A ,,R,D,B ,F ,T,G,C,70,0,0,0,1886807,5772576
Rotorua District,24/11/2014,Mon,805,DB,ME1,111A 131A 402A ,I,M,D,B ,F ,T,G,R,70,0,0,1,1886807,5772576
Rotorua District,20/02/2014,Thu,1000,AC,TW1C,372A 671A ,,R,D,BF,F , ,N,R,60,0,0,0,1886996,5772644
Rotorua District,09/05/2014,Fri,1659,FD,CE1V,331A 363A 902 903 ,,R,D,B ,FS, , ,R,70,0,0,1,1887073,5772690
Rotorua District,18/12/2014,Thu,940,MA,CW1TC,191A 330B 373B 181C 197C 331C ,,R,D,B ,F , , ,R,70,0,0,0,1887121,5772695
Rotorua District,07/03/2014,Fri,935,GC,CE1C,171B 507B ,,E,D,O ,F ,R,G,C,60,0,0,0,1887126,5772717
Rotorua District,08/07/2014,Tue,1750,HA,CW1C,302A 375A ,,R,D,DO,F ,R,G,R,50,0,0,0,1887136,5772698
Rotorua District,25/05/2014,Sun,900,AC,CE1C,330A 372A ,,M,D,O ,F ,R,G,P,60,0,0,0,1887127,5772723
Rotorua District,14/07/2014,Mon,1550,JA,PE1C,321B 375B 402B ,,E,D,B ,F ,T,S,C,60,0,1,0,1887377,5772819
Rotorua District,13/10/2014,Mon,202,JA,CN1C,301B 375B ,,E,D,DO,F ,T,S,P,50,0,0,1,1887377,5772819
Rotorua District,20/08/2014,Wed,1120,FD,CS1CC,112A 331A 350A 402A 901 ,,R,W,O ,H , , ,C,70,0,0,1,1887647,5773049
Rotorua District,19/08/2014,Tue,1625,FA,CS1C,181A 331A 402A 901 922 ,,R,W,OF,H ,D, ,C,60,0,0,0,1887684,5773083
Rotorua District,22/05/2014,Thu,830,JA,4S1C,302B 375B ,,R,D,B ,F ,T,G,C,60,0,0,0,1887758,5773150
Rotorua District,05/09/2014,Fri,906,FA,CN1C,112A 181A 331A 801 ,,R,W,B ,L , , ,C,60,0,0,0,1888298,5773633
Rotorua District,26/04/2014,Sat,1822,MO,CN1,423A ,H,R,D,TO,F , , ,N,50,0,0,0,1888373,5773700
Rotorua District,14/02/2014,Fri,1615,FD,CS14C,181A ,,R,D,B ,F , ,N,C,50,0,0,2,1888395,5773720
Rotorua District,22/05/2014,Thu,900,FD,CE1C,181A 331A ,,R,D,B ,F , , ,C,60,0,0,0,1888773,5774060
Rotorua District,13/03/2014,Thu,2035,FD,CS1CC,331A 358A ,,R,D,DO,F , , ,C,60,0,0,0,1888773,5774060
Rotorua District,04/12/2014,Thu,800,FD,VS1C,331A 387A ,,R,D,B ,F , , ,R,60,0,0,0,1888892,5774166
Rotorua District,05/07/2014,Sat,1000,LB,CE1C,302A ,,E,D,B ,F ,R,G,R,60,0,0,0,1888937,5774205
Rotorua District,26/11/2014,Wed,600,DB,VN1,130A ,P,R,D,DO,F ,R,G,R,60,0,0,0,1888936,5774191
Rotorua District,17/02/2014,Mon,2000,LB,CE1C,302A 358A ,,E,D,B ,F ,R,G,R,60,0,0,0,1888937,5774205
Rotorua District,29/09/2014,Mon,1634,FB,CW1T,331A ,,R,D,B ,F ,R,G,C,60,0,0,0,1888944,5774212
Rotorua District,06/05/2014,Tue,1554,CC,CE1,427A 653A ,FH,R,D,B ,F , ,N,N,50,0,0,0,1889302,5774530
Rotorua District,28/11/2014,Fri,1530,FD,CW1C,181A ,,R,W,OF,L , ,N,L,100,0,0,1,1891858,5779666
Rotorua District,16/08/2014,Sat,2358,DA,CS1,111A 131A ,,E,W,DN,L , , ,C,100,0,0,0,1891803,5779889
Rotorua District,09/04/2014,Wed,1830,GD,CS1V,181A ,,R,D,TO,F ,T,G,L,100,0,0,0,1891789,5779948
Rotorua District,09/04/2014,Wed,1830,GD,CS1V,181A ,,R,D,TO,F ,T,G,C,100,0,0,0,1891789,5779948
Rotorua District,16/02/2014,Sun,717,DA,CW1,103A 111A ,CT,E,D,O ,F , ,N,L,100,0,0,0,1895490,5782085
Rotorua District,09/08/2014,Sat,530,DA,VW1,111A 131A 407A 802 804 ,T,E,I,B ,F , , ,C,100,0,0,0,1898393,5783238
Rotorua District,09/10/2014,Thu,700,DA,CW1,410A ,EX,E,D,ON,F , ,N,C,80,0,0,1,1903960,5782373
Rotorua District,11/06/2014,Wed,1059,CB,TW1,129A 410A ,,R,W,O ,H , , ,C,100,0,0,0,1909687,5784307
Rotorua District,12/09/2014,Fri,1602,BF,CW1V,111A 134A ,,M,D,B ,F , ,N,C,80,0,0,0,1913612,5781892
Rotorua District,24/04/2014,Thu,1530,DB,CN1,131A 330A 810 ,C,S,W,O ,F , ,N,C,80,0,0,0,1913612,5781892
Rotorua District,07/02/2014,Fri,1645,DA,CE1,111A 131A ,C,S,W,ON,L , ,N,C,100,0,0,1,1916294,5780870
Rotorua District,28/11/2014,Fri,1200,FD,CE1C,181A ,,S,W,ON,H , ,N,C,100,0,0,0,1916294,5780870
Rotorua District,28/11/2014,Fri,,FD,CE1C,181A ,,R,D,B ,F , ,N,C,50,0,0,0,1916294,5780870
Rotorua District,07/04/2014,Mon,1545,AA,CW1V,386A ,,R,D,B ,F , , ,L,60,0,0,0,1883664,5774047
Rotorua District,01/06/2014,Sun,1500,AA,CW1C,372A ,,R,D,O ,F , , ,R,50,0,0,0,1883902,5774036
Rotorua District,23/01/2014,Thu,1920,BB,CW1C,124A 350A ,,E,D,B ,F ,T,S,C,50,0,0,0,1883922,5774035
Rotorua District,28/07/2014,Mon,1000,LB,CE1C,303B ,,R,D,B ,F ,T,S,R,60,0,0,0,1883922,5774047
Rotorua District,29/07/2014,Tue,1510,JA,CE2C,302B ,,R,D,O ,F ,T,G,C,60,0,0,0,1884052,5774023
Rotorua District,05/12/2014,Fri,1430,LB,4S1C,303B ,,M,D,OF,F ,T,G,R,50,0,0,0,1884052,5774023
Rotorua District,07/04/2014,Mon,940,JA,4E1C,302B 404B ,,E,D,B ,F ,T,G,R,60,0,0,0,1884052,5774023
Rotorua District,01/10/2014,Wed,1507,JA,CS14,302B 330B 404B ,,E,D,O ,F ,T,G,C,60,0,0,0,1884052,5774023
Rotorua District,24/05/2014,Sat,1205,FB,CW2C,181A ,,E,W,OF,L ,M,G,R,50,0,0,0,1884065,5773924
Rotorua District,15/03/2014,Sat,1310,FD,4W1C,181A ,,R,W,OF,L , ,N,C,50,0,0,2,1884551,5773680
Rotorua District,09/08/2014,Sat,2200,HA,4W24,322B 350B ,,R,D,DO,F ,X,T,R,50,0,0,0,1884581,5773679
Rotorua District,12/04/2014,Sat,1400,NB,CW2E,718B ,,R,D,BF,F ,X,T,C,50,0,0,1,1884581,5773679
Rotorua District,26/03/2014,Wed,1409,LB,CW1V4,182B 303B 375B ,,R,D,B ,F ,X,T,R,50,0,0,0,1884581,5773679
Rotorua District,22/05/2014,Thu,1710,FE,CW1C,181A 334A ,,R,D,TF,F ,X,T,C,50,0,0,0,1884581,5773679
Rotorua District,13/12/2014,Sat,2228,HA,CN2C,327A 375A ,,R,D,DO,F ,X,T,C,50,0,0,0,1884581,5773679
Rotorua District,08/02/2014,Sat,1419,LB,CS1C,303B ,,R,D,O ,M ,X,T,R,50,0,0,0,1884581,5773691
Rotorua District,20/07/2014,Sun,1350,LB,CS2C,303B 375B ,,R,D,BF,F ,X,T,R,50,0,0,2,1884581,5773691
Rotorua District,23/04/2014,Wed,1700,FD,4E1CC,331A 350A ,,R,D,B ,F ,X,G,R,50,0,0,0,1884596,5773690
Rotorua District,03/10/2014,Fri,1620,FD,CE1C,331A 353A ,,R,D,OF,L , ,N,C,50,0,0,0,1884601,5773690
Rotorua District,24/08/2014,Sun,1435,GC,CW1S,312B ,,R,D,B ,F ,X,T,R,50,0,0,0,1884736,5773673
Rotorua District,06/02/2014,Thu,2140,LB,CE1C,197A 103B 303B ,,R,D,DO,F ,X,T,R,50,0,0,1,1884737,5773685
Rotorua District,17/09/2014,Wed,1638,FA,ME1C,133A 402A ,,R,D,B ,F , , ,R,50,0,0,1,1885093,5773673
Rotorua District,12/07/2014,Sat,1300,AA,CE1V,372A ,,R,W,OF,L , ,N,R,50,0,0,0,1885103,5773672
Rotorua District,06/12/2014,Sat,1230,FD,VW1VC,331A 350A ,,R,D,BF,F , ,N,R,50,0,0,0,1885142,5773659
Rotorua District,31/12/2014,Wed,1345,AO,VN1B,129A 386A ,,R,D,O ,F ,X,T,R,50,0,0,0,1885172,5773658
Rotorua District,31/05/2014,Sat,1704,NA,CW1E,105B 713B ,,R,D,B ,F ,X,T,R,50,0,0,1,1885172,5773658
Rotorua District,03/03/2014,Mon,1307,LB,CW1C,303B 375B 841 ,,R,D,OF,F ,X,T,C,50,0,0,0,1885172,5773658
Rotorua District,31/10/2014,Fri,335,HA,4S14,104A 322A ,,R,D,DO,F ,X,T,C,50,0,0,2,1885173,5773670
Rotorua District,26/09/2014,Fri,710,LB,CE2C,323B 330B ,,R,D,O ,F ,X,T,R,50,0,0,0,1885173,5773670
Rotorua District,18/11/2014,Tue,1125,MO,CE1C,371A ,,R,D,B ,F , ,N,C,50,0,0,0,1885203,5773669
Rotorua District,03/08/2014,Sun,130,DA,CE1,111A 131A 801 ,P,M,W,DO,L , , ,R,70,0,0,1,1885473,5773617
Rotorua District,29/12/2014,Mon,1830,DB,CS1,129A 358A ,G,E,D,B ,F ,T,G,R,70,0,0,0,1885625,5773006
Rotorua District,23/08/2014,Sat,920,FA,4S1C,331A 358A ,,R,D,BF,F , , ,R,70,0,0,0,1885825,5772709
Rotorua District,04/04/2014,Fri,1740,DA,CS1,103A 131A ,FT,E, ,BF,F ,T,S,R,50,0,0,0,1885858,5772670
Rotorua District,02/03/2014,Sun,1006,LB,CW1C,303B ,,R,D,B ,F ,T,S,R,70,0,0,0,1885858,5772670
Rotorua District,20/08/2014,Wed,1048,DB,CE1,111A 131A 402A 901 ,P,E,W,O ,H , , ,R,70,0,1,1,1885919,5772643
Rotorua District,26/05/2014,Mon,1623,FE,CE1C,112A 331A 514A ,P,R,W,B ,F ,T,T,R,70,0,0,0,1886206,5772485
Rotorua District,11/06/2014,Wed,1815,LB,CS1C,422B 901 ,,R,W,DO,H ,T,G,P,100,0,0,0,1891739,5780152
Rotorua District,01/06/2014,Sun,1450,LB,MS1MC,692B 303C 375C 387C ,,R,D,B ,F ,T,G,R,100,0,1,1,1891739,5780152
Rotorua District,19/02/2014,Wed,520,DA,4N1,134A 410A ,C,M,D,DN,F , ,N,C,100,0,0,0,1891710,5780349
Rotorua District,22/12/2014,Mon,1700,DB,CN1,501A ,P,E,D,B ,F , , ,L,100,0,0,1,1891862,5780811
Rotorua District,23/08/2014,Sat,1100,FA,MN1C,181A 197A 331A 832 ,,R,D,B ,F , , ,L,100,0,0,0,1892285,5782854
Rotorua District,12/03/2014,Wed,200,DA,CN1,103A 131A ,,M,D,DN,F , ,N,C,100,0,0,0,1892108,5783436
Rotorua District,21/04/2014,Mon,1310,JA,CS1C,301B 375B ,,R,D,O ,F ,T,S,C,80,0,0,0,1892374,5784204
Rotorua District,22/09/2014,Mon,748,DB,VN1,131A 357A 402A 412A 801 ,,E,W,O ,L , , ,C,100,0,0,1,1894340,5786952
Rotorua District,27/06/2014,Fri,2100,DA,CS1,131A 407A ,C,E,W,DN,L , , ,C,100,0,0,0,1894564,5786893
Rotorua District,01/07/2014,Tue,1200,FD,VN1CV,110A 331A 378A 832 ,,M,W,B ,F , , ,L,100,0,0,0,1895060,5787305
Rotorua District,28/06/2014,Sat,930,DA,MS1,111A 132A ,,E,D,B ,F , , ,C,100,0,0,1,1895693,5788062
Rotorua District,27/09/2014,Sat,2147,DA,CS1,103A 131A ,TX,E,W,DN,H , , ,C,100,0,0,1,1896243,5790762
Rotorua District,26/03/2014,Wed,1056,DB,CS1,132A 817 ,,E,D,BF,F , ,N,N,100,0,0,1,1878617,5793728
Rotorua District,05/01/2014,Sun,1630,DB,CN1,131A ,,M,W,ON,H , ,N,C,100,0,0,0,1881865,5788310