TLANAME,CRASHDATE,CRASHDOW,CRASHTIME,MVMT,VEHICLES,CAUSES,OBJECTSSTRUCK,ROADCURVE,ROADWET,LIGHT,WTHRa,JUNCTYPE,TRAFCTRL,ROADMARK,SPDLIM,CRASHFATALCNT,CRASHSEVCNT,CRASHMINCNT,EASTING,NORTHING
Rotorua District,26/11/2014,Wed,1959,GE,CS1V,387A 197B 607B ,S,E,D,TN,F ,T,G,C,100,0,0,0,1881758,5787908
Rotorua District,25/06/2014,Wed,1926,DA,CS1,111A 131A ,V,M,W,DN,L , , ,C,100,0,0,1,1882215,5787196
Rotorua District,04/04/2014,Fri,2025,FO,CS1C,181A 191B ,,R,W,DN,F , , ,C,100,0,0,0,1882427,5785748
Rotorua District,17/11/2014,Mon,1100,CA,CW1,112A 130A 402A ,X,R,W,O ,H , , ,C,100,0,0,0,1882782,5785011
Rotorua District,19/09/2014,Fri,900,DB,CN1,129A 134A ,,E,W,ON,H , ,N,C,100,0,0,0,1882828,5784922
Rotorua District,15/02/2014,Sat,1425,KB,VS14,302B 375B ,,R,D,B ,F ,T,G,C,100,0,0,0,1881993,5783798
Rotorua District,05/01/2014,Sun,1400,DA,CN1,131A ,P,S,W,ON,L ,T,S,C,100,0,0,0,1881703,5783623
Rotorua District,10/05/2014,Sat,1915,EC,CS1,912,W,M,D,DO,F , ,N,C,100,0,0,0,1881693,5783574
Rotorua District,14/12/2014,Sun,2030,MA,4S1C,373B ,,E,W,DN,L , ,N,C,100,0,0,0,1881694,5783432
Rotorua District,09/01/2014,Thu,1617,DA,VN1,111A 129A 131A 801 ,K,M,W,O ,L , , ,C,100,0,0,1,1881469,5783256
Rotorua District,14/10/2014,Tue,1650,GD,CS1VC,110A 181A 110B 181B ,S,E,D,B ,F ,T,S,C,100,0,0,0,1881448,5782877
Rotorua District,08/10/2014,Wed,1345,BC,VN1C,111A 121A ,,E,D,O ,F , ,N,C,100,2,1,3,1881423,5782604
Rotorua District,01/06/2014,Sun,118,DA,CN1,103A 129A ,V,E,D,DN,F , , ,C,100,0,0,0,1881089,5781735
Rotorua District,24/03/2014,Mon,1800,JA,CN1C,302B 375B ,,R,D,O ,F ,T,G,C,50,0,0,0,1881646,5780650
Rotorua District,31/12/2014,Wed,1150,PO,VE1E,306A 371A ,,R,D,O ,F ,X,G,X,50,0,0,0,1881781,5780328
Rotorua District,09/12/2014,Tue,1347,KB,CS1C,302B 375B ,,R,D,OF,F ,X,G,R,50,0,0,0,1881781,5780328
Rotorua District,07/12/2014,Sun,1620,BE,CS1CC,129A 410A ,,R,D,BF,F , , ,P,50,0,0,2,1881739,5779975
Rotorua District,02/04/2014,Wed,756,MC,CN14,372B ,,R,D,B ,F , , ,P,50,0,0,1,1881732,5779906
Rotorua District,23/12/2014,Tue,1310,FB,TS1C,331A 671A ,,R,D,B ,F ,R,G,C,50,0,0,1,1881889,5779416
Rotorua District,31/03/2014,Mon,1923,QD,TW1,611A ,C,R,D,BF,F , ,N,C,100,0,0,0,1895575,5754285
Rotorua District,13/06/2014,Fri,1610,FA,CN1C,363A 402A 902 ,,R,D,B ,F ,T,N,C,100,0,0,0,1902768,5749048
Rotorua District,17/04/2014,Thu,2205,CB,CE1,110A 132A 361A ,C,R,W,DO,F ,T,S,C,100,0,0,1,1869966,5784149
Rotorua District,26/03/2014,Wed,952,DB,TE1,135A 407A 812 ,,E,D,BN,F , ,N,C,90,0,0,0,1874277,5781590
Rotorua District,02/12/2014,Tue,1340,CB,CE1,129A 358A ,V,R,D,BN,F , ,N,L,100,0,0,0,1877662,5781175
Rotorua District,16/11/2014,Sun,1310,BC,MS1C,111A 121A ,,E,D,O ,F ,T,G,C,100,0,0,1,1879598,5780163
Rotorua District,14/05/2014,Wed,825,GD,CW14,181A 927 ,,R,W,BF,F ,D,N,P,100,0,0,0,1880862,5779547
Rotorua District,16/05/2014,Fri,1726,FA,CE1C,110A 331A 358A ,,R,D,DO,F , , ,C,100,0,0,0,1881775,5779402
Rotorua District,28/12/2014,Sun,1230,FD,CE1C,181A 331A ,,R,D,B ,F , , ,C,100,0,0,0,1881834,5779392
Rotorua District,18/01/2014,Sat,2335,DB,CN1,131A 363A ,C,M,D,DO,F ,T,S,L,80,0,0,0,1882044,5779052
Rotorua District,10/11/2014,Mon,1815,MC,VS1C,372B ,,E,D,TF,F , , ,P,80,0,0,0,1882490,5778047
Rotorua District,01/05/2014,Thu,1723,FD,4N1C,181A ,,E,D,B ,F , , ,L,80,0,0,0,1882494,5778038
Rotorua District,19/04/2014,Sat,2137,CB,CS1,129A ,S,R,W,DO,L , ,N,R,60,0,0,0,1882491,5777696
Rotorua District,14/11/2014,Fri,1342,JA,MN1C,112A 132A 927 ,,R,D,B ,F ,D,N,R,60,0,0,0,1882571,5777155
Rotorua District,01/12/2014,Mon,740,FE,TN1C,181A 331A ,,R,W,O ,F ,T,T,C,60,0,0,0,1882585,5777118
Rotorua District,03/03/2014,Mon,,FD,CN1CCC,331A ,,R,D,B ,F , , ,R,60,0,0,0,1882596,5777090
Rotorua District,05/03/2014,Wed,1355,FE,CS1C,108A 331A ,,R,D,B ,F ,T,T,R,60,0,0,0,1882717,5776771
Rotorua District,30/07/2014,Wed,1945,JA,CS1C,322A 351A 402A ,,E,D,DO,F ,T,T,N,60,0,0,0,1882719,5776767
Rotorua District,28/02/2014,Fri,2125,FE,VN14,181A ,,R,D,BF,F , ,T,C,60,0,0,0,1882857,5776414
Rotorua District,17/04/2014,Thu,830,NB,CS1E,713B ,,R,D,BF,F ,T,S,R,60,0,0,0,1882875,5776367
Rotorua District,05/07/2014,Sat,1050,JC,CE1C,301A 375A ,,E,D,O ,F ,T,S,C,50,0,0,0,1882875,5776367
Rotorua District,10/06/2014,Tue,1605,JA,CN1C,302B 375B 801 ,,R,W,O ,L ,T,G,R,60,0,0,0,1882955,5776141
Rotorua District,23/09/2014,Tue,1400,MG,4S1C,330B 371B ,,R,D,O ,F ,T,G,R,50,0,0,0,1883070,5775877
Rotorua District,31/10/2014,Fri,1000,KB,4N1C,302B 382B ,,R,W,O ,L ,T,G,R,60,0,0,0,1883059,5775873
Rotorua District,18/11/2014,Tue,1146,FD,CN1CC,112A 331A ,,R,D,B ,F ,X,T,C,60,0,0,0,1883248,5775384
Rotorua District,24/12/2014,Wed,1510,FE,CS1B,181A 331A ,,R,D,B ,F ,X,T,R,60,0,0,0,1883260,5775382
Rotorua District,08/04/2014,Tue,1820,GA,CS1C,181A 331A 926 ,,R,D,O ,F ,D,N,R,60,0,0,0,1883275,5775345
Rotorua District,13/09/2014,Sat,1948,DA,CN1,111A 133A 403A ,T,E,W,DO,  ,R,G,R,60,0,0,3,1883378,5774859
Rotorua District,07/04/2014,Mon,1120,LB,SS1C,303B 375B ,,R,D,BF,F ,T,G,R,50,0,0,1,1883503,5774344
Rotorua District,21/07/2014,Mon,1533,FD,4N1V,331A ,,R,D,B ,F , , ,R,60,0,0,0,1883509,5774255
Rotorua District,18/09/2014,Thu,905,FE,CS1C,181A 330A 331A ,,R,D,O ,F ,T,T,R,60,0,0,0,1883562,5774065
Rotorua District,14/02/2014,Fri,2207,FE,VW1C,181A 427A ,,R,D,DO,F ,T,T,R,50,0,0,0,1883551,5774056
Rotorua District,16/09/2014,Tue,1710,GB,VN1S,142A 175A 370A ,,R,D,B ,F ,T,G,R,50,0,0,1,1883658,5773546
Rotorua District,04/04/2014,Fri,815,CB,CE2,410A 504A ,P,R,D,DO,F ,X,T,C,50,0,0,1,1883742,5773188
Rotorua District,13/06/2014,Fri,1513,PO,BN1,701B ,,S,D,B ,F ,X,T,P,50,0,0,0,1883742,5773188
Rotorua District,25/07/2014,Fri,1645,NB,CN1E,194A 402A 710B 714B ,,R,D,B ,F ,X,T,R,50,0,0,1,1883742,5773188
Rotorua District,19/08/2014,Tue,1540,CB,CN1,130A 631A ,S,R,W,O ,L , , ,R,60,0,0,0,1883766,5773083
Rotorua District,04/12/2014,Thu,1859,LB,SN1C,303B ,,R,D,BF,F ,T,G,C,50,0,0,1,1883880,5772525
Rotorua District,01/09/2014,Mon,2104,HA,CN1C,302A 375A 402A ,,E,W,DO,F ,R,G,C,50,0,0,0,1883951,5772173
Rotorua District,16/04/2014,Wed,1544,MC,CN1C,102A 102B 372B 404B 903 ,,R,D,O ,FS, , ,C,100,0,0,3,1884351,5770824
Rotorua District,01/02/2014,Sat,1739,DA,CS1,506A ,X,E,D,B ,F , , ,N,50,0,0,0,1884368,5770799
Rotorua District,18/10/2014,Sat,716,DB,CN1,101A 131A ,FT,E,D,B ,F , ,N,C,100,0,0,0,1885496,5767739
Rotorua District,01/12/2014,Mon,1250,FA,VN1C,331A 402A ,,R,D,B ,F , , ,C,100,0,0,0,1885428,5767294
Rotorua District,04/05/2014,Sun,1500,DA,4S1,103A 131A ,,E,D,B ,F , , ,C,100,0,0,0,1886196,5765345
Rotorua District,14/09/2014,Sun,800,QG,TN1T,668A 191B 198B ,D,E,W,O ,F , , ,C,100,0,0,0,1886596,5765190
Rotorua District,11/06/2014,Wed,1820,DA,CN1,129A 363A 601A ,G,E,W,DN,L , ,N,C,100,0,0,0,1887112,5764885
Rotorua District,27/07/2014,Sun,908,CC,VN1,135A 802 ,FS,R,I,BN,FF, ,N,C,100,0,0,0,1889893,5761739
Rotorua District,20/01/2014,Mon,2315,CC,VN1,130A 410A ,C,R,W,DN,L , ,N,C,100,0,0,1,1890111,5761538
Rotorua District,14/07/2014,Mon,1500,QG,TS1,130A 682A ,,R,D,B ,F ,T,N,L,100,0,0,0,1890443,5760516
Rotorua District,06/01/2014,Mon,1420,CB,CN1,129A 130A 410A ,CX,R,D,B ,F , , ,C,100,0,0,0,1891106,5759441
Rotorua District,17/11/2014,Mon,1513,MC,4S1C,110B 372B ,F,R,W,O ,L ,T,S,C,100,0,1,3,1893996,5751138
Rotorua District,14/04/2014,Mon,2025,BA,VS1C,125A 404A ,,R,D,DO,F , ,N,P,100,0,0,0,1893994,5751122
Rotorua District,02/01/2014,Thu,1205,LB,CN1V,303B 375B 927 ,,E,D,BF,F ,D,N,P,100,0,0,0,1893986,5751072
Rotorua District,05/12/2014,Fri,1434,DB,CS1C,111A 181A 111B ,,M,D,B ,F ,T,G,C,100,0,0,0,1893745,5749703
Rotorua District,20/10/2014,Mon,1300,JA,TS1C,302B 375B ,,R,D,B ,F ,T,G,L,100,0,0,0,1893745,5749703
Rotorua District,27/08/2014,Wed,936,CB,CS1,129A 330A ,GV,R,D,B ,F ,T,G,C,100,0,0,0,1893745,5749703
Rotorua District,10/10/2014,Fri,1136,DB,4S1,131A 359A ,G,R,D,B ,F ,T,G,L,100,0,0,1,1893745,5749703
Rotorua District,25/02/2014,Tue,430,DA,4S1,111A 407A ,C,E,D,DN,F , ,N,N,50,0,0,2,1892553,5747622
Rotorua District,29/04/2014,Tue,2119,JA,CS1C,302B 375B ,,E,D,DO,F ,T,G,C,100,0,0,0,1891918,5746071
Rotorua District,28/11/2014,Fri,1630,BE,VN1T,125A 410A 104B 197B ,,R,D,O ,F , ,N,C,100,2,2,4,1891778,5745744
Rotorua District,23/01/2014,Thu,1721,CB,VN1,136A 631A ,F,R,D,BN,F , ,N,C,100,0,0,2,1891454,5745192
Rotorua District,07/09/2014,Sun,116,DA,CN1,111A 129A 134A 353A ,FV,E,D,DN,F , , ,C,100,0,0,3,1889273,5739443
Rotorua District,23/09/2014,Tue,1300,QG,TN1,136A 665A ,E,E,D,BF,F ,T,S,C,100,0,0,0,1888336,5736398
Rotorua District,23/03/2014,Sun,740,BF,CN1C,131A 402A 412A ,,E,D,BN,F , , ,C,100,1,1,0,1887323,5735543
Ruapehu District,17/04/2014,Thu,1135,KA,TW1C,308B 901 929 ,,R,W,O ,H ,D,N,C,50,0,0,0,1795817,5693886
Ruapehu District,08/07/2014,Tue,822,MC,CW1C,330B 372B ,,R,D,B ,F , ,N,C,50,0,0,1,1807164,5634859
Ruapehu District,02/12/2014,Tue,1550,NA,CN1E,713B 732B ,,R,D,B ,F , , ,C,50,0,1,0,1796947,5693565
Ruapehu District,17/04/2014,Thu,1418,MO,CE1,133A 801 ,HKX,R,W,O ,L , , ,N,50,0,1,0,1796284,5693717
Ruapehu District,31/07/2014,Thu,,DA,CE1,410A 801 ,EZ,E,W,O ,L , , ,C,50,0,1,0,1796486,5693043
Ruapehu District,26/02/2014,Wed,1500,DA,VE1,101A 131A 138A 402A ,,M,D,B ,F , , ,N,100,0,0,0,1798972,5693009
Ruapehu District,26/11/2014,Wed,755,LB,CE1C,191A 197A 303B 330B 801 ,,R,W,O ,L ,X,G,C,50,0,0,1,1795959,5693627
Ruapehu District,28/07/2014,Mon,140,CB,CE1,103A 130A 802 ,P,R,W,DO, F, , ,C,50,0,0,1,1801593,5693124
Ruapehu District,18/09/2014,Thu,1540,PO,BW1E,102A 722B 727B ,,R,D,O ,F , , ,C,50,0,0,1,1801278,5693219
Ruapehu District,06/12/2014,Sat,1015,DA,CN1,131A 813 ,C,M,D,B ,F , , ,N,100,0,0,0,1808136,5707646
Ruapehu District,09/08/2014,Sat,2229,DB,CN1,108A 111A 131A 514A ,C,M,W,DN,M , ,N,C,100,0,0,0,1801214,5700879
Ruapehu District,28/08/2014,Thu,1530,DB,TS1,129A 134A 815 ,,E,D,ON,F , ,N,N,100,0,0,0,1809673,5725127
Ruapehu District,10/04/2014,Thu,1005,CC,ON1,129A 134A ,EX,R,D,O ,F , , ,C,100,1,0,0,1798858,5712976
Ruapehu District,17/11/2014,Mon,1900,DB,4S1,111A 131A 901 ,F,S,W,DN,H , , ,C,100,0,0,2,1798983,5624960
Ruapehu District,29/05/2014,Thu,1715,MO,SS1C,105A 204A 602A 614A 308B 378B 801 929+,,R,W,DO,L ,D, ,C,50,0,0,1,1799370,5693539
Ruapehu District,24/02/2014,Mon,1100,DA,TN1,129A 131A ,,M,D,B ,F , , ,C,100,0,0,1,1802250,5728886
Ruapehu District,29/05/2014,Thu,1400,DB,VS1,111A 131A 402A 813 ,C,M,D,B ,F , , ,N,100,0,0,0,1808309,5690339
Ruapehu District,03/06/2014,Tue,1607,LB,CS1V,303B 378B 834 929 ,,R,D,ON,F ,D,N,C,100,0,0,3,1800876,5633502
Ruapehu District,03/07/2014,Thu,1042,DA,VW1,111A 131A 802 ,EF,M,I,O ,F , , ,C,100,0,0,0,1801168,5633614
Ruapehu District,23/01/2014,Thu,2100,DB,CE1,103A 111A 131A ,F,E,D,TN,F , ,N,C,100,0,0,0,1799317,5632802
Ruapehu District,18/06/2014,Wed,1000,FD,VW1CC,181A ,,E,W,ON,L , ,N,C,100,0,1,0,1800024,5633139
Ruapehu District,14/07/2014,Mon,1300,DA,TE1,191A 523A 524A 532A ,V,E,D,O ,F , , ,C,100,0,0,1,1802650,5633812
Ruapehu District,25/08/2014,Mon,750,NA,CS1E,711B ,,R,D,O ,M , , ,C,70,0,0,1,1801435,5692983
Ruapehu District,30/05/2014,Fri,1020,MO,CW1V,371B ,,R,D,BF,F , ,N,C,50,0,0,0,1795891,5633482
Ruapehu District,15/03/2014,Sat,1000,CC,CE1C,103A 112A 132A ,M,R,D,B ,F ,X,S,C,50,0,0,0,1796388,5633289
Ruapehu District,31/10/2014,Fri,1230,MO,CE1C,371A 371B ,,R,D,O ,F , , ,C,50,0,0,0,1796225,5633352
Ruapehu District,21/09/2014,Sun,204,CA,CE14,103A 130A ,M,R,D,DO,F , , ,C,50,0,0,1,1807678,5634541
Ruapehu District,22/05/2014,Thu,2200,DA,40,131A 410A ,FT,M,W,DN,F , , ,N,100,0,0,0,1797371,5699358
Ruapehu District,09/01/2014,Thu,1250,HA,4E1C,302B ,,R,D,O ,F ,X,G,C,50,0,0,0,1799070,5693499
Ruapehu District,05/06/2014,Thu,540,CA,4E1M,129A 410A 341B ,PX,R,D,DO,M , ,N,C,50,0,0,2,1798155,5693704
Ruapehu District,05/11/2014,Wed,845,FA,CE14,181A ,,R,D,B ,F , , ,C,50,0,0,0,1795993,5693897
Ruapehu District,15/01/2014,Wed,1615,BB,TN1C,129A 101B ,,S,D,ON,F , ,N,N,100,0,0,1,1773557,5704531
Ruapehu District,07/06/2014,Sat,845,CB,CS1,129A ,C,R,W,BN,F , ,N,C,100,0,0,0,1836291,5645737
Ruapehu District,24/12/2014,Wed,940,CB,CS1,410A ,S,R,D,O ,F , , ,C,100,0,0,0,1836145,5645534
Ruapehu District,02/05/2014,Fri,1500,GC,CN14,174B 372B 375B 926 ,,R,D,BN,F ,D,N,C,100,0,0,1,1835936,5645254
Ruapehu District,11/10/2014,Sat,1418,CB,CN1,110A 135A 901 ,,R,W,O ,H , ,N,C,100,0,0,0,1834419,5641035
Ruapehu District,11/10/2014,Sat,1430,CC,CN1,110A 132A ,C,R,W,O ,H , ,N,C,100,0,0,0,1834419,5641035
Ruapehu District,23/06/2014,Mon,755,CB,VN1,129A 134A 350A ,C,R,W,O ,MF, ,N,C,100,0,0,1,1833624,5638125
Ruapehu District,03/07/2014,Thu,950,CB,CN1,130A 802 ,C,R,I,B ,F , , ,C,100,0,0,0,1830015,5628361
Ruapehu District,06/09/2014,Sat,700,EC,CS1,911,W,R,W,O ,L , , ,C,100,0,0,0,1829851,5627970
Ruapehu District,26/05/2014,Mon,925,LB,CS14,370A 602A 632A 303B 375B 378B ,,R,W,O ,F ,T,S,P,100,0,0,0,1829834,5627933
Ruapehu District,03/09/2014,Wed,1755,CB,CS1,110A 135A 402A 803 ,,R,I,TN,SF,T,G,C,70,0,0,0,1829516,5626858
Ruapehu District,17/01/2014,Fri,950,DA,CS1,131A 358A ,F,E,D,ON,F , ,N,C,100,0,0,2,1829686,5625991
Ruapehu District,10/01/2014,Fri,2015,DA,CS1,129A 134A 358A ,S,E,D,ON,F , ,N,L,100,0,0,0,1829689,5625932
Ruapehu District,03/07/2014,Thu,1035,EA,CN14,130A 802 ,M,R,I,B ,S , , ,C,100,0,0,0,1829932,5624418
Ruapehu District,13/02/2014,Thu,1310,AD,CN1T,137A 156A 404A 831 ,,E,D,B ,F , , ,C,100,0,0,0,1830653,5620982
Ruapehu District,08/08/2014,Fri,2200,DA,VN1,135A 407A 802 ,V,M,I,DN,S , , ,C,100,0,0,0,1830404,5619978
Ruapehu District,06/02/2014,Thu,1035,DA,CS1,129A 131A 410A ,F,E,D,B ,F , , ,C,100,0,0,0,1831555,5618270
Ruapehu District,02/03/2014,Sun,1453,DA,CS1,131A 410A ,CT,M,D,B ,F ,T,N,C,100,0,0,1,1793763,5714506
Ruapehu District,14/04/2014,Mon,2000,EC,CS1,820,X,M,D,DN,F , ,N,C,100,0,0,0,1795703,5712620
Ruapehu District,28/08/2014,Thu,2214,CC,CS1,112A 137A 150A ,CV,R,D,DN,F , ,N,C,100,0,0,1,1796499,5710745
Ruapehu District,06/05/2014,Tue,534,EC,4N1T,820,X,R,W,DN,L , , ,C,100,0,0,0,1794539,5705600
Ruapehu District,07/01/2014,Tue,950,EC,CN1,820,D,E,D,B ,F , , ,C,100,0,0,0,1794496,5705386
Ruapehu District,03/08/2014,Sun,1336,DA,CS1,131A 402A 412A 904 ,C,E,W,O ,M , , ,C,100,0,0,1,1794496,5705386
Ruapehu District,13/06/2014,Fri,2315,DB,CS1,131A 412A 904 ,V,E,D,DN,M , , ,C,100,0,0,1,1793717,5704813
Ruapehu District,28/06/2014,Sat,1200,CB,CS1,130A 404A 801 ,,R,W,O ,L , , ,C,100,0,0,0,1792950,5703259
Ruapehu District,07/12/2014,Sun,940,CB,CN1,351A 410A ,F,R,D,B ,F , , ,N,100,0,0,0,1792955,5701779
Ruapehu District,21/04/2014,Mon,1255,EC,CN1,341A 826 ,D,E,D,B ,F , ,N,C,100,0,0,0,1792988,5700250
Ruapehu District,06/10/2014,Mon,1500,DA,CN1,350A 410A ,F,E,W,B ,L , ,N,C,100,0,0,0,1793877,5697483
Ruapehu District,03/01/2014,Fri,2310,DA,CN1,130A 402A 420A ,V,E,W,DN,L , ,N,C,100,0,0,0,1793890,5697344
Ruapehu District,27/06/2014,Fri,1725,CB,4S1,410A ,FT,R,W,DN,L , , ,C,100,0,0,1,1793984,5696894
Ruapehu District,13/12/2014,Sat,1230,NA,CS1E,713B ,,R,D,O ,F , , ,P,50,0,1,0,1795772,5693764
Ruapehu District,04/02/2014,Tue,1510,MO,VE1C,371A ,M,R,D,BF,F , ,N,C,50,0,0,0,1796232,5693766
Ruapehu District,18/07/2014,Fri,1015,JA,CW1V,302B 363B 375B 902 ,,R,D,B ,F ,T,G,C,50,0,0,0,1796504,5693771
Ruapehu District,19/12/2014,Fri,1600,DB,CE1,102A 410A ,F,E,D,B ,F , ,N,C,100,0,0,0,1797301,5693808
Ruapehu District,27/10/2014,Mon,1000,DA,CS1,111A 131A 801 ,E,E,W,O ,L , , ,L,50,0,0,0,1797393,5693831
Ruapehu District,19/12/2014,Fri,1000,BF,CE1V,111A 129A 131A 801 ,,E,W,O ,L , , ,L,50,0,0,1,1797393,5693831
Ruapehu District,20/04/2014,Sun,750,DB,CS1,110A 632A ,G,M,W,O ,F , ,N,C,50,0,0,0,1797510,5693923
Ruapehu District,17/05/2014,Sat,1405,DC,CE2V,112A ,K,R,D,B ,F , , ,R,100,0,0,0,1799932,5693803
Ruapehu District,20/04/2014,Sun,1654,CB,CS1,103A 110A ,V,R,W,O ,L , ,N,P,100,0,0,1,1800164,5693605
Ruapehu District,11/09/2014,Thu,1340,EA,SW1T,129A 330A ,M,R,D,B ,F , ,N,C,70,0,0,1,1801300,5693028
Ruapehu District,01/05/2014,Thu,1025,QG,CS1,130A 687A ,,R,D,BN,F , ,N,C,70,0,0,0,1801867,5692759
Ruapehu District,27/12/2014,Sat,911,DB,CN1,129A 358A 402A ,C,E,D,B ,F , , ,L,100,0,0,1,1803149,5691208
Ruapehu District,18/12/2014,Thu,610,DA,4N1,111A 131A 800 ,FV,M,W,O ,M , , ,C,100,0,0,0,1802834,5688966
Ruapehu District,02/08/2014,Sat,2100,DB,CN1,111A 131A ,F,M,W,DO,L , , ,L,100,0,0,0,1803363,5688751
Ruapehu District,20/12/2014,Sat,620,DB,4N1,131A 412A ,C,E,D,O ,F , , ,C,100,0,0,2,1804480,5686315
Ruapehu District,14/03/2014,Fri,1150,DA,VN1,410A ,CF,E,D,B ,F , , ,C,100,0,0,1,1806121,5683408
Ruapehu District,25/07/2014,Fri,2100,GD,TN1C,174B ,,R,D,DO,F ,T,N,C,70,0,0,2,1805898,5680701
Ruapehu District,19/09/2014,Fri,1915,DB,CN1,131A 359A ,C,E,W,DN,L , ,N,C,100,0,0,0,1806253,5676322
Ruapehu District,26/01/2014,Sun,1630,DA,CN1,131A 410A ,C,E,W,ON,H , ,N,C,100,0,0,1,1805794,5671145
Ruapehu District,03/07/2014,Thu,856,CB,4N1,110A 330A 802 905 ,,R,I,B ,SF, ,N,C,100,0,0,1,1805605,5670255
Ruapehu District,06/12/2014,Sat,1535,DA,CN1,131A 412A ,F,M,D,B ,F , , ,C,100,0,1,0,1805550,5670171
Ruapehu District,03/03/2014,Mon,1150,DA,CN1,135A 404A 901 ,V,M,W,ON,H , ,N,C,100,0,0,0,1807054,5664764
Ruapehu District,17/04/2014,Thu,930,DA,CN1,131A ,V,M,D,O ,FS, , ,C,100,0,0,0,1807021,5664385
Ruapehu District,29/01/2014,Wed,1340,DA,CN1,134A 410A ,,M,D,B ,F , ,N,C,100,0,0,0,1806944,5655602
Ruapehu District,21/04/2014,Mon,1345,DA,CS1,111A 131A 801 ,C,E,W,O ,L , , ,C,100,0,0,0,1806595,5651226
Ruapehu District,29/06/2014,Sun,1430,DA,CE1,131A 353A 800 804 ,V,S,W,O ,F , , ,C,100,0,0,0,1806958,5651112
Ruapehu District,12/11/2014,Wed,2056,DB,VS1,129A 131A ,V,M,I,DN,S , ,N,C,100,0,0,0,1806062,5650777
Ruapehu District,16/12/2014,Tue,1830,CC,CS1,410A ,B,R,D,B ,F , , ,C,100,0,0,2,1806066,5646772
Ruapehu District,26/05/2014,Mon,1940,CC,CS1,135A 802 ,,R,I,DN,FF, ,N,C,100,0,0,0,1805682,5644934
Ruapehu District,04/10/2014,Sat,740,BE,4N1T,135A 802 ,,R,I,ON,S , ,N,C,100,0,0,1,1805451,5644261
Ruapehu District,22/09/2014,Mon,810,CB,CE1,803,F,R,I,ON,S , ,N,C,100,0,0,1,1803945,5641867
Ruapehu District,22/04/2014,Tue,1920,EC,TS1,801 912 ,CVW,R,W,DN,L , , ,L,100,0,0,0,1797442,5637103
Ruapehu District,27/10/2014,Mon,2220,DB,CS1,111A 131A 801 812 ,C,M,W,DN,L , , ,C,100,0,0,2,1796409,5633323
Ruapehu District,21/01/2014,Tue,30,DC,CE1,110A 112A ,P,R,W,DO,L ,T,G,C,50,0,0,1,1796427,5632908
Ruapehu District,15/08/2014,Fri,845,DA,CN1,131A 802 ,V,M,I,B ,F , , ,C,100,0,0,0,1796502,5632239
Ruapehu District,14/10/2014,Tue,1112,CB,CS1,129A 350A ,,R,D,B ,F , ,N,L,100,0,0,0,1797773,5627838
Ruapehu District,04/07/2014,Fri,1930,EC,CS1,912,W,E,D,DN,F , , ,C,100,0,0,0,1797090,5625646
Ruapehu District,05/05/2014,Mon,1445,DB,VS1,101A 111A 131A ,E,E,W,ON,L , ,N,C,100,0,0,1,1797090,5625646
Ruapehu District,16/04/2014,Wed,1920,DA,CN1,131A ,C,E,W,DN,F , , ,C,100,0,0,0,1796733,5624891
Ruapehu District,24/09/2014,Wed,700,DA,CS1,129A 134A ,,E,D,B ,F , ,N,C,100,0,0,0,1797159,5624612
Ruapehu District,07/12/2014,Sun,1700,DB,VN1,131A 411A ,C,M,D,O ,F , , ,C,100,0,0,0,1795411,5618833
Ruapehu District,27/10/2014,Mon,1300,DA,CN1,111A 131A ,G,M,W,O ,L , , ,C,100,0,0,0,1794796,5617959
Ruapehu District,21/10/2014,Tue,1730,CC,CN1,134A 358A ,TV,R,D,B ,F , ,N,C,100,1,0,0,1795126,5617411
Ruapehu District,06/07/2014,Sun,1300,DA,MN1,121A ,G,M,D,BN,F , ,N,C,100,0,0,1,1797732,5613312
Ruapehu District,04/05/2014,Sun,1003,DB,CE1,130A ,F,E,D,O ,F , , ,C,100,0,0,0,1804582,5692440
Ruapehu District,07/09/2014,Sun,950,LB,ME1C,303B 375B ,,R,W,B ,F ,T,N,C,100,0,1,0,1807789,5692522
Ruapehu District,07/02/2014,Fri,900,BF,ME1C,135A 800 810 ,,M,W,ON,F , ,N,C,100,0,1,0,1817054,5692193
Ruapehu District,21/10/2014,Tue,1500,DA,CW1,110A 121A 632A 903 ,CT,M,D,B ,FS, ,N,C,100,0,1,0,1817446,5692262
Ruapehu District,22/11/2014,Sat,1430,DA,40,129A 131A 404A 901 ,CEX,M,W,O ,H , , ,C,100,0,0,0,1767518,5685591
Ruapehu District,22/01/2014,Wed,1725,DB,CW1,131A 404A 407A 800 901 ,EF,M,W,ON,H , ,N,C,100,0,0,0,1781257,5689287
Ruapehu District,17/05/2014,Sat,920,DA,CN1,197A 407A ,,E,W,O ,M , , ,C,100,0,0,0,1794745,5691293
Ruapehu District,18/09/2014,Thu,1457,DB,4N1,131A 610A 620A ,C,M,W,O ,F , ,N,C,100,0,0,1,1795063,5691914