TLANAME,CRASHDATE,CRASHDOW,CRASHTIME,MVMT,VEHICLES,CAUSES,OBJECTSSTRUCK,ROADCURVE,ROADWET,LIGHT,WTHRa,JUNCTYPE,TRAFCTRL,ROADMARK,SPDLIM,CRASHFATALCNT,CRASHSEVCNT,CRASHMINCNT,EASTING,NORTHING
Ruapehu District,25/10/2014,Sat,2105,DA,CW1,111A 131A ,,E,D,DN,F , ,N,C,100,0,0,1,1810183,5659954
Ruapehu District,08/08/2014,Fri,2057,DA,CE1,131A 197A 802 ,,M,I,DN,SF, , ,C,100,0,1,1,1810376,5659905
Ruapehu District,22/03/2014,Sat,1830,DA,4W1,131A 410A ,T,M,D,O ,F , ,N,L,100,0,0,0,1810376,5659905
Ruapehu District,19/01/2014,Sun,2155,EC,CW1,912,W,R,D,DN,F , ,N,C,100,0,0,0,1811391,5660323
Ruapehu District,02/07/2014,Wed,645,CC,TE1,135A 803 904 ,,R,I,B ,MF, ,N,C,100,0,0,0,1812159,5660443
Ruapehu District,16/07/2014,Wed,1600,DA,CS1,130A 412A ,C,E,W,TN,F , , ,C,100,0,0,1,1813288,5660647
Ruapehu District,01/11/2014,Sat,1015,CC,4N1,129A 134A 501A ,VX,R,D,B ,F , , ,C,100,0,0,0,1815110,5662208
Ruapehu District,06/02/2014,Thu,1330,BA,CW1C,129A ,,R,D,BN,F , ,N,C,100,0,1,1,1815905,5663161
Ruapehu District,15/07/2014,Tue,1800,DA,CS1,131A 358A ,C,E,D,DN,F , , ,C,100,0,0,1,1817052,5664147
Ruapehu District,29/11/2014,Sat,1749,JA,BN1V,132A 309B 375B 404B ,,E,D,O ,F ,T,N,C,100,0,1,1,1817081,5664188
Ruapehu District,07/04/2014,Mon,1130,DB,CN1,131A 195A ,C,M,D,O ,F , , ,C,100,0,0,1,1824820,5674670
Ruapehu District,11/08/2014,Mon,1255,DA,CN1,137A 197A 353A 801 ,P,E,W,O ,L ,T,G,P,100,0,0,0,1825718,5675094
Ruapehu District,19/07/2014,Sat,900,CC,CS1,112A 135A 802 ,T,R,I,BN,FF, ,N,C,100,0,0,1,1827086,5675709
Ruapehu District,16/08/2014,Sat,900,DC,4N1C,112A 130A 420A 804 ,,R,D,B ,FF,T,G,C,100,0,0,0,1815411,5662472
Ruapehu District,07/09/2014,Sun,805,MA,4W1C,373B ,,R,D,BN,F , ,N,C,100,0,0,0,1815453,5662370
Ruapehu District,16/08/2014,Sat,815,CB,4S1,130A 802 ,T,R,I,O ,S , , ,C,100,0,0,0,1817735,5660229
Ruapehu District,03/07/2014,Thu,945,BF,CS1T,802 905 ,G,M,I,B ,SF, ,N,C,100,0,0,0,1800094,5639662
Ruapehu District,02/08/2014,Sat,1640,CB,CN1,130A 407A 903 ,,R,W,O ,LS, , ,C,100,0,0,0,1805787,5635314
Ruapehu District,20/12/2014,Sat,1455,FA,VW1C,331A ,,R,D,O ,F , , ,C,70,0,0,0,1807400,5633656
Ruapehu District,03/11/2014,Mon,1620,DB,CS1,504A ,FX,E,D,B ,F , , ,C,100,0,0,0,1811452,5631317
Ruapehu District,04/10/2014,Sat,730,DA,TE1,131A 615A ,,M,I,DN,S , , ,L,100,0,0,0,1812483,5630902
Ruapehu District,04/10/2014,Sat,730,DA,CS1,131A 135A ,CF,M,I,TN,SF, ,N,C,100,0,0,0,1815666,5628453
Ruapehu District,07/10/2014,Tue,319,DB,CE1,110A 131A 803 ,GT,E,I,DN,S , ,N,C,100,1,0,0,1825556,5627728
Ruapehu District,10/10/2014,Fri,445,CC,VW1,102A 410A ,FT,R,D,DN,F , ,N,C,100,0,0,0,1826743,5627745
Ruapehu District,03/07/2014,Thu,1130,CC,40,130A 802 ,C,R,I,O ,F , , ,C,100,0,0,1,1827086,5627751
Selwyn District,24/06/2014,Tue,820,CB,VW1,130A 802 ,CZ,R,I,B ,FF, , ,C,100,1,0,0,1534828,5179115
Selwyn District,15/07/2014,Tue,2000,DB,CE1,103A 131A ,T,M,D,DN,F , ,N,N,100,0,0,1,1542310,5150024
Selwyn District,27/06/2014,Fri,945,DB,CW1,111A 131A 400A ,F,E,D,BF,F , ,N,C,100,0,0,0,1523673,5177988
Selwyn District,09/08/2014,Sat,100,DA,40,103A 359A ,FST,M,D,DN,F , ,N,C,100,0,1,0,1523741,5178004
Selwyn District,03/08/2014,Sun,1842,EC,CW1,912,W,R,D,DO,L ,X,G,C,100,0,0,0,1538541,5179710
Selwyn District,14/12/2014,Sun,1257,FD,CW14C,130A 181A 331A 191B 197B 331B 191C 929+,,R,D,B ,F ,D, ,C,100,0,0,0,1531704,5178447
Selwyn District,24/06/2014,Tue,820,CC,4W1,130A 191A ,Q,R,I,B ,FF, , ,C,100,0,0,1,1533764,5178845
Selwyn District,16/01/2014,Thu,830,EA,CS1C,350A 370A ,M,R,D,B ,F ,T,N,C,50,0,0,0,1528021,5184407
Selwyn District,04/10/2014,Sat,1015,CA,VS1,130A 813 ,,R,D,B ,F , , ,N,100,0,0,0,1547050,5169423
Selwyn District,25/03/2014,Tue,832,GC,CS1V,333A 174B ,,R,W,OF,L ,T,N,C,50,0,0,0,1549429,5172779
Selwyn District,17/07/2014,Thu,1450,CB,40,129A 358A ,PV,R,D,ON,F , ,N,N,100,0,0,1,1542122,5161087
Selwyn District,25/12/2014,Thu,1710,HA,CS144,302B 375B ,,M,D,BF,F ,X,G,C,100,0,0,0,1546014,5167999
Selwyn District,14/11/2014,Fri,1225,DB,MN1,129A 131A ,FP,S,D,ON,F , ,N,N,100,0,1,0,1529593,5171371
Selwyn District,12/07/2014,Sat,2322,DB,CE1,103A 111A 514A ,F,M,D,DN,F , ,N,N,100,0,0,1,1534070,5168900
Selwyn District,02/06/2014,Mon,1230,DA,4S1,131A 802 ,B,M,I,B ,F , , ,C,100,0,0,0,1485725,5193942
Selwyn District,15/04/2014,Tue,2200,DB,CN2,131A 402A 801 ,P,M,W,DO,L ,T,G,C,50,0,0,0,1543581,5155386
Selwyn District,15/09/2014,Mon,430,EC,4S1,912,W,E,D,DN,F , , ,N,100,0,0,0,1554714,5161293
Selwyn District,20/07/2014,Sun,1410,DB,MS1,135A 800 804 ,IS,E,D,B ,F ,T,G,R,100,0,0,2,1520024,5185830
Selwyn District,24/10/2014,Fri,1715,DA,40,129A 134A ,,E,D,O ,F ,X,G,C,100,0,0,0,1536514,5145720
Selwyn District,18/03/2014,Tue,2300,DA,CS1,103A 111A 132A ,J,E,D,DN,F ,M,G,C,100,0,0,0,1541725,5161116
Selwyn District,15/02/2014,Sat,2155,CB,CS1,101A 112A 929 ,FP,R,D,DN,F ,D, ,C,100,0,0,0,1520299,5173120
Selwyn District,03/08/2014,Sun,1620,CB,CS1,135A 804 ,F,R,W,ON,L , ,N,N,100,0,0,0,1550813,5169093
Selwyn District,14/08/2014,Thu,1310,DA,CS1,423A 507A ,FJ,M,D,O ,F , , ,N,50,0,0,0,1560607,5174301
Selwyn District,25/05/2014,Sun,230,CA,VW1,103A 130A 359A ,FV,R,D,DN,F , , ,C,100,0,0,0,1554516,5167455
Selwyn District,07/09/2014,Sun,1730,KB,BW1C,301B ,,R,D,B ,F ,T,S,R,100,0,0,0,1555152,5167394
Selwyn District,18/12/2014,Thu,2300,DA,4S2,103A 131A ,V,R,W,DO,F ,T,S,C,100,0,0,0,1555152,5167394
Selwyn District,25/12/2014,Thu,1210,JA,ME1C,302B 375B ,,R,D,B ,F ,R,G,C,70,0,0,0,1557296,5167775
Selwyn District,05/08/2014,Tue,2200,CB,CS1,195A ,V,R,D,DN,F , , ,C,100,0,0,0,1560024,5167050
Selwyn District,04/03/2014,Tue,1310,JA,CS1C,301B 404B ,,R,W,O ,F ,X,S,C,100,0,0,0,1562250,5172005
Selwyn District,15/09/2014,Mon,844,CB,CN1,136A 620A ,TV,R,D,B ,F , , ,C,100,0,0,1,1562020,5170926
Selwyn District,11/05/2014,Sun,235,CC,4N1,103A 410A ,,R,D,DN,F , , ,C,100,0,0,1,1561824,5170346
Selwyn District,25/09/2014,Thu,1015,HA,CE24,301A 353A 375A ,,R,D,B ,F ,X,S,C,100,0,1,0,1561936,5170547
Selwyn District,09/10/2014,Thu,445,EC,4S1,912,W,R,D,DN,F , , ,C,100,0,0,0,1560662,5168243
Selwyn District,25/01/2014,Sat,1745,DA,CN1,111A 131A 402A ,,M,D,BF,F , ,N,C,100,0,0,0,1562387,5172574
Selwyn District,10/04/2014,Thu,720,HA,CS1V,302A 375A ,,R,W,O ,L ,X,G,C,100,0,0,0,1558031,5163205
Selwyn District,01/05/2014,Thu,1925,HA,CW1C,302A 375A ,,E,D,DO,F ,R,G,C,70,0,0,0,1557302,5167767
Selwyn District,02/09/2014,Tue,2019,EA,CW1C,129A 358A 402A ,M,R,D,DO,FS, , ,C,50,0,0,0,1558066,5167898
Selwyn District,11/09/2014,Thu,1350,LB,CN1C,302A ,,R,D,B ,F ,R,G,R,50,0,0,0,1550524,5172313
Selwyn District,16/04/2014,Wed,1104,DC,TS1,191A 335A 615A 801 ,F,R,W,O ,L ,M,G,C,100,0,0,1,1549830,5168661
Selwyn District,06/10/2014,Mon,1805,DA,4N1,131A 801 901 ,P,M,W,O ,H , , ,C,100,0,0,0,1525029,5180522
Selwyn District,26/10/2014,Sun,1450,CB,40,130A 631A ,,R,D,O ,F , ,N,C,100,0,0,1,1542462,5184946
Selwyn District,07/10/2014,Tue,1415,GD,CW1C,181A 927 ,,R,D,B ,F ,D,N,C,100,0,0,0,1548620,5182044
Selwyn District,25/09/2014,Thu,1015,HA,CW24,302B ,,R,D,B ,F ,T,G,C,100,0,2,0,1542236,5154897
Selwyn District,15/02/2014,Sat,1350,DA,CN1,111A 131A 402A ,,M,D,O ,F , , ,N,100,0,0,1,1482236,5204976
Selwyn District,11/01/2014,Sat,10,CB,4N1,102A 350A ,P,R,D,DO,F , ,N,C,50,0,0,0,1539696,5149007
Selwyn District,27/10/2014,Mon,1435,HA,4W1C,302B 375B ,,R,D,BF,F ,X,G,P,50,0,0,0,1543660,5154383
Selwyn District,16/06/2014,Mon,1049,JA,4S1C,375B ,,R,D,BN,F ,T,N,C,50,0,0,1,1515486,5178976
Selwyn District,18/06/2014,Wed,557,DC,MN1,363A ,KS,E,D,DO,F ,R,G,R,50,0,0,1,1550232,5174241
Selwyn District,08/09/2014,Mon,740,FE,CN1V,181A 402A ,,R,D,B ,F ,T,T,R,80,0,0,0,1550392,5173704
Selwyn District,27/10/2014,Mon,1630,HA,4S1C,301B 375B ,,R,D,B ,F ,X,S,C,100,0,0,0,1548364,5176325
Selwyn District,31/10/2014,Fri,1449,CA,VN1,103A 130A 433A 813 ,,R,D,O ,F , , ,N,100,0,0,1,1542300,5186714
Selwyn District,02/05/2014,Fri,1630,DA,CN1,101A 111A 131A ,S,E,D,TF,F ,R,G,R,50,0,0,0,1548918,5174448
Selwyn District,02/04/2014,Wed,1739,HA,VW1V,321B 352B ,,R,D,BF,F ,X,S,C,100,0,0,0,1555032,5176197
Selwyn District,19/10/2014,Sun,1325,HA,VN2C,321A 330A ,,R,D,B ,F ,X,S,C,100,0,0,0,1555032,5176197
Selwyn District,12/02/2014,Wed,1830,CC,CW1,130A ,T,R,D,TN,F , , ,C,100,0,1,0,1556295,5176871
Selwyn District,29/11/2014,Sat,1949,AF,CW1S,129A 150A ,,R,D,B ,F , ,N,C,100,0,0,1,1555766,5176589
Selwyn District,23/07/2014,Wed,1600,HA,CN24,301A 902 ,,R,D,B ,F ,X,S,C,100,0,0,0,1556207,5176825
Selwyn District,16/11/2014,Sun,1855,HA,4N1C,321B 330B ,,R,D,B ,F ,X,S,C,100,0,1,0,1556207,5176825
Selwyn District,30/03/2014,Sun,1157,HA,CN2C,301B 314B 377B ,,R,D,BF,F ,X,S,N,60,0,0,0,1550369,5173794
Selwyn District,19/11/2014,Wed,1940,MC,CE1C,371B 514B ,Q,R,D,TN,F , ,N,C,50,0,0,0,1549961,5173298
Selwyn District,21/10/2014,Tue,1210,KB,CN2C,321A 404A ,,R,D,O ,F ,X,S,R,50,0,0,0,1549943,5173282
Selwyn District,09/04/2014,Wed,2230,DA,4S1,131A 191A 332A 800 904 ,P,S,W,DN,M , , ,N,100,0,0,1,1513363,5203085
Selwyn District,12/08/2014,Tue,845,HA,TE1C,301A 375A ,,R,D,B ,F ,X,S,C,100,0,0,0,1562250,5172005
Selwyn District,25/10/2014,Sat,1410,DA,ME1,111A 131A ,GV,M,D,O ,F ,T,G,C,100,0,1,1,1540679,5154905
Selwyn District,01/08/2014,Fri,815,MO,4S1C,385A ,M,R,D,BF,F , ,N,C,50,0,0,0,1553736,5167498
Selwyn District,15/09/2014,Mon,722,CB,VN1,136A 631A ,F,R,D,BF,F ,T,G,C,100,0,0,0,1552660,5165217
Selwyn District,12/07/2014,Sat,1210,CB,4W1,130A 350A ,F,R,D,O ,F , , ,C,100,0,0,1,1545622,5155698
Selwyn District,16/11/2014,Sun,1215,HA,CS1V,321B 335B ,,R,D,B ,F ,X,S,C,100,0,1,0,1548548,5160788
Selwyn District,18/07/2014,Fri,625,CA,CN1C,135A 802 905 ,B,R,I,DN,SF, ,N,C,100,0,0,0,1549533,5162587
Selwyn District,09/09/2014,Tue,1644,CB,CE1,195A ,V,R,D,B ,F , , ,C,100,0,0,0,1544742,5155108
Selwyn District,04/08/2014,Mon,1700,FA,CN1S,129A ,,R,D,B ,F , , ,C,100,0,0,1,1551999,5172017
Selwyn District,12/08/2014,Tue,1100,EC,TS1,912,W,R,D,B ,F , ,N,N,100,0,0,1,1547933,5148256
Selwyn District,28/02/2014,Fri,1700,MO,4E1C,110A 130A 402A 901 ,M,R,W,O ,H , , ,C,50,0,0,1,1549375,5171628
Selwyn District,07/08/2014,Thu,620,CC,CE1,103A 410A ,,R,D,DO,F , , ,C,50,0,0,0,1550957,5172569
Selwyn District,19/07/2014,Sat,1450,DB,CE1,131A 138A ,C,M,W,O ,F , ,N,N,100,0,0,0,1489147,5200497
Selwyn District,17/05/2014,Sat,1437,BB,4N14,129A 129B ,,S,D,O ,F , , ,N,100,0,0,0,1493962,5204066
Selwyn District,01/10/2014,Wed,1041,HA,4N2C,191A 321B 330B 404B ,,R,D,O ,F ,X,S,C,100,0,1,2,1551681,5176111
Selwyn District,26/11/2014,Wed,1420,AO,TW1M,129A 353A 112B 130B 150B 197B 817 ,,R,D,B ,F , , ,C,100,0,1,1,1530932,5155265
Selwyn District,03/11/2014,Mon,1656,FD,CW14C,331A 352A ,,R,D,B ,F , , ,C,80,0,0,2,1560061,5176548
Selwyn District,05/11/2014,Wed,1722,DA,CW2,133A 420A ,,E,D,OF,L ,X,S,C,80,0,0,0,1560009,5176578
Selwyn District,12/04/2014,Sat,855,CC,CS1,135A 517A 804 ,FX,R,W,OF,F , ,N,C,50,0,0,0,1527226,5184060
Selwyn District,24/07/2014,Thu,2145,EA,4W1CC,103A 129A ,M,R,D,DO,F , ,N,C,50,0,0,0,1550054,5173069
Selwyn District,25/09/2014,Thu,820,EA,SE1V,129A 330A ,M,R,D,O ,F , , ,N,50,0,0,1,1558446,5168228
Selwyn District,11/03/2014,Tue,1020,MC,CE1C,372B 404B ,,R,D,O ,F , ,N,N,50,0,0,0,1558550,5168246
Selwyn District,26/03/2014,Wed,1415,EA,CE1C,129A 402A ,M,R,D,B ,F ,X,G,C,50,0,0,0,1558347,5168212
Selwyn District,10/05/2014,Sat,1905,DB,MN1,103A 532A ,,E,D,DN,M , , ,C,100,0,0,0,1564109,5166749
Selwyn District,05/03/2014,Wed,1715,DA,CW1,129A 134A 632A ,FZ,E,W,ON,L , ,N,C,100,0,0,0,1545635,5185029
Selwyn District,21/11/2014,Fri,1351,MC,CW1C,355B 372B ,,R,D,O ,F ,X,S,R,100,0,0,2,1553759,5183450
Selwyn District,16/03/2014,Sun,1840,CB,CW1,130A ,VZ,R,W,ON,L , ,N,C,100,0,0,0,1533816,5188893
Selwyn District,11/08/2014,Mon,2100,EC,4W1,912,W,R,D,DN,F , ,N,C,100,0,0,0,1537313,5187462
Selwyn District,31/01/2014,Fri,1810,DB,CN1,111A 131A 407A ,C,E,D,B ,F , , ,C,100,0,0,0,1528759,5191840
Selwyn District,15/06/2014,Sun,1717,GD,400000000000000,333A 353A 929 ,,R,D,BN,F ,D,N,C,100,0,0,0,1551800,5183404
Selwyn District,31/05/2014,Sat,903,MC,TW1V,330B 372B ,,E,D,B ,F , ,N,C,100,0,2,0,1548177,5184458
Selwyn District,01/03/2014,Sat,915,DA,40,131A 681A ,,M,D,B ,F , , ,C,100,0,1,0,1525109,5193731
Selwyn District,17/04/2014,Thu,915,HA,CN2C,321A 517A ,,R,D,O ,F ,X,S,R,100,0,0,0,1549714,5183884
Selwyn District,26/02/2014,Wed,1900,CB,CE1,135A 402A 813 ,V,R,D,BN,F , ,N,N,100,0,0,1,1563436,5169459
Selwyn District,29/08/2014,Fri,1700,CC,CN1,130A 631A ,F,R,D,TN,F , ,N,N,100,0,0,0,1543888,5177707
Selwyn District,12/08/2014,Tue,1940,CB,CS1,130A 404A 802 ,P,R,I,DN,F , , ,C,100,0,0,1,1518223,5162428
Selwyn District,01/08/2014,Fri,1730,CB,4N1,130A 813 ,P,R,D,DN,F , , ,N,100,0,0,1,1509313,5169546
Selwyn District,12/03/2014,Wed,1910,CB,CE1,129A 134A 350A ,F,R,D,TN,F , ,N,C,100,0,0,1,1518484,5162245
Selwyn District,14/01/2014,Tue,656,KA,SN1C,302B 902 ,,R,D,B ,F ,T,G,C,50,0,0,1,1550284,5173509
Selwyn District,13/09/2014,Sat,1545,CA,CW1,198A 813 ,P,R,W,O ,L , , ,N,100,0,0,0,1548421,5167989
Selwyn District,25/12/2014,Thu,1750,CC,CW1,197A ,F,R,D,BF,F ,T,G,N,100,0,0,0,1549830,5168661
Selwyn District,06/03/2014,Thu,1630,HA,4W1C,302B 375B ,,R,D,B ,F ,M,G,X,100,0,0,0,1549830,5168661
Selwyn District,09/06/2014,Mon,1219,JA,CN2C,302B ,,E,W,O ,L ,M,G,C,100,0,0,0,1553672,5170920
Selwyn District,22/08/2014,Fri,900,FB,CN14,387A ,,R,D,B ,F ,T,S,C,100,0,0,0,1557659,5173335
Selwyn District,25/09/2014,Thu,700,FB,VE14,181A 321A ,,R,D,DN,F ,T,S,L,100,0,0,0,1557676,5173346
Selwyn District,18/02/2014,Tue,1039,DC,CE1,130A 501A ,S,E,D,BF,F ,T,S,C,100,0,0,0,1557676,5173346
Selwyn District,26/03/2014,Wed,1025,HA,CN2T,301A 375A ,,R,D,B ,F ,X,S,C,100,0,0,0,1553973,5171102
Selwyn District,22/07/2014,Tue,2153,CC,4S1,108A 130A ,F,R,D,DO,F ,T,N,C,100,0,0,1,1557805,5173512
Selwyn District,06/10/2014,Mon,1705,JA,CS1C,301B 377B ,,R,D,O ,F ,X,S,C,100,0,0,0,1559460,5175775
Selwyn District,05/02/2014,Wed,1705,JA,CS1C,301B 375B 801 ,,R,W,O ,L ,X,S,C,100,0,0,2,1559460,5175775
Selwyn District,12/06/2014,Thu,1203,MC,TS1C,372B ,,R,W,O ,L ,X,S,C,100,0,0,1,1559460,5175775
Selwyn District,23/10/2014,Thu,725,HA,CW2C,301A ,,R,D,B ,F ,X,S,C,100,0,1,0,1556188,5169852
Selwyn District,18/05/2014,Sun,1954,DB,TE2,103A 111A 131A ,IK,R,D,DO,F ,T,S,R,100,0,0,0,1555152,5167394
Selwyn District,27/07/2014,Sun,700,CC,CS1,130A 410A ,T,R,D,DN,F , ,N,C,80,0,0,0,1558693,5174679
Selwyn District,04/02/2014,Tue,1710,HA,VS1C,301B 375B 830 870 ,IS,R,W,O ,L ,X,S,R,80,0,0,0,1560009,5176578
Selwyn District,12/09/2014,Fri,1520,GB,4N1T,158A ,,R,D,O ,F ,X,S,C,80,0,0,0,1560009,5176578
Selwyn District,26/07/2014,Sat,1030,GD,TS1C4,137A 181A 930 ,,R,D,ON,F ,D,N,C,80,0,0,0,1558762,5174769
Selwyn District,08/07/2014,Tue,755,AA,VN1C,372A ,,R,W,BF,F , ,N,C,100,0,0,0,1555585,5168416
Selwyn District,07/11/2014,Fri,2220,CB,CS1,130A 350A ,C,R,W,DN,F , , ,N,100,0,0,0,1538702,5155227
Selwyn District,09/10/2014,Thu,100,DB,CN1,103A 111A 131A ,,M,D,DN,F ,X,G,C,100,0,0,1,1541539,5152031
Selwyn District,15/07/2014,Tue,815,DB,CS1,129A 134A ,FP,E,W,O ,F ,T,N,C,100,0,0,0,1537279,5151100
Selwyn District,13/07/2014,Sun,1350,GC,CS1S,174B 381B 387B ,,R,D,B ,F ,R,G,C,50,0,0,0,1560361,5174178
Selwyn District,10/06/2014,Tue,1428,CB,CN1C,137A 191A 321B 901 ,F,R,W,O ,H ,X,S,L,100,0,0,0,1557702,5169212
Selwyn District,21/05/2014,Wed,1709,HA,CE2M,301A 375A ,,R,D,TO,F ,X,S,C,100,0,0,1,1557702,5169212
Selwyn District,13/10/2014,Mon,1100,HA,CW2C,301A ,,R,D,B ,F ,X,S,C,100,0,0,1,1557702,5169212
Selwyn District,08/04/2014,Tue,856,FD,CS1CCC,181A ,,R,W,OF,H , ,N,C,100,0,0,0,1557307,5167813
Selwyn District,30/03/2014,Sun,1858,CB,CN1,130A 404A 804 ,V,R,D,TN,F , , ,N,100,0,0,0,1557349,5167957
Selwyn District,04/07/2014,Fri,2100,HA,CN1C,302A 375A ,,E,D,DO,F ,R,G,C,70,0,0,0,1557290,5167751
Selwyn District,09/09/2014,Tue,2204,CB,CN1,129A 130A ,F,R,D,DN,F , , ,C,100,0,0,0,1559698,5173291
Selwyn District,18/04/2014,Fri,2240,CB,CS1,103A ,F,R,W,DN,L , ,N,C,100,0,0,0,1561083,5175235
Selwyn District,11/03/2014,Tue,730,CC,4S1,129A 410A ,P,R,D,O ,F , ,N,C,100,0,0,0,1558121,5170206
Selwyn District,13/03/2014,Thu,1211,GE,CS1V,151A 160A ,,R,D,BF,F ,T,N,N,100,0,0,0,1551129,5171320
Selwyn District,04/06/2014,Wed,807,CB,CW1,112A 135A 802 ,F,R,I,BN, F, ,N,C,100,0,0,0,1552729,5169593
Selwyn District,25/12/2014,Thu,2015,CB,CW1,198A ,V,R,D,BF,F , ,N,C,100,0,0,0,1555524,5168425
Selwyn District,24/08/2014,Sun,1655,CB,CE1,138A 430A ,,R,D,O ,F , ,N,N,100,0,0,0,1558295,5170158
Selwyn District,08/08/2014,Fri,745,HA,VS14,301B 321B ,,R,W,O ,F ,X,S,C,100,0,0,0,1535899,5172570
Selwyn District,25/06/2014,Wed,1754,CB,CN14,130A 358A ,M,R,W,DO,F , , ,C,50,0,0,0,1549933,5173299
Selwyn District,31/08/2014,Sun,1749,HA,VE2C,301B 375B ,,E,D,TF,F ,X,S,C,50,0,0,0,1549943,5173282
Selwyn District,02/06/2014,Mon,1535,HA,VN1V,321A ,,R,D,B ,F ,X,S,R,50,0,0,0,1549943,5173282
Selwyn District,12/11/2014,Wed,1630,DC,MS1,104A 112A 132A ,,R,W,O ,F ,T,N,N,50,1,0,0,1528381,5184142
Selwyn District,06/06/2014,Fri,1345,CB,CN1,101A 504A ,P,R,D,B ,F , ,N,C,100,0,1,0,1559464,5174517
Selwyn District,15/08/2014,Fri,1900,HA,CW1C,301B 321B ,,R,D,DN,F ,X,S,C,100,0,0,0,1562292,5173444
Selwyn District,20/11/2014,Thu,1500,HA,CW1C,301A ,,R,D,BN,F ,X,S,C,100,0,0,0,1561534,5173423
Selwyn District,10/11/2014,Mon,44,DB,VE2,101A 131A ,,E,D,DN,F ,M,G,C,100,0,1,0,1544035,5171875
Selwyn District,22/08/2014,Fri,655,HA,CE1C,301B 353B 375B ,,R,D,TF,F ,X,S,C,100,0,0,0,1547295,5172856
Selwyn District,07/01/2014,Tue,10,DB,4N1,111A 131A ,ST,S,D,DN,F , ,N,C,100,0,0,0,1522550,5197748
Selwyn District,09/03/2014,Sun,320,CC,CE1,104A 129A ,KV,R,D,DN,F ,X,S,C,100,0,0,0,1552244,5174733
Selwyn District,16/08/2014,Sat,1041,HA,CN1CCV,130A 302A 501A ,M,R,D,B ,F ,X,G,C,50,0,0,1,1558165,5167915
Selwyn District,01/11/2014,Sat,1300,CB,VE1,130A 359A ,,R,D,B ,F , , ,C,100,0,0,0,1557102,5177223
Selwyn District,18/04/2014,Fri,1230,FD,CE1C,181A ,,R,W,O ,L , , ,L,100,0,0,1,1557033,5177182
Selwyn District,18/04/2014,Fri,1230,FF,VE14,181A 191B ,,R,W,OF,H , ,N,L,100,0,0,0,1557016,5177172
Selwyn District,21/12/2014,Sun,620,CB,CW1,134A 410A ,FP,R,D,B ,FS, ,N,C,100,0,0,1,1556959,5177138
Selwyn District,14/05/2014,Wed,1801,AA,CE1C,184A 372A 904 ,,R,D,DN,M , , ,C,100,0,0,0,1556658,5176959
Selwyn District,01/12/2014,Mon,1553,NA,CE1E,712B 713B 719B ,,R,D,BN,F , ,N,C,100,0,1,0,1555548,5176291
Selwyn District,10/06/2014,Tue,1640,BE,CS1TV,130A 358A ,,R,W,DO,H , , ,C,100,0,2,0,1554950,5175927
Selwyn District,02/10/2014,Thu,1235,FD,VS14V,181A 331A 181B ,,R,D,O ,F , , ,C,100,0,0,3,1553298,5174934
Selwyn District,27/03/2014,Thu,1037,FD,CS1C,181A 427A ,,R,D,B ,F , ,N,C,100,0,0,1,1553031,5174775
Selwyn District,08/08/2014,Fri,738,GD,CS1T,331A 350A 412A 927 ,,R,D,DN,F ,D,N,C,100,0,0,0,1552876,5174683
Selwyn District,31/01/2014,Fri,1645,GD,MN1C,181A 331A ,,R,D,O ,F ,T,S,C,100,0,0,1,1552859,5174673
Selwyn District,18/07/2014,Fri,1320,DC,CW1,111A 131A ,S,R,W,O ,L ,T,S,C,100,0,0,0,1552859,5174673
Selwyn District,28/03/2014,Fri,1449,CA,CE1C,410A ,,R,D,B ,F , , ,C,100,0,0,0,1552811,5174644
Selwyn District,02/04/2014,Wed,1830,HA,CN2C,103A 301A ,,R,D,B ,F ,X,S,C,100,0,0,3,1552372,5174405
Selwyn District,19/09/2014,Fri,1853,HA,4S2C,301A 382A 330B 602B ,,E,D,TO,F ,X,S,C,100,0,0,2,1552372,5174405
Selwyn District,26/02/2014,Wed,632,LB,CW1C,303B 375B ,,R,D,O ,F ,X,S,C,100,0,0,0,1552372,5174405
Selwyn District,21/01/2014,Tue,1315,FE,TE14,181A ,,R,D,B ,F ,T,T,R,80,0,0,0,1550402,5173667
Selwyn District,21/12/2014,Sun,1305,FE,MS14,130A 197A 331A 400A ,,R,D,B ,F ,T,T,C,80,0,0,1,1550402,5173667
Selwyn District,14/03/2014,Fri,1458,BE,4N1V,130A 410A ,,R,D,B ,F , , ,P,100,0,0,0,1550343,5173634
Selwyn District,26/07/2014,Sat,1028,LB,VW1C,303B ,P,R,D,B ,F ,T,T,R,80,0,0,0,1550256,5173584
Selwyn District,31/12/2014,Wed,1634,LB,4W1C,303B ,,R,D,B ,F ,T,T,C,80,0,0,0,1550256,5173584
Selwyn District,11/07/2014,Fri,1735,LB,4W1C,303B 375B ,,R,D,TF,F ,T,T,C,80,0,0,0,1550256,5173584
Selwyn District,10/09/2014,Wed,730,KB,CE14,322A 904 ,,R,D,TO,M ,T,T,R,80,0,0,0,1550256,5173584