TLANAME,CRASHDATE,CRASHDOW,CRASHTIME,MVMT,VEHICLES,CAUSES,OBJECTSSTRUCK,ROADCURVE,ROADWET,LIGHT,WTHRa,JUNCTYPE,TRAFCTRL,ROADMARK,SPDLIM,CRASHFATALCNT,CRASHSEVCNT,CRASHMINCNT,EASTING,NORTHING
Selwyn District,22/03/2014,Sat,1453,JA,CE1C,302B 375B ,,R,D,B ,F ,T,G,C,80,0,0,1,1550256,5173584
Selwyn District,03/09/2014,Wed,720,QG,TE1C,668A ,,R,D,TF,F , , ,C,80,0,0,0,1550228,5173574
Selwyn District,31/07/2014,Thu,1420,JA,CW1V,301B 321B ,,R,D,B ,F ,T,S,L,80,0,0,0,1549869,5173401
Selwyn District,24/02/2014,Mon,1600,DA,CE1,111A 131A ,FHI,R,D,BF,F ,T,S,R,80,0,0,0,1549869,5173401
Selwyn District,13/07/2014,Sun,30,FA,CS1V,386A ,,R,D,DO,F , , ,C,80,0,0,0,1549290,5173092
Selwyn District,04/11/2014,Tue,1700,BE,CN1CTC,125A 358A 503A ,,R,D,O ,F , ,N,C,100,1,1,1,1548998,5172936
Selwyn District,14/03/2014,Fri,1445,FD,CN1CV,181A 181B ,,R,D,OF,F , , ,C,100,0,0,1,1548460,5172628
Selwyn District,17/12/2014,Wed,1150,CB,CE1,129A ,,R,D,BN,F , ,N,C,100,0,0,0,1547954,5172357
Selwyn District,18/04/2014,Fri,1200,FD,CW14C,110A 197A 331A 901 ,,R,W,O ,H , , ,C,100,0,0,0,1547425,5172075
Selwyn District,09/12/2014,Tue,1128,CB,CE1T,197A ,,R,D,BN,F , ,N,C,100,0,0,0,1546629,5171655
Selwyn District,16/05/2014,Fri,1820,CB,4E2T,129A 173A ,,R,D,DO,F ,X,S,P,100,0,0,0,1544698,5170622
Selwyn District,08/09/2014,Mon,1515,HA,CW14,301B 377B ,,R,D,O ,F ,X,S,C,100,0,0,0,1544698,5170622
Selwyn District,02/07/2014,Wed,2000,MB,4W14,372B 381B ,,R,D,DO,F , , ,C,100,0,0,0,1544653,5170599
Selwyn District,28/01/2014,Tue,1325,BE,4E1C,125A 410A 504A ,,R,D,B ,F , ,N,C,100,0,3,0,1544344,5170436
Selwyn District,05/02/2014,Wed,1745,FD,VS1CC,181A 191B ,,R,W,OF,L , ,N,N,70,0,0,0,1543456,5169965
Selwyn District,24/04/2014,Thu,1425,CC,VN1,130A 412A ,T,R,D,O ,F , , ,C,100,0,0,0,1541910,5169145
Selwyn District,19/05/2014,Mon,753,GD,CW14,101A 331A ,,R,D,OF,F ,T,S,C,100,0,0,3,1539237,5167721
Selwyn District,10/12/2014,Wed,1550,JA,400000000000000,301B 375B ,,R,D,BN,F ,T,S,C,100,0,0,0,1539237,5167721
Selwyn District,04/07/2014,Fri,2045,MC,CW14,372B ,,R,D,DO,F ,T,S,C,100,0,0,0,1537765,5166922
Selwyn District,12/02/2014,Wed,1744,GD,CN1C,333A ,,R,D,BN,F ,T,N,C,100,0,0,0,1537765,5166922
Selwyn District,23/12/2014,Tue,1645,LB,4S1C,303B 375B ,,M,D,B ,F ,T,S,C,100,0,0,0,1537765,5166922
Selwyn District,07/04/2014,Mon,1120,LB,VS1C,303B ,,R,W,OF,L ,T,S,C,100,0,0,3,1537765,5166922
Selwyn District,01/05/2014,Thu,1740,DA,TW1,129A 410A ,G,M,D,TN,F , , ,L,100,0,0,0,1537555,5166857
Selwyn District,30/12/2014,Tue,1500,FE,CS1CC,331A 358A ,,E,D,B ,F , ,T,C,100,0,0,0,1537525,5166861
Selwyn District,02/03/2014,Sun,1415,GD,CE1V,181A 333A ,,R,D,BF,F ,T,G,C,100,0,0,0,1537512,5166862
Selwyn District,02/09/2014,Tue,334,CA,VW1,134A 410A ,,R,D,DN,F , ,N,C,100,0,0,0,1535952,5166044
Selwyn District,18/11/2014,Tue,2350,CA,ME1,137A 820 903 ,,R,D,DN,FS, , ,C,70,0,1,0,1535247,5165666
Selwyn District,14/02/2014,Fri,1302,BE,CS1CTC,129A 130A 404A 412A ,,R,D,B ,F , , ,C,100,0,1,2,1534470,5165265
Selwyn District,27/09/2014,Sat,610,FA,4S1C,181A 331A 904 ,,R,D,TN,M , , ,C,100,0,0,0,1533729,5164870
Selwyn District,04/07/2014,Fri,740,BF,CS1T,131A 412A 191B ,,E,D,TN,FF, , ,C,100,0,1,0,1526684,5161121
Selwyn District,21/07/2014,Mon,930,FD,TS1CT,197A 191B 191C ,,R,D,O ,F ,T,S,C,100,0,0,1,1526354,5160775
Selwyn District,09/03/2014,Sun,1800,CC,CS1,125A 410A ,F,R,D,O ,F , ,N,C,100,0,0,0,1525827,5160147
Selwyn District,04/09/2014,Thu,1815,FA,TE1,402A 405A ,,E,D,DO,F ,T,G,C,100,0,0,0,1523686,5157634
Selwyn District,12/03/2014,Wed,2010,FD,MN1C,378A 832 ,,M,D,TN,F , ,N,P,100,0,0,0,1523619,5157560
Selwyn District,27/08/2014,Wed,1440,FD,CN1CC,181A 331A 181B ,,R,D,B ,F , , ,L,100,0,0,4,1523420,5157164
Selwyn District,30/10/2014,Thu,2255,FA,CN1C,501A 817 ,,R,D,DN,F , , ,C,100,0,0,0,1522969,5156631
Selwyn District,16/11/2014,Sun,400,MO,VS1C,371A ,M,R,D,DN,F , ,N,N,100,0,0,0,1522608,5156207
Selwyn District,13/05/2014,Tue,748,HA,4N2CC,301A ,,R,D,O ,F ,X,S,C,100,0,0,0,1553907,5181196
Selwyn District,30/04/2014,Wed,804,HA,CW1C,301B ,F,R,D,B ,F ,X,S,C,100,0,0,0,1553907,5181196
Selwyn District,29/05/2014,Thu,1332,EC,VW1,826 903 ,T,R,D,BF, S, ,N,C,100,0,0,0,1549177,5180811
Selwyn District,31/10/2014,Fri,700,HA,CE1V,321B 375B ,,E,D,BF,F ,X,S,C,80,0,0,0,1549078,5180797
Selwyn District,26/08/2014,Tue,408,CB,CS1,112A 130A 632A ,X,R,D,DN,F , , ,C,100,0,4,0,1538844,5181589
Selwyn District,06/11/2014,Thu,1622,BA,CW1C,129A 352A 817 ,,R,D,BN,F , ,T,C,30,0,0,0,1536674,5183256
Selwyn District,20/05/2014,Tue,805,FA,CE1C,181A 331A ,,R,D,O ,F , ,N,C,100,0,0,0,1535299,5183573
Selwyn District,02/06/2014,Mon,1416,DA,CE1,111A 131A 358A ,E,M,D,O ,F , , ,C,100,0,0,0,1534631,5183687
Selwyn District,25/07/2014,Fri,2300,EC,40,912,W,R,D,DN,F , ,N,L,100,0,0,0,1532452,5183905
Selwyn District,08/10/2014,Wed,1040,CA,CE1,130A 352A ,I,R,D,O ,F , , ,R,50,0,0,1,1528522,5184366
Selwyn District,03/05/2014,Sat,1300,MO,4W1M,371A ,M,R,D,O ,F ,T,N,C,50,0,0,0,1528004,5184434
Selwyn District,29/01/2014,Wed,1542,JA,TS1C,197A 302B 353B 404B ,,E,D,B ,F ,T,G,C,100,0,1,3,1521678,5194330
Selwyn District,01/03/2014,Sat,1340,CC,CN1,501A ,T,R,D,B ,F , , ,C,100,0,0,1,1521114,5195089
Selwyn District,06/11/2014,Thu,1420,CC,CE1,129A 410A ,F,R,D,BN,F , ,N,C,100,0,0,1,1519449,5196400
Selwyn District,22/03/2014,Sat,1800,FD,CW1C,181A 927 ,,R,D,BN,F ,D,N,C,100,0,0,1,1512403,5201390
Selwyn District,15/11/2014,Sat,600,CB,40,135A 903 ,C,R,D,ON,FS, ,N,C,100,0,0,0,1508006,5202097
Selwyn District,16/08/2014,Sat,1550,DB,4S1,131A ,F,M,D,B ,F , , ,C,100,0,0,0,1501624,5202189
Selwyn District,02/02/2014,Sun,1925,AB,4N1C,153A ,,S,D,O ,F , , ,C,100,0,0,0,1499324,5204312
Selwyn District,17/04/2014,Thu,1116,BF,CS14,131A 191A 402A 901 ,,M,W,O ,H , , ,C,100,0,0,1,1497982,5205348
Selwyn District,29/12/2014,Mon,1350,MO,CN1,129A 386A 816 ,E,R,D,B ,F , , ,C,100,0,0,0,1496061,5205763
Selwyn District,21/12/2014,Sun,830,DA,4N1,111A 131A ,,M,D,B ,F , ,N,C,100,0,0,1,1495320,5206562
Selwyn District,17/11/2014,Mon,1820,DB,CE1,129A 131A 410A ,V,M,D,BN,F , ,N,C,100,0,0,0,1495142,5207532
Selwyn District,17/03/2014,Mon,1538,FD,VS1T,181A 331A 817 ,,R,D,BN,F ,T,N,C,100,0,1,0,1495853,5215191
Selwyn District,20/07/2014,Sun,900,DB,CN1,135A 802 ,,E,I,BF,MF, ,N,C,100,0,0,2,1488225,5235428
Selwyn District,11/10/2014,Sat,1300,DB,CN1,129A ,C,E,D,BN,F , ,N,C,100,0,0,0,1485430,5236294
Selwyn District,01/01/2014,Wed,1000,DB,CS1,129A 131A ,X,M,W,O ,H , , ,C,100,0,0,0,1484944,5238100
Selwyn District,01/09/2014,Mon,1400,BC,TN1C,121A 179A ,,S,D,B ,F , ,N,C,100,0,0,0,1483129,5244011
Selwyn District,08/08/2014,Fri,1725,DA,CN1,131A ,,M,D,O ,F , , ,C,100,0,0,0,1482249,5246481
Selwyn District,20/06/2014,Fri,715,CB,VN1,132A ,V,R,D,ON,FF, ,N,C,100,0,0,0,1564326,5170124
Selwyn District,17/03/2014,Mon,1540,GE,CS1C,157A 160A ,,R,D,BF,F ,T,G,L,100,0,0,2,1564296,5169926
Selwyn District,23/02/2014,Sun,1030,DA,CN1,111A 131A ,F,M,W,O ,F , ,N,C,100,0,0,0,1564409,5162759
Selwyn District,19/08/2014,Tue,815,DA,CN1,129A 131A 402A 904 ,CZ,M,D,O ,M , , ,C,100,0,0,0,1564926,5160130
Selwyn District,26/02/2014,Wed,1300,DA,CN1,111A 131A 404A ,E,S,D,B ,F , , ,C,100,0,0,0,1564977,5160048
Selwyn District,15/09/2014,Mon,1240,CC,CN1,130A 358A ,F,R,D,BN,FS, ,N,C,100,0,0,0,1566436,5158717
Selwyn District,01/06/2014,Sun,345,DA,CW1,101A 358A 692A ,P,M,D,DO,FF, , ,L,100,0,0,0,1567175,5158300
Selwyn District,18/04/2014,Fri,1500,DB,CN1,131A 403A 633A 901 ,E,M,W,O ,H , , ,C,100,0,0,0,1505782,5180692
Selwyn District,01/03/2014,Sat,1830,LB,VN1V,303B 375B ,,E,D,BN,F ,T,G,L,100,0,3,0,1513245,5185241
Selwyn District,24/12/2014,Wed,1700,BB,CW14,123A ,,E,D,B ,F , ,N,C,50,0,0,0,1513799,5185146
Selwyn District,10/06/2014,Tue,1150,EC,40,135A 823 ,FL,R,W,ON,L , ,N,C,100,0,0,0,1521407,5185455
Selwyn District,13/09/2014,Sat,2135,CB,4W1,103A 130A ,F,R,W,DO,F , , ,C,100,0,0,0,1525476,5184818
South Taranaki District,03/10/2014,Fri,1550,BA,CS1CE,505A 512A ,,R,D,O ,F ,T,G,C,100,0,1,1,1714232,5635660
South Taranaki District,08/06/2014,Sun,1705,QG,CS14,111A 131A 682A ,,E,D,TN,F , , ,C,100,0,0,0,1715334,5621511
South Taranaki District,18/07/2014,Fri,330,DA,CW1,131A ,FX,M,D,DN,F , ,N,L,100,0,0,0,1709262,5624768
South Taranaki District,17/01/2014,Fri,2145,DA,CW1,195A ,,R,D,DN,F ,X,G,C,100,0,0,0,1724078,5608393
South Taranaki District,28/07/2014,Mon,700,QG,TN1,665A ,,R,D,B ,F , ,N,N,50,0,0,0,1740034,5597780
South Taranaki District,05/07/2014,Sat,1047,CC,CS1,108A 504A ,HT,R,D,B ,F , ,N,C,50,0,1,0,1709606,5617152
South Taranaki District,27/08/2014,Wed,730,DB,CN2,111A 131A 402A ,FS,R,I,TO,FF,T,G,C,50,0,0,0,1709820,5617797
South Taranaki District,03/07/2014,Thu,800,CC,VW1,135A 802 ,F,R,I,ON,FF, ,N,C,100,0,0,0,1710529,5634852
South Taranaki District,01/06/2014,Sun,1002,HA,CE1V,197A 301B 386B ,SV,R,D,B ,F ,X,S,C,100,0,0,0,1687974,5634333
South Taranaki District,21/01/2014,Tue,1630,DB,CE1,111A 131A 901 ,V,R,W,O ,H ,T,G,C,100,0,0,0,1709491,5634832
South Taranaki District,06/09/2014,Sat,345,CB,CW1,103A ,BG,R,D,DN,F , ,N,C,100,0,0,0,1679100,5634075
South Taranaki District,28/06/2014,Sat,1655,LB,MS1V,534A 303B 375B 930 ,,R,D,TN,F ,D,N,C,100,0,0,0,1675511,5632491
South Taranaki District,27/01/2014,Mon,1615,GA,CS1C,331A 353A 929 ,,R,D,B ,F ,D,N,C,50,0,0,0,1710289,5616321
South Taranaki District,27/01/2014,Mon,2200,MO,CN1,101A 112A 357A 371A 926 ,FT,R,D,DO,F ,D,N,N,50,0,0,0,1673804,5632272
South Taranaki District,19/02/2014,Wed,815,HA,CS2C,321A 375A ,,R,D,BF,F ,X,S,C,50,0,0,0,1710047,5616786
South Taranaki District,29/03/2014,Sat,1840,HA,CW1V,321A 810 817 853 ,,R,D,O ,F ,X,S,N,50,0,0,0,1710047,5616786
South Taranaki District,05/08/2014,Tue,1445,MO,CN1E,371A 377A 839 929 ,,R,D,B ,F ,D,N,N,50,0,0,1,1710141,5617849
South Taranaki District,18/09/2014,Thu,1658,BC,CW24,129A ,,S,D,BN,F ,T,G,C,80,0,0,0,1707276,5620140
South Taranaki District,29/04/2014,Tue,855,KB,CS14,308B 375B 929 ,,R,W,OF,L ,D,N,C,50,0,0,0,1710514,5617477
South Taranaki District,03/03/2014,Mon,1650,EA,CE1C,410A ,M,R,D,BF,F , ,N,C,50,0,0,1,1709405,5618581
South Taranaki District,14/11/2014,Fri,1705,GD,CS1C,181A 331A 352A 402A ,,E,D,B ,F ,T,G,C,50,0,0,0,1710387,5617601
South Taranaki District,24/02/2014,Mon,1500,HA,CS2C,302A 375A 197B ,,R,D,B ,F ,X,G,N,50,0,0,0,1673039,5632558
South Taranaki District,17/04/2014,Thu,1240,DA,CW2,131A ,TV,M,W,ON,H ,T,G,C,100,0,0,0,1705583,5625712
South Taranaki District,24/12/2014,Wed,2040,DB,VS1,101A 111A ,CT,M,D,TN,F , ,N,C,100,0,1,0,1705685,5637942
South Taranaki District,27/03/2014,Thu,642,EA,4E1V,410A ,M,R,D,DO,F , , ,C,50,0,0,0,1710614,5616914
South Taranaki District,16/01/2014,Thu,1100,FB,CW1C,331A ,,R,D,B ,F ,R,G,C,50,0,0,0,1710250,5617030
South Taranaki District,26/09/2014,Fri,1000,MF,CE14,371B 926 ,,R,D,BF,F ,D,N,C,50,0,0,0,1710163,5617057
South Taranaki District,11/10/2014,Sat,2115,BE,CW1C4,112A 125A ,M,R,D,DO,F , ,N,C,50,0,0,0,1709211,5617363
South Taranaki District,31/12/2014,Wed,1650,MO,CE1,427A ,H,E,D,B ,F , , ,C,50,0,0,0,1709960,5617123
South Taranaki District,08/02/2014,Sat,1230,AA,SE1C,372A ,,R,D,BF,F ,X,S,C,50,0,0,0,1709469,5617279
South Taranaki District,23/03/2014,Sun,1400,GC,CS1O,333A 171B 929 ,,R,D,BF,F ,D,N,C,100,0,0,0,1674976,5633287
South Taranaki District,01/01/2014,Wed,345,CC,VN1,125A 410A ,S,R,D,DN,F ,X,G,C,50,0,0,0,1680745,5640459
South Taranaki District,28/03/2014,Fri,103,CC,CE1,103A 112A 125A ,F,R,D,TN,F , ,N,C,100,0,1,0,1739659,5593752
South Taranaki District,08/10/2014,Wed,1850,DB,VE1,102A 111A 131A ,F,M,W,TN,L , , ,N,100,0,0,0,1671770,5646796
South Taranaki District,27/05/2014,Tue,1055,KA,SS1V,302B 375B ,,R,D,B ,F ,T,G,C,100,0,0,1,1726042,5605499
South Taranaki District,23/06/2014,Mon,850,MC,CW1C,372B ,,R,D,B ,FF, , ,C,50,0,0,0,1709339,5616703
South Taranaki District,14/03/2014,Fri,1950,HA,VS14,302B 353B 375B ,,R,D,TF,F ,X,G,C,50,0,0,0,1709166,5622728
South Taranaki District,22/02/2014,Sat,1720,DA,CW1,103A 130A 357A 929 ,F,R,D,OF,F ,D,N,C,50,0,0,0,1726563,5598338
South Taranaki District,29/10/2014,Wed,2200,CC,CE1C,129A 358A ,MP,R,W,DO,L , ,N,C,50,0,0,2,1711980,5634479
South Taranaki District,28/06/2014,Sat,1800,DA,CS1,101A 111A 131A 402A ,FVZ,E,D,DN,F , , ,N,100,0,0,0,1743374,5594988
South Taranaki District,04/01/2014,Sat,2200,DA,CS1,103A 135A 801 ,F,E,W,DN,H , ,N,C,100,0,0,0,1697235,5625322
South Taranaki District,12/10/2014,Sun,2030,CC,CS1,112A ,C,R,D,DN,F ,T,N,N,100,0,0,0,1713395,5612674
South Taranaki District,01/03/2014,Sat,1740,MA,VN1C,373B ,,R,D,B ,F , , ,C,50,0,0,0,1709744,5616115
South Taranaki District,23/05/2014,Fri,2329,DB,CS1,133A ,P,M,D,DO,F , ,N,C,50,0,0,0,1709073,5616783
South Taranaki District,27/03/2014,Thu,,CC,VS1,129A ,,R,D,DN,F , ,N,N,100,0,0,0,1740018,5598337
South Taranaki District,10/12/2014,Wed,1710,DA,CN1,111A 131A 801 ,FP,M,W,O ,L , , ,C,100,0,0,0,1707481,5624275
South Taranaki District,14/02/2014,Fri,2130,DA,CS1,101A 111A 131A ,,M,D,DN,F , , ,C,100,0,0,1,1719352,5615737
South Taranaki District,01/09/2014,Mon,1700,MG,CS1T,371B ,,R,D,O ,F , , ,N,100,0,0,0,1710495,5624468
South Taranaki District,06/01/2014,Mon,1510,DA,CN1,131A 135A 804 ,,M,D,B ,F ,T,G,C,100,0,0,1,1711005,5626399
South Taranaki District,12/02/2014,Wed,1125,MO,CW1C,386A 403A ,M,R,D,B ,F , ,N,C,50,0,0,0,1710045,5617259
South Taranaki District,31/05/2014,Sat,27,DC,CS2,103A 112A 335A ,F,R,D,DO,F ,T,G,C,50,0,0,0,1709385,5621685
South Taranaki District,13/07/2014,Sun,1435,DB,CE1,103A 111A ,V,E,D,B ,F , ,N,C,100,0,0,1,1710386,5620635
South Taranaki District,26/05/2014,Mon,1730,PO,CN1E,129A 150A 724B ,S,R,D,TN,F , , ,C,100,1,0,0,1712288,5619662
South Taranaki District,25/06/2014,Wed,1400,MC,CS1B,387A 372B 901 903 ,,R,W,O ,HS,T,G,C,100,0,0,9,1700750,5632507
South Taranaki District,21/05/2014,Wed,1608,HA,VN1C4,321B ,,R,W,OF,F ,X,S,C,50,0,0,2,1710525,5617467
South Taranaki District,21/01/2014,Tue,1755,DA,CW2,131A 504A ,FH,R,D,OF,F ,X,G,N,50,0,0,0,1696960,5621674
South Taranaki District,09/09/2014,Tue,1121,MO,CE1M,120A 357A 357B 510B ,,R,D,B ,F , , ,N,100,0,0,1,1718693,5634889
South Taranaki District,15/01/2014,Wed,1500,DB,CW1,101A 108A 111A ,FT,S,D,B ,F ,T,N,C,70,0,1,1,1712610,5634720
South Taranaki District,03/03/2014,Mon,643,DA,4S1,129A 131A ,F,S,W,O ,L , , ,N,100,0,0,0,1719095,5634913
South Taranaki District,20/05/2014,Tue,1706,HA,CE2C,321A 335A ,,R,D,TO,F ,X,S,C,50,0,0,0,1710047,5616786
South Taranaki District,06/08/2014,Wed,1410,HA,CS1C,301B 375B ,,R,W,ON,L ,X,S,C,50,0,0,0,1710047,5616786
South Taranaki District,16/08/2014,Sat,1624,HA,4W2V,301A 375A ,,R,D,BF,F ,X,S,C,50,0,0,0,1710047,5616786
South Taranaki District,02/05/2014,Fri,1655,DA,CE1,101A 131A 433A ,FP,S,D,OF,F , ,N,C,50,0,0,0,1709663,5617793
South Taranaki District,24/10/2014,Fri,1150,FA,CN1C,181A 431A 132B 431B ,,R,D,O ,F ,T,N,C,50,0,0,0,1709489,5617967
South Taranaki District,24/01/2014,Fri,2010,HA,CS2C,321B 350B ,,R,D,TF,F ,T,S,C,50,0,0,0,1710147,5616754
South Taranaki District,30/01/2014,Thu,1030,CB,CN1,130A 354A 402A ,ST,R,D,BN,F , ,N,C,100,0,0,0,1706090,5629516
South Taranaki District,10/06/2014,Tue,1330,AD,CW1,112A 130A 402A 801 ,FT,R,W,O ,L , , ,C,100,0,0,1,1703652,5628848
South Taranaki District,09/04/2014,Wed,831,MD,CW1V,308B 377B 801 839 929 ,,R,W,O ,L ,D, ,C,50,0,0,0,1709602,5617537
South Taranaki District,09/10/2014,Thu,2019,CC,CW1,501A ,T,R,D,DO,F , , ,N,50,0,0,1,1710565,5617737
South Taranaki District,29/03/2014,Sat,1155,HA,CW1C,301B 375B ,,R,D,O ,F ,X,S,C,50,0,0,0,1698925,5634956
South Taranaki District,25/04/2014,Fri,1425,MO,CN1V,103A 923 ,M,R,D,O ,F ,D,N,C,50,0,0,0,1709950,5617189
South Taranaki District,16/08/2014,Sat,1000,KB,CS1C,302B ,,R,D,O ,F ,T,G,C,50,0,0,0,1709310,5616774
South Taranaki District,18/10/2014,Sat,525,DA,CS1,111A 131A ,FJ,E,W,DN,F , ,N,C,100,0,0,0,1747827,5589446
South Taranaki District,20/12/2014,Sat,1200,CA,MN1,138A 330A 810 ,,R,W,O ,F , ,N,N,80,0,1,0,1752969,5606066
South Taranaki District,18/09/2014,Thu,2256,DB,40,102A 111A 131A ,CF,E,W,DN,H , ,N,C,100,0,0,0,1681909,5639873
South Taranaki District,15/06/2014,Sun,130,CB,CE1,410A ,EFT,R,D,DN,F , , ,L,100,0,0,0,1684923,5638140
South Taranaki District,17/03/2014,Mon,1400,BA,CW1C,310A 375A ,,R,D,BN,F , ,G,C,100,0,0,0,1684456,5638373
South Taranaki District,02/05/2014,Fri,2150,PO,CW1E,101A 371A 730B ,,R,W,DN,  , , ,N,30,0,1,1,1740106,5597681
South Taranaki District,03/09/2014,Wed,1522,GD,CS1C,331A 370A 929 ,,R,D,O ,F ,D,N,C,50,0,0,0,1711989,5635456
South Taranaki District,11/04/2014,Fri,1730,MC,4S1C,372B ,,R,D,OF,F , ,N,C,50,0,0,0,1711887,5633811
South Taranaki District,03/07/2014,Thu,740,CC,4N1,135A 802 ,F,R,I,ON,FF,T,N,C,100,0,0,0,1711732,5632670
South Taranaki District,03/07/2014,Thu,740,CC,VN1,135A 802 ,C,R,I,ON,FF, ,N,C,100,0,0,0,1711735,5632620
South Taranaki District,14/04/2014,Mon,500,CB,CS1,136A 501A 632A ,C,R,W,DN,L , ,N,C,100,0,0,0,1711752,5632344
South Taranaki District,15/01/2014,Wed,308,CC,4N1,137A 195A ,,R,D,DN,F , ,N,C,100,0,0,1,1711844,5631093
South Taranaki District,31/08/2014,Sun,2108,DB,CW1,103A 131A ,EF,S,D,DN,F , ,N,C,100,0,1,0,1710838,5629114
South Taranaki District,18/10/2014,Sat,1550,BF,VS1C,350A 801 ,,M,W,O ,L , , ,L,70,0,0,2,1709983,5623890
South Taranaki District,18/09/2014,Thu,932,EE,VN1C,374B ,M,R,D,O ,F , , ,C,70,0,0,0,1709453,5622795
South Taranaki District,17/09/2014,Wed,230,DB,CS1,101A 111A ,S,E,W,DO,L ,T,N,C,50,0,0,0,1709463,5622477
South Taranaki District,02/08/2014,Sat,2351,PE,VN1E,101A 330A 370A 724B ,,R,W,DO,H , ,N,C,70,1,0,0,1709476,5622074
South Taranaki District,02/06/2014,Mon,1735,JA,MN1C,300B 375B ,,R,D,DO,F ,T,N,C,70,0,0,1,1709485,5621774
South Taranaki District,17/04/2014,Thu,1518,JA,CN1C,302B 375B ,,R,D,O ,F ,X,G,C,70,0,1,1,1709490,5621599
South Taranaki District,09/04/2014,Wed,1113,LB,CN1C,303B 929 ,,R,W,ON,L ,D,N,C,100,0,0,2,1709492,5621539
South Taranaki District,08/04/2014,Tue,1425,CC,TS1,130A 410A ,ST,R,D,B ,F , ,N,C,50,0,0,0,1709260,5619202
South Taranaki District,22/07/2014,Tue,1015,FB,4N1C,331A 350A ,,E,D,B ,F ,R,G,P,50,0,0,2,1709211,5618745
South Taranaki District,15/06/2014,Sun,358,CB,CN1,130A 430A ,FJ,R,D,DO,F , , ,C,50,0,0,0,1709206,5618700
South Taranaki District,26/09/2014,Fri,1145,GB,CW1T,330A 179B 372B ,,R,D,B ,F ,T,S,C,100,0,0,0,1709150,5618178
South Taranaki District,14/10/2014,Tue,830,PC,VW1,311A 378A 835 929 ,,R,D,O ,F ,D, ,C,50,0,0,1,1709108,5617775
South Taranaki District,01/09/2014,Mon,1521,FD,CS14,423A 427A ,,R,D,OF,F , ,N,C,50,0,0,1,1709023,5616969
South Taranaki District,15/03/2014,Sat,1619,DA,CN1,131A 801 ,B,S,W,O ,H , , ,C,100,0,0,0,1709014,5616881
South Taranaki District,11/04/2014,Fri,2300,GD,CE1C,333A 351A ,,R,W,DO,F ,T,G,C,50,0,0,1,1709342,5616728
South Taranaki District,27/09/2014,Sat,1833,LB,CE1CC,303B ,,R,D,TF,F ,T,S,C,50,0,0,0,1709461,5616690
South Taranaki District,16/01/2014,Thu,2330,DB,ME2V,111A 131A 514A ,,E,D,DO,F ,T,G,C,50,0,0,0,1710373,5616406
South Taranaki District,27/02/2014,Thu,1213,GF,TE1C,179A 671A 158B 333B 402B ,P,R,D,O ,F ,X,S,P,50,0,0,0,1710373,5616406
South Taranaki District,07/03/2014,Fri,740,CB,CW14,129A 410A ,M,R,D,BF,F ,T,G,C,50,0,0,1,1710491,5616369
South Taranaki District,05/03/2014,Wed,540,LB,CW1CCC,303B 353B 375B 191C 801 ,,R,W,DO,L ,T,G,R,100,0,0,3,1712386,5615524
South Taranaki District,16/05/2014,Fri,1654,FA,CW14,112A 331A 363A 902 ,,R,D,B ,F , , ,C,100,0,1,1,1715382,5613752
South Taranaki District,25/10/2014,Sat,1322,DA,MS1M,131A ,G,M,D,O ,F , , ,C,100,0,2,0,1715544,5613732
South Taranaki District,12/05/2014,Mon,1145,DA,CS1,131A 631A ,G,E,D,B ,F , , ,C,100,0,0,1,1718205,5612166
South Taranaki District,10/12/2014,Wed,1640,EC,CN1,135A 823 ,CL,M,W,O ,L , , ,L,100,0,0,0,1718062,5610707
South Taranaki District,11/09/2014,Thu,645,BF,CS1T,110A 134A ,,M,W,O ,F , ,N,C,100,0,0,0,1718387,5610607
South Taranaki District,08/12/2014,Mon,1340,DA,CN1,131A 353A 402A ,F,M,D,B ,F , , ,C,100,0,0,0,1718885,5610128
South Taranaki District,20/05/2014,Tue,1614,DA,CN1,131A 902 ,F,E,D,B ,F , , ,C,100,0,0,0,1718933,5610093