TLANAME,CRASHDATE,CRASHDOW,CRASHTIME,MVMT,VEHICLES,CAUSES,OBJECTSSTRUCK,ROADCURVE,ROADWET,LIGHT,WTHRa,JUNCTYPE,TRAFCTRL,ROADMARK,SPDLIM,CRASHFATALCNT,CRASHSEVCNT,CRASHMINCNT,EASTING,NORTHING
South Taranaki District,26/11/2014,Wed,1630,CB,TN1,137A ,G,R,D,ON,F , ,N,C,100,0,0,1,1720226,5608450
South Taranaki District,20/03/2014,Thu,1840,DA,CS1,129A ,,M,D,OF,F , ,N,C,100,0,0,0,1720370,5608025
South Taranaki District,14/08/2014,Thu,53,DA,CS1,101A 131A 410A ,F,E,W,DN,L , ,N,C,100,0,0,0,1720301,5607740
South Taranaki District,22/03/2014,Sat,5,DA,CN1,101A 111A 131A ,F,E,D,DN,F , , ,L,100,1,0,0,1721781,5606037
South Taranaki District,19/05/2014,Mon,1545,NA,TN1E,711B ,,E,D,B ,F , , ,C,70,0,1,0,1724053,5603654
South Taranaki District,20/05/2014,Tue,1743,FA,TS1O,331A ,,R,D,DN,F , , ,C,100,0,0,2,1725013,5600019
South Taranaki District,21/08/2014,Thu,1047,BF,TE1C,501A ,ST,M,D,B ,F , , ,L,50,0,0,1,1726390,5598155
South Taranaki District,08/02/2014,Sat,2030,EC,CW1,131A 823 ,EFL,E,W,TN,H ,T,S,C,100,0,0,0,1726673,5598145
South Taranaki District,08/12/2014,Mon,1833,BE,CE1T,130A 358A ,,R,D,B ,F , , ,L,100,0,2,0,1727658,5599484
South Taranaki District,27/10/2014,Mon,956,DB,CN1,129A 134A ,F,E,W,O ,F , ,N,C,100,0,0,0,1731467,5599045
South Taranaki District,14/08/2014,Thu,125,DB,CW1,131A 410A ,F,E,W,DN,HS, , ,C,100,0,0,0,1731539,5598999
South Taranaki District,29/10/2014,Wed,845,DA,CE1,131A 363A 902 ,C,E,D,B ,F , ,N,C,100,0,0,0,1733390,5596948
South Taranaki District,24/12/2014,Wed,1140,GE,4W14,330A 387A 129B 330B 929 ,,R,D,B ,F ,D, ,C,100,0,0,2,1735261,5596397
South Taranaki District,27/01/2014,Mon,1500,GB,CE1C,158A 333A ,,R,D,OF,F ,T,G,C,50,0,0,0,1740098,5597175
South Taranaki District,26/02/2014,Wed,500,EC,CE1,912,W,R,D,DO,F , ,N,C,100,0,0,0,1740434,5597195
South Taranaki District,11/09/2014,Thu,1430,CC,CW1,130A 501A ,F,R,D,BN,F , ,N,C,100,0,0,0,1743085,5596253
South Taranaki District,10/06/2014,Tue,305,DC,CW1,901,X,E,W,DN,H , , ,C,100,0,0,0,1744590,5595519
South Taranaki District,02/06/2014,Mon,45,EC,CN1,191A 912 ,W,E,D,DN,F ,T,N,C,100,0,0,0,1748844,5591992
South Taranaki District,28/03/2014,Fri,1230,FA,CE1C,181A 331A 403B ,,R,D,B ,F , ,N,C,100,0,0,2,1749562,5591879
South Taranaki District,02/06/2014,Mon,110,EC,TE1,912,W,R,D,DN,F , ,N,C,90,0,0,0,1751114,5592007
South Taranaki District,26/03/2014,Wed,1112,BC,TE1TT,121A 130B 197B ,D,E,D,B ,F , , ,C,100,0,0,0,1753620,5591390
South Taranaki District,31/10/2014,Fri,1658,DB,CS1,129A 134A 351A ,FV,E,D,B ,F , , ,C,100,0,0,0,1669543,5651424
South Taranaki District,15/02/2014,Sat,240,EC,CS1,129A 400A ,B,R,D,DN,F , ,N,C,70,0,1,1,1669553,5651355
South Taranaki District,08/08/2014,Fri,115,CB,CS1,129A 410A ,CV,R,W,DN,L , ,N,C,100,0,0,0,1670861,5637262
South Taranaki District,27/11/2014,Thu,910,LB,VN1C,303B 377B ,,E,D,B ,F ,T,S,C,100,0,0,2,1672452,5633549
South Taranaki District,18/05/2014,Sun,1555,HA,CE1C,302B 351B ,,R,D,BF,F ,X,G,C,50,0,0,1,1673531,5632664
South Taranaki District,05/01/2014,Sun,1055,FA,CE14,112A 350A ,,R,W,O ,L ,X,S,C,50,0,0,0,1673839,5632493
South Taranaki District,31/12/2014,Wed,1725,DA,CN1,131A 407A ,B,M,D,O ,F , , ,C,100,0,0,0,1674641,5631999
South Taranaki District,20/08/2014,Wed,1007,FD,MS1VT,112A 181A ,,R,D,ON,F , ,N,C,100,0,0,1,1678249,5627716
South Taranaki District,08/01/2014,Wed,1152,DB,4S1,130A 650A ,,M,D,BN,F , ,N,C,100,0,0,0,1680913,5626115
South Taranaki District,07/02/2014,Fri,300,CC,CW1,101A 402A 410A ,HT,R,D,DN,FS,T,N,C,100,0,0,1,1684229,5623110
South Taranaki District,20/09/2014,Sat,2030,EC,CE1,912,W,R,D,DN,F , ,N,C,100,0,0,0,1698249,5621300
South Taranaki District,17/09/2014,Wed,1750,FD,CE1C,331A ,,R,D,B ,F , , ,C,100,0,0,0,1698411,5621341
South Taranaki District,10/10/2014,Fri,1530,FD,CW1C,181A 353A 132B 191B ,,R,D,B ,F , ,N,C,100,0,0,0,1698795,5621154
South Taranaki District,29/10/2014,Wed,1545,DB,CW1,104A 358A 632A ,F,M,W,O ,HS, ,N,C,100,0,0,1,1703187,5619087
South Taranaki District,13/02/2014,Thu,1750,DA,CE1,111A 131A ,V,E,D,B ,F , ,N,C,80,0,1,0,1703280,5619051
South Taranaki District,28/09/2014,Sun,1035,EC,CE1,131A 632A 801 901 ,CL,M,W,O ,H , , ,L,100,0,0,0,1703314,5619030
South Taranaki District,29/10/2014,Wed,1643,MB,BW1T,303B ,,M,D,O ,H ,T,S,C,100,0,0,0,1704606,5618455
South Taranaki District,03/12/2014,Wed,905,JC,4W1C,301B 370B 402B ,,R,D,O ,F ,T,S,C,100,0,0,1,1705634,5618041
South Waikato District,24/10/2014,Fri,725,DA,4W1T,135A 804 ,,E,W,ON,L , ,N,C,50,0,0,0,1842423,5784129
South Waikato District,16/04/2014,Wed,911,DA,CE1,111A 131A ,T,M,W,O ,F , ,N,C,100,0,0,0,1836036,5784630
South Waikato District,27/04/2014,Sun,1109,MC,4N1C,372B ,,R,D,B ,F ,T,S,C,50,0,0,0,1832107,5782651
South Waikato District,04/11/2014,Tue,1716,DB,TW2,131A ,,E,D,O ,F ,T,S,C,100,0,0,0,1831994,5781864
South Waikato District,29/10/2014,Wed,650,DA,VW1,131A 410A ,FT,M,D,B ,F , ,N,C,100,0,0,1,1837764,5785366
South Waikato District,17/06/2014,Tue,738,MC,CW1C,372B 375B ,,R,W,ON,F , ,N,C,100,0,0,2,1833836,5784075
South Waikato District,15/12/2014,Mon,1800,BF,CS1C,111A 131A ,F,M,D,ON,F , ,N,C,100,0,0,0,1838061,5785356
South Waikato District,22/12/2014,Mon,1100,DB,CE1,111A ,,E,D,B ,F , ,N,C,100,0,0,0,1839562,5784025
South Waikato District,13/07/2014,Sun,1759,JA,CN1C,111B 321B 402B 613B ,,S,W,DN,H ,T,S,C,100,0,0,0,1838522,5784645
South Waikato District,22/06/2014,Sun,140,DA,CE1,103A 111A 131A ,P,E,W,DN,L , ,N,C,100,0,0,1,1837980,5785366
South Waikato District,11/03/2014,Tue,827,CB,TW1,501A ,B,R,D,O ,F , , ,N,100,0,0,0,1831403,5781883
South Waikato District,04/03/2014,Tue,750,EO,TN2,386A 420A ,P,E,D,B ,F ,R,G,C,50,0,0,0,1843941,5784662
South Waikato District,18/02/2014,Tue,1725,JC,CS1C,133A 407A 423A ,,R,D,B ,F ,T,N,C,50,0,0,0,1843348,5784362
South Waikato District,28/02/2014,Fri,1800,LB,CS1CC,303B 375B ,M,R,D,BF,F ,T,G,C,50,0,0,0,1851625,5765956
South Waikato District,21/03/2014,Fri,2115,CC,CN1,433A ,F,R,D,DO,F ,T,G,N,50,0,0,0,1851399,5765443
South Waikato District,20/12/2014,Sat,1618,JA,CW1C,309B 375B ,,R,D,O ,F ,T,N,C,50,0,0,0,1850628,5764132
South Waikato District,17/05/2014,Sat,450,CB,CE1,103A 350A ,P,R,D,DO,F ,T,N,C,50,0,0,1,1850628,5764132
South Waikato District,11/01/2014,Sat,42,DA,CS1,104A 514A ,,E,D,DN,F ,T,N,C,50,0,0,0,1851566,5764219
South Waikato District,12/11/2014,Wed,2140,DA,CS1,131A 370A 840 860 ,I,M,W,DO,F ,T,N,R,50,0,0,0,1850315,5765705
South Waikato District,03/11/2014,Mon,1510,PD,4N1E,330A 929 ,,R,D,O ,F ,D,N,N,50,0,1,1,1844745,5785177
South Waikato District,02/08/2014,Sat,1330,MO,4W1C,386A ,M,R,D,O ,F , , ,R,50,0,0,0,1850958,5765957
South Waikato District,27/02/2014,Thu,1624,DB,CW1,109A 131A 410A ,IS,R,D,BF,F ,R,G,R,50,0,0,0,1850621,5765869
South Waikato District,27/01/2014,Mon,1641,DC,SN2C,112A 610A ,,R,D,B ,F ,T,N,C,50,0,0,1,1851227,5766490
South Waikato District,12/07/2014,Sat,225,MO,CS1,428A 801 ,P,M,W,DO,L , , ,N,50,0,0,0,1850322,5765327
South Waikato District,27/02/2014,Thu,1130,DB,CE2,131A ,,R,D,BF,F ,Y,N,N,50,0,0,0,1843073,5783893
South Waikato District,23/08/2014,Sat,138,CC,CS1,112A 195A ,,R,D,DN,FF, ,N,C,100,0,0,0,1834403,5777270
South Waikato District,15/04/2014,Tue,850,CB,CE1,130A 358A 402A 801 ,F,R,W,O ,L , , ,C,80,0,0,2,1848360,5763804
South Waikato District,18/12/2014,Thu,1040,DA,CE1,111A 131A ,F,M,W,ON,F , ,N,C,100,0,0,1,1848171,5763745
South Waikato District,11/08/2014,Mon,713,DB,CS1,111A 131A ,P,M,W,TO,F , ,N,C,100,0,0,1,1847563,5763522
South Waikato District,22/04/2014,Tue,1030,BB,CN2C,124B 357B 402B ,,R,D,O ,F ,T,N,N,50,0,0,0,1851092,5764790
South Waikato District,12/04/2014,Sat,1640,MO,CE1V,371A 372B ,,R,D,O ,F , ,N,C,50,0,0,0,1850957,5764639
South Waikato District,28/07/2014,Mon,940,MF,CS1C,371B ,,R,D,BF,F , ,N,C,50,0,0,0,1850910,5764627
South Waikato District,31/10/2014,Fri,1420,MD,VN14,371B 377B ,,R,D,BN,F , ,N,C,50,0,0,0,1843913,5784999
South Waikato District,02/06/2014,Mon,1221,CB,CS1,130A 197A 357A ,T,R,D,B ,F , , ,N,50,0,0,0,1850060,5764905
South Waikato District,24/09/2014,Wed,110,DB,CE1,111A 131A 404A ,C,M,D,DN,F , ,N,C,100,0,0,0,1843127,5796466
South Waikato District,09/09/2014,Tue,1120,MO,CS1C,371A 386A ,M,R,D,B ,F ,T,N,R,50,0,0,0,1851489,5766122
South Waikato District,13/03/2014,Thu,1930,MO,TN1CC,421A ,M,R,D,TF,F , ,N, ,50,0,0,0,1851518,5766037
South Waikato District,27/03/2014,Thu,,ME,CN1C,371B ,,R,D,B ,F , ,N,L,30,0,0,0,1851530,5766006
South Waikato District,12/06/2014,Thu,1320,EC,CS1,341A 507A ,X,R,D,B ,F , , ,R,50,0,0,0,1843883,5784867
South Waikato District,15/03/2014,Sat,1325,DA,CN1,111A 131A 801 ,FJ,E,W,O ,L , , ,C,50,0,0,0,1850694,5766920
South Waikato District,03/06/2014,Tue,1640,HA,CE1C,302B 375B ,,R,D,TF,F ,X,G,C,50,0,0,0,1843670,5785392
South Waikato District,26/05/2014,Mon,2109,BO,CS1T,130A 353A 357A ,M,E,D,DO,F , , ,N,50,0,0,1,1843621,5784127
South Waikato District,15/12/2014,Mon,1508,FD,CW1V,181A ,,R,D,OF,F , ,N,C,50,0,0,0,1852187,5764026
South Waikato District,22/06/2014,Sun,839,DA,CW1,129A 131A ,,S,W,O ,F , , ,C,80,0,0,0,1852247,5765366
South Waikato District,11/12/2014,Thu,1118,CB,CE1,501A ,FPT,R,D,O ,F , , ,C,50,0,0,1,1844424,5785173
South Waikato District,20/10/2014,Mon,1800,BB,SN14,124A 378A ,,R,D,TN,F ,X,S,C,100,0,0,1,1850504,5761860
South Waikato District,29/11/2014,Sat,1230,CB,CN1,112A ,C,R,D,BN,F , ,N,N,50,0,0,0,1850521,5761836
South Waikato District,05/05/2014,Mon,1604,DA,4S1,111A 131A 801 817 ,EF,E,W,O ,L , , ,N,100,0,0,0,1845460,5768763
South Waikato District,23/01/2014,Thu,1424,DA,TN1,129A 131A ,,S,D,BN,F , ,N,C,100,0,0,1,1846274,5767854
South Waikato District,13/07/2014,Sun,1528,DB,MN1,129A 402A 403A ,C,E,W,ON,F , ,N,C,100,0,0,1,1842755,5771589
South Waikato District,19/08/2014,Tue,1900,HA,VN1C,112B 302B 402B ,,R,W,DN,L ,X,G,C,100,0,0,0,1842797,5771536
South Waikato District,03/09/2014,Wed,1115,DA,TS1C,131A 179A ,M,R,D,O ,F ,T,G,C,50,0,0,0,1851485,5765921
South Waikato District,14/03/2014,Fri,1415,MA,CS14,371B ,,R,D,ON,F , ,N,N,50,0,0,0,1851503,5765861
South Waikato District,24/01/2014,Fri,950,LB,4N14,303B ,,R,D,B ,F ,X,G,R,50,0,0,0,1851508,5765847
South Waikato District,26/05/2014,Mon,545,KA,CS14,302B 370B 801 ,,R,W,DO,L ,R,G,R,50,0,0,0,1843845,5784843
South Waikato District,05/03/2014,Wed,1247,EA,VS1C,129A 130A ,M,R,D,B ,F , , ,C,50,0,0,0,1850594,5765910
South Waikato District,22/06/2014,Sun,1111,JA,4N1C,309B 353B 407B ,,R,D,B ,F ,T,N,N,100,0,0,0,1848604,5768598
South Waikato District,26/04/2014,Sat,130,DB,4S1,131A 407A 412A 801 ,,E,W,DN,L , , ,C,100,0,0,0,1842364,5788354
South Waikato District,19/12/2014,Fri,400,DA,CN1,111A ,,E,D,DN,F , ,N,C,100,0,0,0,1841185,5789298
South Waikato District,19/04/2014,Sat,2030,DB,CS2,111A 133A 402A ,P,R,W,DO,L ,T,G,C,50,0,0,0,1849783,5767237
South Waikato District,05/06/2014,Thu,1220,MD,CN14,308B 371B 929 ,,E,D,O ,F ,D,N,C,50,0,0,0,1850066,5765965
South Waikato District,30/09/2014,Tue,1330,HA,CS1S,300A 370A 210B 312B ,,R,D,B ,F ,T,G,X,50,0,0,1,1843868,5784781
South Waikato District,09/10/2014,Thu,830,MO,CN1C,330A 371A 929 ,M,R,D,O ,F ,D, ,C,50,0,0,0,1849970,5766603
South Waikato District,01/09/2014,Mon,1428,JA,VW14,308B 375B 929 ,,M,D,ON,L ,D,N,N,60,0,0,0,1853218,5770393
South Waikato District,09/05/2014,Fri,615,MO,TS1,386A 904 ,P,R,W,DN,M , , ,C,50,0,0,0,1843318,5784426
South Waikato District,11/10/2014,Sat,330,DC,CS1,103A 110A 130A ,CFT,M,D,TO,F ,T,N,C,50,0,2,1,1843313,5784804
South Waikato District,22/09/2014,Mon,310,CA,CE1,101A 133A 801 ,F,R,W,DO,L , , ,C,50,0,0,0,1844373,5786067
South Waikato District,09/08/2014,Sat,2025,MO,4S1CC,102A 512A 514A ,,R,W,DN,F ,T,G,N,100,0,0,0,,
South Waikato District,09/03/2014,Sun,2038,CB,CS1,103A ,F,R,D,DO,F , ,N,N,50,0,0,0,1844110,5783897
South Waikato District,31/12/2014,Wed,830,DA,CN1,111A 131A ,F,E,D,B ,F ,T,G,C,50,0,0,0,1854111,5754346
South Waikato District,14/08/2014,Thu,1700,DA,4N1,131A 402A 901 903 ,C,M,W,DN,HS, , ,C,100,0,0,0,1838733,5779912
South Waikato District,19/04/2014,Sat,910,DA,CS1,131A ,F,M,W,ON,L , ,N,C,100,0,0,0,1845380,5790209
South Waikato District,17/12/2014,Wed,2110,DB,VE1,111A 131A ,C,M,W,DN,L , ,N,C,70,0,1,1,1847697,5773354
South Waikato District,09/10/2014,Thu,1033,FD,CE1CT,129A 129C ,,E,D,BN,F , ,N,C,100,0,0,0,1834571,5797070
South Waikato District,05/07/2014,Sat,1230,CB,CS1,130A 501A ,F,R,W,ON,L , ,N,C,100,0,0,0,1835320,5795957
South Waikato District,23/04/2014,Wed,1224,BA,CE1C,129A 386A ,,R,D,O ,F , ,N,C,80,0,0,0,1836809,5793467
South Waikato District,25/01/2014,Sat,,DA,CN1,131A 332A ,F,E,D,BN,F , ,N,L,100,0,0,0,1837467,5792729
South Waikato District,28/10/2014,Tue,2300,DA,CW1,111A 131A ,G,S,W,DN,L , ,N,C,100,0,0,1,1841257,5793407
South Waikato District,30/03/2014,Sun,1700,FC,VN1C,181A ,,R,D,BF,F , ,N,X,50,0,0,1,1841987,5793258
South Waikato District,13/05/2014,Tue,1635,JA,CS1C,308B 375B 402B 927 ,,R,D,TF,F ,D, ,P,50,0,0,0,1842161,5793040
South Waikato District,07/02/2014,Fri,1709,JA,CS1C,301B 375B 404B ,,E,D,BF,F ,T,S,R,100,0,0,0,1843058,5792236
South Waikato District,01/08/2014,Fri,1210,JA,CS1C,301B ,,M,D,B ,F ,T,S,C,100,0,0,0,1843058,5792236
South Waikato District,15/08/2014,Fri,2010,DA,CS2CC,131A ,,M,D,DN,F ,T,S,C,100,0,0,0,1843058,5792236
South Waikato District,04/07/2014,Fri,1830,BE,CS1V,134A 195A ,,R,D,DN,F , ,N,C,100,0,0,0,1843024,5791304
South Waikato District,21/10/2014,Tue,1556,LB,CN1C,303B 410B 929 ,,R,D,B ,F ,D,N,C,100,0,0,2,1843024,5791304
South Waikato District,16/05/2014,Fri,2150,CC,CS1,130A 412A ,FG,R,D,DO,F , , ,C,50,0,0,0,1844687,5786366
South Waikato District,02/07/2014,Wed,14,DA,CN1,131A 402A ,CF,M,W,DO,H , ,N,P,50,0,0,0,1844572,5785970
South Waikato District,26/06/2014,Thu,1850,LB,CN2C,302A ,,E,W,DO,L ,R,G,R,50,0,0,0,1843971,5784946
South Waikato District,17/11/2014,Mon,1210,HA,CN1C,302A 375A ,,R,W,O ,F ,R,G,R,50,0,0,0,1843971,5784946
South Waikato District,27/09/2014,Sat,1123,LB,CN14C,302A 375A ,,E,D,B ,F ,R,G,R,50,0,0,0,1843971,5784946
South Waikato District,22/04/2014,Tue,620,LB,CN14,302A 375A ,,S,D,DO,F ,R,G,C,50,0,0,0,1843971,5784946
South Waikato District,09/04/2014,Wed,1813,LB,CN1C,302A ,,E,W,DO,L ,R,G,R,50,0,0,0,1843971,5784946
South Waikato District,20/09/2014,Sat,2110,CC,CN1,112A 125A ,FJ,R,D,DO,F , ,N,N,70,0,0,0,1844259,5784419
South Waikato District,24/10/2014,Fri,655,DB,CS1T,135A 682B 804 ,P,E,D,OF,F , ,N,L,70,0,0,0,1844708,5784065
South Waikato District,05/01/2014,Sun,1340,BF,CS1C,101A 111A ,,E,W,O ,H , ,N,L,100,0,1,1,1844903,5783707
South Waikato District,08/03/2014,Sat,1411,DA,CS1,351A 357A ,FT,E,D,B ,F , ,N,L,100,0,0,2,1844868,5783235
South Waikato District,24/04/2014,Thu,1342,FD,VN14,181A ,,E,W,ON,H , ,N,L,100,0,0,0,1845088,5781936
South Waikato District,11/11/2014,Tue,1508,QD,TN1,428A ,N,E,D,O ,F , , ,C,100,0,0,0,1845522,5781455
South Waikato District,11/04/2014,Fri,318,DA,TS1,134A 410A ,,M,W,DN,H , ,N,C,100,0,0,0,1846453,5780952
South Waikato District,09/02/2014,Sun,1424,BA,CS1CC,129A 205A 336A 197B ,D,R,D,B ,F , , ,L,100,0,1,4,1846541,5780490
South Waikato District,11/04/2014,Fri,1444,MB,VN14,303B ,,R,W,O ,L , , ,C,100,0,0,0,1847127,5778877
South Waikato District,25/10/2014,Sat,1330,BC,CS1T,121A 410A ,,E,D,B ,F , ,N,C,100,1,0,0,1847617,5777243
South Waikato District,28/05/2014,Wed,550,BA,VS14,129A ,,R,D,DN,F , ,N,L,100,0,0,1,1847579,5775805
South Waikato District,21/12/2014,Sun,400,CC,CN1,410A ,F,R,D,DN,F , ,N,L,100,0,0,0,1848060,5774876
South Waikato District,05/03/2014,Wed,650,DB,CN1CC,135A 135B 135C 806 ,E,M,D,DN,F , ,N,L,100,0,1,0,1850321,5772339
South Waikato District,15/09/2014,Mon,1240,CB,VS1,130A 358A 402A ,F,R,D,B ,F , , ,C,100,0,0,1,1850260,5772045
South Waikato District,09/05/2014,Fri,2215,DB,CN1,111A 131A 402A ,TV,E,W,DN,F , , ,L,100,0,0,1,1850508,5771147
South Waikato District,01/01/2014,Wed,1125,EC,CS1,820,D,E,D,BN,F , ,N,C,100,0,0,0,1850664,5770389
South Waikato District,14/03/2014,Fri,2228,CA,CS1,410A ,V,R,D,DN,F , , ,C,100,0,0,0,1850653,5769598
South Waikato District,11/02/2014,Tue,1100,CA,CS1,129A 130A ,F,R,D,B ,F , , ,C,100,0,0,0,1850938,5768930
South Waikato District,13/01/2014,Mon,1933,CB,CN1,130A 500A ,F,R,D,O ,F , ,N,C,100,0,0,0,1851016,5768735
South Waikato District,20/12/2014,Sat,1855,FB,CW1C,331A 353A 387A ,,M,D,OF,F ,T,G,C,100,0,0,0,1851299,5767807
South Waikato District,30/05/2014,Fri,1435,MC,CN1C,181A 191B 372B ,,R,D,B ,F ,T,S,R,60,0,0,0,1851343,5766499
South Waikato District,24/07/2014,Thu,1240,AC,TN1C,184A 671A 184B ,,R,D,O ,F , , ,N,60,0,0,0,1851478,5766295
South Waikato District,18/09/2014,Thu,1100,JA,TN1C,302B 375B 403B 404B ,,R,D,O ,F ,T,G,C,60,0,0,1,1851580,5766003
South Waikato District,24/10/2014,Fri,1515,GF,CS1C,330A 386A 922 ,,R,D,B ,F ,D, ,P,60,0,0,0,1851748,5765539
South Waikato District,13/05/2014,Tue,1500,GD,VS1C,181A 925 ,,R,D,OF,F ,D,N,C,80,0,0,0,1851770,5765472
South Waikato District,17/04/2014,Thu,1400,FA,CS1C,331A 901 903 ,,R,W,ON,HS, , ,C,80,0,0,0,1851853,5765164
South Waikato District,17/04/2014,Thu,1350,EC,CS1T,821 901 903 ,XX,R,W,O ,HS, , ,C,80,0,0,0,1852002,5764602
South Waikato District,21/04/2014,Mon,1407,JA,CN1C,302B 375B ,,R,D,B ,F ,T,G,C,80,0,0,0,1852055,5764404
South Waikato District,10/08/2014,Sun,1200,MC,CN1C,372B ,,R,D,B ,F , , ,L,80,0,0,0,1852162,5764039
South Waikato District,21/04/2014,Mon,1322,CB,VS1,129A 350A ,F,R,W,O ,F , ,N,C,100,0,0,0,1853071,5761835
South Waikato District,10/11/2014,Mon,1359,DA,TN1,131A ,,E,D,B ,F , , ,L,100,0,0,1,1856154,5758244
South Waikato District,13/06/2014,Fri,322,JA,TS1C,308B 330B 930 ,,M,D,DN,F ,D, ,L,100,1,0,0,1856693,5757787
South Waikato District,28/03/2014,Fri,2106,DA,CS1,131A 359A ,T,E,D,DN,F , , ,C,100,0,0,0,1857043,5757127
South Waikato District,19/02/2014,Wed,2050,CB,CS1,109A 112A ,X,R,D,DN,F , ,N,L,100,1,0,0,1859841,5755509
South Waikato District,12/02/2014,Wed,1645,CB,4S1,130A 191A ,,R,D,B ,F , , ,L,100,0,0,0,1859979,5755360
South Waikato District,26/10/2014,Sun,1,CB,CS1,130A 195A 402A ,V,R,D,DN,F , , ,L,100,0,1,2,1861146,5754136
South Waikato District,19/10/2014,Sun,1400,MB,VS1C,303B ,,E,D,B ,F , , ,C,100,0,0,0,1862585,5750687
South Waikato District,23/02/2014,Sun,1056,MC,CN1C,372B 378B 402B 831 ,,M,D,B ,F , , ,C,100,0,0,0,1862874,5746763
South Waikato District,06/01/2014,Mon,1420,JA,MS1C,301B 375B ,,R,D,B ,F ,T,S,P,100,0,1,0,1863033,5746361
South Waikato District,16/07/2014,Wed,2340,EC,CS1C,912,WFW,R,D,DN,F , ,N,C,100,0,0,2,1842186,5796919
South Waikato District,18/07/2014,Fri,940,AB,CS1,137A ,C,R,D,BN,F , ,N,C,100,0,0,0,1842128,5796458
South Waikato District,20/10/2014,Mon,1215,EA,TN1C,386A 440B ,M,R,D,B ,F , ,N,C,100,0,0,0,1842057,5795862
South Waikato District,18/12/2014,Thu,1600,DA,CN1,111A ,,R,D,B ,F ,T,G,C,100,0,0,0,1844698,5786383
South Waikato District,18/04/2014,Fri,1655,CC,CS1,129A 134A ,,R,D,B ,F , ,N,C,100,0,0,1,1849475,5791991
South Waikato District,18/10/2014,Sat,1710,JA,CE2VV,133B 302B 801 ,,R,W,O ,L ,T,G,L,100,0,0,0,1834488,5797126
South Waikato District,12/02/2014,Wed,1645,CC,4W1,410A ,CS,R,D,BN,F , ,N,C,100,0,0,1,1863549,5751383
South Waikato District,13/07/2014,Sun,1633,DB,CS1,410A 801 ,T,E,W,O ,L , , ,C,100,0,0,1,1868025,5752821
South Waikato District,17/11/2014,Mon,1337,DB,CE2V,111A 131A 402A 801 ,,S,W,O ,H ,T,G,C,50,0,0,0,1851036,5764991
South Waikato District,21/03/2014,Fri,1000,GF,VS14,381A ,,R,D,BF,F ,T,G,C,50,0,0,0,1851036,5764991
South Waikato District,31/10/2014,Fri,630,JC,CN2C,302A ,,R,W,O ,F ,T,G,C,50,0,0,0,1850924,5764968
South Waikato District,24/04/2014,Thu,1615,DB,CS1,135A 801 806 ,C,M,W,O ,L , , ,C,100,0,0,0,1845777,5753094
South Waikato District,25/08/2014,Mon,735,DA,CS1,136A 802 ,C,M,I,BN,FF, ,N,C,100,0,0,0,1845104,5749752
South Waikato District,06/11/2014,Thu,457,DB,VS1,131A 330A ,C,M,W,DN,F , , ,C,100,0,0,1,1845083,5749689
South Waikato District,04/09/2014,Thu,1040,JC,CW24,321A 330A 404A ,,M,D,O ,F ,T,S,R,100,0,0,0,1843058,5792236
South Waikato District,30/10/2014,Thu,109,BE,CW1T,101A 410A ,,R,W,DN,L , ,N,C,100,0,0,0,1844002,5791953