TLANAME,CRASHDATE,CRASHDOW,CRASHTIME,MVMT,VEHICLES,CAUSES,OBJECTSSTRUCK,ROADCURVE,ROADWET,LIGHT,WTHRa,JUNCTYPE,TRAFCTRL,ROADMARK,SPDLIM,CRASHFATALCNT,CRASHSEVCNT,CRASHMINCNT,EASTING,NORTHING
South Waikato District,24/08/2014,Sun,1510,LB,CW1C,303B 375B ,,R,D,B ,F ,T,G,R,100,0,0,0,1847697,5790412
South Waikato District,31/05/2014,Sat,1750,JA,ME1C,302B 375B ,,R,D,DO,F ,T,G,R,100,0,1,1,1849827,5791339
South Waikato District,21/01/2014,Tue,,FD,CE1C,181A ,,R,D,BF,FS, ,N,L,100,0,0,0,1849877,5791338
South Waikato District,28/09/2014,Sun,,FF,CS1C,181A 191B ,,R,D,BN,F , ,N,C,100,0,0,0,1850326,5791220
South Waikato District,16/12/2014,Tue,1615,BE,TW144,410A ,,R,D,BN,F , ,N,C,100,0,0,0,1851188,5790762
South Waikato District,08/12/2014,Mon,1430,DA,CN1,131A 353A 404A ,ET,M,D,B ,F , , ,C,100,0,0,0,1856335,5789563
South Waikato District,19/03/2014,Wed,2320,DB,CN1,103A ,KT,M,D,DN,F , ,N,C,100,0,0,0,1858968,5788247
South Waikato District,07/03/2014,Fri,758,DB,CN1,111A 131A ,PV,M,D,B ,F , ,N,N,100,0,0,1,1859905,5787413
South Waikato District,19/07/2014,Sat,830,DA,CW1,135A 802 ,T,E,I,DN,FF, , ,C,100,0,0,0,1860875,5786707
South Waikato District,07/03/2014,Fri,703,DB,CW1,135A 804 817 ,E,E,D,BN,F , ,N,N,100,0,0,0,1862977,5786412
South Waikato District,02/07/2014,Wed,2045,DA,CE1,131A ,CV,E,W,DN,L , ,N,C,100,0,0,0,1866364,5785776
South Waikato District,06/03/2014,Thu,2005,CB,CW1,135A 804 817 ,,R,D,TN,F , ,N,N,100,0,0,0,1866818,5785822
South Wairarapa District,08/11/2014,Sat,2030,QO,MS1,103A 430A ,,R,D,TN,F , ,N,C,50,0,0,1,1786151,5393349
South Wairarapa District,24/07/2014,Thu,1300,DB,CS1,131A ,F,M,D,B ,F , , ,C,100,0,0,1,1783921,5412788
South Wairarapa District,11/08/2014,Mon,2100,DA,4N1,103A 111A 131A ,CP,S,W,DO,LS, , ,C,50,0,0,0,1795143,5446587
South Wairarapa District,24/05/2014,Sat,2005,CC,CN1,130A 801 ,F,R,W,DO,L , , ,N,50,0,0,0,1806203,5448685
South Wairarapa District,11/06/2014,Wed,1925,HA,CS2C,302A 375A ,,R,W,DO,  ,X,G,N,50,0,0,1,1795418,5445609
South Wairarapa District,11/09/2014,Thu,1600,HA,4N1C,302B 375B ,,R,D,B ,F ,X,G,C,50,0,0,1,1795418,5445609
South Wairarapa District,26/03/2014,Wed,1410,HA,CS1C,302B 375B ,,R,D,BF,F ,X,G,C,50,0,0,0,1795418,5445609
South Wairarapa District,21/02/2014,Fri,1402,QC,CS1O,352A ,N,R,D,BF,F ,T,T,C,50,0,0,0,1795224,5445760
South Wairarapa District,13/09/2014,Sat,800,CC,CE1,112A 517A ,F,R,W,DO,F ,X,G,C,50,0,0,0,1795533,5445517
South Wairarapa District,01/08/2014,Fri,1130,MO,CS1E,354A 371A 378A 929 ,,R,D,O ,F ,D,N,C,50,0,0,1,1795704,5445381
South Wairarapa District,18/07/2014,Fri,1235,DB,CW1,111A 131A ,C,E,W,O ,F ,X,G,C,50,0,0,0,1795351,5446234
South Wairarapa District,26/03/2014,Wed,1037,DB,MN1,138A 402A 404A ,T,M,D,O ,F , ,N,N,100,0,1,0,1801281,5420321
South Wairarapa District,28/01/2014,Tue,1635,DB,TW1,137A 195A ,C,E,D,ON,F , ,N,C,100,0,0,1,1811076,5430438
South Wairarapa District,10/05/2014,Sat,2145,DC,CW2,112A 133A 801 ,F,R,W,DO,L ,T,G,C,50,0,0,0,1805733,5433726
South Wairarapa District,23/05/2014,Fri,1000,EA,VE1C,129A ,M,R,D,OF,F , ,N,C,50,0,0,0,1806073,5433985
South Wairarapa District,22/04/2014,Tue,740,HA,CN2B,321A 370A 801 ,,R,W,O ,L ,X,S,C,50,0,0,0,1795385,5445921
South Wairarapa District,18/06/2014,Wed,1404,DA,CN1,131A ,FT,M,W,O ,L , , ,C,100,0,0,1,1798061,5436314
South Wairarapa District,09/05/2014,Fri,1130,DA,TN1,136A 665A ,F,M,D,BN,F , ,N,C,100,0,0,0,1798061,5436304
South Wairarapa District,11/10/2014,Sat,1330,DA,CS1,129A 386A ,B,M,D,B ,F , ,N,C,100,0,0,0,1789942,5426856
South Wairarapa District,19/07/2014,Sat,2120,CA,CW14,103A 112A 130A 801 ,M,R,W,DO,L , , ,N,50,0,0,3,1806704,5449755
South Wairarapa District,14/05/2014,Wed,700,DB,CN1,131A 350A ,V,M,W,ON,L , ,N,L,100,0,0,1,1789652,5424117
South Wairarapa District,07/04/2014,Mon,400,DB,VS1,410A ,V,E,W,DN,L , , ,C,100,0,0,0,1787225,5422316
South Wairarapa District,18/01/2014,Sat,2050,DB,MS1,103A 129A 134A ,,E,D,DN,F , , ,N,100,0,0,1,1779207,5415224
South Wairarapa District,25/06/2014,Wed,2229,EC,4N1,912,W,R,W,DN,FF, ,N,C,100,0,0,0,1800474,5445240
South Wairarapa District,23/01/2014,Thu,1835,HA,CW1C,302B ,,R,D,B ,F ,X,G,N,50,0,0,0,1807183,5450140
South Wairarapa District,14/07/2014,Mon,1715,DA,4N1,111A 631A ,C,M,D,TN,F , ,N,C,100,0,1,0,1808505,5436447
South Wairarapa District,30/07/2014,Wed,950,HA,4N24,321A ,F,R,D,B ,F ,X,S,C,50,0,0,0,1806604,5434988
South Wairarapa District,20/06/2014,Fri,2238,DA,CN2,131A 514A ,S,R,D,DO,F ,X,G,C,50,0,0,0,1806115,5433688
South Wairarapa District,29/05/2014,Thu,730,HA,VS1C,302B 382B ,,R,W,OF,L ,X,G,C,50,0,0,2,1795178,5446372
South Wairarapa District,09/08/2014,Sat,330,DA,CS1,111A 131A 402A 901 ,F,M,W,DN,H ,T,N,C,100,0,0,0,1792649,5443236
South Wairarapa District,07/09/2014,Sun,700,DA,CS1,129A 134A ,C,E,W,B ,F , ,N,N,100,0,0,0,1793904,5444718
South Wairarapa District,10/07/2014,Thu,1400,CC,VS1,130A ,T,R,D,BN,F , , ,C,100,2,0,0,1779254,5424259
South Wairarapa District,31/10/2014,Fri,1905,DA,CW1,129A 134A ,V,S,D,O ,F , ,N,C,100,0,0,1,1803688,5449818
South Wairarapa District,02/06/2014,Mon,1720,DB,CN1,103A 131A ,V,E,D,BF,F , ,N,L,100,0,0,0,1809252,5451293
South Wairarapa District,17/04/2014,Thu,1435,QG,VN1CC,130A 688A 191B 196B 181C 331C 801 ,P,R,W,O ,L , , ,C,100,0,0,3,1808446,5450911
South Wairarapa District,16/02/2014,Sun,1045,GD,CN1C,181A 333A ,,R, , F,F ,T,G,C,80,0,0,0,1806730,5449458
South Wairarapa District,07/11/2014,Fri,1600,MA,CS1C,373B 671B ,,R,D,B ,F , ,N,C,50,0,0,0,1806524,5449227
South Wairarapa District,11/11/2014,Tue,1810,FD,CW1C,181B 331B ,,R,D,O ,F , ,N,C,50,0,0,2,1806491,5449189
South Wairarapa District,27/02/2014,Thu,1903,PF,CN1EV,129A 352A 410A ,M,R,D,B ,F , , ,C,50,0,1,0,1806491,5449189
South Wairarapa District,11/11/2014,Tue,1805,JA,4N1C,302B ,,R,D,OF,F ,X,G,C,50,0,0,0,1806457,5449152
South Wairarapa District,30/04/2014,Wed,1150,EA,CN1V,129A 331A 402A 412A ,M,R,D,B ,F , , ,C,50,0,0,1,1806444,5449137
South Wairarapa District,23/12/2014,Tue,245,CB,CN1,104A 412A ,FPT,R,D,DO,F , ,N,C,100,0,0,1,1805629,5448279
South Wairarapa District,14/06/2014,Sat,227,EC,CN1,904 912 ,W,R,W,DN,M , ,N,C,100,0,0,2,1804639,5447800
South Wairarapa District,28/09/2014,Sun,1900,DA,CW1,135A 806 ,C,S,W,TN,L , ,N,L,100,0,0,0,1803673,5447336
South Wairarapa District,14/06/2014,Sat,,CB,VS1,137A ,F,R,D,DN,M , ,N,C,100,0,0,0,1803018,5447018
South Wairarapa District,27/09/2014,Sat,1545,BF,CE1C,132A ,C,M,W,ON,L , ,N,L,100,0,0,0,1802324,5446678
South Wairarapa District,12/06/2014,Thu,845,JA,CW1C,302B 375B ,,R,W,O ,F ,T,G,C,100,0,0,2,1800548,5445805
South Wairarapa District,08/03/2014,Sat,,CB,CE1,103A ,FV,R,D,BN,F , ,N,L,100,0,0,0,1799270,5445391
South Wairarapa District,10/08/2014,Sun,1630,AA,MS14,372A ,,R,D,ON,F , ,N,L,100,0,0,1,1797731,5445386
South Wairarapa District,26/11/2014,Wed,1954,CA,ME1,130A ,,R,D,B ,F , , ,C,100,0,0,1,1797474,5445372
South Wairarapa District,31/05/2014,Sat,1645,EA,CW1C,103A 129A ,M,R,D,TF,F ,X,S,L,50,0,0,1,1795629,5445501
South Wairarapa District,10/04/2014,Thu,1631,DA,CS1,135A 806 901 ,C,M,W,O ,H , , ,C,100,0,0,0,1792491,5446887
South Wairarapa District,24/10/2014,Fri,1111,DB,MS1,131A 135A 402A 806 903 ,,S,W,O ,LS, , ,L,100,0,0,0,1792370,5446861
South Wairarapa District,21/06/2014,Sat,1655,FA,CE1C,181A 331A 901 903 ,,M,W,O ,HS, , ,L,80,0,0,0,1791359,5446704
South Wairarapa District,13/04/2014,Sun,1630,BB,CS1C,110A 123A ,,S,W,O ,L , ,N,L,100,0,0,1,1791092,5446487
South Wairarapa District,14/11/2014,Fri,1058,DB,CE1,131A 614A ,C,S,D,B ,F , , ,L,100,0,0,1,1791103,5446512
South Wairarapa District,13/12/2014,Sat,2120,DA,CE1,134A ,FG,M,D,DN,F , ,N,C,100,0,0,1,1790887,5446651
South Wairarapa District,22/11/2014,Sat,1145,BF,CE1C,130A 801 903 ,,M,W,O ,LS, , ,C,100,0,0,0,1790121,5446671
South Wairarapa District,18/07/2014,Fri,1630,AA,MS1C,372A 671A 801 ,,S,W,DN,L , , ,L,100,0,0,1,1789767,5446567
South Wairarapa District,11/04/2014,Fri,625,DA,CW1,131A 800 ,C,M,W,O ,F , , ,L,100,0,0,0,1789599,5446735
South Wairarapa District,23/08/2014,Sat,1700,DB,CE1,103A 110A ,,E,W,O ,F , ,N,N,80,0,0,0,1789181,5446662
South Wairarapa District,06/09/2014,Sat,1605,DB,CE1,135A 402A 806 ,G,M,W,ON,M , ,N,C,100,0,0,0,1788868,5446665
South Wairarapa District,03/10/2014,Fri,335,DB,CE1,111A 131A ,C,M,W,DN,L , ,N,C,100,0,0,0,1788581,5446434
South Wairarapa District,12/02/2014,Wed,1952,DA,MW1,111A 133A 800 801 ,,E,W,O ,L , , ,L,100,0,0,0,1788559,5446434
South Wairarapa District,06/04/2014,Sun,2037,DA,CE1,131A 191A 801 ,C,M,W,DN,L , , ,L,100,0,0,0,1788213,5446278
South Wairarapa District,30/11/2014,Sun,1142,DA,MW1,135A 903 ,,M,D,BN,FS, ,N,L,100,0,0,1,1788018,5446247
South Wairarapa District,11/10/2014,Sat,1000,HA,CE1C,302B 375B ,,R,D,BF,F ,X,G,C,50,0,0,0,1795278,5445436
South Wairarapa District,21/03/2014,Fri,1340,GB,400000000000000,158A 387A ,,R,D,BF,F ,X,G,C,100,0,0,1,1796114,5444764
South Wairarapa District,14/07/2014,Mon,214,EC,4N1,370A 402A 912 ,W,R,W,DN,F , ,N,C,100,0,0,0,1799444,5440862
South Wairarapa District,21/09/2014,Sun,2120,DB,CE1,131A 410A ,FS,E,D,DN,F , ,N,C,100,0,0,0,1802342,5438784
South Wairarapa District,09/02/2014,Sun,1255,CC,MS1,135A 801 810 ,,R,W,O ,L , , ,C,100,0,1,0,1804001,5437240
South Wairarapa District,21/01/2014,Tue,1030,FA,TN1T,181A 330A ,,M,W,O ,H , ,N,C,80,0,0,0,1804598,5436405
Southland District,20/04/2014,Sun,407,CC,CS1,433A ,F,R,W,DO,L , ,N,C,50,0,0,0,1280217,4860897
Southland District,12/08/2014,Tue,843,DA,CN1,135A 802 803 903 ,F,M,I,O ,SS, , ,C,100,0,0,1,1228808,4868607
Southland District,21/07/2014,Mon,2025,DA,CS1,135A 402A 800 901 ,Z,E,W,DN,H , , ,C,100,0,0,0,1217711,4882475
Southland District,01/02/2014,Sat,100,CC,4S1,138A ,F,R,D,DN,F , , ,N,100,0,0,0,1240157,4895518
Southland District,01/04/2014,Tue,1348,DB,CN1,111A 134A 402A ,V,S,D,O ,F , ,N,C,100,0,0,0,1187115,4921045
Southland District,21/10/2014,Tue,1246,CC,4S1,410A 801 ,P,R,W,O ,L , , ,C,80,0,0,1,1225576,4877867
Southland District,27/09/2014,Sat,,DC,CW1,101A 110A 130A 191A 801 ,C,R,W,DN,L ,X,G,C,100,0,0,1,1247330,4883603
Southland District,18/01/2014,Sat,1815,HA,CS1V,302A ,,R,D,O ,F ,X,G,C,50,0,0,0,1280851,4861441
Southland District,01/05/2014,Thu,1500,BB,TS14,123A ,,S,D,B ,F , , ,N,100,0,0,0,1215635,4954318
Southland District,26/06/2014,Thu,2300,EC,CW1,911,W,R,D,DN,F , , ,C,100,0,0,0,1215182,4859567
Southland District,28/04/2014,Mon,2100,DB,CS1,131A 402A 801 ,CV,M,W,DN,L , , ,C,100,0,0,2,1190172,4908210
Southland District,23/01/2014,Thu,1140,DA,CS1,129A 131A ,F,M,W,O ,L , ,N,C,100,0,0,0,1191765,4890037
Southland District,17/11/2014,Mon,1830,CC,TS1,129A 134A ,,R,D,B ,F , ,N,N,100,0,0,1,1246293,4870734
Southland District,24/01/2014,Fri,1200,MO,VS1,330A 420A ,C,R,D,O ,F , ,N,N,100,0,0,0,1202083,4950965
Southland District,14/10/2014,Tue,1445,DC,CE1,112A 132A ,FP,R,W,O ,L ,T,G,C,100,0,0,0,1200610,4886337
Southland District,23/11/2014,Sun,1800,DA,4N1,103A 131A ,C,S,D,ON,F , ,N,N,100,0,0,0,1194063,4858403
Southland District,08/10/2014,Wed,2030,EC,CN1,912,W,R,D,DN,F , , ,C,100,0,0,0,1241517,4926893
Southland District,29/06/2014,Sun,1010,MO,CE1,350A 371A ,P,R,D,B ,F ,T,N,N,70,0,0,0,1194493,4860879
Southland District,29/12/2014,Mon,1615,QO,TN1,130A 611A 613A ,S,R,D,B ,F ,T,N,N,50,0,0,0,1228847,4794385
Southland District,19/05/2014,Mon,1650,DB,CN1,110A 131A ,,M,W,ON,L , ,N,C,100,0,1,0,1273699,4855025
Southland District,17/03/2014,Mon,1150,CB,CS1,129A 504A ,F,R,D,BN,F , ,N,C,100,0,0,1,1274012,4856204
Southland District,28/01/2014,Tue,2144,DA,PE1,103A 403A ,X,M,D,O ,F , , ,N,50,0,0,1,1230010,4794509
Southland District,24/09/2014,Wed,1130,CA,OE1,504A 530A ,,R,D,B ,F , ,N,C,100,1,0,0,1240816,4932398
Southland District,04/09/2014,Thu,545,EC,CW1,912,W,R,D,DN,M , , ,C,100,0,0,0,1221919,4871350
Southland District,28/12/2014,Sun,1700,DA,4S1,129A ,S,M,D,BN,F , ,N,C,100,0,0,0,1284948,4827178
Southland District,05/11/2014,Wed,2005,DA,4N1,103A 131A ,ET,E,D,DO,F , , ,N,50,0,0,1,1228722,4794329
Southland District,02/08/2014,Sat,1100,EC,CW1,135A 801 823 ,FL,R,W,O ,H , , ,N,100,0,0,0,1185423,4950934
Southland District,31/12/2014,Wed,1110,DA,CW1,131A ,F,M,W,O ,F ,X,G,C,100,0,0,0,1262543,4845573
Southland District,18/07/2014,Fri,453,DA,CW1,103A 111A 131A ,C,E,D,DN,F , ,N,C,100,0,0,4,1262326,4845621
Southland District,30/09/2014,Tue,735,FA,CE1M,330A 363A 902 ,,E,D,B ,F , ,N,C,100,0,0,2,1258214,4846287
Southland District,12/08/2014,Tue,702,CB,CN1,402A 410A ,F,R,W,DN,F , ,N,C,100,0,0,0,1221093,4862850
Southland District,31/01/2014,Fri,1239,BB,VS1V,123A 129A 404A ,,E,D,B ,F , , ,N,100,0,2,1,1186331,4880409
Southland District,11/11/2014,Tue,1855,CB,VE1,129A 130A 813 ,V,R,D,ON,F , , ,N,100,0,0,0,1296185,4827486
Southland District,20/09/2014,Sat,1417,DA,CW1,131A ,FV,E,D,O ,F , , ,N,100,0,0,0,1297551,4826514
Southland District,17/06/2014,Tue,1100,DA,CE1,138A 404A ,FV,M,D,O ,F , , ,N,100,0,0,0,1297876,4826402
Southland District,18/01/2014,Sat,1920,DA,CE1,131A 134A 404A ,V,S,D,O ,F , ,N,N,100,0,0,0,1297142,4827027
Southland District,05/11/2014,Wed,2130,DA,CW1,129A 818 ,C,S,D,DN,L , ,N,N,50,0,0,0,1228367,4795730
Southland District,10/01/2014,Fri,500,DB,CN1,103A 111A 131A ,,M,W,O ,L , , ,N,100,0,0,1,1273607,4836051
Southland District,02/03/2014,Sun,2200,DA,VN1,103A 131A ,P,E,W,DO,F , ,N,C,50,0,0,0,1179535,4940024
Southland District,28/05/2014,Wed,2000,DB,4N1,330A 350A ,,E,D,DN,F , ,N,C,50,0,0,1,1228605,4797132
Southland District,29/07/2014,Tue,745,DC,VN2,132A ,V,R,D,O ,F ,T,G,C,100,0,0,1,1236320,4888870
Southland District,27/06/2014,Fri,2005,DB,4N1,131A 358A ,FP,E,W,DN,F , , ,L,100,0,0,0,1225272,4868850
Southland District,09/03/2014,Sun,1200,DA,CS1,135A 804 841 ,,M,D,ON,F , ,N,C,100,0,0,0,1278303,4860011
Southland District,31/08/2014,Sun,705,DA,CN1,129A 131A ,C,E,W,ON,M , ,N,C,100,0,0,2,1275270,4854091
Southland District,10/05/2014,Sat,2228,DA,CE14,133A 423A 930 ,M,E,D,DO,F ,D,N,N,50,0,0,0,1238787,4879081
Southland District,03/11/2014,Mon,755,AC,CS1M,372A 381A ,,E,D,O ,F , ,N,C,100,0,0,0,1263986,4845455
Southland District,13/08/2014,Wed,1130,CB,CS1,135A 191A 800 901 903 ,V,R,W,O ,HS, , ,C,100,0,0,0,1250538,4850960
Southland District,21/12/2014,Sun,1630,GA,VN1C,181A 927 ,,R,D,O ,F ,D,N,C,50,0,0,0,1186496,4956760
Southland District,28/07/2014,Mon,250,DB,4W1,101A 110A 131A ,P,M,W,DN,FF, ,N,C,100,1,0,0,1240859,4886320
Southland District,18/08/2014,Mon,2020,DA,4W1,102A 111A 131A ,C,M,D,DN,F , , ,C,100,0,0,1,1240534,4886133
Southland District,16/12/2014,Tue,1400,QC,VN1,302A 330A 378A ,FN,R,D,B ,F , ,G,C,100,0,0,2,1222582,4862502
Southland District,23/11/2014,Sun,1640,DB,MS1,111A 131A ,,S,D,ON,F , ,N,C,100,0,0,1,1239487,4871990
Southland District,14/05/2014,Wed,625,EC,CN1,912,W,R,D,DN,F , , ,C,100,0,0,0,1238097,4865429
Southland District,04/11/2014,Tue,,CB,CS1,101A 130A 433A ,V,R,W,DN,L , , ,C,100,0,0,0,1257879,4916230
Southland District,19/10/2014,Sun,1545,DB,CS1,131A 138A ,T,M,D,B ,H , ,N,N,100,2,0,0,1249966,4888772
Southland District,03/10/2014,Fri,2250,DA,TS1,135A 803 ,F,E,I,DN,S , , ,C,100,0,0,0,1256163,4866945
Southland District,11/02/2014,Tue,1215,GB,CW14,387A 170B 372B ,,R,D,O ,F ,T,S,C,50,0,0,0,1228493,4794578
Southland District,14/02/2014,Fri,1510,KB,4N1C,103B 302B ,,R,D,O ,F ,T,G,C,50,0,0,0,1213252,4878557
Southland District,21/06/2014,Sat,1630,BF,CS1V,129A 129B ,,M,D,O ,F , , ,N,80,0,0,0,1301171,4824942
Southland District,25/01/2014,Sat,1500,JA,CS1C,302A 335A ,,M,D,O ,F ,T,G,C,100,0,0,0,1273417,4854346
Southland District,29/04/2014,Tue,1205,JA,CW14,300A 350A ,,S,D,BN,F ,T,G,C,100,0,0,3,1273417,4854346
Southland District,05/06/2014,Thu,1950,EC,CS1,915,W,E,D,DN,F , , ,C,100,0,0,0,1278698,4837400
Southland District,07/05/2014,Wed,910,QG,TN1,111A 682A 800 812 ,,E,W,O ,F , , ,C,100,0,0,0,1277120,4842744
Southland District,15/12/2014,Mon,1620,DB,CS1,111A 131A 404A ,F,M,D,B ,F , , ,N,100,0,0,0,1206726,4945309
Southland District,15/12/2014,Mon,1100,DA,CN1,129A 131A ,C,M,D,B ,F , , ,C,100,0,0,0,1206471,4945961
Southland District,03/12/2014,Wed,1600,CC,CS1,110A 138A ,C,R,D,O ,F , , ,N,100,0,0,1,1212773,4951539
Southland District,29/11/2014,Sat,2130,CB,CE1,101A 130A 800 801 ,T,R,W,DN,L , , ,C,100,0,0,1,1281533,4862588
Southland District,10/04/2014,Thu,1535,DB,CN1,111A 135A 404A 813 ,X,M,D,ON,F , ,N,N,80,0,0,0,1186836,4948017
Southland District,31/08/2014,Sun,2300,DB,4W1,102A 111A 131A ,,M,D,DN,F , , ,N,80,0,0,0,1217598,4863549
Southland District,25/02/2014,Tue,1328,HA,4S1C,302B 375B ,,R,D,OF,F ,X,G,C,50,0,0,0,1216533,4854740
Southland District,16/11/2014,Sun,2030,DA,CS1,129A 134A 404A ,P,M,D,TN,F , ,N,C,100,0,0,0,1304351,4834396
Southland District,25/07/2014,Fri,1945,CB,VE1,103A 130A ,S,R,W,DN,L , ,N,C,100,0,0,0,1264480,4904010
Southland District,04/02/2014,Tue,1300,DB,VW1,129A ,B,M,D,BN,F , ,N,N,100,1,2,3,1253643,4945305
Southland District,09/01/2014,Thu,140,DB,TW1,130A 386A 816 ,F,E,W,DN,L , ,N,N,100,0,0,0,1216251,4876827
Southland District,08/01/2014,Wed,1500,DA,CN1,111A 131A 402A 801 810 ,S,S,W,ON,F , ,N,L,100,0,0,0,1197747,4887160
Southland District,07/10/2014,Tue,645,DB,4S1,198A 817 841 ,C,E,W,DN,F ,T,G,C,100,0,0,0,1200977,4897505
Southland District,02/10/2014,Thu,830,CA,VE1,130A 804 ,,R,D,O ,F ,X,G,C,100,0,0,0,1265732,4864174
Southland District,19/02/2014,Wed,830,DB,CN1T,137A 197A 205B ,F,M,W,O ,F , , ,C,100,0,0,1,1235708,4865055
Southland District,10/07/2014,Thu,1850,CB,CS1,129A 134A 402A ,F,R,D,DN,F , ,N,C,100,0,0,0,1236054,4869159
Southland District,13/04/2014,Sun,101,DA,VS1,101A 131A ,FT,E,W,DN,L , ,N,C,100,0,1,0,1236138,4867014
Southland District,21/07/2014,Mon,700,CC,CW1,110A 135A 802 905 ,CT,R,I,DN,SF,T,N,C,100,0,0,1,1257332,4909706
Southland District,28/06/2014,Sat,305,DA,CW1,131A 813 ,V,E,D,DN,F , , ,N,100,0,0,0,1268154,4893223
Southland District,14/08/2014,Thu,1355,QG,TN1,130A 801 903 ,,R,W,O ,LS, , ,C,100,0,0,0,1213027,4883691
Southland District,21/07/2014,Mon,1230,EC,4N1,915,W,E,W,ON,H , ,N,L,100,0,0,0,1215459,4895685
Southland District,20/12/2014,Sat,1210,DA,CS1,131A ,F,M,W,ON,L , ,N,C,100,0,0,1,1215376,4894081
Southland District,26/11/2014,Wed,1500,DC,CN1,335A 351A ,F,R,D,B ,F ,T,G,C,100,0,0,2,1200610,4886337
Southland District,26/11/2014,Wed,1645,GE,4S1O,333A 604B 929 ,,R,D,BN,F ,D,N,C,100,0,0,1,1209127,4882025
Southland District,16/03/2014,Sun,1340,DB,CE1,131A ,F,M,D,BF,F , ,N,L,100,0,0,1,1203645,4883730
Southland District,15/03/2014,Sat,2245,DB,CW1,134A 135A 804 ,,M,D,DN,F , ,N,L,100,0,1,0,1204114,4883743
Southland District,31/12/2014,Wed,1040,DA,CS1,136A 650A ,,M,W,B ,F , , ,C,100,0,0,1,1195887,4883180
Southland District,21/09/2014,Sun,1630,DB,CN1,111A 131A ,F,S,W,O ,L , , ,C,100,0,0,0,1194406,4881508
Southland District,24/08/2014,Sun,2132,DA,CW1,101A 111A 410A ,D,M,D,DN,F , ,N,L,100,0,0,0,1207373,4882978
Southland District,31/03/2014,Mon,1830,DB,CW1,131A ,,M,W,DN,L , ,N,C,100,0,0,0,1206890,4883528
Southland District,07/07/2014,Mon,630,DB,CE1,135A 802 ,T,M,I,DN,FF, , ,L,100,0,0,0,1204999,4883041
Southland District,05/09/2014,Fri,1630,QG,VS1,130A 682A 688A ,FP,R,D,B ,F , , ,C,100,0,0,0,1221427,4890302
Southland District,27/09/2014,Sat,1810,GC,VS1C,387A 174B 355B 929 ,,R,D,B ,F ,D, ,C,100,0,0,0,1185632,4873886
Southland District,01/01/2014,Wed,100,DB,CS1,131A 813 ,,M,D,DN,F , , ,N,100,0,0,0,1211145,4860502
Southland District,28/08/2014,Thu,950,CB,CE1,137A 402A 407A ,V,R,D,O ,F , ,N,N,100,0,0,0,1246414,4864524
Southland District,09/11/2014,Sun,910,MO,4S14E,386A ,M,R,D,O ,F , , ,C,50,0,0,1,1186813,4956593
Southland District,24/10/2014,Fri,1430,MO,CE1C,371A ,,R,D,O ,F , ,N,N,50,0,0,0,1238522,4881824
Southland District,28/01/2014,Tue,1030,DA,CS1,111A 131A 817 ,F,M,D,O ,F , , ,N,100,0,0,1,1189754,4947519
Southland District,03/12/2014,Wed,820,BF,VN14,110A 138A 191A ,,M,D,O ,F , , ,N,100,0,0,3,1190251,4954982
Southland District,25/05/2014,Sun,2100,CB,CN1,110A 135A 803 ,F,R,I,DN,S , , ,N,100,0,0,0,1279104,4861506
Southland District,06/10/2014,Mon,600,DB,TN1,129A 131A 901 ,E,S,W,DN,H , , ,N,100,0,0,0,1198106,4859670