TLANAME,CRASHDATE,CRASHDOW,CRASHTIME,MVMT,VEHICLES,CAUSES,OBJECTSSTRUCK,ROADCURVE,ROADWET,LIGHT,WTHRa,JUNCTYPE,TRAFCTRL,ROADMARK,SPDLIM,CRASHFATALCNT,CRASHSEVCNT,CRASHMINCNT,EASTING,NORTHING
Southland District,18/04/2014,Fri,2000,DA,CN1,103A 131A ,T,E,D,DN,F , ,N,C,100,0,0,0,1273844,4924690
Southland District,25/04/2014,Fri,2346,CB,4S1,101A 130A ,B,R,D,DN,F , , ,C,100,3,0,0,1272636,4921952
Southland District,18/11/2014,Tue,1615,FD,4N1C,181A ,,E,W,ON,H , ,N,L,100,0,0,1,1214876,4875752
Southland District,16/09/2014,Tue,1930,DA,CN1,111A 131A 402A ,S,S,W,DO,M ,T,S,C,100,0,0,0,1217995,4867442
Southland District,17/11/2014,Mon,1200,CB,TN1,129A 134A 818 ,,R,D,BN,F , ,N,N,100,0,0,0,1245189,4883041
Southland District,08/10/2014,Wed,1355,CA,4S1,130A 813 ,,R,D,O ,FS, , ,N,100,0,0,0,1294723,4828037
Southland District,21/09/2014,Sun,1340,CA,VS1,129A 130A 813 903 ,,R,D,O ,FS, , ,N,100,0,0,0,1294741,4827360
Southland District,20/03/2014,Thu,1010,DB,4W1,129A ,E,S,D,BN,F , ,N,N,100,0,0,0,1247947,4890324
Southland District,08/12/2014,Mon,1020,DB,VS1,110A 138A ,E,E,D,O ,F , , ,N,100,0,0,0,1200715,4964553
Southland District,15/02/2014,Sat,1000,BB,4S14,129A ,,M,D,ON,F , ,N,N,100,0,1,1,1201142,4964833
Southland District,12/09/2014,Fri,1016,JO,ME14,330A 378A 929 ,,R,D,O ,F ,D,N,N,100,0,1,0,1214054,4858767
Southland District,07/06/2014,Sat,1400,DA,4S1,131A 800 ,P,E,W,B ,F , , ,C,100,0,0,0,1277517,4834529
Southland District,19/09/2014,Fri,1820,CB,CW1,101A 130A 410A ,FP,R,W,DN,F , , ,C,100,0,0,0,1278527,4833980
Southland District,29/03/2014,Sat,2040,DB,CW1,110A 404A ,FT,E,W,DN,F , ,N,C,100,0,0,1,1281111,4835032
Southland District,27/07/2014,Sun,715,DB,CS1,111A 131A ,,M,W,DN,F , ,N,C,70,0,0,0,1270276,4843913
Southland District,29/08/2014,Fri,2355,EC,CS1,341A ,X,R,D,DO,F , , ,C,50,0,0,0,1289149,4834882
Southland District,29/08/2014,Fri,2350,CC,CS1,350A ,P,R,D,DO,F , , ,C,50,0,0,0,1289149,4834882
Southland District,03/08/2014,Sun,810,DA,CN2,111A 131A ,F,M,W,OF,L ,T,N,C,50,0,0,0,1216702,4854022
Southland District,29/07/2014,Tue,1900,EO,CS1C,357A 512A ,M,R,D,DO,F , , ,P,50,0,0,0,1186460,4957243
Southland District,09/03/2014,Sun,1710,EA,CW1C,129A ,M,R,D,B ,F , , ,N,50,0,0,0,1186460,4957242
Southland District,10/04/2014,Thu,1950,CB,CW1,130A ,F,R,D,DN,F , ,N,N,100,0,0,0,1267618,4856639
Southland District,29/10/2014,Wed,115,EC,TW1,912,W,R,D,DN,F , , ,N,100,0,0,0,1271409,4857318
Southland District,05/02/2014,Wed,1450,CC,CE1,135A 804 ,,R,D,BN,F , ,N,N,50,0,0,1,1241038,4858740
Southland District,09/03/2014,Sun,1745,BE,CE1C,112A 125A 500A ,S,R,D,B ,F , ,N,N,50,0,0,0,1179293,4939717
Southland District,17/11/2014,Mon,500,DA,CN1,111A 410A ,,M,D,DN,F , ,N,C,100,0,0,0,1229111,4859228
Southland District,22/11/2014,Sat,2000,EC,CN1,912,W,R,D,TN,F , ,N,C,100,0,0,0,1256364,4906074
Southland District,03/12/2014,Wed,1915,MC,4N1C,372B ,,R,D,BN,F , ,N,C,100,0,0,1,1237317,4880097
Southland District,10/08/2014,Sun,1320,HA,SS1C,302B ,,R,D,B ,FS,X,G,C,100,0,0,1,1237266,4879349
Southland District,28/10/2014,Tue,1605,MA,CN1T,373B ,,R,D,O ,F ,T,N,C,100,0,0,0,1237665,4872417
Southland District,20/02/2014,Thu,1800,DA,CN1,129A ,F,E,D,BF,F , ,N,N,80,0,0,0,1237391,4881048
Southland District,15/01/2014,Wed,1715,CC,CW1,129A 358A 402A ,FP,R,D,B ,F , , ,C,100,0,0,1,1260204,4856650
Southland District,23/07/2014,Wed,2300,DA,CS2,111A 131A 402A 801 ,,M,W,DN,L ,T,N,C,100,0,0,0,1264803,4856946
Southland District,01/08/2014,Fri,1630,EA,CN14,331A 402A 632A 443B 903 ,Q,R,D,O ,FS, , ,C,100,0,1,0,1224822,4918677
Southland District,05/04/2014,Sat,1745,DA,4N1,111A 195A ,FP,E,D,O ,F , ,N,C,100,0,0,1,1223033,4916187
Southland District,05/07/2014,Sat,815,DA,CS1,103A 111A 131A ,T,E,W,O ,H , , ,C,100,0,1,1,1282398,4853850
Southland District,18/05/2014,Sun,2300,DA,CS1,129A 134A ,E,E,D,DN,F , , ,C,100,0,0,0,1293819,4855999
Southland District,18/11/2014,Tue,1830,DB,4S1,138A 901 ,X,E,W,O ,H , , ,N,60,0,0,1,1231533,4943303
Southland District,24/05/2014,Sat,1820,CB,CS1,130A 802 905 ,,R,I,DN,S , , ,C,100,0,0,0,1276002,4865025
Southland District,23/07/2014,Wed,2118,CB,CS1,130A 414A 901 ,T,R,W,DO,H , , ,L,80,0,1,0,1275571,4863109
Southland District,03/09/2014,Wed,205,DA,CW1,103A 111A 131A ,F,E,D,DN,F , ,N,C,100,0,0,1,1264612,4861011
Southland District,02/11/2014,Sun,426,CC,CE1,104A 410A ,P,R,D,DN,F , , ,C,100,0,0,1,1264365,4860995
Southland District,21/03/2014,Fri,2250,DB,CW1,103A 111A 131A 402A ,FP,M,D,DN,F , ,N,C,100,0,0,0,1261256,4861193
Southland District,04/10/2014,Sat,2145,CA,CS1,112A 198A ,,R,W,DN,LS, ,N,C,100,0,0,0,1260479,4860466
Southland District,26/06/2014,Thu,520,CA,TS1T,130A 517A 197B ,,R,D,DN,F , , ,C,100,0,0,0,1258254,4857948
Southland District,04/05/2014,Sun,615,NA,CS1E,510B 722B ,,R,D,DN,F , , ,C,100,0,0,1,1257401,4856577
Southland District,29/11/2014,Sat,2200,CC,CE1,132A ,F,R,W,DN,H , ,N,C,100,0,0,3,1255219,4854816
Southland District,06/12/2014,Sat,2155,EC,TW1,801 912 ,W,R,W,DN,L ,T,G,C,100,0,0,0,1254380,4854530
Southland District,14/09/2014,Sun,15,CB,VW1,410A 801 ,EF,R,W,DN,L , , ,C,100,0,0,0,1253636,4854274
Southland District,02/01/2014,Thu,1500,CB,CW1,130A 501A ,T,R,D,ON,F , ,N,C,100,0,0,0,1252505,4853885
Southland District,03/05/2014,Sat,2315,EC,XE1,912,W,R,D,DN,F , , ,C,100,0,0,0,1251895,4853677
Southland District,07/07/2014,Mon,1420,DB,CS1,129A 134A 404A 410A ,CTX,M,D,B ,F , , ,L,100,0,0,1,1261738,4961256
Southland District,18/05/2014,Sun,1800,EC,VN1,912,W,E,W,DN,F , , ,C,100,0,0,0,1263813,4960002
Southland District,10/01/2014,Fri,915,GD,CW1C,331A ,CF,E,D,O ,F ,T,S,L,100,0,0,0,1252973,4950917
Southland District,23/12/2014,Tue,1906,DB,CS1,410A ,G,E,D,BN,F , ,N,C,100,0,0,1,1249094,4943616
Southland District,11/10/2014,Sat,1010,CA,CN1,130A 410A ,F,R,D,B ,F , , ,L,100,0,0,0,1246468,4939049
Southland District,26/12/2014,Fri,1615,LB,4N1O,303B ,,R,D,BN,F ,T,G,C,100,1,2,2,1245983,4937736
Southland District,29/04/2014,Tue,1600,DB,CW1,131A 352A 423A ,FV,M,D,B ,F , , ,C,100,0,0,0,1244334,4933810
Southland District,15/06/2014,Sun,530,CC,CS1,137A 197A ,,R,D,DN,F , ,N,C,50,0,0,0,1243910,4932584
Southland District,24/01/2014,Fri,1556,FA,CS1C,150A ,,E,D,B ,F , , ,C,100,0,0,0,1243879,4932475
Southland District,28/12/2014,Sun,1055,DA,CN1,129A 131A ,,E,D,BN,F , ,N,C,100,0,0,1,1243714,4931891
Southland District,05/09/2014,Fri,1640,EC,CS1,912,W,R,D,TN,F , , ,C,100,0,0,0,1243854,4929761
Southland District,03/05/2014,Sat,1610,DB,VN1,111A ,,E,D,O ,F ,T,G,C,100,0,0,0,1244675,4927296
Southland District,31/03/2014,Mon,1610,DA,CS1,129A 134A ,FT,E,D,BN,F , ,N,C,100,0,0,1,1245876,4923419
Southland District,27/10/2014,Mon,1500,AF,CS1,131A ,V,E,D,B ,F , , ,C,100,0,0,0,1244548,4918290
Southland District,26/09/2014,Fri,1220,HA,4S14C,302B 375B 402B ,,E,D,B ,F ,X,G,C,100,0,0,0,1243534,4917545
Southland District,24/09/2014,Wed,1410,DB,CS1,135A 337A 808 ,V,M,D,BN,F , ,N,C,100,0,0,0,1242084,4915202
Southland District,24/04/2014,Thu,1940,EC,CS1,912,W,R,D,DN,F , , ,C,100,0,0,0,1241192,4909406
Southland District,21/03/2014,Fri,420,CC,CS1,410A ,FP,R,D,DN,F , ,N,C,100,0,0,0,1240411,4905891
Southland District,17/12/2014,Wed,2037,DA,CS1,131A ,V,E,D,TN,F , ,N,C,100,0,0,0,1238612,4894435
Southland District,02/05/2014,Fri,2345,DC,CW2,103A 335A ,FV,R,D,DN,F ,T,G,C,100,0,0,0,1238813,4890139
Southland District,30/04/2014,Wed,2300,DA,CS1,130A 412A ,FV,E,D,DN,FF, , ,C,80,0,0,1,1238618,4889150
Southland District,02/04/2014,Wed,2330,DC,CW2,103A 130A 321A ,F,R,D,DN,F ,T,S,C,100,0,0,0,1239257,4886320
Southland District,23/11/2014,Sun,444,EC,VN1,912,W,R,D,DN,F ,T,N,C,80,0,0,0,1239259,4886310
Southland District,27/05/2014,Tue,2120,EC,CN1,820,D,R,D,DN,F , ,N,C,100,0,0,0,1238854,4880886
Southland District,25/10/2014,Sat,1730,MO,CN1C,385A ,M,R,D,ON,F , ,N,R,50,0,0,0,1238999,4879398
Southland District,27/03/2014,Thu,1500,NB,4S1E,102A 306A 355A ,,R,D,BF,F , ,N,X,50,0,0,1,1239085,4879231
Southland District,09/06/2014,Mon,1730,GD,CN1C,197A 331A 350A ,,R,D,DO,F ,T,G,C,50,0,0,1,1239227,4878924
Southland District,29/12/2014,Mon,1215,LB,CS1V,303B 375B ,,R,D,BF,F ,T,G,C,50,0,0,0,1239227,4878924
Southland District,11/08/2014,Mon,1335,MO,CS1,371A 423A 926 ,HP,R,D,O ,F ,D,N,C,50,0,1,0,1239360,4878365
Southland District,08/12/2014,Mon,1959,DA,CS2,103A 111A 131A ,J,M,D,O ,F ,T,G,C,50,0,0,1,1239362,4878195
Southland District,09/07/2014,Wed,1124,CB,VN1,130A 402A 407A ,F,R,W,B ,FS, , ,C,100,0,0,0,1239667,4875216
Southland District,01/06/2014,Sun,1629,JA,CS1C,301B 375B ,,R,D,O ,F ,T,S,C,100,0,0,0,1240758,4870001
Southland District,09/10/2014,Thu,2100,EC,CS1,912,W,R,D,DF,F , ,N,C,100,0,0,0,1240759,4869986
Southland District,01/11/2014,Sat,2100,FA,CN1C,112A 181A ,,R,D,DN,F , ,N,C,100,0,0,0,1240997,4866070
Southland District,22/09/2014,Mon,2115,HA,4E2C,103A 301A 359A ,,R,D,DN,F ,X,S,C,100,0,0,4,1241142,4863781
Southland District,07/01/2014,Tue,1345,CB,CS1,129A 130A 901 ,,R,W,O ,H , , ,C,100,0,0,1,1241820,4860035
Southland District,16/11/2014,Sun,2249,DA,CN1,131A 350A ,PX,E,D,DN,F , ,N,C,100,0,0,0,1268575,4909873
Southland District,24/04/2014,Thu,1000,CC,ME1,135A 804 817 ,,R,D,BN,F , ,N,N,100,0,0,1,1249507,4919429
Southland District,23/12/2014,Tue,1600,GE,MW1T,160A 333A 410A ,,E,D,B ,F ,X,G,C,100,0,0,1,1241517,4927193
Southland District,21/11/2014,Fri,410,CC,CW1,410A ,FV,R,D,DN,F , ,N,C,100,0,1,0,1230347,4931108
Southland District,03/06/2014,Tue,720,JA,CE1C,301B ,,R,D,DO,F ,T,S,C,50,0,0,0,1229334,4931531
Southland District,18/04/2014,Fri,1100,KB,400000000000000,302B 375B ,,R,D,BF,F ,X,G,C,50,0,0,0,1228972,4931709
Southland District,05/08/2014,Tue,,CB,CE1,130A ,F,R,D,BN,F , ,N,C,100,0,0,0,1227374,4932678
Southland District,26/05/2014,Mon,841,CA,CW1,110A 130A 802 ,P,R,I,O ,SF, , ,C,100,0,0,0,1227187,4932506
Southland District,18/10/2014,Sat,1800,DA,CE1,129A 352A ,T,E,W,O ,F , ,N,C,100,0,0,0,1224156,4934852
Southland District,21/07/2014,Mon,1000,DA,VN1,136A 802 ,,E,I,ON,S , ,N,C,100,0,0,0,1220638,4938427
Southland District,22/09/2014,Mon,830,DA,CN1,110A 135A 802 ,,E,I,O ,S , ,N,L,100,0,0,1,1220092,4939228
Southland District,10/04/2014,Thu,620,EC,CS1,912,W,E,D,DN,M , ,N,C,100,0,0,0,1219553,4940432
Southland District,20/03/2014,Thu,1915,DB,CW1,111A 131A ,E,E,D,TN,F , ,N,C,100,0,0,1,1219131,4940856
Southland District,21/07/2014,Mon,2330,CC,VW1,110A 402A 802 905 ,V,R,I,DN,SF, ,N,C,100,0,0,1,1214815,4942294
Southland District,25/11/2014,Tue,2330,EC,VN1,135A 823 903 ,L,R,W,DN,HS, ,N,C,100,0,0,0,1213168,4942800
Southland District,26/04/2014,Sat,1730,FA,BE1C,181A 191B 404B ,,R,D,O ,F , , ,C,100,0,0,2,1211116,4942962
Southland District,26/04/2014,Sat,1450,DA,VE1,129A 137A ,V,E,D,BN,F , ,N,C,100,0,0,0,1209445,4944036
Southland District,29/01/2014,Wed,1630,DA,CE1,129A 135A ,CS,E,D,O ,FS, ,N,C,100,0,0,0,1207116,4944847
Southland District,02/07/2014,Wed,630,FA,4E14E,110A 181A 330A ,,R,I,DN,SF, ,N,C,100,0,0,1,1206858,4944843
Southland District,16/03/2014,Sun,1949,CB,VW1,110A 402A ,FT,R,W,TN,L , ,N,C,100,0,0,4,1194330,4945712
Southland District,17/07/2014,Thu,1009,DB,CS1,135A 802 804 904 ,B,M,I,O ,MF, , ,C,100,0,0,1,1192505,4946624
Southland District,30/09/2014,Tue,1700,BC,CS1C,121A ,,E,D,BN,F , ,N,C,100,0,0,0,1192457,4946662
Southland District,02/07/2014,Wed,953,DB,4W1,135A 803 ,E,E,I,ON,S , ,N,C,100,0,0,0,1188946,4956300
Southland District,05/11/2014,Wed,1337,JA,VN1C,191A 303B 353B ,,R,D,B ,F ,T,G,P,50,0,0,0,1186874,4957188
Southland District,10/06/2014,Tue,2100,EC,CN1,912,W,R,D,DN,F , , ,C,100,0,0,0,1189130,4958941
Southland District,22/03/2014,Sat,1610,DA,CN1,131A 330A ,C,M,D,BF,F , ,N,L,100,0,0,0,1189832,4960448
Southland District,02/01/2014,Thu,1030,CB,CN1,137A 181A ,T,R,W,ON,H , ,N,C,100,0,0,0,1189758,4961613
Southland District,30/10/2014,Thu,1500,DA,CN1,111A 131A ,,M,D,OF,L , ,N,C,100,0,0,0,1189412,4962789
Southland District,14/12/2014,Sun,1132,QB,MN1,137A 191A ,,E,D,B ,F , , ,L,100,0,0,1,1189504,4963576
Southland District,29/01/2014,Wed,1000,DA,CN1,129A 404A ,T,M,D,O ,F , ,N,C,100,0,0,0,1190408,4966125
Southland District,23/02/2014,Sun,1650,EA,CS1V,129A 130A 404A ,Q,R,D,O ,F , , ,C,100,0,1,3,1190845,4968972
Southland District,22/11/2014,Sat,1152,EB,CN1C,331A 341B 821 ,QX,M,W,O ,H , , ,C,100,0,2,1,1191690,4971053
Southland District,15/10/2014,Wed,1130,DA,CN1,129A 134A 330A ,C,M,D,ON,F , ,N,C,100,0,0,0,1191836,4974623
Southland District,15/07/2014,Tue,945,DA,CN1,131A ,,E,I,OF,F , ,N,C,100,0,0,0,1196299,4982317
Southland District,04/01/2014,Sat,830,DA,CS1,134A ,F,E,D,O ,F , ,N,C,100,0,0,0,1197325,4983484
Southland District,15/12/2014,Mon,2000,DA,CS1,111A 131A 411A ,C,E,D,B ,F , , ,C,100,0,0,1,1198803,4986394
Southland District,17/07/2014,Thu,1630,CC,CS1,130A 358A 402A ,FT,R,D,B ,F , , ,L,100,0,0,0,1198773,4986515
Southland District,05/01/2014,Sun,1500,DB,CN1,110A 404A ,CF,S,W,O ,F , ,N,C,100,0,0,0,1201987,4989391
Southland District,23/04/2014,Wed,1730,CA,CS1,130A ,,R,W,O ,L , , ,C,100,0,0,0,1207042,5001697
Southland District,02/06/2014,Mon,1118,DB,VN1,135A 802 ,,M,I,BN,F , ,N,C,100,0,0,3,1207032,5008039
Southland District,28/09/2014,Sun,1000,DA,CN1,129A 134A 404A ,CP,S,D,B ,F , ,N,C,100,0,0,0,1207077,5009571
Southland District,23/02/2014,Sun,1320,DA,CS1,111A 131A ,TX,M,W,ON,L , ,N,C,100,0,0,0,1209054,5015149
Southland District,12/04/2014,Sat,1040,DB,VN1,111A 129A 131A ,ET,M,W,O ,F , , ,C,100,0,1,1,1209464,5015412
Southland District,15/07/2014,Tue,1418,DA,CN1,111A 131A ,T,E,D,O ,F , ,N,C,100,0,0,1,1209792,5015546
Southland District,16/07/2014,Wed,1515,CB,VS1,129A ,TV,R,W,ON,F , ,N,C,100,0,0,0,1212240,5017820
Southland District,02/12/2014,Tue,1545,MC,BS1C,372B 404B ,,R,D,B ,F , ,N,C,100,0,0,0,1212725,5019312
Southland District,06/09/2014,Sat,1245,DB,CE1,104A 111A 134A ,,M,D,B ,F , ,N,C,100,0,2,1,1213745,5023531
Southland District,28/08/2014,Thu,805,DA,4S1,135A 802 ,X,E,I,TN,FF, , ,C,100,0,0,0,1213751,5023550
Southland District,01/05/2014,Thu,1900,DC,CW1,332A 404A ,,M,D,DN,F , , ,C,100,0,0,0,1212840,5026484
Southland District,21/06/2014,Sat,1845,DB,CS1,111A 131A 404A ,V,M,D,DN,F , , ,C,100,0,0,1,1212350,5026112
Southland District,21/09/2014,Sun,1630,EC,4W1,330A ,G,R,W,O ,L , , ,C,100,0,0,0,1211946,5026026
Southland District,12/02/2014,Wed,1245,BB,4W14,110A 123A 818 ,G,E,D,O ,F , ,N,C,100,0,0,0,1211456,5025589
Southland District,15/02/2014,Sat,1400,BF,CW1C,121A 404A 818 831 ,,M,W,ON,L , ,N,N,100,0,0,0,1211268,5025623
Southland District,24/06/2014,Tue,1100,DB,CW1,131A 901 ,C,E,W,ON,H , ,N,C,100,0,0,0,1211262,5025624
Southland District,18/05/2014,Sun,1430,DB,CE1,132A 404A ,V,E,W,O ,F , , ,C,100,0,0,1,1208423,5025805
Southland District,14/07/2014,Mon,1700,DB,CE1,131A 403A 404A 804 ,CT,M,D,O ,F , , ,C,100,0,0,0,1207848,5025941
Southland District,21/07/2014,Mon,1215,DA,CW1,131A ,E,M,W,OO,F , ,N,N,50,0,0,0,1202320,5031012
Southland District,10/04/2014,Thu,1700,DA,BW1,131A 350A ,,S,D,O ,F , ,N,C,100,0,0,0,1202021,5031160
Southland District,06/02/2014,Thu,930,BB,BW1C,123A ,,M,D,B ,F , , ,C,100,0,0,0,1201932,5031026
Southland District,10/02/2014,Mon,1330,FA,CE1S,129A 386A 404A 817 ,,E,D,B ,F , , ,C,100,0,0,1,1201384,5031645
Southland District,13/06/2014,Fri,900,DA,4W1,131A 350A ,T,M,W,ON,F , ,N,L,100,0,0,1,1201203,5037128
Southland District,30/01/2014,Thu,915,DA,CN1,129A 134A 801 ,T,E,W,O ,L , , ,C,100,0,0,0,1201574,5037673
Southland District,04/02/2014,Tue,1130,BC,CS1C,121A 354A 404A ,,M,D,O ,F , , ,L,100,0,0,0,1197694,5040930
Southland District,13/07/2014,Sun,2220,DA,CW1,131A ,,S,W,DO,F ,T,S,C,100,0,0,0,1179544,4940198
Southland District,17/03/2014,Mon,1820,DB,CE1,410A ,,E,W,TN,L , ,N,C,100,0,0,2,1266910,4876162
Southland District,08/08/2014,Fri,730,DB,CS1,135A 803 ,F,M,I,TN,S , ,N,C,100,0,0,0,1252796,4872433
Southland District,11/07/2014,Fri,2200,DA,VN1,103A 129A 134A 410A ,FT,E,D,DN,F , , ,C,100,0,1,0,1250263,4876009
Southland District,14/02/2014,Fri,15,DA,CW1,111A 131A ,V,E,W,DN,L , ,N,C,100,0,0,0,1250249,4876023
Southland District,18/10/2014,Sat,2020,BA,4W1C,103A 129A ,,R,D,TN,F , ,N,C,100,0,2,1,1247072,4879124
Southland District,21/12/2014,Sun,2230,DA,4S1,103A 111A ,V,M,D,DO,F , ,N,C,100,0,0,1,1242775,4880398
Southland District,17/08/2014,Sun,2148,DA,CE1,101A 131A ,C,M,D,DN,F , ,N,C,100,0,0,0,1242283,4880222
Southland District,25/01/2014,Sat,1656,LB,CW14,303B 375B 404B ,,R,D,B ,F ,X,S,C,100,0,0,0,1237431,4881332
Southland District,07/02/2014,Fri,626,DA,VN1,102A 131A ,,E,D,TN,F , ,N,C,100,0,0,1,1229028,4885559
Southland District,23/09/2014,Tue,450,CC,CS1,195A 410A ,,R,D,DN,F , , ,C,100,0,0,0,1226856,4888978
Southland District,25/07/2014,Fri,1350,HA,CW14,301B 375B ,,R,W,OF,L ,X,S,C,100,0,0,1,1222895,4890157
Southland District,11/09/2014,Thu,,DB,40,101A 410A ,,M,D,DN,F , , ,C,100,0,0,1,1220995,4894257
Southland District,03/06/2014,Tue,1730,DB,CN1,130A 363A 902 ,V,E,D,B ,F , , ,C,100,0,0,0,1219404,4895091
Southland District,19/03/2014,Wed,1850,DB,CN1,102A 111A 131A 817 ,FX,E,D,TN,F , ,N,N,100,0,0,2,1217906,4895868
Southland District,24/03/2014,Mon,2047,DA,CN1,134A 402A ,T,E,D,DN,F , , ,C,100,0,1,0,1213229,4897961
Southland District,19/08/2014,Tue,1225,DA,CW1,129A 131A ,V,M,D,BN,F , ,N,C,100,0,0,0,1244164,4938348
Southland District,29/01/2014,Wed,110,DA,CS1,411A ,C,E,D,DN,F , ,N,C,100,0,0,1,1237008,4935689
Southland District,09/10/2014,Thu,1340,KB,TW14,301B ,,R,D,B ,F ,T,S,C,100,0,0,0,1243912,4856938
Southland District,11/12/2014,Thu,1310,CA,CS14C,410A ,Q,R,D,B ,F , , ,L,100,0,2,1,1239843,4857583
Southland District,04/10/2014,Sat,530,GE,CE1C,160A 901 ,,R,W,DO,H ,X,S,C,70,0,0,0,1237513,4858524
Southland District,20/03/2014,Thu,913,MA,TW1C,129B 373B ,,R,D,B ,F ,X,G,C,70,0,0,0,1237503,4858526
Southland District,16/02/2014,Sun,500,DA,CW1,103A 131A ,,M,D,DN,F , ,N,C,100,0,0,0,1236987,4858878
Southland District,21/09/2014,Sun,925,DA,CE1,131A ,FS,M,W,ON,F , ,N,C,100,0,0,1,1236987,4858878
Southland District,17/04/2014,Thu,920,LB,CE1CVC,303B 375B 402B 927 ,BMQ,R,D,B ,F ,D, ,C,100,0,1,2,1236195,4858873
Southland District,19/04/2014,Sat,1126,AD,CW1,130A 407A 632A 801 ,V,E,W,O ,L ,T,G,C,100,0,0,1,1235103,4859061
Southland District,16/10/2014,Thu,2213,EC,40,912,W,R,D,DO,F , ,N,C,100,0,0,0,1234151,4859584
Southland District,01/10/2014,Wed,845,CB,CW1,130A 330A ,FV,R,D,B ,F , , ,L,100,0,0,0,1232866,4860282
Southland District,31/12/2014,Wed,1030,DA,CE1,130A 504A ,FV,E,W,O ,L , ,N,C,100,0,0,0,1231080,4861261
Southland District,14/07/2014,Mon,1906,DC,VN1,130A 501A ,C,R,D,DN,F ,T,G,C,100,0,1,0,1230842,4861339
Southland District,17/01/2014,Fri,1515,GE,TW1C,181A 331A ,,R,D,O ,F ,T,S,C,100,0,0,0,1228737,4861463
Southland District,16/09/2014,Tue,1420,CB,VW1,129A 130A ,P,R,D,O ,F , , ,C,100,0,0,0,1224631,4861560
Southland District,29/06/2014,Sun,1400,CB,CE1,129A 134A ,T,R,D,O ,F , ,N,C,100,0,0,1,1223166,4861160
Southland District,08/08/2014,Fri,853,MC,CE14,372B ,,R,W,O ,FS, , ,C,100,0,0,0,1218980,4858673
Southland District,13/03/2014,Thu,1654,BE,CS14V,103A 129A ,,R,D,BN,F , ,N,C,50,0,1,1,1216279,4854586
Southland District,08/11/2014,Sat,1450,CB,CE1,129A ,B,R,D,BF,F , ,N,L,50,0,0,0,1216126,4854457
Southland District,06/07/2014,Sun,100,CB,VE1,101A 112A 517A ,F,R,W,DN,L , ,N,C,100,0,0,0,1213093,4855077
Southland District,23/10/2014,Thu,2300,CC,VE1,130A 412A 801 903 ,,R,W,DN,LS, , ,C,100,0,0,0,1204246,4854443
Southland District,12/04/2014,Sat,2225,EC,CS1,912,W,R,D,DN,F , , ,C,100,0,0,2,1201889,4855752
Southland District,13/08/2014,Wed,1430,CB,VS1,135A 802 ,,R,I,O ,SS, , ,C,100,0,0,0,1194989,4858831
Southland District,14/10/2014,Tue,2050,EC,CN1,912,W,M,W,DN,F ,T,N,C,100,0,0,0,1194736,4860614
Southland District,22/11/2014,Sat,1230,NA,CW1E,713B ,,R,W,OF,L , ,N,C,50,0,1,0,1189532,4877706
Stratford District,01/08/2014,Fri,1620,CA,PN1,130A 350A ,,R,W,O ,F , ,N,N,100,0,1,0,1710224,5643581
Stratford District,03/03/2014,Mon,840,HA,CW1V,302B ,,R,W,O ,L ,X,G,C,50,0,0,1,1710881,5644608
Stratford District,04/02/2014,Tue,2020,EA,CW1C4C,129A 331A 350A ,M,R,D,TF,F , ,N,C,50,0,0,0,1711561,5644814