TLANAME,CRASHDATE,CRASHDOW,CRASHTIME,MVMT,VEHICLES,CAUSES,OBJECTSSTRUCK,ROADCURVE,ROADWET,LIGHT,WTHRa,JUNCTYPE,TRAFCTRL,ROADMARK,SPDLIM,CRASHFATALCNT,CRASHSEVCNT,CRASHMINCNT,EASTING,NORTHING
Tasman District,01/02/2014,Sat,1255,BA,CE14,129A 404A ,,R,D,BN,F , ,N,C,100,0,0,4,1577003,5484825
Tasman District,24/11/2014,Mon,1400,CA,CS1,129A 130A 404A ,C,R,D,B ,F , , ,C,100,0,0,2,1575169,5487533
Tasman District,04/04/2014,Fri,2000,EA,CN1C,129A ,M,E,D,DO,F , , ,C,100,0,0,0,1575065,5487761
Tasman District,23/02/2014,Sun,1100,FA,MW1M,181A 330A ,V,R,D,B ,F , ,N,C,100,0,1,1,1591046,5373995
Tasman District,16/02/2014,Sun,1344,DB,MN1,131A ,,S,D,B ,F , , ,C,100,0,1,1,1581017,5375208
Tasman District,11/10/2014,Sat,1921,BF,VN1T,129A 131A ,,M,D,B ,F , , ,C,100,0,1,0,1537471,5367636
Tasman District,14/12/2014,Sun,1340,DB,VN1,195A ,F,E,D,BN,F , ,N,C,100,0,0,0,1537474,5363160
Tasman District,19/12/2014,Fri,1430,CA,4N1,130A 410A ,,R,D,B ,F , , ,C,100,0,1,0,1537074,5360413
Tasman District,31/10/2014,Fri,400,DB,CS1,110A 129A ,FV,E,W,DN,H , ,N,C,100,0,0,0,1536495,5359756
Tasman District,12/08/2014,Tue,2345,CA,TN1,129A ,,R,W,DN,L , , ,C,100,0,0,0,1534077,5352997
Tasman District,11/05/2014,Sun,1530,FD,VN1C,112A 181A 331A ,,R,D,ON,F , , ,C,100,0,0,0,1534080,5352625
Tasman District,08/09/2014,Mon,345,EC,CS1,191A 195A 912 ,W,R,D,DN,F , , ,C,100,0,0,0,1538540,5344463
Tasman District,01/01/2014,Wed,1430,DB,CS1,104A 330A 410A ,C,M,W,O ,L , ,N,C,100,0,1,4,1537026,5341187
Taupo District,26/07/2014,Sat,2150,DA,MS1,104A 111A 131A 402A ,,E,D,DO,F ,X,G,C,50,0,0,1,1869069,5714114
Taupo District,02/03/2014,Sun,1400,LB,CS14,303B 353B ,,R,D,B ,F ,T,G,P,50,0,0,3,1863795,5712206
Taupo District,29/12/2014,Mon,2211,DA,CE1,102A 111A 131A 801 ,T,S,W,DN,L , , ,C,50,0,0,1,1863172,5711145
Taupo District,03/10/2014,Fri,511,DA,4N1,195A 350A ,C,E,D,DN,F , ,N,C,100,0,0,0,1872721,5718524
Taupo District,18/02/2014,Tue,852,HA,CS1V,302B 375B ,,R,D,O ,F ,X,G,C,50,0,0,0,1869302,5710895
Taupo District,03/04/2014,Thu,1318,MO,VN1,371A 929 ,P,R,D,BF,F ,D,N,C,50,0,0,0,1870219,5711945
Taupo District,27/09/2014,Sat,1430,CB,CW1,130A 358A ,F,R,D,O ,F , , ,C,100,0,0,0,1872493,5714399
Taupo District,20/01/2014,Mon,1325,BF,CW1V,131A 800 801 ,,E,W,OO,L , , ,C,70,0,0,0,1870388,5713732
Taupo District,04/04/2014,Fri,817,MD,TE1T,129A 902 929 ,,R,D,B ,F ,D,N,L,70,0,0,0,1870447,5713743
Taupo District,03/03/2014,Mon,1530,LB,4W1V,303B 353B ,,E,D,OF,F ,T,G,C,50,0,0,0,1870353,5713712
Taupo District,09/12/2014,Tue,1120,HA,CS1T,301B 375B ,,R,D,O ,F ,X,S,L,100,0,0,0,1874168,5715994
Taupo District,13/09/2014,Sat,1100,DA,CS1,101A 131A 404A ,T,M,W,O ,L , ,N,C,100,0,0,1,1889132,5725980
Taupo District,01/05/2014,Thu,1543,DA,CS1,129A 137A ,T,E,D,BN,F , ,N,C,100,0,0,1,1889095,5725855
Taupo District,24/05/2014,Sat,200,DA,CS1,137A ,CT,E,W,DN,L , ,N,C,100,0,1,1,1887775,5724116
Taupo District,27/09/2014,Sat,446,EC,CE1,912,W,R,D,DN,F , , ,C,100,0,0,0,1874912,5716574
Taupo District,10/06/2014,Tue,1100,BB,CW1C,123A ,F,M,W,ON,L , ,N,C,100,0,0,0,1869648,5714669
Taupo District,11/03/2014,Tue,1724,KB,TE1T,302B ,,R,D,B ,F ,T,G,C,100,0,0,1,1870212,5715469
Taupo District,01/08/2014,Fri,1150,DA,CE1,103A 111A 131A 813 817 ,,M,D,BN,F , ,N,C,100,0,0,0,1871743,5715752
Taupo District,11/11/2014,Tue,1721,DA,CS2,433A ,F,R,W,OF,L ,T,G,C,100,0,0,0,1871252,5715699
Taupo District,03/11/2014,Mon,851,DB,CW1,110A 131A ,F,M,W,O ,F , ,N,L,100,0,0,0,1869770,5714746
Taupo District,05/04/2014,Sat,1331,NB,CE1E,713B ,,R,D,B ,F ,T,G,C,50,0,0,1,1869844,5715286
Taupo District,19/04/2014,Sat,2208,DB,PW2V,103A 131A ,M,M,W,DO,L ,T,G,N,50,0,0,1,1868351,5713589
Taupo District,28/07/2014,Mon,1240,DB,CN1,131A 615A ,,M,D,B ,F , , ,L,100,0,0,0,1871139,5714539
Taupo District,13/03/2014,Thu,2050,QG,CN1,130A 687A ,,R,D,DO,F , , ,L,100,0,0,0,1871032,5714032
Taupo District,09/04/2014,Wed,340,GF,CS1C,131A 131B 801 ,ISI,E,W,DO,L ,R,G,R,100,0,0,0,1870619,5711432
Taupo District,27/01/2014,Mon,135,FB,CS1C,181A ,,R,W,DO,L ,R,G,C,100,0,0,0,1870619,5711437
Taupo District,27/06/2014,Fri,2250,DA,CE1C,111A 131A ,M,E,W,DO,F , , ,N,50,0,0,0,1869903,5713672
Taupo District,09/05/2014,Fri,745,EA,CE14,104A 363A 902 ,M,R,W,BF,F , ,N, ,50,0,0,1,1869503,5713712
Taupo District,25/04/2014,Fri,1145,QD,CS1,428A ,P,R,D,OF,F ,T,N,N,50,0,0,0,1867709,5712981
Taupo District,20/10/2014,Mon,1235,DA,CN1,129A 134A 804 ,C,M,D,B ,F , ,N,N,100,0,0,0,1863368,5727143
Taupo District,14/06/2014,Sat,850,DA,CN1,135A 802 ,V,S,I,B ,FF, , ,C,100,0,0,1,1863248,5727413
Taupo District,28/02/2014,Fri,955,MB,SS1V,534A 372B ,,R,D,B ,F ,T,N,C,50,0,1,0,1867152,5713597
Taupo District,13/05/2014,Tue,1245,JA,CW1C,375B ,,R,D,O ,F ,T,G,C,50,0,0,0,1868568,5712747
Taupo District,17/04/2014,Thu,556,CB,CE1,112A ,T,R,W,DO,L , ,N,C,50,0,0,0,1868726,5713194
Taupo District,24/01/2014,Fri,1318,MO,CW1CC,353A 423A ,MM,R,D,BF,F , ,N,C,50,0,0,1,1867545,5713244
Taupo District,17/04/2014,Thu,1520,HA,CS2C,301A 375A ,,R,W,O ,F ,X,S,P,50,0,0,1,1867641,5713215
Taupo District,28/04/2014,Mon,1025,KB,CW1C,301B 375B ,,R,D,BF,F ,X,S,C,50,0,0,0,1867641,5713215
Taupo District,05/03/2014,Wed,1527,FA,CE1V,331A 351A ,,R,D,O ,F , ,N,C,50,0,0,1,1867159,5713363
Taupo District,19/03/2014,Wed,1445,LB,CW1P,302A 375A ,,M,D,B ,F ,R,G,R,50,0,0,1,1867206,5713348
Taupo District,09/01/2014,Thu,1118,HA,CE1C,301B 375B ,,R,D,O ,F ,X,S,C,50,0,1,0,1867417,5713282
Taupo District,20/01/2014,Mon,1415,JA,CW1CB,301B ,,R,D,B ,F ,X,S,C,50,0,0,0,1867417,5713282
Taupo District,28/02/2014,Fri,1545,HA,CW1C,301B 358B ,,R,D,BF,F ,X,S,C,50,0,0,0,1867417,5713282
Taupo District,30/10/2014,Thu,1630,BB,CN1T,123A 129A ,T,M,W,O ,L , ,N,C,80,0,0,3,1867960,5716111
Taupo District,12/11/2014,Wed,1440,CC,CN1,133A 420A 433A 801 ,C,R,W,O ,L ,T,S,N,50,0,0,0,1869487,5710407
Taupo District,14/06/2014,Sat,1545,HA,4E2X,301B ,,R,D,B ,F ,X,S,R,50,0,0,0,1867641,5713215
Taupo District,27/10/2014,Mon,0,HA,CE1C,101A 112A 301A ,J,R,D,DO,F ,X,S,C,50,0,0,4,1867707,5713427
Taupo District,12/02/2014,Wed,1840,HA,CN14,301A 375A ,,R,D,BF,F ,X,S,C,50,0,0,0,1867707,5713427
Taupo District,17/11/2014,Mon,1512,KC,CW14,303B 375B ,,R,W,O ,L ,X,G,C,50,0,0,0,1870050,5720924
Taupo District,27/10/2014,Mon,810,DA,CS1,131A 351A ,P,E,W,DO,L , ,N,C,50,0,0,0,1868987,5711756
Taupo District,11/04/2014,Fri,1525,DA,CW2,111A 131A 402A ,F,R,W,OF,L ,T,G,C,50,0,0,0,1869026,5711675
Taupo District,05/01/2014,Sun,2100,CB,CW1V,197A 129B ,K,R,D,TN,F , , ,C,100,0,0,0,1861187,5712118
Taupo District,02/10/2014,Thu,40,DA,CE1,103A 131A ,T,M,D,DO,F , , ,C,50,0,0,2,1842544,5681246
Taupo District,02/11/2014,Sun,2220,DA,CN1,103A 131A ,F,M,D,DN,F , ,N,C,100,0,0,1,1841449,5746259
Taupo District,14/02/2014,Fri,1500,DA,MW2,135A 806 ,,M,D,OF,F ,T,G,C,50,0,0,1,1869857,5712845
Taupo District,03/02/2014,Mon,1008,DA,VS1,104A 129A 134A 358A 407A ,T,E,D,B ,F , , ,C,100,0,0,0,1864615,5726930
Taupo District,09/04/2014,Wed,820,DA,CN1,131A 800 801 ,FX,M,W,O ,L , , ,C,100,0,0,0,1865180,5728041
Taupo District,14/03/2014,Fri,1520,PC,4E1E,308A 371A 929 ,,R,D,B ,F ,D,N,C,100,0,1,1,1868409,5712298
Taupo District,28/09/2014,Sun,1945,BC,CE14,101A 129A ,,M,D,DN,F , ,N,L,100,0,2,0,1862832,5720905
Taupo District,21/02/2014,Fri,2149,BC,CS14,121A 129A 130A 197B ,,M,D,DN,F , , ,C,100,0,0,2,1866412,5716692
Taupo District,25/06/2014,Wed,1630,MC,4N1C,372B 378B 801 831 ,,E,W,DN,L , , ,C,100,0,0,1,1866499,5716979
Taupo District,11/01/2014,Sat,1530,BA,4S1T,130A 358A 404A ,T,R,D,B ,F , , ,L,100,0,1,1,1847152,5732598
Taupo District,19/03/2014,Wed,1212,DA,CN1,131A 410A ,EX,M,D,BN,F , ,N,C,100,0,0,0,1855513,5727670
Taupo District,11/04/2014,Fri,1215,DA,CN1,131A 135A 806 ,PT,M,W,O ,F , ,N,C,100,0,0,1,1866495,5717016
Taupo District,20/01/2014,Mon,1650,BF,CN14,131A ,,E,W,ON,L , ,N,C,100,0,0,2,1866388,5716432
Taupo District,02/08/2014,Sat,2200,DB,CS1,103A 111A 131A ,T,M,W,DN,L , ,N,C,100,0,0,2,1866381,5716450
Taupo District,06/09/2014,Sat,1620,DA,CN1,111A 131A 901 ,C,E,W,O ,H , , ,C,100,0,0,1,1866438,5717196
Taupo District,19/02/2014,Wed,1435,CC,CE1,410A ,T,R,D,OF,F , ,N,L,50,0,1,0,1842614,5680939
Taupo District,13/10/2014,Mon,1400,MD,CW14,308B 371B 671B 929 ,,R,D,O ,F ,D,N,N,50,0,0,0,1868158,5713919
Taupo District,30/12/2014,Tue,1850,MA,CN1C,373B 377B ,,R,D,OF,F , ,N,C,50,0,0,0,1866723,5713568
Taupo District,19/08/2014,Tue,1740,JA,CW1C,145A 301B 387B ,,R,W,TO,L ,T,S,C,50,0,0,0,1869491,5713854
Taupo District,01/04/2014,Tue,845,MO,CN1C,330A 386A ,,R,D,O ,F , ,N,C,50,0,0,0,1868526,5713336
Taupo District,02/04/2014,Wed,1825,DA,TN1,350A 386A 927 ,P,M,D,B ,F ,D,N,C,50,0,0,0,1867789,5712906
Taupo District,31/08/2014,Sun,1610,DA,TW1,129A 386A ,X,E,D,B ,F ,R,G,R,50,0,0,0,1869250,5713718
Taupo District,03/04/2014,Thu,1105,HA,CN1S,302A 375A ,,R,D,B ,F ,R,G,C,50,0,0,1,1868326,5713219
Taupo District,26/10/2014,Sun,1940,DA,4N1C,103A 111A ,M,M,D,B ,F , ,N,C,50,0,0,2,1886092,5722974
Taupo District,17/04/2014,Thu,1350,HA,CS2C,301B 321B 402B ,,R,W,O ,F ,X,S,C,50,0,0,0,1867353,5713071
Taupo District,12/10/2014,Sun,830,HA,CS24,301B 902 ,,R,D,O ,F ,X,S,C,50,0,0,0,1867353,5713071
Taupo District,12/02/2014,Wed,1150,BA,TS1V,386A ,,R,D,O ,F ,T,N,C,50,0,0,0,1867082,5713157
Taupo District,21/08/2014,Thu,1028,HA,4S1C,202B 357B 370B ,,E,D,B ,F ,X,G,R,50,0,0,0,1867230,5713457
Taupo District,16/04/2014,Wed,1740,JO,VS1M,110A 308A 132B 926 ,,R,D,O ,F ,D,N,C,50,0,0,1,1867293,5713658
Taupo District,16/07/2014,Wed,1015,HA,CN14,301B 387B ,,R,D,O ,F ,X,S,C,50,0,0,0,1867311,5713716
Taupo District,19/02/2014,Wed,1505,MF,VN14V,377B 445C 839 ,,R,D,B ,F ,R,G,C,50,0,0,1,1867255,5713539
Taupo District,02/09/2014,Tue,1445,HA,CE2C,302A ,,E,D,B ,F ,R,G,R,50,0,0,0,1867254,5713566
Taupo District,03/12/2014,Wed,1545,HA,CS1C,301B 375B ,,R,D,B ,F ,X,S,C,50,0,0,1,1867165,5713247
Taupo District,22/02/2014,Sat,955,HA,CS2C,302B 375B ,,R,D,O ,F ,X,G,C,50,0,0,0,1867808,5713752
Taupo District,25/11/2014,Tue,1300,MO,ON1C,386A 926 ,,R,D,B ,F ,D,N,N,50,0,0,0,1867088,5713176
Taupo District,29/06/2014,Sun,439,DA,VS1,103A 111A 131A ,P,S,D,DO,FF, , ,C,50,0,0,0,1869642,5710608
Taupo District,16/08/2014,Sat,1920,AO,CE1C,129A 181A ,,R,D,DO,F ,T,G,C,60,0,0,0,1869031,5714466
Taupo District,02/09/2014,Tue,1424,HA,4N2C,301A ,,R,D,O ,F ,X,S,P,50,0,0,0,1867190,5713803
Taupo District,11/01/2014,Sat,1300,MF,CW14,371B ,,R,D,B ,F , , ,C,50,0,0,0,1868318,5714095
Taupo District,06/09/2014,Sat,1515,PD,CN1E,371A 378A 727B 830 929 ,,R,W,O ,F ,D,N,P,50,0,0,1,1868286,5714082
Taupo District,20/05/2014,Tue,850,MA,CE1C,373B ,,R,D,B ,F , ,N,L,50,0,0,0,1867102,5713781
Taupo District,07/08/2014,Thu,1530,BC,CN2V,129A 386A ,,R,D,OF,F ,T,G,P,50,0,0,0,1867602,5713909
Taupo District,04/11/2014,Tue,1905,FA,CW1C,181A 431A 132B 431B ,,R,W,TF,F ,T,N,N,50,0,0,0,1866510,5708356
Taupo District,21/11/2014,Fri,1630,BE,4E1P,125A 330A 370A ,,R,D,B ,F , ,N,C,50,0,0,1,1866882,5713453
Taupo District,02/08/2014,Sat,1400,MF,VS1C,371B 801 ,,R,W,O ,L ,T,G,C,50,0,0,0,1869577,5712990
Taupo District,19/06/2014,Thu,1840,ME,CS1VC,370B ,,R,D,DF,F , , ,C,50,0,0,0,1869566,5713013
Taupo District,09/05/2014,Fri,1738,DA,CS1,111A ,F,M,W,DO,F , ,N,C,50,0,0,0,1869370,5713440
Taupo District,06/06/2014,Fri,1700,GD,CN1C,331A ,,R,D,TO,F ,T,G,L,50,0,0,0,1869503,5713148
Taupo District,17/06/2014,Tue,1425,JA,4N14,301B 377B ,,R,D,O ,F ,T,S,L,50,0,0,0,1869465,5713229
Taupo District,16/04/2014,Wed,2022,HA,CS1M,302A 375A ,,E,W,DO,F ,R,G,C,50,0,0,1,1869245,5713712
Taupo District,12/07/2014,Sat,1807,HA,CN2C,302A 330A 370A 901 ,,M,W,DO,H ,R,G,C,50,0,0,0,1869250,5713726
Taupo District,16/10/2014,Thu,2020,CC,VN1,104A 112A ,,R,D,DN,F , ,N,N,100,0,1,1,1886026,5682825
Taupo District,08/09/2014,Mon,2110,HA,CS2C,302A 375A ,,R,D,DO,F ,R,G,R,50,0,0,0,1868326,5713219
Taupo District,01/04/2014,Tue,1530,MF,CE14,357B 371B ,,R,D,O ,F ,T,N,C,50,0,0,0,1867384,5713525
Taupo District,18/06/2014,Wed,1610,HA,CN2C,301A 375A ,,R,D,O ,F ,X,S,C,50,0,0,0,1867485,5713494
Taupo District,09/09/2014,Tue,1325,AC,CS1C,330A 355A 372A ,,R,D,B ,F , , ,N,50,0,0,0,1867407,5713633
Taupo District,09/06/2014,Mon,1400,MD,CN1C,371B 927 ,,R,D,OF,F ,D,N,C,50,0,0,0,1867474,5713858
Taupo District,09/12/2014,Tue,1020,HA,CW1C,302B 375B 402B 801 ,,R,W,O ,L ,X,G,C,50,0,0,0,1869069,5714114
Taupo District,11/06/2014,Wed,1005,HA,TW2C,302A ,,R,W,O ,L ,X,G,C,50,0,0,0,1869069,5714114
Taupo District,22/11/2014,Sat,1020,BF,ME14,103A 131A ,,M,D,O ,F , , ,L,50,0,0,1,1868679,5714261
Taupo District,21/02/2014,Fri,1933,MD,SE1C,371B 929 ,,R,D,B ,F ,D,N,N,50,0,0,1,1868707,5714250
Taupo District,09/04/2014,Wed,1348,EA,SN14,129A 501A ,M,R,D,O ,F , , ,C,50,0,1,0,1868802,5713146
Taupo District,22/12/2014,Mon,1640,HA,CS1C,302A 375A ,,R,D,B ,F ,X,G,C,50,0,0,0,1868886,5712964
Taupo District,10/09/2014,Wed,1148,CB,CS1,108A 501A ,T,R,D,O ,F ,T,G,C,50,0,0,1,1843086,5680866
Taupo District,08/01/2014,Wed,1645,JA,4E1C,308B 925 ,,R,D,B ,F ,D,N,C,50,0,0,0,1843564,5680997
Taupo District,05/10/2014,Sun,245,CC,CN1,101A 112A 130A 402A ,T,R,D,DN,F , , ,N,100,0,1,0,1885506,5725291
Taupo District,10/12/2014,Wed,350,DA,CS1,111A 131A ,F,S,D,DN,F , ,N,C,100,0,0,1,1884735,5723665
Taupo District,09/11/2014,Sun,2322,DA,CN1,110A 133A 427A ,T,E,D,DN,F , ,N,N,50,0,0,0,1867646,5715380
Taupo District,05/03/2014,Wed,850,HA,VS14,301A 375A 197B ,,R,D,O ,F ,X,S,C,50,0,0,0,1867417,5713282
Taupo District,04/07/2014,Fri,1511,HA,CE2C,321A 335A ,,R,D,O ,F ,X,S,C,50,0,0,4,1867353,5713071
Taupo District,02/02/2014,Sun,1325,HA,CE2C,113A 301A ,,R,D,BF,F ,X,S,N,50,0,0,1,1867353,5713071
Taupo District,19/05/2014,Mon,1903,DA,CE1,111A 131A 514A 929 ,FP,S,D,DO,F ,D,N,C,50,0,0,0,1869229,5710500
Taupo District,05/02/2014,Wed,2220,DB,VW1,111A 131A ,,M,D,DN,F , , ,C,100,0,0,0,1864375,5719072
Taupo District,18/07/2014,Fri,1221,MO,CE1,427A ,HK,R,D,B ,F ,X,S,R,50,0,0,0,1867174,5713244
Taupo District,11/03/2014,Tue,1620,MO,CW14,101A 371A ,M,R,D,B ,F , , ,C,50,0,0,0,1867069,5713276
Taupo District,18/09/2014,Thu,1100,DA,CN1,111A 131A 402A ,E,S,W,O ,L , , ,C,100,0,0,0,1834401,5755321
Taupo District,21/01/2014,Tue,1200,DA,CE1,111A 131A 901 ,,S,W,O ,H , , ,C,100,0,0,0,1839490,5751082
Taupo District,05/04/2014,Sat,2130,EA,CW14,129A 500A ,M,R,D,DO,F , ,N,N,50,0,0,0,1868704,5713310
Taupo District,05/05/2014,Mon,1450,BC,TN14,121A 197B 402B ,C,E,W,ON,  , ,N,C,100,0,0,1,1857740,5720161
Taupo District,08/02/2014,Sat,2200,CC,4W1,130A ,F,R,D,DN,F , , ,C,100,0,0,0,1861587,5721769
Taupo District,04/07/2014,Fri,600,DB,4W1,802,T,E,I,DN,FF, , ,C,100,0,0,0,1860989,5721724
Taupo District,12/10/2014,Sun,1600,MG,CS14,371B 402B ,,R,D,B ,F , , ,C,50,0,0,0,1866643,5708570
Taupo District,05/08/2014,Tue,806,EA,LN1T,129A 341A 642A ,Q,R,D,BN,F , ,N,C,100,0,0,1,1884033,5720987
Taupo District,02/03/2014,Sun,450,DA,VS1,103A 131A ,V,E,D,DN,F , ,N,C,100,0,0,1,1863769,5746055
Taupo District,13/07/2014,Sun,410,CB,CW1,412A 801 ,C,R,W,DN,L , , ,C,100,0,0,1,1864119,5745943
Taupo District,04/09/2014,Thu,440,DB,TW1,131A 359A 407A 904 ,G,E,W,DN,M , , ,C,100,0,0,1,1865486,5745758
Taupo District,14/09/2014,Sun,630,DA,CN1,131A 404A 801 ,S,M,W,DN,L , , ,C,100,0,0,0,1866417,5736028
Taupo District,13/02/2014,Thu,2050,CC,VN1,112A 138A 337A 404A 407A 600A 812 817+,F,R,D,DN,F , , ,N,100,0,0,0,1865953,5733742
Taupo District,10/02/2014,Mon,30,CB,CS1,138A 817 ,EX,R,D,DN,F , ,N,N,100,0,0,0,1865953,5733742
Taupo District,23/02/2014,Sun,1100,GD,CS1C,331A 353A 929 ,,R,D,BN,F ,D,N,C,100,0,0,0,1865645,5729917
Taupo District,04/01/2014,Sat,930,QD,4S1T,665A ,,E,D,B ,F , , ,C,100,0,0,0,1865225,5729358
Taupo District,29/09/2014,Mon,2025,EC,CS1,912,W,R,D,DN,F , , ,C,100,0,0,0,1865567,5726922
Taupo District,14/06/2014,Sat,2120,DA,VS1,131A 363A ,G,E,D,DN,F , , ,C,100,0,0,1,1866587,5725566
Taupo District,13/05/2014,Tue,512,DA,CN1O,330A 341A ,M,M,D,DO,F , ,N,C,100,0,0,0,1866397,5724357
Taupo District,18/09/2014,Thu,1150,DC,CN1,101A 358A 404A ,IS,R,W,O ,L ,R,G,R,100,0,0,0,1869865,5720460
Taupo District,20/01/2014,Mon,,DA,CW1,131A 801 ,,R,W,O ,L ,R,G,R,100,0,0,0,1869872,5720431
Taupo District,08/09/2014,Mon,1505,FF,CN1C,181A ,,R,D,BF,F ,T,G,C,100,0,0,0,1868918,5719329
Taupo District,21/02/2014,Fri,1200,GD,CN1C,181A 352A ,,R,D,B ,F ,T,G,X,100,0,0,0,1868610,5718313
Taupo District,27/11/2014,Thu,1600,FB,CW1C,181A 330A ,,R,D,B ,F ,T,G,C,100,0,0,0,1868610,5718313
Taupo District,03/03/2014,Mon,855,CB,CN1,128A 504A ,,R,D,B ,F , ,N,C,100,0,0,0,1868465,5717363
Taupo District,09/05/2014,Fri,925,LB,VS1C4,303B 382B ,Q,R,D,BF,F ,T,G,R,80,0,0,0,1867127,5715263
Taupo District,20/09/2014,Sat,1700,FB,CN1C,181A 331A ,,M,W,O ,L ,T,G,C,80,0,0,0,1867032,5715010
Taupo District,14/01/2014,Tue,1418,LB,4S14,303B 387B ,,R,D,B ,F ,T,G,R,80,0,0,1,1867032,5715010
Taupo District,09/02/2014,Sun,1649,FB,CN1C,181A ,,R,D,BF,F ,R,G,R,50,0,0,0,1867083,5713776
Taupo District,26/10/2014,Sun,1637,DB,CS1,111A 402A 410A ,,M,D,B ,F ,R,G,R,50,0,0,1,1867083,5713776
Taupo District,23/04/2014,Wed,1259,FA,VS1C,181A ,,R,D,B ,F ,T,N,C,50,0,0,0,1867009,5713526
Taupo District,21/02/2014,Fri,1532,LB,VN1C,303B 375B ,,R,D,B ,F ,X,T,R,50,0,0,0,1866976,5713420
Taupo District,04/10/2014,Sat,1215,MF,CS1C,359B 371B ,,R,D,B ,F , , ,C,50,0,0,0,1866980,5713434
Taupo District,21/01/2014,Tue,1735,FE,CS1C,181A 331A ,,R,D,O ,F ,X,T,C,50,0,0,0,1866976,5713420
Taupo District,17/07/2014,Thu,1940,FB,CS1T,102A 181A 331A 402A ,,E,D,DO,F ,T,G,C,50,0,0,0,1867111,5713076
Taupo District,24/12/2014,Wed,1019,CC,ME1,137A 194A ,,R,D,B ,F ,T,G,C,50,0,0,1,1867111,5713076
Taupo District,27/04/2014,Sun,310,DB,CE1,101A 111A 131A ,S,R,D,DO,F ,T,G,C,50,0,0,0,1867111,5713076
Taupo District,16/02/2014,Sun,2232,CC,CS1,130A 504A ,I,R,D,DO,F , , ,R,50,0,0,0,1867192,5713019
Taupo District,18/03/2014,Tue,1615,FB,CS14,112A 181A ,,R,D,B ,F ,T,G,C,50,0,0,0,1867309,5712936
Taupo District,20/05/2014,Tue,1830,LB,SE1C,204A 330A 600A ,,R,D,DO,F ,T,G,C,20,0,0,1,1867309,5712936
Taupo District,27/06/2014,Fri,2127,DB,4W1,111A 131A ,EPT,E,W,DO,L ,T,G,C,50,0,0,2,1868255,5712071
Taupo District,14/01/2014,Tue,2144,EA,CN1C,129A ,M,R,D,DO,F , , ,C,50,0,0,0,1868336,5711911
Taupo District,07/01/2014,Tue,945,MC,CN1C,330B 372B ,,R,D,B ,F , ,N,C,100,0,0,1,1868483,5711628
Taupo District,24/11/2014,Mon,1325,KB,SS1C,204A 378A 308B 378B 835 927 ,,R,D,O ,F ,D, ,C,50,0,1,0,1868505,5710833
Taupo District,28/01/2014,Tue,1705,BE,CN14,410A ,,R,D,B ,F , , ,P,50,0,0,0,1868288,5710587
Taupo District,27/04/2014,Sun,1325,JA,CS1C,302B 375B ,,R,D,BF,F ,T,G,P,50,0,0,1,1868119,5710393
Taupo District,28/03/2014,Fri,1630,JA,CS1C,302B 377B 830 ,,R,D,B ,F ,T,G,C,70,0,0,0,1867968,5710025
Taupo District,07/10/2014,Tue,1000,LB,CN1C,303B 353B ,,R,D,B ,F ,T,G,P,100,0,0,0,1867156,5706372
Taupo District,24/11/2014,Mon,920,BF,4S1T,131A 504A ,,E,D,BN,F , ,N,C,100,0,0,0,1867226,5705095
Taupo District,05/01/2014,Sun,1314,FD,4S1CC,181A ,,R,W,O ,L , , ,C,100,0,0,0,1867263,5704057
Taupo District,20/08/2014,Wed,1047,DA,4N1,131A 358A 801 ,T,E,W,O ,L , , ,C,100,0,0,1,1865384,5695864
Taupo District,15/08/2014,Fri,500,DA,VS1,111A 131A 802 ,X,M,I,TN,FF, , ,L,100,0,1,0,1864886,5695007
Taupo District,16/08/2014,Sat,1924,AO,4E1C,103A 381A ,,E,D,DN,F , ,N,C,100,0,0,0,1862512,5695222
Taupo District,02/12/2014,Tue,1212,DB,CW1,410A 504A ,T,E,D,B ,F , ,N,C,100,0,0,1,1862263,5695116
Taupo District,18/04/2014,Fri,1035,FD,CS1C,181A ,,R,D,OF,F , ,N,C,100,0,0,0,1860880,5693457
Taupo District,15/11/2014,Sat,850,DB,CN1,110A 402A ,,E,W,O ,F , ,N,C,100,0,1,1,1860699,5693172
Taupo District,28/01/2014,Tue,1458,DA,CW1,501A ,CZ,E,D,BN,F , ,N,C,100,0,0,1,1860267,5692783
Taupo District,08/04/2014,Tue,515,DB,TE1,410A ,,E,D,DN,F , , ,C,100,0,0,0,1859715,5692668
Taupo District,28/11/2014,Fri,1845,DB,4W1,103A 131A ,DS,M,D,O ,F , ,N,C,100,0,0,1,1857525,5692014
Taupo District,05/12/2014,Fri,333,DB,TW1,129A ,C,S,D,DN,F , ,N,C,100,0,0,0,1857509,5692001
Taupo District,08/02/2014,Sat,20,DA,TE1,131A ,,M,W,DN,F , ,N,C,100,0,0,0,1856375,5691609
Taupo District,31/01/2014,Fri,730,BF,VN1C,103A 131A ,,M,D,B ,F , , ,L,100,0,2,0,1856210,5691605