TLANAME,CRASHDATE,CRASHDOW,CRASHTIME,MVMT,VEHICLES,CAUSES,OBJECTSSTRUCK,ROADCURVE,ROADWET,LIGHT,WTHRa,JUNCTYPE,TRAFCTRL,ROADMARK,SPDLIM,CRASHFATALCNT,CRASHSEVCNT,CRASHMINCNT,EASTING,NORTHING
Taupo District,25/01/2014,Sat,1645,FD,CS1V,181A ,,R,D,BN,F , ,N,C,100,0,0,0,1853991,5689618
Taupo District,12/10/2014,Sun,1725,CC,VW1,130A 354A ,F,R,D,B ,F , , ,C,100,0,0,1,1853211,5689457
Taupo District,09/08/2014,Sat,430,CC,CN1,110A 135A 802 ,S,R,I,DO,F , ,N,C,100,0,0,0,1852201,5689228
Taupo District,04/01/2014,Sat,1300,FD,CN1CCV,181A 181B 181D 929 ,,R,D,B ,F ,D,N,C,100,0,0,0,1850223,5687510
Taupo District,18/09/2014,Thu,1520,DB,CS1,131A 357A ,T,E,W,O ,L , , ,L,100,0,0,0,1848032,5686242
Taupo District,20/04/2014,Sun,310,DB,40,410A ,,M,W,DN,F , ,N,L,100,0,0,4,1847966,5686219
Taupo District,01/06/2014,Sun,2118,QG,4N1,131A 661A 687A 818 ,,S,D,DN,F , , ,L,100,0,0,0,1846466,5684537
Taupo District,12/07/2014,Sat,1421,GD,VS1C,181A 331A 930 ,,R,W,O ,L ,D,N,C,100,0,0,1,1845074,5681966
Taupo District,17/10/2014,Fri,1600,DA,CS1,330A 404A ,G,M,D,O ,F , ,N,C,80,0,0,0,1844235,5681082
Taupo District,30/12/2014,Tue,1836,HA,CS1V,301B ,,R,D,B ,F ,X,S,R,80,0,0,0,1843449,5680511
Taupo District,10/02/2014,Mon,1130,JA,CE14,301B 375B ,,R,D,BF,F ,X,S,R,80,0,0,0,1843449,5680511
Taupo District,11/08/2014,Mon,858,LB,VS1C,303B 386B 402B ,,R,W,O ,F ,X,S,R,80,0,0,0,1843449,5680511
Taupo District,12/01/2014,Sun,1150,KB,CN2CC,301A ,,R,D,B ,F ,X,S,R,80,0,0,0,1843449,5680511
Taupo District,21/03/2014,Fri,1800,LB,MS1C,303B 375B ,,R,D,BF,F ,X,S,R,80,0,0,2,1843449,5680511
Taupo District,10/06/2014,Tue,1845,DB,CN1,110A 135A 901 ,,M,W,DN,H , ,N,N,100,0,0,2,1844084,5673526
Taupo District,07/11/2014,Fri,1510,FA,CN1V,181A 387A ,,R,D,B ,F , , ,C,100,0,0,0,1840876,5664781
Taupo District,03/01/2014,Fri,1725,DB,CS1,111A 131A ,EX,S,W,O ,L , , ,C,100,0,0,0,1839135,5662462
Taupo District,16/04/2014,Wed,1540,DA,CS1,131A 402A 632A ,ET,S,W,ON,H , ,N,C,100,0,0,0,1839198,5662347
Taupo District,03/01/2014,Fri,1300,DB,MN1,131A 191A ,,S,D,B ,F , , ,C,100,0,0,0,1839263,5661987
Taupo District,16/06/2014,Mon,1620,DA,VS1,131A 410A ,C,S,W,DN,H , ,N,L,100,0,0,0,1838943,5660270
Taupo District,02/08/2014,Sat,1233,DA,CS1,131A ,T,M,W,ON,M , ,N,L,100,0,0,0,1839119,5659672
Taupo District,02/08/2014,Sat,1233,DA,CS1,131A ,T,M,W,ON,M , ,N,C,100,0,0,0,1839119,5659672
Taupo District,22/06/2014,Sun,412,DB,VW1,110A 132A 420A 810 831 ,CT,S,W,DN,MS, ,N,L,100,0,0,0,1838771,5659659
Taupo District,25/06/2014,Wed,1145,DA,CS1,131A 801 901 ,C,S,W,O ,H , , ,L,100,0,0,0,1838771,5659659
Taupo District,20/04/2014,Sun,1750,DA,CS1,135A 800 801 ,,M,W,DN,L , , ,C,100,0,0,0,1838661,5659592
Taupo District,25/06/2014,Wed,1430,DB,CS1,131A 801 901 ,C,S,W,O ,H , , ,L,100,0,0,0,1838292,5659391
Taupo District,29/01/2014,Wed,320,CB,CW1,410A ,C,R,D,DN,F , ,N,C,100,0,0,1,1838310,5659304
Taupo District,13/07/2014,Sun,1700,DA,CS1,110A 132A ,C,S,W,O ,H , ,N,L,100,0,0,0,1838574,5659343
Taupo District,16/04/2014,Wed,1635,DA,CS1,131A 402A 800 901 ,T,M,W,O ,H , , ,C,100,0,0,1,1838910,5659212
Taupo District,02/06/2014,Mon,940,DB,MS1,135A 802 ,G,S,I,B ,FF, , ,C,100,0,1,0,1837913,5657651
Taupo District,03/08/2014,Sun,1935,DA,CS1,135A 802 ,T,M,I,DN,F , , ,C,100,0,0,0,1837466,5656484
Taupo District,26/07/2014,Sat,2340,DA,CN1,135A 802 ,G,M,I,DN,FF, ,N,C,100,0,0,1,1836075,5655132
Taupo District,10/02/2014,Mon,1340,BF,CN1C,111A 131A 135A 817 901 ,C,M,W,O ,H , , ,L,100,0,2,0,1835486,5653385
Taupo District,02/07/2014,Wed,1715,DB,CS1,110A 135A 402A 803 ,,M,I,DN,SF, , ,L,100,0,0,0,1835486,5653385
Taupo District,14/08/2014,Thu,820,CC,4N1,135A 802 905 ,SV,R,I,O ,S , , ,C,100,0,0,1,1836108,5651680
Taupo District,18/04/2014,Fri,1330,DA,CN1,411A ,CS,E,W,ON,L , ,N,C,100,0,0,0,1835821,5650154
Taupo District,20/01/2014,Mon,830,CB,CN1,410A ,K,R,D,O ,F , , ,C,100,0,0,0,1836385,5647072
Taupo District,17/03/2014,Mon,1800,DA,CN1,131A 198A ,C,S,D,B ,F , , ,C,100,0,0,0,1829342,5740648
Taupo District,16/07/2014,Wed,1807,AD,VS1V,150A 381A 404A ,,R,D,DN,F , ,N,C,100,0,2,0,1838484,5748202
Taupo District,10/11/2014,Mon,1434,BC,ME1V,111A 131A ,,M,D,B ,F , ,N,C,100,1,0,0,1840618,5747083
Taupo District,06/09/2014,Sat,1130,DA,4S1,111A 131A ,F,M,D,B ,F ,T,N,L,100,0,0,0,1841531,5746316
Taupo District,28/09/2014,Sun,905,DA,CS1,103A 111A 129A 134A ,CFP,E,D,O ,F , , ,C,100,0,0,0,1841867,5746098
Taupo District,27/01/2014,Mon,1210,KB,CS1C,301B 375B ,,R,D,BF,F ,T,S,C,100,0,0,0,1844173,5743966
Taupo District,17/09/2014,Wed,1514,DA,CN1,131A ,V,M,D,O ,F , , ,C,100,0,0,1,1842101,5739490
Taupo District,15/08/2014,Fri,2000,JA,CS1C,308B 375B 929 ,,R,D,DN,F ,D,N,C,100,0,0,0,1842914,5727661
Taupo District,28/02/2014,Fri,1930,DA,MS1,131A 804 ,,M,D,O ,F , , ,C,100,0,1,0,1833862,5713874
Taupo District,03/03/2014,Mon,1330,CB,4N1,129A 410A ,E,R,D,BF,F , ,N,C,100,0,0,0,1832948,5696169
Taupo District,28/12/2014,Sun,800,DB,VN1,131A 191A 402A 801 ,CV,M,W,O ,L , , ,C,100,0,0,0,1820910,5695175
Taupo District,04/07/2014,Fri,1210,DA,CN1,131A 135A 802 ,,M,I,B ,F , , ,C,100,0,0,1,1822139,5693142
Taupo District,04/07/2014,Fri,1120,DA,CN1,135A 802 ,V,M,I,B ,F , , ,C,100,0,0,1,1822139,5693142
Taupo District,25/03/2014,Tue,1825,DA,VN1,135A 801 ,,M,W,DN,L , ,N,C,100,0,0,0,1823177,5692819
Taupo District,07/05/2014,Wed,851,DA,TE1,111A 131A ,ET,M,W,ON,L , ,N,C,100,0,0,0,1828290,5692693
Taupo District,06/07/2014,Sun,1530,DB,40,129A 134A ,T,S,W,O ,L , ,N,L,100,0,0,0,1829910,5692542
Taupo District,30/03/2014,Sun,1250,DB,CE1,111A 131A ,GT,E,D,BN,F , , ,L,100,1,0,1,1832591,5693046
Taupo District,15/08/2014,Fri,1040,BA,SE14,136A 330A 132B 802 ,,R,I,B ,F , ,N,L,100,0,1,0,1834071,5692978
Taupo District,01/09/2014,Mon,1000,DA,CN1,111A 134A ,,S,D,O ,F , ,N,C,100,0,0,0,1834212,5692618
Taupo District,05/01/2014,Sun,1050,DA,CN1,111A 131A 801 ,C,S,W,O ,L , , ,C,100,0,0,0,1837696,5688390
Taupo District,15/06/2014,Sun,2212,EC,VN1,370A 912 ,W,R,D,DN,F , ,N,C,100,0,0,0,1837673,5687000
Taupo District,17/03/2014,Mon,1600,DA,CN1,111A 131A 804 817 ,C,S,D,O ,F , , ,L,100,0,0,1,1837215,5685880
Taupo District,10/06/2014,Tue,1023,DA,CW1,131A 404A ,,M,W,O ,H , , ,C,100,0,0,0,1837738,5684391
Taupo District,02/12/2014,Tue,130,CB,4N1,130A 412A ,V,R,D,DN,F , , ,C,100,0,0,0,1839814,5683182
Taupo District,15/11/2014,Sat,1400,JA,CW1C,302B 404B ,,R,D,BN,F ,T,G,C,100,0,0,1,1840784,5681564
Taupo District,03/02/2014,Mon,829,CB,CW1,130A ,G,R,D,BF,F , ,N,C,100,0,0,0,1842197,5670450
Taupo District,27/03/2014,Thu,1730,BB,VE14,129A 404A ,,R,D,BN,F , ,N,C,100,0,2,1,1831913,5678360
Taupo District,04/07/2014,Fri,1120,DA,CW1,135A 802 ,,E,I,BN,FF, ,N,C,100,0,0,1,1837495,5678858
Taupo District,19/07/2014,Sat,845,DB,CS1,135A 802 905 ,T,M,I,B ,SS, ,N,C,100,0,0,0,1838009,5679625
Taupo District,13/07/2014,Sun,1800,AF,CN1CV,150A 129B 197B ,,R,W,TN,L , ,N,C,100,0,0,0,1839420,5680433
Taupo District,19/08/2014,Tue,340,DA,TS1,103A 410A ,C,M,D,DN,F , ,N,N,100,0,0,1,1840170,5680600
Taupo District,09/12/2014,Tue,1722,CC,CS1,358A 410A ,F,R,D,O ,F , , ,C,100,0,3,1,1887176,5734546
Taupo District,17/11/2014,Mon,1600,DB,CN1,111A 131A 801 ,V,M,W,O ,H , , ,C,100,0,0,0,1887245,5732641
Taupo District,05/11/2014,Wed,1850,DB,CW1,103A 517A ,T,M,W,TN,F , ,N,C,100,0,0,0,1887214,5732567
Taupo District,30/12/2014,Tue,1118,BB,CW1V,123A 404A ,,E,D,B ,F , ,N,C,100,0,2,5,1880302,5725747
Taupo District,11/08/2014,Mon,845,DA,4S1,410A ,C,M,D,O ,F , , ,C,100,0,0,0,1874725,5723823
Taupo District,08/02/2014,Sat,1221,DB,40,131A 800 801 ,C,E,W,O ,L , , ,C,100,0,0,0,1873806,5723507
Taupo District,03/10/2014,Fri,2330,DA,CS1,111A 131A 410A 801 ,C,M,W,DO,L , , ,C,100,0,0,1,1871712,5721785
Taupo District,29/11/2014,Sat,1735,JA,4E1C,301B 375B ,,E,D,B ,F ,T,S,C,100,0,0,0,1870430,5720731
Taupo District,08/11/2014,Sat,2336,CB,CE1,129A 134A ,CG,R,D,DO,F , ,N,C,80,0,0,0,1868611,5711406
Taupo District,01/09/2014,Mon,1725,LB,4W1C,303B 375B ,,R,W,TO,L ,X,S,R,80,0,0,5,1869261,5711486
Taupo District,14/01/2014,Tue,1600,GE,4E1C,387A 926 ,,R,D,BN,F ,D,N,C,100,0,0,1,1870185,5711336
Taupo District,12/06/2014,Thu,2355,DA,CS1,330A 901 ,IP,M,W,DO,H ,R,G,R,100,0,0,0,1870630,5711427
Taupo District,26/01/2014,Sun,1234,CB,CW1,130A 412A ,F,R,W,O ,L , , ,C,100,0,0,1,1871691,5710903
Taupo District,05/01/2014,Sun,1155,CB,CW1,130A 501A ,T,R,W,O ,L , , ,C,100,0,0,2,1873745,5710331
Taupo District,03/06/2014,Tue,1850,BF,CE1C,129A 130A ,,E,D,DN,F , , ,C,100,0,0,0,1873907,5710297
Taupo District,07/09/2014,Sun,1345,CB,CN1,130A 412A ,C,R,D,O ,F , , ,C,100,0,0,2,1878066,5706410
Taupo District,28/03/2014,Fri,1650,CC,TN1,130A ,X,R,D,B ,F , , ,C,100,0,1,1,1880075,5703428
Taupo District,05/11/2014,Wed,500,CB,TS1,130A 410A ,T,R,D,DN,F , ,N,C,90,0,0,0,1884001,5697093
Taupo District,16/02/2014,Sun,1045,CC,CS1,112A 330A ,C,R,D,O ,F , ,N,N,80,0,0,1,1886818,5694036
Taupo District,09/03/2014,Sun,1524,CB,CW1,197A 407A 817 ,,R,D,O ,F , ,N,N,100,0,0,1,1888013,5693559
Taupo District,16/09/2014,Tue,1507,DA,CW1,131A 800 ,E,M,W,O ,F , , ,C,100,0,0,1,1902829,5683965
Taupo District,07/07/2014,Mon,730,DA,CE1,131A 802 ,T,M,I,O ,FF, , ,C,100,0,0,0,1903653,5683644
Taupo District,05/01/2014,Sun,1545,DA,CS1,131A 191A 801 ,K,E,W,O ,H , , ,C,100,0,0,0,1905270,5681728
Taupo District,20/07/2014,Sun,2055,DB,CS1,411A 801 ,KT,E,W,DN,L , , ,C,100,0,0,1,1905620,5680598
Taupo District,11/07/2014,Fri,1700,DA,4S1,111A 131A 801 ,CX,S,W,DN,L , , ,C,100,0,0,0,1906671,5678202
Taupo District,17/12/2014,Wed,2001,DA,CS1,110A 131A 407A 901 ,KT,S,W,DN,H , , ,C,100,0,0,0,1906755,5677965
Taupo District,25/01/2014,Sat,1330,DA,MN1,800,,M,D,B ,F , , ,C,100,0,0,1,1906706,5677837
Taupo District,07/12/2014,Sun,1140,DA,CN1,131A 350A ,G,E,D,B ,F , ,N,C,100,0,0,1,1906780,5677292
Tauranga City,14/12/2014,Sun,1555,MO,4N1C,371A ,M,R,D,B ,F , , ,C,30,0,0,0,1880256,5830106
Tauranga City,05/08/2014,Tue,1224,GB,CN1T,158A 333A 387A 172B 179B ,,R,D,B ,F ,T,N,C,50,0,0,0,1882494,5826124
Tauranga City,21/09/2014,Sun,1726,DB,VN2,111A 131A 402A ,T,R,W,BF,F ,T,G,N,50,0,0,0,1877206,5821693
Tauranga City,08/05/2014,Thu,1526,QD,VW1,428A ,EFH,M,D,B ,F , , ,N,50,0,0,0,1881364,5819029
Tauranga City,25/11/2014,Tue,1038,MO,VS1C,377B 444B ,,R,D,B ,F , , ,C,50,0,0,0,1883000,5826039
Tauranga City,24/04/2014,Thu,1530,MO,TS1C,371A 927 ,M,R,D,B ,F ,D, ,N,50,0,0,0,1877486,5822921
Tauranga City,09/11/2014,Sun,1702,NA,CS1E,713B ,,R,D,B ,F ,T,G,C,50,0,0,1,1874759,5822995
Tauranga City,24/06/2014,Tue,1315,EA,SE1V,331A 350A ,Q,R,W,OF,L , ,N,C,50,0,1,0,1875494,5823148
Tauranga City,09/06/2014,Mon,1430,DB,CS1,103A 111A 133A 801 ,V,E,W,O ,L , , ,C,100,0,0,1,1870927,5816583
Tauranga City,25/11/2014,Tue,1514,FE,CS1C,181A ,,R,D,BF,F ,T,T,P,50,0,0,0,1876440,5823937
Tauranga City,09/05/2014,Fri,650,DA,CN1,131A 410A ,F,M,D,TO,F ,R,T,C,50,0,0,0,1876509,5823864
Tauranga City,01/12/2014,Mon,1815,FD,CN1C,181A 191B ,,R,D,B ,F , , ,C,50,0,0,0,1876025,5824339
Tauranga City,25/01/2014,Sat,1855,DA,VN1,131A 402A 427A ,P,M,D,BF,F ,T,G,C,50,0,0,0,1875997,5824368
Tauranga City,16/04/2014,Wed,1700,GD,VN1C,333A ,,R,D,OF,F ,T,G,C,50,0,0,0,1875997,5824368
Tauranga City,14/06/2014,Sat,1150,GA,SN1C,112A 331A 929 ,,R,D,B ,F ,D,N,C,50,0,1,0,1876725,5823635
Tauranga City,13/09/2014,Sat,1508,GB,CN1C,333A 387A 175B 372B 801 929 ,,R,W,O ,L ,D,G,P,50,0,0,0,1876712,5823673
Tauranga City,05/05/2014,Mon,2030,DB,MN1,110A 135A 350A 801 ,,E,W,DO,L ,T,G,C,50,0,1,0,1876712,5823673
Tauranga City,14/12/2014,Sun,1150,FB,4S1C,331A 387A 800 901 903 ,,R,W,O ,HS,X,G,C,50,0,0,0,1874349,5823429
Tauranga City,22/08/2014,Fri,1028,MO,CN1C,341A 514A ,M,R,D,BN,F , ,N,N,50,0,0,0,1876776,5822721
Tauranga City,14/11/2014,Fri,2318,CB,CN1,112A ,F,R,D,DO,F , ,N,C,50,0,0,0,1877795,5821736
Tauranga City,25/01/2014,Sat,1500,CA,PE1,103A ,,R,D,BF,F ,T,G,P,50,0,1,0,1876516,5824630
Tauranga City,29/12/2014,Mon,2344,FA,CE1C,103A 514A 138B 927 ,MM,M,D,DN,F ,D,N,N,50,0,0,0,1887622,5822375
Tauranga City,16/12/2014,Tue,1645,JA,4S1CC,301B 375B ,,R,D,B ,F ,T,S,C,50,0,0,0,1876091,5822876
Tauranga City,03/06/2014,Tue,1739,KB,CN1C,301B 377B ,,R,D,DO,F ,T,S,C,50,0,0,0,1876091,5822876
Tauranga City,17/11/2014,Mon,1135,KB,TN1C,301B ,,R,W,O ,L ,T,S,C,50,0,0,0,1876091,5822876
Tauranga City,18/08/2014,Mon,945,DB,CS1,131A 504A ,G,E,D,B ,F ,X,G,R,50,0,0,0,1876146,5822952
Tauranga City,02/11/2014,Sun,1758,DB,CS1,136A 631A ,F,R,D,BF,F ,T,G,C,60,0,0,0,1873869,5820119
Tauranga City,11/07/2014,Fri,1900,FB,CW1C,101A 331A 903 ,,E,W,DO, S,T,S,R,60,0,0,0,1874506,5821345
Tauranga City,23/10/2014,Thu,1705,FB,4W14,181A ,,E,D,O ,F ,T,S,R,60,0,0,0,1874503,5821341
Tauranga City,07/11/2014,Fri,1715,FA,CE1C,331A 370A 191B 357B 510B 831 ,,E,D,B ,F , , ,C,60,0,0,0,1874872,5821526
Tauranga City,19/03/2014,Wed,635,BC,TN144,129A 410A ,,E,D,OF,F , ,N,C,60,0,1,0,1873712,5819897
Tauranga City,21/02/2014,Fri,1529,FD,PS1C,181A ,,R,D,BF,F , ,N,L,60,0,0,0,1874348,5820905
Tauranga City,02/08/2014,Sat,1337,GD,CN1C,331A 351A ,,R,D,B ,F ,T,G,C,50,0,0,1,1876061,5822833
Tauranga City,04/07/2014,Fri,1452,GE,MS1C,112A 155A 205A 333A 929 ,,R,D,B ,F ,D, ,L,100,0,1,0,1874181,5820576
Tauranga City,23/07/2014,Wed,1517,FD,4S1V,331A ,,R,D,BF,F ,T,G,C,50,0,0,0,1875627,5819412
Tauranga City,20/06/2014,Fri,1446,FD,CS1CC,331A 351A ,,R,D,BF,F ,T,G,R,50,0,0,0,1878997,5823708
Tauranga City,15/10/2014,Wed,1845,FC,CN1C,101A 181A 331A ,,R,D,B ,F , , ,X,50,0,0,0,1876126,5819980
Tauranga City,08/11/2014,Sat,1900,MC,CS14,372B ,,R,D,B ,F , , ,C,50,0,0,0,1876073,5819900
Tauranga City,15/11/2014,Sat,1250,FC,CN1C,331A 358A ,,R,W,O ,L , , ,C,50,0,0,0,1876034,5819854
Tauranga City,12/09/2014,Fri,1945,AC,TS1C,372A ,CX,E,W,DO,F ,R,G,R,50,0,0,0,1876117,5819945
Tauranga City,17/04/2014,Thu,1542,FD,CS1C,103A 181A ,,E,W,OF,MS, ,N,C,50,0,0,0,1876687,5821047
Tauranga City,27/11/2014,Thu,1040,FB,CS1C,181A ,,R,D,B ,F ,R,G,P,50,0,0,0,1876212,5820122
Tauranga City,15/01/2014,Wed,1440,FD,CN1C,181A ,,R,D,B ,F , , ,C,50,0,0,0,1877658,5821929
Tauranga City,03/07/2014,Thu,1536,AA,CS1L,184A 386A ,,R,W,B ,F , , ,P,50,0,0,0,1877621,5821895
Tauranga City,04/09/2014,Thu,830,FA,CS1C,331A ,,R,D,B ,F , , ,R,50,0,1,0,1877606,5821882
Tauranga City,29/10/2014,Wed,952,AO,CS1C,372A 102B ,,R,D,BF,F , ,N,P,50,0,0,0,1877583,5821862
Tauranga City,14/05/2014,Wed,1155,FE,CS1C,181A 387A ,,R,D,OF,F ,T,T,C,50,0,0,0,1877643,5821915
Tauranga City,09/05/2014,Fri,1330,LB,CN1C,303B ,,R,D,BN,F ,T,T,C,50,0,0,3,1877643,5821915
Tauranga City,13/10/2014,Mon,1530,FD,VN1C,331A ,,R,D,B ,F , , ,C,50,0,0,1,1878533,5822940
Tauranga City,15/05/2014,Thu,1100,FA,CN1C,181A 331A ,,R,D,B ,F ,T,T,C,50,0,0,0,1878530,5822936
Tauranga City,07/01/2014,Tue,1405,GB,SS1T,372B ,,S,D,B ,F ,X,T,R,50,0,0,1,1878540,5822953
Tauranga City,04/11/2014,Tue,1500,LB,CN1C,303B ,,R,D,B ,F ,X,T,R,50,0,0,0,1878540,5822953
Tauranga City,22/02/2014,Sat,1056,FE,CN14,181A 334A 350A ,,R,D,B ,F ,X,T,R,50,0,0,0,1878540,5822953
Tauranga City,03/02/2014,Mon,1700,FE,CS1CC,181A ,,R,D,BF,F ,X,T,R,50,0,0,0,1878540,5822953
Tauranga City,01/12/2014,Mon,1735,FD,CN1C,181A 331A ,,R,D,O ,F , , ,C,50,0,0,0,1879120,5824192
Tauranga City,11/02/2014,Tue,1030,FE,4N1C,109A 130A 506A ,,R,D,B ,F ,X,T,R,50,0,0,1,1879122,5824207
Tauranga City,02/02/2014,Sun,1154,HA,CN1CC,309A 330A 845 ,,R,D,O ,F ,X,T,R,50,0,1,0,1879122,5824207
Tauranga City,12/08/2014,Tue,1630,JC,CE2C,302A 302B ,,E,D,OF,F ,X,G,C,50,0,0,0,1879120,5824099
Tauranga City,19/11/2014,Wed,1320,FD,CN1CC,181A 181B ,,R,D,B ,F , , ,R,50,0,0,0,1878205,5822557
Tauranga City,22/03/2014,Sat,1210,FE,CE1C,331A 358A ,,R,D,B ,F ,T,T,C,50,0,0,0,1876807,5821159
Tauranga City,18/05/2014,Sun,1047,NB,CE1,376A ,,R,D,B ,F ,X,T,R,50,0,0,0,1876804,5821156
Tauranga City,20/08/2014,Wed,1645,EA,CN1T,130A 503A ,M,R,D,O ,F , , ,C,50,0,0,1,1876322,5820320
Tauranga City,15/12/2014,Mon,1245,JA,CS1C,301B 375B ,,R,D,O ,F ,T,S,C,50,0,0,0,1875370,5819136
Tauranga City,10/12/2014,Wed,1017,LB,CS1C,322A 334A ,,R,D,O ,F ,T,T,C,50,0,0,0,1876820,5821171
Tauranga City,13/11/2014,Thu,841,FD,XS1C,181A 363A ,,R,D,B ,F , , ,C,50,0,0,0,1877567,5821847
Tauranga City,10/02/2014,Mon,1445,FD,CS1C,181A ,,R,D,BF,F ,T,N,C,50,0,0,1,1877549,5821831
Tauranga City,14/03/2014,Fri,1658,GB,SS14,372B 381B ,,R,D,O ,F ,T,G,C,50,0,0,0,1877556,5821837
Tauranga City,11/12/2014,Thu,850,HA,CS1C,302B ,,R,D,OF,F ,R,G,R,50,0,0,0,1878738,5823274
Tauranga City,14/10/2014,Tue,956,DC,4S1,501A ,I,R,D,B ,F ,R,G,R,50,0,0,0,1878732,5823276
Tauranga City,18/02/2014,Tue,1545,MO,CS1C,385A ,M,R,D,BF,F , ,N,R,50,0,0,0,1879099,5823973
Tauranga City,16/10/2014,Thu,1625,FD,CN1C,331A 350A ,,R,D,B ,F , , ,R,50,0,0,1,1877823,5822082
Tauranga City,21/10/2014,Tue,1050,AA,CN1C,197A 372A ,,R,D,B ,F , , ,R,50,0,0,0,1877841,5822100
Tauranga City,15/03/2014,Sat,810,FD,VN1CC,181A ,,R,W,OF,L , ,N,P,50,0,0,0,1877866,5822131
Tauranga City,29/10/2014,Wed,1122,FA,PW1C,181A 331A ,,R,D,O ,F , ,N,C,50,0,0,0,1877776,5822038
Tauranga City,20/03/2014,Thu,805,HA,CW1O,313A ,,R,D,BF,F ,X,T,N,50,0,0,0,1877812,5822072
Tauranga City,24/07/2014,Thu,1200,FD,CN1CCC,112A 331A 181C 181 ,,R,D,B ,F , , ,R,50,0,0,3,1878060,5822389
Tauranga City,05/12/2014,Fri,1610,MC,CS1C,372B 671B ,,R,D,O ,F , , ,C,50,0,0,1,1876467,5820615
Tauranga City,30/08/2014,Sat,910,JA,CS1C,302B ,,R,D,O ,F ,T,G,C,50,0,0,0,1876386,5820432
Tauranga City,13/04/2014,Sun,1310,MC,CN1C,112A 331A 372B ,,R,D,O ,F ,X,S,P,50,0,0,1,1877932,5822224
Tauranga City,08/10/2014,Wed,1130,AA,CN1C,330A 372A 191B 197B ,,R,D,B ,F , , ,R,50,0,0,0,1878866,5823515
Tauranga City,22/11/2014,Sat,1400,DA,TE2C,111A 131A ,M,M,D,BF,F ,X,G,R,50,0,0,0,1878876,5823533
Tauranga City,29/10/2014,Wed,1717,FD,CS1CC,102A 181A ,,R,D,B ,F , ,N,R,50,0,0,1,1879062,5823856
Tauranga City,24/09/2014,Wed,812,HA,CE2P,302A 377A ,,R,D,B ,F ,X,G,R,50,0,1,0,1879057,5823878
Tauranga City,04/09/2014,Thu,1150,FD,CN1CCC,181A 181B 181C ,,R,D,B ,F , , ,R,50,0,0,0,1878286,5822650
Tauranga City,27/05/2014,Tue,1055,FD,CN1V,181A 353A ,,R,D,B ,F , ,N,R,50,0,0,0,1878266,5822628
Tauranga City,13/01/2014,Mon,1130,FD,CE1VC,331A 350A ,,R,D,B ,F , ,N,R,50,0,0,0,1878266,5822628
Tauranga City,11/06/2014,Wed,1900,HA,CN1CV,322A ,,R,W,DO,H ,X,T,C,50,0,0,0,1878299,5822666
Tauranga City,17/02/2014,Mon,1335,FE,CS1M,181A 330A ,,R,D,O ,F ,X,T,C,50,0,0,0,1878299,5822666
Tauranga City,06/09/2014,Sat,1106,FD,CN1CCC,181A 191A 181B 181C ,,R,D,B ,F , , ,R,50,0,0,1,1878455,5822841
Tauranga City,03/04/2014,Thu,1310,FD,CE1CC,181A 330A ,,R,W,O ,F , ,N,C,50,0,0,0,1877498,5821784
Tauranga City,04/07/2014,Fri,1559,FD,CS1CC,181A ,,R,D,BF,F , ,N,P,50,0,0,1,1877483,5821770
Tauranga City,18/06/2014,Wed,1504,JA,CN1C,308B 382B 929 ,,R,D,OF,F ,D,N,C,50,0,0,0,1877450,5821740
Tauranga City,14/09/2014,Sun,1155,FD,CS1C,331A 358A ,,R,D,OF,F , ,N,P,50,0,0,0,1877446,5821736
Tauranga City,27/03/2014,Thu,1715,FD,TS1CC,181A 331A 352A ,,R,D,B ,F , , ,C,50,0,0,0,1877305,5821607
Tauranga City,22/08/2014,Fri,1246,FB,CW1V,331A 350A ,,R,D,B ,F ,T,N,P,50,0,0,0,1877293,5821597
Tauranga City,21/05/2014,Wed,2235,HA,CW2C,322B 334B ,,R,D,DO,F ,X,T,C,50,0,0,0,1877050,5821378
Tauranga City,08/11/2014,Sat,1216,LB,SS1CS,314B 377B 930 ,,R,D,B ,F ,D, ,C,50,0,0,2,1877141,5821460
Tauranga City,31/01/2014,Fri,831,FA,CE1C,501A ,,R,D,B ,F ,X,T,C,50,0,0,0,1877030,5821360
Tauranga City,12/05/2014,Mon,830,EA,CN1C,129A ,M,R,D,DO,F , , ,N,50,0,0,0,1882246,5827871
Tauranga City,13/08/2014,Wed,900,JA,CS1C,112A 308B 370B 927 ,,R,D,B ,F ,D,N,C,50,0,0,0,1874456,5824432
Tauranga City,26/05/2014,Mon,1235,MF,MW1C,158A 333A ,,R,D,B ,F , , ,P,50,0,0,1,1876147,5819911
Tauranga City,07/10/2014,Tue,1900,GD,CW1C,181A 333A ,,R,D,OF,F ,X,G,C,50,0,0,0,1876466,5819675
Tauranga City,02/02/2014,Sun,1320,KA,CW1C,302B 387B ,,R,D,B ,F ,X,G,C,50,0,0,0,1876466,5819675
Tauranga City,10/07/2014,Thu,1144,JA,CW1V,302B 375B ,,M,D,OF,F ,T,G,R,50,0,0,0,1879314,5825170
Tauranga City,16/12/2014,Tue,2145,JA,MS1C,302B ,,M,D,DO,F ,T,G,R,50,0,1,0,1879314,5825170
Tauranga City,15/03/2014,Sat,,DA,CS1,131A 631A 801 ,P,E,W,O ,L ,T,G,R,50,0,0,0,1879314,5825170