TLANAME,CRASHDATE,CRASHDOW,CRASHTIME,MVMT,VEHICLES,CAUSES,OBJECTSSTRUCK,ROADCURVE,ROADWET,LIGHT,WTHRa,JUNCTYPE,TRAFCTRL,ROADMARK,SPDLIM,CRASHFATALCNT,CRASHSEVCNT,CRASHMINCNT,EASTING,NORTHING
Tauranga City,28/09/2014,Sun,337,FE,CN1C,112A 331A 801 ,,R,W,DO,L ,M,T,L,50,0,0,0,1879253,5825400
Tauranga City,19/01/2014,Sun,1141,FD,CN1C,331A ,,R,D,B ,F , , ,C,50,0,0,0,1879262,5825371
Tauranga City,18/11/2014,Tue,1720,AA,CN1V,357A 372A 357B ,,R,D,B ,F , ,N,C,50,0,0,0,1878601,5826089
Tauranga City,19/10/2014,Sun,1730,AA,4S1C,372A 671A ,,R,D,B ,F , , ,C,50,0,0,0,1878429,5826202
Tauranga City,02/06/2014,Mon,1229,JA,CW2C,302A 375A 402B ,,R,D,B ,F ,T,G,C,50,0,0,0,1878508,5826125
Tauranga City,19/06/2014,Thu,900,FB,CE1C,181A ,,E,D,OF,F ,T,G,C,50,0,0,0,1876840,5818265
Tauranga City,14/06/2014,Sat,1030,HA,CN2V,301B 375B 402B ,,R,D,B ,F ,X,S,C,50,0,0,0,1878329,5822885
Tauranga City,29/04/2014,Tue,1450,FA,CN1C,191B ,,R,W,B ,F , , ,C,50,0,0,0,1877621,5823459
Tauranga City,11/04/2014,Fri,744,CB,CE1,130A 405A ,P,R,W,OF,H , ,N,R,50,0,0,0,1877124,5821808
Tauranga City,11/08/2014,Mon,644,HA,VW2C,302A 382A ,,R,D,BF,F ,R,G,C,50,0,0,0,1886508,5824066
Tauranga City,23/05/2014,Fri,2105,DA,CS2,111A 131A 402A 901 ,FJ,R,W,DO,H ,T,S,C,50,0,0,0,1876973,5826723
Tauranga City,17/09/2014,Wed,1457,EA,CN1V,501A ,M,R,W,O ,F , , ,C,50,0,0,1,1884352,5826034
Tauranga City,15/03/2014,Sat,2342,DB,CE1,101A 111A 131A ,P,E,W,DO,L ,T,G,C,50,0,0,0,1884434,5826072
Tauranga City,24/01/2014,Fri,1640,EA,CN1C,129A ,M,R,D,TF,F , , ,C,50,0,0,0,1876171,5821042
Tauranga City,24/08/2014,Sun,1943,DB,CS1C,111A 131A 402A ,M,M,D,DO,F ,T,G,N,50,0,0,0,1878079,5817412
Tauranga City,27/03/2014,Thu,908,GB,SN1C,372B 927 ,,S,D,B ,F ,D,N,C,50,0,1,0,1877342,5820796
Tauranga City,07/05/2014,Wed,1105,BF,CN1V,131A 410A ,,E,D,O ,F , , ,C,50,0,0,1,1877146,5821141
Tauranga City,14/04/2014,Mon,1150,KB,CW1C,308B 375B 925 ,,M,D,OF,F ,D,N,C,50,0,0,0,1877118,5821266
Tauranga City,28/11/2014,Fri,1511,CC,CE1C,133A 357A ,Q,R,D,BF,F ,T,N,C,50,0,0,0,1884508,5825845
Tauranga City,02/10/2014,Thu,1945,DB,CW2,111A 131A ,CK,M,W,DO,L ,T,S,C,50,0,0,0,1877921,5826461
Tauranga City,13/10/2014,Mon,1655,LB,CE1C,302A ,,R,D,B ,F ,R,G,C,50,0,0,1,1878795,5822812
Tauranga City,24/05/2014,Sat,1236,MO,CS1C,386A ,M,R,D,O ,F , , ,N,50,0,0,0,1879473,5824235
Tauranga City,30/04/2014,Wed,1400,MA,CN1C,373B ,,R,D,O ,F , , ,C,50,0,0,0,1879451,5824117
Tauranga City,05/03/2014,Wed,1350,MA,VS1C,373B ,,R,D,B ,F , , ,C,50,0,0,0,1879349,5823779
Tauranga City,30/07/2014,Wed,1545,JA,CN1C,302B ,,R,W,O ,L ,T,G,C,50,0,0,0,1879313,5823686
Tauranga City,02/09/2014,Tue,1720,MA,VS1C,373B ,,R,W,O ,L , , ,C,50,0,0,0,1878995,5823155
Tauranga City,29/11/2014,Sat,1522,KB,CN1C,302B 330B ,,R,D,B ,F ,X,G,C,50,0,0,0,1879396,5823902
Tauranga City,21/05/2014,Wed,954,HA,VE2C,302B ,,R,D,B ,F ,R,G,R,50,0,0,0,1878517,5822481
Tauranga City,05/03/2014,Wed,2055,GD,CE1C,181A 330A ,I,R,D,DO,F ,T,N,R,50,0,0,0,1891575,5821596
Tauranga City,15/07/2014,Tue,1235,JA,CW14,308B 375B 402B 926 ,,M,D,B ,F ,D, ,P,50,0,0,0,1879582,5824851
Tauranga City,01/11/2014,Sat,2100,EA,CE1C,386A ,M,R,D,DO,F , ,N,N,50,0,0,0,1879592,5824851
Tauranga City,17/06/2014,Tue,1715,JA,SS1C,308B 375B 801 926 ,,M,W,TF,L ,D, ,P,50,0,0,1,1879602,5824851
Tauranga City,14/06/2014,Sat,1635,JA,CS1C,302B 377B ,,R,D,BF,F ,T,G,L,50,0,0,2,1889580,5821607
Tauranga City,29/08/2014,Fri,1730,JA,CS1T,302B 384B ,,R,D,O ,F ,T,G,L,50,0,0,1,1889580,5821607
Tauranga City,19/08/2014,Tue,830,MA,CN1C,373B 671B ,,R,D,O ,F , ,N,P,50,0,0,2,1889600,5822222
Tauranga City,19/08/2014,Tue,850,MC,CS1C,372B ,,R,D,OF,F , ,N,C,50,0,0,0,1889591,5821942
Tauranga City,07/07/2014,Mon,1630,JA,CS1C,302B 375B ,,R,D,B ,F ,T,G,C,50,0,1,0,1889574,5821486
Tauranga City,20/12/2014,Sat,1757,JA,CN1C,308B 375B 801 925 ,FT,R,W,O ,L ,D,S,P,50,0,0,0,1889608,5822436
Tauranga City,19/10/2014,Sun,1645,EA,CE1C,129A 386A ,M,R,D,B ,F , , ,C,50,0,0,0,1890452,5821420
Tauranga City,20/10/2014,Mon,1618,LB,MN1C,303B 375B ,,R,D,BF,F ,X,S,C,50,0,0,0,1879311,5824473
Tauranga City,17/03/2014,Mon,830,JA,CE1C,301B 375B ,,R,D,B ,F ,T,S,P,50,0,0,0,1878335,5823074
Tauranga City,25/08/2014,Mon,830,MO,CN1C,129A ,M,R,D,B ,F ,X,G,N,50,0,0,0,1878242,5822959
Tauranga City,22/10/2014,Wed,1615,EE,SE1C,374B ,Q,R,D,BF,F , ,N,N,50,0,0,1,1877748,5821827
Tauranga City,26/06/2014,Thu,1125,FD,CE1V,181A ,,R,W,O ,F , , ,R,50,0,0,0,1878558,5822943
Tauranga City,06/03/2014,Thu,1950,FE,CW1V,181A ,,R,D,BF,F ,X,T,C,50,0,0,0,1878540,5822953
Tauranga City,01/04/2014,Tue,1545,FD,4N1C,331A 352A ,,R,D,B ,F , , ,R,50,0,0,0,1878811,5822795
Tauranga City,26/06/2014,Thu,1145,HA,VW1C,302A ,,E,D,O ,F ,R,G,R,50,0,0,0,1878798,5822803
Tauranga City,23/10/2014,Thu,1730,FD,4E1CC,181A 331A ,,E,D,B ,F , , ,C,50,0,0,0,1878170,5823141
Tauranga City,23/01/2014,Thu,1548,FA,ME1C,181A ,,M,D,B ,F ,T,G,L,50,0,0,0,1879050,5822654
Tauranga City,18/10/2014,Sat,1730,BF,CN2C,111A 131A 402A ,,S,W,OF,L ,T,G,C,50,0,0,0,1879050,5822654
Tauranga City,04/04/2014,Fri,1642,FD,CS1C,181A 331A 402A ,,R,D,B ,F , , ,C,50,0,0,0,1878678,5822874
Tauranga City,21/02/2014,Fri,1843,FD,CW1C4,331A 352A ,,R,D,BF,F ,X,T,R,50,0,0,0,1878435,5823016
Tauranga City,28/02/2014,Fri,1613,LB,PS1C,208A 370A 303B 314B 370B ,,R,D,B ,F ,T,S,C,50,0,0,1,1878443,5823011
Tauranga City,28/10/2014,Tue,1702,LB,CE1C,303B 377B ,,R,D,BF,F ,T,S,P,50,0,0,0,1878443,5823011
Tauranga City,16/06/2014,Mon,900,LB,SE1V,303B ,,R,D,O ,F ,T,S,C,50,0,0,0,1878443,5823011
Tauranga City,31/10/2014,Fri,615,MG,CW1C,330B 371B ,,R,D,B ,F , ,N,N,50,0,0,0,1879504,5824126
Tauranga City,17/11/2014,Mon,1851,DA,CS1CC,131A 404A 420A ,IM,E,W,O ,F ,R,G,R,50,0,0,0,1879240,5824183
Tauranga City,10/12/2014,Wed,915,LB,CE1M,302A 375A ,,R,D,BF,F ,R,G,R,50,0,0,0,1879245,5824182
Tauranga City,02/05/2014,Fri,1547,FD,CW1C,331A ,,R,W,B ,F ,X,G,C,50,0,0,0,1878930,5824246
Tauranga City,27/08/2014,Wed,1434,DA,CS2,133A 200A 402A ,C,E,D,B ,F ,T,S,P,50,0,0,0,1879029,5824226
Tauranga City,04/04/2014,Fri,1515,CC,VE1,103A 112A 130A ,IS,R,D,B ,F , , ,R,50,0,0,0,1881768,5819921
Tauranga City,09/12/2014,Tue,1220,HA,CE2C,302A ,,R,D,B ,F ,R,G,R,50,0,0,0,1887366,5822996
Tauranga City,30/03/2014,Sun,130,DB,CW2,103A 131A 351A ,PS,M,D,DO,F ,R,G,R,50,0,0,0,1887383,5822990
Tauranga City,05/09/2014,Fri,1640,GB,CS1C,181A 387A 142B 355B 929 ,,R,D,B ,F ,D, ,C,50,0,0,0,1884348,5825040
Tauranga City,25/05/2014,Sun,1504,DA,MS1,111A 191A ,,E,D,O ,F , , ,C,50,0,0,1,1884735,5824484
Tauranga City,05/01/2014,Sun,1700,JA,CS1C,302B 387B ,,R,W,OF,L ,T,G,C,50,0,0,0,1884452,5824833
Tauranga City,06/11/2014,Thu,2100,FA,CS1C,181A ,,R,D,DO,F , ,N,C,50,0,0,0,1884712,5824502
Tauranga City,20/12/2014,Sat,2150,MO,4E1C,386A ,M,R,W,DO,L , ,N,C,50,0,0,0,1884370,5824844
Tauranga City,02/02/2014,Sun,1530,EO,4W1C,377A 350B 374B ,M,S,D,B ,F ,X,G,C,50,0,0,0,1879120,5824099
Tauranga City,24/12/2014,Wed,900,ME,CW1V,330A 386A ,,R,D,O ,F , , ,C,50,0,0,0,1879358,5824038
Tauranga City,08/09/2014,Mon,1720,JC,4W1M,302A 377A ,,R,D,B ,F ,X,G,C,50,0,0,1,1877992,5822670
Tauranga City,02/04/2014,Wed,1530,CA,PE1,130A 402A 810 ,,R,D,B ,F , , ,N,50,0,0,1,1878648,5822123
Tauranga City,22/05/2014,Thu,1720,EA,CW1C,129A 370A ,M,R,D,TF,F , ,N,N,50,0,0,0,1878532,5822219
Tauranga City,29/08/2014,Fri,1000,MC,CW1CCC,330B 372B ,M,R,D,B ,F , , ,C,50,0,0,2,1879130,5823741
Tauranga City,15/05/2014,Thu,736,DB,CS2C,111A 131A 402A ,M,S,W,B ,F ,T,G,C,50,0,0,0,1879034,5823770
Tauranga City,31/10/2014,Fri,830,EA,CE1C,101A 129A ,M,R,D,B ,F , ,N,C,50,0,0,0,1879236,5823709
Tauranga City,07/02/2014,Fri,1712,BC,CN1C,111A 122A ,,S,W,O ,L ,T,G,L,50,0,0,0,1879050,5822654
Tauranga City,24/09/2014,Wed,1328,FD,CS1X,181A ,,R,D,BF,F ,T,G,C,50,0,0,0,1877785,5821216
Tauranga City,24/03/2014,Mon,1530,LB,SN1C,303B 375B 930 ,,R,D,B ,F ,D,N,C,50,0,0,1,1878642,5822193
Tauranga City,20/11/2014,Thu,1558,FD,4S1C4,181A ,,R,D,BF,F , ,N,C,50,0,0,0,1878557,5822095
Tauranga City,18/06/2014,Wed,804,NA,CS1E,713B ,,R,D,B ,F , , ,C,50,0,0,0,1877198,5820375
Tauranga City,13/08/2014,Wed,756,NA,CS1E,306A 376A ,,R,D,B ,F ,X,G,X,50,0,0,1,1877257,5820528
Tauranga City,06/03/2014,Thu,1821,HO,CS1S,370A 210B 350B 387B ,,R,D,B ,F , , ,X,50,0,0,0,1877264,5820547
Tauranga City,26/08/2014,Tue,1545,MO,SS1C,204A 210A 370A 370B 925 ,,R,D,O ,F ,D,G,X,50,0,0,1,1877892,5821342
Tauranga City,06/05/2014,Tue,1723,FD,CN1C,331A 351A ,,R,D,BF,F ,X,G,P,50,0,0,0,1878361,5821874
Tauranga City,08/01/2014,Wed,910,FA,CS1V,181A 331A ,,R,D,B ,F , , ,C,50,0,0,0,1878364,5821878
Tauranga City,26/02/2014,Wed,1730,FD,CN1CC,331A 352A ,,R,D,O ,FS, , ,C,50,0,0,1,1878301,5821807
Tauranga City,27/06/2014,Fri,1235,CB,CS1CC,136A 668A ,M,R,D,OF,F , ,N,C,50,0,0,0,1878747,5822315
Tauranga City,23/11/2014,Sun,1130,CB,CS1,103A 130A 402A ,T,R,D,B ,F , , ,L,50,0,0,3,1878708,5822270
Tauranga City,02/09/2014,Tue,2213,CC,CN1,410A ,P,R,W,DO,F , , ,C,50,0,0,0,1876833,5819700
Tauranga City,09/03/2014,Sun,1616,AA,SN1V,350A 372A 197B ,,R,D,B ,F , , ,C,50,0,0,0,1876778,5819617
Tauranga City,11/06/2014,Wed,1730,DA,CN1C,111A 131A ,M,E,W,DO,H , ,N,C,50,0,0,0,1889733,5822255
Tauranga City,27/08/2014,Wed,1510,FD,CE1C,130A 181A 501A ,,R,D,B ,F , , ,R,50,0,0,0,1884428,5825286
Tauranga City,06/02/2014,Thu,2100,EB,CN14,370A 651B 830 ,Q,R,D,DO,F ,T,T,R,50,0,0,1,1884446,5825295
Tauranga City,01/09/2014,Mon,328,MC,CW1C,352B 372B ,,R,D,DO,F ,T,T,R,50,0,0,0,1884446,5825295
Tauranga City,16/05/2014,Fri,2020,LB,CE1V,103A 303B 375B 925 ,,R,D,DO,F ,D,T,R,50,0,0,0,1884446,5825295
Tauranga City,31/03/2014,Mon,1631,EA,CE1C,129A 354A ,M,R,D,B ,F , ,N,C,50,0,0,0,1884733,5825441
Tauranga City,20/05/2014,Tue,1649,FA,CN1C,181A 331A ,,R,D,B ,F ,T,S,P,50,0,0,0,1884688,5825419
Tauranga City,25/11/2014,Tue,2102,MA,CN1CC,373B ,PQ,R,D,DO,F , ,N,C,50,0,0,1,1884981,5825562
Tauranga City,03/09/2014,Wed,1250,FA,CN1C,501A ,,E,D,BF,F , ,N,C,50,0,0,1,1884976,5825559
Tauranga City,10/07/2014,Thu,1013,GD,CN1V,331A 352A ,,R,D,OF,F ,T,G,N,50,0,0,0,1884994,5825568
Tauranga City,13/10/2014,Mon,1950,LB,CE1C,303B ,,R,D,DO,F ,T,G,P,50,0,0,1,1884595,5825372
Tauranga City,11/09/2014,Thu,2014,LB,ME14,303B ,,R,W,DO,F ,T,G,C,50,0,0,0,1884595,5825372
Tauranga City,03/09/2014,Wed,1120,GO,CS1B,102A 150A 387A 925 ,,R,D,B ,F ,D,N,R,50,0,0,0,1884273,5825219
Tauranga City,06/09/2014,Sat,1340,KA,CE1C,308B 925 ,,R,D,O ,F ,D,N,C,50,0,0,0,1884319,5825237
Tauranga City,12/05/2014,Mon,1016,KA,TW14,308A 357B 927 ,,R,D,B ,F ,D,N,R,50,0,0,0,1884273,5825219
Tauranga City,29/05/2014,Thu,941,EC,CW1,826,D,R,D,O ,F ,R,G,C,70,0,0,0,1884223,5825212
Tauranga City,17/05/2014,Sat,2205,NB,CN1E,105B 711B ,,R,D,DO,F , , ,C,50,0,0,1,1884513,5825119
Tauranga City,27/06/2014,Fri,2136,EA,VN1C,101A 129A 130A ,MP,R,D,DO,F ,T,S,C,50,0,0,0,1883149,5826692
Tauranga City,07/04/2014,Mon,745,FB,CW1P,181A 331A ,,M,D,B ,F ,R,G,C,50,0,0,1,1882997,5826555
Tauranga City,14/02/2014,Fri,1830,GB,VW1C,404A ,,R,D,OF,F ,R,G,C,50,0,0,0,1882994,5826551
Tauranga City,18/11/2014,Tue,1115,PC,CE1E,371A 727B 929 ,,R,D,BN,F ,D,N,C,50,0,0,1,1878712,5821843
Tauranga City,14/11/2014,Fri,2319,CB,CN1,112A ,P,R,D,DO,F , ,N,C,50,0,0,0,1878531,5821641
Tauranga City,27/09/2014,Sat,2130,DA,CE1,111A 131A 514A ,T,E,D,DO,F ,R,G,R,50,0,0,0,1889070,5822347
Tauranga City,06/09/2014,Sat,1525,MO,SN24,330A 927 ,,R,D,O ,F ,R,G,R,50,0,0,1,1879256,5824190
Tauranga City,13/08/2014,Wed,1004,LB,CE1C,303B 351B ,,R,D,B ,F ,T,G,C,50,0,0,1,,
Tauranga City,19/04/2014,Sat,1335,HA,4E1C,112B 357B ,S,R,W,O ,F ,R,G,C,50,0,0,0,1888427,5822522
Tauranga City,15/07/2014,Tue,1245,PC,4W1E,371A 930 ,,R,D,B ,F ,D,N,N,50,0,0,1,1876325,5819874
Tauranga City,30/08/2014,Sat,920,JA,SS1C,302B ,,E,D,O ,F ,R,G,R,50,0,0,0,1886516,5824064
Tauranga City,01/02/2014,Sat,123,CC,CE1,103A ,FH,R,D,DO,F , ,N,C,50,0,0,1,1885116,5825096
Tauranga City,31/07/2014,Thu,2245,DC,CS2,103A 108A 112A ,P,R,D,DO,F ,T,G,N,50,0,0,0,1885132,5825084
Tauranga City,19/12/2014,Fri,1215,MF,CN1C,371B ,,R,D,B ,F , , ,C,50,0,0,0,1879411,5824461
Tauranga City,16/07/2014,Wed,2323,DC,CN1,111A 131A ,HX,E,D,DO,F ,T,N,N,50,0,0,0,1879413,5824476
Tauranga City,08/05/2014,Thu,905,DB,TN1,191A 197A ,C,M,W,OF,L , ,N,N,70,0,0,0,1879138,5820104
Tauranga City,20/11/2014,Thu,2046,DA,CN1,130A 359A ,,E,D,DO,F ,T,G,L,50,0,0,0,1879108,5820058
Tauranga City,10/06/2014,Tue,1713,HA,CN2C,302B 370B 901 903 ,S,R,W,DO,HS,X,G,C,50,0,0,1,1879302,5824701
Tauranga City,30/04/2014,Wed,1243,MO,CE1C,330A 371A 926 ,M,R,D,B ,F ,D,N,N,50,0,0,0,1879394,5824704
Tauranga City,03/07/2014,Thu,1715,FA,CW1C,181A 331A 402A ,,R,W,O ,F , , ,C,70,0,0,0,1882561,5826436
Tauranga City,15/10/2014,Wed,1703,FD,CE1VC,181A 331A 181B ,,R,D,B ,F , , ,L,70,0,0,1,1882572,5826459
Tauranga City,28/11/2014,Fri,855,MO,TE1,669A 927 ,C,R,W,O ,L ,D,N,C,70,0,0,0,1882582,5826459
Tauranga City,18/05/2014,Sun,1745,LB,CE1C,302A 375A ,,M,D,DO,F ,R,G,R,70,0,0,0,1882964,5826537
Tauranga City,28/11/2014,Fri,1825,FB,ME1M,181A ,,E,D,O ,F ,R,G,C,70,0,0,1,1882890,5826495
Tauranga City,14/11/2014,Fri,1220,FD,4W1C,181A ,,R,D,BF,F , ,N,C,50,0,0,0,1881469,5827669
Tauranga City,02/07/2014,Wed,1500,FB,CE1C,181A 387A ,,E,D,OF,L ,T,G,R,50,0,0,0,1882104,5827824
Tauranga City,04/02/2014,Tue,1500,GF,CE1C,129A ,,E,D,O ,F ,T,T,R,50,0,0,0,1882104,5827824
Tauranga City,08/03/2014,Sat,1517,CB,CE1C,112A 130A 402A ,KM,R,D,B ,F , , ,C,50,0,0,0,1881577,5827665
Tauranga City,07/05/2014,Wed,1453,CB,CW1C,428A ,M,R,D,OF,F , ,N,N,50,0,0,0,1876798,5821784
Tauranga City,24/05/2014,Sat,1425,LB,CW1C,301A 321A ,,R,D,O ,F ,T,S,C,50,0,0,0,1880814,5819706
Tauranga City,26/06/2014,Thu,1825,EA,CN1X,101A 129A 645A ,Q,R,D,DF,F , , ,P,50,0,0,1,1882115,5826196
Tauranga City,11/05/2014,Sun,2133,DA,MN14,131A 191A 402A ,M,E,D,DO,F , , ,C,50,0,0,1,1875891,5823337
Tauranga City,24/08/2014,Sun,1640,BF,CE1C,111A 131A ,E,M,D,B ,F , , ,N,70,0,0,4,1879838,5819333
Tauranga City,05/06/2014,Thu,1655,FB,CE1C,387A ,,R,D,OF,F ,T,G,R,50,0,0,0,1876346,5820364
Tauranga City,31/10/2014,Fri,805,FB,CE1C,181A 330A ,,R,D,O ,F ,T,G,P,50,0,0,0,1876346,5820364
Tauranga City,18/10/2014,Sat,940,MO,CS1C,330B 371B ,,R,D,O ,F ,T,G,C,50,0,0,0,1876346,5820364
Tauranga City,17/06/2014,Tue,2246,DA,CN1,111A 133A 357A ,F,E,W,DO,L , , ,N,50,0,0,1,1884889,5824419
Tauranga City,11/02/2014,Tue,1000,MG,CW1C,371B ,,E,D,BF,F , ,N,C,50,0,0,0,1875242,5826074
Tauranga City,11/01/2014,Sat,1000,MC,CE1CC,372B ,MH,R,D,B ,F , , ,C,50,0,0,0,1876388,5826724
Tauranga City,25/05/2014,Sun,654,DB,CW1,111A 131A ,CFJ,M,W,O ,F , , ,C,50,0,0,0,1876027,5826649
Tauranga City,10/06/2014,Tue,1330,EA,CS1C,130A 351A ,M,R,D,O ,F ,T,G,C,50,0,0,0,1883682,5825916
Tauranga City,28/04/2014,Mon,820,KB,VN1V,308B 927 ,,R,D,B ,F ,D, ,C,50,0,0,0,1883165,5826082
Tauranga City,07/05/2014,Wed,,EA,BE1V,129A 386A 927 ,M,R,D,O ,F ,D, ,C,50,0,0,0,1876462,5818804
Tauranga City,03/06/2014,Tue,1521,NA,CS1E,712B 713B ,,R,D,B ,F , , ,C,50,0,0,1,1885329,5825437
Tauranga City,13/05/2014,Tue,630,KA,SW2V,302B ,,R,D,DO,F ,T,G,C,50,0,0,0,1885091,5825621
Tauranga City,26/12/2014,Fri,1820,FB,CW1C,181A 331A ,,R,D,B ,F ,T,G,R,50,0,0,0,1885091,5825621
Tauranga City,07/05/2014,Wed,648,CC,PE1,138A 812 817 ,,R,D,TO,F , , ,R,60,0,0,1,1886623,5824516
Tauranga City,06/11/2014,Thu,1436,NA,CE1E,711B 712B ,,R,D,BF,F , ,N,C,50,0,1,0,1885353,5825418
Tauranga City,31/05/2014,Sat,1305,GB,CS1C,158A 333A 387A 929 ,,R,W,B ,F ,D,N,C,50,0,0,0,1885381,5825397
Tauranga City,15/05/2014,Thu,1800,FD,CS1CV,112A 331A ,,R,D,DO,F , , ,C,50,0,0,0,1885855,5825034
Tauranga City,01/04/2014,Tue,1759,FD,CS1C,181A ,,R,D,BF,F , ,N,P,50,0,0,0,1885682,5825164
Tauranga City,31/12/2014,Wed,2327,MC,CN1C,372B ,,R,W,DO,L , ,N,C,50,0,0,0,1882398,5828329
Tauranga City,30/07/2014,Wed,2230,AC,VS1C,512A 514B 517B ,,R,D,DO,F ,T,G,C,50,0,0,0,1882546,5828195
Tauranga City,24/08/2014,Sun,920,MO,CW1,133A 423A ,F,R,D,BF,F , ,N,C,50,0,0,0,1880726,5830141
Tauranga City,25/03/2014,Tue,1630,NB,CN1E,711B ,,R,D,DO,F , ,N,C,50,0,0,0,1882272,5828470
Tauranga City,30/10/2014,Thu,1638,FA,CW1C,191B 404B 420B ,,E,D,O ,F , ,N,C,50,0,0,0,1879579,5825524
Tauranga City,02/02/2014,Sun,1618,CB,CW1,130A 524A ,,R,D,B ,F , , ,C,50,0,0,0,1879385,5825442
Tauranga City,03/09/2014,Wed,1320,HA,CN24,302A 375A ,,R,D,B ,F ,X,G,C,50,0,0,0,1881281,5828498
Tauranga City,19/12/2014,Fri,1330,GD,CE1C,112A 331A ,,R,D,B ,F ,T,G,C,50,0,0,0,1884108,5825194
Tauranga City,05/09/2014,Fri,1713,CC,ME1,130A ,C,R,D,DN,F , , ,C,70,0,1,0,1881717,5823115
Tauranga City,01/03/2014,Sat,1015,NB,CS1E,711B 712B 732B ,,R,D,B ,F , , ,P,50,0,1,0,1880968,5829352
Tauranga City,06/08/2014,Wed,130,CA,CS1,101A 410A ,IS,R,D,DO,F , , ,R,50,0,0,0,1880983,5829305
Tauranga City,18/08/2014,Mon,1935,MO,VS1C,371A ,Q,R,D,DO,F , , ,R,50,0,0,0,1880989,5829286
Tauranga City,03/12/2014,Wed,1410,CA,CS1V,130A 354A ,,R,D,B ,F , , ,P,50,0,0,0,1881918,5827981
Tauranga City,25/06/2014,Wed,1703,JA,VS1C,302B 353B 801 ,P,R,W,TO,L ,T,G,R,50,0,0,0,1882380,5827496
Tauranga City,26/06/2014,Thu,1121,FC,CW1CM4,331A 352A 181B ,,R,D,O ,F , , ,X,50,0,0,1,1881197,5828999
Tauranga City,08/02/2014,Sat,1525,JA,CS1C,302B ,,R,D,O ,F ,T,G,R,50,0,0,0,1882306,5827613
Tauranga City,12/04/2014,Sat,1730,AC,CW2C,372A ,,E,D,OF,F ,R,G,R,70,0,0,0,1882967,5826531
Tauranga City,01/01/2014,Wed,200,FE,CS1C,101A 181A ,,R,D,DO,F ,T,T,C,50,0,0,0,1882104,5827824
Tauranga City,23/03/2014,Sun,1415,FE,VE1C,181A ,,R,D,BF,F ,T,T,C,50,0,0,1,1882104,5827824
Tauranga City,21/04/2014,Mon,1815,MO,CN1C,371A ,M,R,D,DO,F ,T,N,R,50,0,0,0,1881011,5829226
Tauranga City,24/01/2014,Fri,2110,MC,SN1C,372B ,,R,D,TO,F ,T,G,C,50,0,0,1,1881007,5829230
Tauranga City,26/01/2014,Sun,1620,FC,CN1C,181A 351A ,,R,D,B ,F , , ,X,50,0,0,0,1881505,5828582
Tauranga City,15/05/2014,Thu,1809,BE,PN1C,101A 137A ,,R,D,DO,F , ,N,P,50,0,0,1,1881769,5828116
Tauranga City,26/07/2014,Sat,2250,EC,CS1C,129A 130A 402A ,M,R,D,DO,F , , ,C,50,0,1,0,1881769,5828116
Tauranga City,28/11/2014,Fri,1135,CB,CN1,129A 414A ,P,R,W,OF,F ,T,N,R,50,0,0,1,1881687,5828190
Tauranga City,18/12/2014,Thu,1617,LB,CS1V,303B 330B ,,R,D,B ,F ,T,G,P,50,0,0,0,1881506,5828580
Tauranga City,20/10/2014,Mon,1500,FD,CS14,181A 331A ,,R,D,O ,F ,T,G,C,50,0,0,1,1882612,5827130
Tauranga City,28/10/2014,Tue,1220,GA,CS14,181A 350A ,,R,D,O ,F ,T,T,C,50,0,0,0,1882209,5827737
Tauranga City,31/05/2014,Sat,1841,ME,MN1C,382B ,,R,D,DO,F , , ,C,50,0,1,0,1879932,5820586
Tauranga City,07/04/2014,Mon,920,JA,PN2C,301B 375B ,,R,D,OF,F ,T,S,R,50,0,0,0,1878712,5826024
Tauranga City,14/02/2014,Fri,1855,MO,CE1,101A 353A 371A 929 ,P,E,D,B ,F ,D,N,C,50,0,0,0,1876398,5826483
Tauranga City,07/07/2014,Mon,1801,NB,CN1E,712B 713B 727B ,,E,D,TO,F , , ,C,50,0,1,0,1880529,5818803
Tauranga City,11/05/2014,Sun,2303,CB,40,410A ,P,R,D,DO,F , , ,C,50,0,0,0,1875946,5823869
Tauranga City,25/05/2014,Sun,32,DA,CE1,111A 133A 801 ,G,E,W,DO,L ,X,T,N,80,0,0,0,1879567,5825671
Tauranga City,08/10/2014,Wed,1455,AA,TN1V,158A 184A ,,R,D,O ,F , , ,C,70,0,0,0,1879571,5825820
Tauranga City,16/07/2014,Wed,220,DA,CN1,103A 111A 131A ,G,R,D,DO,F ,X,T,N,80,0,0,0,1879567,5825671
Tauranga City,22/03/2014,Sat,1620,KA,SS1C,302B 375B ,,E,D,O ,F ,X,G,C,80,0,0,0,1879567,5825671
Tauranga City,18/07/2014,Fri,1708,LB,VS1C,303B 353B ,,R,D,B ,F ,T,S,R,60,0,0,0,1874503,5821341
Tauranga City,08/11/2014,Sat,1530,DA,CN1,131A 501A ,C,E,D,B ,F , , ,C,60,0,0,0,1874497,5821688
Tauranga City,06/01/2014,Mon,600,MO,VE1C,371A ,M,R,D,O ,F , , ,N,50,0,0,0,1879496,5824968
Tauranga City,04/10/2014,Sat,15,MO,CS1C,371A 901 ,M,R,W,DO,H , , ,N,50,0,0,0,1881533,5829164
Tauranga City,17/12/2014,Wed,1730,MO,4S1C,386A 901 ,,E,W,O ,H , , ,N,50,0,0,0,1882063,5828526
Tauranga City,14/11/2014,Fri,1140,EA,TS1C,663A ,M,R,D,OF,F , ,N,C,50,0,0,0,1882611,5826917
Tauranga City,30/04/2014,Wed,1158,LB,CS1CC,303B 375B 927 ,M,R,D,B ,F ,D, ,C,50,0,0,0,1882680,5826806
Tauranga City,29/08/2014,Fri,1420,FD,CE1C,331A ,,E,D,BF,F , ,N,C,50,0,0,0,1882234,5827487
Tauranga City,14/03/2014,Fri,1639,LB,4S1C,303B 927 ,,R,D,B ,F ,D,N,C,50,0,0,1,1882566,5826989
Tauranga City,26/06/2014,Thu,1800,FD,CW1C,331A 351A ,,R,D,DO,F , , ,R,50,0,0,0,1878167,5826366