TLANAME,CRASHDATE,CRASHDOW,CRASHTIME,MVMT,VEHICLES,CAUSES,OBJECTSSTRUCK,ROADCURVE,ROADWET,LIGHT,WTHRa,JUNCTYPE,TRAFCTRL,ROADMARK,SPDLIM,CRASHFATALCNT,CRASHSEVCNT,CRASHMINCNT,EASTING,NORTHING
Tauranga City,18/12/2014,Thu,800,FD,VW1CV,331A ,,R,D,B ,F , , ,R,50,0,0,0,1878195,5826355
Tauranga City,16/05/2014,Fri,1405,DB,CW1,131A ,EF,E,D,B ,F , , ,C,50,0,1,0,1878037,5826439
Tauranga City,17/03/2014,Mon,1445,MO,CE1C,371A 929 ,M,R,D,B ,F ,D, ,N,50,0,0,0,1878746,5826142
Tauranga City,02/12/2014,Tue,1653,GD,ME1C,333A 927 ,,R,D,B ,F ,D, ,C,50,0,0,1,1877564,5826513
Tauranga City,27/09/2014,Sat,1000,GF,CN1C,381A 434A ,,R,D,BF,F ,T,G,C,50,0,0,0,1877556,5821837
Tauranga City,18/12/2014,Thu,900,HA,CS2C,302A ,,R,D,O ,F ,R,G,R,50,0,0,0,1878738,5823274
Tauranga City,12/06/2014,Thu,1223,CB,CE1,130A 133A 402A ,FH,R,W,O ,H , , ,N,50,0,0,1,1875984,5819577
Tauranga City,31/05/2014,Sat,313,BF,CN1CC,101A 131A ,,M,D,DO,F , , ,C,50,0,0,0,1884176,5826461
Tauranga City,02/01/2014,Thu,1030,MC,CS1V,372B ,,R,D,B ,F ,T,G,C,50,0,0,0,1885127,5825669
Tauranga City,14/05/2014,Wed,854,MB,PN1C,330B 372B ,,R,W,O ,L , ,N,C,50,0,1,0,1883067,5827591
Tauranga City,16/04/2014,Wed,805,KA,SW1C,302B 375B ,,R,D,OF,F ,T,G,C,50,0,1,0,1885351,5825499
Tauranga City,17/09/2014,Wed,815,KA,SW1V,302B 375B ,,M,D,B ,F ,T,G,C,50,0,1,0,1885351,5825499
Tauranga City,16/09/2014,Tue,730,GE,PW1C,151A 330A 370B ,,R,D,B ,F ,T,G,C,50,0,0,1,1883589,5827066
Tauranga City,06/10/2014,Mon,110,DA,CS24C,103A 131A ,X,R,D,DO,F ,T,G,C,50,0,0,0,1883589,5827066
Tauranga City,22/10/2014,Wed,2148,CB,CS1C,103A 129A ,M,R,D,DO,F , ,N,C,50,0,0,0,1881296,5829246
Tauranga City,06/06/2014,Fri,2011,CA,CE1C,136A 668A ,M,R,D,DO,F , ,N,N,50,0,0,0,1881533,5828987
Tauranga City,17/03/2014,Mon,2358,CB,CS1,103A 129A ,T,R,D,DO,F ,X,S,C,50,0,0,1,1881602,5828902
Tauranga City,11/01/2014,Sat,1633,EA,VS1V,129A 130A 350A ,FM,R,D,B ,F , , ,C,50,0,0,1,1881761,5828706
Tauranga City,20/08/2014,Wed,2225,EA,VS1C,129A ,M,R,W,DO,F , , ,C,50,0,0,0,1878870,5819126
Tauranga City,21/07/2014,Mon,2114,EA,CS1C,104A 129A ,M,R,W,DO,L , , ,C,50,0,0,0,1879085,5819476
Tauranga City,08/11/2014,Sat,,FA,CS1C,357A 512A ,,R,D,DO,F ,T,N,C,50,0,0,0,1878626,5817808
Tauranga City,03/09/2014,Wed,1105,HA,CS1V,102B 302B 375B ,,R,D,B ,F ,X,G,C,50,0,0,1,1878685,5818816
Tauranga City,21/08/2014,Thu,1617,AO,TN1C,179A ,Q,R,D,BF,F ,R,G,C,50,0,0,0,1876696,5819492
Tauranga City,23/12/2014,Tue,1417,DB,BN1,131A 501A ,G,M,D,B ,F , , ,C,100,0,0,0,1876985,5819084
Tauranga City,16/11/2014,Sun,2142,FD,CN1C,181A 191B 357B ,,R,D,DO,F ,T,G,C,50,0,0,0,1880719,5819193
Tauranga City,20/08/2014,Wed,1020,GF,CS1C,387A 927 ,,R,D,BF,F ,D,N,C,50,0,0,0,1876507,5823906
Tauranga City,30/10/2014,Thu,308,DA,CS1,103A 111A ,FP,E,D,DO,F ,R,T,P,50,0,0,0,1876516,5823877
Tauranga City,23/07/2014,Wed,402,CB,CN1,330A 402A 645A ,FK,R,W,DO,F ,R,T,C,50,0,0,0,1876516,5823877
Tauranga City,26/09/2014,Fri,1900,HA,CS1C4,302A ,,E,D,TF,F ,R,G,R,50,0,0,0,1876349,5823236
Tauranga City,08/04/2014,Tue,830,JA,MS1C,302B 375B ,,R,D,BF,F ,T,G,R,50,0,0,1,1876526,5824680
Tauranga City,25/10/2014,Sat,850,CB,CS1,103A 130A 354A ,P,R,D,B ,F , , ,C,50,0,0,0,1876840,5826023
Tauranga City,31/10/2014,Fri,1520,GD,CN1C,333A ,,R,D,OF,F ,T,S,C,50,0,0,2,1876575,5825101
Tauranga City,28/12/2014,Sun,1815,CC,CN1,504A ,CS,R,D,BF,F , ,N,P,50,0,0,1,1876871,5826170
Tauranga City,06/07/2014,Sun,1100,LB,CN1C,302A ,,E,D,BF,F ,R,G,C,50,0,0,0,1876959,5826634
Tauranga City,31/10/2014,Fri,1630,FD,CN1CC,181A 330A ,,R,D,O ,FS, ,N,P,50,0,0,1,1876507,5823989
Tauranga City,21/11/2014,Fri,2150,LB,PN1C,303B ,,R,D,DO,F ,T,G,C,50,0,0,0,1876579,5824871
Tauranga City,01/08/2014,Fri,1051,CB,CS1,113A 504A ,PS,R,D,B ,F ,R,G,R,50,0,0,1,1876352,5823234
Tauranga City,16/09/2014,Tue,1510,HA,CS1P,302A 375A ,,R,D,OF,F ,R,G,R,50,0,0,0,1876349,5823236
Tauranga City,21/06/2014,Sat,1753,GE,CN1C,151A 372B 929 ,P,R,D,DO,F ,D,N,C,50,0,0,0,1876397,5823419
Tauranga City,15/08/2014,Fri,730,EA,CW1C,129A ,M,R,D,B ,F , ,N,C,50,0,0,1,1876564,5823238
Tauranga City,10/09/2014,Wed,255,FD,CW1C,181A ,,R,D,DO,F ,T,N,C,50,0,0,1,1891004,5821985
Tauranga City,31/03/2014,Mon,855,FA,CN1V,331A 350A 402A 817 ,F,R,D,B ,F ,T,G,C,60,0,0,2,1888312,5823408
Tauranga City,03/04/2014,Thu,755,EA,BE1C,361A 386A ,M,R,D,B ,F ,T,N,C,50,0,0,0,1894132,5820555
Tauranga City,04/11/2014,Tue,1630,KA,SS1C,302B 375B ,,R,D,B ,F ,R,G,C,50,0,0,1,1889616,5822688
Tauranga City,27/10/2014,Mon,1706,CC,CE1,410A ,FT,R,D,O ,F ,T,G,R,60,0,0,0,1887636,5823843
Tauranga City,27/12/2014,Sat,1504,NA,CE1E,110A 713B 727B ,,R,D,B ,F , ,N,C,60,0,0,1,1891322,5821846
Tauranga City,23/12/2014,Tue,1315,MC,VE14,330B 372B ,,R,D,B ,F , , ,C,60,0,0,0,1893197,5820947
Tauranga City,02/01/2014,Thu,1000,FD,CW1CC,331A ,,R,D,BF,F , ,N,C,50,0,0,0,1886648,5824501
Tauranga City,23/12/2014,Tue,1842,EA,CN1V,103A 129A 130A ,M,R,D,TF,F , , ,C,60,0,0,0,1891809,5821636
Tauranga City,31/01/2014,Fri,2239,MO,CS1C,103A 371A 929 ,M,R,D,DO,F ,D, ,C,50,0,0,0,1893826,5820686
Tauranga City,21/07/2014,Mon,505,EA,CE1C,129A 358A ,M,R,W,DO,L , ,N,L,50,0,0,0,1887103,5824203
Tauranga City,28/09/2014,Sun,1328,MC,CW1C,372B ,,R,D,B ,F , , ,C,60,0,0,0,1886710,5824464
Tauranga City,18/10/2014,Sat,2053,DA,CN1,111A 131A 402A 901 ,,E,W,DO,H ,R,G,C,60,0,0,0,1887056,5824227
Tauranga City,19/07/2014,Sat,1220,GA,CE1T,181A 331A 351A 930 ,,R,D,B ,F ,D, ,C,60,0,0,0,1888614,5823257
Tauranga City,30/12/2014,Tue,600,MO,40,371A ,V,R,D,TF,F , ,N,C,50,0,0,0,1893499,5820819
Tauranga City,04/01/2014,Sat,1440,FD,CE1C,331A 359A ,,R,D,B ,F ,R,G,R,50,0,0,0,1889595,5822709
Tauranga City,26/10/2014,Sun,1650,MD,CE1S,112B 130B 929 ,,R,D,B ,F ,D,N,C,50,0,1,0,1895248,5819936
Tauranga City,13/06/2014,Fri,1710,JA,ME1C,302B 375B ,,R,D,B ,F ,T,G,C,50,0,0,1,1892293,5821201
Tauranga City,12/02/2014,Wed,800,CA,PW1,135A 330A 804 ,,R,D,B ,F ,M,G,C,50,0,0,1,1877747,5818663
Tauranga City,18/03/2014,Tue,855,GD,VW1C,333A ,,R,D,B ,F ,T,G,C,50,0,0,0,1877609,5818691
Tauranga City,31/03/2014,Mon,833,DA,TE2CCC,131A 358A 902 ,M,R,D,B ,F ,T,G,C,50,0,0,0,1881760,5827426
Tauranga City,03/01/2014,Fri,745,CB,CE1,129A ,H,R,D,BF,F , ,N,C,50,0,1,0,1880845,5829575
Tauranga City,08/04/2014,Tue,1726,BF,CN1C,132A ,,M,W,ON,L , ,N,C,100,0,0,0,1877046,5817270
Tauranga City,19/12/2014,Fri,1310,FB,4S1C,181A 331A ,I,E,D,B ,F ,T,G,R,60,0,1,0,1875192,5818066
Tauranga City,11/08/2014,Mon,1200,EA,CS1C,129A ,M,R,D,BF,F , ,N,C,50,0,0,0,1875905,5825552
Tauranga City,09/01/2014,Thu,1614,DB,CE2,103A 111A 131A 632A ,E,M,D,B ,F ,T,S,C,60,0,0,0,1882320,5819619
Tauranga City,29/01/2014,Wed,900,EA,400000000000000,129A 504A ,M,R,D,B ,F ,T,N,C,50,0,0,0,1881074,5829060
Tauranga City,16/11/2014,Sun,1700,KB,CN1C,301B ,,R,D,B ,F ,X,S,C,50,0,0,1,1876274,5819182
Tauranga City,29/07/2014,Tue,441,QD,CN1,611A 612A ,T,R,D,DO,F , , ,N,50,0,0,0,1874132,5818294
Tauranga City,10/01/2014,Fri,1,DA,CE1,111A 131A ,KT,E,D,DO,F , , ,C,50,0,0,0,1878797,5817301
Tauranga City,25/07/2014,Fri,1303,DA,CS1C,131A 358A ,M,E,D,BF,F , ,N,N,50,0,0,0,1878151,5818882
Tauranga City,25/11/2014,Tue,1420,EA,CS1C,129A ,M,R,D,B ,F ,T,G,P,50,0,0,0,1885143,5825101
Tauranga City,23/03/2014,Sun,1824,DA,CW2,101A 133A 357A ,F,R,D,BF,F ,T,G,R,50,0,0,0,1885132,5825084
Tauranga City,01/01/2014,Wed,1145,DB,PN2,103A 131A ,K,E,D,B ,F ,R,G,R,50,0,0,1,1889415,5822298
Tauranga City,30/10/2014,Thu,935,FB,4E2C,181A ,,E,D,OF,FS,R,G,R,70,0,0,0,1884163,5825202
Tauranga City,18/11/2014,Tue,1530,NA,CW1E,191A ,,E,D,B ,F , , ,C,50,0,0,1,1876290,5824835
Tauranga City,06/08/2014,Wed,1500,MO,TE1C,371A 671A 924 ,M,R,D,OF,F ,D,N,C,50,0,0,0,1878900,5823519
Tauranga City,12/05/2014,Mon,2000,BF,CS2V,131A ,IQ,R,D,DO,F ,X,G,R,50,0,0,1,1878887,5823526
Tauranga City,13/08/2014,Wed,1600,MO,4S1C,385A ,M,R,D,OF,F , ,N,N,50,0,0,0,1882357,5827559
Tauranga City,18/02/2014,Tue,1845,CB,CN1C,112A 129A ,,R,D,TN,F , ,N,N,50,0,0,0,1889103,5822873
Tauranga City,13/04/2014,Sun,2009,EA,CS1C,129A ,M,R,D,DO,F , , ,N,50,0,0,0,1875513,5822504
Tauranga City,25/04/2014,Fri,1920,JA,VE1C,302B 375B ,,R,D,DO,F ,T,G,R,50,0,0,0,1880434,5820898
Tauranga City,28/06/2014,Sat,1715,DA,CS1,103A 133A 430A ,T,E,D,TO,F , , ,C,50,0,0,1,1880400,5820828
Tauranga City,21/11/2014,Fri,1059,FA,ME1C,112A 150A 181A ,,R,D,B ,F , ,N,C,80,0,0,1,1877256,5822542
Tauranga City,26/10/2014,Sun,1600,KA,CS1C,302B ,,M,D,B ,F ,R,G,C,50,0,0,0,1889527,5820873
Tauranga City,03/01/2014,Fri,800,KA,SE1C,375B ,,R,D,BF,F ,T,N,C,50,0,0,2,1889868,5820789
Tauranga City,22/09/2014,Mon,1512,CC,CE1,130A 501A ,G,R,D,BF,F , ,N,C,60,0,0,0,1890073,5820781
Tauranga City,21/10/2014,Tue,745,AC,TW1C,177A 370A ,K,M,D,B ,F ,R,G,C,50,0,0,0,1873666,5818649
Tauranga City,07/07/2014,Mon,500,DB,CS1,111A ,KT,E,D,DO,F , ,N,C,50,0,0,0,1873588,5818609
Tauranga City,01/11/2014,Sat,1402,HA,CW24,302B 375B ,,R,D,BF,F ,X,G,C,50,0,0,0,1881245,5828769
Tauranga City,15/02/2014,Sat,1304,DB,MS1,131A 817 ,G,E,D,BF,F ,Y,N,N,80,1,0,0,1889479,5820782
Tauranga City,26/01/2014,Sun,1320,GF,TS1E,179A 381A ,,E,D,O ,F ,T,N,C,50,0,1,0,1880752,5829323
Tauranga City,13/03/2014,Thu,1405,FC,XN1C,181A 331A ,,E,D,B ,F , , ,C,50,0,0,0,1879552,5824541
Tauranga City,13/12/2014,Sat,2326,BE,CN1C,103A 129A ,,R,W,DO,L , ,N,C,50,0,0,0,1879553,5824517
Tauranga City,17/06/2014,Tue,2339,DA,CE1,101A 111A 131A 514A ,,E,W,DO,F ,T,N,C,50,0,0,1,1879173,5821938
Tauranga City,14/04/2014,Mon,1905,NB,CW1E,713B ,,R,W,DO,L , ,N,N,50,0,0,1,1878330,5822640
Tauranga City,18/03/2014,Tue,830,FD,CN1T,181A ,,R,D,BF,F , ,N,P,50,0,0,1,1881148,5827242
Tauranga City,11/01/2014,Sat,1640,FD,CN1C,112A 331A ,T,R,D,B ,F , , ,C,60,0,0,0,1881080,5829010
Tauranga City,19/09/2014,Fri,1526,FD,VS1C,181A ,,R,D,O ,F , , ,C,60,0,0,0,1881142,5827100
Tauranga City,14/06/2014,Sat,920,DA,MN1,111A 131A ,K,E,D,B ,F , , ,N,50,0,0,1,1881965,5827440
Tauranga City,30/10/2014,Thu,1015,LB,CE1C,303B 352B ,,R,D,O ,F ,X,G,C,50,0,0,0,1876031,5820725
Tauranga City,15/10/2014,Wed,1735,MO,VS1C,330B 371B 444B ,,R,D,B ,F ,X,G,C,50,0,0,0,1878422,5822803
Tauranga City,22/07/2014,Tue,1455,JA,CS1C,308B 375B 927 ,FX,R,D,B ,F ,D, ,C,50,0,0,0,1877069,5821355
Tauranga City,02/02/2014,Sun,2256,DA,CN1,111A 131A 423A ,X,M,D,DO,F , , ,N,50,0,0,0,1875893,5824385
Tauranga City,31/12/2014,Wed,1843,DA,4S1,103A 111A 131A 929 ,F,M,D,B ,F ,D, ,N,50,0,0,1,1877445,5825765
Tauranga City,14/08/2014,Thu,1154,EA,CW1C,129A 359A ,M,R,D,B ,F , , ,C,50,0,0,0,1877930,5826151
Tauranga City,20/09/2014,Sat,2108,EA,MS1C,104A 129A 330A ,M,R,W,DO,F , , ,C,50,0,1,0,1882594,5827715
Tauranga City,21/11/2014,Fri,1452,NB,CN1E,711B ,,R,D,B ,F , , ,N,50,0,0,1,1880768,5829623
Tauranga City,29/01/2014,Wed,1632,DB,CN1,111A 131A ,P,M,D,BF,F , ,N,N,50,0,0,2,1877955,5823084
Tauranga City,18/03/2014,Tue,1300,MO,VW1C,372A ,,E,D,B ,F ,X,T,C,50,0,0,0,1877742,5823075
Tauranga City,22/08/2014,Fri,1030,BF,CN2C,111A 131A 514A 517A ,Q,R,D,BF,F ,X,T,R,50,0,0,0,1877742,5823075
Tauranga City,15/09/2014,Mon,830,NA,CN1,306A 330A ,,R,D,B ,F , , ,X,50,0,0,1,1876398,5823256
Tauranga City,31/08/2014,Sun,1000,JA,CE1CC,191A 302B 375B 181C ,,R,W,B ,F ,T,G,C,50,0,0,0,1877461,5823207
Tauranga City,11/09/2014,Thu,1720,FD,CW1CV,331A 358A 191B ,,R,D,O ,F ,T,G,P,50,0,0,1,1877284,5823266
Tauranga City,22/08/2014,Fri,1600,AC,CW1C,330A 372A ,,R,D,B ,F , , ,C,50,0,0,0,1877699,5823090
Tauranga City,19/12/2014,Fri,1204,NB,CE1E,712B 713B ,,R,D,BF,F , ,N,C,50,0,1,0,1876398,5823256
Tauranga City,05/09/2014,Fri,1915,HA,CS2C,302A 353A 375A ,,E,W,DO,L ,R,G,R,50,0,0,0,1876349,5823236
Tauranga City,16/08/2014,Sat,1125,NC,CW1E,194A 387A 711B ,,M,D,B ,F ,T,S,C,50,0,0,1,1876905,5823396
Tauranga City,22/08/2014,Fri,1025,BA,CN1C,112A 129A 514A 517A ,Q,R,D,BF,F ,T,S,C,50,0,0,0,1876905,5823396
Tauranga City,01/01/2014,Wed,645,CB,CE1,103A 129A ,C,R,D,BF,F , ,N,P,50,0,0,1,1877507,5823190
Tauranga City,21/06/2014,Sat,205,DB,CW1,103A 111A 131A ,H,M,D,DO,F ,T,S,C,50,0,0,1,1877441,5823213
Tauranga City,11/01/2014,Sat,1717,GD,VE1C,181A ,,R,D,B ,F ,T,S,C,50,0,0,0,1877441,5823213
Tauranga City,13/05/2014,Tue,1315,GA,PE1C,181A 331A 402A 929 ,,R,D,B ,F ,D, ,P,50,0,0,1,1876977,5823372
Tauranga City,09/02/2014,Sun,210,EA,CW1C,129A ,M,E,D,DO,F , , ,C,50,0,0,0,1876670,5823404
Tauranga City,17/07/2014,Thu,500,CC,CE1,101A 112A 130A ,PT,R,D,DO,F , ,N,R,50,0,0,0,1875880,5823242
Tauranga City,25/11/2014,Tue,1820,JA,4W1V,322A ,,E,D,BF,F ,T,T,R,50,0,0,0,1875676,5823147
Tauranga City,22/11/2014,Sat,920,EA,CN1C,355A ,M,E,D,B ,F , ,N,N,50,0,0,0,1881222,5818722
Tauranga City,21/11/2014,Fri,1415,BE,CE1C,501A 507A ,,R,D,B ,F , , ,C,50,0,0,0,1876241,5827005
Tauranga City,04/08/2014,Mon,1815,EA,CN1C,129A ,M,R,W,DO,F , ,N,N,50,0,0,0,1886981,5823072
Tauranga City,13/07/2014,Sun,923,DA,CE1,501A ,KS,E,D,B ,F , , ,P,50,0,0,0,1881448,5819872
Tauranga City,06/03/2014,Thu,748,EA,CE1B,104A 112A 363A 902 ,M,R,D,B ,F , , ,P,50,0,0,1,1881424,5819874
Tauranga City,01/08/2014,Fri,1820,LB,MS1C,303B 375B ,,M,D,DO,F ,T,N,C,60,0,1,0,1880532,5819891
Tauranga City,31/12/2014,Wed,1230,LB,CW1C,303B 330B ,,E,D,O ,F ,T,G,C,60,0,0,0,1880641,5819811
Tauranga City,20/10/2014,Mon,200,DB,CE1,129A 131A 357A ,V,M,D,DN,F , , ,C,100,0,0,0,1887254,5820440
Tauranga City,29/03/2014,Sat,815,JA,SE14,321B 375B ,,E,D,B ,F ,T,S,C,60,0,0,1,1886370,5820300
Tauranga City,19/03/2014,Wed,2340,DB,CS1,103A 111A 431A ,P,E,D,DO,F , ,N,R,50,0,0,1,1880168,5819857
Tauranga City,21/08/2014,Thu,902,FE,CS1C,331A 386A ,,R,D,B ,F ,T,T,X,50,0,0,0,1879286,5819746
Tauranga City,06/04/2014,Sun,1927,DA,VN2,131A ,IP,R,D,DO,F ,T,T,R,50,0,0,0,1879290,5819743
Tauranga City,13/11/2014,Thu,900,LB,CW1C,303B 352B 375B 930 ,,E,D,OF,F ,D,N,C,60,0,0,0,1882419,5819607
Tauranga City,20/05/2014,Tue,943,GB,CW1T,158A 817 929 ,,R,D,B ,F ,D,N,N,80,0,0,0,1882612,5819632
Tauranga City,23/09/2014,Tue,600,DB,CW1,111A 402A 410A ,C,E,D,B ,F , , ,C,80,0,0,0,1883200,5819948
Tauranga City,04/09/2014,Thu,1920,DB,CW1,110A 131A ,,S,W,DN,F , ,N,C,80,0,0,0,1888301,5820167
Tauranga City,20/04/2014,Sun,1750,DA,MW1,111A 514A ,,M,W,DN,F ,T,N,C,100,0,0,0,1888257,5820143
Tauranga City,20/06/2014,Fri,1820,AA,CE1V,372A ,,E,D,DO,F ,R,T,R,50,0,0,0,1879258,5819773
Tauranga City,31/10/2014,Fri,209,NG,VE1E,376A ,,R,D,DO,F , , ,C,50,0,0,0,1879498,5824585
Tauranga City,11/11/2014,Tue,1244,MG,CE1B,371B ,,R,D,BF,F , ,N,C,50,0,0,0,1879428,5824583
Tauranga City,25/08/2014,Mon,1630,HA,SN1C,302B 370B ,,R,D,B ,F ,X,G,C,50,0,0,1,1879444,5824705
Tauranga City,24/11/2014,Mon,930,HA,4W2C,103B 112B ,,R,D,O ,F ,X,S,C,50,0,0,0,1879438,5824865
Tauranga City,27/03/2014,Thu,1017,MO,VN1T,330A ,M,R,D,BF,F , ,N,N,50,0,0,0,1879449,5824559
Tauranga City,29/05/2014,Thu,1925,HA,CW2M,301A 375A ,,R,D,DO,F ,X,S,C,50,0,0,1,1879448,5824584
Tauranga City,23/07/2014,Wed,735,MD,BE1C,371B 929 ,,R,D,O ,F ,D,N,C,50,0,0,0,1877781,5819476
Tauranga City,13/09/2014,Sat,1710,EA,TN1C,130A 410A ,M,E,D,O ,F , ,N,C,50,0,0,0,1877639,5819182
Tauranga City,28/05/2014,Wed,1802,JA,PN1C,302B 387B ,,R,D,DO,F ,T,G,C,50,0,0,1,1875911,5825200
Tauranga City,09/09/2014,Tue,1525,DA,CN2,131A 402A ,P,R,D,BF,F ,T,G,C,50,0,0,0,1875672,5820752
Tauranga City,22/04/2014,Tue,1550,FO,SN1C,174A ,,R,D,B ,F , ,N,N,50,0,0,1,1884314,5825295
Tauranga City,31/08/2014,Sun,15,DA,CN1,103A 433A ,P,R,D,DO,FS, ,N,N,20,0,0,1,1884170,5825390
Tauranga City,29/05/2014,Thu,1030,AA,TW1C,111A 386A ,,E,D,O ,F ,R,G,R,50,0,0,0,1873906,5823406
Tauranga City,24/09/2014,Wed,830,FD,CE1C,181A ,,R,D,BN,F , ,N,C,90,0,0,0,1874074,5823403
Tauranga City,10/05/2014,Sat,1449,AC,CE1M,372A ,,R,D,BF,F , ,N,C,50,0,0,1,1874294,5823412
Tauranga City,15/02/2014,Sat,1152,LB,CE1C,302A ,,M,D,B ,F ,R,G,R,50,0,0,0,1874344,5823414
Tauranga City,07/03/2014,Fri,1745,HA,CE1C,302A 353A ,,E,D,BF,F ,R,G,R,50,0,0,0,1874344,5823414
Tauranga City,30/01/2014,Thu,1130,MG,VE1C,371B 420B ,,R,D,B ,F ,R,G,C,50,0,0,0,1874344,5823414
Tauranga City,06/04/2014,Sun,920,GC,CE1C,171B ,,R,D,BF,F ,R,G,R,50,0,0,0,1874344,5823414
Tauranga City,08/02/2014,Sat,1149,DA,CS1,135A 801 ,S,E,W,OF,F ,R,G,R,50,0,0,0,1874346,5823420
Tauranga City,28/11/2014,Fri,1515,GB,VN1C,172B 355B 404B ,,M,D,O ,F ,R,G,R,50,0,0,0,1874359,5823404
Tauranga City,18/10/2014,Sat,1030,MO,CE1C,371A 386A ,M,R,D,B ,F , ,N,P,50,0,0,0,1874416,5823415
Tauranga City,22/05/2014,Thu,315,DB,CW1,101A 111A 131A 402A ,G,E,D,DO,F , , ,R,80,0,0,0,1875491,5823481
Tauranga City,26/09/2014,Fri,230,FA,TN1C,112A 330A 112B ,,R,D,DO,F ,T,N,C,80,0,0,0,1875893,5822961
Tauranga City,28/12/2014,Sun,1235,CA,CW1,130A 501A ,G,R,D,B ,F , , ,P,80,0,1,3,1877290,5822485
Tauranga City,06/03/2014,Thu,845,AA,TN1C,372A 671A ,,E,D,BF,F , ,N,C,80,0,0,0,1877862,5822741
Tauranga City,17/08/2014,Sun,820,JA,CE1C,322A 137B 322B ,,E,D,B ,F ,T,T,C,50,0,0,0,1877984,5822922
Tauranga City,12/09/2014,Fri,930,AA,TN14,353A 372A ,,R,D,O ,F ,T,N,C,80,0,0,0,1877986,5822927
Tauranga City,02/09/2014,Tue,845,AC,TN1C,372A ,,E,D,O ,F ,T,N,P,80,0,0,0,1878163,5823252
Tauranga City,03/08/2014,Sun,1240,EC,VS1,911,W,R,W,O ,L , , ,R,80,0,0,0,1878683,5823998
Tauranga City,22/06/2014,Sun,1359,CC,CS1,133A ,G,R,D,BF,F , ,N,C,80,0,0,1,1878792,5824152
Tauranga City,03/03/2014,Mon,1235,HA,TS1C,302A ,,R,D,B ,F ,R,G,C,50,0,0,0,1878855,5824242
Tauranga City,19/04/2014,Sat,1537,FB,CS1C,103A 387A ,,E,D,OF,F ,R,G,R,50,0,0,0,1878874,5824292
Tauranga City,06/08/2014,Wed,1240,AC,CN1M,372A 671A ,,R,D,B ,F , ,N,C,80,0,0,1,1878884,5824382
Tauranga City,25/11/2014,Tue,1700,BB,TE1C,123A ,,M,D,B ,F , ,N,C,80,0,0,0,1879520,5825621
Tauranga City,16/09/2014,Tue,1450,FD,VW1C,331A ,,R,D,B ,F , , ,C,80,0,0,0,1879763,5825549
Tauranga City,05/04/2014,Sat,1927,EC,VE1,827,X,E,D,TO,F , , ,C,100,0,0,0,1879910,5825505
Tauranga City,29/10/2014,Wed,430,DA,CW1,129A 410A ,G,E,W,DO,L , ,N,C,80,0,0,0,1880251,5825523
Tauranga City,27/10/2014,Mon,1435,FA,CS1C,181A 197A 331A ,G,R,D,O ,F , , ,R,100,0,0,0,1880497,5826002
Tauranga City,26/02/2014,Wed,815,AA,TN1C,184A ,,R,D,B ,F , , ,C,50,0,0,0,1880484,5825976
Tauranga City,31/10/2014,Fri,1315,FE,4S1C,331A 350A ,,R,D,B ,F ,T,T,C,70,0,0,1,1880484,5825976
Tauranga City,13/03/2014,Thu,820,AO,TE1C,184A 671A 184B 370B ,,E,D,B ,F , , ,C,70,0,0,0,1880689,5826519
Tauranga City,16/12/2014,Tue,1556,FD,CW1C4,331A 353A ,,E,D,O ,F , ,N,C,70,0,0,0,1880689,5826519
Tauranga City,23/04/2014,Wed,1305,AA,CW1T,184A 184B ,GI,R,D,B ,F , , ,R,70,0,0,0,1880788,5826521
Tauranga City,23/11/2014,Sun,2304,CA,CE1,130A 358A ,IS,R,D,DO,F ,X,T,R,70,0,0,0,1880888,5826518
Tauranga City,06/01/2014,Mon,1415,AC,CW1T,159A ,,R,D,B ,F ,X,T,R,70,0,0,0,1880888,5826518
Tauranga City,12/06/2014,Thu,1000,FE,VE1C,181A 331A 801 ,,R,W,O ,L ,X,T,C,70,0,0,0,1880888,5826518
Tauranga City,28/01/2014,Tue,1435,FE,CW1V,181A ,,R,D,B ,F ,X,T,R,70,0,0,0,1880888,5826518
Tauranga City,21/06/2014,Sat,1001,AC,BE1S,372A ,,R,D,OF,F , ,N,R,70,0,0,1,1881072,5826512
Tauranga City,11/11/2014,Tue,830,FE,CE1V,181A 331A ,,R,D,B ,F ,X,T,C,70,0,0,0,1881122,5826507
Tauranga City,11/09/2014,Thu,1941,AD,CW1,112A 130A 151A ,IP,R,D,DO,F ,X,T,R,70,0,0,0,1881122,5826507
Tauranga City,09/09/2014,Tue,750,FE,VS1C,181A ,,R,D,OF,F ,X,T,C,70,0,0,2,1881122,5826507
Tauranga City,01/07/2014,Tue,840,FE,CW1CCC,331A 358A ,,R,D,BF,F ,X,T,R,70,0,0,0,1881152,5826506
Tauranga City,17/09/2014,Wed,725,AA,VE1T,184A 184B ,,R,D,O ,F , , ,C,70,0,0,0,1881172,5826505
Tauranga City,10/06/2014,Tue,716,GB,ME1V,192A 901 927 ,S,R,W,O ,H ,D, ,C,70,0,0,1,1881684,5826483
Tauranga City,23/05/2014,Fri,905,FA,CE1C,181A 331A 191B ,,R,D,B ,F , , ,C,70,0,0,0,1881687,5826482
Tauranga City,06/09/2014,Sat,950,GB,MW1C,330B 372B 927 ,,R,D,B ,F ,D, ,R,70,0,1,0,1881784,5826479
Tauranga City,05/10/2014,Sun,2245,CC,CE1,103A 410A ,G,R,D,DO,F , ,N,R,70,0,0,2,1881882,5826475
Tauranga City,05/02/2014,Wed,1600,FD,CE1C,331A 359A 402A ,,R,D,B ,F , , ,C,70,0,0,1,1881982,5826471
Tauranga City,29/03/2014,Sat,1230,AC,CE1VV,159A ,,R,D,B ,F ,X,T,R,70,0,0,0,1882012,5826470
Tauranga City,11/04/2014,Fri,1749,AA,SE1C,372A ,,R,W,OF,L ,X,T,C,70,0,0,1,1882012,5826470