TLANAME,CRASHDATE,CRASHDOW,CRASHTIME,MVMT,VEHICLES,CAUSES,OBJECTSSTRUCK,ROADCURVE,ROADWET,LIGHT,WTHRa,JUNCTYPE,TRAFCTRL,ROADMARK,SPDLIM,CRASHFATALCNT,CRASHSEVCNT,CRASHMINCNT,EASTING,NORTHING
Tauranga City,27/02/2014,Thu,1514,FD,CW1C4,331A 350A ,,R,D,BF,F , ,N,C,70,0,0,0,1882062,5826468
Tauranga City,21/05/2014,Wed,1620,AO,CW1T,129A 330A 129B 330B ,,R,D,O ,F , , ,R,70,0,0,0,1882191,5826463
Tauranga City,24/10/2014,Fri,1625,FA,CW1C,181A 331A ,,R,D,B ,F , , ,C,70,0,0,0,1882211,5826462
Tauranga City,18/12/2014,Thu,1150,AC,VE1B,372A ,,R,D,O ,F , , ,C,70,0,0,0,1882211,5826462
Tauranga City,03/02/2014,Mon,1346,AC,CE1B,350A 372A 927 ,M,R,D,B ,F ,D,N,R,70,0,0,0,1882447,5826453
Tauranga City,22/05/2014,Thu,1704,FD,CE1CCC,402A 423A ,,R,D,O ,F , ,N,C,70,0,0,0,1882447,5826453
Tauranga City,19/12/2014,Fri,1325,FD,TE1CV,331A 350A ,,R,D,B ,F , , ,C,70,0,0,0,1882497,5826451
Tauranga City,08/01/2014,Wed,1650,AA,CE1CCC,177A 331A 402A ,,R,D,B ,F , , ,R,70,0,0,1,1882517,5826450
Tauranga City,30/03/2014,Sun,1710,HA,MW14,322B ,,R,D,BF,F ,X,T,R,70,0,0,1,1882547,5826449
Tauranga City,29/12/2014,Mon,936,BF,CW1CC,104A 129A 410A ,,E,D,OF,F , ,N,L,70,0,1,1,1882597,5826447
Tauranga City,21/10/2014,Tue,1730,AA,CS1M,372A ,,E,D,BF,F , ,N,P,100,0,0,0,1883021,5826432
Tauranga City,24/03/2014,Mon,940,GF,CS1C,381A ,,E,D,BF,F ,R,G,R,70,0,0,0,1883193,5826206
Tauranga City,14/11/2014,Fri,1910,MC,CS14,303B 375B ,,E,D,OF,F , ,N,C,70,0,0,0,1883375,5826016
Tauranga City,03/09/2014,Wed,1118,AA,CN1C,330A 372A 671A ,M,R,D,B ,F , , ,L,70,0,0,0,1883383,5826009
Tauranga City,02/08/2014,Sat,1145,NA,CS1E,711B ,,R,D,B ,F ,T,G,C,70,0,0,1,1883412,5825982
Tauranga City,08/07/2014,Tue,926,MA,CE1C,202B 372B ,,R,D,OF,F ,T,G,P,70,0,0,0,1883412,5825982
Tauranga City,07/03/2014,Fri,1735,FD,VS1C,181A 331A ,,R,D,B ,F , , ,C,70,0,0,0,1883423,5825972
Tauranga City,24/02/2014,Mon,715,MG,4N1C,357A 357B 371B ,,R,D,B ,F , ,N,C,50,0,0,0,1883473,5825930
Tauranga City,11/07/2014,Fri,1740,LB,MS1C,303B 314B 375B 929 ,,R,W,TF,F ,D,N,C,70,0,0,1,1883638,5825785
Tauranga City,25/11/2014,Tue,1355,MD,CS1C,308B 371B 929 ,,R,D,B ,F ,D,N,P,70,0,0,0,1883676,5825752
Tauranga City,09/05/2014,Fri,1552,CB,VS1,132A 137A 800 ,K,R,W,B ,F , , ,P,70,0,0,0,1883825,5825620
Tauranga City,13/06/2014,Fri,1820,FD,CN1VCC,112A 331A ,,R,D,DO,F , , ,R,70,0,0,2,1884134,5825317
Tauranga City,15/01/2014,Wed,1727,FD,4S1C,181A 331A ,,R,D,B ,F , , ,R,70,0,0,0,1884182,5825254
Tauranga City,12/04/2014,Sat,1012,GB,CS14,340A ,,S,D,B ,F ,R,G,C,70,0,0,0,1884189,5825235
Tauranga City,17/06/2014,Tue,1607,GC,CS1V,171B 404B ,,S,W,OF,L ,R,G,R,70,0,0,0,1884189,5825235
Tauranga City,03/10/2014,Fri,1345,HA,CE24,302A 375A ,,E,W,B ,F ,R,G,C,70,0,0,0,1884168,5825203
Tauranga City,22/05/2014,Thu,610,HA,4E2VV,302A 375A ,,M,D,DO,F ,R,G,R,70,0,0,1,1884168,5825203
Tauranga City,08/08/2014,Fri,700,DB,CE2,131A 350A ,GK,M,D,O ,F ,R,G,R,70,0,0,0,1884173,5825223
Tauranga City,07/04/2014,Mon,1025,HA,CE24,302A 375A ,,M,D,BF,F ,R,G,R,70,0,0,0,1884168,5825203
Tauranga City,05/01/2014,Sun,1341,DA,CE2,110A 357A 402A ,G,R,W,OF,L ,R,G,R,70,0,0,0,1884220,5825195
Tauranga City,22/07/2014,Tue,1526,GC,CW2C,171B 330B ,,E,D,B ,F ,R,G,R,70,0,0,0,1884223,5825212
Tauranga City,17/02/2014,Mon,1540,HA,VS1V,302A 375A ,,R,D,BF,F ,R,G,C,70,0,0,0,1884207,5825182
Tauranga City,18/06/2014,Wed,650,HA,MN1V,302A 382A ,,R,D,DO,F ,R,G,R,70,0,1,0,1884207,5825182
Tauranga City,07/05/2014,Wed,1515,HA,CS1C,302A 378A ,,R,D,B ,F ,R,G,C,70,0,0,0,1884207,5825182
Tauranga City,11/06/2014,Wed,1348,HA,CN1C,302A 353A 602B 901 ,,S,W,O ,H ,R,G,R,70,0,0,0,1884207,5825182
Tauranga City,08/04/2014,Tue,1907,HA,4S1C,302A 375A ,,M,D,DO,F ,R,G,R,70,0,0,0,1884207,5825182
Tauranga City,23/09/2014,Tue,1526,GF,CN1C,372A ,,R,D,BF,F ,R,G,R,70,0,0,0,1884207,5825182
Tauranga City,21/08/2014,Thu,950,HA,CN1T,302A 375A ,,R,W,B ,F ,R,G,C,50,0,0,0,1884211,5825173
Tauranga City,03/11/2014,Mon,1205,CA,VS1,112A 357A ,P,R,D,B ,F ,R,G,C,60,0,0,0,1884182,5825183
Tauranga City,27/07/2014,Sun,300,DA,MS1,101A 131A ,F,E,D,DO,F ,R,G,C,70,0,0,0,1884182,5825183
Tauranga City,13/06/2014,Fri,1820,FD,CN1VCC,110A 331A ,,R,D,DO,F , , ,P,70,0,0,2,1884239,5825087
Tauranga City,19/07/2014,Sat,1220,AC,TS1C,372A ,S,R,D,BF,F , ,N,P,70,0,0,0,1884307,5824876
Tauranga City,22/02/2014,Sat,1220,FD,CN1V,181A 197A 191B ,,R,D,B ,F , ,N,C,70,0,0,0,1884339,5824781
Tauranga City,24/04/2014,Thu,825,AD,CN1C,112A 158A ,,R,D,O ,F , ,N,C,70,0,0,0,1884391,5824641
Tauranga City,21/10/2014,Tue,1749,GF,CE1C,386A ,,E,D,O ,F ,R,G,R,70,0,0,0,1884497,5824494
Tauranga City,15/07/2014,Tue,1915,GC,CS1C,173A ,,E,D,DO,F ,R,G,R,70,0,0,0,1884497,5824494
Tauranga City,25/04/2014,Fri,1700,JA,CN1C,302B ,,E,D,B ,F ,R,G,R,70,0,0,0,1884515,5824470
Tauranga City,04/06/2014,Wed,600,AA,CE14,372A ,,R,D,DO,F ,R,G,C,70,0,0,0,1884519,5824472
Tauranga City,13/04/2014,Sun,1753,MC,CE1C,353B 372B 817 ,,R,W,BF,F , ,N,C,100,0,0,0,1884542,5824451
Tauranga City,14/12/2014,Sun,1410,FD,CW1T,181A ,,E,W,OF,M , ,N,R,70,0,0,0,1884759,5824291
Tauranga City,17/09/2014,Wed,655,AA,VS1V,159A 330A ,,R,D,B ,F , , ,C,80,0,0,0,1886474,5823138
Tauranga City,24/11/2014,Mon,1737,CB,CN1C,129A 130A 350A 902 ,G,R,D,BN,F , ,N,C,100,0,0,0,1887090,5822642
Tauranga City,29/09/2014,Mon,1515,QG,TW1C,668A ,,R,D,O ,F , , ,C,80,0,0,0,1887543,5822249
Tauranga City,06/11/2014,Thu,1712,FD,CN1CC,181A 181B 801 901 ,,R,W,O ,H , , ,C,80,0,0,0,1887868,5821967
Tauranga City,17/10/2014,Fri,930,BE,CS1VC,125A 350A 137B ,,R,D,B ,F , ,N,X,100,0,0,2,1888005,5821868
Tauranga City,12/09/2014,Fri,1145,BE,CS1TT,350A ,,R,D,B ,F , , ,C,80,0,0,0,1888194,5821736
Tauranga City,29/08/2014,Fri,1510,AO,CE1C,184A 184B 404B ,,E,D,B ,F , , ,C,50,0,0,0,1889258,5820817
Tauranga City,13/09/2014,Sat,1600,CB,MN1,132A 402A 817 ,,R,W,O ,L , ,N,C,100,0,0,0,1889227,5820775
Tauranga City,17/11/2014,Mon,1155,BC,CE1T,129A 353A ,,M,D,ON,L , ,N,L,50,0,0,0,1889281,5820797
Tauranga City,19/07/2014,Sat,2200,BF,CN1C,103A 131A ,GI,E,D,DO,F ,R,G,R,50,0,0,0,1889503,5820509
Tauranga City,15/07/2014,Tue,1530,FB,CE1C,181A ,,S,D,B ,F ,R,G,R,50,0,0,0,1884498,5824472
Tauranga City,08/01/2014,Wed,1513,FB,CE1C,181A 387A ,,E,D,B ,F ,R,G,P,70,0,0,0,1884498,5824472
Tauranga City,24/10/2014,Fri,750,FA,CN1C,181A 331A ,,E,D,B ,F ,R,G,C,50,0,0,0,1884499,5824476
Tauranga City,01/02/2014,Sat,1130,FA,VN1C,181A 422B ,,E,D,B ,F ,R,G,R,70,0,0,0,1884499,5824476
Tauranga City,29/12/2014,Mon,1710,JA,CE14,302B ,,E,D,B ,F ,R,G,R,70,0,0,0,1884420,5824380
Tauranga City,24/05/2014,Sat,954,DA,VW2,111A 131A 801 ,,M,W,O ,L ,R,G,R,70,0,0,0,1884417,5824347
Tauranga City,15/06/2014,Sun,1850,AA,CE1V,372A ,,E,D,DN,F , ,N,C,100,0,0,0,1884321,5824379
Tauranga City,04/10/2014,Sat,724,DB,CS1,410A ,G,E,W,O ,L , , ,C,100,0,0,0,1881511,5822308
Tauranga City,08/07/2014,Tue,1527,MC,CN1C,372B ,,E,D,O ,F , , ,L,100,0,0,0,1880862,5821335
Tauranga City,21/11/2014,Fri,735,AO,CE1V,184A ,,E,D,O ,F , , ,C,80,0,0,0,1879672,5820062
Tauranga City,15/05/2014,Thu,920,AO,CE1C,372A 381A ,,M,D,BF,F ,R,G,R,50,0,0,0,1879468,5820071
Tauranga City,10/09/2014,Wed,1600,AO,CW1C,129A ,,M,D,O ,F ,R,T,R,50,0,0,0,1879454,5819995
Tauranga City,04/10/2014,Sat,1822,MB,CS1C,372B ,,E,D,B ,F ,R,T,R,50,0,0,1,1879394,5819977
Tauranga City,15/12/2014,Mon,1050,GC,CN1T,173A ,,R,D,BF,F ,R,T,C,50,0,0,0,1879385,5819984
Tauranga City,02/01/2014,Thu,1125,FE,4N1CC,330A 350A 371A 407A ,,R,D,BF,F ,R,T,C,50,0,0,0,1879385,5819984
Tauranga City,17/05/2014,Sat,2346,DB,CS2,103A 111A 131A ,F,M,D,DO,F ,R,G,R,50,0,0,0,1879252,5819785
Tauranga City,12/11/2014,Wed,1245,KA,4S1C,322A 322B ,,E,D,O ,F ,R,T,C,50,0,0,0,1879251,5819780
Tauranga City,02/07/2014,Wed,1445,EA,CN1C,331A 358A ,M,E,W,OF,F , ,N,C,50,0,0,0,1879182,5819692
Tauranga City,26/06/2014,Thu,1740,FD,CN1C,180A 180B ,,R,D,DN,F , , ,C,100,0,0,0,1879031,5819567
Tauranga City,14/08/2014,Thu,1215,QG,4W1,680A ,V,R,D,B ,F , , ,C,100,0,0,0,1878486,5819383
Tauranga City,03/04/2014,Thu,650,FA,TS1S,341A ,,E,D,DN,F , ,N,N,100,0,0,1,1877833,5818980
Tauranga City,16/08/2014,Sat,2330,DB,CS1,131A ,F,E,D,DN,F , , ,C,100,0,0,0,1877811,5818935
Tauranga City,13/06/2014,Fri,2024,CB,CN1,410A ,FT,R,D,DO,F , ,N,C,100,0,0,0,1877793,5818888
Tauranga City,07/07/2014,Mon,1420,LB,ME1C,302B ,,R,D,OF,F ,R,G,C,100,0,0,1,1877725,5818700
Tauranga City,18/05/2014,Sun,157,DA,MS1,103A 111A 131A ,IS,M,D,DO,F ,R,G,R,100,0,1,0,1877735,5818686
Tauranga City,20/01/2014,Mon,1232,DA,CN1,111A 131A 357A ,S,E,W,O ,L ,R,G,C,100,0,0,0,1877735,5818686
Tauranga City,19/05/2014,Mon,10,DA,CN1,110A 129A 134A ,CK,E,D,DO,F ,R,G,C,100,0,0,0,1877735,5818686
Tauranga City,26/10/2014,Sun,810,DB,CW2,131A 358A ,KP,R,D,DO,F ,R,G,R,100,0,0,0,1877722,5818659
Tauranga City,10/08/2014,Sun,2000,AC,VW1V,159A ,,E,D,DO,F , ,N,L,100,0,0,0,1877005,5818441
Tauranga City,14/12/2014,Sun,2030,DB,CW1,110A 133A ,,E,W,TO,H ,R,G,R,100,0,0,0,1876800,5818483
Tauranga City,20/02/2014,Thu,840,AA,CE1C,101A 372A ,,E,D,B ,F ,R,G,C,100,0,0,0,1876800,5818483
Tauranga City,28/07/2014,Mon,735,AD,CE1C,130A 150A 372B ,C,R,D,B ,F , , ,C,100,0,0,0,1875445,5818929
Tauranga City,03/09/2014,Wed,1725,FD,CW1C,181A ,,R,D,O ,F ,R,G,R,80,0,0,0,1875264,5818989
Tauranga City,27/12/2014,Sat,1502,HA,CW2M,302A 377A ,,R,D,OF,F ,R,G,C,70,0,1,0,1875255,5818992
Tauranga City,09/05/2014,Fri,1630,LB,VW1S,302A 671A 902 ,,M,D,B ,F ,R,G,R,70,0,0,1,1875255,5818992
Tauranga City,12/03/2014,Wed,1316,GC,CW1C,171B 355B ,,S,D,B ,F ,R,G,R,70,0,0,0,1875255,5818992
Tauranga City,06/06/2014,Fri,1603,HA,MS1C,302A 387A ,,M,D,BF,F ,R,G,R,70,0,0,1,1875255,5819016
Tauranga City,01/11/2014,Sat,838,HA,TN1C,302A 375A ,,R,D,B ,F ,R,G,R,70,0,0,0,1875231,5818984
Tauranga City,20/03/2014,Thu,2100,HA,CS2M,302A ,,E,D,DO,F ,R,G,R,70,0,0,1,1875255,5819016
Tauranga City,06/03/2014,Thu,1240,HA,CN2C,302A 375A ,,E,D,BF,F ,R,G,R,70,0,0,0,1875231,5818984
Tauranga City,22/05/2014,Thu,1600,HA,CN2C,302A 353A 375A ,,R,D,BF,F ,R,G,R,60,0,0,0,1875231,5818984
Tauranga City,09/10/2014,Thu,1725,FD,VE14,130A 501A ,,R,D,O ,F ,R,G,R,70,0,0,0,1875203,5818996
Tauranga City,04/04/2014,Fri,1420,AC,VW1T,177A 184A 353A 381A 184B 381B ,,R,D,B ,F , , ,C,70,0,0,0,1875178,5818993
Tauranga City,08/03/2014,Sat,1003,FB,CW1C,181A 387A ,,S,D,BF,F ,R,G,R,100,0,0,0,1873928,5819037
Tauranga City,01/08/2014,Fri,909,FB,4E1C,181A 387A ,,R,D,B ,F ,R,G,R,100,0,0,0,1873928,5819037
Tauranga City,14/05/2014,Wed,1624,FD,BE1C,331A 353A ,,M,W,OF,H ,R,G,R,100,0,0,1,1873942,5819043
Tauranga City,14/02/2014,Fri,20,CB,CW1,110A 133A ,F,R,W,DO,F ,R,G,C,100,0,0,0,1873925,5819006
Tauranga City,04/03/2014,Tue,1500,GC,CS1T,171B ,,M,D,BF,FF,R,G,R,100,0,0,1,1873875,5819059
Tauranga City,31/12/2014,Wed,2040,FB,VS1C,331A 387A ,,R,D,B ,F ,T,S,C,70,0,0,0,1873019,5818602
Tauranga City,04/11/2014,Tue,825,FB,VS1C,181A 353A ,,M,D,B ,F ,T,S,R,70,0,0,0,1873019,5818602
Tauranga City,23/09/2014,Tue,1645,FB,CS1M,181A ,,M,D,O ,F ,T,S,R,70,0,0,0,1873019,5818602
Tauranga City,17/08/2014,Sun,1925,JC,CS2C,321A 387A ,,R,D,DO,F ,T,S,P,70,0,0,0,1873019,5818602
Tauranga City,14/08/2014,Thu,1620,AC,VN1T,159A 357A ,,R,D,O ,F , , ,P,70,0,0,0,1872869,5818470
Tauranga City,22/11/2014,Sat,1041,JA,CE1C,308B 375B 922 ,,R,D,O ,F ,D,N,P,70,0,0,2,1872832,5818437
Tauranga City,11/06/2014,Wed,1930,BB,CS1T,129A 692A ,,E,W,DO,H , ,N,C,70,0,0,1,1872629,5818258
Tauranga City,27/08/2014,Wed,1858,MC,CN1C,101B 330B 372B ,,E,D,DN,F , , ,P,100,0,0,0,1871216,5817059
Tauranga City,26/12/2014,Fri,1100,MC,CS1C,372B ,,R,D,BN,F , ,N,C,100,0,0,0,1871089,5817004
Tauranga City,13/05/2014,Tue,830,GC,TW2C,171A 330A ,,M,D,O ,F ,R,G,R,70,0,0,0,1837367,5801694
Tauranga City,29/04/2014,Tue,2020,CB,CW1,103A 112A 130A 514A ,H,R,D,DO,F , , ,N,50,0,0,0,1877990,5822414
Tauranga City,12/05/2014,Mon,923,LB,CN1C,303B 375B ,,R,D,B ,F ,X,T,R,50,0,0,0,1878047,5822374
Tauranga City,10/06/2014,Tue,1845,HA,CE2CC,322B 334B 402B 901 ,,R,W,DO,H ,X,T,R,50,0,0,0,1878047,5822374
Tauranga City,29/03/2014,Sat,1705,CA,MS1,130A 353A ,IP,R,D,B ,F ,X,T,R,50,0,2,0,1878047,5822374
Tauranga City,12/06/2014,Thu,940,FE,CE1C,181A 331A 801 ,,R,W,O ,L ,X,T,C,50,0,0,0,1878047,5822374
Tauranga City,21/10/2014,Tue,740,LB,CW1C,303B 323B ,,R,D,B ,F ,X,T,R,50,0,0,0,1878483,5822010
Tauranga City,21/03/2014,Fri,1450,GA,CN1V,181A 331A 402A ,,R,D,B ,F ,X,T,R,50,0,0,0,1878483,5822010
Tauranga City,16/06/2014,Mon,1708,CB,CE1,501A ,KS,R,W,TO,F , , ,P,50,0,0,1,1878342,5822129
Tauranga City,05/05/2014,Mon,1755,JA,CS1M,173A 322A 801 ,,R,W,DO,L ,X,T,R,50,0,0,1,1878483,5822010
Tauranga City,27/02/2014,Thu,1003,FE,4S1C,181A 334A 191B ,,R,D,B ,F ,X,T,C,50,0,0,0,1878483,5822010
Tauranga City,12/09/2014,Fri,1650,JC,CN2C,323A ,,R,D,OF,F ,X,T,C,50,0,0,0,1878483,5822010
Tauranga City,11/02/2014,Tue,1613,FD,CS1CC,331A 353A ,,R,D,B ,F ,X,T,R,50,0,0,2,1878490,5822004
Tauranga City,06/12/2014,Sat,1240,FC,CW1VC,181A 181B ,,R,D,B ,F , ,T,X,50,0,0,0,1878929,5821635
Tauranga City,17/09/2014,Wed,1109,FD,CW1C,331A 359A ,,R,D,B ,F , , ,C,50,0,0,0,1878952,5821616
Tauranga City,18/11/2014,Tue,1736,FD,CN1CC,181A ,,R,D,BF,F , ,N,C,50,0,0,0,1878995,5821580
Tauranga City,25/06/2014,Wed,1901,LB,CN1C,303B 375B 402B 901 922 ,,R,W,DO,H ,D, ,P,50,0,0,0,1879057,5821530
Tauranga City,28/07/2014,Mon,1650,FD,CS1V,331A 402A ,,R,D,O ,F ,T,S,C,50,0,0,0,1878823,5821725
Tauranga City,26/09/2014,Fri,1640,AC,VS1S,197A 372A ,,R,D,B ,F ,T,G,P,50,0,0,1,1878831,5821718
Tauranga City,15/04/2014,Tue,815,AC,TN1C,372A 671A ,,E,W,OF,M , ,N,C,70,0,0,0,1879038,5821295
Tauranga City,19/11/2014,Wed,1311,BF,CS1CC,129A 354A ,,M,D,OF,F , ,N,P,50,0,0,3,1879056,5821342
Tauranga City,28/12/2014,Sun,1731,EA,CS1C,129A 353A ,Q,R,D,BF,F , ,N,C,50,0,0,1,1879015,5821198
Tauranga City,18/11/2014,Tue,1634,FD,CS1C,181A ,,R,D,BF,F , ,N,C,50,0,0,0,1878996,5820852
Tauranga City,28/08/2014,Thu,1857,GF,CE1V,129A 129B ,,M,D,DO,F ,R,T,R,50,0,0,0,1879393,5820070
Tauranga City,03/03/2014,Mon,619,GB,TS1V,172B ,,M,D,OF,F ,R,G,R,50,0,0,0,1879412,5820064
Tauranga City,22/05/2014,Thu,1600,HA,CN2C,302A ,,R,D,B ,F ,R,G,R,60,0,0,0,1873886,5818977
Tauranga City,23/01/2014,Thu,715,HA,TS1C,302A 377A 830 ,,E,D,O ,F ,R,G,R,100,0,0,0,1873907,5818983
Tauranga City,28/10/2014,Tue,1055,GB,TS14,333B ,,E,D,BF,F ,R,G,C,50,0,0,0,1873893,5818663
Tauranga City,22/10/2014,Wed,1740,HA,VW2C,302A ,,R,D,B ,F ,R,G,R,100,0,0,0,1873411,5816967
Tauranga City,27/09/2014,Sat,1344,HA,CW2C,302A 375A ,,M,D,BF,F ,R,G,R,100,0,0,0,1873411,5816967
Tauranga City,29/03/2014,Sat,842,DA,VN1,111A 131A 517A ,EIK,M,W,B ,F ,R,G,R,100,0,0,0,1874478,5815209
Thames-Coromandel District,22/07/2014,Tue,1100,HA,CS1C,302B 507B ,,R,D,B ,F ,X,G,C,50,0,0,1,1841151,5919916
Thames-Coromandel District,04/08/2014,Mon,911,DA,4N2,131A 632A ,X,M,D,B ,F ,T,N,N,50,0,0,0,1826151,5886452
Thames-Coromandel District,19/02/2014,Wed,2317,DA,CW1,103A 111A 131A ,P,M,D,DO,F , ,N,C,50,0,0,2,1826869,5885738
Thames-Coromandel District,08/10/2014,Wed,30,DA,4S1,101A 131A ,,E,D,DO,F , ,N,C,50,0,0,2,1840840,5921580
Thames-Coromandel District,20/02/2014,Thu,1815,DA,CN1,131A 800 ,E,M,W,DN,L , , ,C,100,0,1,0,1820915,5931542
Thames-Coromandel District,22/02/2014,Sat,1353,DA,4N1,103A 111A ,C,S,W,O ,F , ,N,C,100,0,0,1,1821148,5931705
Thames-Coromandel District,30/03/2014,Sun,1729,MO,CE1,371A 423A 507A 929 ,HKS,R,D,B ,F ,D,N,N,50,0,0,1,1824926,5887860
Thames-Coromandel District,05/04/2014,Sat,10,MO,CN1V,512A 930 ,M,E,D,DN,F ,D,N,N,50,0,0,0,1849749,5919494
Thames-Coromandel District,09/01/2014,Thu,1315,DA,CW1,111A 131A 901 ,T,M,W,BN,H , ,N,C,100,0,0,0,1851521,5895187
Thames-Coromandel District,14/12/2014,Sun,1125,BA,CE14,129A 404A ,,R,W,ON,HS, ,N,C,100,0,3,0,1847650,5893250
Thames-Coromandel District,26/04/2014,Sat,1408,MO,CN14,385A ,M,R,D,BF,F , ,N,C,50,0,0,0,1822989,5928953
Thames-Coromandel District,27/11/2014,Thu,1300,DA,CS1,131A ,C,E,D,BN,F , ,N,N,80,0,0,0,1832914,5888192
Thames-Coromandel District,02/08/2014,Sat,2337,DC,VE1,103A 131A ,FG,M,D,DN,F , , ,C,80,0,0,0,1829971,5884666
Thames-Coromandel District,17/11/2014,Mon,1042,CB,LW1,137A 197A ,V,R,W,O ,F , ,N,C,100,0,0,1,1827791,5884531
Thames-Coromandel District,22/02/2014,Sat,1420,DB,CS1,111A 131A 407A 801 ,C,E,W,O ,L , , ,C,80,0,0,1,1830639,5885478
Thames-Coromandel District,30/07/2014,Wed,850,DB,TE1,129A 687A ,S,E,W,B ,F , ,N,C,80,0,0,0,1827773,5884524
Thames-Coromandel District,03/05/2014,Sat,1830,DB,CS1,111A 517A ,PT,E,D,TF,F , ,N,C,50,0,0,0,1827775,5881479
Thames-Coromandel District,05/02/2014,Wed,645,EC,CS1,111A 131A 832 ,VX,M,D,DN,F ,T,G,N,50,0,0,0,1827764,5881462
Thames-Coromandel District,20/08/2014,Wed,1420,MA,VS1V,331A ,,R,D,O ,F , , ,C,50,0,0,0,1825901,5886786
Thames-Coromandel District,08/01/2014,Wed,1300,HA,CS1C,302B 375B ,,R,D,B ,F ,X,G,C,50,0,0,0,1854511,5878781
Thames-Coromandel District,29/04/2014,Tue,1210,CB,CE14,129A 501A ,MS,R,D,BN,F ,X,G,C,50,0,0,0,1854511,5878781
Thames-Coromandel District,05/04/2014,Sat,1950,DB,4S1,136A 621A ,C,M,D,DN,F , , ,N,100,0,1,1,1834349,5912481
Thames-Coromandel District,30/03/2014,Sun,1035,NA,CS1E,713B 726B ,,R,D,B ,F , ,N,C,50,0,0,1,1854885,5878045
Thames-Coromandel District,07/03/2014,Fri,1758,DB,ME1,131A 402A ,,E,D,B ,F , ,N,C,100,0,1,0,1853096,5887195
Thames-Coromandel District,06/09/2014,Sat,1919,DB,CS1,131A 402A 901 ,CV,M,W,DN,H , , ,C,100,0,0,0,1854370,5888180
Thames-Coromandel District,25/01/2014,Sat,1236,PO,CW1E,352A 421A 730B ,,R,D,BF,F ,X,G,C,50,0,0,1,1825697,5886996
Thames-Coromandel District,27/04/2014,Sun,1915,BA,CN14,103A 205A ,,R,D,DO,F , ,T,C,50,0,0,0,1826802,5885783
Thames-Coromandel District,11/01/2014,Sat,430,DA,CN1,103A 111A 131A ,F,M,D,DO,F , , ,C,50,1,0,2,1826839,5885683
Thames-Coromandel District,23/11/2014,Sun,1845,BF,CW1V,131A 813 ,,M,D,B ,F , , ,N,50,0,0,0,1827481,5884822
Thames-Coromandel District,08/09/2014,Mon,1740,HA,MN1C,301B 375B ,,R,D,TF,F ,X,S,C,50,0,0,1,1825770,5886792
Thames-Coromandel District,04/03/2014,Tue,830,LB,CW2C,301B 387B ,,R,D,BF,F ,X,S,C,50,0,0,1,1825770,5886792
Thames-Coromandel District,21/09/2014,Sun,1410,DB,4S1,131A ,IS,R,W,OF,F ,R,G,R,50,0,0,0,1855073,5878640
Thames-Coromandel District,07/01/2014,Tue,1215,BB,CN1C,205A 404A ,,S,D,B ,F , , ,C,100,0,5,0,1845511,5917851
Thames-Coromandel District,15/03/2014,Sat,1711,MO,CW1,104A 130A ,X,R,W,O ,L ,T,N,C,50,0,0,0,1826515,5886585
Thames-Coromandel District,09/02/2014,Sun,305,DB,CN1V,103A 111A 131A ,FMP,E,D,DO,F , , ,C,50,0,3,0,1823707,5929703
Thames-Coromandel District,14/11/2014,Fri,1105,DB,4S1,111A 131A 404A ,,E,D,B ,F , , ,C,50,0,0,1,1838603,5920103
Thames-Coromandel District,25/02/2014,Tue,1620,DA,40,131A ,EZ,E,D,O ,F , , ,N,100,0,1,0,1824859,5904210
Thames-Coromandel District,27/08/2014,Wed,1500,DB,CW1,131A 402A 407A 813 ,,M,W,O ,L , , ,N,100,0,0,0,1829120,5903209
Thames-Coromandel District,30/12/2014,Tue,1610,BB,VE1C,123A ,,S,D,B ,F , , ,N,100,0,0,0,1829291,5902968
Thames-Coromandel District,20/12/2014,Sat,1010,DB,VE1,129A 404A ,V,S,D,B ,F , , ,N,100,0,0,0,1829291,5902968
Thames-Coromandel District,29/12/2014,Mon,1640,BC,4W1C,111A 121A 402A ,,S,D,B ,F , ,N,N,80,0,0,0,1831253,5904028
Thames-Coromandel District,03/09/2014,Wed,1425,BA,CS1C,125A 197A 197B ,,R,D,B ,F , , ,N,50,0,1,0,1825133,5887745
Thames-Coromandel District,20/03/2014,Thu,1400,BC,CE1T,121A 139A 120B ,,M,D,B ,F , ,N,N,100,0,0,2,1829266,5917848
Thames-Coromandel District,17/11/2014,Mon,915,BC,4E1C,129A ,,M,D,ON,L , ,N,N,100,0,0,1,1824373,5925437
Thames-Coromandel District,05/01/2014,Sun,1413,DA,4S1,110A 131A ,PT,E,W,O ,F , ,N,C,100,0,0,0,1853309,5876495
Thames-Coromandel District,23/02/2014,Sun,1540,MO,CW1C,102A ,,R,D,BF,F , ,N,C,50,0,0,0,1822847,5928805
Thames-Coromandel District,14/12/2014,Sun,5,NA,CW1E,103A 110A 719B 901 ,,R,W,DO,H , , ,C,50,0,1,1,1822804,5928793
Thames-Coromandel District,24/01/2014,Fri,1820,MO,VE1C,371A 927 ,,R,D,BF,F ,D,N,C,50,0,0,0,1822884,5928816
Thames-Coromandel District,26/04/2014,Sat,400,CB,CW1,358A ,P,R,D,DO,F , ,N,C,50,0,0,0,1840954,5919368
Thames-Coromandel District,03/07/2014,Thu,900,LB,CS1C,303B 375B ,,R,D,B ,F ,X,S,C,50,0,0,1,1855312,5877080