TLANAME,CRASHDATE,CRASHDOW,CRASHTIME,MVMT,VEHICLES,CAUSES,OBJECTSSTRUCK,ROADCURVE,ROADWET,LIGHT,WTHRa,JUNCTYPE,TRAFCTRL,ROADMARK,SPDLIM,CRASHFATALCNT,CRASHSEVCNT,CRASHMINCNT,EASTING,NORTHING
Thames-Coromandel District,21/07/2014,Mon,2345,CC,CS1,130A 357A ,HPS,R,W,DO,L ,T,G,C,50,0,0,0,1825428,5887531
Thames-Coromandel District,04/02/2014,Tue,1233,AC,CS1C,372A ,,M,D,B ,F ,R,G,R,70,0,0,0,1828339,5881137
Thames-Coromandel District,14/02/2014,Fri,815,JA,CN1C,308B 402B 927 ,,R,D,O ,F ,D,N,C,70,0,0,0,1828019,5881921
Thames-Coromandel District,28/05/2014,Wed,1303,BE,CN14,501A ,,R,D,BN,F , ,N,C,80,0,0,1,1827902,5882252
Thames-Coromandel District,17/05/2014,Sat,121,DA,CS1,103A 129A 131A ,CSV,E,D,DO,F , , ,P,80,0,0,2,1827745,5882618
Thames-Coromandel District,16/02/2014,Sun,2215,CC,4S1,101A 134A 350A ,FPT,R,D,DO,F ,X,G,C,80,0,0,1,1827225,5883213
Thames-Coromandel District,23/03/2014,Sun,1347,LB,CN14,303B 375B ,,R,D,B ,F ,T,S,C,80,0,0,2,1827222,5883220
Thames-Coromandel District,25/06/2014,Wed,758,FA,VS1C,181A ,,R,D,O ,L , , ,C,50,0,0,0,1826534,5885312
Thames-Coromandel District,07/05/2014,Wed,1800,BA,CN1C,101A 170B 386B 507B ,,R,D,DO,F , , ,C,50,0,0,1,1826246,5885797
Thames-Coromandel District,10/10/2014,Fri,1652,CB,CS1C,358A 407A 423A ,M,R,D,BF,F , ,N,C,50,0,0,0,1825647,5886781
Thames-Coromandel District,08/01/2014,Wed,1615,CB,CN1,130A 412A ,P,R,D,B ,F ,X,G,C,50,0,0,3,1825433,5887372
Thames-Coromandel District,27/12/2014,Sat,1313,MC,VW1C,372B 402B ,,R,D,B ,F ,T,N,C,100,0,0,0,1825348,5887610
Thames-Coromandel District,05/06/2014,Thu,1500,MD,CS1V,371B 377B 839 929 ,,R,D,O ,F ,D,N,C,50,0,0,0,1825336,5887644
Thames-Coromandel District,20/12/2014,Sat,1800,DB,CN1,129A 350A ,,E,W,ON,H , ,N,C,100,0,0,0,1825281,5887805
Thames-Coromandel District,08/04/2014,Tue,1650,AC,CN14,159A ,,S,D,BN,F , ,N,C,70,0,0,0,1824658,5888797
Thames-Coromandel District,25/05/2014,Sun,851,DA,CN1,134A 135A 801 903 ,C,E,W,O ,LS, ,N,C,100,0,0,1,1823591,5891179
Thames-Coromandel District,08/06/2014,Sun,1742,BF,CS14,104A 131A 104B ,,M,W,DN,L , ,N,C,100,0,2,1,1823521,5891732
Thames-Coromandel District,27/09/2014,Sat,1353,BC,MS1C,111A 121A 403A ,,S,D,B ,F , ,N,C,100,1,0,0,1823460,5891813
Thames-Coromandel District,30/08/2014,Sat,840,DA,CN1,131A 407A 801 ,EX,M,W,O ,L , , ,C,100,0,0,0,1823461,5891824
Thames-Coromandel District,27/05/2014,Tue,820,AD,CS1C,111A 130A 156A 632A 800 831 ,E,M,D,B ,FF, , ,C,100,0,0,1,1823641,5892061
Thames-Coromandel District,22/02/2014,Sat,1740,DA,CS1,111A 131A 801 ,C,E,W,O ,L , , ,C,100,0,0,0,1823934,5893732
Thames-Coromandel District,24/02/2014,Mon,845,NB,CN1E,713B 727B ,,M,D,B ,F , , ,N,50,0,0,1,1824226,5894856
Thames-Coromandel District,05/08/2014,Tue,1010,CB,CN1,130A 402A 504A ,DS,R,D,O ,F , ,N,C,100,0,0,1,1824428,5896237
Thames-Coromandel District,08/02/2014,Sat,1330,DA,CN1,131A 402A ,TX,M,W,ON,L , ,N,C,80,0,0,0,1823984,5898853
Thames-Coromandel District,22/02/2014,Sat,1100,BF,CN14V,131A 191A 407A 801 ,,M,W,O ,L , , ,C,100,0,0,0,1823568,5900297
Thames-Coromandel District,08/06/2014,Sun,1548,DA,CS1,131A 407A ,E,M,W,ON,L , ,N,C,100,0,0,0,1822557,5904815
Thames-Coromandel District,02/06/2014,Mon,1545,AC,4N1C,159A 381A ,,R,D,BF,F , ,N,C,100,0,0,0,1819922,5909025
Thames-Coromandel District,29/04/2014,Tue,950,DA,CS1,110A 135A 800 901 ,E,S,W,O ,H , , ,C,100,0,0,0,1816381,5915352
Thames-Coromandel District,02/06/2014,Mon,1015,DA,MW1,801,,E,W,O ,L , , ,C,100,0,0,1,1820229,5918653
Thames-Coromandel District,01/07/2014,Tue,1700,DA,CW1,131A 901 ,CV,E,W,DN,H , , ,C,100,0,1,0,1829319,5928780
Thames-Coromandel District,23/01/2014,Thu,900,DB,40,111A 131A ,C,M,W,B ,L , ,N,C,100,0,0,0,1833569,5928053
Thames-Coromandel District,20/04/2014,Sun,900,CA,CE1,129A 134A 407A ,C,R,W,O ,F , , ,C,100,0,0,3,1839124,5929643
Thames-Coromandel District,25/12/2014,Thu,745,DB,CN1,111A 131A ,EF,M,W,O ,F , , ,C,100,0,0,0,1843401,5930433
Thames-Coromandel District,30/06/2014,Mon,2300,DB,CW1,101A 111A 131A 402A 901 ,F,E,W,DN,H , , ,C,80,0,0,1,1842104,5923345
Thames-Coromandel District,30/08/2014,Sat,100,DA,4N1,103A 410A 801 ,FV,E,W,DO,L , , ,L,80,0,0,1,1840195,5921541
Thames-Coromandel District,29/01/2014,Wed,830,JA,VW1C,302B 375B ,,R,D,BF,F ,X,G,C,80,0,0,1,1838506,5920278
Thames-Coromandel District,07/02/2014,Fri,2348,CB,CN1,110A 402A ,F,R,W,DN,H , ,N,C,100,0,0,0,1837819,5919787
Thames-Coromandel District,07/10/2014,Tue,1200,JA,CN24,301B ,,R,D,B ,F ,T,S,C,100,0,0,0,1837605,5919431
Thames-Coromandel District,16/10/2014,Thu,1750,GD,4S1C4,331A 350A ,,R,D,O ,F ,T,S,C,100,0,1,2,1837860,5914966
Thames-Coromandel District,20/01/2014,Mon,1240,BC,CN1C,121A 403A 404A ,,E,W,O ,L , ,N,C,100,0,0,3,1838497,5913063
Thames-Coromandel District,04/10/2014,Sat,1750,DB,CS1,131A 403A 901 903 ,B,M,W,O ,HS, , ,C,100,0,0,0,1839837,5910195
Thames-Coromandel District,09/03/2014,Sun,510,DA,40,104A 131A ,CV,M,D,DN,F , , ,C,100,0,0,0,1842009,5911070
Thames-Coromandel District,30/05/2014,Fri,1835,BB,VE14,123A 404A 801 ,VV,M,W,DN,L , , ,C,100,1,1,2,1845453,5912079
Thames-Coromandel District,06/02/2014,Thu,1100,BF,CN1V,131A 191A 800 ,,S,W,O ,F , , ,C,100,0,0,1,1849318,5908555
Thames-Coromandel District,01/03/2014,Sat,1243,BC,CN14,129A 404A ,,M,D,BN,F , ,N,P,100,0,0,1,1849783,5907018
Thames-Coromandel District,10/03/2014,Mon,810,DB,CS1,110A 423A ,C,M,W,O ,L , ,N,C,100,0,0,1,1851196,5905169
Thames-Coromandel District,20/02/2014,Thu,1210,BA,VW1C,375A ,,R,W,ON,L , ,G,N,100,0,0,0,1851590,5904563
Thames-Coromandel District,21/01/2014,Tue,1400,BC,CN14,111A 121A ,,S,D,B ,F , ,N,C,100,0,0,2,1851997,5904415
Thames-Coromandel District,23/08/2014,Sat,1430,BC,MS1T,110A 121A ,,S,D,O ,F , ,N,C,100,0,1,0,1852866,5903405
Thames-Coromandel District,28/12/2014,Sun,2020,DB,TS1T,129A 130A 197A 818 ,C,S,D,TN,F , , ,C,100,0,0,0,1852816,5903162
Thames-Coromandel District,12/01/2014,Sun,1440,EA,4S14,410A ,M,E,D,B ,F , , ,C,50,0,0,0,1853507,5901209
Thames-Coromandel District,12/06/2014,Thu,930,JA,CN1C,301B 375B ,,E,D,OF,F ,T,S,C,50,0,0,0,1853427,5900865
Thames-Coromandel District,30/12/2014,Tue,1335,EA,CS1C,129A 351A ,M,R,D,B ,F , , ,C,50,0,0,0,1852880,5899264
Thames-Coromandel District,22/07/2014,Tue,1420,DB,CE1,131A 410A ,F,M,D,BN,F , ,N,C,100,0,0,0,1852710,5898844
Thames-Coromandel District,18/09/2014,Thu,500,DB,4S1,131A 412A ,TX,M,D,DN,F , , ,C,100,0,0,0,1850666,5895395
Thames-Coromandel District,20/09/2014,Sat,1800,DA,CS1,110A 195A 404A ,,E,W,DN,F , ,N,C,100,0,0,0,1849904,5894736
Thames-Coromandel District,15/08/2014,Fri,1723,DA,4W1,103A 111A 150A ,V,S,D,TN,F , ,N,C,80,0,0,0,1848724,5894195
Thames-Coromandel District,27/08/2014,Wed,730,BA,CS1C,310A ,,R,W,O ,L , ,G,N,100,0,0,0,1847381,5893241
Thames-Coromandel District,27/11/2014,Thu,2200,CB,CN1,504A ,F,R,D,DN,F ,T,N,C,100,0,0,0,1847400,5893131
Thames-Coromandel District,28/12/2014,Sun,1545,JA,4N1C,302B 377B ,,R,D,BF,F ,X,G,C,100,0,0,0,1847407,5893093
Thames-Coromandel District,04/03/2014,Tue,2015,DB,TN2,131A 610A ,,E,D,DO,F ,T,G,C,100,0,0,0,1847382,5891738
Thames-Coromandel District,20/04/2014,Sun,1535,DA,CN1,130A 404A 801 ,G,S,W,O ,L , , ,P,100,0,0,0,1850819,5889325
Thames-Coromandel District,09/05/2014,Fri,1304,BF,CS1V,111A 131A 402A ,G,S,W,O ,F , , ,C,100,0,2,3,1852840,5887781
Thames-Coromandel District,19/10/2014,Sun,1020,DB,CN1,131A 330A ,ET,E,W,ON,L , , ,C,100,0,0,0,1852366,5885680
Thames-Coromandel District,22/02/2014,Sat,2015,DA,4N1,130A 195A 801 ,T,E,W,DN,L , , ,C,100,0,0,1,1853160,5880958
Thames-Coromandel District,01/03/2014,Sat,1300,GD,4N1C,331A 352A ,,E,D,BF,F ,T,S,C,70,0,0,2,1853404,5880106
Thames-Coromandel District,08/01/2014,Wed,1220,DA,CN1,131A 350A ,EX,M,D,B ,F , , ,C,100,0,0,1,1853962,5877879
Thames-Coromandel District,12/07/2014,Sat,1045,DB,CS1,131A 420A 901 903 ,BZ,S,W,O ,HS, , ,N,100,0,0,0,1854067,5877558
Thames-Coromandel District,22/03/2014,Sat,850,DB,CN1,111A 131A ,,M,W,ON,F , ,N,C,70,0,0,0,1853337,5876336
Thames-Coromandel District,20/01/2014,Mon,1350,DA,CN1,131A 801 ,C,M,W,O ,L , , ,C,100,0,0,1,1852842,5874328
Thames-Coromandel District,01/02/2014,Sat,2015,DA,CS1,410A ,EV,E,D,TN,F , , ,C,100,0,0,0,1828730,5881078
Thames-Coromandel District,17/12/2014,Wed,1959,DB,CN1,131A ,C,M,W,TN,F , ,N,C,100,0,0,1,1828756,5881274
Thames-Coromandel District,14/04/2014,Mon,700,DA,CE1,111A 135A 632A ,C,S,W,ON,L , ,N,C,80,0,0,0,1828860,5881431
Thames-Coromandel District,14/12/2014,Sun,937,DB,CN1,111A 131A ,C,S,W,ON,H , ,N,C,100,0,0,1,1828860,5881431
Thames-Coromandel District,02/06/2014,Mon,1455,DA,CS1,111A 131A 402A ,C,S,D,O ,F , , ,C,100,0,0,0,1832048,5883872
Thames-Coromandel District,19/07/2014,Sat,1135,DA,CE1,111A 131A 804 ,E,M,D,O ,F , , ,C,100,0,0,1,1833018,5884439
Thames-Coromandel District,28/10/2014,Tue,1900,DA,CW1,131A 350A 410A ,T,M,D,TN,F , ,N,C,100,1,0,0,1834330,5884514
Thames-Coromandel District,08/05/2014,Thu,2243,DB,CW1,131A ,C,E,W,DN,L , ,N,C,100,0,0,1,1835132,5885197
Thames-Coromandel District,08/02/2014,Sat,1310,DA,CE1,135A 801 ,CV,S,W,OF,L , ,N,C,100,0,0,0,1835133,5885216
Thames-Coromandel District,02/06/2014,Mon,955,DA,4S1,131A 800 ,V,S,W,O ,F , , ,C,100,0,0,1,1835194,5885656
Thames-Coromandel District,12/10/2014,Sun,1745,BF,MW1C,111A 131A ,,S,D,BN,F , ,N,C,100,0,1,0,1835527,5885914
Thames-Coromandel District,29/03/2014,Sat,1520,DA,MW1,131A ,T,M,D,B ,F , , ,C,100,0,1,0,1835930,5885778
Thames-Coromandel District,03/10/2014,Fri,1830,DA,CN1,131A ,C,M,W,ON,F , ,N,C,100,0,0,0,1836350,5885750
Thames-Coromandel District,16/04/2014,Wed,830,DA,CS1,135A 801 804 ,C,S,W,DN,L , , ,C,100,0,0,0,1837184,5885541
Thames-Coromandel District,05/03/2014,Wed,1020,DB,CS1,131A 901 ,C,M,W,ON,H , ,N,C,100,0,0,1,1837161,5885466
Thames-Coromandel District,18/10/2014,Sat,2130,DB,CW1,111A 131A 901 ,C,E,W,DN,H , , ,C,100,0,0,0,1838061,5885233
Thames-Coromandel District,25/01/2014,Sat,2100,BB,CW1T,123A ,,M,D,DN,F , , ,C,100,0,0,1,1838944,5884426
Thames-Coromandel District,14/02/2014,Fri,1638,FD,4S1CC,181A 197A ,,M,D,B ,F , ,N,C,100,0,0,5,1843028,5885566
Thames-Coromandel District,11/10/2014,Sat,1850,BE,CS1C,129A 350A ,,R,D,TN,F , ,N,C,100,0,0,0,1843264,5885961
Thames-Coromandel District,26/08/2014,Tue,1030,DB,CS1,131A ,T,E,D,B ,F , , ,C,100,0,0,0,1844086,5887157
Thames-Coromandel District,12/07/2014,Sat,1955,EC,VS1,135A 823 901 ,CL,R,W,DN,H , , ,C,100,0,0,0,1835150,5870069
Thames-Coromandel District,14/09/2014,Sun,1011,DA,CN1,131A 352A 801 ,V,M,W,O ,L , , ,C,100,0,0,1,1834850,5874663
Thames-Coromandel District,13/05/2014,Tue,1927,DB,CS1,103A 111A 131A ,V,M,D,DN,F , , ,C,100,0,0,2,1834227,5875478
Thames-Coromandel District,17/11/2014,Mon,1124,CC,4N1,137A ,FV,R,W,ON,H , ,N,C,100,0,0,0,1834167,5876035
Thames-Coromandel District,26/04/2014,Sat,1828,EC,CN1,912,W,E,D,DN,F , , ,N,100,0,0,0,1832764,5877950
Thames-Coromandel District,09/03/2014,Sun,2116,CB,VS1,103A 129A 130A ,GKS,R,D,DN,F , , ,C,100,0,0,0,1829032,5880548
Thames-Coromandel District,05/11/2014,Wed,709,LB,CS1C,302B ,,M,D,B ,F ,R,G,R,70,0,0,0,1828340,5881116
Timaru District,23/06/2014,Mon,1100,EA,CS1C,501A ,FM,R,D,B ,F , , ,C,50,0,0,1,1460212,5083137
Timaru District,29/05/2014,Thu,1700,QG,400000000000000,428A 665A 903 ,M,R,D,DO,FS, , ,C,50,0,0,0,1459698,5081907
Timaru District,20/08/2014,Wed,1055,QC,TN1,321A ,JNS,R,D,B ,F , ,S,C,100,0,1,0,1464796,5114043
Timaru District,15/10/2014,Wed,2340,BA,CS1C,103A 512A 514A ,M,R,D,DO,F ,T,N,C,50,0,0,1,1459363,5082891
Timaru District,08/07/2014,Tue,1706,MF,PS1C,110A 158A 333A ,,R,D,TO,F , , ,C,50,0,0,0,1460646,5082352
Timaru District,08/07/2014,Tue,1010,EA,CS1C,129A ,M,R,D,O ,F , , ,C,50,0,0,0,1460943,5082441
Timaru District,22/01/2014,Wed,1820,NB,CN1E,370A 713B 726B ,,R,D,O ,F , , ,C,50,0,1,0,1457375,5083180
Timaru District,12/07/2014,Sat,405,CB,CS1,112A 517A ,F,R,D,DO,F , ,N,C,50,0,0,0,1457384,5083297
Timaru District,26/01/2014,Sun,1425,DB,CN1,111A 402A ,,S,W,O ,F , ,N,C,100,0,0,0,1454989,5082545
Timaru District,19/09/2014,Fri,1155,EA,TE1T,112A 357A 513A ,M,R,D,B ,FS, ,N,C,100,1,0,0,1450383,5077827
Timaru District,20/01/2014,Mon,1610,LB,MW1C,303B 370B 927 ,,R,D,O ,F ,D, ,C,50,0,1,0,1460273,5085424
Timaru District,19/06/2014,Thu,1020,HA,CS2V,301A 375A ,,R,D,B ,F ,X,S,C,50,0,0,1,1460900,5081921
Timaru District,28/09/2014,Sun,900,CB,CS1,130A 813 ,P,R,D,B ,F ,X,G,N,100,0,0,0,1458443,5112194
Timaru District,08/08/2014,Fri,311,DA,CW1,110A 131A ,P,R,W,DO,F ,T,N,N,50,0,0,0,1459497,5081806
Timaru District,13/10/2014,Mon,1530,QB,VN1,523A ,,R,D,B ,F , , ,P,100,0,1,0,1469744,5104422
Timaru District,22/02/2014,Sat,1140,DB,CW1,108A 402A ,V,E,D,B ,F , ,N,N,30,0,0,0,1456094,5083505
Timaru District,30/05/2014,Fri,935,NA,CW1E,197A 711B ,,R,D,B ,F , , ,C,50,0,1,0,1460590,5082567
Timaru District,12/12/2014,Fri,1530,DA,CW1C,111A 131A ,M,M,D,O ,F ,X,S,C,50,0,0,0,1460640,5082569
Timaru District,11/10/2014,Sat,1300,MC,MW1C,352B 372B ,,R,D,B ,F ,M,S,C,50,0,0,2,1460083,5082553
Timaru District,11/11/2014,Tue,835,LB,CW1C,303B 375B 927 ,,E,D,BF,F ,D,N,C,50,0,0,0,1460367,5082561
Timaru District,20/12/2014,Sat,1010,LB,CN2C,301B 303B 404B ,,R,D,O ,F ,X,S,C,50,0,0,0,1460307,5082559
Timaru District,26/09/2014,Fri,822,GD,PE1C,331A 352A ,,R,D,O ,F ,X,S,C,50,0,0,1,1459133,5082634
Timaru District,26/06/2014,Thu,1152,MB,CW1C,372B ,,R,D,B ,F , ,N,N,100,0,0,0,1456327,5083499
Timaru District,15/03/2014,Sat,2213,EA,CW14,103A 129A ,M,R,D,DO,F , ,N,C,50,0,0,1,1459734,5117387
Timaru District,20/12/2014,Sat,5,DB,CW1C,101A 111A ,MP,M,D,DO,F , ,N,C,50,1,0,0,1459213,5081572
Timaru District,11/01/2014,Sat,1223,JA,SE1C,302B 375B ,,R,D,OF,F ,T,G,C,50,0,0,1,1461337,5080883
Timaru District,13/02/2014,Thu,2036,DB,400,102A 133A 403A ,F,R,D,BF,F ,T,N,C,60,0,0,0,1460069,5087472
Timaru District,17/01/2014,Fri,1015,QG,TN1C,682A 198B ,,E,D,B ,F ,T,N,C,50,0,0,0,1460069,5087472
Timaru District,10/08/2014,Sun,1700,EA,CW1C,129A ,M,R,D,BF,F , ,N,C,50,0,0,0,1459847,5082769
Timaru District,31/05/2014,Sat,2310,EA,CE1VV,103A 645A ,M,R,D,DO,F , ,N,C,50,0,0,0,1462313,5100241
Timaru District,26/12/2014,Fri,1710,HA,4E1C,301B ,,R,D,B ,F ,T,S,P,100,0,0,0,1464617,5103470
Timaru District,15/12/2014,Mon,830,BA,4E1C,205A 197B ,FX,R,D,B ,F , , ,N,100,0,0,0,1452845,5081114
Timaru District,15/07/2014,Tue,1300,AO,4W1C,134A 197A 402A ,F,R,D,ON,F , ,N,N,80,0,0,0,1456120,5080693
Timaru District,03/04/2014,Thu,1030,CB,CS1,112A 130A 359A 904 ,P,R,D,O ,M , , ,C,100,0,0,0,1467001,5110430
Timaru District,27/02/2014,Thu,1820,DA,CN1,131A 402A ,T,E,D,BN,F , ,N,N,50,0,0,0,1462799,5099021
Timaru District,02/12/2014,Tue,110,CB,CE1,130A 412A ,F,R,D,DN,F , , ,N,100,0,0,0,1447840,5087966
Timaru District,25/05/2014,Sun,130,CB,CS1,112A 130A 402A ,F,R,D,DO,F , ,N,C,50,0,0,0,1461441,5082412
Timaru District,28/08/2014,Thu,645,DC,400,130A 412A 904 ,H,R,D,DO,M ,T,N,C,50,0,0,0,1451513,5097425
Timaru District,13/09/2014,Sat,1133,DA,CN1,131A ,F,M,W,ON,L , ,N,C,100,0,0,0,1461258,5122826
Timaru District,23/08/2014,Sat,2210,DB,MS1,103A 131A ,,R,D,DO,F ,T,G,N,50,0,1,0,1458929,5084055
Timaru District,28/08/2014,Thu,200,NA,CS1E,433A 722B ,,R,D,DN,F , , ,C,80,0,0,1,1454893,5084884
Timaru District,03/12/2014,Wed,700,DB,CE14,129A 902 ,M,S,D,B ,F , , ,C,50,0,0,1,1459222,5084920
Timaru District,07/06/2014,Sat,2045,EA,CE1C,103A 358A ,M,R,D,DO,F ,T,N,C,50,0,0,0,1459527,5084974
Timaru District,07/03/2014,Fri,15,EA,CN1C,103A 129A ,M,R,D,DO,F ,X,S,C,50,0,0,0,1460307,5082579
Timaru District,24/05/2014,Sat,1445,CA,MW1,112A ,,R,D,BF,F , ,N,N,100,0,1,0,1462601,5107460
Timaru District,21/03/2014,Fri,900,EC,TS1,363A 386A 818 902 ,H,M,D,B ,F ,T,S,R,50,0,0,0,1459384,5081601
Timaru District,12/07/2014,Sat,45,CB,CW1,103A 505A ,P,R,D,DO,F ,T,N,C,50,0,0,0,1459645,5081684
Timaru District,01/12/2014,Mon,546,CB,CN2,129A 410A ,FX,R,W,ON,L ,T,G,C,100,0,0,0,1463425,5110619
Timaru District,22/01/2014,Wed,1140,QC,CS1,326A 350A 370A ,N,M,D,BF,F , ,T,C,50,0,0,0,1461298,5082099
Timaru District,19/12/2014,Fri,730,HA,CN2C,302A ,,R,D,B ,F ,R,G,R,50,0,0,0,1460898,5082041
Timaru District,09/07/2014,Wed,1505,LB,TS1C,303B 375B ,,R,D,O ,F ,X,S,C,50,0,0,1,1458117,5083101
Timaru District,04/10/2014,Sat,900,GE,4W1CC,193B 381B 929 ,,R,D,B ,F ,D,N,C,50,0,0,0,1459619,5084172
Timaru District,13/05/2014,Tue,1345,GA,CS1C,181A 404A 929 ,,R,W,O ,L ,D,N,C,50,0,0,0,1459426,5115673
Timaru District,09/06/2014,Mon,1850,EC,CN1,129A 645A ,S,R,W,DO,H ,X,G,C,50,0,0,0,1459066,5116531
Timaru District,01/12/2014,Mon,1430,CB,CN1,130A 358A ,P,R,D,B ,F , , ,N,50,0,0,0,1457816,5083002
Timaru District,16/10/2014,Thu,1524,GA,CN1C,181A 423A 929 ,,R,D,O ,F ,D,N,C,50,0,0,0,1460887,5081520
Timaru District,31/12/2014,Wed,1315,HA,CS1C,301B ,,R,W,O ,L ,T,S,C,50,0,0,0,1460757,5081270
Timaru District,12/04/2014,Sat,840,HA,CS1C,301B 375B ,,R,D,B ,F ,X,S,C,50,0,0,0,1461059,5081800
Timaru District,13/09/2014,Sat,1417,EC,CS1C,129A 353A 402A ,M,R,D,O ,F ,T,N,C,50,0,0,0,1459538,5084761
Timaru District,22/04/2014,Tue,1540,DA,CS2,111A 131A ,V,R,W,ON,F ,X,G,N,100,0,0,1,1458443,5112194
Timaru District,11/09/2014,Thu,2200,AD,CE1,103A ,S,R,D,DO,F , ,N,C,60,0,0,1,1460107,5087024
Timaru District,23/03/2014,Sun,950,QG,4W1,665A ,P,E,D,BF,F , ,N,C,50,0,0,0,1459811,5086952
Timaru District,08/02/2014,Sat,400,DC,CN1,112A 335A 645A ,FT,R,D,DN,F ,T,N,C,100,0,0,4,1467091,5097295
Timaru District,25/09/2014,Thu,845,PD,VN1E,727B 929 ,,R,D,B ,F ,D,N,C,50,0,0,1,1459940,5082136
Timaru District,12/11/2014,Wed,1720,MC,CE14,330B 372B 402B ,,R,D,O ,F , , ,C,50,0,0,2,1459433,5082122
Timaru District,05/08/2014,Tue,705,EC,VN1,913,W,R,D,DN,FF, , ,C,100,0,0,0,1468627,5115409
Timaru District,14/01/2014,Tue,1800,GD,CN1C,333A 352A ,,R,D,B ,F ,T,G,C,50,0,0,0,1458854,5084735
Timaru District,18/07/2014,Fri,2115,DB,CS1,137A 363A ,P,E,W,DO,L , ,N,C,50,0,0,0,1459668,5086419
Timaru District,05/04/2014,Sat,2200,DB,CE1,111A 131A 430A ,P,E,D,DN,F , , ,C,80,0,0,0,1459363,5085884
Timaru District,31/07/2014,Thu,2145,DA,CS1,111A 131A 402A ,F,E,D,DO,F , , ,C,80,0,0,0,1459541,5085988
Timaru District,18/09/2014,Thu,20,DB,CE1,111A 131A ,P,E,D,DO,F , ,G,C,70,0,0,0,1463760,5111495
Timaru District,16/12/2014,Tue,230,DA,CN1,103A 410A ,CP,E,D,DN,F , ,N,C,100,0,0,0,1461141,5115734
Timaru District,25/06/2014,Wed,1630,FD,VN1CC,331A 181B 902 ,,R,D,B ,F , , ,R,50,0,0,0,1458298,5083156
Timaru District,20/03/2014,Thu,1420,DA,CN1,111A 121A ,K,M,D,O ,L ,T,S,R,50,0,0,0,1459384,5081601
Timaru District,09/01/2014,Thu,1300,GD,CN1C,333A 358A ,,R,D,O ,F ,T,G,C,50,0,0,0,1458681,5082247
Timaru District,07/06/2014,Sat,400,DB,CN1V,111A 131A 358A ,M,E,W,DO,M , , ,C,50,0,0,0,1458338,5083126
Timaru District,19/02/2014,Wed,835,AF,CN1S,150A 370A 386A ,,E,D,B ,F ,T,G,C,50,0,0,0,1458615,5082400
Timaru District,21/01/2014,Tue,2028,KB,CS1V,316B 382B ,,R,D,O ,F ,T,N,R,50,0,0,0,1459457,5081504
Timaru District,22/10/2014,Wed,2237,EA,CW1V,112A 512A ,M,R,D,DO,F ,T,N,C,50,0,1,0,1457784,5084798
Timaru District,24/08/2014,Sun,929,FB,4N1C,103A 181A ,,R,W,O ,L ,T,G,N,50,0,0,1,1457496,5084916
Timaru District,20/11/2014,Thu,2030,KA,CE1C,302B ,,M,D,TF,F ,R,G,R,50,0,0,0,1458823,5084688
Timaru District,23/07/2014,Wed,2258,EC,CW1C,129A 818 ,M,R,D,DO,F , , ,N,50,0,0,0,1457605,5083508
Timaru District,18/07/2014,Fri,2120,MA,CE1C,387A 373B ,,R,W,DO,L , ,N,C,50,0,0,0,1460776,5081266
Timaru District,05/11/2014,Wed,1015,MO,BW1C,129A 386A ,M,E,D,OF,L , ,N,C,50,0,0,0,1459539,5083972
Timaru District,15/02/2014,Sat,1745,MO,CW1,130A ,F,R,D,B ,F , , ,C,50,0,0,0,1457398,5083226
Timaru District,05/10/2014,Sun,430,PO,CE1E,370A 724B 728B ,,R,D,DN,F , ,N,C,100,1,0,0,1467844,5100325
Timaru District,27/03/2014,Thu,2130,EC,TE1,124A 386A 817 ,J,R,D,DO,F ,T,G,N,50,0,0,0,1461445,5083041
Timaru District,10/10/2014,Fri,1245,KA,CW1C,303B ,,R,D,B ,F ,T,N,C,50,0,0,0,1461177,5082848
Timaru District,22/01/2014,Wed,1300,QC,4N1,334A ,NS,R,D,B ,F , ,T,C,50,0,0,0,1451226,5097257
Timaru District,05/07/2014,Sat,1028,DB,CN1,103A 131A ,FK,M,D,O ,F ,T,N,C,50,0,0,0,1459761,5087732
Timaru District,31/03/2014,Mon,1550,DA,CS1,111A 131A ,P,E,D,B ,F ,T,N,C,100,0,1,0,1461931,5091343