TLANAME,CRASHDATE,CRASHDOW,CRASHTIME,MVMT,VEHICLES,CAUSES,OBJECTSSTRUCK,ROADCURVE,ROADWET,LIGHT,WTHRa,JUNCTYPE,TRAFCTRL,ROADMARK,SPDLIM,CRASHFATALCNT,CRASHSEVCNT,CRASHMINCNT,EASTING,NORTHING
Timaru District,15/05/2014,Thu,155,DA,CW2,103A 131A ,F,R,D,DO,M ,T,G,C,100,0,0,0,1462416,5093571
Timaru District,18/04/2014,Fri,1345,MO,CE1C,371A ,M,R,W,OF,L , ,N,C,50,0,0,0,1460346,5082971
Timaru District,16/09/2014,Tue,650,BC,CN1C,103A 122A 133A 930 ,,R,D,O ,F ,D,N,C,50,0,0,0,1459173,5083951
Timaru District,30/07/2014,Wed,1510,KB,SN1C,302B 370B ,,R,D,B ,F ,T,G,C,50,0,1,0,1459173,5083951
Timaru District,23/05/2014,Fri,2125,JA,PS1C,301B 375B ,,R,D,DO,F ,T,S,N,50,0,0,1,1459549,5083375
Timaru District,29/11/2014,Sat,20,CA,CS1C,133A 433A 801 ,M,R,W,DO,L , , ,C,50,0,0,0,1459476,5083528
Timaru District,13/10/2014,Mon,1606,KB,CN1O,302B 382B ,,R,D,BN,F ,T,G,C,100,0,0,0,,
Timaru District,11/08/2014,Mon,1400,MO,CS1C,330A 386A ,M,R,D,O ,F , , ,C,50,0,0,0,1460778,5082604
Timaru District,25/07/2014,Fri,1030,MO,CS1C,423A ,M,R,D,O ,F , , ,C,50,0,0,0,1460665,5082921
Timaru District,05/01/2014,Sun,1200,MA,4N1C,371B ,,R,D,B ,F , , ,C,50,0,0,0,1460712,5082870
Timaru District,19/07/2014,Sat,1335,DA,CS1,111A 131A ,P,E,W,O ,L ,X,T,C,30,0,0,0,1461041,5082526
Timaru District,07/06/2014,Sat,2200,HA,VN1C,322A 334A 351A ,,R,D,DO,F ,X,T,C,50,0,0,0,1461154,5082169
Timaru District,14/12/2014,Sun,1630,DA,CN1,129A 410A ,PV,E,D,BN,F , ,N,C,100,0,0,1,1459570,5114330
Timaru District,21/12/2014,Sun,1400,BB,CE1C,123A 205A 402A ,,E,D,O ,F , , ,N,100,0,0,0,1448081,5122218
Timaru District,16/12/2014,Tue,1230,DB,CN1C4C,103A 129A ,M,E,D,BF,F ,T,N,C,50,0,0,0,1459973,5083922
Timaru District,14/02/2014,Fri,1540,LB,CN1C,303B 355B 927 ,,R,D,B ,F ,D, ,N,50,0,0,0,1460761,5082935
Timaru District,06/05/2014,Tue,1715,MO,VW14,386A 929 ,M,R,D,B ,F ,D,N,C,50,0,0,0,1459993,5083543
Timaru District,15/06/2014,Sun,1750,HA,CW2C,321B 335B 817 853 ,,R,D,DO,F ,X,S,C,50,0,0,0,1460900,5081921
Timaru District,07/05/2014,Wed,1835,DB,CN1,111A 131A 402A ,M,E,W,DO,F ,X,G,C,50,0,0,0,1460902,5081796
Timaru District,10/04/2014,Thu,930,JA,CW1C,301B 375B ,,R,W,OF,L ,T,S,C,50,0,0,0,1460170,5083225
Timaru District,13/03/2014,Thu,1500,FB,MW1C,181A 331A ,,R,W,O ,F ,T,N,X,50,0,0,1,1457729,5083352
Timaru District,19/12/2014,Fri,1225,GD,CW1C,181A 331A ,,R,D,B ,F ,T,S,C,50,0,0,0,1457719,5083353
Timaru District,03/03/2014,Mon,1700,MC,CE1V,372B 407B 423B ,,R,D,O ,F , ,N,C,50,0,0,0,1457926,5083332
Timaru District,02/06/2014,Mon,1330,GD,CW1V,333A 363A 902 ,,R,D,BF,F ,T,G,C,50,0,0,0,1456637,5083514
Timaru District,29/07/2014,Tue,1020,HA,CN2C,301A 375A ,,R,D,O ,F ,X,S,C,50,0,0,0,1458005,5083324
Timaru District,08/06/2014,Sun,1850,GD,CW1C,331A 359A 402A 929 ,,R,D,TF,F ,D, ,C,50,0,0,2,1457490,5083376
Timaru District,19/03/2014,Wed,1625,NB,CW1E,713B ,,R,D,B ,F , ,N,C,50,0,0,1,1456987,5083459
Timaru District,05/07/2014,Sat,1345,LB,SE1C,303B 361B ,I,R,D,O ,F ,T,S,R,50,0,0,0,1459384,5083248
Timaru District,01/11/2014,Sat,2030,EC,CW1,103A ,I,R,D,OF,F ,R,G,R,50,0,0,0,1458171,5083301
Timaru District,05/08/2014,Tue,1630,KB,CW1C,302A 350A ,,M,D,O ,F ,R,G,C,50,0,0,0,1458155,5083297
Timaru District,14/07/2014,Mon,1545,MA,4E1C,373B 671B 927 ,,R,D,O ,F ,D,N,C,50,0,0,0,1459163,5083241
Timaru District,18/07/2014,Fri,810,CA,VE1,130A 802 ,,R,I,B ,FF,T,N,C,50,0,0,0,1458224,5083291
Timaru District,08/05/2014,Thu,2020,HA,CW1C,322A 402A 103B 801 ,,R,W,DO,L ,X,T,C,50,0,0,0,1459612,5083253
Timaru District,04/03/2014,Tue,45,CB,CS2,101A 110A 130A ,CS,R,D,DO,F ,X,T,C,50,0,0,0,1459612,5083253
Timaru District,15/02/2014,Sat,2205,HA,4W1C,103A 322A ,,R,D,DO,F ,X,T,C,50,0,0,1,1459612,5083253
Timaru District,29/05/2014,Thu,810,KB,TW1C,302B 375B ,,R,D,B ,F ,M,G,C,100,0,0,0,1452956,5099625
Timaru District,26/11/2014,Wed,,DA,CW1,101A 111A 131A 903 ,FV,R,D,B ,FS,X,S,C,100,0,0,0,1460397,5100063
Timaru District,12/04/2014,Sat,2230,DA,CN2,137A ,F,R,W,DN,L ,X,S,C,100,0,0,0,1457107,5086854
Timaru District,23/06/2014,Mon,650,EC,400000000000000,130A 350B 910 ,BW,R,D,DF,FF, , ,C,100,0,0,0,1459108,5087094
Timaru District,09/06/2014,Mon,1150,CB,CN1,130A ,J,R,W,OF,L , ,N,N,50,0,0,0,1462830,5099449
Timaru District,16/04/2014,Wed,1701,HA,CE2C,302A 335A 901 ,,R,W,O ,H ,X,G,C,50,0,0,1,1463119,5099764
Timaru District,05/07/2014,Sat,1630,DB,CN1,130A 504A ,G,R,D,O ,F ,R,G,R,50,0,0,0,1459623,5082600
Timaru District,26/03/2014,Wed,1655,GD,CS1C,331A ,,R,D,B ,F ,T,N,C,50,0,0,0,1459635,5082411
Timaru District,05/09/2014,Fri,1815,HA,CS1C,302A ,,R,D,TF,F ,R,G,R,50,0,0,0,1459633,5082127
Timaru District,11/05/2014,Sun,645,FA,CS1O,330A 904 ,,R,D,DN,M , , ,C,100,0,0,1,1461010,5109039
Timaru District,25/06/2014,Wed,1925,JA,CS1C,321B 361B ,,R,W,DO,F ,T,S,C,100,0,3,3,1460011,5112650
Timaru District,07/12/2014,Sun,2215,DB,4W2,101A 131A 404A ,FH,E,D,DO,F ,T,N,N,50,0,0,0,1460003,5082551
Timaru District,21/08/2014,Thu,1610,MO,CE1C,132A 330A 926 ,MC,R,D,B ,F ,D,N,N,50,0,0,2,1459864,5082566
Timaru District,04/07/2014,Fri,950,NG,CS1E,371A 712B ,,R,D,O ,F , , ,N,50,0,0,1,1460606,5082887
Timaru District,28/03/2014,Fri,1455,MO,CW1,427A ,C,R,D,B ,F , , ,N,30,0,0,1,1460845,5082231
Timaru District,02/01/2014,Thu,1210,PO,VE1E,386A ,,R,D,BN,F , ,N,N,20,0,0,1,1458687,5083283
Timaru District,27/03/2014,Thu,1700,DB,MS1,104A 111A 131A ,,M,D,O ,F , , ,N,100,0,0,1,1464032,5128308
Timaru District,19/11/2014,Wed,1915,QG,TS1C,668A ,,R,D,O ,F , , ,C,100,0,0,0,1469543,5119431
Timaru District,16/12/2014,Tue,1410,KA,TN1C,197A 302B 330B 375B ,,R,D,B ,F ,T,G,L,100,0,0,0,1469468,5119365
Timaru District,24/06/2014,Tue,1235,LB,CW1V,303B 375B ,,R,D,B ,F ,T,G,P,100,0,0,1,1469468,5119365
Timaru District,27/06/2014,Fri,1725,LB,4N1V,303B 375B ,,R,D,TO,F ,T,G,C,100,0,0,1,1469468,5119365
Timaru District,07/03/2014,Fri,2110,CB,CW1,103A 129A ,B,R,D,DN,F , ,N,N,100,0,0,0,1469317,5119234
Timaru District,06/11/2014,Thu,1516,DB,TS1,131A 412A ,C,E,D,B ,F , , ,C,100,0,0,0,1465496,5115729
Timaru District,16/12/2014,Tue,1200,CB,CS1,130A 412A ,F,R,D,B ,F , , ,C,100,0,0,0,1464990,5113511
Timaru District,24/11/2014,Mon,1540,FA,CS1V,331A ,,E,D,B ,F , , ,C,100,0,0,0,1465149,5112940
Timaru District,06/09/2014,Sat,1905,BA,CN1C,310A ,,R,D,DN,F , ,G,N,100,0,0,2,1464573,5112387
Timaru District,13/01/2014,Mon,1415,CB,CE1,134A 350A ,G,R,D,B ,F , ,N,C,100,0,0,1,1464573,5112387
Timaru District,14/10/2014,Tue,1430,BC,CS1C,121A ,,E,D,O ,F , ,N,C,80,1,1,1,1463959,5111752
Timaru District,28/09/2014,Sun,1940,LB,CN1C,372B ,,R,D,TO,F ,T,N,C,80,0,0,0,1463862,5111459
Timaru District,02/10/2014,Thu,1610,CB,VN1,104A 129A ,P,R,D,BF,F , ,N,C,100,0,0,2,1463844,5111402
Timaru District,23/03/2014,Sun,630,CB,4N1,129A 352A 363A ,P,R,D,DO,M ,T,N,C,50,0,0,0,1462457,5106449
Timaru District,06/10/2014,Mon,1505,FD,VS1CC,137A 181A ,,R,D,B ,F , ,N,C,100,0,0,2,1461986,5102109
Timaru District,28/06/2014,Sat,1753,CA,CN1,501A ,I,R,D,DO,F , , ,R,50,0,0,0,1462387,5100022
Timaru District,20/08/2014,Wed,710,FA,VS1T,129A 386A ,,R,D,O ,F , , ,P,50,0,0,0,1462345,5099708
Timaru District,28/05/2014,Wed,1736,JA,CS1C,322A 334A ,,M,D,DO,F ,X,T,R,50,0,0,0,1462377,5099417
Timaru District,30/01/2014,Thu,650,GD,4N1CC,333A 350A ,,E,D,B ,F ,T,G,P,80,0,1,2,1462426,5099015
Timaru District,18/04/2014,Fri,110,CC,CS1,104A 130A 901 ,B,R,W,DO,H , , ,C,80,0,1,0,1462357,5098440
Timaru District,19/12/2014,Fri,1550,MC,CS1C,330B 372B ,,R,D,O ,F , , ,C,80,0,0,1,1462055,5097808
Timaru District,04/10/2014,Sat,900,BB,TS2C,129A ,Q,R,D,BN,F ,T,G,C,100,0,0,1,1461612,5097098
Timaru District,11/12/2014,Thu,1950,DA,CS1,103A 111A 131A 402A ,GV,R,D,B ,F ,T,G,L,100,0,0,1,1461612,5097098
Timaru District,23/11/2014,Sun,400,CB,4N1,101A 112A ,V,R,D,DN,F , ,N,C,100,0,0,1,1461545,5096909
Timaru District,18/12/2014,Thu,320,DA,4N1,103A 111A 131A 402A ,F,E,D,DN,F ,T,G,C,100,0,0,0,1461145,5095696
Timaru District,20/03/2014,Thu,1650,FD,4S14,181A 331A 350A 801 817 ,,R,W,O ,L , , ,C,100,0,0,0,1460669,5093500
Timaru District,19/04/2014,Sat,445,CB,VS1,103A 130A ,FR,R,W,DN,F , ,N,N,100,0,0,0,1460571,5093034
Timaru District,21/03/2014,Fri,550,CB,CN1,116A 330A ,T,R,D,TF,F , ,N,N,80,0,0,0,1460497,5092682
Timaru District,01/04/2014,Tue,1725,CC,CN1,197A ,V,R,D,BN,F , ,N,C,100,0,0,1,1459938,5090428
Timaru District,26/05/2014,Mon,1540,EE,TS1C,350B 374B 402B ,M,R,D,O ,F , , ,C,100,0,0,0,1459587,5089142
Timaru District,11/06/2014,Wed,1743,MC,TN1CC,330B 372B ,M,R,D,DO,F , ,N,P,70,0,0,0,1459513,5087808
Timaru District,17/04/2014,Thu,1000,FE,CS14,181A ,,R,W,OF,F ,T,T,C,70,0,0,0,1459563,5087412
Timaru District,06/06/2014,Fri,710,LB,4N1V,303B 375B ,,R,W,DO,F ,T,T,C,70,0,0,2,1459589,5087208
Timaru District,26/04/2014,Sat,1410,FE,CS1C,331A ,,R,D,B ,F ,T,T,P,70,0,0,0,1459589,5087208
Timaru District,28/03/2014,Fri,1450,AO,4N1T,184A 184B ,,R,D,B ,F , , ,C,70,0,0,0,1459601,5087125
Timaru District,21/08/2014,Thu,1300,GF,TE1C,179A 375A ,,R,D,BF,F ,T,S,C,70,0,0,0,1459607,5087076
Timaru District,03/10/2014,Fri,1645,DA,MN1,131A 927 ,,R,D,O ,F ,D,N,P,70,0,0,0,1459740,5086709
Timaru District,07/01/2014,Tue,1700,AG,VN14,184A ,,R,D,O ,F , , ,C,70,0,0,0,1460050,5086090
Timaru District,16/03/2014,Sun,510,DA,CN1,103A 111A 131A ,P,E,W,DO,L , ,N,C,50,0,0,0,1459904,5085282
Timaru District,26/11/2014,Wed,1850,BC,CS1C,122A 410A ,,E,D,B ,F ,T,G,C,50,0,0,1,1459890,5085113
Timaru District,24/07/2014,Thu,1305,JA,4S14,308B 375B 922 ,,E,D,BF,F ,D,N,C,50,0,0,1,1459903,5085086
Timaru District,25/06/2014,Wed,1530,JA,4S1C,308B 375B 922 ,,R,D,B ,F ,D,N,C,50,0,0,0,1459963,5085000
Timaru District,22/02/2014,Sat,953,FD,CS1CV,331A ,,R,D,B ,FS,T,T,P,50,0,0,0,1459797,5084324
Timaru District,20/05/2014,Tue,1230,AA,TN14,184A 184B ,,R,D,OF,F , ,N,C,50,0,0,0,1459741,5084281
Timaru District,05/06/2014,Thu,1750,AA,VN1C,179A 381A ,,R,D,O ,F , ,N,C,50,0,0,0,1459733,5084275
Timaru District,13/07/2014,Sun,2124,JA,VN1C,322A ,,E,W,DO,L ,T,T,C,50,0,0,1,1459710,5084257
Timaru District,14/07/2014,Mon,1225,FD,CN1C,181A ,,R,D,BF,F , ,N,C,50,0,0,0,1459662,5084173
Timaru District,29/05/2014,Thu,2354,CC,CN1,103A 433A ,F,R,D,DO,F , ,N,C,50,0,0,0,1459660,5084144
Timaru District,16/05/2014,Fri,1734,LB,VS1C,303B 375B 924 ,,R,D,DO,F ,D,T,C,50,0,0,0,1459671,5084095
Timaru District,22/11/2014,Sat,2123,LB,VS1C,303B 334B ,,R,D,DO,F ,T,T,C,50,0,0,0,1459671,5084095
Timaru District,30/05/2014,Fri,1812,MA,CN1C,373B ,,R,D,B ,F , , ,C,50,0,0,0,1459683,5084048
Timaru District,03/02/2014,Mon,1905,DA,CN1C,111A 131A 925 ,KM,R,D,B ,F ,D,T,C,50,0,0,0,1459710,5083952
Timaru District,20/06/2014,Fri,1211,FE,BS1VC,181A 181C ,,R,D,BF,F ,X,T,C,50,0,0,0,1459710,5083952
Timaru District,18/01/2014,Sat,2150,CC,CS1C,129A 358A 403A ,M,R,D,DO,F , ,N,C,50,0,0,0,1459732,5083865
Timaru District,07/07/2014,Mon,730,AO,BS1V,184A 184B 357B ,,R,D,O ,F , , ,C,50,0,0,0,1459913,5083643
Timaru District,16/06/2014,Mon,1915,GA,CE1C,331A 350A 929 ,,R,D,DO,F ,D, ,C,50,0,0,1,1459917,5083640
Timaru District,22/12/2014,Mon,1220,AO,TS1C,184A 330A 184B 330B ,,R,D,B ,F , , ,C,50,0,0,0,1459933,5083628
Timaru District,24/02/2014,Mon,1650,AO,CS1C,381A 381B ,JTJ,R,D,B ,F , ,N,C,50,0,0,1,1459949,5083616
Timaru District,09/05/2014,Fri,,EA,TS1C,129A 197A ,M,R,D,B ,F , ,N,C,50,0,0,0,1460011,5083568
Timaru District,23/08/2014,Sat,1417,FD,CN1X,181A ,,R,D,BF,F ,T,S,C,50,0,0,0,1460035,5083550
Timaru District,16/08/2014,Sat,1321,FD,CN14,331A 352A ,,R,D,BF,F ,T,S,C,50,0,0,0,1460051,5083538
Timaru District,06/02/2014,Thu,1700,AC,TN1V,381A ,,E,D,BF,F , ,N,C,50,0,0,0,1460237,5083421
Timaru District,10/04/2014,Thu,1615,AA,CN1T,158A 170A 184A ,,E,D,O ,F , , ,C,50,0,0,0,1460237,5083421
Timaru District,15/01/2014,Wed,1158,FA,CS1C,331A ,,E,D,O ,F ,T,G,C,50,0,0,0,1460486,5082901
Timaru District,27/03/2014,Thu,1000,LB,CW2C,301B 303B ,,R,D,B ,F ,X,S,P,50,0,0,0,1460524,5082369
Timaru District,27/03/2014,Thu,1635,HA,CN1M,301B 375B 402B ,,E,D,B ,F ,X,S,C,50,0,1,0,1460524,5082369
Timaru District,24/10/2014,Fri,1545,FD,CS1C,181A ,,R,D,BF,F , ,N,P,50,0,0,0,1460525,5082232
Timaru District,12/08/2014,Tue,1750,BC,CN1C,122A 330A ,,R,W,DO,H ,X,T,C,50,0,0,0,1460526,5082152
Timaru District,07/07/2014,Mon,1140,LB,CN14,303B 375B ,,R,D,B ,F ,X,S,C,50,0,0,0,1460550,5081326
Timaru District,25/07/2014,Fri,1600,FE,CS14C,110A 331A ,,R,D,O ,F ,X,T,R,50,0,0,0,1460632,5081038
Timaru District,06/06/2014,Fri,1015,FE,CN1C,181A 334A ,,R,W,OF,L ,T,T,R,50,0,0,0,1460632,5081028
Timaru District,02/10/2014,Thu,2030,EE,TS1C,374B ,M,R,D,DO,F , , ,C,50,0,0,0,1460544,5080770
Timaru District,29/08/2014,Fri,1320,HA,SE2C,301A 382A 197B ,,R,D,B ,F ,X,S,P,50,0,1,0,1460538,5080751
Timaru District,29/05/2014,Thu,810,GD,VS1C,181A 330A 922 ,,R,D,B ,F ,D,N,C,50,0,0,0,1460359,5080413
Timaru District,13/05/2014,Tue,625,JA,VN1C,308B 375B 922 ,,E,D,DO,F ,D,N,C,50,0,0,0,1460304,5080342
Timaru District,15/06/2014,Sun,250,PO,CS1E,700B 713B ,,M,D,DN,F , ,N,C,100,0,1,0,1459892,5080059
Timaru District,05/09/2014,Fri,1240,DA,VS1,131A 402A ,C,E,D,O ,F , , ,C,100,0,0,0,1459717,5077819
Timaru District,11/04/2014,Fri,1718,CB,TN1,130A ,FPV,R,D,O ,F , , ,C,100,0,0,0,1459652,5077638
Timaru District,24/01/2014,Fri,1547,DA,CN1,101A 131A ,P,M,D,O ,F , , ,C,100,0,1,0,1458623,5075006
Timaru District,21/07/2014,Mon,2100,DA,CN1,131A 402A ,K,M,D,DN,F , , ,C,100,0,0,0,1458403,5074710
Timaru District,28/02/2014,Fri,1459,CC,4N1,129A 134A ,F,R,D,B ,F , ,N,C,100,0,0,0,1457878,5074100
Timaru District,07/01/2014,Tue,1535,JA,CS1C,197A 301B 353B ,,R,W,B ,F ,X,S,C,100,0,0,0,1457018,5072600
Timaru District,03/07/2014,Thu,800,HA,CN1C,301B 375B ,,R,D,BF,F ,X,S,C,100,0,0,0,1457018,5072600
Timaru District,23/07/2014,Wed,2130,DA,CS1,410A ,F,E,D,DN,F , , ,C,100,0,0,0,1456976,5071956
Timaru District,23/01/2014,Thu,1030,CB,CS1,129A 407A ,PS,R,D,B ,F , ,N,N,100,0,0,0,1463347,5122386
Timaru District,14/05/2014,Wed,720,DB,CN2,131A 645A ,E,E,W,DN,L ,T,G,C,100,0,0,0,1461533,5121869
Timaru District,07/10/2014,Tue,1720,FB,4E1C,331A ,,R,D,B ,F , ,G,N,100,0,0,1,1461046,5121556
Timaru District,14/11/2014,Fri,1535,GD,CN1C,331A 353A 929 ,,R,D,BF,F ,D,N,C,50,0,0,2,1459634,5117213
Timaru District,23/09/2014,Tue,1500,CC,4W1C,194A ,FQ,R,D,BF,F , ,N,C,50,0,0,1,1459332,5116273
Timaru District,10/10/2014,Fri,2100,HA,CS2C,301A ,,R,D,DN,F ,X,S,C,100,0,0,0,1456629,5113560
Timaru District,13/07/2014,Sun,1635,DB,CE1,131A 412A ,F,E,D,TN,F , , ,C,100,0,0,0,1455815,5113253
Timaru District,15/12/2014,Mon,1455,CC,CW1,130A 404A 412A ,T,R,D,B ,F , , ,C,100,0,0,2,1452890,5114059
Timaru District,04/05/2014,Sun,220,MO,OS1,101A 386A ,E,E,D,DN,F , , ,C,100,0,0,1,1450480,5113344
Timaru District,04/05/2014,Sun,130,DA,VS1,101A 137A 412A ,EF,E,D,DN,F , , ,C,100,0,1,0,1450480,5113344
Timaru District,02/08/2014,Sat,1050,CB,VW1,135A 903 ,,R,D,BN,FS, ,N,C,100,0,0,0,1448726,5112759
Timaru District,20/04/2014,Sun,555,DB,CE1,111A 131A 813 817 ,,E,D,DN,F , , ,N,100,0,0,0,1447155,5112015
Timaru District,20/04/2014,Sun,30,DA,CS1,101A 111A 131A 517A 804 817 904 ,C,E,W,DN,M , , ,C,100,0,0,0,1446883,5112349
Timaru District,12/11/2014,Wed,2000,QG,4S1,131A 688A 901 ,,E,W,DN,H , , ,C,100,0,0,0,1446676,5112543
Timaru District,29/06/2014,Sun,810,CC,4S1,135A 802 803 ,C,R,I,O ,FF, , ,L,100,0,0,0,1446578,5112591
Timaru District,03/07/2014,Thu,1330,AO,CN1T,150A ,,R,D,B ,F , , ,C,100,0,0,0,1458594,5088925
Timaru District,18/12/2014,Thu,245,EC,CS1,912,W,R,D,DN,F ,T,G,C,100,0,0,0,1457336,5090938
Timaru District,09/04/2014,Wed,1745,CB,TS1,129A 134A 358A ,FS,R,D,O ,F , , ,C,100,0,0,0,1455841,5093464
Timaru District,03/05/2014,Sat,2000,EC,CN1,912,W,R,D,DN,F , , ,C,100,0,0,0,1455665,5093801
Timaru District,28/11/2014,Fri,1755,DA,CS1,131A 191A 402A 801 ,X,E,W,O ,L ,T,G,C,100,0,0,1,1452988,5096516
Timaru District,08/04/2014,Tue,2300,DC,4S2T,103A 335A ,FJT,R,W,DO,F ,T,S,C,50,0,0,1,1450605,5097521
Upper Hutt City,03/06/2014,Tue,500,DB,CS1,111A 131A ,BCG,M,I,DN,FF, ,N,C,80,0,0,0,1778628,5458230
Upper Hutt City,16/07/2014,Wed,1020,DA,CE1,131A 195A 801 ,CF,E,W,O ,L , , ,N,70,0,0,0,1777407,5450770
Upper Hutt City,26/09/2014,Fri,1847,DB,CW1,110A 402A ,,M,W,DN,F , ,N,L,70,0,0,0,1776857,5450279
Upper Hutt City,01/07/2014,Tue,1803,DB,CS1,103A 111A 131A ,,E,D,DN,F , ,N,N,70,0,0,0,1778057,5453599
Upper Hutt City,10/05/2014,Sat,1400,BB,VN1C,123B 818 ,,S,D,BN,F , ,N,N,70,0,0,0,1777431,5451519
Upper Hutt City,13/12/2014,Sat,1150,MC,CS1C,372B ,,R,D,O ,F , ,N,C,50,0,0,0,1776087,5447651
Upper Hutt City,01/11/2014,Sat,1145,LB,SN1C,358A 303B 375B 929 ,,R,D,BF,F ,D,N,P,50,0,0,1,1775893,5448242
Upper Hutt City,13/07/2014,Sun,1030,AO,VW1S,183A ,,R,D,BN,F , ,N,N,70,0,1,0,1776238,5449060
Upper Hutt City,14/07/2014,Mon,1204,EC,VW1,129A 350A ,RS,R,D,OF,F , ,N,R,80,0,0,1,1771922,5443485
Upper Hutt City,18/06/2014,Wed,1215,FB,CW1C,181A 330A ,,R,D,B ,F ,R,G,R,80,0,0,1,1771688,5443335
Upper Hutt City,17/06/2014,Tue,834,CA,MS1,112A 130A 402A 901 ,,R,W,O ,H ,R,G,R,80,0,0,1,1771686,5443324
Upper Hutt City,07/11/2014,Fri,1817,DA,4N1,103A 129A ,V,E,D,B ,F , ,N,C,80,0,0,0,1772523,5443991
Upper Hutt City,13/11/2014,Thu,1450,EA,CE1C,129A ,M,R,D,OF,F , ,N,P,50,0,0,0,1771108,5443995
Upper Hutt City,02/12/2014,Tue,2143,NA,CN1E,306A 376A 410A ,,R,D,DO,F ,X,G,X,50,0,1,0,1773440,5445085
Upper Hutt City,24/12/2014,Wed,300,DA,4S1,131A 195A ,FP,E,D,DN,F , , ,C,100,0,0,1,1770552,5439127
Upper Hutt City,03/05/2014,Sat,1515,DA,CN1,111A 131A ,X,M,D,ON,F , ,N,C,50,0,0,0,1770324,5440274
Upper Hutt City,02/09/2014,Tue,1150,CA,CN1,330A 371A 386A ,V,R,D,B ,F , ,N,N,50,0,0,0,1770165,5440393
Upper Hutt City,17/11/2014,Mon,1515,DA,CN1,101A 111A 131A ,,S,W,O ,F , , ,N,50,0,0,0,1770415,5440383
Upper Hutt City,05/04/2014,Sat,1420,DB,4S1T,197A 403A 407A ,X,S,D,B ,F , , ,N,80,0,0,0,1770231,5440324
Upper Hutt City,09/09/2014,Tue,1558,DA,4N1,133A 423A 501A ,E,S,D,BF,F , ,N,C,100,0,0,0,1770677,5439314
Upper Hutt City,17/05/2014,Sat,818,CB,CE1C,197A ,M,R,D,OF,F ,T,N,N,50,0,0,0,1772415,5445638
Upper Hutt City,19/09/2014,Fri,2032,EC,TN1,385A 386A ,B,R,D,DO,F , , ,R,80,0,0,0,1767735,5443108
Upper Hutt City,10/12/2014,Wed,732,FD,CW1C,181A 353A ,,R,W,O ,H ,T,G,C,80,0,0,0,1767265,5442711
Upper Hutt City,11/02/2014,Tue,1602,CB,CN1,410A ,G,R,D,B ,F , , ,L,80,0,0,0,1767422,5442817
Upper Hutt City,01/02/2014,Sat,1224,EA,CE1C,410A ,M,R,D,B ,F , , ,C,50,0,0,0,1770167,5443800
Upper Hutt City,20/10/2014,Mon,1722,FD,4N1C,181A 331A ,,R,D,B ,F ,T,G,C,50,0,0,1,1770252,5443854
Upper Hutt City,19/07/2014,Sat,825,AC,CE1C,159A 386A 514A ,,R,D,B ,F , , ,C,50,0,0,0,1768176,5443103
Upper Hutt City,20/10/2014,Mon,1630,KA,CE1C,302B 375B ,,E,D,BF,F ,R,G,R,50,0,0,0,1767944,5443137
Upper Hutt City,22/10/2014,Wed,1715,FD,CE1CC,181A ,,R,D,BF,F , ,N,R,50,0,0,0,1774253,5445418
Upper Hutt City,20/04/2014,Sun,40,DA,CW1,111A 129A 131A ,FI,R,W,DO,L ,R,G,R,50,0,0,0,1768527,5443027
Upper Hutt City,28/04/2014,Mon,1852,JA,SE1C,302B 375B ,,R,D,DO,F ,T,G,C,50,0,0,0,1775044,5446000
Upper Hutt City,01/09/2014,Mon,1841,EC,CE1C,130A 501A ,M,R,W,DO,L , , ,C,50,0,0,0,1773063,5445282
Upper Hutt City,11/07/2014,Fri,1821,FC,CE1C,331A 352A ,,R,D,DO,F , ,N,X,50,0,0,0,1772725,5445245
Upper Hutt City,30/03/2014,Sun,1216,FC,4W1C,181A ,,R,D,BF,F , ,N,X,50,0,0,0,1772755,5445248
Upper Hutt City,09/10/2014,Thu,2314,EA,CW1C,129A 358A ,M,R,D,DO,F , ,N,C,50,0,0,0,1772804,5445253
Upper Hutt City,04/11/2014,Tue,1005,FC,CE1V,181A 331A ,,R,D,O ,F , , ,X,50,0,0,0,1769678,5443489
Upper Hutt City,01/10/2014,Wed,1630,NB,CW1E,306A ,,R,W,BF,F , ,N,X,50,0,0,0,1772327,5445188
Upper Hutt City,13/07/2014,Sun,1705,CB,VS1C,130A 358A ,,R,D,TO,F , , ,C,50,0,0,0,1771098,5444402
Upper Hutt City,31/12/2014,Wed,2122,EA,CE1C,103A 112A ,M,R,W,DO,F ,T,G,C,50,0,0,0,1772939,5445268
Upper Hutt City,02/09/2014,Tue,1048,FC,CE1C,181A 331A ,,R,D,B ,F ,T,N,C,50,0,0,0,1771277,5444518
Upper Hutt City,02/12/2014,Tue,1721,FD,CE1CCC,181A 331A 358A 181B 181C ,,R,D,B ,F , , ,C,50,0,0,0,1771620,5444738
Upper Hutt City,30/05/2014,Fri,1613,GD,CW1C,333A 927 ,,R,D,O ,F ,D, ,P,50,0,1,0,1771728,5444807
Upper Hutt City,20/06/2014,Fri,1750,MA,CN1V,373B ,,R,W,DO,L ,T,G,C,50,0,0,0,1770090,5443751