TLANAME,CRASHDATE,CRASHDOW,CRASHTIME,MVMT,VEHICLES,CAUSES,OBJECTSSTRUCK,ROADCURVE,ROADWET,LIGHT,WTHRa,JUNCTYPE,TRAFCTRL,ROADMARK,SPDLIM,CRASHFATALCNT,CRASHSEVCNT,CRASHMINCNT,EASTING,NORTHING
Upper Hutt City,10/06/2014,Tue,1525,JA,CW14,301B ,,R,W,OF,H ,T,S,P,50,0,0,0,1774571,5445630
Upper Hutt City,06/08/2014,Wed,1620,LB,CW1C,303B ,,R,D,B ,F ,T,S,C,50,0,0,0,1774571,5445630
Upper Hutt City,01/11/2014,Sat,1330,MC,MW1C,372B ,,R,D,BF,F , ,N,P,50,0,1,0,1769491,5443370
Upper Hutt City,08/09/2014,Mon,1301,MC,CW1C,372B ,,R,D,B ,F , ,N,C,50,0,0,0,1772992,5445274
Upper Hutt City,18/03/2014,Tue,725,FD,CW1MC,181A 181B ,,R,W,O ,L , , ,L,80,0,0,0,1775883,5446594
Upper Hutt City,28/02/2014,Fri,725,MC,MW1C,104A 372B ,,R,D,OF,F , ,N,L,50,0,1,0,1767808,5443163
Upper Hutt City,07/03/2014,Fri,744,LB,CW1C,303B 363B 902 ,,R,D,B ,F ,T,N,R,50,0,0,0,1773868,5445249
Upper Hutt City,15/08/2014,Fri,840,FC,CS1C,112A 181A 331A ,,R,D,B ,F , , ,X,50,0,0,0,1769160,5443160
Upper Hutt City,07/03/2014,Fri,730,MC,VE1C,372B 375B ,,E,D,BF,F , ,N,P,50,0,0,0,1768865,5442997
Upper Hutt City,07/08/2014,Thu,1510,MA,4E1C,373B ,,R,D,OF,F , ,N,C,50,0,0,0,1768795,5443001
Upper Hutt City,12/05/2014,Mon,1205,EA,CE1C,129A 504A ,M,R,D,O ,F , , ,C,50,0,0,1,1770480,5444001
Upper Hutt City,03/12/2014,Wed,1615,EA,SS1C,330A ,M,R,D,B ,F , , ,C,50,0,0,1,1771110,5444410
Upper Hutt City,25/03/2014,Tue,1550,HA,CS2C,302A 375A ,,R,D,BF,F ,R,G,N,50,0,0,1,1774861,5445884
Upper Hutt City,26/11/2014,Wed,1735,MO,4S1C,371A 927 ,M,M,D,O ,F , , ,C,50,0,0,0,1770753,5444122
Upper Hutt City,29/11/2014,Sat,1820,FB,CE14,331A 351A ,,R,D,OF,F ,R,G,R,50,0,0,0,1772458,5445215
Upper Hutt City,15/02/2014,Sat,1122,AO,TE1B,129A ,Q,R,D,B ,F , , ,P,50,0,0,0,1773666,5445227
Upper Hutt City,13/05/2014,Tue,1518,MO,CW1C,130B 423B 927 ,,R,D,O ,F ,D, ,C,50,0,0,0,1773607,5445220
Upper Hutt City,15/03/2014,Sat,1205,KB,TN1C,302A 382A ,,R,D,OF,F ,R,G,R,50,0,0,0,1768573,5442791
Upper Hutt City,14/02/2014,Fri,1830,HA,CS1V,302A 375A ,,E,D,BF,F ,R,G,R,50,0,0,0,1773362,5446201
Upper Hutt City,22/08/2014,Fri,1540,MD,CN1C,371B 377B 839 ,,R,D,O ,F , ,N,C,50,0,0,0,1773393,5445818
Upper Hutt City,13/09/2014,Sat,1419,HA,4N1C,301B ,,R,D,B ,F ,X,S,R,50,0,0,0,1773404,5445718
Upper Hutt City,28/08/2014,Thu,1400,CC,CS1C,129A 517A ,M,R,D,O ,F , ,N,N,50,0,0,0,1772608,5445676
Upper Hutt City,17/08/2014,Sun,1919,MO,CW1C,371A 929 ,,R,D,DO,F ,D,N,N,50,0,0,0,1773666,5446103
Upper Hutt City,26/01/2014,Sun,318,QO,CN1E,136A 650A ,C,R,D,DO,F , ,N,C,50,0,1,0,1774487,5445645
Upper Hutt City,07/02/2014,Fri,1335,DA,CE1,111A 131A ,FK,S,D,B ,F , , ,C,50,0,0,0,1771037,5445059
Upper Hutt City,06/08/2014,Wed,1511,NB,CW1E,712B 713B ,,R,D,BF,F , ,N,N,50,0,0,0,1771426,5445038
Upper Hutt City,15/12/2014,Mon,1500,MD,CE1V,308B 929 ,,R,D,BF,F ,D,N,C,50,0,0,0,,
Upper Hutt City,20/01/2014,Mon,1614,EA,CN14,129A 330A ,M,R,D,O ,F , , ,N,50,0,0,0,1772763,5446068
Upper Hutt City,01/03/2014,Sat,2000,MA,CS1C,373B ,,R,D,TF,F , ,N,C,50,0,0,0,1772890,5445524
Upper Hutt City,20/03/2014,Thu,1540,GA,VE1S,302A 375A 112B ,,R,D,B ,F ,X,G,X,50,0,0,1,1768831,5442920
Upper Hutt City,22/09/2014,Mon,1054,DB,CN2C,136A 621A 801 ,M,R,W,O ,L ,T,N,N,50,0,0,0,1775013,5445342
Upper Hutt City,07/04/2014,Mon,1126,MO,CS1C,371A 370B 922 ,,R,D,O ,F ,D, ,C,50,0,0,1,1774193,5445462
Upper Hutt City,17/03/2014,Mon,1520,NA,VW1E,711B ,,R,D,OF,F , ,N,C,50,0,0,1,1771070,5445847
Upper Hutt City,19/06/2014,Thu,1749,NF,CS2E,101A 124A 341A 724B ,,E,D,DO,F ,T,G,N,50,0,0,1,1768705,5442324
Upper Hutt City,19/02/2014,Wed,1250,GB,CE1V,142B 929 ,,R,D,BF,F ,D,N,C,50,0,0,0,1773421,5444822
Upper Hutt City,17/08/2014,Sun,1515,EE,CN1V,374B ,Q,E,D,OF,F , ,N,N,50,0,0,0,1773833,5445387
Upper Hutt City,18/05/2014,Sun,1700,FC,CE1C,181A ,,R,D,BF,F ,R,G,X,50,0,0,0,1773418,5445318
Upper Hutt City,10/07/2014,Thu,1315,MF,CE1C,371B ,,R,D,B ,F , , ,C,50,0,0,0,1773820,5445366
Upper Hutt City,11/08/2014,Mon,1400,FC,CW1C,181A ,,R,W,BF,L ,R,G,X,50,0,0,0,1773698,5445352
Upper Hutt City,10/07/2014,Thu,1318,MA,CW1C,371B ,,R,D,B ,F , , ,C,50,0,0,0,1774057,5445391
Upper Hutt City,17/02/2014,Mon,1620,GD,CW1C,381A 927 ,,R,D,BF,F ,D,N,C,50,0,0,0,1772893,5445141
Upper Hutt City,25/04/2014,Fri,1815,JA,CE1C,103B 303B ,,R,D,DO,F ,T,N,C,50,0,0,0,1772989,5445151
Upper Hutt City,07/09/2014,Sun,1438,EA,CS1C,129A 507A ,M,R,D,B ,F , , ,N,50,0,0,0,1772042,5445283
Upper Hutt City,16/10/2014,Thu,1215,FB,CE1C,181A 387A ,,R,D,B ,F ,T,S,P,50,0,0,0,1772602,5444802
Upper Hutt City,03/06/2014,Tue,1707,GC,CS1V,174B 372B 929 ,,R,D,DO,F ,D,N,N,50,0,0,0,1775373,5445876
Upper Hutt City,24/02/2014,Mon,2050,DB,CN1,111A ,P,M,D,DN,F , ,N,N,80,0,0,0,1768076,5449141
Upper Hutt City,15/06/2014,Sun,853,CC,CE1,129A 501A ,HT,R,D,O ,F ,T,N,C,50,0,0,0,1774067,5445344
Upper Hutt City,12/07/2014,Sat,2029,DB,CN1,101A 110A ,,M,W,DO,L , ,N,C,50,0,0,0,1774589,5445502
Upper Hutt City,13/08/2014,Wed,840,FD,CW14,331A 350A ,,R,D,BF,F , ,N,C,50,0,0,0,1773881,5445110
Upper Hutt City,21/10/2014,Tue,1715,LB,VW1S,102A 303B ,,E,D,B ,F ,T,G,X,50,0,0,1,1773844,5445094
Upper Hutt City,29/06/2014,Sun,2232,CB,CE1,102A 129A ,C,R,D,DN,F ,T,N,C,50,0,0,0,1778312,5446428
Upper Hutt City,30/09/2014,Tue,1720,FB,CS1C,102A 108A 331A ,,R,D,B ,F ,R,G,R,50,0,0,0,1773688,5445351
Upper Hutt City,07/04/2014,Mon,1720,JA,CS1C,302B ,,E,D,O ,F ,R,G,R,50,0,0,0,1773691,5445487
Upper Hutt City,08/02/2014,Sat,2045,DA,CN1,111A 131A ,F,E,W,DO,F , ,N,C,50,0,0,0,1768980,5442050
Upper Hutt City,18/09/2014,Thu,2200,DA,CE1,111A 134A ,P,M,W,DO,F ,T,N,C,50,0,0,0,1774182,5445546
Upper Hutt City,21/08/2014,Thu,1723,NB,CE1E,713B 714B ,,R,W,TF,L , , ,P,50,0,0,1,1773956,5445513
Upper Hutt City,03/09/2014,Wed,1830,CA,CW1,104A 130A ,IS,R,D,DO,F ,R,G,R,50,0,0,0,1773981,5445516
Upper Hutt City,14/08/2014,Thu,1514,HA,CS2C,301A ,,R,W,O ,H ,X,S,C,50,0,0,0,1772626,5445512
Upper Hutt City,15/02/2014,Sat,1856,CA,ME1,130A 420A ,,R,D,B ,F , , ,N,50,0,0,0,1775279,5446269
Upper Hutt City,23/06/2014,Mon,1700,EA,CW1C,129A 350A ,M,E,D,TO,F , ,N,C,50,0,0,0,1772442,5445349
Upper Hutt City,11/10/2014,Sat,2100,MO,CN14,386A ,M,R,D,DO,F , ,N,N,50,0,0,0,1773961,5445365
Upper Hutt City,28/11/2014,Fri,748,HA,CE1C,302A ,,M,D,B ,F ,R,G,N,50,0,0,0,1773456,5444945
Upper Hutt City,26/07/2014,Sat,811,EA,CN1C,129A 902 ,M,R,D,B ,F , , ,C,50,0,0,0,1769872,5443225
Upper Hutt City,24/08/2014,Sun,1442,CB,CN1,130A 352A ,P,R,D,O ,F , , ,C,50,0,0,0,1770280,5443552
Upper Hutt City,26/02/2014,Wed,1920,DA,ME1,131A 532A ,,M,D,B ,F ,T,N,C,50,0,1,0,1777402,5448389
Upper Hutt City,30/07/2014,Wed,1915,MA,BN1C,385A ,M,R, , F,F , ,N,N,50,0,0,0,1774075,5445360
Upper Hutt City,23/08/2014,Sat,1542,DB,CW1,111A 131A 801 ,E,M,W,O ,L , , ,C,100,0,0,0,1773817,5444305
Upper Hutt City,26/03/2014,Wed,1513,FB,CN1C,331A 353A ,,R,D,BF,F ,R,G,X,50,0,0,0,1772361,5445182
Upper Hutt City,11/04/2014,Fri,1759,LB,MS1C,534A 303B 370B ,,E,D,DO,F ,T,G,P,50,0,0,0,1772744,5444578
Upper Hutt City,30/08/2014,Sat,1114,LB,SS1C,303B 375B ,,R,D,B ,F ,T,N,C,50,0,0,1,1772110,5445750
Upper Hutt City,23/07/2014,Wed,1430,JA,CS1C,302B 330B 801 ,,R,W,O ,L ,T,G,C,50,0,0,0,1769001,5442645
Upper Hutt City,05/08/2014,Tue,910,MO,CN1,501A ,H,E,D,B ,F , , ,N,30,0,0,1,1772932,5445570
Upper Hutt City,03/08/2014,Sun,1448,DA,CN1,111A 131A 404A 412A 901 ,C,S,W,O ,H , , ,C,100,0,0,0,1787387,5446089
Upper Hutt City,27/02/2014,Thu,1640,BC,MW1C,111A 121A ,,E,D,B ,F , ,N,C,80,0,1,0,1786755,5446139
Upper Hutt City,14/08/2014,Thu,800,DB,CE1,135A 800 806 ,C,S,W,B ,F , , ,L,100,0,0,0,1786616,5446142
Upper Hutt City,19/04/2014,Sat,2043,QG,CN1,136A 665A 668A ,,S,W,DN,H , ,N,L,100,0,0,0,1786592,5446186
Upper Hutt City,04/09/2014,Thu,30,DA,VW1,136A 613A 622A ,CS,S,D,DN,F , ,N,C,100,0,0,0,1786592,5446186
Upper Hutt City,21/06/2014,Sat,1613,BF,CE1C,135A 801 901 ,,S,W,TN,HS, ,N,L,100,0,0,0,1786592,5446186
Upper Hutt City,26/11/2014,Wed,1400,DA,CW1,135A 903 ,G,M,D,B ,FS, ,N,C,80,0,0,1,1786433,5446265
Upper Hutt City,22/12/2014,Mon,1938,DA,MN1,111A 131A 806 ,,E,D,O ,F , , ,L,100,0,1,0,1786258,5446215
Upper Hutt City,26/04/2014,Sat,1935,DB,4W1,111A 131A ,F,S,D,DN,F , ,N,L,100,0,0,0,1785918,5446678
Upper Hutt City,10/04/2014,Thu,1010,DA,CW1,111A 131A 801 ,,M,W,O ,H , , ,C,100,0,0,4,1785792,5446831
Upper Hutt City,03/07/2014,Thu,515,DA,4S1,111A 131A ,C,M,D,DN,FS, ,N,L,100,0,0,0,1785709,5447264
Upper Hutt City,29/03/2014,Sat,1429,BC,MW1CC,155A ,,S,D,ON,FS, ,N,L,100,0,1,2,1785512,5447496
Upper Hutt City,17/05/2014,Sat,2015,DA,CE1,111A 131A ,G,S,D,DN,F , , ,C,100,0,0,0,1785512,5447496
Upper Hutt City,31/01/2014,Fri,2306,BF,CW14,137A 363A 407A ,,M,D,DN,F , ,N,L,100,0,0,0,1785529,5447624
Upper Hutt City,27/10/2014,Mon,545,DB,CS1,135A 410A 801 901 ,G,M,W,TN,H , ,N,C,100,0,0,0,1785296,5448445
Upper Hutt City,30/05/2014,Fri,1351,DA,CS1,111A 131A ,G,M,D,O ,F , , ,L,100,0,0,0,1785412,5448832
Upper Hutt City,24/01/2014,Fri,1715,AC,4N1C,381A ,,R,D,BN,F , ,N,L,100,0,0,0,1785244,5449919
Upper Hutt City,18/03/2014,Tue,1229,JA,CE1C,302B 353B 377B ,,E,W,OF,M ,T,G,C,100,0,0,0,1785032,5450122
Upper Hutt City,27/05/2014,Tue,800,DA,CN1,135A 802 ,G,E,I,BF,FF, ,N,C,100,0,0,1,1784956,5450146
Upper Hutt City,26/07/2014,Sat,820,DB,CW1C,135A 802 ,B,E,I,B ,F , , ,C,100,0,0,0,1784942,5450150
Upper Hutt City,12/12/2014,Fri,2120,DA,CS1,103A 131A ,C,E,D,DN,F , ,N,L,100,0,0,0,1783058,5450127
Upper Hutt City,11/11/2014,Tue,1009,DB,CN1,131A ,C,M,W,ON,L , ,N,L,100,0,0,0,1782791,5450000
Upper Hutt City,09/04/2014,Wed,1026,DB,CN1,131A 801 ,C,E,W,O ,L , , ,P,100,0,0,1,1782670,5449840
Upper Hutt City,19/08/2014,Tue,717,BC,CN1C,121A 410A 832 ,,E,D,O ,F , ,N,C,100,1,0,1,1782562,5449746
Upper Hutt City,14/04/2014,Mon,855,DB,4N1,110A 131A ,C,M,W,O ,L , ,N,L,100,0,0,1,1780848,5449081
Upper Hutt City,12/07/2014,Sat,2055,DB,CE2,101A 111A 131A ,FI,R,W,DO,F ,T,G,R,80,0,0,0,1777446,5448317
Upper Hutt City,18/09/2014,Thu,1230,CC,4S1,410A 504A ,,R,D,B ,F , ,N,C,100,0,0,1,1776213,5447556
Upper Hutt City,05/09/2014,Fri,722,FB,CE1C,181A 427A ,,R,D,O ,F ,T,S,C,70,0,0,0,1776203,5447487
Upper Hutt City,08/06/2014,Sun,1447,LB,CN1C,303B 375B 402B ,,E,D,O ,F ,T,S,R,70,0,0,0,1776203,5447487
Upper Hutt City,25/07/2014,Fri,1610,GF,CW2V,184A 357A 184B 357B ,,R,D,B ,F ,T,S,C,70,0,0,0,1776140,5447055
Upper Hutt City,07/08/2014,Thu,2145,CA,CS1,103A ,IS,R,W,DO,F ,T,S,R,70,0,0,0,1776140,5447055
Upper Hutt City,28/03/2014,Fri,1800,KA,MN1V,308B 922 ,,R,D,B ,F ,D,S,C,70,0,0,0,1776140,5447055
Upper Hutt City,30/12/2014,Tue,1516,NA,CS1E,194A 711B 722B ,,R,D,O ,F , , ,C,70,0,0,1,1776136,5447025
Upper Hutt City,18/05/2014,Sun,2020,DA,CS1,101A 111A 131A 692A ,T,E,D,DO,F , ,N,R,70,0,1,0,1776099,5446809
Upper Hutt City,09/05/2014,Fri,805,AA,CN1T,184A 372B ,,E,W,O ,L , , ,P,70,0,0,0,1776096,5446802
Upper Hutt City,01/05/2014,Thu,2210,AC,SN1C,105A 372A ,,E,D,DO,F ,T,N,C,70,0,0,0,1776043,5446719
Upper Hutt City,13/04/2014,Sun,1602,CA,CS1,103A 112A ,G,R,D,O ,L , ,N,C,100,0,0,0,1775856,5446604
Upper Hutt City,10/06/2014,Tue,1723,FD,CN1CCC,181A ,,R,W,DO,L , ,N,C,100,0,0,0,1775765,5446563
Upper Hutt City,22/10/2014,Wed,2200,FD,CW1CC,103A 112A 331A 817 ,,R,D,DN,F , , ,C,100,0,0,0,1775329,5446481
Upper Hutt City,27/03/2014,Thu,1517,CA,VN1,410A ,G,R,D,B ,F , , ,C,100,0,0,0,1774982,5446406
Upper Hutt City,06/07/2014,Sun,115,NA,VE1E,105B 711B 724B ,,R,D,DN,F , , ,C,100,0,0,1,1774938,5446398
Upper Hutt City,12/11/2014,Wed,1715,JA,CE1CCC,111B 133B ,,M,D,B ,F ,X,T,C,100,0,0,1,1774741,5446362
Upper Hutt City,23/03/2014,Sun,2334,CB,VE1,506A 512A ,G,R,D,DO,F ,X,T,R,100,0,1,0,1774741,5446362
Upper Hutt City,27/08/2014,Wed,1441,CC,CN1,352A ,G,R,D,BF,F , ,N,C,100,0,0,0,1774587,5446341
Upper Hutt City,07/07/2014,Mon,1045,AD,CE1,112A 130A ,C,R,D,BF,F , ,N,L,100,0,0,0,1774209,5446305
Upper Hutt City,27/07/2014,Sun,1416,AA,CW1C,110A 159A 380A ,PEZ,R,D,O ,F , , ,R,100,0,0,0,1773650,5446306
Upper Hutt City,07/10/2014,Tue,759,FE,VW1C,387A ,,R,D,B ,F ,T,T,R,100,0,0,0,1773410,5446296
Upper Hutt City,20/12/2014,Sat,658,DB,CW1,103A ,V,M,D,OF,F ,T,T,C,100,0,0,0,1773410,5446296
Upper Hutt City,10/10/2014,Fri,1844,CB,CW1,104A 130A ,IPT,R,D,B ,F , , ,R,100,0,1,0,1773110,5446300
Upper Hutt City,06/07/2014,Sun,1416,CB,CW1,524A ,P,R,D,B ,F , , ,L,100,0,0,0,1773010,5446304
Upper Hutt City,29/08/2014,Fri,813,DA,CN1,131A 410A ,EP,E,D,B ,F , , ,R,100,0,0,0,1771874,5446155
Upper Hutt City,25/04/2014,Fri,1403,JC,CN2C,301A 387A 402A ,,E,D,O ,F ,T,S,R,100,0,0,0,1771838,5446138
Upper Hutt City,07/06/2014,Sat,1605,JA,4W1C,301B 377B ,,R,D,OF,F ,T,S,R,100,0,0,0,1771838,5446138
Upper Hutt City,27/06/2014,Fri,1430,JC,CN2T,301A 197B 801 ,EZ,S,W,O ,L ,T,S,R,100,0,0,0,1771838,5446138
Upper Hutt City,02/11/2014,Sun,459,CB,VE1,103A 130A ,G,R,W,DO,F , ,N,C,100,0,0,0,1771326,5445710
Upper Hutt City,03/09/2014,Wed,743,BB,CE14C,104A 123A 104C ,,M,D,TF,F , ,N,C,100,0,0,2,1770962,5445625
Upper Hutt City,10/02/2014,Mon,1549,JC,CN2C,301A ,,R,D,OF,F ,T,S,R,100,0,0,0,1770583,5445409
Upper Hutt City,30/05/2014,Fri,1729,JA,CN1C,301B 370B ,,R,D,DO,F ,T,S,P,100,0,0,0,1770583,5445409
Upper Hutt City,20/05/2014,Tue,802,JA,VN1C,301B 382B ,,R,W,BF,F ,T,S,C,100,0,0,1,1770583,5445409
Upper Hutt City,03/12/2014,Wed,750,FD,TW1C,181A ,,R,D,O ,F , , ,C,100,0,0,0,1770537,5445388
Upper Hutt City,05/12/2014,Fri,700,CC,CW1,410A ,G,R,D,OF,F , ,N,C,100,0,0,0,1770446,5445346
Upper Hutt City,04/01/2014,Sat,856,AC,CN1C,184A ,,R,D,B ,F , , ,C,100,0,0,0,1769989,5445047
Upper Hutt City,07/09/2014,Sun,1515,CA,40,130A 407A ,G,R,D,O ,F , , ,C,100,0,0,0,1769546,5444642
Upper Hutt City,09/10/2014,Thu,1005,CA,VS1,136A 631A ,G,R,D,B ,F , , ,C,100,0,0,0,1768514,5443952
Upper Hutt City,11/06/2014,Wed,1709,FD,4N14V,181A ,,R,W,TN,L , ,N,R,100,0,0,0,1767917,5443549
Upper Hutt City,19/06/2014,Thu,1745,FD,CN1C4,112A 331A ,,R,D,DO,F ,T, ,R,100,0,0,0,1767701,5443352
Upper Hutt City,16/12/2014,Tue,1730,FD,CN1CC,331A 353A ,,R,D,B ,F , , ,P,100,0,0,0,1767658,5443303
Waikato District,25/10/2014,Sat,1031,AC,CW1C,372A ,,S,D,B ,F , , ,R,100,0,0,0,1778811,5877620
Waikato District,03/04/2014,Thu,2019,DB,CE1,131A 901 ,V,M,W,DO,H , , ,C,90,0,0,0,1778674,5877808
Waikato District,06/12/2014,Sat,1211,DA,MN1,350A 402A 405A ,G,S,D,B ,F , ,N,R,100,1,0,0,1778629,5877873
Waikato District,10/01/2014,Fri,1905,DA,CS1,129A 131A ,F,E,D,O ,F , ,N,N,100,0,0,0,1763060,5873948
Waikato District,01/03/2014,Sat,2230,DA,CS1,131A ,CV,M,D,DN,F , ,N,C,100,0,0,0,1763623,5875199
Waikato District,28/03/2014,Fri,1934,DB,CE1,111A 131A 403A ,V,M,D,BN,F , ,N,C,80,0,0,0,1795100,5816717
Waikato District,28/06/2014,Sat,730,DB,CS1,111A 131A ,P,S,W,O ,L , ,N,C,50,0,0,0,1790977,5843545
Waikato District,16/05/2014,Fri,945,LB,CN1T,303B 355B 375B 929 ,,R,D,B ,F ,D, ,C,100,0,2,2,1799337,5828335
Waikato District,30/01/2014,Thu,1600,CB,VW1,130A ,F,R,D,B ,FS, , ,C,100,0,0,4,1798569,5827419
Waikato District,06/01/2014,Mon,,MO,VW1M,386A ,,R,D,BF,F ,T,N,R,50,0,0,0,1764533,5814744
Waikato District,18/09/2014,Thu,1200,MA,4E1C,381A 801 ,,R,W,O ,L , , ,R,50,0,0,0,1764524,5814746
Waikato District,31/05/2014,Sat,1600,MO,CW1C,371A 929 ,M,R, , F,  ,D,N,C,50,0,0,0,1788934,5829411
Waikato District,03/07/2014,Thu,2108,CC,CW1,195A ,P,R,W,DN,L , ,N,C,100,0,0,2,1810838,5809639
Waikato District,24/02/2014,Mon,827,GE,MW1V,151A 333A 927 ,F,R,D,BN,F ,D,N,C,100,1,0,1,1809085,5810682
Waikato District,10/08/2014,Sun,2045,CB,VN1,129A 350A ,T,R,W,DN,L , ,N,C,100,0,0,0,1770550,5875242
Waikato District,10/04/2014,Thu,604,CC,CN1,130A 412A ,VX,R,W,DN,M , , ,C,100,0,0,0,1770471,5875531
Waikato District,09/04/2014,Wed,700,DB,4S1,131A 402A 801 ,P,M,W,O ,L , , ,L,100,0,1,0,1770742,5874815
Waikato District,23/02/2014,Sun,550,DB,VN1,111A 131A 410A ,G,M,W,DN,L , ,N,C,100,0,0,0,1770510,5875390
Waikato District,20/02/2014,Thu,1730,JA,CN1C,302B 377B 830 ,,R,D,B ,F ,T,G,N,100,0,0,0,1770252,5877157
Waikato District,17/04/2014,Thu,1150,CB,4W1,130A 198A ,FT,R,W,OF,H ,T,G,L,100,1,0,0,1770252,5877157
Waikato District,12/06/2014,Thu,2330,DB,CW1,131A ,F,E,W,DN,M ,Y,N,C,100,0,0,0,1791123,5815398
Waikato District,09/11/2014,Sun,1215,DB,MW1,131A 330A ,V,M,D,B ,F , ,N,C,100,0,0,1,1788374,5827585
Waikato District,27/11/2014,Thu,1820,NB,CS1E,712B 713B ,,M,D,OF,F , ,N,N,50,0,0,1,1765299,5814391
Waikato District,21/10/2014,Tue,805,CB,CN1,129A 350A ,F,R,W,ON,F , ,N,C,100,0,0,1,1797146,5831062
Waikato District,11/09/2014,Thu,1906,NA,TS1E,105B 711B ,,M,W,DN,L , , ,N,50,0,0,1,1772858,5874809
Waikato District,02/11/2014,Sun,1621,CC,VE1,103A 433A ,T,R,D,BN,F , ,N,C,50,0,0,2,1782582,5865797
Waikato District,23/03/2014,Sun,505,CB,CE1,130A ,V,R,D,DO,F , ,N,N,50,0,0,0,1790695,5829438
Waikato District,09/06/2014,Mon,1618,HA,CS2V,302A ,,R,W,O ,L ,X,G,R,50,0,0,1,1789602,5828309
Waikato District,11/10/2014,Sat,2320,MO,CN1,101A 929 ,FM,R,D,DN,F ,D,N,C,100,0,0,1,1812669,5820891
Waikato District,19/06/2014,Thu,1757,BF,CS1C,134A 363A 601B ,,M,W,DN,L , ,N,C,100,0,0,0,1794347,5818861
Waikato District,29/07/2014,Tue,1850,CA,CN1T,103A 130A ,M,R,D,DO,F , , ,N,50,0,0,0,1789777,5840795
Waikato District,26/06/2014,Thu,1400,KA,CN1C,302B ,,M,D,O ,F ,R,G,R,50,0,0,0,1789627,5829037
Waikato District,07/04/2014,Mon,1900,HA,CS1C,302B ,,R,D,DO,F ,X,G,C,50,0,0,0,1789768,5828726
Waikato District,27/04/2014,Sun,38,DB,CN1C,103A 131A 402A ,M,E,D,DO,F , , ,C,50,0,0,0,1790540,5839975
Waikato District,03/12/2014,Wed,2337,DO,CN1,103A 133A 402A 924 ,K,R,D,DO,F ,D, ,C,50,0,0,0,1790543,5839925
Waikato District,30/07/2014,Wed,1340,BE,TS1C,130A 191A 800 801 ,,R,W,O ,L , , ,C,70,0,0,0,1772437,5873065
Waikato District,28/05/2014,Wed,1615,MA,MS1V,371B 671B ,,R,D,B ,F , , ,C,50,0,0,0,1772603,5874619
Waikato District,04/06/2014,Wed,940,KA,CS1T,302B 375B ,,R,D,BF,F ,X,G,C,50,0,0,0,1772677,5874826
Waikato District,30/11/2014,Sun,1020,DA,ME1,131A ,C,E,D,BN,F ,Y,G,C,100,0,1,0,1784124,5853725
Waikato District,14/08/2014,Thu,1005,DA,CN1,111A 131A 337A 402A ,S,S,W,O ,L ,T,G,C,100,0,0,0,1788250,5854820
Waikato District,09/12/2014,Tue,942,AD,VS1,131A 801 ,V,E,W,O ,L , , ,C,100,0,0,0,1803100,5825277
Waikato District,05/12/2014,Fri,450,BF,CS1C,410A ,,R,D,TO,F , , ,N,100,0,0,1,1803105,5825286
Waikato District,23/11/2014,Sun,1115,DB,4N1,131A 412A ,V,E,D,B ,F , , ,C,100,0,3,0,1803213,5824657
Waikato District,12/02/2014,Wed,1143,DA,VS1,131A 350A ,,M,D,ON,F , ,N,C,100,0,0,1,1803194,5824399
Waikato District,01/07/2014,Tue,630,PA,4S1E,703B 724B 904 ,,E,W,DN,M , , ,C,100,0,0,1,1801998,5822930
Waikato District,07/09/2014,Sun,725,DB,4S1,131A 410A ,F,E,D,BF,F , ,N,C,100,0,0,0,1802051,5823014
Waikato District,27/07/2014,Sun,1533,MC,4S1V,372B 929 ,,M,D,B ,F ,D,N,C,100,0,0,0,1803103,5824331
Waikato District,15/03/2014,Sat,1752,DA,CS1,103A 111A 131A ,F,M,W,ON,LS, ,N,L,100,0,0,1,1804063,5826121
Waikato District,28/03/2014,Fri,1345,GD,TS1CV,181A 191B ,,R,D,B ,F ,T,G,C,50,0,0,0,1789815,5828446
Waikato District,17/01/2014,Fri,1303,GD,TS1C,111A 181A 331A ,,E,D,BF,F ,T,G,L,50,0,0,0,1779203,5876291
Waikato District,04/05/2014,Sun,1145,AO,CS1C,158A ,,R,D,B ,F , , ,C,70,0,0,0,1794061,5824866
Waikato District,27/10/2014,Mon,741,FA,CS1C,112A 357A 431A 112B 357B 431B ,,R,D,O ,F , , ,L,70,0,0,0,1794182,5824777
Waikato District,23/05/2014,Fri,118,DB,VS1,103A 410A ,G,E,D,DO,F , , ,P,50,0,0,0,1789686,5828550
Waikato District,06/10/2014,Mon,1500,CA,4S1,903,,R,D,BN,FS, ,N,C,100,0,0,0,1792074,5832841
Waikato District,05/06/2014,Thu,1735,FA,VS1C,181A 331A 801 ,,R,W,O ,L , , ,C,100,0,0,0,1792966,5833912
Waikato District,10/06/2014,Tue,1020,NB,CN1E,306A 376A 711B 901 ,,R,W,O ,H , , ,X,50,1,0,0,1789510,5828941
Waikato District,05/12/2014,Fri,1520,HA,CE2C,302A ,,R,D,O ,F ,X,G,C,50,0,0,0,,
Waikato District,10/12/2014,Wed,2000,KB,CS1C,303B 375B 402B 862 901 ,,R,W,TO,H ,X,G,P,50,0,0,0,,
Waikato District,23/01/2014,Thu,1030,CB,CS1,130A 354A 402A ,G,R,D,O ,F , ,N,L,50,0,0,0,1789605,5829540
Waikato District,27/02/2014,Thu,1630,CB,4S1,129A 350A 410A ,G,R,D,BN,F , ,N,R,100,0,0,0,1789633,5829636
Waikato District,24/11/2014,Mon,720,CB,CS1,195A ,V,R,D,BN,F , ,N,C,100,0,0,0,1791674,5826790