TLANAME,CRASHDATE,CRASHDOW,CRASHTIME,MVMT,VEHICLES,CAUSES,OBJECTSSTRUCK,ROADCURVE,ROADWET,LIGHT,WTHRa,JUNCTYPE,TRAFCTRL,ROADMARK,SPDLIM,CRASHFATALCNT,CRASHSEVCNT,CRASHMINCNT,EASTING,NORTHING
Waikato District,04/08/2014,Mon,2030,GE,CN14,157A ,,R,D,TN,F ,T,G,L,100,0,0,0,,
Waikato District,03/04/2014,Thu,1810,CB,CN1,501A ,HP,R,W,TO,L , , ,C,70,0,0,0,1792997,5834442
Waikato District,24/04/2014,Thu,1300,DB,CN1,111A 131A 197A 402A 801 ,C,M,W,O ,L , , ,N,100,0,0,0,1791483,5835831
Waikato District,30/11/2014,Sun,2215,DB,4N1,111A 131A ,T,E,D,DN,F , ,N,N,100,0,1,0,1785573,5859356
Waikato District,18/09/2014,Thu,1610,FC,CS1CC,402A 427A ,,R,W,O ,F , , ,C,50,0,0,0,1790012,5840671
Waikato District,06/11/2014,Thu,2114,DA,CN1,410A ,F,E,D,DO,F , , ,C,50,0,0,0,1790048,5841187
Waikato District,11/04/2014,Fri,1830,MO,CS1C,371A 929 ,M,R,D,DO,F ,D,N,C,50,0,0,0,1790006,5840580
Waikato District,28/06/2014,Sat,945,JA,CS1C,302B 382B ,,R,D,OF,F ,T,G,C,50,0,0,1,1772990,5875371
Waikato District,20/09/2014,Sat,1009,JA,CN1C,301B 378B 832 ,,R,D,OF,F ,T,S,L,100,0,1,1,1773470,5878171
Waikato District,26/05/2014,Mon,1842,CC,CN1,103A 112A ,P,R,W,DO,L , , ,C,50,0,0,0,1772775,5874990
Waikato District,14/11/2014,Fri,2207,CB,CN1,130A 504A ,G,R,D,DO,F ,X,G,C,50,0,0,0,1772714,5874911
Waikato District,07/12/2014,Sun,1550,CB,CN1,129A 358A ,T,R,D,ON,F , ,N,C,100,0,0,1,1773337,5878868
Waikato District,25/11/2014,Tue,1955,FF,CS1C,181A 434A ,,M,D,TN,F , ,N,C,100,0,0,0,1772761,5879599
Waikato District,19/08/2014,Tue,1100,GE,CS1O,160A 333A 929 ,,R,D,ON,F ,D,N,C,70,0,0,0,1773029,5875894
Waikato District,10/04/2014,Thu,650,CB,CS1C,501A ,M,R,D,OF,F , ,N,C,50,0,0,0,1773022,5875495
Waikato District,25/07/2014,Fri,1453,BF,CN1T,111A 131A 402A 800 ,,S,W,O ,L , , ,C,100,0,0,0,1773399,5881024
Waikato District,28/07/2014,Mon,1825,BE,VS1C,103A 125A ,,R,D,DN,F , ,N,C,100,0,0,2,1773399,5878513
Waikato District,18/02/2014,Tue,2337,CC,CE1,103A 112A 132A ,F,R,D,DO,F ,T,N,N,50,0,0,0,1791868,5842343
Waikato District,21/06/2014,Sat,456,DA,CW1,103A 131A ,FTX,E,W,DO,L , ,N,N,50,0,0,0,1791668,5842288
Waikato District,01/01/2014,Wed,1227,DB,CE1,108A 501A ,K,E,D,B ,F , , ,N,50,0,0,1,1764547,5814338
Waikato District,07/05/2014,Wed,605,DA,CN1,111A 131A ,P,S,W,DN,M , , ,C,100,0,0,0,1778127,5877378
Waikato District,25/03/2014,Tue,840,DB,CW1,111A 131A 817 ,C,E,D,O ,F , ,N,N,100,0,0,0,1778999,5843473
Waikato District,10/05/2014,Sat,1610,DA,CW1,130A 504A ,X,E,D,O ,F ,T,G,C,70,0,0,0,1788897,5842414
Waikato District,06/10/2014,Mon,1640,DA,CE1,129A 131A ,F,M,D,O ,FS, , ,C,100,0,0,0,1781554,5844007
Waikato District,24/05/2014,Sat,1800,DB,CE1,111A 131A ,ET,M,W,DN,F , ,N,C,100,0,0,1,1782383,5843561
Waikato District,21/05/2014,Wed,800,DA,CE1,131A 134A 402A 904 ,C,M,W,B ,M , , ,C,100,0,0,1,1785875,5844141
Waikato District,10/08/2014,Sun,444,DB,CS2,111A 131A ,GS,E,D,DO,F ,T,G,C,50,0,0,0,1790246,5842177
Waikato District,23/12/2014,Tue,1230,DA,CN1,111A 131A 402A 817 ,S,M,D,B ,F , , ,N,100,0,0,1,1773915,5868291
Waikato District,27/07/2014,Sun,2330,DA,4S1,103A 129A ,FT,E,D,DN,F , ,N,C,100,0,1,0,1775594,5863801
Waikato District,13/02/2014,Thu,1400,DB,CS1,110A 135A 901 ,,E,W,O ,H , ,N,C,100,0,0,0,1771962,5852722
Waikato District,10/12/2014,Wed,1358,DB,TN1,131A ,P,M,D,B ,F , , ,C,100,0,0,0,1772007,5852757
Waikato District,07/09/2014,Sun,830,DA,CN1,131A 330A ,,M,D,B ,F , ,N,C,100,1,0,0,1772860,5869126
Waikato District,10/08/2014,Sun,655,DB,4S1,111A 131A ,,M,D,O ,F , , ,C,100,0,0,0,1775600,5863815
Waikato District,10/06/2014,Tue,2205,DB,CN1,103A 131A 901 ,C,S,W,DN,H , , ,C,100,0,0,1,1773728,5828634
Waikato District,26/11/2014,Wed,1842,GE,CE1O,333A 605B ,,R,D,ON,F ,T,G,C,100,0,0,1,1811707,5822121
Waikato District,07/06/2014,Sat,620,FA,CE1S,181A 361A ,,R,D,DN,F ,T,N,C,100,0,0,1,1805678,5817350
Waikato District,16/04/2014,Wed,1415,CC,CN1,130A 358A ,V,R,D,O ,F , , ,C,100,0,0,0,1806931,5818598
Waikato District,12/05/2014,Mon,1258,CB,CS1,130A 359A ,FV,R,D,B ,F , , ,C,100,0,0,0,1807422,5818958
Waikato District,29/05/2014,Thu,1819,BF,CE1C,131A 801 ,,S,W,DO,L ,T,T,C,100,0,0,0,1812115,5822441
Waikato District,16/12/2014,Tue,18,DC,400,111A 131A 404A ,V,S,D,DN,F ,T,G,C,100,0,0,0,1812115,5822441
Waikato District,16/06/2014,Mon,1704,MC,VW1C,372B 801 ,,R,W,DO,L , , ,R,100,0,0,0,1811901,5805359
Waikato District,12/08/2014,Tue,800,GO,CS1C,331A ,,R,W,O ,L ,T,N,C,100,0,0,0,1794422,5825239
Waikato District,12/11/2014,Wed,845,CB,4S1,129A 130A ,T,R,W,O ,LS, , ,C,100,0,0,1,1791751,5823318
Waikato District,19/10/2014,Sun,45,DC,CS2,103A 112A 402A ,F,R,W,DO,L ,T,G,C,70,0,0,0,1793218,5824998
Waikato District,02/10/2014,Thu,1815,DB,CN1,111A 129A 131A 801 ,F,M,W,O ,L , , ,C,100,0,0,0,1797178,5826361
Waikato District,17/06/2014,Tue,1455,DB,VS1,111A 131A 801 901 ,F,M,W,O ,H , , ,C,100,0,0,1,1797111,5826421
Waikato District,27/06/2014,Fri,1700,DA,CN1,131A 191A ,E,M,W,O ,L , , ,C,100,0,0,0,1797106,5826430
Waikato District,17/10/2014,Fri,735,CB,CW1,129A ,FV,R,D,ON,F , ,N,C,100,0,0,1,1798117,5825537
Waikato District,01/04/2014,Tue,1955,EA,4N14,103A 129A ,M,E,D,B ,F ,T,N,N,50,0,0,0,1764780,5814792
Waikato District,03/12/2014,Wed,820,JA,CW1C,309B 375B 806 ,,R,D,BN,F ,T,N,C,50,0,0,0,1772060,5874687
Waikato District,10/08/2014,Sun,200,DB,CE1C,131A 410A ,M,E,D,DO,F , , ,C,50,0,0,0,1772282,5874600
Waikato District,07/02/2014,Fri,2030,BC,400000000000000,103A 111A 122A ,,R,W,DO,F ,R,G,C,50,0,0,0,1789627,5829047
Waikato District,27/02/2014,Thu,900,DA,CE1,131A 138A ,,M,D,B ,F , , ,C,100,0,0,0,1769488,5865050
Waikato District,27/09/2014,Sat,2150,DC,CW1,103A 110A 132A 801 ,FZ,M,W,DN,L , , ,C,100,0,1,1,1766639,5797497
Waikato District,19/01/2014,Sun,1700,DA,CS1,129A 134A ,T,E,D,BN,F , ,N,N,50,0,0,0,1766344,5797114
Waikato District,02/12/2014,Tue,1956,GD,CE14,331A 929 ,,R,D,BF,F ,D,N,C,50,0,0,1,1791297,5842168
Waikato District,10/01/2014,Fri,1435,CC,MS1,514A 517A ,,R,D,BN,F , ,N,N,100,0,0,1,1794260,5874358
Waikato District,11/01/2014,Sat,1550,LB,MN1V,303B 375B 378B 832 ,,R,D,O ,F ,T,N,C,100,1,0,0,1797551,5869977
Waikato District,08/11/2014,Sat,2200,DB,CS1,111A 131A 412A ,FP,S,D,DN,F , , ,C,100,0,0,0,1797771,5830153
Waikato District,05/09/2014,Fri,1845,DB,TS1,111A 131A 355A 901 ,C,S,W,DN,H , , ,C,100,0,0,0,1797757,5830261
Waikato District,23/08/2014,Sat,1334,DB,CS1,111A 131A ,C,E,D,BN,F , ,N,C,100,0,0,2,1797705,5829618
Waikato District,06/07/2014,Sun,1012,HA,4W2C,302A ,,R,D,BF,F ,X,G,L,100,0,1,2,1797821,5830323
Waikato District,17/03/2014,Mon,1435,DA,TN1,111A 131A ,C,M,D,B ,F , , ,C,100,0,2,0,1797176,5828930
Waikato District,08/03/2014,Sat,1900,DB,CN1,121A 134A ,C,E,D,TN,F , ,N,C,100,0,0,0,1797274,5828629
Waikato District,27/03/2014,Thu,540,DB,CE1,131A 195A ,FV,M,D,DN,F , , ,C,100,0,0,0,1796007,5827359
Waikato District,01/07/2014,Tue,649,DA,CS1,131A 358A ,P,E,W,DN,M , , ,C,100,0,0,0,1798436,5830789
Waikato District,04/07/2014,Fri,1855,DA,CW1,102A 111A 514A ,T,M,W,DO,L , ,N, ,70,0,0,0,1771749,5871858
Waikato District,03/07/2014,Thu,2045,DA,4N1,131A 412A 801 ,H,E,W,DN,L , , ,C,100,0,0,0,1791493,5817318
Waikato District,22/09/2014,Mon,1508,BC,TN1C,121A 818 ,,S,D,B ,F , , ,N,100,0,0,1,1791279,5815956
Waikato District,21/03/2014,Fri,1645,HA,SW1C,302A ,K,M,D,B ,F ,R,G,R,50,0,0,0,1790635,5840661
Waikato District,05/12/2014,Fri,1348,DB,CS1CCC,130A 403A 427A 927 ,MQ,R,D,O ,F ,D, ,C,50,0,0,0,1790690,5841120
Waikato District,25/02/2014,Tue,1522,MO,CW1,133A 507A 927 ,H,R,D,BF,F ,D,N,C,50,0,0,1,1790681,5840932
Waikato District,19/03/2014,Wed,1520,JA,SN1C,204A 308B 375B 927 ,,R,D,BF,F ,D,N,C,50,0,0,1,1790655,5840745
Waikato District,16/02/2014,Sun,1100,BA,CW1T,313A ,,R,D,BN,F , ,N,C,100,0,0,0,1794935,5880450
Waikato District,20/09/2014,Sat,1935,DA,CS2,111A 131A 410A ,F,R,W,DO,H ,T,G,C,100,0,0,0,1795168,5880542
Waikato District,02/10/2014,Thu,1950,DB,CE1,111A 131A 801 ,P,S,W,DN,L , , ,C,100,0,0,0,1791649,5878792
Waikato District,08/07/2014,Tue,35,DB,CE1,101A 111A 131A 517A ,IS,S,W,DN,F ,T,G,R,100,0,0,1,1786731,5879224
Waikato District,09/08/2014,Sat,2255,CB,CE1,103A ,FT,R,D,DN,F , ,N,C,100,0,2,0,1759716,5874489
Waikato District,08/08/2014,Fri,2320,DB,CS1,103A 131A 402A ,PX,E,D,DO,F , , ,C,50,0,0,1,1752431,5860265
Waikato District,11/05/2014,Sun,1500,CB,CS1,101A 138A ,T,R,D,O ,F , , ,N,100,0,0,1,1773205,5852513
Waikato District,06/02/2014,Thu,1811,MO,CN1C,371A 929 ,M,R,D,B ,F ,D,N,N,50,0,0,0,1772124,5874786
Waikato District,24/05/2014,Sat,1705,DA,VS1,101A 111A 131A ,FS,E,D,TN,F , ,N,C,80,0,0,0,1779948,5869866
Waikato District,05/06/2014,Thu,815,DB,VN1,129A ,,E,D,ON,F , ,N,C,100,0,1,0,1781125,5871444
Waikato District,19/10/2014,Sun,1730,DB,MW1,111A 131A 812 ,CV,E,D,B ,F , , ,C,100,0,1,0,1799171,5882417
Waikato District,04/10/2014,Sat,922,FA,CN1C,181A 817 ,,R,W,BN,M , ,N,N,80,0,0,2,1805407,5811242
Waikato District,12/04/2014,Sat,1645,DB,4S1,135A 363A 902 ,,S,D,TN,F , ,N,C,100,0,0,0,1774068,5813607
Waikato District,29/05/2014,Thu,927,DA,CN1,129A 131A 801 ,F,M,W,O ,L , , ,N,100,0,0,0,1774297,5816722
Waikato District,23/08/2014,Sat,1520,DA,CS1,131A 402A 412A ,E,E,D,B ,F , , ,C,100,0,2,1,1774251,5816908
Waikato District,12/10/2014,Sun,1210,DA,MS1,131A ,,M,D,BN,F , ,N,C,100,0,1,0,1775572,5825143
Waikato District,24/08/2014,Sun,1500,DB,CN1,410A ,T,E,D,B ,F , , ,C,100,0,0,1,1803614,5866262
Waikato District,15/02/2014,Sat,830,BD,CE1C,129A 129B ,,M,D,BF,F , ,N,N,80,0,0,2,1779227,5878287
Waikato District,03/05/2014,Sat,2200,DA,CE1,103A 131A 801 818 ,ET,E,W,DN,L , , ,C,100,0,0,1,1770455,5867855
Waikato District,17/08/2014,Sun,1310,DA,MN1,131A 402A ,,S,D,O ,F , , ,C,100,0,0,1,1772180,5870364
Waikato District,26/04/2014,Sat,1520,CC,CE1,129A 134A ,F,R,D,O ,F , , ,C,100,0,0,1,1793166,5822877
Waikato District,26/08/2014,Tue,1730,DA,CW1,131A 407A ,T,M,D,O ,F , , ,C,100,0,0,0,1793653,5822736
Waikato District,05/10/2014,Sun,1200,CC,4N1,129A ,EFP,R,D,ON,F , ,N,C,100,0,0,0,1796755,5838671
Waikato District,09/03/2014,Sun,130,CB,CN1,101A 130A 402A ,F,R,D,DN,F ,T,G,C,100,0,0,0,1794509,5836439
Waikato District,21/10/2014,Tue,2317,DB,CS1,111A 131A 351A ,,S,D,DN,F , , ,C,100,0,0,0,1796890,5823477
Waikato District,07/09/2014,Sun,1310,DA,CN1,111A 131A 402A ,FS,M,D,B ,F , , ,C,100,0,0,0,1796916,5823573
Waikato District,25/04/2014,Fri,500,CC,CW1,110A 130A 801 ,VZ,R,W,DN,L , , ,C,100,0,0,0,1756605,5870666
Waikato District,30/03/2014,Sun,1115,DB,MN1,131A 191A ,,M,D,BN,F , ,N,N,100,0,0,1,1776883,5833000
Waikato District,05/12/2014,Fri,1900,DB,MS1,111A 131A 402A ,TX,M,D,TN,F , , ,C,100,0,1,0,1788307,5881351
Waikato District,06/01/2014,Mon,1910,MO,MS1C,330A 387A ,,E,D,TF,F , , ,N,50,0,1,0,1773083,5874740
Waikato District,31/08/2014,Sun,1545,MO,ME1C,514A ,,M,D,BN,F ,T,N,C,50,0,0,1,1790365,5840954
Waikato District,27/03/2014,Thu,1716,LB,MW1C,303B 375B 929 ,,R,D,B ,F ,D, ,C,100,0,1,0,1802763,5828352
Waikato District,15/10/2014,Wed,1638,CB,CE1,130A 354A ,X,R,D,B ,F , , ,C,100,0,0,0,1806781,5828182
Waikato District,20/06/2014,Fri,722,CB,4W1,130A 402A 412A ,V,R,D,O ,F , , ,C,100,0,0,0,1806181,5828178
Waikato District,04/04/2014,Fri,430,DA,CN2,132A 135A 904 ,V,R,D,DN,M ,T,G,C,100,0,0,0,1806281,5828179
Waikato District,01/08/2014,Fri,1638,CB,TE1,130A 631A ,V,R,D,TO,F , , ,C,100,0,0,0,1810695,5827289
Waikato District,16/02/2014,Sun,1549,GE,CS1T,160A 386A 402A 929 ,F,R,D,B ,F ,D, ,C,100,0,0,1,1811522,5826940
Waikato District,11/06/2014,Wed,642,EO,TE1,135A 903 ,T,R,W,DN,LS, ,N,L,100,0,0,0,1810412,5827390
Waikato District,25/04/2014,Fri,1506,CB,CW1,130A 402A 501A ,V,R,D,B ,F , , ,C,100,0,0,1,1810224,5827458
Waikato District,14/03/2014,Fri,1439,BB,CW1C,123A 359A ,,S,D,B ,F , , ,C,100,0,2,1,1814818,5825232
Waikato District,25/03/2014,Tue,520,DA,4N2,111A 131A 335A ,,S,D,DN,M ,T,G,C,100,0,0,0,1813648,5825835
Waikato District,13/07/2014,Sun,2145,CB,CE1,103A 195A ,T,R,W,DN,M , ,N,C,100,0,0,0,1812151,5808601
Waikato District,04/04/2014,Fri,1540,CB,CS1,130A 501A ,S,R,D,B ,F , , ,C,100,0,0,0,1809575,5808680
Waikato District,12/09/2014,Fri,750,BO,TS2C,124A 330A 386A ,,M,D,O ,F ,X,G,C,50,0,0,0,,
Waikato District,17/12/2014,Wed,1204,CB,CS1,129A 134A 801 ,P,R,W,O ,L , , ,C,100,0,0,0,1777347,5863362
Waikato District,10/11/2014,Mon,1420,FA,CE14,191A 331A 358A ,,E,D,B ,F , , ,C,100,0,0,0,1773009,5881657
Waikato District,24/05/2014,Sat,627,CB,CE1,129A 130A ,X,R,W,O ,L , , ,C,80,0,0,0,1805306,5822758
Waikato District,21/09/2014,Sun,1355,LB,CN14,304B 375B ,,S,D,O ,F ,T,G,P,50,0,0,0,1790665,5840623
Waikato District,03/08/2014,Sun,830,CA,CS1,130A 501A ,G,R,D,O ,F , , ,C,100,0,0,0,1778437,5878097
Waikato District,06/11/2014,Thu,218,DA,VN2,103A 111A 131A ,FIS,R,W,DO,F ,T,N,R,50,0,0,0,,
Waikato District,06/11/2014,Thu,215,DA,CE1,103A 353A ,J,M,W,DO,L , ,N,N,50,0,0,0,1789781,5829458
Waikato District,19/11/2014,Wed,1048,CC,CS1,130A 504A ,F,R,D,O ,F , , ,N,80,0,0,0,1813476,5815431
Waikato District,26/06/2014,Thu,1820,DA,4S1,111A 131A ,V,S,W,DN,H , ,N,C,50,0,0,1,1762530,5814289
Waikato District,12/10/2014,Sun,430,CB,CN1,130A 410A ,F,R,D,DN,M , ,N,C,100,0,0,0,1791520,5827757
Waikato District,14/03/2014,Fri,405,CB,CN1,103A 129A 134A 410A ,FP,R,D,DN,F , ,N,C,100,0,0,0,1791137,5828142
Waikato District,09/12/2014,Tue,2340,CB,CS1,130A 195A 402A ,F,R,D,TN,F , , ,C,100,0,0,0,1791052,5828265
Waikato District,19/08/2014,Tue,1355,LB,CN1C,303B 353B 375B ,,R,D,O ,F ,T,G,R,100,0,1,0,1794814,5825688
Waikato District,08/05/2014,Thu,646,LB,CN1C,303B 375B 904 ,F,R,W,O ,M ,T,G,P,100,0,0,2,1794814,5825688
Waikato District,15/03/2014,Sat,1500,DA,CS1,111A 131A ,EFX,M,W,ON,L , ,N,L,100,0,0,0,1772015,5872071
Waikato District,16/11/2014,Sun,1200,DB,CS1,103A 111A 131A ,B,M,D,BN,FS, ,N,C,100,0,0,0,1790408,5836622
Waikato District,01/04/2014,Tue,1918,DB,MS1,104A 111A 131A 400A ,CF,M,D,TN,F , , ,C,50,0,1,1,1790895,5842248
Waikato District,02/10/2014,Thu,2054,CC,CE1,195A 353A ,,R,W,DN,L , ,N,C,80,0,0,0,1794495,5817407
Waikato District,14/02/2014,Fri,600,DA,CS1,110A 131A ,V,M,W,ON,F , ,N,C,100,0,0,0,1778526,5832594
Waikato District,14/05/2014,Wed,2200,DA,4N1,131A 801 ,C,M,W,DN,L , , ,C,100,0,0,0,1779907,5836021
Waikato District,05/09/2014,Fri,155,DA,CE1,101A 111A 131A ,FT,E,W,DN,L , , ,C,80,0,0,0,1785419,5838038
Waikato District,27/12/2014,Sat,1635,DB,MN1,111A 131A ,,E,D,BF,F , ,N,L,80,0,0,1,1789458,5839281
Waikato District,13/06/2014,Fri,2110,DA,CN1,111A 131A ,FG,M,D,DO,F , , ,P,50,0,0,0,1789652,5840023
Waikato District,29/06/2014,Sun,130,DA,CW1,104A 111A 131A ,F,M,D,DN,F , , ,C,100,0,1,2,1788836,5838907
Waikato District,06/11/2014,Thu,805,JA,CE14,301B ,,M,W,O ,L ,T,S,C,100,0,0,1,1805675,5817340
Waikato District,30/06/2014,Mon,1614,GB,VE1C,158A 387A 929 ,,R,W,O ,L ,D,N,C,50,0,0,0,1791571,5843136
Waikato District,16/11/2014,Sun,1000,DA,MS1,111A 131A ,C,M,D,OF,FS,T,G,C,50,0,1,0,1791763,5842800
Waikato District,31/10/2014,Fri,855,CB,CE1,410A 801 ,,R,W,O ,L , , ,C,100,0,0,0,1822182,5817035
Waikato District,17/05/2014,Sat,900,LB,CN1C,303B 930 ,,R,D,B ,F ,D,N,C,70,0,0,0,1816195,5816706
Waikato District,07/03/2014,Fri,1600,CB,CE1,129A 363A 902 ,V,R,D,BN,F , ,N,C,100,0,0,0,1809384,5823713
Waikato District,23/04/2014,Wed,1726,FA,CW1S,129A 363A 370A 402A 902 ,,R,D,B ,F , , ,C,100,0,1,0,1811136,5823430
Waikato District,30/11/2014,Sun,1736,CB,CN1,129A 134A ,C,R,D,BF,F , ,N,L,100,0,0,0,,
Waikato District,02/04/2014,Wed,1420,DA,CS1,195A 359A ,F,M,D,BF,F , ,N,C,100,0,0,0,1793497,5828275
Waikato District,04/11/2014,Tue,,DA,CN2,131A 844 ,V,S,D,DN,F ,T,N,N,100,0,0,0,1794418,5823649
Waikato District,22/05/2014,Thu,1059,BB,4S1C,123A 352A ,,M,D,O ,F , , ,N,100,0,0,0,1783448,5866086
Waikato District,26/09/2014,Fri,2000,DA,CW2,111A 131A ,P,R,D,DN,F ,T,G,C,50,0,0,0,1790909,5829649
Waikato District,01/03/2014,Sat,1050,DA,MN1,111A 131A ,F,M,D,BN,F , ,N,N,100,0,1,0,1802618,5845593
Waikato District,04/03/2014,Tue,850,DB,CS1,111A 131A ,G,R,W,B ,F ,X,S,N,100,0,0,0,1791068,5848621
Waikato District,07/11/2014,Fri,2210,DA,CW1,410A ,P,E,D,DN,F , ,N,C,100,0,0,0,1794938,5848364
Waikato District,17/11/2014,Mon,1455,GA,4E1C,181A 387A 929 ,F,E,D,BN,F ,D,N,C,100,0,0,1,1796447,5849286
Waikato District,20/01/2014,Mon,1810,DA,CW1,133A 358A ,B,R,W,OF,L ,R,G,L,100,0,0,1,1791248,5848625
Waikato District,11/12/2014,Thu,330,DA,CW1,111A 131A 801 ,C,S,W,DN,L , , ,C,100,0,0,0,1806252,5845568
Waikato District,07/02/2014,Fri,2130,DA,4W1,137A ,F,E,W,DN,L , ,N,C,100,0,0,0,1801848,5845535
Waikato District,11/07/2014,Fri,850,KB,VW1C,321B ,,R,D,BF,F ,X,S,C,100,0,0,0,1791068,5848621
Waikato District,17/07/2014,Thu,1525,HA,4W14,321B 335B ,,R,D,BF,F ,X,S,C,100,0,0,4,1791068,5848621
Waikato District,06/12/2014,Sat,1814,CA,ME1,101A 112A 130A ,,R,D,B ,F , , ,C,100,0,1,0,1810157,5845099
Waikato District,20/12/2014,Sat,935,FD,CE1C,181A ,,E,D,B ,F , , ,C,100,0,0,0,1803743,5845079
Waikato District,30/04/2014,Wed,1627,HA,CW1C,302A 375A ,,R,D,BF,F ,R,G,C,50,0,0,0,1790554,5840081
Waikato District,12/06/2014,Thu,850,FB,CN1C,181A ,,R,D,BF,F ,R,G,R,50,0,0,0,1790549,5840082
Waikato District,25/07/2014,Fri,2315,CA,CW1CC,103A 514A ,,R,D,DO,F , ,N,C,50,0,0,0,1790043,5840180
Waikato District,03/03/2014,Mon,1015,DB,CW1,111A 131A ,P,R,D,BF,F ,R,G,R,50,0,0,0,1789990,5840186
Waikato District,07/02/2014,Fri,1815,DA,CS1,131A 812 ,V,M,D,O ,F , , ,C,100,0,0,1,1810983,5837699
Waikato District,05/03/2014,Wed,630,DB,CS1,104A 131A ,TV,M,W,O ,L , ,N,N,100,0,0,1,1807938,5836215
Waikato District,14/07/2014,Mon,640,DB,CW1,110A 131A ,T,E,W,DN,M , ,N,C,100,0,0,0,1810890,5837050
Waikato District,26/06/2014,Thu,517,EC,CW1,912,W,R,W,DN,L , ,N,C,100,0,0,0,1811886,5836835
Waikato District,07/01/2014,Tue,2215,DA,CE1,110A ,,S,W,DO,H ,T,N,C,100,0,0,0,1816138,5816788
Waikato District,01/05/2014,Thu,2037,CB,CS1,108A 130A ,P,R,D,DN,F , , ,C,100,0,1,0,1809329,5811498
Waikato District,07/12/2014,Sun,5,DA,4N1,101A 111A 131A ,F,M,D,DN,F , ,N,C,100,0,0,1,1815634,5819543
Waikato District,09/04/2014,Wed,710,DA,CW1,135A 801 ,T,M,W,ON,L , ,N,C,100,0,0,0,1813810,5815650
Waikato District,12/10/2014,Sun,2142,DB,VE1,103A 410A ,F,E,D,DN,F , ,N,C,100,0,0,1,1767246,5808111
Waikato District,27/02/2014,Thu,945,QC,TE1O,440A 660A ,NPS,R,D,BN,F , ,S,N,100,1,0,0,1790203,5854924
Waikato District,23/11/2014,Sun,1241,DA,4N1,111A 131A ,,M,D,ON,F ,R,G,C,80,0,0,0,,
Waikato District,22/01/2014,Wed,605,EC,VN1,195A 645A 912 ,W,R,D,DN,F , ,N,C,50,0,0,0,1788998,5857962
Waikato District,22/02/2014,Sat,1740,DB,40,111A 137A ,V,E,D,O ,F , ,N,C,100,0,0,1,1753802,5860963
Waikato District,28/12/2014,Sun,2030,DA,CE1,131A 634A ,CV,E,W,TN,L , ,N,C,100,0,0,0,1767872,5870400
Waikato District,21/01/2014,Tue,1003,DA,VE1,111A 131A ,CP,M,W,ON,L , ,N,C,100,1,0,0,1768032,5870474
Waikato District,21/01/2014,Tue,815,DA,CE1,111A ,V,M,W,O ,F , ,N,C,100,0,0,1,1768149,5870473
Waikato District,09/04/2014,Wed,655,DB,CE1,129A 131A 801 ,CV,M,W,TN,L , , ,C,100,0,0,1,1768198,5870469
Waikato District,29/05/2014,Thu,740,DA,CE1,129A 134A ,V,E,D,O ,F , , ,C,100,0,0,1,1764727,5869358
Waikato District,26/01/2014,Sun,1835,DB,CS1,135A 400A 801 ,F,M,W,TN,H , ,N,C,100,0,0,0,1759007,5866586
Waikato District,06/12/2014,Sat,2146,DB,CS1,130A 363A ,FV,M,D,DN,F , , ,C,100,0,0,1,1757207,5865158
Waikato District,04/09/2014,Thu,1920,DB,CS1,131A 357A 901 ,,S,W,DN,H , , ,C,100,0,0,1,1755630,5863065
Waikato District,13/05/2014,Tue,850,DB,CE1,131A 800 ,V,M,W,B ,F , , ,C,100,0,0,1,1769174,5870757
Waikato District,20/10/2014,Mon,955,DA,TE1,111A 131A 901 ,PV,E,W,O ,H , , ,C,100,0,0,1,1771373,5870981
Waikato District,04/04/2014,Fri,830,DA,CE1,111A 131A ,F,M,D,B ,F , , ,C,100,0,0,0,1769716,5870813
Waikato District,04/04/2014,Fri,800,DB,CE2,131A 806 ,F,M,W,O ,M ,T,G,P,100,0,0,0,1770252,5877157
Waikato District,22/10/2014,Wed,1745,JA,CS1V,308B 351B 925 ,,R,D,BF,F ,D,G,C,50,0,0,1,1790616,5840283
Waikato District,14/02/2014,Fri,809,BB,CS1B,123A 363A 902 ,,M,D,BN,F , ,N,N,100,0,0,0,1797744,5837944
Waikato District,09/05/2014,Fri,1540,DA,CS1,111A 131A 402A 801 ,F,M,W,B ,L , , ,C,100,0,0,0,1767713,5876946