TLANAME,CRASHDATE,CRASHDOW,CRASHTIME,MVMT,VEHICLES,CAUSES,OBJECTSSTRUCK,ROADCURVE,ROADWET,LIGHT,WTHRa,JUNCTYPE,TRAFCTRL,ROADMARK,SPDLIM,CRASHFATALCNT,CRASHSEVCNT,CRASHMINCNT,EASTING,NORTHING
Waikato District,30/10/2014,Thu,1250,CB,CN1,410A 504A 903 ,P,R,D,O ,FS, , ,C,100,0,0,1,1768240,5877663
Waikato District,13/09/2014,Sat,1010,DA,BN1,385A ,H,M,D,BF,F ,T,N,N,50,0,0,0,1790628,5840854
Waikato District,04/09/2014,Thu,1831,EC,4S1,912,W,R,D,DN,F , , ,C,100,0,0,0,1815969,5811270
Waikato District,21/01/2014,Tue,1838,KB,4N1C,308B 834 929 ,,M,D,OF,FS,D,N,N,50,0,0,0,1765625,5814800
Waikato District,27/03/2014,Thu,1621,CB,TS1,130A 631A ,CFT,R,D,B ,F , , ,C,100,0,0,0,1793528,5858510
Waikato District,15/03/2014,Sat,1230,DA,CN1,111A 131A 402A ,F,E,W,O ,HS, , ,C,100,0,0,0,1796805,5857144
Waikato District,12/09/2014,Fri,1400,DA,4N1,135A 804 ,E,E,W,OF,F , , ,C,100,0,0,0,1785485,5827354
Waikato District,14/10/2014,Tue,900,BC,CE1T,121A 361A ,,M,D,B ,F , , ,C,100,0,0,1,1783420,5828448
Waikato District,17/06/2014,Tue,1230,BF,VW1T,129A 197B ,,M,W,O ,H , , ,C,100,0,0,0,1786100,5827073
Waikato District,14/09/2014,Sun,1030,DA,CS1,135A 804 843 ,ET,M,W,ON,L , , ,C,30,0,0,0,1785514,5827330
Waikato District,26/07/2014,Sat,1712,DA,CN1,103A 131A ,EF,M,W,O ,F , , ,N,100,0,0,0,1783559,5828449
Waikato District,03/01/2014,Fri,2138,MF,PS1V,371B ,,R,W,TO,L , , ,C,50,0,0,1,1764536,5814693
Waikato District,25/10/2014,Sat,1928,EC,CW1,101A 129A ,IT,E,D,TO,F , ,N,R,80,0,0,0,1763397,5813590
Waikato District,28/02/2014,Fri,1059,DA,CN1,111A 131A 350A 404A ,ES,M,D,B ,F ,T,G,C,50,0,0,1,1763899,5813898
Waikato District,29/12/2014,Mon,1230,FD,CW1C,181A ,,R,D,B ,F , , ,N,50,0,0,0,1763909,5813901
Waikato District,06/03/2014,Thu,,CB,VN1,103A ,F,R,D,TF,F , ,N,C,80,0,0,0,1761749,5812671
Waikato District,24/02/2014,Mon,1400,CB,PW1,191A ,,R,D,BF,F , ,N,C,50,0,0,1,1763248,5813606
Waikato District,10/05/2014,Sat,1015,DB,CS1C,131A 197A 129B ,V,M,D,B ,F , , ,C,80,0,0,0,1762778,5813451
Waikato District,14/11/2014,Fri,2024,BC,CW1C,129A 404A ,,E,D,DN,F , ,N,C,50,0,0,0,1762736,5813453
Waikato District,26/12/2014,Fri,1730,DB,VS1,101A 111A 532A ,EK,M,D,B ,F , ,N,L,50,1,0,3,1764275,5814065
Waikato District,29/07/2014,Tue,920,MD,4S1V,330B 371B 830 929 ,,R,D,O ,F ,D,N,C,100,0,0,0,1754364,5870510
Waikato District,23/03/2014,Sun,30,CB,CS1,410A ,,R,D,DN,F , ,N,C,100,0,0,1,1753474,5873729
Waikato District,16/04/2014,Wed,2240,DB,CN2,111A 131A 353A ,FV,R,W,DO,L ,T,G,C,100,0,0,0,1813648,5825835
Waikato District,04/09/2014,Thu,545,DA,CS1,129A 131A 330A ,FK,E,D,TF,F , , ,C,100,0,0,0,1811738,5822934
Waikato District,22/08/2014,Fri,1822,DB,CW1,103A 111A 131A ,FT,M,D,DN,F , ,N,C,70,0,0,3,1772865,5872903
Waikato District,24/05/2014,Sat,830,FD,CW1C,331A ,,R,W,B ,F , , ,N,100,0,0,0,1774101,5873484
Waikato District,04/08/2014,Mon,2020,DA,CE1,129A 134A ,V,E,D,DN,F , ,N,C,100,0,0,2,1809681,5831742
Waikato District,16/07/2014,Wed,537,DC,CS2,110A 335A ,CS,R,I,DO,MF,T,G,C,100,0,0,1,1809544,5831717
Waikato District,08/09/2014,Mon,1619,DB,CS2,111A 131A ,G,M,D,B ,F ,R,G,R,100,0,0,0,1794550,5833835
Waikato District,07/03/2014,Fri,807,CB,VE1,136A 682A ,,R,D,BF,F , ,N,L,100,0,0,1,1795475,5833861
Waikato District,28/03/2014,Fri,550,MB,CN1V,372B 386B ,,E,D,DN,F , ,N,C,100,0,0,1,1795759,5833763
Waikato District,22/06/2014,Sun,1600,QG,VS1,130A 687A ,CFP,R,D,BN,F , ,N,C,100,0,0,0,1798898,5831878
Waikato District,09/05/2014,Fri,300,CB,CS1,112A 130A 631A ,F,R,D,DN,F , , ,C,100,0,0,0,1797847,5832916
Waikato District,23/06/2014,Mon,307,ED,4N1T,110A 817 904 ,M,R,W,DN,M , , ,C,100,0,0,0,1799138,5831501
Waikato District,26/06/2014,Thu,1600,FB,CS1C,181A 331A ,,M,D,B ,F ,T,G,C,100,0,0,0,1802193,5829976
Waikato District,29/05/2014,Thu,1815,NA,CW1E,370A 711B 860 ,,E,D,DN,M , ,N,C,100,0,1,0,1801460,5830601
Waikato District,30/06/2014,Mon,1520,DA,CS1,130A 410A ,G,E,W,O ,F , ,N,C,100,0,0,0,1804416,5827079
Waikato District,06/10/2014,Mon,1624,CB,CE1,130A 903 ,V,R,D,B ,FS, , ,C,100,0,0,1,1804571,5826799
Waikato District,17/01/2014,Fri,2040,CC,CS1,103A 130A ,F,R,D,TN,F , , ,C,100,0,0,0,1804849,5826717
Waikato District,12/04/2014,Sat,1302,BA,CW14,129A ,,R,D,OF,F , ,N,C,100,0,0,0,1804897,5826702
Waikato District,14/09/2014,Sun,1028,JA,VS1C,302B ,,R,D,O ,F ,T,G,C,100,0,0,0,1806066,5823281
Waikato District,18/10/2014,Sat,1647,KA,VE1C,301B 375B ,,R,W,ON,H ,X,S,N,100,0,0,1,1808628,5819850
Waikato District,09/03/2014,Sun,1620,HA,CS2C,301A 375A ,,R,D,B ,F ,X,S,C,100,0,0,0,1808628,5819850
Waikato District,11/12/2014,Thu,829,FD,CE1C,331A 350A ,,R,W,OF,L ,X,S,C,100,0,0,1,1808645,5819854
Waikato District,02/05/2014,Fri,615,DA,TE2,129A 386A ,V,R,D,OF,M ,X,S,C,100,0,0,0,1808645,5819854
Waikato District,30/06/2014,Mon,1218,HA,4N1C,301A 375A ,,R,W,O ,F ,X,S,C,100,0,0,1,1808645,5819854
Waikato District,13/11/2014,Thu,830,BA,CS1V,129A 350A ,,R,D,BN,F , ,N,C,100,0,0,0,1809564,5818616
Waikato District,13/01/2014,Mon,1112,CB,CE1,102A 132A ,F,R,D,OF,F , ,N,P,100,0,0,1,1809143,5816489
Waikato District,01/06/2014,Sun,2140,JC,CS2C,301A ,,R,D,DO,F ,T,S,R,80,0,0,0,1809101,5816448
Waikato District,02/07/2014,Wed,830,CC,CN1,130A 358A 402A 801 ,CF,R,W,O ,L , , ,C,100,0,0,0,1809817,5816219
Waikato District,14/03/2014,Fri,1745,LB,MN1C,102B 303B 377B 929 ,,E,D,OF,F ,D,N,C,100,0,2,0,1810491,5815509
Waikato District,21/06/2014,Sat,925,DA,CS1,129A 134A ,FP,E,W,O ,F , ,N,C,100,0,0,1,1810537,5815420
Waikato District,20/06/2014,Fri,1227,HA,CW1T,321A ,,R,D,O ,F ,X,S,C,100,0,0,0,1811259,5813717
Waikato District,27/12/2014,Sat,1827,KB,TS1C,301B 375B ,,R,D,BF,F ,T,S,C,100,0,0,0,1811259,5813717
Waikato District,31/05/2014,Sat,1616,JA,CS1C,301B 375B ,,R,D,BF,F ,T,S,C,100,0,0,2,1811259,5813717
Waikato District,08/02/2014,Sat,939,DB,MS1,131A ,,M,W,O ,L , , ,C,100,0,0,1,1813615,5811656
Waikato District,14/02/2014,Fri,724,DA,CS1,111A 131A 402A ,C,S,W,O ,F , , ,C,100,0,0,0,1813620,5811659
Waikato District,09/03/2014,Sun,1918,DC,CW1,335A 363A 902 ,C,R,D,B ,F ,T,S,C,100,0,0,0,1814646,5810161
Waikato District,14/04/2014,Mon,934,DA,MS1,131A 133A 353A 812 ,,M,D,O ,F ,T,S,N,100,0,0,1,1814646,5810161
Waikato District,27/01/2014,Mon,1300,FD,CS1CC,181A 181C ,,E,D,BF,F , ,N,R,100,0,0,0,1777239,5879765
Waikato District,07/09/2014,Sun,2050,EC,VS1,130A 407A 915 ,CPW,R,D,DO,F , ,N,C,100,0,0,0,1777329,5879646
Waikato District,27/12/2014,Sat,800,FA,CS1C,112A 331A 350A 387A ,,R,D,B ,F , , ,C,100,0,0,0,1777549,5879140
Waikato District,30/04/2014,Wed,1338,QG,VS1,131A 687A ,G,E,D,BF,F , ,N,R,100,0,0,0,1777580,5878942
Waikato District,22/09/2014,Mon,600,EC,TS14,330A 668A 137B 341B ,D,R,W,O ,FS, ,N,N,100,0,0,0,1777545,5878872
Waikato District,11/01/2014,Sat,1120,DA,CS1,131A 406A ,G,M,D,B ,F , , ,C,100,0,0,0,1777679,5878771
Waikato District,15/03/2014,Sat,1107,CB,CN1,112A 632A ,P,R,W,OF,L , ,N,N,100,0,0,1,1777630,5878753
Waikato District,02/12/2014,Tue,715,FA,TN1T,181A ,,R,D,BF,F ,T,N,C,100,0,0,0,1778617,5877890
Waikato District,27/06/2014,Fri,1740,DA,CS1,111A 131A ,P,E,W,DO,HS,Y,N,C,100,0,0,1,1779230,5877039
Waikato District,09/12/2014,Tue,1656,AD,CS1C,132A ,,R,D,B ,F , , ,C,100,0,0,0,1779229,5877019
Waikato District,08/07/2014,Tue,829,FD,TS1C,181A ,,S,D,OF,F , ,N,C,100,0,0,4,1780683,5874953
Waikato District,29/05/2014,Thu,500,CB,CS1,112A 130A 410A ,,R,D,DN,F , ,N,R,100,0,0,0,1780746,5874856
Waikato District,14/06/2014,Sat,625,CA,VN1,194A ,S,R,D,DN,F , , ,C,100,0,0,0,1780856,5874383
Waikato District,20/09/2014,Sat,1151,CB,TN1,130A 359A 801 ,EGX,R,W,O ,L , , ,C,100,0,0,0,1781423,5872883
Waikato District,05/10/2014,Sun,1900,CA,CN1C,130A 501A ,,R,D,O ,F ,T,N,C,100,0,1,1,1781451,5872685
Waikato District,29/06/2014,Sun,1200,DA,VN1,131A 412A 504A ,G,E,D,O ,F , , ,C,100,0,0,1,1781746,5871737
Waikato District,20/01/2014,Mon,1540,CC,VN1,129A 410A ,G,R,D,OF,F , ,N,C,100,0,0,1,1781918,5871505
Waikato District,30/11/2014,Sun,335,CC,CS1,129A 410A ,,R,D,DN,F , ,N,N,100,0,0,0,1782719,5869667
Waikato District,10/02/2014,Mon,925,FO,TS1C,357A 512A ,M,R,D,B ,F , , ,C,100,0,0,0,1783090,5869197
Waikato District,08/06/2014,Sun,1939,DA,CN1,195A 800 ,G,E,W,DO,F , , ,C,70,0,0,0,1783210,5868872
Waikato District,21/11/2014,Fri,1135,JA,CS1C,302B ,F,R,D,B ,F ,T,G,R,100,0,1,0,1783066,5866967
Waikato District,30/08/2014,Sat,1628,EA,CS1C,129A 358A ,Q,E,D,OF,F , ,N,R,100,0,0,1,1782837,5865434
Waikato District,02/06/2014,Mon,530,CB,CN1,103A 112A 130A 412A 904 ,F,R,D,DN,M , , ,C,100,0,0,0,1783199,5864924
Waikato District,23/09/2014,Tue,1251,BC,CN1V,121A 350A ,FP,E,D,B ,F , ,N,C,100,0,0,1,1783779,5864552
Waikato District,02/09/2014,Tue,502,DA,CS1,103A 111A 131A ,F,E,W,DN,L , , ,C,100,0,0,1,1785257,5862471
Waikato District,18/02/2014,Tue,1647,CB,CN1,410A ,G,R,D,BN,F , ,N,R,100,0,0,0,1785307,5862301
Waikato District,25/10/2014,Sat,950,CC,CS1,129A 350A ,G,R,D,BF,F , ,N,R,100,0,0,0,1785896,5861075
Waikato District,19/03/2014,Wed,1705,AO,TS1C,381A 671A ,,R,D,BN,F , ,N,C,100,0,0,0,1785896,5861075
Waikato District,26/03/2014,Wed,601,BF,CS1C,131A 410A ,,R,D,DN,F , ,N,C,100,0,0,0,1785958,5860996
Waikato District,06/08/2014,Wed,1712,BA,VS1CV,129A 372A 381A ,,R,D,O ,F ,T,N,C,100,0,0,0,1786138,5860757
Waikato District,07/06/2014,Sat,600,DB,4N1,103A 410A ,G,E,D,TO,M , , ,C,100,0,0,0,1786161,5860713
Waikato District,19/11/2014,Wed,1815,DB,TS1,136A 631A ,G,E,D,BF,F , ,N,C,100,0,0,0,1786286,5860259
Waikato District,18/03/2014,Tue,1115,AC,CS1T,381A ,,E,D,BN,F , ,N,C,100,0,0,0,1786302,5860211
Waikato District,20/05/2014,Tue,1608,CB,CN1,130A ,G,R,D,O ,F , , ,C,100,0,0,0,1786319,5860164
Waikato District,18/10/2014,Sat,1325,CA,CN1,129A 362A 801 ,,R,W,O ,L , , ,C,100,0,0,0,1786453,5859884
Waikato District,23/03/2014,Sun,2300,CC,CN1,129A 130A 402A ,G,R,D,DO,F , , ,R,100,0,0,0,1786523,5859751
Waikato District,16/08/2014,Sat,1520,CC,CS1,130A 403A ,E,R,D,BN,F , , ,C,100,0,0,0,1786614,5859586
Waikato District,11/03/2014,Tue,1610,CA,CS1,129A 410A ,G,R,D,BN,F , ,N,R,100,0,0,0,1786614,5859586
Waikato District,26/01/2014,Sun,30,CC,CN1,125A 198A ,G,R,D,DN,F , ,N,C,100,0,0,0,1786640,5859543
Waikato District,08/06/2014,Sun,1549,CA,CN1,129A ,G,R,W,O ,L , , ,C,100,0,0,0,1786781,5859324
Waikato District,05/05/2014,Mon,1440,CB,CN1,130A 330A 901 ,G,R,W,O ,H , , ,R,100,0,0,0,1786888,5859172
Waikato District,01/06/2014,Sun,1250,CC,CS1,125A 350A 410A ,G,R,D,O ,F , ,N,N,100,0,0,0,1787740,5858129
Waikato District,29/12/2014,Mon,1754,CA,CS1,130A 358A ,G,R,D,O ,F , , ,C,80,0,0,0,1788104,5857358
Waikato District,19/06/2014,Thu,1358,DA,CS1,130A 351A 632A ,G,E,W,O ,F , , ,N,100,0,0,0,1788221,5857083
Waikato District,26/09/2014,Fri,2245,DB,CN1,131A ,G,E,D,DO,F , , ,R,100,0,0,0,1788221,5857083
Waikato District,03/10/2014,Fri,1600,JA,CS1V,302B ,,E,W,O ,L ,T,G,R,100,0,0,0,1788248,5856885
Waikato District,12/09/2014,Fri,630,KA,CS1C,302B 375B ,E,R,D,O ,F ,T,G,R,100,0,0,0,1788248,5856885
Waikato District,29/09/2014,Mon,1323,CB,VS1,130A 402A 412A 817 ,G,R,D,O ,F , , ,N,80,0,0,0,1788242,5856786
Waikato District,06/01/2014,Mon,7,EC,CN1,195A 912 ,W,R,D,DN,F , , ,C,100,0,0,0,1788226,5856687
Waikato District,14/05/2014,Wed,714,CC,CS1,112A 410A 517A ,G,R,W,O ,F , ,N,R,100,0,0,0,1788207,5856589
Waikato District,12/02/2014,Wed,707,DA,TS1,131A 504A ,G,E,D,O ,F , , , ,100,0,0,0,1788250,5856145
Waikato District,17/11/2014,Mon,1500,CA,CN1,136A 631A 800 817 ,X,R,D,O ,FF, , ,C,80,0,0,0,1788569,5855271
Waikato District,07/06/2014,Sat,1656,DB,CN1,363A 902 ,F,E,D,BF,F , ,N,C,100,0,0,0,1788577,5855241
Waikato District,20/07/2014,Sun,1945,DA,CN1,131A 404A 801 901 ,G,M,W,DO,H , , ,R,100,0,0,0,1788594,5855195
Waikato District,03/07/2014,Thu,900,FD,TN1CC,331A 358A ,,M,W,BF,F , ,N,R,70,0,0,1,1788618,5855151
Waikato District,09/10/2014,Thu,1800,DA,CS1,111A 131A ,G,M,D,O ,F , ,N,C,80,0,0,0,1788618,5855151
Waikato District,26/06/2014,Thu,1500,DA,CN1,130A 363A 902 ,G,M,D,B ,F , , ,R,70,0,0,0,1788676,5855082
Waikato District,19/10/2014,Sun,650,DB,CE1,131A ,I,S,W,OF,F ,T,S,R,100,0,0,0,1788863,5854995
Waikato District,20/12/2014,Sat,1050,DB,VN1,131A ,G,M,D,O ,F , , ,R,80,0,0,0,1789177,5854936
Waikato District,04/10/2014,Sat,400,DA,CN1,131A ,G,E,W,DN,F , , ,R,100,0,0,0,1789498,5854808
Waikato District,24/11/2014,Mon,,AD,CN1C,129A 130A 801 ,,R,W,O ,L , , ,C,100,0,0,0,1789996,5854127
Waikato District,03/01/2014,Fri,1544,DB,CN1,131A ,G,M,D,OF,F , , ,C,100,0,0,0,1790251,5853744
Waikato District,30/07/2014,Wed,358,FA,TS14,197A 380A ,,R,W,DN,F , , ,R,100,0,0,0,1790275,5853740
Waikato District,25/09/2014,Thu,955,DB,CN1,129A 330A ,G,E,D,BN,F , ,N,R,100,0,0,0,1790284,5853673
Waikato District,02/01/2014,Thu,1505,CB,CS1,130A 354A 402A ,G,R,D,B ,F , , ,C,100,0,0,1,1790468,5852650
Waikato District,01/02/2014,Sat,7,CB,VN1,134A 410A ,G,R,D,DN,F , ,N,R,100,0,0,1,1790597,5852085
Waikato District,22/07/2014,Tue,658,CB,TS1,129A 410A ,FX,R,D,BN,F , ,N,C,90,0,0,1,1790614,5852017
Waikato District,22/08/2014,Fri,2320,FA,CN1C,112A 330A 434A ,,R,D,DO,F , , ,C,100,0,0,3,1790620,5851990
Waikato District,12/01/2014,Sun,1400,CB,CS1,138A 407A 817 ,,R,D,B ,F , , ,C,100,0,0,0,1790731,5851598
Waikato District,17/01/2014,Fri,1420,AC,CS1T,177A 357A 817 ,,R,D,BN,F , ,N,N,100,0,0,0,1790797,5851313
Waikato District,06/11/2014,Thu,1720,AA,CN1T,372A 381A ,,R,D,B ,F , ,N,C,100,0,0,2,1790857,5850978
Waikato District,22/10/2014,Wed,737,CB,CN1,129A ,EG,R,D,OF,F , ,N,C,100,0,0,0,1790995,5848925
Waikato District,08/05/2014,Thu,1015,EB,TS1C,129A ,Q,R,D,OF,F , , , ,100,0,0,0,1791016,5848802
Waikato District,28/05/2014,Wed,1109,FA,VS1O,112A ,,R,D,B ,F , , ,R,100,0,1,1,1791235,5847757
Waikato District,21/06/2014,Sat,1000,CC,CS1,130A 410A ,S,R,D,O ,F , , ,C,100,0,0,0,1791255,5847649
Waikato District,23/12/2014,Tue,810,CB,CS1,410A ,P,R,D,B ,F , , ,C,100,0,0,0,1791437,5846688
Waikato District,22/06/2014,Sun,1704,CA,CS1,130A 622A ,V,R,D,TO,F , , ,C,100,0,0,0,1791440,5846668
Waikato District,24/07/2014,Thu,2150,PO,4N1E,194A 105B 722B 732B ,,R,D,DO,F , , ,C,100,0,0,1,1790963,5844912
Waikato District,07/01/2014,Tue,1705,CB,CS1,130A 412A ,K,R,D,B ,F , , ,C,70,0,0,1,1790852,5844530
Waikato District,11/10/2014,Sat,1424,MD,CN1C,308B 371B 836 929 ,,R,D,B ,F ,D,N,C,70,0,0,0,1790690,5843011
Waikato District,22/08/2014,Fri,1800,MA,CN1C,373B 402B ,,R,D,TO,F , , ,C,70,0,0,0,1790693,5841691
Waikato District,19/07/2014,Sat,1057,FD,CS1CC,112A 331A 181B 331B ,,R,D,B ,F , , ,C,50,0,0,0,1790713,5841452
Waikato District,03/10/2014,Fri,1516,LB,CN1C,927,,R,W,O ,L ,D,N,R,70,0,0,0,1790740,5841065
Waikato District,01/11/2014,Sat,2155,FD,CS1CCC,181A 363A ,,R,D,DO,F , , ,C,100,0,0,0,1790736,5840450
Waikato District,02/07/2014,Wed,1819,DA,CN1,131A 412A 801 ,F,M,W,DO,L , , ,P,70,0,0,0,1790689,5840308
Waikato District,27/09/2014,Sat,300,DA,CN1,111A 131A ,FP,E,D,DO,FS, , ,P,70,0,0,0,1790679,5840249
Waikato District,07/12/2014,Sun,158,MC,CS1C,330B 372B ,,R,D,DO,F , ,N,C,70,0,0,0,1790679,5840239
Waikato District,01/08/2014,Fri,1434,FA,CN1T,181A 352A ,,R,D,B ,F ,T,T,C,70,0,0,0,1790663,5840061
Waikato District,17/11/2014,Mon,950,GF,CE2T,381A ,,R,W,BF,H ,T,T,R,70,0,0,0,1790663,5840061
Waikato District,02/09/2014,Tue,1120,BF,CS14,501A ,,E,D,B ,F , , ,P,70,0,0,2,1790599,5839641
Waikato District,23/04/2014,Wed,1040,FD,CS1C,181A 331A 402A ,,E,D,B ,F , , ,C,70,0,0,0,1790722,5838896
Waikato District,21/03/2014,Fri,755,KA,TS1C,322A ,,R,D,BF,F ,T,T,R,70,0,0,0,1790712,5838796
Waikato District,13/03/2014,Thu,1651,FE,CS1C,181A ,,E,D,BF,F ,T,T,C,70,0,0,1,1790712,5838796
Waikato District,02/06/2014,Mon,1525,FD,CN1CC,181A 181B ,,R,D,B ,F , , ,L,100,0,0,0,1790674,5838007
Waikato District,21/04/2014,Mon,1800,FD,CN1CC,331A 352A ,,R,D,TN,F , ,N,L,100,0,0,1,1790670,5837907
Waikato District,14/06/2014,Sat,1740,FD,VN1C4,181A 331A 181B ,,R,D,DN,F , , ,L,100,0,0,0,1790669,5837857
Waikato District,13/07/2014,Sun,520,CB,CS1,129A 353A ,CT,R,D,DN,F , ,N,C,100,0,0,1,1790668,5837844
Waikato District,17/08/2014,Sun,1724,FD,CN1CC,110A 331A 402A 110B 191B 110C 191C +,,R,D,TF,F , , ,C,100,0,0,0,1790661,5837707
Waikato District,11/04/2014,Fri,415,DA,CN1,412A 801 ,C,M,W,DN,L , , ,C,100,0,1,0,1790707,5837074
Waikato District,16/04/2014,Wed,2342,CB,CN1,130A 330A 350A ,FJ,R,W,DN,L , ,N,C,100,0,0,0,1791530,5836199
Waikato District,14/10/2014,Tue,1800,BE,CS1C,129A 411A ,,R,D,BN,F , ,N,L,100,0,1,1,1791749,5836086
Waikato District,21/04/2014,Mon,1550,MC,CN1C,170B 671B ,,R,D,O ,F , , ,P,70,0,0,1,1792192,5835746
Waikato District,20/11/2014,Thu,1109,BF,CW1V,131A 205A 330A ,,M,D,B ,F , , ,C,100,0,0,0,1792594,5835454
Waikato District,27/01/2014,Mon,1300,GE,MN1C,171B 926 ,,R,D,BF,F ,D,N,P,70,0,1,0,1792717,5835406
Waikato District,23/10/2014,Thu,1747,CB,CS1,129A 410A ,P,R,D,BF,F , ,N,L,70,0,0,1,1792725,5835403
Waikato District,11/02/2014,Tue,1835,CB,CS1,410A ,G,R,D,B ,F , , ,C,100,0,0,0,1792819,5835369
Waikato District,30/05/2014,Fri,917,FB,CN1C,181A 331A ,,E,W,O ,F ,R,G,C,70,0,0,0,1792964,5835014
Waikato District,13/12/2014,Sat,2030,DB,TN1,131A 501A ,F,E,D,TO,F ,R,G,C,80,0,0,0,1792961,5834989
Waikato District,15/11/2014,Sat,1830,AD,VS1,131A 801 ,,M,W,O ,L ,R,G,R,70,0,0,0,1792961,5834989
Waikato District,16/01/2014,Thu,1600,KA,TW2T,302A 386A ,,S,W,BF,F ,R,G,R,70,0,0,0,1792966,5835009
Waikato District,12/02/2014,Wed,844,GF,TW1C,386A ,,S,D,O ,F ,R,G,R,70,0,0,0,1792992,5835013
Waikato District,16/10/2014,Thu,100,AO,CN1T,103A 111A 158A ,,E,D,DO,F ,R,G,R,70,0,0,0,1792976,5834974
Waikato District,11/11/2014,Tue,1233,AA,CN1V,381A ,,M,D,OF,F ,R,G,R,70,0,0,0,1792992,5834976
Waikato District,29/10/2014,Wed,1000,DB,CS1,135A 801 ,S,R,W,OF,L ,R,G,R,50,0,0,0,1792992,5834976
Waikato District,29/11/2014,Sat,1615,BF,CS1C,129A 410A ,,M,D,OF,F , ,N,L,70,0,0,0,1793337,5835062
Waikato District,24/11/2014,Mon,645,FD,VW1C,331A ,,E,D,O ,F ,R,G,C,70,0,0,0,1793458,5835076
Waikato District,05/06/2014,Thu,2038,QG,VS1,682A ,,R,W,DO,L , , ,L,80,0,0,0,1793703,5834814
Waikato District,05/06/2014,Thu,2038,EC,TS1,820,X,R,W,DO,L , , ,L,80,0,0,0,1793703,5834814
Waikato District,04/01/2014,Sat,2132,AB,MN1C,110A 151A 153A ,,R,D,DO,F , , ,C,100,1,0,2,1793960,5834432
Waikato District,26/06/2014,Thu,1700,GF,VN2C,171A 336A ,,M,W,OF,F ,R,G,R,80,0,0,0,1794516,5833856
Waikato District,05/09/2014,Fri,1853,AC,VN1V,372A ,,E,D,DO,F ,R,G,N,80,0,0,0,1794539,5833826
Waikato District,13/10/2014,Mon,1830,AD,CS1,131A 404A ,G,E,D,B ,F , , ,C,100,0,0,0,1794564,5829765
Waikato District,30/05/2014,Fri,1350,FA,CN1V,181A 197B ,,R,W,O ,L ,X,G,C,50,0,0,0,1789493,5828980
Waikato District,21/03/2014,Fri,2046,DB,CN1,111A 131A 514A ,FS,M,D,DO,F ,X,S,C,100,0,0,0,1792212,5826306
Waikato District,16/11/2014,Sun,1542,MO,CN1CC,112A 130A 517A ,G,R,W,O ,F , , ,C,100,0,0,1,1794564,5824209
Waikato District,25/04/2014,Fri,825,DB,CS1,131A ,G,E,W,B ,F , , ,R,100,0,0,0,1794562,5824002
Waikato District,23/08/2014,Sat,2310,CB,CS1,130A 410A ,C,R,D,DO,F , , ,R,100,0,0,0,1805178,5813121
Waikato District,14/06/2014,Sat,1840,FA,CW1C,181A 191B ,,E,D,TN,F ,T,N,C,80,0,0,0,1805647,5812723
Waikato District,03/04/2014,Thu,1623,JA,CS1C,301B ,,R,D,O ,F ,T,S,C,100,1,0,1,1806277,5811967
Waikato District,22/12/2014,Mon,1612,JA,XS1CT,302B 375B ,,E,D,BF,F ,T,G,C,100,0,0,1,1806854,5811278
Waikato District,25/01/2014,Sat,1155,JA,CS1C,302B ,,R,D,B ,F ,T,G,R,100,0,0,2,1806854,5811278
Waikato District,31/05/2014,Sat,835,CB,VS1,501A ,CF,R,D,BF,F , ,N,R,100,0,0,1,1807968,5809981
Waikato District,27/11/2014,Thu,1440,JA,CS1C,130A 197A 302B 353B 817 ,FP,R,D,B ,F ,T,G,P,100,0,0,0,1809183,5808668
Waikato District,27/11/2014,Thu,1530,GA,CS1C,112A 181A 331A 817 ,,R,D,B ,F ,T,G,P,100,0,0,0,1809183,5808668
Waikato District,24/06/2014,Tue,1807,GC,VN1P,372B 927 ,,R,D,DN,F ,D,N,C,80,0,0,1,1809925,5808132
Waikato District,28/02/2014,Fri,710,CC,CN1,501A ,P,R,D,B ,F , , ,C,100,0,0,1,1810232,5807876
Waikato District,02/02/2014,Sun,1630,JA,CN1C,302B ,,R,D,B ,F ,T,G,L,100,0,0,0,1810744,5807217
Waikato District,22/02/2014,Sat,1620,BA,CN1CVC,129A 410A ,V,R,D,BF,F , ,N,L,100,1,1,1,1810851,5807064