TLANAME,CRASHDATE,CRASHDOW,CRASHTIME,MVMT,VEHICLES,CAUSES,OBJECTSSTRUCK,ROADCURVE,ROADWET,LIGHT,WTHRa,JUNCTYPE,TRAFCTRL,ROADMARK,SPDLIM,CRASHFATALCNT,CRASHSEVCNT,CRASHMINCNT,EASTING,NORTHING
Waikato District,04/09/2014,Thu,2155,CC,CS1,198A 410A 801 ,SX,R,W,DO,L , , ,C,80,0,0,0,1811486,5806204
Waikato District,16/06/2014,Mon,1305,HA,CN1V,302B ,,E,W,O ,M ,X,G,L,100,0,0,3,1811949,5805351
Waikato District,15/08/2014,Fri,1730,MB,CS1C,303B ,,E,D,TF,F , , ,C,100,0,0,0,1779905,5878052
Waikato District,05/01/2014,Sun,1439,GD,CE1C,130A 191A 333A 800 901 ,,E,W,O ,H ,T,G,L,100,0,0,2,1780165,5878033
Waikato District,01/01/2014,Wed,330,BA,CE1T,129A 129B ,,R,D,DN,F , ,N,L,90,0,0,0,1783423,5879320
Waikato District,13/08/2014,Wed,1427,BF,CE1TCV,131A ,,E,D,O ,F , , ,L,100,0,1,0,1785645,5879081
Waikato District,06/10/2014,Mon,1009,DA,TN1,129A 134A 350A ,S,E,D,ON,F , ,N,L,90,0,0,0,1786821,5878905
Waikato District,31/08/2014,Sun,1829,EC,CW1,341A ,D,R,D,DN,F , ,N,C,100,0,0,0,1787562,5878733
Waikato District,10/02/2014,Mon,2228,BE,CE1T,130A 410A 504A ,,R,D,DN,F , , ,L,100,1,0,1,1787673,5878685
Waikato District,09/02/2014,Sun,1213,CB,4W1,137A ,,R,D,BN,F , ,N,C,100,0,0,0,1789918,5878404
Waikato District,31/12/2014,Wed,1338,CB,TS1,191A 331A 832 ,,R,D,ON,F , ,N,L,90,0,0,0,1791536,5877602
Waikato District,16/12/2014,Tue,1620,AF,CW1,407A 671A ,F,R,D,B ,F , , ,L,100,0,0,0,1791656,5877511
Waikato District,27/08/2014,Wed,740,DB,CN1V,121A 129A 130B 197B ,EV,E,D,B ,F , , ,L,100,0,0,0,1792595,5876405
Waikato District,20/10/2014,Mon,1900,QG,VN1,665A ,,E,D,TN,F , , ,L,90,0,0,0,1792979,5875760
Waikato District,20/07/2014,Sun,520,DA,CE1,102A 410A ,,M,D,DN,F , ,N,L,90,0,0,0,1794429,5875469
Waikato District,16/06/2014,Mon,1300,CB,CW1,411A ,V,R,D,BN,F , ,N,C,70,0,0,1,1797277,5875119
Waikato District,16/04/2014,Wed,1142,EE,TN1C,129A ,M,M,D,BN,F , ,N,C,90,0,0,0,1801226,5873386
Waikato District,11/02/2014,Tue,247,DB,CE1,130A 351A ,G,E,D,DN,F , , ,C,100,0,0,1,1805388,5870777
Waikato District,02/07/2014,Wed,1727,FD,CS1CC,137A 191A 191B 801 ,,R,W,DO,L , , ,C,100,0,1,1,1807103,5809983
Waikato District,15/10/2014,Wed,1050,GD,CS1C,181A 330A ,,R,D,B ,F ,T,S,C,100,0,0,0,1807082,5809949
Waikato District,18/05/2014,Sun,803,CA,40,130A 404A ,,R,D,O ,F , , ,C,100,0,0,1,1796111,5814456
Waikato District,31/05/2014,Sat,530,DA,CE1,103A 358A ,CFV,E,D,DN,F , , ,C,100,0,1,1,1795418,5814788
Waikato District,21/02/2014,Fri,1140,CB,VE1,129A 352A ,F,R,D,BF,F , ,N,C,100,0,0,1,1793783,5814726
Waikato District,19/02/2014,Wed,1445,CB,CE1,130A 350A ,EFS,R,D,B ,F , , ,C,100,0,0,0,1793433,5814715
Waikato District,13/12/2014,Sat,2150,EC,CW1,912,W,R,W,DN,L , , ,C,80,0,0,0,1790282,5814443
Waikato District,04/07/2014,Fri,722,GD,VW1CC,181A 350A ,,R,W,O ,F ,T,S,C,80,0,0,1,1789995,5814442
Waikato District,27/10/2014,Mon,1455,LB,CE1O,303B ,,E,W,OF,L ,X,S,C,80,0,0,0,1789575,5814435
Waikato District,12/01/2014,Sun,931,LB,CE1V,303B 382B ,,R,D,OF,F ,T,S,L,80,0,0,0,1789575,5814435
Waikato District,15/08/2014,Fri,1905,DA,VE1,103A ,C,E,D,DN,F , ,N,C,100,0,0,0,1789478,5814411
Waikato District,29/09/2014,Mon,1700,DB,CS1,131A 405A ,V,M,D,BF,F ,T,G,C,80,0,0,0,1789114,5814113
Waikato District,15/03/2014,Sat,1315,DB,CE1,131A ,,M,W,ON,H , ,N,C,100,0,0,0,1787803,5813694
Waikato District,15/10/2014,Wed,1537,DA,CW1,129A ,C,E,D,BN,F , ,N,C,100,0,0,1,1787457,5813663
Waikato District,30/03/2014,Sun,1435,GE,MW1C,160A 333A 353A ,,R,D,B ,F ,T,G,C,100,0,1,0,1786970,5813815
Waikato District,25/12/2014,Thu,1823,BO,CE1C,129A 404A ,,E,D,BN,F , ,N,C,100,0,1,1,1782402,5811155
Waikato District,08/06/2014,Sun,1431,DA,MN1,111A 131A 801 ,G,S,W,O ,L , , ,L,100,0,0,1,1781905,5810855
Waikato District,04/07/2014,Fri,1810,BF,VE1C,102A 111A 358A 407A ,V,S,D,DN,F , , ,C,100,0,1,1,1781647,5810590
Waikato District,05/03/2014,Wed,711,AB,CW1C,378A ,,R,W,DN,F , ,N,C,100,0,0,2,1779686,5810879
Waikato District,07/12/2014,Sun,640,DA,CS1C,137A 197A 129B ,FS,M,D,B ,F , , ,C,100,0,0,0,1779601,5810796
Waikato District,04/11/2014,Tue,59,EC,TE1,912,W,E,D,DO,F , ,N,N,100,0,0,0,1779207,5810827
Waikato District,20/07/2014,Sun,2200,DA,CE1,110A 129A 131A 901 ,F,M,W,DN,H , , ,C,100,0,0,0,1779091,5810909
Waikato District,03/05/2014,Sat,1110,AB,MW1C4,156A 378A 831 ,,M,D,O ,F , , ,C,100,0,1,1,1779042,5810920
Waikato District,17/07/2014,Thu,2030,EC,CW1,131A 341A 820 ,CD,M,D,DN,F , , ,C,100,0,0,0,1776192,5810448
Waikato District,18/02/2014,Tue,1315,CC,CE1,129A 351A ,F,R,D,BN,F , ,N,C,100,0,0,0,1774401,5811226
Waikato District,26/04/2014,Sat,430,DA,CE1,131A 410A ,G,S,W,DN,L , ,N,C,100,0,0,0,1773252,5811961
Waikato District,02/03/2014,Sun,1715,CB,CW1,102A 112A 817 ,F,R,D,BF,F , ,N,N,100,0,1,0,1771896,5811333
Waikato District,24/02/2014,Mon,1620,CA,CW1,112A 130A ,,R,D,B ,F , , ,L,100,0,0,0,1771696,5811324
Waikato District,08/10/2014,Wed,100,CB,VE1,104A 112A 817 ,,R,W,DN,F , ,N,N,100,0,0,5,1768688,5811001
Waikato District,02/03/2014,Sun,850,DA,CW1,116A 131A 339A 817 ,C,M,D,BN,F , ,N,N,100,0,0,0,1768140,5811625
Waikato District,03/09/2014,Wed,808,JA,MN1C,191A 102B 301B 640B ,,R,D,B ,F ,T,S,C,100,0,0,0,1766534,5813672
Waikato District,30/03/2014,Sun,2000,DB,CS2,133A 420A ,,M,D,DO,F ,T,G,C,50,0,0,0,1765446,5814254
Waikato District,07/12/2014,Sun,1245,GD,4S1C,103A 112A 181A 331A 927 ,,R,D,B ,F ,D, ,C,80,0,2,1,1806314,5815012
Waikato District,21/01/2014,Tue,2140,CB,CN1,103A 112A 130A ,C,R,D,DN,F , , ,C,100,0,1,0,1806616,5815274
Waikato District,16/06/2014,Mon,1740,EC,CE1,911,W,R,W,TN,F , ,N,C,80,0,0,1,1806926,5815543
Waikato District,19/05/2014,Mon,1210,FB,CS1C,181A ,,R,D,BF,F ,X,S,C,50,0,0,0,1807070,5815667
Waikato District,21/12/2014,Sun,1634,CB,VN1,130A 412A ,CV,R,D,B ,F , , ,L,80,0,0,0,1807398,5815910
Waikato District,22/05/2014,Thu,900,FD,4W1C,181A ,,R,D,BN,F , ,N,C,80,0,0,2,1807873,5816262
Waikato District,09/03/2014,Sun,1944,CA,CE1,410A ,F,R,D,TN,F , , ,C,100,0,0,0,1808991,5816495
Waikato District,21/01/2014,Tue,1707,EC,4W1,903,X,R,D,B ,FS, , ,C,100,0,0,0,1809055,5816466
Waikato District,26/05/2014,Mon,800,CB,CW1,130A 412A ,T,R,W,B ,F ,T,S,L,100,0,0,1,1809101,5816448
Waikato District,24/04/2014,Thu,635,LB,CW1C,303B ,VV,R,D,O ,F ,T,G,C,100,0,0,2,1810192,5816079
Waikato District,27/05/2014,Tue,1644,BE,VW14,125A 665A ,,R,D,B ,F , ,N,C,100,0,0,0,1810519,5815954
Waikato District,21/11/2014,Fri,1728,JA,4W1C,302B 387B ,,E,D,OF,F ,T,G,C,100,0,0,0,1810775,5815868
Waikato District,10/06/2014,Tue,2340,EC,TE1,912,W,R,W,DN,LS, ,N,C,100,0,0,0,1811860,5816461
Waikato District,16/02/2014,Sun,530,CC,CS1,410A ,,R,D,DN,F , ,N,C,100,0,0,0,1812222,5817500
Waikato District,06/01/2014,Mon,1429,MB,CN1C,372B ,,R,D,BF,F , ,N,C,100,0,0,2,1812665,5818764
Waikato District,09/10/2014,Thu,2346,CC,ON1,130A 358A 407A ,F,R,D,DN,F , , ,C,100,0,0,1,1813636,5819848
Waikato District,17/05/2014,Sat,1550,DA,CW1,129A 134A ,E,E,D,B ,F , , ,C,100,0,0,1,1814744,5820855
Waikato District,03/03/2014,Mon,641,DA,VS1,136A 665A ,,M,W,ON,L ,T,G,C,100,0,0,0,1815338,5821511
Waikato District,29/01/2014,Wed,915,CB,CN1,130A 358A ,F,R,D,B ,F , , ,L,100,0,0,1,1815347,5821610
Waikato District,08/12/2014,Mon,2335,CB,PS1,129A ,,R,D,DN,F , ,N,C,100,0,0,1,1815319,5821907
Waikato District,30/11/2014,Sun,1925,DA,CS1,103A 129A ,EF,M,D,TN,F , ,N,C,100,0,0,0,1789943,5827877
Waikato District,06/03/2014,Thu,1757,CB,CS1,131A ,F,R,D,B ,F , , ,C,100,0,0,0,1789905,5827231
Waikato District,09/03/2014,Sun,1450,BF,MN14,111A 131A 403A ,,M,D,BN,F , ,N,L,100,1,0,0,1789794,5826075
Waikato District,10/11/2014,Mon,1400,CB,CN1,501A ,FJ,R,D,BF,F , ,N,C,50,0,0,0,1789796,5821190
Waikato District,01/08/2014,Fri,1954,BE,CN1C,153A 197A ,F,R,D,DN,F , , ,C,100,0,1,1,1789551,5817566
Waikato District,30/06/2014,Mon,1135,CB,CS1,129A 130A 407A 801 ,F,R,W,O ,L , , ,C,100,0,0,1,1790098,5813116
Waikato District,14/06/2014,Sat,2151,DA,VS1,129A 134A 804 ,F,E,D,DN,F , ,N,C,100,0,0,0,1790084,5813069
Waikato District,08/02/2014,Sat,910,BB,CN1C,111A 131A ,,E,W,ON,L , ,N,C,100,0,0,2,1790055,5812987
Waikato District,24/11/2014,Mon,602,DA,CN1,129A 410A ,PT,E,D,B ,F , ,N,C,100,0,0,1,1790010,5812830
Waikato District,20/01/2014,Mon,1030,DB,CS1,111A 131A ,F,E,W,O ,L , ,N,C,100,0,0,1,1789994,5812301
Waikato District,18/09/2014,Thu,656,DB,CS1,131A 330A ,F,S,W,O ,L , , ,C,100,0,0,0,1790011,5812277
Waikato District,16/09/2014,Tue,1545,JA,4W1V,197A 301B 375B ,,R,D,B ,F ,X,S,P,80,0,0,0,1792200,5820386
Waimakariri District,08/02/2014,Sat,1245,LB,CE14,303B 375B ,,E,D,B ,F ,T,S,C,50,0,0,0,1567347,5205443
Waimakariri District,06/03/2014,Thu,2107,DA,ME1,101A 108A 111A 131A ,G,M, , N,  , , ,C,100,1,0,0,1542328,5213931
Waimakariri District,11/06/2014,Wed,2220,EC,CN1,101A 130A ,LT,R,W,DN,M , , ,C,100,0,1,0,1539565,5213623
Waimakariri District,02/06/2014,Mon,1410,DB,CW1,135A 337A 802 ,V,E,I,B ,F , , ,C,100,0,0,0,1538021,5213613
Waimakariri District,14/11/2014,Fri,2030,DA,CS1C,104A 111A 131A ,HMS,E,D,DN,F , , ,C,100,0,0,2,1534526,5208342
Waimakariri District,18/03/2014,Tue,934,DA,4S1CCV,129A 131A 926 ,K,R,D,OF,F ,D,N,P,50,0,0,0,1567231,5205525
Waimakariri District,13/10/2014,Mon,1540,GB,SN1C,372B 929 ,,R,D,B ,F ,D,N,C,50,0,0,0,1567010,5206724
Waimakariri District,23/01/2014,Thu,1629,MC,4N1C,372B ,,R,D,O ,F , , ,P,50,0,0,0,1567240,5205476
Waimakariri District,30/11/2014,Sun,1725,CC,CN1,110A 138A ,F,R,D,O ,F , , ,N,100,0,0,0,1533733,5207899
Waimakariri District,02/11/2014,Sun,1800,DA,CE1,111A 131A 632A ,S,M,D,B ,F , , ,C,100,0,1,0,1574374,5196864
Waimakariri District,02/04/2014,Wed,1515,GA,VW1C,331A 358A 925 ,,R,D,BF,F ,D,N,C,50,0,0,0,1567161,5205630
Waimakariri District,03/09/2014,Wed,1425,EA,CW1C,129A 352A ,M,R,D,B ,F , , ,C,50,0,0,0,1566517,5205525
Waimakariri District,03/06/2014,Tue,1544,HA,CE1S,301B ,,R,D,O ,F ,X,S,C,50,0,0,1,1567078,5205616
Waimakariri District,12/07/2014,Sat,1310,HA,CW1S,302A ,,E,D,B ,F ,R,G,R,50,0,0,0,1566741,5205564
Waimakariri District,24/07/2014,Thu,2020,CC,CE1,137A ,GZ,R,D,DN,FF, ,N,R,100,0,0,0,1556003,5204221
Waimakariri District,08/03/2014,Sat,1130,DC,CS1,123A 357A ,FT,E,D,B ,F ,T,G,C,50,0,0,0,1572613,5203708
Waimakariri District,17/03/2014,Mon,1032,LB,VN1C,303B 375B ,,E,D,BF,F ,T,G,C,100,0,0,2,1569636,5204412
Waimakariri District,04/10/2014,Sat,900,CC,40,101A 130A 358A ,FST,R,D,B ,F , , ,C,100,0,0,0,1570305,5204888
Waimakariri District,22/11/2014,Sat,757,HA,CN2C,321B 402B ,,R,D,B ,F ,X,S,C,100,0,0,0,1574846,5213390
Waimakariri District,25/10/2014,Sat,1030,FD,4E1C,181A ,,R,D,O ,F ,T,G,C,50,0,0,0,1567311,5205581
Waimakariri District,02/03/2014,Sun,1430,DA,CE2,131A 433A ,V,E,D,BF,F ,T,N,C,100,0,0,0,1564685,5210786
Waimakariri District,23/07/2014,Wed,1640,FA,VS1V,181A 331A 817 928 ,,R,D,B ,F ,D, ,L,100,0,0,2,1566263,5207904
Waimakariri District,01/11/2014,Sat,1815,MA,CN1C,371B 402B ,,E,D,B ,F , , ,N,50,0,0,0,1571147,5195293
Waimakariri District,27/02/2014,Thu,1432,DA,MW1,130A 501A ,,E,D,B ,F , ,N,C,100,0,1,0,1551310,5204912
Waimakariri District,08/05/2014,Thu,651,CB,CS1,112A 130A 337A 817 904 ,T,R,D,DN,M , , ,N,100,0,0,1,1529117,5202810
Waimakariri District,08/12/2014,Mon,2205,CA,4N1,129A 130A ,G,R,D,DN,F , , ,N,100,0,0,0,1532405,5205243
Waimakariri District,22/02/2014,Sat,830,JA,ME14,308B 375B 926 ,,R,D,BN,F ,D,N,C,100,0,1,0,1563306,5209402
Waimakariri District,19/11/2014,Wed,2200,CA,CW1,130A 803 905 ,T,R,I,DN,HS, , ,L,100,0,0,2,1564479,5209335
Waimakariri District,10/08/2014,Sun,1342,CB,CN1,130A 631A ,P,R,D,O ,F , ,N,N,100,0,0,0,1548163,5191706
Waimakariri District,18/10/2014,Sat,1339,DB,CN1,103A 111A 131A 402A ,FT,E,D,O ,F , , ,C,50,0,0,1,1567395,5206602
Waimakariri District,11/05/2014,Sun,1230,HA,CN14,321A 402A ,,R,D,B ,F ,X,S,C,50,0,0,2,1567368,5206749
Waimakariri District,12/02/2014,Wed,1245,FB,CN1C,331A 387A ,,R,D,BF,F ,X,S,N,50,0,0,0,1567597,5205489
Waimakariri District,04/09/2014,Thu,1814,GD,4E1C,331A ,,R,D,DN,F ,T,G,C,80,0,0,0,1566431,5208631
Waimakariri District,27/12/2014,Sat,2152,CB,CW1,506A 512A ,PS,R,D,DN,F , , ,C,100,0,0,0,1567919,5201319
Waimakariri District,24/09/2014,Wed,1520,CC,VE1,129A 130A 358A ,P,R,D,BN,F , ,N,C,100,0,0,0,1568112,5201237
Waimakariri District,17/09/2014,Wed,1155,MA,TN14,130A 197A 330B 373B ,F,R,D,B ,F , , ,C,100,0,0,0,1566327,5202512
Waimakariri District,25/11/2014,Tue,1523,DA,TE1,129A 131A ,,M,W,O ,F ,T,G,C,100,0,0,0,1559971,5211497
Waimakariri District,23/03/2014,Sun,1514,CB,CE1,132A ,V,R,D,BN,F , ,N,N,100,0,0,2,1566484,5212014
Waimakariri District,06/04/2014,Sun,1020,MC,CE1C,372B ,,R,D,ON,F , ,N,N,100,0,0,0,1567020,5211951
Waimakariri District,24/02/2014,Mon,1306,CA,CN1CC,130A 403A ,M,R,D,BF,F , ,N,N,50,0,0,0,1567067,5205675
Waimakariri District,27/06/2014,Fri,1730,LB,CE1C,303B 375B 929 ,,R,D,DN,F ,D,N,C,100,0,0,1,1571452,5205929
Waimakariri District,20/03/2014,Thu,1405,CB,CS1,129A 138A ,,R,D,O ,F , ,N, ,100,0,0,1,1542306,5199012
Waimakariri District,10/08/2014,Sun,1600,CB,MS1,129A 350A ,,R,D,B ,F , ,N,N,100,0,0,1,1546204,5216474
Waimakariri District,27/06/2014,Fri,1400,LB,CE1C,303B ,,R,D,O ,F ,T,S,C,50,0,0,0,1567347,5205443
Waimakariri District,29/01/2014,Wed,1000,EE,CW1C,374B ,M,R,D,B ,F , , ,N,50,0,0,0,1566890,5205361
Waimakariri District,13/02/2014,Thu,1320,MD,VS1V,371B 377B 839 927 ,,R,D,B ,F , ,N,C,50,0,0,0,1534786,5206848
Waimakariri District,08/11/2014,Sat,1205,EE,SE14,374B ,Q,R,D,B ,F , , ,N,50,0,1,0,1567216,5205420
Waimakariri District,12/07/2014,Sat,1808,MO,CE1,130A 423A ,H,R,D,DO,F , , ,N,50,0,0,0,1567118,5205402
Waimakariri District,06/03/2014,Thu,1040,HA,CN1C,301A 375A ,,R,D,BF,F ,X,S,C,50,0,0,1,1565900,5205180
Waimakariri District,14/06/2014,Sat,951,KA,4E1V,301B 377B ,,R,D,BF,F ,X,S,C,50,0,0,0,1565900,5205180
Waimakariri District,06/09/2014,Sat,930,HA,CS1V,321B ,,R,D,B ,F ,X,S,C,70,0,1,2,1570757,5196380
Waimakariri District,01/12/2014,Mon,1455,KA,CE1C,301B 377B ,,R,D,BF,F ,X,S,C,100,0,0,1,1569857,5194028
Waimakariri District,27/02/2014,Thu,1710,BB,VS1C,129A ,,M,D,B ,F , , ,R,50,0,0,0,1567292,5205419
Waimakariri District,20/08/2014,Wed,1530,JA,VS1S,308B 375B 929 ,,R,D,B ,F ,D,N,C,50,0,0,2,1567433,5204660
Waimakariri District,20/01/2014,Mon,1520,LB,TS1C,303B 382B ,,E,D,O ,F ,T,G,C,50,0,0,1,1567441,5204621
Waimakariri District,25/10/2014,Sat,54,CB,40,103A 108A 130A ,FP,R,D,DN,F ,T,G,N,100,0,0,0,1563463,5203891
Waimakariri District,01/06/2014,Sun,,CC,40,103A 130A ,T,R,I,DN,FF, ,N,C,100,0,0,0,1562274,5203677
Waimakariri District,08/09/2014,Mon,735,PE,4E1E,129A 363A 370A 402A 902 ,X,R,D,B ,F , , ,C,50,0,0,1,1565636,5204290
Waimakariri District,25/12/2014,Thu,2230,EA,4E1C,410A ,M,R,D,DO,F , , ,N,50,0,0,0,1566175,5204392
Waimakariri District,16/08/2014,Sat,1607,EA,CE14,129A 501A ,KM,R,D,B ,F ,T,N,C,50,0,0,0,1566038,5204363
Waimakariri District,07/09/2014,Sun,1130,MC,CS1C,191A 330B 372B ,,R,D,B ,F , , ,P,50,0,0,0,1566769,5205468
Waimakariri District,13/05/2014,Tue,1530,HA,CN1S,302A ,,M,W,O ,L ,R,G,R,50,0,0,1,1566749,5205576
Waimakariri District,17/04/2014,Thu,834,HA,TW2C,302A 402B 801 ,,M,W,O ,L ,R,G,R,50,0,0,0,1566878,5204522
Waimakariri District,14/10/2014,Tue,857,HA,CS1S,302A 375A ,,E,D,O ,F ,R,G,R,50,0,0,1,1566837,5205093
Waimakariri District,03/06/2014,Tue,1934,NA,CS1E,402A 711B 724B ,,R,D,DO,F , ,N,N,50,0,1,0,1576437,5207618
Waimakariri District,08/02/2014,Sat,2200,EA,CW14,129A 352A ,M,R,D,DO,F , ,N,N,50,0,0,0,1566734,5206260
Waimakariri District,01/01/2014,Wed,2300,DC,CN2,103A 112A 335A ,F,R,D,DO,F ,T,G,C,50,0,0,1,1568579,5205669
Waimakariri District,15/01/2014,Wed,950,CB,CE1,501A ,T,R,D,B ,F ,T,N,C,50,0,0,1,1567962,5205556
Waimakariri District,02/10/2014,Thu,1548,BB,CN1C,123A ,,M,D,B ,F , , ,N,100,0,0,0,1535841,5211812
Waimakariri District,05/02/2014,Wed,1800,JA,CN1T,301B 375B ,,R,W,OF,L ,T,S,C,100,0,0,0,1561897,5197476
Waimakariri District,13/05/2014,Tue,1610,MA,CS14,350B 373B ,,R,W,OF,L , , ,C,50,0,0,0,1567589,5202801
Waimakariri District,16/12/2014,Tue,2017,CB,CS1,138A ,,R,D,B ,F , , ,N,100,0,0,1,1559693,5216847
Waimakariri District,13/04/2014,Sun,800,CC,CS1,116A 135A 804 ,P,R,D,B ,F , , ,N,100,0,0,1,1561897,5212516
Waimakariri District,07/06/2014,Sat,1410,BF,4N1C,134A 620A 630A ,F,E,W,O ,F , ,N,C,80,0,0,0,1563135,5210040
Waimakariri District,27/11/2014,Thu,1315,DA,CW1,423A 507A 929 ,F,R,D,B ,F ,D, ,C,50,0,0,1,1574367,5206676
Waimakariri District,01/12/2014,Mon,1413,EA,CN1V,129A 501A ,M,R,D,B ,F , , ,C,50,0,0,0,1571817,5195397
Waimakariri District,12/10/2014,Sun,2120,DB,MN1,103A 131A 402A 804 ,,E,D,DO,F , , ,P,80,0,1,0,1571432,5193978
Waimakariri District,10/06/2014,Tue,1745,LB,CN1CCC,303B ,,R,W,DO,L ,T,G,C,80,0,0,0,1571478,5193868
Waimakariri District,08/05/2014,Thu,640,LB,CN1C4,303B 370B ,,R,W,DO,F ,T,G,R,80,0,0,1,1571478,5193868
Waimakariri District,05/04/2014,Sat,200,DC,MS2,101A 113A 132A ,HX,R,D,DO,F ,T,G,C,50,0,0,1,1534659,5205812
Waimakariri District,28/02/2014,Fri,2330,DA,CN1,101A 111A 131A ,C,E,D,DN,F , , ,C,100,0,1,0,1571044,5214265
Waimakariri District,12/11/2014,Wed,1545,HA,4S2C,301B 375B ,FP,R,D,O ,F ,X,S,C,80,0,0,0,1567370,5208647
Waimakariri District,05/08/2014,Tue,1045,DA,CE1,129A 131A ,G,M,D,B ,F , , ,C,100,0,0,0,1538356,5208035
Waimakariri District,08/02/2014,Sat,1700,CB,CS1,112A 132A ,FS,R,D,B ,F , ,N,C,100,0,0,2,1549187,5204493
Waimakariri District,21/06/2014,Sat,1526,DA,ME2,135A 802 ,,R,I,BN,F ,T,N,C,100,0,0,1,1549179,5206381
Waimakariri District,19/06/2014,Thu,1634,DA,CS24,103A 130A ,,R,D,ON,F ,X,G,C,100,0,0,0,1549885,5199664
Waimakariri District,15/04/2014,Tue,1523,JA,CN1C,301B 387B ,,M,D,OF,F ,T,S,C,50,0,0,0,1567317,5204598
Waimakariri District,01/01/2014,Wed,320,DB,CS1,104A 111A 131A ,G,S,D,DO,F , ,N,R,50,0,0,2,1570997,5196310
Waimakariri District,10/08/2014,Sun,1145,MG,CE2C,371B ,,R,D,B ,F ,T,G,R,70,0,0,0,1571001,5196205
Waimakariri District,15/07/2014,Tue,1050,JA,CW14,302B 375B ,,E,D,O ,F ,X,G,R,50,0,0,0,1571200,5196190
Waimakariri District,29/05/2014,Thu,1820,MB,CE14,372B ,,R,D,DO,F ,T,N,C,50,0,0,0,1571070,5196275
Waimakariri District,28/05/2014,Wed,1710,NB,VW1OE,711C ,,R,D,TF,F ,R,G,R,50,0,0,1,1572013,5195961
Waimakariri District,26/09/2014,Fri,1,CC,CW1,130A 402A 514A ,B,R,D,DO,F , , ,R,50,0,0,1,1570773,5196276
Waimakariri District,04/07/2014,Fri,1630,JA,CW1C,301B 375B ,,R,D,BF,F ,T,S,R,70,0,0,1,1570883,5196241
Waimakariri District,25/01/2014,Sat,1520,LB,CW1C,303B ,,R,D,B ,F ,T,S,R,70,0,0,1,1570883,5196241
Waimakariri District,07/02/2014,Fri,715,JA,VW1V,301B 375B ,,R,D,OF,F ,T,S,R,70,0,0,2,1570883,5196241
Waimakariri District,30/03/2014,Sun,1214,CB,CW1,136A 631A ,FV,R,D,BN,F , ,N,C,100,0,0,0,1557751,5204347
Waimakariri District,18/02/2014,Tue,1712,GD,CE1V,331A 353A 692A ,,R,D,BF,F ,T,G,C,100,0,0,1,1555639,5204487
Waimakariri District,03/10/2014,Fri,2005,HA,TW1C,103B 301B ,,E,W,DN,L ,X,S,C,100,0,0,1,1563826,5204800
Waimakariri District,11/10/2014,Sat,800,CB,CW1,505A 510A ,V,R,D,B ,F , ,N,C,100,0,0,0,1546154,5204575
Waimakariri District,22/08/2014,Fri,1530,CC,CE1,129A 134A 351A ,BV,R,D,B ,F ,T,G,C,100,0,0,3,1547347,5204461
Waimakariri District,04/02/2014,Tue,1820,CB,CE1,130A 415A ,RT,R,D,B ,F ,X,G,C,50,0,0,0,1574864,5204006
Waimakariri District,10/12/2014,Wed,740,DA,CE1,111A 131A ,P,M,W,OF,L ,R,G,R,70,0,0,0,1574185,5204284
Waimakariri District,03/04/2014,Thu,1455,HA,4S2C,302B 351B ,,R,D,ON,F ,X,G,C,50,0,0,0,1567247,5204435
Waimakariri District,17/04/2014,Thu,1753,JC,VW2C,321A 350A 901 903 ,,R,W,DO,HS,X,S,C,80,0,0,0,1563975,5203985
Waimakariri District,19/06/2014,Thu,2150,DA,CS1,330A ,S,R,D,DN,F ,X,S,R,80,0,0,0,1563975,5203985
Waimakariri District,14/12/2014,Sun,736,GE,CN1T,157A 160A 926 ,FV,R,D,B ,F ,D,N,C,100,0,0,0,1570122,5205087
Waimakariri District,27/05/2014,Tue,1702,CC,CN1,130A 504A ,PV,R,D,TN,F , ,N,C,100,0,0,0,1570122,5205087
Waimakariri District,09/12/2014,Tue,2345,DA,4S1,111A 131A 402A 524A 801 ,V,S,W,DO,L ,M,S,C,100,0,0,1,1570387,5204946
Waimakariri District,17/04/2014,Thu,2350,DB,CN1,103A 110A ,T,M,W,DN,H , ,N,C,100,0,0,0,1571540,5204336
Waimakariri District,26/01/2014,Sun,615,DA,CS1,103A 110A ,T,E,W,DN,F ,T,N,C,100,0,0,0,1571577,5204303