TLANAME,CRASHDATE,CRASHDOW,CRASHTIME,MVMT,VEHICLES,CAUSES,OBJECTSSTRUCK,ROADCURVE,ROADWET,LIGHT,WTHRa,JUNCTYPE,TRAFCTRL,ROADMARK,SPDLIM,CRASHFATALCNT,CRASHSEVCNT,CRASHMINCNT,EASTING,NORTHING
Waimakariri District,09/01/2014,Thu,1715,GD,CE1C,331A 358A ,,R,D,B ,F ,M,S,L,100,0,0,0,1570387,5204946
Waimakariri District,24/07/2014,Thu,1720,MO,40,371A ,F,E,W,TN,FF, , ,N,50,0,0,0,1572534,5196286
Waimakariri District,12/11/2014,Wed,1015,LB,VN1C,303B 375B ,,R,D,BF,F ,T,N,C,50,0,0,0,1571141,5195969
Waimakariri District,03/08/2014,Sun,910,MA,CS14,357B 512B ,,R,D,B ,F , , ,N,50,0,0,0,1577207,5207517
Waimakariri District,27/12/2014,Sat,1845,CB,CN1,103A 129A ,F,R,D,BF,F , ,N,C,50,0,0,0,1572415,5196801
Waimakariri District,30/10/2014,Thu,420,FD,VN1O,181A ,,R,D,DN,F , ,N,C,100,0,0,0,,
Waimakariri District,21/01/2014,Tue,1035,DA,CS1,131A 801 ,G,E,W,O ,L , , ,C,100,0,0,0,1569961,5197900
Waimakariri District,03/06/2014,Tue,848,MC,4E1C,355B 372B ,,R,D,B ,F , , ,R,80,0,0,0,1571500,5197481
Waimakariri District,17/04/2014,Thu,1250,HA,4N2T,301A 375A ,,R,W,OF,H ,X,S,C,50,0,0,3,1572163,5197160
Waimakariri District,24/03/2014,Mon,655,LB,400000000000000,303B 375B ,,R,D,BF,F ,T,G,C,50,0,0,0,1567071,5203740
Waimakariri District,07/07/2014,Mon,2140,MO,CW1C,350A 371A ,M,R,D,DO,FF, ,N,C,50,0,0,0,1567505,5203819
Waimakariri District,24/10/2014,Fri,1628,AD,CW1,101A 112A 205A ,P,R,D,B ,F ,T,G,C,100,0,0,0,1563313,5192963
Waimakariri District,27/07/2014,Sun,1715,BA,CW1C,302A 310A ,,R,D,TN,F , ,G,N,100,0,0,0,1560677,5193207
Waimakariri District,12/10/2014,Sun,548,EC,TW1,912,W,R,W,DN,M , , ,C,100,0,0,0,1533811,5201988
Waimakariri District,15/04/2014,Tue,1145,HA,CE14,302B 353B 375B ,,R,D,BN,F ,X,G,C,100,0,0,0,1533622,5202053
Waimakariri District,28/03/2014,Fri,800,GE,VE1T,157A 144B ,,R,D,B ,F ,X,G,C,100,0,0,0,1548902,5196847
Waimakariri District,24/06/2014,Tue,1740,MD,CS1T,308B 929 ,,R,D,DN,F ,D,N,C,100,0,0,1,1551864,5195839
Waimakariri District,05/06/2014,Thu,650,CB,CE1,135A 802 ,T,R,I,DN,FF, ,N,C,100,0,0,1,1550519,5196295
Waimakariri District,30/04/2014,Wed,800,CC,CE1,130A 811 ,T,R,D,B ,F , , ,C,100,1,0,0,1567609,5193404
Waimakariri District,04/06/2014,Wed,2115,CC,TW1,135A 802 ,T,R,I,DN,MF, , ,C,100,0,0,0,1546538,5197653
Waimakariri District,05/06/2014,Thu,600,CB,VE1,135A 802 ,TX,R,I,DN,FF, , ,C,100,0,1,0,1544250,5198429
Waimakariri District,10/06/2014,Tue,630,FD,VS1V,181A ,,R,W,DO,H , ,N,C,50,0,0,1,1567457,5203055
Waimakariri District,28/11/2014,Fri,1900,DA,CE2,131A 804 ,F,M,W,O ,L ,T,G,L,100,0,0,0,1559971,5211497
Waimakariri District,19/04/2014,Sat,1640,DA,MS1,135A 804 ,,M,D,ON,F , ,N,C,100,0,1,0,1548227,5207374
Waimakariri District,31/03/2014,Mon,1200,EA,VS1C,129A 355A ,M,M,D,B ,F ,T,G,N,50,0,0,0,1565520,5206225
Waimakariri District,31/05/2014,Sat,2140,CC,CW1,134A 433A ,P,R,W,DN,F , ,N,N,100,0,0,3,1531361,5194241
Waimakariri District,16/11/2014,Sun,1340,DB,CW1,111A 131A ,V,S,D,BN,F , ,N,L,50,0,0,0,1566213,5203588
Waimakariri District,01/06/2014,Sun,1000,EA,CE2C,130A 363A 402A 902 ,M,M,D,B ,F , , ,N,50,0,0,0,1566736,5206983
Waimakariri District,12/09/2014,Fri,1433,JA,CW1C,301B ,,E,D,B ,F ,T,S,C,100,0,0,0,1571166,5193799
Waimakariri District,19/02/2014,Wed,710,FO,CE1S,129A 150A 370A ,,R,D,B ,F , , ,C,100,0,0,1,1567763,5195094
Waimakariri District,17/04/2014,Thu,1735,DA,CE1,101A 108A 111A 135A 801 ,F,M,W,DO,H , ,N,C,100,0,0,0,1568808,5194373
Waimakariri District,28/02/2014,Fri,2045,CC,CW1,103A ,F,R,W,DO,L , ,N,C,100,0,0,0,1568665,5194483
Waimakariri District,03/09/2014,Wed,1200,DA,CW1,131A ,F,E,D,O ,F , , ,C,100,0,0,1,1570849,5193755
Waimakariri District,14/12/2014,Sun,1640,QG,CS1,532A 682A ,,M,D,BF,F ,T,N,C,100,0,1,0,1570896,5193739
Waimakariri District,23/09/2014,Tue,1800,FA,4W1C,103A 112A ,,R,D,TN,F , ,N,C,100,0,0,0,1547963,5202080
Waimakariri District,20/03/2014,Thu,925,CB,CE1,129A 134A ,T,R,D,B ,F , ,N,C,100,0,0,1,1565504,5195814
Waimakariri District,04/04/2014,Fri,845,CC,CE1,410A ,SX,R,D,O ,F , , ,C,100,0,0,0,1565259,5195901
Waimakariri District,01/07/2014,Tue,1133,JA,CE1C,108B 321B ,,R,D,BF,F ,X,S,C,100,0,0,2,1560356,5197654
Waimakariri District,04/06/2014,Wed,2235,DA,CW1,102A 131A ,F,E,D,DN,F , , ,C,100,0,0,1,1568791,5194384
Waimakariri District,25/02/2014,Tue,1100,CC,CW1,116A 130A 817 ,F,R,D,ON,F , ,N,N,100,0,0,0,1568704,5194452
Waimakariri District,05/06/2014,Thu,627,AD,4E1V,110A 112A 150A ,,R,I,DN,SF, ,N,C,100,0,0,0,1551765,5200722
Waimakariri District,19/08/2014,Tue,1400,JA,TW1C,197A 301B 370B ,,R,D,O ,F ,T,S,R,100,0,0,0,1571166,5193799
Waimakariri District,22/06/2014,Sun,1350,JA,4W1C,301B 375B ,,R,D,BF,F ,T,S,C,100,0,0,0,1571166,5193799
Waimakariri District,20/07/2014,Sun,2125,JA,TW1C,301B 321B ,,R,D,DO,F ,T,S,R,100,0,0,0,1571166,5193799
Waimakariri District,11/05/2014,Sun,1720,LB,CW1C,303B 387B ,,R,D,OF,F ,T,G,L,100,0,0,0,1571283,5193826
Waimakariri District,18/04/2014,Fri,1130,DB,VN1,103A 111A 131A ,T,M,W,ON,L , ,N,C,100,0,0,1,1571733,5200465
Waimakariri District,13/05/2014,Tue,1640,FA,CW1S,130B 407B 420B ,,E,W,O ,L , ,N,C,100,0,0,1,1571416,5208070
Waimakariri District,08/05/2014,Thu,2200,DB,CE1,111A 131A ,P,M,D,DN,F , , ,C,100,0,0,0,1573208,5207901
Waimakariri District,05/07/2014,Sat,1345,HA,CW1C,302B 375B ,,R,D,BF,F ,T,G,R,50,0,0,0,1574982,5203777
Waimakariri District,27/02/2014,Thu,1900,EA,CE1C,129A 353A ,M,R,D,TF,F , , ,C,100,0,0,0,1573109,5211526
Waimakariri District,18/11/2014,Tue,932,HA,4S1C,308B 930 ,,R,D,O ,F ,D,N,C,50,0,0,1,1567259,5204915
Waimakariri District,12/06/2014,Thu,945,MO,CS1,386A 507A ,X,E,W,O ,L , , ,C,50,0,0,0,1567170,5205391
Waimakariri District,22/08/2014,Fri,1750,JA,CE1C,301B 375B ,,E,D,O ,F ,T,S,C,50,0,0,1,1567317,5204598
Waimakariri District,05/06/2014,Thu,1805,JA,CN1C,302B ,,E,D,DO,F ,T,G,C,50,0,0,0,1567237,5204487
Waimakariri District,04/06/2014,Wed,1530,HA,CW2C,321B 335B 355B ,,R,D,BF,F ,X,S,C,50,0,0,1,1565900,5205180
Waimakariri District,31/12/2014,Wed,400,EA,CS14,129A 130A 517A ,M,R,D,DO,F , , ,C,50,0,0,0,1565749,5205999
Waimakariri District,28/09/2014,Sun,407,EA,CN1C,129A ,M,R,W,DO,F , ,N,C,50,0,0,0,1566255,5206062
Waimakariri District,21/03/2014,Fri,2057,DA,CE2,103A 133A ,F,R,D,DO,F ,T,G,C,50,0,0,0,1566444,5205084
Waimakariri District,09/03/2014,Sun,1330,HA,4N14,321B 801 ,,R,W,O ,L ,X,S,R,50,0,0,0,1572644,5197069
Waimakariri District,22/11/2014,Sat,1730,FA,CS1C,181A 191B ,,R,D,O ,L ,T,G,C,50,0,0,0,1572093,5196228
Waimakariri District,27/11/2014,Thu,1630,FD,CN1V,331A ,,R,D,B ,F , , ,C,50,0,0,1,1572112,5196284
Waimakariri District,03/10/2014,Fri,1227,EA,CS1CC,501A ,MM,R,D,BF,F ,T,G,C,50,0,0,1,1572090,5196218
Waimakariri District,29/05/2014,Thu,1052,JA,CS1S,204B 312B ,,R,D,BF,F ,T,G,C,50,0,0,1,1572090,5196218
Waimakariri District,06/06/2014,Fri,1348,DA,CW1T,103A 131A ,M,M,D,O ,F , , ,P,50,0,0,0,1572622,5196965
Waimakariri District,28/02/2014,Fri,2145,EA,CS14,112A 386A ,M,R,W,DO,L , ,N,C,50,0,0,0,1572540,5196872
Waimakariri District,23/09/2014,Tue,1503,HA,4N1P,341A 312B ,,R,D,BN,F , ,N,C,50,0,0,1,1572309,5196695
Waimakariri District,09/07/2014,Wed,1205,CB,CS1,130A 504A ,P,R,D,O ,F , ,N,C,80,0,0,0,1572792,5199844
Waimakariri District,22/06/2014,Sun,1227,DA,CN1,129A 134A 407A ,C,E,D,B ,F , , ,L,80,0,0,1,1572792,5199404
Waimakariri District,20/10/2014,Mon,1230,PF,CE1E,129A 410A ,,R,D,B ,F , , ,C,50,0,0,1,1572483,5196829
Waimakariri District,19/12/2014,Fri,1615,MG,CE14,350B 371B ,,R,D,B ,F , , ,R,80,0,0,0,1572699,5199952
Waimakariri District,14/11/2014,Fri,1930,CB,CN1,130A 514A ,FT,R,D,O ,F , , ,C,50,0,0,0,1571870,5195559
Waimakariri District,16/08/2014,Sat,1700,CC,CW1,130A 358A 510A ,P,R,D,BN,F , ,N,N,100,0,0,0,1548965,5202490
Waimakariri District,25/12/2014,Thu,100,DC,CW1,335A ,,R,D,DN,M ,X,G,C,100,0,0,2,1549865,5202496
Waimakariri District,20/04/2014,Sun,1400,HA,CW1C,302B 370B ,,R,D,O ,F ,X,G,C,100,0,0,1,1523690,5205205
Waimakariri District,15/11/2014,Sat,1444,MO,CW1,110A 138A ,TX,R,D,B ,F , , ,N,100,0,0,1,1571936,5193646
Waimakariri District,18/02/2014,Tue,1730,AA,4S1C,381A 402A ,,R,D,B ,F ,T,G,L,100,0,0,2,1577851,5213910
Waimakariri District,22/08/2014,Fri,715,GD,VS14,181A 331A ,,R,D,B ,F ,T,G,C,100,0,0,2,1577851,5213910
Waimakariri District,08/08/2014,Fri,1630,CB,CN1,410A ,P,R,D,BF,F , ,N,C,100,0,1,0,1577842,5213892
Waimakariri District,10/12/2014,Wed,704,CB,MS1,112A ,,R,W,ON,L , ,N,L,100,0,0,1,1577440,5212942
Waimakariri District,22/11/2014,Sat,915,EA,CS1C,129A 350A 501A 903 ,Q,R,D,B ,FS, , ,C,100,0,0,2,1576423,5210490
Waimakariri District,24/06/2014,Tue,950,GD,VN14,333A 929 ,,E,D,O ,F ,D, ,C,100,0,0,0,1576135,5209525
Waimakariri District,24/08/2014,Sun,30,BF,CE2C,103A 133A 402A 430A ,,E,D,DN,F ,T,S,C,100,0,0,0,1574769,5208471
Waimakariri District,10/11/2014,Mon,525,DB,TS1,131A 410A ,,M,D,TN,F , , ,C,100,0,1,0,1574763,5208442
Waimakariri District,09/11/2014,Sun,2030,FA,4N1C,330A 331A 359A 817 ,,R,D,TO,F , , ,C,100,0,0,0,1574749,5208373
Waimakariri District,19/04/2014,Sat,1130,FD,4N1V4C,331A 352A ,,R,D,BF,F , ,N,C,100,0,0,0,1574675,5207991
Waimakariri District,30/09/2014,Tue,1530,GD,4S1CC,181A 333A 350A 922 ,,R,D,B ,F ,D,N,L,80,1,0,1,1574393,5206391
Waimakariri District,29/04/2014,Tue,1314,DB,CN1,131A 501A 904 ,FV,E,W,O ,M , , ,C,100,0,0,1,1574336,5205779
Waimakariri District,04/01/2014,Sat,840,CB,4S1,134A 410A ,T,R,D,BF,F , ,N,C,100,0,0,0,1574227,5205455
Waimakariri District,21/01/2014,Tue,1501,GD,VS1C,181A 331A ,,R,D,O ,F ,T,G,C,50,0,0,0,1573153,5204043
Waimakariri District,19/04/2014,Sat,1300,JA,CN1C,302B 386B ,,R,D,B ,F ,T,G,C,50,0,0,1,1573033,5203814
Waimakariri District,21/06/2014,Sat,1230,JA,4N1C,302B 375B ,,R,D,BF,F ,T,G,C,50,0,0,0,1572897,5203550
Waimakariri District,10/02/2014,Mon,1920,JA,TN1C,302B 375B ,,E,D,BF,F ,T,G,R,50,0,0,0,1572897,5203550
Waimakariri District,15/03/2014,Sat,2230,CB,4N1,103A 129A ,P,R,W,DO,F , ,N,C,50,0,0,0,1572886,5203507
Waimakariri District,02/06/2014,Mon,1225,MB,CN1C,330B 372B 402B ,,R,D,B ,F , , , ,100,0,0,0,1572935,5202513
Waimakariri District,13/11/2014,Thu,1725,FD,VN1V,181A ,,R,D,B ,F , , ,P,100,0,0,0,1572943,5202363
Waimakariri District,26/06/2014,Thu,553,AE,4N1V,330A 370A 151B 929 ,,R,D,DO,F ,D, ,C,100,0,0,0,1572976,5201744
Waimakariri District,18/11/2014,Tue,1505,GD,CN1C,197A 331A ,,E,D,B ,F ,T,G,C,100,0,0,0,1572992,5201445
Waimakariri District,13/06/2014,Fri,1955,AB,VS1C,153A 156A ,,R,W,DN,M , ,N,C,100,0,0,0,1572979,5201381
Waimakariri District,06/05/2014,Tue,1731,BA,CN14,129A 410A ,,R,D,BN,F , ,N,C,100,0,0,0,1572972,5201347
Waimakariri District,20/01/2014,Mon,,GD,VS1V,331A 352A 404A ,,R,D,BF,F ,T,G,C,100,0,0,0,1572788,5200402
Waimakariri District,01/09/2014,Mon,1400,GD,CS14,331A ,,R,D,BF,F ,T,G,R,100,0,1,1,1572788,5200402
Waimakariri District,19/09/2014,Fri,1432,GD,4S1VCC,331A 902 ,,R,D,B ,F ,T,G,P,100,0,2,4,1572788,5200402
Waimakariri District,16/06/2014,Mon,2136,CB,CS1,357A 512A ,FP,R,D,DO,F , ,N,C,100,0,0,1,1572764,5200304
Waimakariri District,07/04/2014,Mon,1140,BC,VS14,122A 410A ,,E,D,B ,F ,T,S,P,100,0,0,2,1572671,5199961
Waimakariri District,19/02/2014,Wed,1306,JA,CS1C,301B 375B ,,E,D,OF,F ,T,S,R,100,0,0,2,1572671,5199961
Waimakariri District,18/11/2014,Tue,520,FA,CN1C,111A 331A 336A ,,E,D,DO,F , , ,C,100,0,0,0,1572647,5199917
Waimakariri District,01/04/2014,Tue,640,FD,TS144,181A ,,R,D,DO,F , ,N,R,100,0,0,0,1571288,5197240
Waimakariri District,26/06/2014,Thu,750,AC,TS1C,372A 671A ,,R,D,BF,F , ,N,C,100,0,0,0,1571233,5197071
Waimakariri District,14/09/2014,Sun,845,CA,CN1,130A 524A ,G,R,D,B ,F , , ,R,100,0,1,1,1570879,5196086
Waimakariri District,01/09/2014,Mon,1315,QG,VN1,681A ,,E,D,B ,F , , ,C,100,0,0,0,1570867,5196037
Waimakariri District,04/03/2014,Tue,1706,EC,4N1,821,X,E,W,OF,HS, ,N,C,100,0,0,0,1570826,5195741
Waimakariri District,03/12/2014,Wed,1030,CB,CS1,130A 353A ,CTX,R,D,B ,F , , ,C,100,0,0,0,1570828,5195641
Waimakariri District,29/03/2014,Sat,45,FA,CS1T,103A 112A 330A ,,R,D,DN,F , , ,C,100,0,1,0,1571076,5194451
Waimakariri District,11/03/2014,Tue,700,FD,TS1V,181A ,,R,W,OF,L , ,N,C,100,0,0,0,1571087,5194402
Waimakariri District,16/02/2014,Sun,1815,LB,CN1C,303B 404B ,,R,D,O ,F ,T,G,L,80,0,0,0,1571287,5193486
Waimakariri District,12/06/2014,Thu,638,FD,CS1C4C,181A 181C ,,R,W,DO,L , ,N,C,100,0,0,0,1571332,5193382
Waimakariri District,24/05/2014,Sat,917,LB,CN14,303B 322B ,,R,D,B ,F ,T,T,C,80,0,1,0,1571380,5197550
Waimakariri District,10/06/2014,Tue,1340,HA,CW14,302A 375A ,,R,W, F,H ,T,G,R,80,0,0,0,1571380,5197550
Waimakariri District,22/10/2014,Wed,412,CA,CN1,112A 132A ,GP,R,D,DO,F ,M,T,R,70,0,0,0,1571338,5197575
Waimakariri District,28/09/2014,Sun,3,BE,MN1C,104A 130A 801 ,,R,W,DN,L , , ,C,100,0,1,0,1570403,5198739
Waimakariri District,01/08/2014,Fri,1530,CC,CN1,129A 410A ,V,R,D,B ,F , ,N,C,100,0,0,0,1569739,5199690
Waimakariri District,08/12/2014,Mon,1330,GD,TS14C,181A ,,R,D,ON,F ,X,G,C,100,0,2,0,1568906,5200909
Waimakariri District,10/07/2014,Thu,1823,JA,VN1C,302B 387B ,,R,D,DO,F ,X,G,C,100,0,0,1,1568906,5200909
Waimakariri District,03/08/2014,Sun,1344,BF,CN1C,131A 806 ,,M,W,O ,L , , ,L,100,0,0,0,1568262,5201843
Waimakariri District,26/12/2014,Fri,105,DB,CE1,101A 111A 131A 517A ,GP,M,D,DO,F , ,T,C,100,0,1,0,1567883,5202363
Waimakariri District,03/08/2014,Sun,1458,DB,CN1,111A 131A 402A ,GX,M,W,O ,L , , ,C,80,0,0,0,1567841,5202375
Waimate District,11/01/2014,Sat,,CC,CE1,112A 138A ,F,R,D,DN,F , ,N,N,100,0,0,0,1447690,5053726
Waimate District,26/10/2014,Sun,1220,EC,ME1,912,W,R,D,ON,L , ,N,N,100,0,2,0,1443840,5049490
Waimate District,26/12/2014,Fri,30,EC,VW1,912,W,R,D,DN,F , ,N,C,100,0,0,0,1432250,5088631
Waimate District,01/03/2014,Sat,1420,GE,MN1C,157A 144B 929 ,,E,D,B ,F ,D,N,N,100,0,0,1,1450428,5033623
Waimate District,29/03/2014,Sat,900,DA,CW1,111A 131A ,F,E,D,ON,F ,T,N,C,100,0,0,0,1444843,5026355
Waimate District,01/02/2014,Sat,,CB,4S1,112A 129A ,,R,D,B ,F , ,N,N,50,0,0,0,1446030,5045912
Waimate District,11/08/2014,Mon,1200,EO,TW1,686A ,X,R,D,BF,F , ,N,C,50,0,0,0,1445786,5044614
Waimate District,17/10/2014,Fri,1355,MC,SE1C,150A 372B ,,R,D,B ,F ,T,N,C,50,0,0,1,1444604,5045610
Waimate District,02/03/2014,Sun,1806,DB,4N1,131A 406A ,,M,D,O ,F , ,N,N,100,0,0,0,1449328,5064394
Waimate District,26/12/2014,Fri,1445,EC,CW1,844,X,R,D,B ,F , , ,C,100,0,0,0,1436194,5029584
Waimate District,11/03/2014,Tue,850,JA,CW1C,302B 377B 839 ,,R,W,O ,F ,X,G,C,50,0,0,0,1444949,5045056
Waimate District,14/02/2014,Fri,200,EA,CW1C,103A 112A ,M,R,W,DO,L , ,N,C,50,0,0,0,1444535,5045111
Waimate District,13/02/2014,Thu,2200,MO,CE1,103A 371A 386A ,F,R,W,DO,L ,T,N,C,50,0,0,0,1444768,5044528
Waimate District,03/08/2014,Sun,30,DA,CE1,111A 131A ,,S,W,DN,L , , ,N,100,0,0,0,1442621,5081778
Waimate District,23/08/2014,Sat,1350,DA,ME1,131A 352A ,,M,D,BN,F , ,N,C,100,0,0,0,1456654,5071256
Waimate District,02/04/2014,Wed,1100,CB,CS1,410A ,E,R,D,B ,F , , ,N,100,0,1,0,1426080,5048485
Waimate District,21/03/2014,Fri,2017,CC,CE1,112A 402A ,CF,R,D,DN,F , ,N,N,70,0,0,0,1443514,5044302
Waimate District,15/01/2014,Wed,2357,DA,CE2,111A 131A ,F,E,D,DO,F ,T,G,C,50,0,0,0,1444513,5044612
Waimate District,31/12/2014,Wed,1820,CC,CW1,102A 112A 402A ,P,R,D,B ,F , ,N,N,100,0,0,0,1442032,5027043
Waimate District,21/01/2014,Tue,1550,DB,CS2,111A 131A 407A 632A ,S,E,D,O ,F ,T,G,C,100,0,0,0,1443061,5027011
Waimate District,18/04/2014,Fri,400,EC,CE1,341A ,Z,R,W,DN,H , ,N,N,70,0,0,1,1445061,5043686
Waimate District,06/11/2014,Thu,1232,CB,CN1,109A 130A 412A ,F,R,D,B ,F , , ,C,100,0,0,0,1456926,5070893
Waimate District,12/03/2014,Wed,1453,QG,CS1,665A 688A ,,R,D,B ,F , ,N,C,90,0,0,0,1456970,5070155
Waimate District,04/03/2014,Tue,1204,CB,CS1,129A 358A ,V,R,D,O ,F , ,N,C,100,0,0,0,1456708,5068680
Waimate District,02/09/2014,Tue,815,DA,CS1,131A 501A ,B,E,D,B ,F , , ,C,100,0,0,1,1456679,5068618
Waimate District,18/12/2014,Thu,1235,DA,VN1,129A 131A ,SV,M,D,B ,F ,T,G,C,70,0,0,0,1455841,5067268
Waimate District,12/06/2014,Thu,2158,EC,4N1,912,W,R,D,DN,F , ,N,C,100,0,0,1,1455276,5065807
Waimate District,17/08/2014,Sun,1243,GD,CS1C,331A 351A ,,R,D,B ,F ,T,G,C,100,0,0,0,1455221,5065723
Waimate District,09/06/2014,Mon,2150,DA,CN1C,137A 120B 801 ,G,E,W,DN,L ,T,G,C,100,0,0,0,1455221,5065723
Waimate District,17/03/2014,Mon,905,CB,TN1,129A 330A ,V,R,D,BN,F , ,N,C,100,0,0,0,1454853,5064797
Waimate District,06/04/2014,Sun,45,CC,4N1,410A ,FV,R,W,DN,F , ,N,C,100,0,0,0,1452893,5058896
Waimate District,29/09/2014,Mon,1910,CC,CN1V,410A ,,R,D,TN,F , , ,C,100,0,0,0,1452784,5058084
Waimate District,17/09/2014,Wed,1512,FD,4N1C,181A ,,R,D,BN,F , ,N,C,100,0,0,0,1452676,5057291
Waimate District,11/05/2014,Sun,300,CB,CN1,410A ,V,R,D,DN,F , , ,C,100,0,0,0,1452596,5056696
Waimate District,13/12/2014,Sat,1810,CC,CS1,129A 410A ,F,R,D,ON,F , ,N,C,100,0,0,0,1452192,5053706
Waimate District,22/03/2014,Sat,227,DA,CS1,110A 131A ,P,M,D,DN,F , ,N,C,100,0,0,0,1451848,5048847
Waimate District,15/08/2014,Fri,2257,DB,CN1,111A 131A 402A ,EF,M,D,DN,F , , ,C,100,0,0,0,1451917,5047862
Waimate District,03/01/2014,Fri,1045,DB,CN1,131A 613A 927 ,X,R,D,BN,F ,D,N,C,100,0,0,0,1451675,5046940
Waimate District,21/04/2014,Mon,1655,CC,4S1,130A 410A ,C,R,D,BN,F , ,N,C,100,0,0,0,1450712,5043741
Waimate District,28/04/2014,Mon,1525,FF,CS14,110A 331A 901 ,,R,W,ON,H , ,N,C,100,0,0,0,1449226,5037210
Waimate District,01/07/2014,Tue,1130,QG,TN1C,682A 198B ,D,R,D,B ,F , , ,C,100,0,0,0,1448092,5032828
Waimate District,10/02/2014,Mon,616,AC,CN1,130A 153A 159A ,FP,R,D,TN,F , , ,C,100,0,1,0,1448300,5031791
Waimate District,12/12/2014,Fri,1343,CC,BS1,410A ,F,R,D,O ,F , , ,C,100,0,0,0,1449941,5025641
Waimate District,07/01/2014,Tue,1140,FB,CE1C,331A 353A ,,R,D,ON,F ,T,G,C,100,0,0,0,1451804,5048704
Waimate District,23/12/2014,Tue,1150,FA,CS1C,181A ,,R,D,B ,F , , ,L,100,0,0,0,1449957,5047383
Waimate District,15/08/2014,Fri,2045,DA,CS1,131A 412A ,C,E,D,DN,F , , ,C,100,0,0,0,1449386,5046899
Waimate District,12/04/2014,Sat,200,DA,VE1,103A 111A 131A 692A ,FP,M,D,DN,F , , ,C,100,0,1,0,1448529,5046563
Waimate District,04/11/2014,Tue,1725,CC,CN1,112A ,F,R,I,ON,S , ,N,C,100,0,0,0,1448149,5046329
Waimate District,02/08/2014,Sat,1225,CC,CE1,130A 687A ,FS,R,D,BF,F , ,N,C,70,0,0,0,1446594,5045618
Waimate District,04/02/2014,Tue,1245,MD,CE1C,371B 929 ,,R,D,B ,F ,D,N,C,50,0,0,0,1445522,5044985
Waimate District,08/07/2014,Tue,1220,MO,VS1C,371B 377B ,,R,D,O ,F , , ,C,50,0,0,0,1445374,5044803
Waimate District,01/04/2014,Tue,900,FB,CE1V,181A ,,R,D,BF,F ,M,S,C,50,0,0,0,1445020,5044386
Waimate District,18/07/2014,Fri,750,DA,VN1,135A 802 ,V,M,I,BN,FF, ,N,C,100,0,0,0,1442400,5040954
Waimate District,24/03/2014,Mon,842,DA,40,129A 134A ,,E,D,B ,F , ,N,C,100,0,0,0,1436434,5038302
Waimate District,18/07/2014,Fri,1600,DA,VE1,135A 802 ,,M,I,TF,F ,X,G,C,100,0,0,1,1435254,5037939
Waimate District,20/02/2014,Thu,1544,CB,VE1,129A 351A ,F,R,D,BN,F ,T,N,C,100,0,4,2,1430448,5029519
Waimate District,05/02/2014,Wed,1616,DA,4N1,131A 412A ,BG,E,D,B ,F , , ,C,100,0,0,1,1413151,5034778
Waipa District,07/03/2014,Fri,1419,MG,VN1T4,613B ,,R,D,BF,F , ,N,C,50,0,0,0,1817663,5803744
Waipa District,08/04/2014,Tue,1746,FB,CE1C,181A ,,R,D,TF,F ,T,N,C,50,0,0,0,1803927,5790618
Waipa District,12/04/2014,Sat,2344,JA,VW1C,321B 375B ,,E,D,DO,F ,T,S,C,50,0,0,0,1803376,5790847
Waipa District,18/06/2014,Wed,900,EA,CE1C,129A ,M,R,W,O ,L , , ,R,50,0,0,0,1804008,5790584
Waipa District,05/06/2014,Thu,1310,KA,CE1C,301B ,,R,D,O ,F ,X,S,C,50,0,0,0,1803159,5790953
Waipa District,08/01/2014,Wed,2156,DB,CW1,103A 111A 131A 514A ,F,R,D,DO,F ,T,S,C,50,0,0,1,1802478,5791285
Waipa District,08/08/2014,Fri,1810,HA,CW1C,302A 375A ,,R,D,DO,F ,R,G,R,50,0,0,0,1803766,5790685
Waipa District,24/05/2014,Sat,2350,DB,CN2,103A 131A 901 ,F,R,W,DO,H ,R,G,R,50,0,0,0,1804174,5790502
Waipa District,27/03/2014,Thu,1900,FB,4N1C,181A 357A ,,R,D,TO,F ,T,S,N,50,0,0,0,1802883,5791088
Waipa District,21/06/2014,Sat,1115,MG,CW1C,371B ,M,R,D,BF,F ,R,G,C,50,0,0,0,1817065,5803149