TLANAME,CRASHDATE,CRASHDOW,CRASHTIME,MVMT,VEHICLES,CAUSES,OBJECTSSTRUCK,ROADCURVE,ROADWET,LIGHT,WTHRa,JUNCTYPE,TRAFCTRL,ROADMARK,SPDLIM,CRASHFATALCNT,CRASHSEVCNT,CRASHMINCNT,EASTING,NORTHING
Waipa District,30/06/2014,Mon,1600,DA,CS1,135A 901 ,CV,M,W,ON,H , ,N,C,100,0,0,0,1809333,5785893
Waipa District,28/05/2014,Wed,1654,BF,CS1C,111A 131A 402A 632A ,,M,D,B ,F , , ,C,100,0,0,0,1810250,5785686
Waipa District,09/03/2014,Sun,800,DB,TW1,129A 131A 407A ,C,M,D,B ,F , , ,C,100,0,0,0,1807875,5786450
Waipa District,28/07/2014,Mon,549,EC,CE1,912,W,R,D,DN,F , , ,N,100,0,1,1,1824345,5783953
Waipa District,18/08/2014,Mon,2024,GE,CE1C,355B 371B 929 ,,R,D,DN,F ,D, ,C,100,0,0,0,1811644,5783867
Waipa District,27/11/2014,Thu,1500,NB,CW1E,711B 714B ,,R,D,O ,F ,R,G,R,50,0,0,1,1804194,5790517
Waipa District,19/10/2014,Sun,37,DA,CE2C,103A 111A 131A 801 ,M,M,W,DO,L ,R,G,R,50,0,0,0,1804181,5790517
Waipa District,12/06/2014,Thu,1030,MB,VW1C,372B ,C,R,D,OF,L , ,N,C,50,0,0,1,1804299,5790600
Waipa District,10/10/2014,Fri,951,EA,TN1VC,129A 331A 352A ,M,R,D,B ,F , , ,C,50,0,0,0,1804346,5790638
Waipa District,04/05/2014,Sun,408,DA,CN1,103A 111A 131A 402A 904 ,CFP,E,D,DO,M ,T,N,C,50,0,0,2,1823149,5800126
Waipa District,25/01/2014,Sat,100,DB,4S1,111A 131A ,V,M,D,DN,F , , ,C,100,0,0,0,1820543,5808033
Waipa District,04/02/2014,Tue,2243,QD,CE1,350A 428A 929 ,H,R,D,DO,F ,D, ,N,50,0,0,0,1805528,5787164
Waipa District,11/08/2014,Mon,1117,GF,TN14,179A 386A ,,R,W,O ,F ,T,S,C,50,0,0,0,1804046,5790568
Waipa District,24/06/2014,Tue,1618,JA,CS1C,302B 378B ,,R,D,O ,F ,T,G,C,50,0,0,0,1803744,5790107
Waipa District,24/12/2014,Wed,1810,MO,CW1,133A ,T,S,D,BF,F , ,N,N,50,0,0,1,1817142,5800708
Waipa District,22/08/2014,Fri,1520,LB,CN1C,303B 350B ,,R,D,B ,F ,X,G,C,50,0,0,0,1817384,5804359
Waipa District,25/07/2014,Fri,1300,HA,CN14,321B ,,R,D,B ,F ,X,S,C,50,0,0,0,1817376,5804582
Waipa District,20/03/2014,Thu,1418,QA,TE1E,350A 386A ,,R,D,B ,F , , ,C,50,0,1,0,1817221,5801371
Waipa District,11/09/2014,Thu,1655,JA,CN1C,301B 330B 400B ,,R,D,O ,F ,X,S,R,100,0,0,0,1814611,5808536
Waipa District,23/06/2014,Mon,1248,HA,CW2P,301A 375A ,,R,D,BF,F ,X,S,C,50,0,0,1,1816719,5803134
Waipa District,20/12/2014,Sat,1319,HA,CE2C,301A ,,R,D,O ,F ,X,S,R,50,0,0,0,1816711,5803326
Waipa District,23/06/2014,Mon,1720,DA,CW1,111A 131A 404A ,FV,M,D,TN,F , , ,C,100,0,0,0,1828854,5801136
Waipa District,30/12/2014,Tue,1850,FA,CS1C,181A ,,R,D,TF,F ,X,G,C,50,0,0,0,1817240,5801364
Waipa District,06/10/2014,Mon,1128,HA,CE2C,302B ,,R,W,O ,L ,X,G,C,50,0,0,0,1817240,5801364
Waipa District,20/07/2014,Sun,945,MO,CS1C,130B 427B 660B ,,R,D,O ,F , , ,C,50,0,0,0,1817405,5801756
Waipa District,22/03/2014,Sat,1558,AO,CW1M,150A 381A 150B 381B ,,R,D,B ,F , ,N,C,70,0,0,1,1805935,5790862
Waipa District,04/11/2014,Tue,1620,PC,CE1,371A 378A 370B 835 929 ,,R,D,B ,F ,D, ,C,50,0,0,1,1805536,5790887
Waipa District,26/05/2014,Mon,1811,JA,CW14C,302B 353B 370B ,,R,D,DO,F ,T,G,P,100,0,0,0,1807052,5789866
Waipa District,28/06/2014,Sat,2200,DA,CS1,101A 137A 350A ,CF,E,D,DN,F , ,N,C,100,0,0,0,1815288,5800840
Waipa District,06/06/2014,Fri,2105,DA,CW1,411A ,PSV,E,D,DO,F , ,N,C,100,0,0,0,1807852,5790101
Waipa District,13/08/2014,Wed,1334,FA,CE1T,181A 330A ,,R,D,B ,F ,T,N,C,70,0,0,0,1815953,5802445
Waipa District,08/11/2014,Sat,1720,BC,MS1C,111A 121A ,,M,D,B ,F , ,N,C,100,1,0,1,1813479,5798438
Waipa District,28/02/2014,Fri,1610,DA,CN1,103A 131A 359A ,FS,M,D,BN,F , ,N,C,100,0,0,0,1813519,5798226
Waipa District,24/12/2014,Wed,1950,DB,CS1,131A 402A ,FT,E,D,B ,F , , ,C,100,0,0,0,1814205,5800171
Waipa District,23/12/2014,Tue,742,BE,CW14,130A 330A 412A ,F,R,D,B ,F , , ,L,100,0,1,1,1806076,5790853
Waipa District,27/03/2014,Thu,2037,DA,CW1,131A 433A ,FS,M,D,DN,F ,T,G,L,100,0,0,0,1807333,5789818
Waipa District,21/12/2014,Sun,1832,CC,CS1,130A 402A ,V,R,D,B ,F , , ,C,100,0,0,0,1812269,5793601
Waipa District,17/09/2014,Wed,1808,MC,CS1V,197A 330B 371B 671B ,,E,D,TN,F , , ,C,100,0,0,0,1810614,5792166
Waipa District,13/02/2014,Thu,1300,GE,CS1T,151A 160A 333A ,F,R,D,O ,F ,T,G,C,100,0,0,0,1810889,5792446
Waipa District,16/04/2014,Wed,1540,JA,CE1C,302B ,,R,D,O ,F ,T,G,C,50,0,0,0,1804647,5790812
Waipa District,16/07/2014,Wed,1243,JA,CE1V,302B 375B ,,R,D,BF,F ,T,G,C,50,0,0,0,1804647,5790812
Waipa District,17/04/2014,Thu,1605,DA,CE1,103A 111A 131A ,F,M,W,O ,F , , ,C,100,0,0,0,1806463,5790796
Waipa District,14/08/2014,Thu,1514,DC,CS2C,103A 130A 321A 402A ,,R,D,B ,F ,T,S,C,100,0,0,0,1806268,5790841
Waipa District,20/10/2014,Mon,1925,HA,CN1M,302B 330B 402B ,,R,D,TF,F ,X,G,C,50,0,1,0,1817803,5801533
Waipa District,08/11/2014,Sat,18,CB,CS1,101A 129A ,,R,D,DO,F , ,N,C,50,0,0,0,1818045,5800945
Waipa District,13/12/2014,Sat,815,HA,CE1C,301B ,,R,D,B ,F ,X,S,R,50,0,0,1,1818076,5801019
Waipa District,27/08/2014,Wed,1801,CA,CN1C,112A 130A 402A ,KM,R,D,TF,F , , ,N,50,0,0,0,1818253,5802159
Waipa District,27/11/2014,Thu,42,DC,CN2,103A 112A 386A 844 ,HTX,R,D,DO,F ,T,N,N,50,0,0,0,1816688,5803825
Waipa District,11/07/2014,Fri,2130,AD,CW1,135A 804 817 ,F,R,D,DN,F , ,N,C,100,0,0,0,1799511,5811433
Waipa District,08/03/2014,Sat,557,CB,CW1,103A 410A ,V,R,D,DN,M , ,N,C,100,0,0,0,1796544,5810461
Waipa District,11/11/2014,Tue,750,HA,SW1C,204A 927 ,,R, , F,  ,D,N,C,50,0,0,0,1817839,5802310
Waipa District,03/08/2014,Sun,1516,MO,CS14,197A 402A 308B 370B 929 ,,R,W,O ,F ,D,N,N,100,0,0,0,1807262,5791956
Waipa District,08/11/2014,Sat,2110,DA,CE1,111A 131A 191A ,GT,S,D,B ,F , , ,C,100,0,0,1,1814553,5793322
Waipa District,12/06/2014,Thu,2200,BA,MS1C,110A 327A 514A ,,R,D,DN,F , ,N,N,50,0,0,1,1817817,5802920
Waipa District,08/03/2014,Sat,1045,EA,TE1C,129A ,M,R,D,BF,F , ,N,C,50,0,0,0,1817434,5802977
Waipa District,18/07/2014,Fri,2250,EA,CE1CC,108A 129A ,M,R,D,DO,F ,T,S,C,50,0,0,0,1817329,5802972
Waipa District,27/06/2014,Fri,1435,GD,CE1C,333A 801 ,,R,W,O ,L ,T,G,R,50,0,0,1,1817550,5802985
Waipa District,12/01/2014,Sun,1830,NB,CE1E,101A 306A 376A ,,R,D,B ,F ,R,G,C,50,0,0,1,1817204,5802967
Waipa District,21/04/2014,Mon,1615,MA,CE1C,373B 801 ,,R,W,O ,L , , ,C,50,0,0,0,1817264,5802969
Waipa District,25/03/2014,Tue,1050,HA,CW1C,136A 302A 613A ,,E,D,OF,F ,R,G,R,50,0,0,0,1817194,5802967
Waipa District,12/11/2014,Wed,841,CB,CE1C,514A ,,R,D,OF,L ,T,G,L,80,0,0,1,1793762,5803985
Waipa District,03/08/2014,Sun,1800,CC,CS1,112A 130A ,V,R,W,DN,F , , ,C,100,0,0,0,1806480,5789258
Waipa District,22/03/2014,Sat,655,DA,CE1,111A 131A ,V,M,D,TN,F , , ,C,100,0,0,0,1799653,5800750
Waipa District,15/07/2014,Tue,756,MG,CE1T,371B 671B ,,R,D,BF,F ,T,G,R,50,0,0,0,1817379,5802706
Waipa District,07/09/2014,Sun,700,DA,CE1,801,V,E,W,O ,L , , ,C,80,0,0,0,1823984,5804881
Waipa District,21/04/2014,Mon,1724,CB,VE1,103A ,C,R,D,O ,F , , , ,100,0,0,1,1821340,5803920
Waipa District,14/09/2014,Sun,920,DA,CW1,111A 131A 402A ,F,E,D,B ,F , ,N,N,50,0,0,0,1801265,5790038
Waipa District,12/12/2014,Fri,1941,DA,CW1,131A 410A ,FPS,M,D,B ,F , , ,C,100,0,0,1,1798585,5790284
Waipa District,19/12/2014,Fri,2007,DA,CS1,129A ,C,E,D,TN,F , ,N,C,100,0,0,1,1795087,5791698
Waipa District,20/05/2014,Tue,1756,DA,CN1,131A 402A 804 ,X,M,W,DN,L , , ,C,100,0,0,0,1794588,5807524
Waipa District,15/05/2014,Thu,2032,MC,CN1C,330B 381B ,,R,D,DO,F , , ,C,50,0,0,0,1817054,5801969
Waipa District,17/07/2014,Thu,1712,DA,CN1,134A ,F,S,D,TN,F , ,N,C,100,0,0,0,1790365,5797028
Waipa District,19/05/2014,Mon,1345,HA,CS1C,302B 335B 352B 817 853 ,,R,D,B ,F ,X,G,N,50,0,0,0,1816467,5803816
Waipa District,09/05/2014,Fri,852,HA,CN1C,302A 335A 817 853 ,,R,W,O ,F ,X,G,N,50,0,0,0,1816446,5804320
Waipa District,05/07/2014,Sat,1522,DB,MS2,131A ,F,E,D,BF,F ,T,G,C,100,0,1,0,1795648,5800215
Waipa District,20/02/2014,Thu,815,DA,CE144,111A 131A ,M,M,D,BF,F , ,N,C,70,0,0,0,1815775,5806866
Waipa District,14/11/2014,Fri,245,DA,CE1,111A ,P,M,W,DO,F , ,N,C,50,0,0,0,1815765,5806866
Waipa District,24/03/2014,Mon,1241,HA,TW1C,321B ,T,R,D,BN,F ,X,S,C,80,1,0,0,1814567,5806898
Waipa District,06/11/2014,Thu,1754,MA,CS1C,373B ,,R,D,BF,F , ,N,C,50,0,0,0,1804627,5790195
Waipa District,07/05/2014,Wed,900,HA,CE2C,302A 370A ,,R,D,B ,F ,X,G,C,50,0,0,0,1804623,5790214
Waipa District,07/04/2014,Mon,1030,FA,VS14,181A ,,S,D,B ,F ,T,G,C,50,0,0,0,1803706,5790592
Waipa District,03/04/2014,Thu,1130,DB,CE1,111A 131A 801 ,F,M,W,O ,L , , ,C,100,0,0,0,1809571,5803950
Waipa District,02/11/2014,Sun,636,DB,40,104A ,P,M,D,ON,F , ,N,C,100,0,0,0,1809479,5803987
Waipa District,14/06/2014,Sat,100,DA,CW1,131A 330A ,F,M,D,DN,F , ,N,C,100,0,0,0,1808445,5804163
Waipa District,03/04/2014,Thu,950,DA,CW1,111A 131A 400A ,FTX,E,W,ON,F , ,N,C,100,0,0,0,1813422,5801952
Waipa District,04/06/2014,Wed,1015,CB,CW1,129A 350A ,P,R,D,BN,F , ,N,C,100,0,0,0,1806920,5803712
Waipa District,03/04/2014,Thu,2330,MO,CE1,103A 130A ,V,R,W,DO,M ,T,G,C,100,0,0,0,1810997,5803700
Waipa District,14/12/2014,Sun,2028,DA,CS1,129A 134A ,F,M,W,TN,L , ,N,C,100,0,0,0,1825521,5800421
Waipa District,20/10/2014,Mon,1735,HA,CW1C,302B 330B 351B ,,R,D,B ,F ,X,G,C,50,0,0,0,1817384,5804359
Waipa District,07/03/2014,Fri,1611,KA,CS14,302B ,,E,D,B ,F ,R,G,R,50,0,0,0,1817065,5803149
Waipa District,28/05/2014,Wed,1550,JA,CN1C,308B 363B 377B 839 902 927 ,,E,D,B ,F ,D,G,C,50,0,0,0,1817053,5803371
Waipa District,10/02/2014,Mon,540,CB,CW1,191A 197A ,F,R,D,DN,F , , ,C,100,0,0,1,1816107,5800949
Waipa District,06/08/2014,Wed,2030,CB,40,129A 430A ,FT,R,W,DN,F , ,N,C,100,0,0,0,1818118,5800510
Waipa District,01/03/2014,Sat,2330,HA,VW1C,113B 321B ,,R,D,DO,F ,X,S,P,50,0,0,2,1817146,5800506
Waipa District,16/04/2014,Wed,240,DB,CW1,111A 131A 514A 517A 801 ,EFZ,E,W,DN,L , , ,N,100,0,1,1,1785491,5800257
Waipa District,23/08/2014,Sat,,DA,CE1,131A ,EF,E,D,DN,F , , ,N,100,0,1,0,1787140,5800974
Waipa District,25/02/2014,Tue,958,DA,CE1,111A 135A 806 ,C,M,D,B ,F , , ,C,100,0,0,0,1787460,5801009
Waipa District,01/09/2014,Mon,2020,DA,CE1,111A 131A ,F,S,W,DN,L , , ,N,100,0,0,0,1792377,5807564
Waipa District,28/06/2014,Sat,1630,CC,VS1,129A 358A ,,R,D,O ,F , ,N,C,100,0,0,0,1824036,5794120
Waipa District,11/04/2014,Fri,726,DA,CS1,111A 131A ,C,E,W,ON,L , ,N,C,100,0,0,0,1824189,5810024
Waipa District,19/10/2014,Sun,1830,DB,MN1,135A 804 ,V,E,D,B ,F , , ,C,100,0,0,1,1822987,5808364
Waipa District,09/12/2014,Tue,807,CB,OS1,130A 197A ,FX,R,D,O ,F , , ,C,100,0,0,0,1823269,5798548
Waipa District,11/03/2014,Tue,1355,JA,SE1V,308B 375B 929 ,,R,D,BN,F ,D,G,C,100,0,0,1,1818764,5800524
Waipa District,11/07/2014,Fri,715,DA,CW1,111A 131A 800 ,P,M,W,TF,F ,T,G,C,100,0,0,1,1818764,5800524
Waipa District,30/07/2014,Wed,555,EC,CW1,912,W,M,W,DN,F , ,N,C,100,0,0,1,1826722,5794250
Waipa District,14/07/2014,Mon,846,DA,CE1,111A 131A ,C,M,W,ON,M , ,N,C,100,0,0,0,1827286,5794784
Waipa District,01/05/2014,Thu,1116,DA,CW1,111A 131A 197A 402A ,FT,E,D,B ,F , , ,C,100,0,1,0,1826559,5794229
Waipa District,10/07/2014,Thu,1240,CB,CN1,501A ,V,R,D,BF,F , ,N,C,70,0,0,0,1793640,5792466
Waipa District,08/02/2014,Sat,1008,DA,CS1,111A 131A 402A 800 ,EF,E,W,O ,  , , ,C,100,0,0,2,1795958,5799549
Waipa District,21/05/2014,Wed,1301,DA,CS1,131A 402A 801 ,F,M,W,O ,L , , ,C,100,0,0,0,1796353,5798804
Waipa District,21/03/2014,Fri,942,DA,CN1,101A 111A 131A ,C,E,D,B ,F , , ,C,100,0,1,0,1796625,5798446
Waipa District,06/03/2014,Thu,1001,HA,CN2V,302B ,,R,D,B ,F ,X,G,C,50,0,0,0,1817171,5801189
Waipa District,01/03/2014,Sat,1259,DB,SE1,131A 814 815 ,,S,D,B ,F , , ,P,100,0,1,0,1805866,5806051
Waipa District,27/12/2014,Sat,230,CB,CN1C,103A 129A ,M,R,D,DO,F , ,N,C,50,0,0,0,1802343,5791227
Waipa District,12/06/2014,Thu,1700,CC,CS1,103A 112A ,F,R,W,DN,L , ,N,N,100,0,0,0,1814077,5786424
Waipa District,05/10/2014,Sun,1458,MA,CE1C,373B 671B ,,R,D,B ,F , , ,C,50,0,0,0,1805046,5790373
Waipa District,29/11/2014,Sat,1430,DA,CS1,131A 412A ,FP,E,D,B ,F , , ,C,100,0,0,0,1814195,5789266
Waipa District,20/09/2014,Sat,1757,CB,CN1,130A 358A 402A ,CF,R,W,TN,L , , ,C,100,0,0,0,1800922,5794503
Waipa District,28/02/2014,Fri,1358,QG,VS1C,687A ,,E,D,B ,F , , ,C,100,0,1,0,1802148,5792384
Waipa District,28/07/2014,Mon,600,DB,CN1,111A 131A 402A ,F,E,W,DN,L , ,N,C,100,0,0,0,1802122,5792438
Waipa District,20/12/2014,Sat,125,DB,VN1,103A 111A 131A ,FP,M,D,DN,F , ,N,C,100,0,0,1,1798380,5797121
Waipa District,30/08/2014,Sat,1505,BC,VS1T,120A 350A ,,R,D,O ,F ,T,G,C,50,0,0,0,1816395,5802147
Waipa District,02/09/2014,Tue,1335,CC,CW1,130A 402A 633A ,,R,D,B ,F , , ,C,100,0,0,0,1798717,5793651
Waipa District,09/04/2014,Wed,715,DA,CE1,103A 131A 402A 904 ,T,E,W,O ,M , , ,C,100,0,0,0,1796648,5794141
Waipa District,27/09/2014,Sat,2355,EC,VN1,912,W,R,W,DN,H , ,N,C,100,0,0,0,1795028,5793676
Waipa District,27/09/2014,Sat,2335,EC,CN1,912,W,R,W,DN,H , ,N,C,100,0,0,0,1795028,5793676
Waipa District,19/03/2014,Wed,3,CC,VS1,102A 129A ,C,R,D,DO,F , ,N,C,100,0,0,1,1795729,5784604
Waipa District,28/11/2014,Fri,1710,BF,CW14,111A 131A 407A ,P,E,W,O ,F , , ,C,100,0,1,1,1802109,5788494
Waipa District,11/08/2014,Mon,2040,DB,4S1,103A 131A ,E,E,W,DN,L , , ,C,100,0,0,0,1803169,5789091
Waipa District,16/03/2014,Sun,1434,DA,CN1,131A ,,M,D,ON,F , ,N,C,100,0,0,0,1801503,5788455
Waipa District,12/10/2014,Sun,2007,QD,4W1C,428A ,M,R,D,DO,F , ,N,C,50,0,0,0,1816925,5802351
Waipa District,24/08/2014,Sun,450,EA,VS1V,103A 129A 330A ,M,R,D,DO,F , , ,C,50,0,0,0,1803302,5789199
Waipa District,23/05/2014,Fri,1125,EA,TW1V,129A ,M,R, , F,F , ,N,C,80,0,0,0,1815409,5805243
Waipa District,11/07/2014,Fri,13,DA,CS1,101A 131A 904 ,FP,E,W,DN,M , , ,N,100,0,0,1,1819205,5799811
Waipa District,13/05/2014,Tue,1811,JA,MW1C,302B 375B 504B ,,R,D,DO,F ,T,G,C,50,0,1,0,1803698,5790610
Waipa District,09/07/2014,Wed,50,EA,CW1C,129A ,M,E,D,DO,F , ,N,N,50,0,0,0,1801977,5790345
Waipa District,10/06/2014,Tue,1622,HA,CW24C,302A 375A 670B 901 ,,R,W,DO,H ,X,G,C,50,0,1,2,1817830,5804600
Waipa District,23/10/2014,Thu,1651,HA,CS2C,302B 375B ,,R,D,B ,F ,X,G,C,50,0,0,0,1803963,5790349
Waipa District,14/04/2014,Mon,2244,CB,CS1,103A 129A ,FT,R,D,DF,F , ,N,C,70,0,0,1,1817848,5800401
Waipa District,09/07/2014,Wed,1358,HA,CN1C,301B 375B ,,R,W,OF,L ,X,S,R,80,0,0,1,1817869,5800498
Waipa District,04/12/2014,Thu,1856,DA,MN1,111A 131A ,F,M,D,BN,F , ,N,C,100,0,1,0,1817092,5796380
Waipa District,30/04/2014,Wed,1909,DB,CW1,111A 131A ,,S,D,DN,F , , ,C,100,0,0,0,1800440,5799273
Waipa District,27/06/2014,Fri,520,EC,4W1,912,W,R,W,DN,L , ,N,N,100,0,0,0,1799740,5799011
Waipa District,21/06/2014,Sat,1130,JA,CS1C,303B 377B 839 ,,M,D,O ,F ,T,N,N,50,0,0,0,1817494,5800759
Waipa District,05/12/2014,Fri,944,FB,CN2C,387A ,,R,D,OF,F ,T,S,C,50,0,0,0,,
Waipa District,15/12/2014,Mon,1816,JA,VS1C,302B ,,R,D,TF,F ,T,G,C,50,0,0,0,1818031,5802805
Waipa District,02/05/2014,Fri,1515,FD,CN14T,181A ,,R,D,BF,F ,R,G,R,50,0,0,0,1817857,5802271
Waipa District,04/07/2014,Fri,1506,JA,4N1C,302B 330B ,,M,D,B ,F ,T,G,C,50,0,0,0,1818014,5802570
Waipa District,27/11/2014,Thu,1403,MO,CN1C,371A 385A ,M,R,D,BF,F , ,N,P,50,0,0,0,1817648,5801753
Waipa District,18/08/2014,Mon,1850,KB,CN1C,302B 375B 402B ,,R,D,DO,F ,X,G,C,50,0,0,0,1817662,5801791
Waipa District,15/03/2014,Sat,815,DA,CS1,111A 131A ,FP,S,D,OF,F ,T,G,C,50,0,0,2,1816960,5801863
Waipa District,03/05/2014,Sat,1748,JA,CS1C,197A 402A 308B 370B 924 ,,R,D,TO,F ,D, ,C,50,0,1,0,1804182,5790468
Waipa District,17/10/2014,Fri,1548,HA,CW2C,191A 302B 330B 801 ,,R,W,O ,L ,X,G,C,50,0,0,0,1817031,5801447
Waipa District,02/08/2014,Sat,147,DB,CS1,111A 131A 514A 929 ,F,R,D,DO,F ,D,N,C,50,0,0,0,1817099,5801616
Waipa District,14/02/2014,Fri,1705,DA,VW1,131A 613A ,FT,M,D,B ,F , , ,C,100,0,0,0,1828204,5800839
Waipa District,21/11/2014,Fri,732,DA,CN1,111A 129A ,C,M,D,O ,F , ,N,C,100,0,0,1,1828234,5800833
Waipa District,06/11/2014,Thu,2152,DA,CE1,101A 131A ,V,E,D,DN,F , ,N,C,100,0,1,0,1832579,5800184
Waipa District,27/11/2014,Thu,824,HA,CN2CC,301B 375B ,,R,D,BF,F ,X,S,R,50,0,0,0,1817376,5804582
Waipa District,20/04/2014,Sun,1100,HA,4S2C,302B 335B 901 ,,R,W,O ,H ,X,G,C,50,0,0,0,1817830,5804600
Waipa District,17/10/2014,Fri,1640,DB,CS1,111A 131A 402A 817 ,C,M,D,O ,F , , ,N,100,0,0,0,1802583,5785684
Waipa District,10/02/2014,Mon,1033,DB,TE1,129A 131A ,,M,D,B ,F , , ,C,100,0,1,0,1823146,5812270
Waipa District,14/09/2014,Sun,,DA,CE1,131A ,F,M, , N,  , ,N,C,100,0,0,0,1790979,5799138
Waipa District,09/03/2014,Sun,1535,GE,ME1O,144B 929 ,,R,D,BN,F ,D,N,C,100,0,0,2,1789675,5799202
Waipa District,30/12/2014,Tue,1142,CB,MS1,129A ,,R,D,BN,F , ,N,C,100,0,1,0,1788093,5805130
Waipa District,11/03/2014,Tue,720,EA,4E1C,129A 358A ,M,R,D,O ,F , , ,C,50,0,0,0,1805041,5791120
Waipa District,17/11/2014,Mon,1825,LB,CE1CC,303B 375B ,,E,W,O ,F ,T,N,C,50,0,0,0,1803297,5790254
Waipa District,11/12/2014,Thu,1308,LB,CW14,303B 375B ,,E,D,BF,F ,T,G,C,50,0,0,0,1819169,5804072
Waipa District,25/11/2014,Tue,530,CC,CS1,410A ,FV,R,D,O ,F , , ,C,80,0,0,1,1796610,5812622
Waipa District,02/10/2014,Thu,734,HA,CN1V,302B 330B ,,R,D,B ,F ,X,G,R,50,0,0,0,1803963,5790349
Waipa District,02/04/2014,Wed,2110,HA,CW14,302B 375B ,,R,D,DO,F ,X,G,R,50,0,0,1,1803963,5790349
Waipa District,25/10/2014,Sat,1744,HA,CW2S,102A 302A 363A 350B 902 ,,E,D,B ,F ,R,G,C,50,0,0,1,1817047,5803149
Waipa District,30/01/2014,Thu,1502,FA,CN1C,181A ,,R,D,BF,F , ,N,N,50,0,0,0,1817538,5802509
Waipa District,12/08/2014,Tue,1215,NA,CN1E,711B ,,R,D,O ,F ,R,G,C,50,0,0,0,1817192,5802955
Waipa District,15/07/2014,Tue,951,DA,TS1,337A 686A ,B,R,D,BF,F ,R,G,C,50,0,0,0,1817562,5802409
Waipa District,11/12/2014,Thu,418,DB,CN1,103A 131A 801 ,F,E,W,DO,L , , ,P,50,0,0,0,1817530,5802554
Waipa District,08/08/2014,Fri,2213,CA,TS1,200A 330A 337A ,GS,R,D,DO,F , ,N,R,30,0,0,0,1817533,5802534
Waipa District,15/08/2014,Fri,1836,NB,CS1,713B ,,R,D,DO,F ,T,G,R,50,0,0,0,1817525,5802584
Waipa District,20/08/2014,Wed,1733,JA,VN1C,302B 375B ,,R,D,TO,F ,T,G,C,50,0,0,0,1817355,5802711
Waipa District,29/09/2014,Mon,2100,FA,CS1C,181A 331A 817 ,,R,D,DN,F ,X,G,C,100,0,0,1,1816633,5804548
Waipa District,02/06/2014,Mon,2325,DA,CN1,110A 138A 402A ,T,S,D,DN,F , , ,N,100,0,0,3,1786293,5807127
Waipa District,07/01/2014,Tue,2310,DB,TS1,131A 801 809 ,ET,M,W,DN,L , , ,C,100,0,1,0,1824782,5775686
Waipa District,13/11/2014,Thu,1502,HA,CS1C,302B ,,R,D,OF,L ,X,G,C,50,0,0,0,1806697,5787618
Waipa District,17/06/2014,Tue,1440,HA,4E2C,302B 330B 350B ,,R,D,O ,F ,X,G,C,50,0,0,0,1805947,5787227
Waipa District,31/03/2014,Mon,947,MC,LE1T,372B ,,R,D,BN,F , ,N,C,50,0,0,0,1806903,5786933
Waipa District,15/01/2014,Wed,1800,BA,CE1C,125A ,,R,D,BF,F , ,N,C,50,0,0,0,1806880,5786958
Waipa District,09/08/2014,Sat,5,DA,CN1,111A 132A ,F,M,D,DN,F , ,N,C,100,0,0,0,1786902,5802813
Waipa District,07/10/2014,Tue,1255,PO,4N1E,371A 730B ,,R,D,BF,F , ,N,N,20,0,0,1,1803739,5790565
Waipa District,24/10/2014,Fri,1555,PO,VN1E,363A 370A 720B 902 ,K,R,D,B ,F , , ,N,30,0,0,1,1804329,5790752
Waipa District,04/02/2014,Tue,1543,GE,VS1S,372B ,,R,D,O ,F ,T,G,C,100,0,1,0,1815941,5810121
Waipa District,02/06/2014,Mon,1551,FB,CS1C,181A ,,R,D,B ,F ,T,G,C,70,0,0,0,1815950,5806670
Waipa District,18/10/2014,Sat,2030,GF,CW2C,172A 330A 361A ,,E,W,DO,H ,T,G,C,50,0,0,0,1816866,5803661
Waipa District,04/08/2014,Mon,1800,NA,VN1E,306A 352A 376A 717B 901 ,,R,W,DO,H , , ,X,50,0,0,1,1816877,5803622
Waipa District,31/03/2014,Mon,1757,CC,CS1,130A 410A ,,R,D,B ,F , , ,N,100,0,0,0,1812204,5805194
Waipa District,01/09/2014,Mon,1216,AC,CN1C,112A 129A 357A 512A 800 801 ,,R,W,O ,L , , ,C,100,0,0,0,1813275,5804544
Waipa District,14/10/2014,Tue,1645,FD,CE14,181A ,,M,D,BF,F , ,N,C,80,0,0,0,1813976,5803749
Waipa District,27/05/2014,Tue,1543,JA,CW1C,302B 375B ,,E,D,B ,F ,T,G,L,100,0,0,2,1814019,5803725
Waipa District,17/02/2014,Mon,1722,BA,4E1V,129A 363A 902 ,,R,D,BF,F , ,N,C,100,0,0,3,1814559,5803749
Waipa District,12/07/2014,Sat,1318,QG,CE1,135A 901 903 ,FV,R,W,OF,HS, ,N,L,100,0,0,0,1815305,5803627
Waipa District,29/11/2014,Sat,1010,FD,4E1VC,181A ,,R,D,BF,F , ,N,C,70,0,0,0,1815983,5803570
Waipa District,03/10/2014,Fri,1206,FA,TE1CC,181A 191A 181B 195C 801 ,,R,W,O ,L ,X,S,L,50,0,0,0,1816023,5803567
Waipa District,22/11/2014,Sat,448,CC,CE1,103A 129A ,S,R,D,TF,F ,X,S,R,50,0,0,0,1816023,5803567