TLANAME,CRASHDATE,CRASHDOW,CRASHTIME,MVMT,VEHICLES,CAUSES,OBJECTSSTRUCK,ROADCURVE,ROADWET,LIGHT,WTHRa,JUNCTYPE,TRAFCTRL,ROADMARK,SPDLIM,CRASHFATALCNT,CRASHSEVCNT,CRASHMINCNT,EASTING,NORTHING
Waipa District,19/07/2014,Sat,17,CB,CW1,129A 357A ,T,R,W,DO,F , ,N,L,50,0,0,0,1816128,5803572
Waipa District,14/10/2014,Tue,1710,FA,CE1C,181A 331A ,,R,D,B ,F ,X,S,C,50,0,0,0,1816255,5803577
Waipa District,07/02/2014,Fri,1020,GD,CE1C,331A 350A ,,R,D,B ,F ,X,S,R,50,0,1,2,1816477,5803588
Waipa District,04/10/2014,Sat,1044,FC,CW1C,331A ,,R,W,O ,H , , ,X,50,0,0,3,1816497,5803589
Waipa District,14/10/2014,Tue,1640,FD,CE1C4,331A 353A ,,R,D,BF,F , ,N,C,50,0,0,0,1816497,5803589
Waipa District,23/09/2014,Tue,1511,FB,CN1C,181A ,,R,D,B ,F ,X,S,C,50,0,0,0,1816698,5803598
Waipa District,25/08/2014,Mon,1300,GD,CE1C,331A ,,R,D,B ,F ,X,S,C,50,0,0,0,1816698,5803598
Waipa District,21/02/2014,Fri,1630,MC,4W1C,372B ,,R,D,B ,F ,X,S,C,50,0,0,1,1816708,5803598
Waipa District,14/11/2014,Fri,2150,CB,VE1,130A 410A ,T,R,D,DO,F , ,N,C,50,0,0,0,1816718,5803598
Waipa District,13/01/2014,Mon,1650,GD,CW1C,331A 358A 929 ,,R,D, F,F ,D, ,C,50,0,0,0,1816832,5803601
Waipa District,23/04/2014,Wed,820,FC,TE1T,181A ,,R,D,B ,F ,T,N,X,50,0,0,0,1816867,5803602
Waipa District,31/05/2014,Sat,1015,FD,VE1C,331A ,,R,D,B ,F , , ,C,50,0,1,0,1816867,5803602
Waipa District,07/04/2014,Mon,900,FC,TE14,181A ,,R,D,BF,F ,T,N,X,50,0,0,1,1816872,5803603
Waipa District,03/07/2014,Thu,1343,JA,VN14C,302A ,Q,M,D,OF,F ,T,G,R,50,0,1,0,1816882,5803603
Waipa District,24/08/2014,Sun,1625,JA,4N1C,302A 361A ,,M,D,B ,F ,T,G,R,50,0,0,0,1816882,5803603
Waipa District,07/03/2014,Fri,1101,JA,CN2CB,302A ,,M,D,B ,F ,T,G,R,50,0,0,0,1816882,5803603
Waipa District,18/08/2014,Mon,1540,JA,CN1C,302A 335A ,,E,D,B ,F ,T,G,R,50,0,0,2,1816882,5803603
Waipa District,24/08/2014,Sun,1555,JC,CE2M,304B 330B ,,M,D,B ,F ,T,G,R,50,0,0,0,1816882,5803603
Waipa District,08/01/2014,Wed,1913,FA,CS1V,331A 387A 145B 192B ,,R,D,B ,F , , ,C,50,0,0,0,1816911,5803537
Waipa District,13/11/2014,Thu,2135,HA,CS2C,302A 375A ,,R,W,DO,L ,R,G,R,50,0,0,0,1816965,5803345
Waipa District,30/01/2014,Thu,1720,AC,CE1C,159A 357A 434A 357B 434B ,,R,D,O ,F , , ,R,50,0,0,0,1816997,5803338
Waipa District,13/09/2014,Sat,1155,FD,CW1V,331A 350A ,,R,D,OF,F , ,N,R,50,0,0,0,1817074,5803342
Waipa District,02/06/2014,Mon,1138,FD,CW1CC,181A ,,R,D,O ,F , , ,P,50,0,0,0,1817084,5803343
Waipa District,18/07/2014,Fri,1558,CB,CE1,136A 622A ,V,R,D,BN,F , ,N,L,100,0,0,1,1817129,5803344
Waipa District,14/08/2014,Thu,1016,DA,CE1CC,111A 131A ,M,M,W,O ,F ,T,G,C,50,0,0,0,1817175,5803346
Waipa District,18/07/2014,Fri,1400,FD,CW1C,331A 353A ,,R,D,BF,F , ,N,C,50,0,0,0,1817195,5803347
Waipa District,30/01/2014,Thu,1125,AC,TW1C,159A 370A ,,R,D,BF,F ,T,N,L,50,0,0,0,1817329,5803352
Waipa District,13/11/2014,Thu,1500,FD,CW1C,181A ,,R,D,BF,F , ,N,C,50,0,0,0,1817379,5803354
Waipa District,28/02/2014,Fri,1540,AA,CW1V,372A 402A 671A ,,R,D,B ,F , , ,L,50,0,0,0,1817478,5803359
Waipa District,03/12/2014,Wed,1215,MD,CN1C,308B 370B 927 ,,R,D,B ,F ,D, ,P,50,0,0,0,1817623,5803346
Waipa District,11/07/2014,Fri,1557,CB,CN1C4,130A 501A ,M,R,W,O ,F , , ,R,50,0,0,2,1817624,5803336
Waipa District,10/04/2014,Thu,1555,MB,TS1C,303B ,,R,W,O ,F , , ,R,50,0,0,0,1817626,5803286
Waipa District,25/07/2014,Fri,1910,MC,CN1C,372B ,,R,D,DN,F , ,N,C,80,0,0,0,1817630,5803207
Waipa District,20/06/2014,Fri,833,GF,TS1C,179A 158B 333B 381B ,,R,D,B ,F ,X,G,N,50,0,0,0,1817631,5803170
Waipa District,23/07/2014,Wed,1525,GF,TW24,381A 671A ,,M,D,BF,F ,X,G,C,50,0,0,0,1817631,5803170
Waipa District,02/01/2014,Thu,1056,LB,CS1C,303B ,,R,D,B ,F ,X,G,L,50,0,0,1,1817631,5803170
Waipa District,16/10/2014,Thu,1311,GD,CS1C,181A 331A 333A 927 ,,R,D,O ,F ,D, ,L,50,0,0,0,1817636,5803120
Waipa District,13/12/2014,Sat,1120,FB,CE1C,181A ,,E,D,BN,F ,T,G,P,50,0,0,0,1817664,5803000
Waipa District,13/12/2014,Sat,1058,JA,CW1C,302B ,,M,D,BF,F ,T,G,L,50,0,0,1,1817729,5802936
Waipa District,06/04/2014,Sun,718,EC,CE1,341A 363A 817 902 ,X,R,D,BF,F , , ,R,70,0,0,0,1817970,5802971
Waipa District,05/09/2014,Fri,1346,CC,4E1T,130A 350A 412A ,I,R,D,O ,F , , ,R,70,0,0,0,1817970,5802971
Waipa District,02/12/2014,Tue,300,DA,CW1,111A 131A 358A ,X,E,D,DO,F ,R,G,R,50,0,0,0,1818019,5802984
Waipa District,09/07/2014,Wed,1713,FA,CE1CC,112A 331A ,,R,W,DO,L ,R,G,R,50,0,0,0,1818034,5802986
Waipa District,21/09/2014,Sun,1404,DA,CE1,131A 350A ,P,E,D,O ,F , , ,C,70,0,0,0,1818216,5803017
Waipa District,24/04/2014,Thu,1210,FA,CW1V,110A 181A 331A 801 ,,E,W,O ,L , , ,C,70,0,0,0,1818216,5803017
Waipa District,12/05/2014,Mon,1713,FD,CW1CC,181A ,,E,D,TF,F , ,N,L,70,0,0,3,1818216,5803017
Waipa District,03/04/2014,Thu,1700,CA,TN1,135A 901 ,,R,W,BN,H , ,N,N,100,0,0,0,1818513,5802983
Waipa District,29/10/2014,Wed,1535,FD,CW1CC,112A 181A ,,R,D,B ,H , ,N,C,100,0,0,2,1819009,5802918
Waipa District,20/04/2014,Sun,1445,FD,400000000000000,181A ,,R,W,O ,H , ,N,C,100,0,0,0,1819009,5802918
Waipa District,24/02/2014,Mon,806,FA,CE1V,363A 331B 902 ,,R,D,B ,F , , ,L,100,0,0,0,1819208,5802893
Waipa District,14/02/2014,Fri,,FD,CW1V,331A ,,R,D,B ,F , , ,C,100,0,0,0,1819267,5802885
Waipa District,31/01/2014,Fri,1854,FD,VS1C,331A 358A ,,R,D,B ,F , , ,C,100,0,0,1,1821322,5802043
Waipa District,22/06/2014,Sun,1700,FD,CN1C,181A ,,E,D,B ,F , ,N,C,80,0,0,0,1821558,5801858
Waipa District,27/02/2014,Thu,1811,CA,CW1,410A ,P,R,D,BN,F , ,N,L,100,0,0,1,1821571,5801848
Waipa District,16/02/2014,Sun,158,CB,CN1,501A ,G,R,D,DN,F , , ,C,100,0,0,1,1821637,5801796
Waipa District,27/08/2014,Wed,30,CB,CE1,195A ,F,R,D,DN,F , , ,C,100,0,0,0,1822333,5801441
Waipa District,04/05/2014,Sun,1000,AC,VN1C,159A 372A ,,R,D,BN,  , ,N,C,100,0,0,0,1822389,5801405
Waipa District,29/11/2014,Sat,1135,MB,4W1C,330B 372B ,,R,D,B ,F , ,N,C,100,1,1,0,1822596,5801265
Waipa District,07/03/2014,Fri,1342,NA,VW1E,711B ,,R,D,B ,F , ,N,C,100,1,0,0,1822968,5801012
Waipa District,03/04/2014,Thu,641,JA,4W1C,302B 375B ,,R,D,DO,F ,T,G,P,100,0,0,0,1823219,5800847
Waipa District,29/05/2014,Thu,1756,MC,4W14,197A 330B 372B 801 ,F,E,W,DO,L ,T,G,C,100,0,0,2,1823219,5800847
Waipa District,29/12/2014,Mon,805,CA,CN1,140A ,F,R,D,O ,F , , ,C,100,0,0,1,1824300,5800495
Waipa District,04/06/2014,Wed,915,BF,VN1T,410A ,,R,D,O ,F , , ,C,100,0,0,1,1825404,5799489
Waipa District,19/05/2014,Mon,1345,AD,CE1,130A 404A ,V,R,D,B ,F , , ,C,100,0,0,0,1829051,5796754
Waipa District,25/01/2014,Sat,1335,QG,40,665A ,C,E,D,B ,F , , ,L,100,0,0,0,1830421,5796309
Waipa District,11/11/2014,Tue,1814,DB,4S1,103A 354A ,F,E,W,O ,F , ,N,C,100,0,0,0,1806503,5809124
Waipa District,27/04/2014,Sun,945,CB,CS1,130A 804 ,FT,R,D,B ,F , , ,C,100,0,0,2,1806515,5808801
Waipa District,13/06/2014,Fri,734,JA,CN1C,302B 314B ,,E,D,B ,F ,T,G,P,100,0,0,2,1806300,5808066
Waipa District,07/05/2014,Wed,939,JA,CN1C,302B 375B ,,R,D,OF,F ,T,G,C,100,0,0,0,1806300,5808066
Waipa District,24/03/2014,Mon,1455,CC,CW1,130A 358A ,V,R,D,BN,F , ,N,C,100,0,0,0,1805915,5807387
Waipa District,13/02/2014,Thu,2120,DB,CS1,131A ,V,S,W,DN,L , , ,C,100,0,0,0,1805863,5807283
Waipa District,18/10/2014,Sat,1841,DA,CN1,111A 131A ,P,E,W,TN,L , ,N,C,100,0,0,0,1802962,5808574
Waipa District,31/10/2014,Fri,1231,FA,CE1C,181A ,,E,D,B ,F , ,N,C,100,0,0,0,1803683,5807400
Waipa District,14/07/2014,Mon,1550,DB,CW1,131A 410A ,F,E,D,ON,F , ,N,C,100,0,0,0,1803723,5807401
Waipa District,09/08/2014,Sat,1822,NB,CN1E,713B ,,E,D,DN,F , , ,C,100,0,0,1,1804492,5806698
Waipa District,05/09/2014,Fri,805,CC,CN1,130A 358A 801 ,C,R,W,O ,L , , ,C,100,0,0,0,1804345,5805468
Waipa District,14/06/2014,Sat,1500,JA,CS1C,327A 330A 314B 817 ,,R,D,O ,F ,T,G,R,100,0,0,0,1804303,5805273
Waipa District,12/06/2014,Thu,655,EC,CN1,821 901 ,X,R,W,DN,H , ,N,C,100,0,0,0,1804237,5805084
Waipa District,02/05/2014,Fri,411,EC,VN1,912,W,R,D,DO,F , ,N,P,100,0,1,0,1803958,5804020
Waipa District,11/01/2014,Sat,1450,DB,CS1,103A 354A ,W,M,D,B ,F , ,N,C,100,0,0,0,1803563,5802760
Waipa District,15/05/2014,Thu,630,BE,CS1C,125A 410A ,,R,D,DN,F , ,N,C,80,0,0,1,1803642,5802110
Waipa District,19/08/2014,Tue,855,DA,CS1,131A 197A ,G,E,D,O ,F , , ,C,70,0,0,1,1803655,5801991
Waipa District,28/11/2014,Fri,1730,DA,CS1,410A ,P,E,D,B ,F , , ,C,100,0,0,0,1803586,5801777
Waipa District,21/12/2014,Sun,1452,EC,4S1,112A 129A ,P,R,D,OF,F , ,N,C,70,0,0,0,1802987,5800322
Waipa District,17/01/2014,Fri,1330,FC,VN1C,191A 331A ,,R,D,B ,F , , ,P,50,0,0,0,1803034,5799610
Waipa District,16/02/2014,Sun,125,DB,CS1,130A 501A ,F,E,D,DF,F , , ,C,100,0,1,1,1803050,5799553
Waipa District,22/02/2014,Sat,823,CB,CN1,129A 130A 354A ,F,R,D,B ,F , , ,C,100,0,0,1,1803185,5799343
Waipa District,01/11/2014,Sat,2129,EC,CN1,912,W,E,D,DN,F , ,N,C,100,0,0,0,1803400,5798754
Waipa District,02/06/2014,Mon,1930,DB,4N1,103A 131A 358A ,FT,E,D,DN,F , , ,C,100,0,0,0,1803322,5798181
Waipa District,19/05/2014,Mon,1751,BF,CN1CVT,131A 410A 104B ,,E,D,TN,F , , ,L,100,1,0,1,1803641,5796680
Waipa District,15/02/2014,Sat,1630,CB,CN1,130A 524A ,F,R,D,B ,F , , ,L,100,0,0,0,1803714,5796382
Waipa District,28/02/2014,Fri,1915,CB,CN1,137A 198A ,F,R,D,B ,F , ,N,C,100,0,0,1,1803664,5796047
Waipa District,26/01/2014,Sun,1405,CA,VN1,130A 358A ,,R,D,O ,F , , ,C,100,0,0,3,1803644,5795948
Waipa District,05/12/2014,Fri,2143,CB,CN1,130A 402A ,F,R,D,DN,F , , ,L,100,0,0,0,1803576,5795605
Waipa District,19/08/2014,Tue,1325,DB,CW1,501A ,F,E,D,O ,F , , ,C,70,0,0,1,1804028,5794919
Waipa District,03/03/2014,Mon,1035,AF,CN1T,104A 130A 104B 632B ,,E,D,O ,F , , ,C,100,0,1,2,1804344,5793547
Waipa District,17/04/2014,Thu,1405,DB,CS1,131A ,F,M,W,ON,H , ,N,C,100,0,0,0,1804317,5793451
Waipa District,25/04/2014,Fri,1750,DB,CS1,131A 402A ,FT,M,W,DN,L ,T,S,C,100,0,0,1,1804517,5792781
Waipa District,12/12/2014,Fri,58,DA,4S1,140A ,FP,E,D,DN,F , , ,L,100,0,0,0,1804526,5792728
Waipa District,06/10/2014,Mon,2224,CB,CS1,103A 130A ,C,R,W,DO,F , ,N,P,70,0,0,0,1804446,5792320
Waipa District,14/10/2014,Tue,430,FD,CS1C,181A 331A 352A 191B ,,R,D,DO,F , , ,C,70,0,0,0,1804331,5791677
Waipa District,06/11/2014,Thu,600,DB,CS1,103A 111A 131A ,FJ,M,D,DO,F , ,N,C,50,0,0,0,1804321,5791016
Waipa District,04/07/2014,Fri,1655,HA,CN2C,302A ,,R,D,BF,F ,R,G,R,50,0,0,0,1804545,5790782
Waipa District,21/03/2014,Fri,1606,KB,VS2C,302B ,,E,D,B ,F ,R,G,R,50,0,0,0,1804545,5790782
Waipa District,04/07/2014,Fri,1400,GC,CN1C,173A ,,R,D,BF,F ,R,G,R,50,0,0,0,1804545,5790782
Waipa District,02/10/2014,Thu,1156,LB,4S1V,303B 375B ,,M,D,BF,F ,T,G,R,50,0,0,0,1804425,5790283
Waipa District,09/09/2014,Tue,1052,HA,CS1C,302A 375A ,,E,D,B ,F ,R,G,R,50,0,0,0,1804175,5790208
Waipa District,27/03/2014,Thu,721,HA,VE1T,302A 375A ,,M,D,BF,F ,R,G,R,50,0,0,0,1804175,5790208
Waipa District,12/04/2014,Sat,40,JC,CW2V,302A 375A ,,R,D,DO,F ,T,G,C,50,0,0,0,1804142,5790135
Waipa District,26/04/2014,Sat,1000,KB,CS2C,321A 375A ,,R,W,OF,F ,T,S,R,50,0,0,0,1804049,5789965
Waipa District,29/04/2014,Tue,716,DA,CN1,131A 352A 407A 800 ,F,E,W,O ,F , , ,C,100,0,0,0,1804158,5789407
Waipa District,30/06/2014,Mon,1456,QG,VN1,131A 665A 682A 901 ,K,E,W,O ,H , , ,C,80,0,0,0,1805200,5788370
Waipa District,01/10/2014,Wed,2150,DA,CS1,410A ,X,E,D,DO,F , , ,C,50,0,0,0,1805765,5787692
Waipa District,02/05/2014,Fri,1305,CB,ON1,129A ,F,R,D,BF,F ,T,G,C,70,0,0,0,1805811,5786722
Waipa District,09/06/2014,Mon,534,CC,CS1,129A ,F,R,W,DN,L , ,N,C,100,0,0,0,1805658,5785311
Waipa District,14/05/2014,Wed,1744,JA,VS1CE,197A 370A 402B 422B 433B 721C 801 830+,,R,W,DO,L ,T,G,C,100,0,1,1,1805381,5784328
Waipa District,13/06/2014,Fri,1730,GC,CN1C,174B 929 ,,E,D,O ,F ,D,N,L,100,0,0,0,1805310,5782961
Waipa District,16/09/2014,Tue,2016,DB,CS1,111A 131A 351A 901 ,,E,W,DN,H , , ,C,100,0,0,1,1805324,5782893
Waipa District,04/10/2014,Sat,2210,DA,VS1,103A 131A ,F,E,W,DN,L , , ,C,100,0,0,0,1792454,5809018
Waipa District,05/08/2014,Tue,1432,BF,4S1C,129A 134A 404A ,,R,D,B ,F , ,N,C,100,0,0,2,1792958,5807897
Waipa District,30/12/2014,Tue,1328,GE,MN1C,155A 160A 173A ,,R,D,O ,F ,T,G,L,100,0,0,1,1792881,5807660
Waipa District,01/07/2014,Tue,824,BC,VE1C,111A 122A ,,E,W,O ,F ,T,G,C,100,0,0,0,1792881,5807660
Waipa District,09/03/2014,Sun,1200,FD,CN1C,181A ,,M,D,B ,F , , ,C,100,0,0,0,1792972,5806150
Waipa District,26/05/2014,Mon,1516,DB,VN1,131A 350A ,F,M,D,BF,F , ,N,C,70,0,0,0,1793939,5803636
Waipa District,13/02/2014,Thu,1722,DA,CN1,130A 197A 363A 902 ,F,E,D,B ,F , , ,C,100,0,0,0,1794031,5801663
Waipa District,27/08/2014,Wed,247,DB,CN1,104A 131A 359A ,G,M,D,DN,F , , ,C,100,0,0,1,1794459,5801422
Waipa District,28/09/2014,Sun,2048,DB,CS1,134A 358A ,V,E,W,DN,L , ,N,C,100,0,0,0,1794830,5800284
Waipa District,29/05/2014,Thu,1500,CC,TS1,131A ,V,R,W,O ,F , , ,C,100,0,0,0,1794231,5799863
Waipa District,28/07/2014,Mon,2145,JA,TN14,302B 370B 402B ,,E,D,DN,F ,T,G,C,100,0,1,0,1792521,5798768
Waipa District,23/03/2014,Sun,1051,CB,CS1,129A 358A ,FT,R,D,B ,F , , ,C,100,0,0,0,1792616,5796529
Waipa District,02/07/2014,Wed,1330,DA,CN1,129A 134A ,C,M,W,O ,F , ,N,C,100,0,0,0,1792584,5795365
Waipa District,12/07/2014,Sat,1654,CC,CS1,130A 412A 901 ,FT,R,W,DN,H , , ,C,70,0,0,0,1793212,5792596
Wairoa District,07/06/2014,Sat,1648,HA,CN2C,302B 375B ,,R,D,DO,F ,X,G,C,50,0,0,0,1982876,5669387
Wairoa District,13/02/2014,Thu,1715,PA,CE1E,129A 363A ,,R,D,B ,F , ,N,C,50,0,0,1,1982425,5670912
Wairoa District,12/04/2014,Sat,840,LB,CE1C,303B 382B 929 ,,R,D,B ,F ,D, ,N,50,0,0,0,1982117,5670937
Wairoa District,20/06/2014,Fri,1,DB,MW1,103A 131A 532A 813 ,X,E,D,DN,F , , ,N,100,0,1,0,1966118,5675272
Wairoa District,05/07/2014,Sat,2130,DB,CS1,103A 111A 131A ,F,E,D,DN,F , , ,N,100,0,1,0,1948815,5670533
Wairoa District,26/01/2014,Sun,2115,GB,VN1CC,103A 130A 158A 929 ,FHM,R,W,DO,L ,D,N,N,50,0,0,0,1982671,5668869
Wairoa District,02/05/2014,Fri,1755,HA,CN1S,105B 312B 602B ,,R,D,TO,F ,X,G,C,50,0,0,1,1982876,5669387
Wairoa District,02/11/2014,Sun,700,DA,CW1,103A 131A 410A ,CX,E,D,B ,F , , ,N,100,0,1,0,2022054,5663761
Wairoa District,23/12/2014,Tue,1005,BC,CN1C,129A ,,E,D,ON,F , ,N,N,80,0,0,0,2027610,5657059
Wairoa District,19/06/2014,Thu,758,DA,CN1,135A 400A 813 ,V,M,D,DN,F , ,N,N,100,0,0,0,2022448,5647487
Wairoa District,09/12/2014,Tue,1330,EA,BE1C,385A ,M,R,D,B ,F , ,N,C,50,0,0,0,1982999,5670170
Wairoa District,25/04/2014,Fri,950,MC,ME1C,351B 372B ,,R,D,B ,F , , ,C,50,0,0,1,1982690,5670223
Wairoa District,25/11/2014,Tue,1205,NA,CW1EEE,306A 376A ,,R,D,B ,F , ,N,X,50,0,0,3,1982569,5670246
Wairoa District,08/10/2014,Wed,2150,CB,CN1,504A ,P,R,D,DO,F , ,N,C,50,0,0,1,1983141,5668866
Wairoa District,27/02/2014,Thu,1230,BC,CN14,121A ,,S,D,B ,F , , ,N,100,0,0,0,1963473,5663465
Wairoa District,04/08/2014,Mon,1200,EC,TE1,386A ,X,E,W,O ,L ,T,N,N,70,0,0,0,2011038,5667580
Wairoa District,07/11/2014,Fri,1650,DB,4N1,129A 134A ,,M,D,B ,F , ,N,N,100,0,0,1,2017028,5664348
Wairoa District,17/07/2014,Thu,1945,DA,4N1,101A 131A ,,S,W,DO,H , ,N,N,70,0,0,1,2018127,5665715
Wairoa District,09/06/2014,Mon,1100,DB,VN1,111A 131A 402A ,,E,D,O ,F , , ,N,100,0,2,1,1967221,5680949
Wairoa District,01/05/2014,Thu,1010,MO,SW1V,204A 330A 378B 929 ,,R,D,B ,F ,D, ,N,50,0,1,0,1983316,5669993
Wairoa District,25/12/2014,Thu,1015,MO,ME1,110A 204A 929 ,F,R,D,B ,F ,D,N,C,50,0,1,0,1983430,5669976
Wairoa District,02/04/2014,Wed,1210,DB,TN1,111A 131A ,,S,D,B ,F , , ,C,100,0,0,0,1969599,5682936
Wairoa District,04/01/2014,Sat,1600,DB,CS1,138A ,C,M,D,ON,F , ,N,N,100,0,0,2,0,0
Wairoa District,29/04/2014,Tue,1605,BB,VS1T,123A 129A 205A ,,M,D,B ,F , , ,N,100,0,2,6,1961483,5666308
Wairoa District,19/10/2014,Sun,2000,CC,CN1,101A 125A ,,R,W,DN,F , ,N,C,100,0,0,0,1982887,5678217
Wairoa District,20/12/2014,Sat,1900,CB,TE1,101A 351A ,V,R,D,DN,F , ,N,C,70,0,0,1,1981141,5670419
Wairoa District,13/02/2014,Thu,1522,BB,4S14,129A ,,M,D,ON,F , ,N,N,100,0,0,2,1951562,5712435
Wairoa District,09/01/2014,Thu,715,CC,40,135A 138A 901 ,,R,W,O ,H , ,N,N,100,0,0,0,1981149,5667128
Wairoa District,13/08/2014,Wed,1630,DB,CW1,131A 402A ,V,M,D,B ,F , , ,N,100,0,0,0,1981115,5667126
Wairoa District,15/08/2014,Fri,2200,DA,VN1,131A 402A 412A 803 903 ,T,E,I,DN,SS, , ,N,100,0,1,0,2016549,5678499
Wairoa District,10/04/2014,Thu,910,DA,CS1,111A 131A 402A 634A 801 ,FT,M,W,O ,L , , ,C,100,0,0,2,2016272,5677935
Wairoa District,13/11/2014,Thu,930,DB,CN1,111A 131A ,T,E,W,OF,L , ,N,C,100,0,1,0,2014811,5676108
Wairoa District,31/12/2014,Wed,1800,DA,CS1,111A 131A ,F,E,D,BN,F , ,N,C,100,0,0,2,2014621,5675653
Wairoa District,20/06/2014,Fri,1520,QG,TS1C,665A ,,R,D,B ,F , ,N,C,100,0,0,1,2014854,5674613
Wairoa District,03/05/2014,Sat,1320,DA,CS1,134A 410A ,,E,D,B ,F , ,N,C,100,0,0,0,2014392,5673009
Wairoa District,01/01/2014,Wed,1045,FD,CS1CC,112A 181A 331A 112B 181B 331B ,,R,D,O ,F ,R,G,R,50,0,0,1,2010306,5667759
Wairoa District,26/06/2014,Thu,1100,BF,MS1C,111A 131A ,,M,D,O ,F , , ,C,100,0,0,1,2005405,5668006
Wairoa District,23/01/2014,Thu,851,BB,CW1T,129A ,,E,D,BF,F , ,N,C,100,0,2,0,1996337,5668964
Wairoa District,20/06/2014,Fri,1800,DA,VE1,129A 134A 350A ,F,E,D,DN,F , , ,C,100,0,0,1,1992852,5669820
Wairoa District,05/01/2014,Sun,1110,DB,CN1,131A ,,M,D,BN,FS, ,N,C,100,0,1,2,1992801,5669867
Wairoa District,03/08/2014,Sun,1225,DA,CN1,121A 131A 801 ,V,E,W,O ,L , , ,C,100,0,0,0,1990340,5670796
Wairoa District,23/03/2014,Sun,1354,DB,CE1,129A 134A 410A ,V,M, , N,  , ,N,C,80,0,0,0,1989644,5670958
Wairoa District,08/08/2014,Fri,2150,CB,TW1,137A ,,R,W,DN,L , ,N,C,100,0,0,1,1984717,5671562
Wairoa District,01/01/2014,Wed,600,AO,VE1C,150A 381A ,,S,D,BN,F , ,N,C,100,0,0,0,1984190,5671035
Wairoa District,28/09/2014,Sun,1430,DB,CS1,131A ,V,M,W,ON,L , ,N,C,100,0,0,0,1984191,5671003
Wairoa District,29/11/2014,Sat,1237,CA,MN1C,133A 204A 514A ,,R,D,B ,F ,T,G,C,50,0,0,1,1982600,5670904
Wairoa District,21/11/2014,Fri,1110,GD,CS1V,333A 352A 922 ,,R,D,B ,F ,D, ,C,50,0,0,2,1982583,5670684
Wairoa District,26/08/2014,Tue,530,BB,CN1C,110A 124A ,,R,W,DO,F ,T,S,C,50,0,0,0,1982577,5670624
Wairoa District,18/01/2014,Sat,141,DC,CE1,101A 112A ,ST,R,D,DO,F ,M,S,C,50,0,0,0,1982569,5670561
Wairoa District,16/10/2014,Thu,1120,LB,TE2C,303B ,,R,D,B ,F ,X,S,R,50,0,0,1,1982487,5670138
Wairoa District,28/08/2014,Thu,1430,GA,TW14,181A 333A 929 ,,R,D,BF,F ,D,N,C,50,0,0,0,1982323,5669901
Wairoa District,13/10/2014,Mon,1600,KA,CE1C,191A 308B 370B 927 ,,E,D,B ,F ,D,N,C,100,0,0,0,1979534,5669614
Wairoa District,21/12/2014,Sun,800,DA,CE1,131A 330A ,CV,E,W,O ,L , , ,C,100,0,0,0,1979534,5669614
Wairoa District,29/05/2014,Thu,1838,DA,CW1,111A 131A ,G,M,D,DN,F , ,N,C,100,0,0,0,1975576,5672615
Wairoa District,17/04/2014,Thu,2030,DA,CE1,131A 407A 901 ,B,M,W,DN,H , , ,C,100,0,0,1,1975410,5672661
Wairoa District,10/07/2014,Thu,510,DA,VE1,131A 410A ,B,M,W,DN,L , , ,L,100,0,2,0,1975393,5672658
Wairoa District,01/02/2014,Sat,1300,CC,CN1,410A ,X,R,W,ON,L , ,N,L,100,0,0,1,1973355,5670686
Wairoa District,02/11/2014,Sun,315,DB,CN1,415A ,,E,D,DN,F , ,N,C,100,0,0,2,1973075,5668894
Wairoa District,24/11/2014,Mon,700,DB,CS1,131A 363A 902 ,T,M,D,BN,F , ,N,C,100,0,0,1,1972476,5667451
Wairoa District,26/07/2014,Sat,1220,DA,CN1,111A 131A ,V,M,D,B ,F , , ,C,100,0,0,0,1972027,5667117
Wairoa District,30/07/2014,Wed,230,DA,CN1,131A 632A 801 843 ,V,S,W,DN,L , , ,C,100,0,0,0,1971933,5667163
Wairoa District,16/09/2014,Tue,1130,DA,CN1,130A 191A 197A ,V,S,D,B ,F , , ,C,100,0,0,0,1971920,5667154
Wairoa District,19/10/2014,Sun,1154,DB,CW1,135A 801 ,,S,W,ON,H , ,N,C,100,0,0,0,1971776,5666481
Wairoa District,31/01/2014,Fri,1813,DA,CS1,131A 404A 801 ,,M,W,O ,L , , ,C,100,0,0,0,1971776,5666481
Wairoa District,19/10/2014,Sun,2228,EC,VW1,912,W,R,W,DN,L , ,N,C,100,0,0,0,1970494,5665751
Wairoa District,26/07/2014,Sat,1530,DB,CN1,410A ,V,E,D,BN,F , ,N,C,100,0,1,0,1970024,5664391
Wairoa District,27/09/2014,Sat,1320,CC,CE1,130A 410A ,T,R,D,B ,F , ,N,C,100,0,0,1,1965773,5664999
Wairoa District,04/07/2014,Fri,1912,DA,CS1,111A 131A 402A 632A ,V,M,D,DN,F , ,N,L,100,0,0,0,1964554,5664559
Wairoa District,16/12/2014,Tue,1630,DA,CN1,131A 407A ,V,M,W,O ,L , , ,C,100,0,0,0,1963376,5664801