TLANAME,CRASHDATE,CRASHDOW,CRASHTIME,MVMT,VEHICLES,CAUSES,OBJECTSSTRUCK,ROADCURVE,ROADWET,LIGHT,WTHRa,JUNCTYPE,TRAFCTRL,ROADMARK,SPDLIM,CRASHFATALCNT,CRASHSEVCNT,CRASHMINCNT,EASTING,NORTHING
Wairoa District,07/04/2014,Mon,815,DA,VS1,110A 134A ,FT,S,W,O ,F , ,N,C,80,0,1,0,1959102,5666557
Wairoa District,07/09/2014,Sun,230,DB,CN1,110A 410A ,,M,W,DN,F , ,N,N,100,0,0,0,1958874,5666708
Wairoa District,18/01/2014,Sat,700,CC,VS1,123A 410A ,SV,R,D,O ,F , ,N,C,100,0,0,0,1952075,5668942
Wairoa District,07/09/2014,Sun,400,DB,VS1,101A 131A 412A 901 ,E,M,W,DN,H , , ,C,100,1,0,0,1970520,5682789
Wairoa District,22/05/2014,Thu,750,DA,BE1,129A 139A ,F,M,W,O ,F , ,N,C,100,0,0,2,1974299,5681511
Wairoa District,03/10/2014,Fri,1150,BB,VS1T,123A ,,M,W,O ,F , ,N,N,100,0,0,0,1980042,5678589
Wairoa District,11/04/2014,Fri,530,EC,CN1C,135A 363A 135B 801 830 912 ,WW,R,W,DN,F , ,N,C,100,0,0,0,1982349,5672519
Wairoa District,25/01/2014,Sat,2335,CC,CN1,101A 195A 610A ,P,R,D,DO,F , ,N,C,50,0,0,1,1982454,5670967
Wairoa District,10/01/2014,Fri,825,GB,VN1T,158B 927 ,,R,D,B ,F ,D,N,C,50,0,0,0,1982570,5670908
Waitaki District,05/07/2014,Sat,2115,CB,CN1,195A ,P,R,D,DN,F , ,N,N,100,0,0,0,1440665,5009577
Waitaki District,13/08/2014,Wed,1733,LB,VE1C,303B 375B ,,R,D,TF,F ,X,G,C,50,0,0,1,1439267,5003368
Waitaki District,19/01/2014,Sun,840,DB,CS1,131A 410A ,P,E,D,OF,F ,X,G,C,50,0,0,0,1438937,5003367
Waitaki District,08/07/2014,Tue,1609,JA,VS1C,302B 375B ,,E,D,BF,F ,T,G,R,50,0,0,0,1439165,5003602
Waitaki District,03/02/2014,Mon,1145,DA,MN1,134A 403A ,,M,D,B ,F , , ,C,100,0,1,0,1438291,4999825
Waitaki District,26/09/2014,Fri,2103,CC,CN1,116A 402A 817 ,C,R,D,DN,F , ,N,C,100,0,1,2,1439380,5001316
Waitaki District,01/10/2014,Wed,1445,QC,VE1,341A 350A ,N,R,D,BN,F , ,S,N,100,0,0,1,1427708,4984389
Waitaki District,21/08/2014,Thu,915,MC,4W1CC,372B ,M,R,D,BF,F , ,N,C,50,0,0,0,1439832,5004117
Waitaki District,08/11/2014,Sat,207,EA,CE1C,129A 410A ,M,R,D,DO,F , ,N,C,50,0,0,0,1439338,5004200
Waitaki District,18/02/2014,Tue,1700,HA,CS2C,302A 335A ,,R,D,O ,F ,X,G,C,50,0,0,4,1440837,5005816
Waitaki District,27/09/2014,Sat,1119,JA,SN1C,204A 382A ,,R,D,BF,F ,T,G,C,50,0,0,1,1440116,5004279
Waitaki District,20/12/2014,Sat,1730,DB,CW1,111A ,IS,E,D,B ,F ,T,G,R,80,0,0,0,1435102,5006168
Waitaki District,17/02/2014,Mon,1630,QD,CE1,611A ,T,R,D,B ,F , ,N,C,50,0,0,0,1440096,5004666
Waitaki District,06/09/2014,Sat,2300,EA,CW1C,103A 112A 129A ,M,R,D,DO,F , ,N,C,50,0,0,1,1439630,5004566
Waitaki District,16/05/2014,Fri,940,LB,CW1C,303B 363B 902 925 ,,R,D,B ,F ,D,N,C,50,0,0,0,1440221,5004372
Waitaki District,29/08/2014,Fri,1335,KB,CE1CC,301B 375B 507B ,,R,D,B ,F ,X,S,C,50,0,1,1,1440154,5004394
Waitaki District,22/09/2014,Mon,1420,MO,CW1C,386A 404A ,M,R,D,B ,F , , ,C,50,0,0,0,1440306,5004344
Waitaki District,14/06/2014,Sat,30,DA,ME1,111A 131A ,F,S,D,DO,F , ,N,C,50,0,0,1,1441200,5005856
Waitaki District,30/10/2014,Thu,1345,BB,CN1C,123A ,,M,D,ON,F , ,N,N,100,0,0,0,1418829,4953413
Waitaki District,02/01/2014,Thu,2153,CA,ME1,191A 402A 804 ,,R,D,DO,F , , ,N,50,0,0,1,1440938,5006311
Waitaki District,14/08/2014,Thu,2150,QG,VS1,136A 665A ,,R,D,DN,F , ,N,N,100,0,0,1,1422918,5007902
Waitaki District,26/12/2014,Fri,1600,DB,4N1,111A 131A ,F,M,D,BN,F , ,N,N,100,0,0,1,1406776,4968744
Waitaki District,04/02/2014,Tue,1600,CC,CS1,138A 402A ,C,R,D,B ,F , , , ,100,0,0,0,1442177,5018229
Waitaki District,21/02/2014,Fri,2230,DA,CW2,111A 131A ,V,R,D,DN,F ,X,G,C,100,0,0,1,1442156,5019028
Waitaki District,15/02/2014,Sat,1145,MD,VW1V,308B 377B 839 929 ,,R,D,O ,F ,D, ,C,50,0,0,0,1441194,5006378
Waitaki District,29/12/2014,Mon,1729,LB,CW1V,301A 387A ,,E,D,BN,F ,T,S,C,50,0,0,0,1430714,4974567
Waitaki District,27/04/2014,Sun,1857,EC,MN1,912,W,R,D,DO,F , ,N,C,70,0,0,0,1425648,4989340
Waitaki District,26/01/2014,Sun,1430,DB,CE1,111A 131A ,CV,M,W,O ,L , , ,C,80,0,0,0,1438476,5006806
Waitaki District,22/06/2014,Sun,130,EA,CN1C,129A 130A ,M,R,D,DO,F , , ,N,50,0,0,0,1439765,5003425
Waitaki District,11/03/2014,Tue,1450,JA,CN1V,308B 375B 927 ,,R,D,BF,F ,D,N,C,50,0,0,1,1440629,5004344
Waitaki District,14/08/2014,Thu,1335,LB,CN1C,303B 350B ,,R,D,BF,F ,T,S,C,50,0,0,0,1440588,5004253
Waitaki District,27/02/2014,Thu,1200,JA,CN1C,308B 375B 404B 926 ,P,R,D,B ,F ,D, ,C,50,0,0,1,1440346,5003779
Waitaki District,12/06/2014,Thu,1205,JA,CN1CC,308B 375B 927 ,,R,D,O ,F ,D,N,C,50,0,0,1,1440820,5004642
Waitaki District,09/11/2014,Sun,1156,MG,CE1C,357B 371B ,,R,D,BF,F , ,N,C,50,0,0,0,1440275,5003684
Waitaki District,06/06/2014,Fri,1640,LB,CE1C,303B 330B ,,R,W,O ,L ,X,S,C,50,0,0,0,1440186,5003700
Waitaki District,30/04/2014,Wed,848,DA,CE1,129A 131A ,,E,D,B ,F , , ,C,100,0,0,0,1358833,5085399
Waitaki District,14/04/2014,Mon,1540,CB,TW1,129A 130A ,FX,R,D,O ,F , , ,N,100,0,0,1,1443956,5022320
Waitaki District,04/01/2014,Sat,1700,DA,CW1,108A 131A 402A 433A ,C,M,D,B ,F , , ,N,100,0,0,0,1437969,5022464
Waitaki District,29/10/2014,Wed,1620,DB,CE1,111A 131A ,C,M,D,O ,F ,T,G,C,100,0,1,1,1427393,5022842
Waitaki District,09/07/2014,Wed,925,CC,CW1,135A 802 ,T,R,I,ON,FF,T,G,C,100,0,0,1,1426585,5022738
Waitaki District,02/08/2014,Sat,2025,DC,CN2,103A ,H,R,D,DO,L ,T,N,C,50,0,0,1,1441147,5005212
Waitaki District,12/04/2014,Sat,750,CB,40,403A 423A 801 ,S,R,W,OF,L ,X,T,C,50,0,0,0,1440680,5005238
Waitaki District,01/01/2014,Wed,1325,BB,MN14,123A ,,M,D,B ,H , , ,N,100,0,1,0,1420992,5017070
Waitaki District,22/07/2014,Tue,800,BE,CN14,132A ,,R,W,ON,FF, ,N,N,100,0,0,1,1426020,5014543
Waitaki District,11/07/2014,Fri,800,DB,VN1,135A 802 815 ,E,E,I,B ,FF, , ,C,100,0,0,0,1360691,5070748
Waitaki District,30/01/2014,Thu,1300,HA,CW1C,302B ,,R,D,O ,F ,X,G,C,50,0,0,0,1441230,5006493
Waitaki District,18/06/2014,Wed,,FD,CW1VC4,363A 370A 902 ,,R,D,BF,F ,X,G,C,50,0,0,0,1442020,5007401
Waitaki District,11/10/2014,Sat,1300,JA,4W1CC,308B 377B 839 927 ,FM,R,D,B ,F ,D, ,C,50,0,0,0,1439979,5004161
Waitaki District,10/08/2014,Sun,2035,HA,CE2C,301B 375B ,,R,D,DO,F ,X,S,C,50,0,0,0,1440154,5004394
Waitaki District,21/05/2014,Wed,1745,CC,CN1,103A 351A ,T,R,D,TO,F , , ,N,50,0,0,2,1440378,5005064
Waitaki District,30/07/2014,Wed,1511,GD,CN1C,331A 352A 402A ,,R,D,B ,F ,T,G,C,50,0,0,1,1440384,5005083
Waitaki District,23/12/2014,Tue,905,DB,CW1,103A 111A 131A 927 ,H,M,D,BN,F ,D,N,N,50,0,0,0,1440391,5004443
Waitaki District,23/06/2014,Mon,1100,DA,VE1,101A 131A ,EF,E,D,BN,F , ,N,C,100,0,0,0,1429979,5004900
Waitaki District,07/11/2014,Fri,1525,HA,TE14,302A 375A ,,R,D,BF,F ,X,G,C,100,0,1,0,1434708,4999587
Waitaki District,11/10/2014,Sat,2055,DC,4N1,103A 112A ,,R,W,DN,L ,T,N,N,50,0,0,0,1428928,4978370
Waitaki District,09/04/2014,Wed,2300,CB,CN1,101A 138A ,EF,R,D,DN,F , , ,N,100,0,0,0,1421869,4960352
Waitaki District,21/02/2014,Fri,1210,EC,4S1,912,W,R,D,B ,F , ,N,N,100,0,0,0,1420163,4964096
Waitaki District,19/02/2014,Wed,218,EA,CN1C,129A ,M,R,W,DO,L , , ,N,50,0,0,0,1439880,5002772
Waitaki District,19/01/2014,Sun,2000,EA,CE1C,129A ,M,R,D,DO,F , , ,C,50,0,0,0,1440283,5002702
Waitaki District,01/06/2014,Sun,140,EA,CN1CC,103A 112A ,M,R,D,DO,F , ,N,N,50,0,0,1,1441193,5006822
Waitaki District,16/11/2014,Sun,1735,EA,CS1CC,350A 501A ,M,E,D,BF,F ,T,G,C,50,0,0,0,1440185,5003696
Waitaki District,20/12/2014,Sat,1303,QD,CN1,611A ,F,R,D,BF,F , ,N,C,50,0,0,0,1440131,5003413
Waitaki District,25/02/2014,Tue,1511,MO,CN1C,371A ,M,R,D,B ,F ,T,G,C,50,0,0,0,1440223,5003830
Waitaki District,01/07/2014,Tue,1115,MO,CN1C,386A ,M,R,D,B ,F ,T,G,C,50,0,0,0,1440223,5003830
Waitaki District,18/06/2014,Wed,1509,FD,CN1C,331A 350A ,,R,D,BF,F , ,N,C,50,0,0,1,1440335,5004160
Waitaki District,31/05/2014,Sat,1154,MA,PS1C,373B ,,R,D,B ,F ,R,G,R,50,0,0,1,1440274,5003943
Waitaki District,07/11/2014,Fri,1100,AA,4N1C,372A ,,R,D,BF,F , ,N,P,50,0,0,2,1440266,5003956
Waitaki District,02/05/2014,Fri,1043,MA,CS1C,330B 373B ,,R,D,OF,F ,T,G,R,50,0,0,1,1440271,5003934
Waitaki District,03/10/2014,Fri,1330,MA,CN1C,373B ,,R,D,O ,F , , ,C,50,0,0,0,1440318,5004112
Waitaki District,31/07/2014,Thu,1850,CC,4S1,137A 197A ,JT,R,D,DO,F , ,N,C,50,0,0,0,1440302,5004027
Waitaki District,01/05/2014,Thu,1300,BD,MN14,111A 378A 111B 378B 818 ,,M,D,B ,F , , ,N,100,0,1,0,1417769,5002209
Waitaki District,19/02/2014,Wed,835,GD,CN1C,130A 614A ,,R,D,B ,F ,T,S,L,100,0,0,0,1436353,4998827
Waitaki District,07/12/2014,Sun,2210,CC,CN1,412A ,F,R,D,DN,F , , ,C,100,0,0,2,1436271,5001713
Waitaki District,25/02/2014,Tue,1415,CB,VN1,501A ,T,R,D,BN,F , ,N,C,100,0,1,1,1413194,5020665
Waitaki District,04/11/2014,Tue,2230,DA,CN2,131A 433A ,,E,D,DN,F ,T,N,C,100,0,0,0,1422533,5020258
Waitaki District,15/02/2014,Sat,1840,LB,CN2C,303B ,,R,D,TF,F ,T,G,C,50,0,0,0,1440772,5004572
Waitaki District,01/09/2014,Mon,1130,DB,4N1,681A ,,M,D,BN,F , ,N,N,100,0,0,1,1424820,5014020
Waitaki District,25/01/2014,Sat,2322,DA,CS1,103A 131A 506A ,F,M,D,DN,F , , ,C,100,0,0,1,1432599,4989098
Waitaki District,18/05/2014,Sun,2049,DA,4N1,111A 131A 402A ,,M,D,DN,F ,T,G,C,70,0,0,5,1434163,4994555
Waitaki District,17/10/2014,Fri,1620,HA,CW1C,301B 375B ,,R,D,B ,F ,X,S,C,50,0,0,0,1440139,5003462
Waitaki District,05/01/2014,Sun,1855,HA,CN2C,302A 354A ,,R,D,O ,F ,X,G,C,50,0,0,1,1440021,5003482
Waitaki District,01/01/2014,Wed,1330,HA,VW1C,302B 404B ,,R,W,O ,L ,X,G,C,50,0,0,0,1440021,5003482
Waitaki District,13/08/2014,Wed,2130,DB,CE1,103A ,,E,D,DO,F , ,N,N,50,0,0,0,1440639,5002921
Waitaki District,13/03/2014,Thu,835,AC,TN1C,372A ,,M,D,O ,F ,T,G,C,70,0,0,0,1437667,5004182
Waitaki District,04/06/2014,Wed,1900,DB,CW1,135A 800 802 ,EZ,M,I,DN,FF, , ,C,100,0,0,1,1424661,5018811
Waitaki District,03/02/2014,Mon,1942,DA,40,131A 332A ,,E,D,B ,F , , ,C,100,0,0,0,1425903,5017993
Waitaki District,31/10/2014,Fri,145,DB,CE1,131A 517A ,C,E,W,DN,L , , ,C,80,0,0,0,1435250,5006145
Waitaki District,26/08/2014,Tue,1530,CB,CE1,130A 352A 402A ,,R,D,B ,F , , ,C,100,0,0,1,1435083,5006175
Waitaki District,17/08/2014,Sun,500,DB,CN1,111A 131A 517A ,FT,E,D,DN,FF, ,N,C,100,0,0,0,1426212,5017219
Waitaki District,02/07/2014,Wed,1535,GA,CE1C,331A 333A ,,R,D,BN,F ,T,N,C,100,0,0,0,1428738,5013886
Waitaki District,16/05/2014,Fri,700,DA,TS1,110A 134A ,,S,I,DN,F , ,N,C,100,0,0,1,1430679,5008103
Waitaki District,02/11/2014,Sun,100,CB,4S1,104A 129A 410A ,,R,D,DN,F , ,N,N,100,0,0,1,1429150,4996952
Waitaki District,19/08/2014,Tue,2251,DA,CE1,111A 131A ,V,M,D,DN,M , ,N,C,100,0,0,0,1431982,5000307
Waitaki District,22/10/2014,Wed,1532,MO,CS1C4,133A 423A ,M,R,D,OF,F , ,N,N,20,0,1,0,1440390,5004041
Waitaki District,13/03/2014,Thu,1100,KA,4S1C,112B 302B 375B 404B ,,R,D,B ,F ,T,G,C,100,0,0,1,1449411,5021235
Waitaki District,12/07/2014,Sat,1842,KA,CS1V,302B ,,R,D,DN,F ,T,G,C,100,0,0,0,1449411,5021235
Waitaki District,16/01/2014,Thu,1124,GE,VS1O,160A 387A 600A ,,R,D,B ,F ,X,G,C,100,0,2,0,1445683,5013360
Waitaki District,06/11/2014,Thu,2128,EB,TN1C,102B 422B 929 ,PQ,E,D,DN,F ,D,N,C,100,0,0,0,1444588,5011416
Waitaki District,26/09/2014,Fri,1400,JA,CN1C,301B 375B ,,R,D,B ,F ,T,S,L,100,0,0,0,1444503,5011363
Waitaki District,05/12/2014,Fri,2107,CC,CN1,131A 524A ,F,R,D,ON,F , ,N,C,100,0,0,0,1444282,5011063
Waitaki District,17/02/2014,Mon,1652,FD,CS1CC,331A 352A 197C 801 817 ,,R,W,O ,L , , ,C,100,0,0,2,1442839,5008750
Waitaki District,16/03/2014,Sun,1607,DA,CE1,133A 901 ,F,R,W,O ,H ,X,G,C,50,0,0,0,1442008,5007410
Waitaki District,25/04/2014,Fri,2105,DB,4S2,103A 131A 412A ,F,R,D,DO,F ,T,G,C,50,0,0,1,1441804,5007077
Waitaki District,07/11/2014,Fri,633,FA,TN1C,181A 358A ,,R,D,BF,F , ,N,C,50,0,0,0,1441563,5006693
Waitaki District,17/07/2014,Thu,1516,EA,CS1V,129A 358A ,M,R,D,BF,F , ,N,C,50,0,0,0,1441526,5006632
Waitaki District,07/02/2014,Fri,1633,FD,CS1CC,181A 331A ,,E,D,B ,F , , ,C,50,0,0,0,1441452,5006507
Waitaki District,02/01/2014,Thu,725,CA,CS1,410A ,JPS,R,D,O ,F , , ,C,50,0,0,0,1441287,5006244
Waitaki District,09/01/2014,Thu,1630,FC,CN1C,181A 331A ,,R,D,B ,F , , ,X,50,0,0,1,1441241,5006170
Waitaki District,01/07/2014,Tue,1040,MO,4S14,363A 371A 902 ,,R,D,BN,F , ,N,C,50,0,0,0,1441234,5006159
Waitaki District,30/06/2014,Mon,1305,JA,CN1X,302B 353B 375B ,,R,D,BF,F ,T,G,C,50,0,0,0,1441220,5006136
Waitaki District,27/05/2014,Tue,1530,EE,SS1C,374B ,M,R,D,B ,FS, , ,P,50,0,0,1,1441183,5006077
Waitaki District,02/10/2014,Thu,310,CA,CS1C,103A 130A 205A ,M,R,D,DO,F , , ,C,50,0,0,1,1441183,5006077
Waitaki District,12/12/2014,Fri,1430,FD,CN1C,181A ,,R,D,BF,F ,T,N,P,50,0,0,0,1441090,5005926
Waitaki District,07/05/2014,Wed,1723,LB,CS1C,303A 372A 402A 370B 801 ,,R,W,DO,L ,T,G,C,50,0,0,1,1441042,5005849
Waitaki District,25/10/2014,Sat,1839,DA,CN1,103A 111A 131A 514A ,F,R,D,OF,F ,T,N,C,50,0,0,1,1440959,5005715
Waitaki District,11/05/2014,Sun,1920,MA,4N1C,373B ,,R,D,DO,F ,T,G,C,50,0,0,0,1440827,5005500
Waitaki District,26/08/2014,Tue,1244,MC,CN1C,372B 402B 514B ,,R,D,B ,F ,T,G,C,50,0,0,0,1440824,5005496
Waitaki District,07/05/2014,Wed,1610,FD,CN1C,181A 191B 801 ,,R,W,O ,L ,X,G,C,50,0,0,0,1440736,5005353
Waitaki District,21/08/2014,Thu,1529,LB,CN1C,303B ,,R,D,BF,F ,X,T,C,50,0,0,3,1440689,5005235
Waitaki District,13/04/2014,Sun,1654,HA,CS1C,322A 504A ,,R,D,O ,F ,X,T,C,50,0,0,1,1440701,5005231
Waitaki District,17/06/2014,Tue,1245,HA,VN1C,322A ,,R,D,BF,F ,X,T,R,50,0,0,1,1440501,5004661
Waitaki District,03/12/2014,Wed,1425,NC,VN2,711B ,,R,D,BF,F ,X,T,C,50,0,0,0,1440501,5004661
Waitaki District,16/11/2014,Sun,1430,FE,CS1C,181A 331A ,,R,D,B ,F ,X,T,R,50,0,0,0,1440508,5004643
Waitaki District,11/01/2014,Sat,40,NA,4S1E,713B ,,R,D,DO,F , ,N,C,50,0,1,0,1440465,5004515
Waitaki District,10/05/2014,Sat,1200,HA,4S1C,322A ,,R,D,BF,F ,X,T,R,50,0,0,0,1440440,5004439
Waitaki District,13/01/2014,Mon,2015,MG,4S1C,402B 422B ,,R,D,B ,F ,X,T,R,50,0,0,0,1440402,5004325
Waitaki District,21/03/2014,Fri,1345,AD,PN1C,151A ,,R,D,B ,F ,X,T,R,50,0,0,0,1440385,5004307
Waitaki District,02/02/2014,Sun,1728,LB,4S1C,322A 334A ,,E,D,B ,F ,X,T,C,50,0,0,0,1440347,5004196
Waitaki District,09/04/2014,Wed,1130,AA,CS1V,372A 404A 112B ,,R,D,B ,F , , ,N,50,0,0,0,1440242,5004148
Waitaki District,28/11/2014,Fri,1200,AC,TS1C,330A 372A 671A ,,R,D,B ,F , , ,C,50,0,0,0,1440152,5004105
Waitaki District,08/05/2014,Thu,1515,CA,TW1,129A 500A ,S,R,D,O ,F , ,N,C,50,0,0,0,1439929,5003992
Waitaki District,21/05/2014,Wed,1255,KA,CW1C,302B ,,R,D,O ,F ,T,G,L,50,0,0,0,1439590,5003824
Waitaki District,15/06/2014,Sun,1620,FD,4E1C,331A 350A ,,R,D,OF,F ,T,G,L,50,0,0,3,1439590,5003824
Waitaki District,20/04/2014,Sun,1820,CB,CE1,129A ,C,R,W,DO,F ,T,S,C,50,0,0,0,1439455,5003756
Waitaki District,18/09/2014,Thu,1638,LB,SW14,303B 375B ,,E,D,BF,F ,T,G,P,50,0,0,1,1439188,5003626
Waitaki District,22/11/2014,Sat,215,DA,CW1,103A 111A 131A 357A ,P,M,D,DO,F ,T,G,P,50,0,0,1,1439188,5003626
Waitaki District,28/12/2014,Sun,1510,MB,ME1C,102B 351B 370B ,,R,D,B ,F , , ,C,50,0,1,0,1438779,5003697
Waitaki District,20/05/2014,Tue,820,EA,CW1C,129A ,M,R,D,B ,F , , ,C,50,0,0,0,1438551,5003729
Waitaki District,27/06/2014,Fri,2,CC,CW1,101A 129A ,C,R,D,DO,F ,T,S,L,100,0,0,1,1436237,5002877
Waitaki District,18/07/2014,Fri,540,CC,CN1,135A 802 ,B,R,I,DN,FF, ,N,C,100,0,0,0,1432470,5000188
Waitaki District,29/08/2014,Fri,615,DB,CN1,110A 332A 830 904 ,C,M,D,DN,MF, , ,C,100,0,0,0,1431169,4998697
Waitaki District,16/05/2014,Fri,112,CC,CS1,102A 357A 410A ,,R,D,DN,F , ,N,C,100,0,0,0,1431133,4998651
Waitaki District,02/11/2014,Sun,117,NA,TN1E,105B 724B ,,E,D,DN,F , ,N,C,100,1,0,0,1429684,4995120
Waitaki District,17/08/2014,Sun,530,CC,VS1,101A 130A ,F,R,D,DN,F , , ,C,100,0,0,0,1427236,4990905
Waitaki District,16/06/2014,Mon,1944,FA,CN1C,132A 132B 195B 353B ,,E,W,DN,F , ,N, ,100,0,0,0,1425867,4989144
Waitaki District,07/06/2014,Sat,1057,DB,CN1,131A 358A ,F,M,W,B ,F , , ,L,100,0,0,1,1425898,4989028
Waitaki District,29/09/2014,Mon,1800,DB,CS1,129A 131A ,V,E,D,B ,F , , ,C,100,0,0,1,1426309,4987381
Waitaki District,22/04/2014,Tue,1225,GE,TN1C,197A 132B 144B ,,R,D,B ,F ,T,N,C,100,0,0,0,1427141,4986204
Waitaki District,08/02/2014,Sat,1100,DA,CN1,131A ,FT,E,D,O ,F , , ,L,100,0,1,1,1427249,4985541
Waitaki District,17/04/2014,Thu,415,BA,4S1T,512A 513A ,,R,W,DN,H , , ,L,100,0,0,1,1427465,4984638
Waitaki District,09/11/2014,Sun,1755,DA,CN1,131A 412A ,F,E,D,ON,F , ,N,C,100,0,0,0,1428666,4980843
Waitaki District,13/12/2014,Sat,1545,MO,CS1,386A 929 ,S,R,D,BF,F ,D,N,C,50,0,0,0,1428964,4978708
Waitaki District,20/04/2014,Sun,1050,JA,4S1V,197A 302B ,,R,D,B ,F ,T,G,P,100,0,0,1,1429493,4975683
Waitaki District,02/04/2014,Wed,1100,CC,CS1,125A 351A 404A ,V,R,D,B ,F , , ,C,100,0,0,3,1429587,4975398
Waitaki District,27/06/2014,Fri,1845,EC,CN1,912,W,R,D,DN,F , , ,C,100,0,0,1,1430312,4971473
Waitaki District,02/08/2014,Sat,1250,DA,CS1,111A 131A ,CV,M,D,B ,F , , ,C,100,0,0,0,1430852,4970748
Waitaki District,21/01/2014,Tue,2120,DA,CN1,131A 402A 412A ,B,E,D,TN,F , , ,C,100,0,0,1,1430628,4970023
Waitaki District,06/06/2014,Fri,1439,AD,CN1T,150A 381A ,,E,W,O ,F , ,N,C,100,0,0,0,1429787,4968735
Waitaki District,17/10/2014,Fri,1046,GE,MN1V,160A 387B 818 926 ,,R,D,B ,F ,D, ,C,100,0,0,0,1428669,4964202
Waitaki District,05/11/2014,Wed,1420,DA,CN1,131A 412A ,BF,E,D,B ,F ,T,S,C,100,0,0,0,1426124,4962459
Waitaki District,14/12/2014,Sun,1330,FC,CE14,181A 352A ,,R,D,BF,F , ,N,X,50,0,0,0,1421465,4960663
Waitaki District,22/08/2014,Fri,1200,FC,CE1C,331A 353A ,,R,D,B ,F , ,N,X,50,0,0,0,1421458,4960657
Waitaki District,28/07/2014,Mon,730,BE,CN1T,410A ,,R,D,TN,F , ,N,C,100,0,0,1,1420161,4958943
Waitaki District,06/01/2014,Mon,1100,DA,CS1,129A 134A ,C,E,D,BN,F , ,N,C,100,0,0,0,1360283,5072053
Waitaki District,04/06/2014,Wed,1240,DB,CS1,131A 802 ,E,E,I,B ,FF, , ,C,100,0,0,2,1360317,5072016
Waitaki District,11/07/2014,Fri,624,EB,TS1V,135A 135B 802 ,Q,R,I,DN,FF, , ,C,100,0,0,0,1360412,5071343
Waitaki District,15/04/2014,Tue,233,GB,CN14,158B 929 ,,E,D,DO,F ,D,N,P,50,0,0,0,1358832,5069555
Waitaki District,17/04/2014,Thu,1523,DB,CN1,111A 131A ,C,M,W,ON,LS, ,N,C,100,0,0,1,1334586,5059339
Waitaki District,27/05/2014,Tue,2200,DA,CS1,110A 135A 802 ,G,M,I,DN,F , , ,C,100,0,0,0,1334319,5058277
Waitaki District,02/07/2014,Wed,1610,PO,CS1E,130A 191A 404A 721B 802 803 ,,R,I,O ,S , , ,L,100,0,1,0,1334244,5058091
Waitaki District,27/12/2014,Sat,1432,DA,CN1,131A 134A 404A ,C,M,D,B ,F , , ,C,100,0,0,1,1333968,5057592
Waitaki District,22/08/2014,Fri,1000,DA,VW1,129A 134A ,CV,M,D,O ,F , , ,C,100,0,0,0,1333752,5057358
Waitaki District,12/09/2014,Fri,1845,EA,VW1T,129A ,M,R,D,TN,F , , ,C,100,0,0,0,1440699,5016070
Waitaki District,24/12/2014,Wed,1500,KA,CN1C,302B 375B ,,E,D,B ,F ,T,G,C,100,0,0,0,1436293,5019255
Waitaki District,20/09/2014,Sat,2130,FA,CN1C,181A 331A 412A 801 ,,R,W,DN,L , , ,C,100,0,0,0,1433393,5021870
Waitaki District,30/10/2014,Thu,1710,FA,CS1C,370A 101B 433B 838 ,,R,D,O ,F , , ,C,100,0,0,1,1430529,5024112
Waitaki District,08/05/2014,Thu,1840,EC,VN1,135A 801 823 ,L,R,W,DN,L , , ,C,100,0,0,1,1427653,5026314
Waitaki District,21/12/2014,Sun,1700,DA,CE1,504A ,C,E,W,ON,L , ,N,C,100,0,0,0,1418851,5029792
Waitaki District,06/04/2014,Sun,1550,DB,VN2,132A ,C,S,D,ON,F ,T,G,C,100,0,0,0,1417507,5030258
Waitaki District,10/04/2014,Thu,945,CC,VS1,358A ,B,R,D,O ,F , , ,C,100,0,0,1,1405022,5036902
Waitaki District,13/06/2014,Fri,1558,CB,CS1,103A 129A 358A ,V,R,D,ON,F , ,N,C,100,0,0,1,1400523,5042073
Waitaki District,08/01/2014,Wed,1635,EC,CN1,130A 330A ,DV,R,D,B ,F , , ,C,100,0,0,0,1400073,5042823
Waitaki District,20/12/2014,Sat,1130,BE,CN1C,129A 358A ,,R,D,BN,F , ,N,C,100,0,0,1,1399367,5044368
Waitaki District,30/06/2014,Mon,500,EC,TE1,191A 901 912 ,W,M,W,DN,H , , ,C,100,0,0,0,1389787,5051434
Waitaki District,24/12/2014,Wed,1955,DA,CS1,131A 134A 350A ,F,E,D,B ,F , , ,C,100,0,0,0,1389456,5052243
Waitaki District,31/12/2014,Wed,1950,GE,VW1C,160A 330A 927 ,,R,D,B ,F ,D,N,C,100,0,1,1,1380290,5056071
Waitaki District,25/06/2014,Wed,1805,CB,4W1,131A 412A ,,R,D,DN,F , , ,C,100,0,0,0,1374263,5058343
Waitaki District,10/07/2014,Thu,2140,EC,CN1,801,D,M,W,DN,L , , ,C,100,0,0,1,1368093,5064318