TLANAME,CRASHDATE,CRASHDOW,CRASHTIME,MVMT,VEHICLES,CAUSES,OBJECTSSTRUCK,ROADCURVE,ROADWET,LIGHT,WTHRa,JUNCTYPE,TRAFCTRL,ROADMARK,SPDLIM,CRASHFATALCNT,CRASHSEVCNT,CRASHMINCNT,EASTING,NORTHING
Waitaki District,15/04/2014,Tue,700,CA,SE1T,130A ,,R,W,ON,F , ,N,C,100,0,1,0,1419936,4962804
Waitaki District,10/05/2014,Sat,18,EC,4N1,912,W,R,D,DN,F , ,N,C,100,0,0,0,1419351,4963308
Waitaki District,16/02/2014,Sun,1634,DB,CS1,130A 410A ,,E,D,B ,F , ,N,C,100,0,0,0,1417293,4966537
Waitaki District,11/05/2014,Sun,1629,NA,VS1E,713B 719B 726B ,,E,D,B ,F , ,N,C,100,0,1,0,1413996,4972294
Waitaki District,29/08/2014,Fri,935,CC,4S1,135A 802 ,F,R,I,B ,FF, , ,C,100,0,1,1,1406956,4981188
Waitaki District,31/12/2014,Wed,1240,DB,CN1,131A 801 ,F,M,W,O ,L , , ,C,100,0,0,2,1397052,4992429
Waitomo District,21/05/2014,Wed,1720,JA,CS1C,303B 370B 801 ,,M,W,TO,L ,T,N,N,50,0,0,0,1789296,5755751
Waitomo District,15/07/2014,Tue,2305,DB,CW2,103A 131A 357A ,Z,E,D,DO,F ,T,G,C,50,0,0,0,1789315,5755263
Waitomo District,13/11/2014,Thu,120,DB,CN1,110A 131A 402A 810 840 ,CF,M,D,DN,F , ,N,C,100,1,1,1,1784032,5759374
Waitomo District,05/11/2014,Wed,1640,BB,CS14,123A 330A ,,S,D,O ,F , ,N,N,100,0,0,2,1768982,5769971
Waitomo District,07/06/2014,Sat,1330,DB,MW1M,129A 129B ,XF,M,D,BN,F , ,N,N,100,0,0,2,1764484,5752741
Waitomo District,31/08/2014,Sun,900,CB,MN1,130A 190A ,C,R,D,O ,F , , ,C,100,0,1,0,1784628,5756718
Waitomo District,04/09/2014,Thu,1333,FA,4W1C,130A 331A 817 ,,R,D,O ,F , , ,C,100,0,0,0,1786610,5757839
Waitomo District,24/08/2014,Sun,1615,DA,CN1,111A 131A 402A ,T,S,D,B ,F , , ,C,100,0,0,0,1778331,5751676
Waitomo District,24/01/2014,Fri,1545,DA,CW1,111A 131A 632A ,C,E,D,BN,F , , ,N,100,0,0,0,1774496,5734189
Waitomo District,27/09/2014,Sat,1030,BD,CE14,197A 197B 818 831 ,,S,D,O ,F , , ,N,100,0,0,0,1760848,5753120
Waitomo District,17/02/2014,Mon,1004,BB,VS1C,123A ,,E,D,B ,F , ,N,N,100,0,0,0,1795300,5737711
Waitomo District,25/06/2014,Wed,530,DA,4N1,131A ,FZ,S,D,DN,F , , ,C,100,0,0,1,1790627,5754219
Waitomo District,30/01/2014,Thu,1020,MO,VN14,371A ,M,R,D,BF,F , ,N,C,50,0,0,0,1789163,5754943
Waitomo District,12/05/2014,Mon,1450,KB,CN1C,302B 335B ,F,R,W,O ,F ,X,G,C,50,0,0,0,1775809,5740292
Waitomo District,25/03/2014,Tue,1410,EA,CE1C,129A ,M,R,D,OF,F , ,N,N,50,0,0,0,1788959,5754006
Waitomo District,23/05/2014,Fri,1155,DA,CS1,131A 632A ,E,M,W,O ,L , , ,C,50,0,0,1,1784249,5763129
Waitomo District,27/12/2014,Sat,1115,DA,MN1,111A 131A ,F,M,D,B ,F ,T,G,C,100,0,1,0,1760560,5763906
Waitomo District,09/03/2014,Sun,1635,CC,CE1,130A 410A ,C,R,D,BN,F , ,N,C,100,0,0,0,1783386,5763826
Waitomo District,24/07/2014,Thu,1623,DB,CN1,111A 131A ,F,M,W,O ,F , ,N,C,100,0,1,0,1783312,5763947
Waitomo District,30/06/2014,Mon,1419,BF,CE1C,131A ,C,M,W,BN,H , ,N,C,100,0,0,0,1780325,5763872
Waitomo District,24/11/2014,Mon,840,DA,CN1,131A 132A ,F,M,D,ON,F , ,N,C,100,0,0,0,1782425,5752696
Waitomo District,27/12/2014,Sat,1330,BF,CS1V,129A 131A 404A 191B 197B ,,M,D,B ,F , , ,C,100,0,0,1,1781874,5762311
Waitomo District,21/01/2014,Tue,1005,DB,CS1,111A 131A ,,E,W,O ,F , ,N,C,100,0,0,0,1785173,5763851
Waitomo District,10/12/2014,Wed,2101,CA,4W1,130A ,S,R,W,DO,L , , ,C,50,0,0,0,1789013,5755075
Waitomo District,26/09/2014,Fri,49,EC,4S1,350A 912 ,W,R,D,DN,F , , ,C,100,0,0,0,1790929,5764596
Waitomo District,21/03/2014,Fri,1029,DB,CN1,121A 131A ,FZ,E,D,B ,F , ,N,C,100,0,0,1,1790898,5764519
Waitomo District,14/05/2014,Wed,1114,LB,VN1C,197A 303B 382B ,,R,W,OF,F ,T,S,C,100,0,0,0,1790821,5763837
Waitomo District,19/03/2014,Wed,1622,JA,CN1C,301B 375B ,,E,D,B ,F ,T,S,C,70,0,0,1,1790809,5763788
Waitomo District,02/06/2014,Mon,1021,MC,CS1C,197A 363B 372B 404B 902 ,,M,D,B ,F , , ,C,100,0,0,0,1790694,5763567
Waitomo District,31/05/2014,Sat,930,CB,CS1,130A ,T,R,D,B ,F , , ,C,100,0,0,0,1790203,5763013
Waitomo District,25/10/2014,Sat,530,DB,CS1,131A 402A 412A ,E,E,D,DN,F , , ,C,100,0,0,0,1788602,5761174
Waitomo District,27/06/2014,Fri,2030,CB,CN1,103A ,F,R,W,DN,L , ,N,C,100,0,0,0,1788608,5761125
Waitomo District,19/01/2014,Sun,1155,DA,CS1,129A 134A ,FP,E,D,B ,F , ,N,C,100,0,0,0,1787596,5758649
Waitomo District,30/08/2014,Sat,1607,CC,CS1,130A 410A 504A ,F,R,D,B ,F ,T,S,C,100,0,0,0,1787608,5758302
Waitomo District,14/12/2014,Sun,2015,DB,CN1,111A 131A ,S,M,W,DN,L , , ,C,100,0,0,0,1787617,5757949
Waitomo District,03/03/2014,Mon,1525,MC,CN1C,372B ,,R,D,BF,F , ,N,C,100,0,0,2,1787620,5757819
Waitomo District,04/04/2014,Fri,1720,BF,CN1C,111A 137A 153A ,F,M,D,BF,F , ,N,C,100,0,0,0,1787489,5756820
Waitomo District,11/05/2014,Sun,945,GE,CN1T,160A 387A 927 ,,R,D,B ,F ,D, ,C,100,0,0,0,1787571,5756687
Waitomo District,22/04/2014,Tue,1509,EC,PS1,130A 191A 195A 911 ,W,R,D,O ,F , , ,C,50,0,1,0,1788579,5755465
Waitomo District,16/01/2014,Thu,932,HA,CN1V,301B 375B 402B ,,R,D,OF,F ,X,S,C,50,0,0,0,1788998,5755062
Waitomo District,21/09/2014,Sun,1635,PO,CN1E,512A ,,E,D,BF,F ,T,S,C,50,0,0,1,1789081,5754893
Waitomo District,01/03/2014,Sat,1925,PO,TN1K,370A 671A 727B 927 ,,R,D,TF,F ,D, ,C,50,0,0,1,1789304,5754591
Waitomo District,24/02/2014,Mon,1604,AD,CS1T,135A 804 ,,E,D,B ,F , , ,C,100,0,0,0,1788650,5752800
Waitomo District,24/02/2014,Mon,1750,AD,CS1T,135A 804 ,F,M,D,B ,F , , ,L,100,0,0,1,1788608,5752711
Waitomo District,09/09/2014,Tue,1400,GD,TS1C,386A ,,R,D,B ,F ,T,S,C,100,0,0,0,1788630,5752012
Waitomo District,14/04/2014,Mon,1855,EO,CN1,341A ,D,E,D,DN,F , ,N,C,100,0,0,0,1786363,5750022
Waitomo District,20/01/2014,Mon,1938,DA,CW1,111A 131A ,F,M,W,TN,F , ,N,C,100,0,0,0,1784249,5746146
Waitomo District,14/12/2014,Sun,11,CB,VN1,129A 358A ,C,R,D,DN,F , ,N,C,100,0,0,1,1777183,5741073
Waitomo District,25/05/2014,Sun,1543,GE,VE1C,101A 927 ,,R,D,OF,F ,D,N,C,50,0,0,1,1776071,5740623
Waitomo District,09/06/2014,Mon,1335,DA,CE1,410A 411A ,B,E,W,OF,L , ,N,C,50,0,0,1,1776052,5740619
Waitomo District,21/09/2014,Sun,750,DA,CW1,652A ,C,E,W,O ,M , , ,C,100,0,0,0,1771853,5737037
Waitomo District,22/01/2014,Wed,1955,DB,CS1,134A 631A ,C,M,D,TN,F , ,N,C,100,0,0,0,1767465,5735718
Waitomo District,28/03/2014,Fri,1040,EO,CN1,826,D,R,D,B ,F , , ,C,100,1,0,1,1765838,5733114
Waitomo District,13/11/2014,Thu,830,DA,CN1,131A ,C,M,W,ON,L , ,N,C,100,0,0,0,1763745,5731732
Waitomo District,20/02/2014,Thu,925,DB,TE1,111A 131A ,,S,D,BN,F , ,N,C,100,0,1,0,1755385,5725532
Waitomo District,20/04/2014,Sun,900,DA,CN1,111A 131A 402A 801 ,E,M,W,O ,L , , ,C,100,0,0,0,1751885,5723777
Waitomo District,06/10/2014,Mon,1508,DA,CS1,111A 132A ,V,S,W,O ,F , ,N,C,100,0,0,1,1750783,5722886
Waitomo District,19/12/2014,Fri,612,DB,CN1,111A 131A ,,S,D,TN,F , ,N,C,100,0,0,1,1750842,5722835
Waitomo District,20/12/2014,Sat,1620,DA,CS1,135A 806 ,C,M,W,ON,F , ,N,C,100,0,0,1,1750826,5722741
Waitomo District,27/11/2014,Thu,529,DB,TN1,111A 131A ,FG,S,D,TN,F , , ,C,100,0,0,0,1747437,5718347
Waitomo District,18/07/2014,Fri,545,QG,TS1,111A 131A ,F,M,D,DN,F , , ,C,100,0,0,0,1746587,5717650
Waitomo District,28/11/2014,Fri,1512,DA,CE1,111A 131A 801 ,C,E,W,O ,L , , ,C,100,0,0,0,1745954,5718300
Waitomo District,27/02/2014,Thu,1000,DB,TN1,111A 131A ,,S,D,BN,F , ,N,C,100,0,0,1,1744715,5718915
Waitomo District,27/10/2014,Mon,1904,AA,CW1CC,330A 372A 402A 150B 130C 801 ,CF,E,W,TN,L , , ,C,100,0,0,0,1742296,5720117
Waitomo District,15/12/2014,Mon,1230,BB,CN1B,123A ,E,E,D,B ,F , ,N,C,100,1,0,0,1742010,5720344
Waitomo District,26/06/2014,Thu,1138,DA,40,136A 668A ,C,M,D,BF,F , ,N,C,100,0,0,0,1741929,5720421
Waitomo District,11/12/2014,Thu,1325,FA,TN1C,112A 331A 353A ,E,R,D,O ,F ,T,S,C,100,0,0,0,1741351,5719303
Waitomo District,13/09/2014,Sat,2040,DA,VN1,111A 131A 801 ,FTX,E,W,DN,L , , ,C,100,0,0,0,1740765,5716896
Waitomo District,17/05/2014,Sat,1045,DB,40,130A 427A ,C,E,W,O ,F , , ,C,50,0,1,1,1789471,5754495
Waitomo District,21/02/2014,Fri,918,MC,TS1T,387A 372B ,,R,D,B ,F ,T,G,C,100,0,0,0,1790641,5753791
Waitomo District,26/04/2014,Sat,400,DA,4S1,131A 517A ,FP,M,W,DO,F , , ,C,100,0,0,1,1790732,5753502
Waitomo District,26/06/2014,Thu,2000,DB,CN1,131A 363A 601A ,F,M,W,DN,L , ,N,C,100,0,0,0,1793880,5746898
Waitomo District,23/02/2014,Sun,1930,DA,CS1,131A 191A ,G,S,D,B ,F , , ,C,100,0,0,0,1798349,5738649
Waitomo District,08/08/2014,Fri,1615,DA,CE1,131A 412A 901 ,FZ,E,W,O ,H , , ,C,100,0,0,0,1803647,5733361
Waitomo District,11/05/2014,Sun,1220,DB,CS1,131A 412A ,C,E,D,B ,F , , ,C,100,0,0,0,1804977,5733642
Waitomo District,11/12/2014,Thu,330,DB,CE1,131A ,C,S,W,DN,L , ,N,C,100,0,0,1,1810158,5736434
Waitomo District,05/01/2014,Sun,1310,DB,CE1,134A 358A ,C,M,W,O ,F , ,N,C,100,0,0,0,1811615,5736380
Waitomo District,11/06/2014,Wed,130,DA,CW1,131A 412A 801 ,E,E,W,DN,L , , ,C,100,0,0,0,1813534,5735980
Waitomo District,06/07/2014,Sun,1217,FA,CE1C,181A 331A ,,E,D,O ,F , , ,C,100,0,0,0,1786307,5762798
Waitomo District,28/12/2014,Sun,1230,DB,MN1,137A 197A ,,M,D,ON,F ,T,N,C,100,0,0,1,1784101,5746120
Waitomo District,12/09/2014,Fri,202,DA,TN1,131A 330A ,F,E,D,DN,F , , ,C,100,0,0,0,1784112,5746031
Waitomo District,26/12/2014,Fri,1417,DB,CN1,131A ,F,M,D,B ,F , , ,C,100,0,0,0,1784832,5744403
Waitomo District,26/05/2014,Mon,1115,DB,CN1,131A 350A 804 ,EV,M,D,O ,F , , ,C,100,0,0,1,1787253,5742996
Waitomo District,31/05/2014,Sat,1300,CC,CS1,131A 412A ,F,R,D,B ,F , , ,C,100,0,0,1,1789152,5740746
Waitomo District,31/07/2014,Thu,600,DA,CN1,111A 131A 901 ,F,M,W,DN,H , , ,C,100,0,0,0,1790706,5737698
Waitomo District,19/09/2014,Fri,845,DB,CN1,197A ,F,S,W,ON,L , ,N,C,100,0,0,0,1790773,5737501
Waitomo District,30/07/2014,Wed,1140,DB,4N1,131A 407A ,,M,D,O ,F , , ,L,100,0,0,0,1790883,5737359
Waitomo District,31/07/2014,Thu,1010,DB,4N1,111A 131A ,F,M,W,O ,F , , ,L,100,0,0,0,1790883,5737359
Waitomo District,29/04/2014,Tue,1950,EC,CN1,821,X,M,D,DN,F , ,N,C,100,0,0,0,1791126,5736428
Waitomo District,27/07/2014,Sun,2000,DB,CS1,131A 407A ,CV,M,D,DN,F , , ,C,100,0,0,2,1791639,5736475
Waitomo District,28/02/2014,Fri,2030,DA,CW1,131A 191A 404A ,EFX,M,D,DN,F , , ,C,100,0,0,0,1791645,5736475
Waitomo District,05/09/2014,Fri,1905,DA,CS1,131A ,,E,W,DN,F , ,N,C,100,0,0,3,1791732,5736508
Waitomo District,19/05/2014,Mon,838,DC,CN1,111A 131A 404A 632A ,CSV,M,W,O ,F , , ,C,100,1,1,4,1791826,5736535
Waitomo District,24/04/2014,Thu,1815,EC,4N1,820,X,M,W,DN,L , , ,C,100,0,0,0,1792069,5736237
Waitomo District,18/04/2014,Fri,2200,DB,CN1,111A 131A ,V,M,D,DN,F , , ,C,100,0,0,0,1792241,5735942
Waitomo District,04/10/2014,Sat,1912,DA,CW1,111A ,C,M,W,TN,F , ,N,C,100,0,0,1,1792541,5734700
Waitomo District,15/02/2014,Sat,2225,DA,VW1,103A 116A 138A 817 ,,M,D,DN,F , , ,N,100,0,0,0,1791340,5734282
Waitomo District,07/03/2014,Fri,816,DB,4S1,195A ,C,E,D,BN,F , ,N,C,100,0,0,1,1789670,5733750
Waitomo District,21/07/2014,Mon,1500,DB,CS1,131A 404A ,F,E,D,BF,F , ,N,C,100,0,0,0,1789813,5732545
Waitomo District,19/07/2014,Sat,1030,DB,CN1,135A 802 ,F,M,I,B ,FF, , ,C,100,0,1,1,1790222,5731748
Waitomo District,28/03/2014,Fri,735,CC,4N1,129A ,,R,D,ON,M , ,N,C,100,0,2,0,1791346,5729857
Waitomo District,28/12/2014,Sun,15,BF,CS1V,131A 402A 412A 197B ,,E,D,DN,F , , ,C,100,0,0,2,1792217,5728749
Waitomo District,04/10/2014,Sat,1030,DA,CN1,111A 131A 404A 801 ,C,E,W,O ,L , , ,C,100,0,0,0,1793045,5724354
Waitomo District,02/08/2014,Sat,1810,EC,CS1,912,W,R,W,DN,F , ,N,C,100,0,0,0,1793210,5723497
Waitomo District,07/07/2014,Mon,1502,DA,TS1,129A 134A ,V,E,D,O ,F , ,N,C,100,0,1,1,1793034,5723283
Wanganui District,21/10/2014,Tue,735,HA,CS1C,302B 351B 423B ,,R,D,B ,F ,X,G,C,50,0,0,0,1772878,5576213
Wanganui District,24/07/2014,Thu,1610,MA,CN1C,373B ,,R,D,B ,F ,X,G,C,50,0,0,0,1772830,5576588
Wanganui District,28/05/2014,Wed,1615,DA,4N1,104A 111A 433A ,C,M,D,O ,F , , ,N,50,0,0,2,1772795,5574804
Wanganui District,28/11/2014,Fri,1330,JA,CE14,308B 377B 927 ,,R,W,O ,L ,D,N,C,50,0,0,0,1773775,5576999
Wanganui District,28/01/2014,Tue,1425,NB,CW1E,713B 727B ,,R,D,B ,F , , ,C,50,0,0,1,1773474,5579715
Wanganui District,10/07/2014,Thu,1258,DA,CE24,111A 131A 402A ,M,R,D,B ,F ,X,S,C,50,0,0,0,1774858,5578530
Wanganui District,12/11/2014,Wed,1445,HA,CS1C,321A ,,R,W,OF,L ,X,S,C,50,0,0,0,1774685,5578670
Wanganui District,12/11/2014,Wed,1445,HA,CS1C,321A ,,R,W,OF,L ,X,S,C,50,0,0,0,1774685,5578670
Wanganui District,18/12/2014,Thu,1220,MO,CN1,371A 386A ,KP,R,D,B ,F ,T,N,C,50,0,0,0,1775604,5577886
Wanganui District,04/02/2014,Tue,825,CB,CE1,129A 363A 902 ,P,R,D,BF,F , ,N,C,50,0,0,1,1775093,5578341
Wanganui District,10/03/2014,Mon,900,JA,SN1V,204A 308B 929 ,,R,D,BF,F ,D,N,C,50,0,0,1,1774128,5579801
Wanganui District,03/02/2014,Mon,1445,AO,TW1O,818,,R,D,BN,F , ,N,C,100,0,0,0,1767192,5588772
Wanganui District,31/10/2014,Fri,1710,MC,ME1C,372B ,,R,D,O ,F , , ,C,50,0,0,0,1774914,5577701
Wanganui District,24/08/2014,Sun,1330,HA,CS1C,302B ,,R,D,B ,F ,X,G,C,50,0,0,0,1769613,5577004
Wanganui District,05/02/2014,Wed,805,HA,CS1C,302A ,,R,D,OF,F ,X,G,C,50,0,1,1,1769454,5577251
Wanganui District,30/06/2014,Mon,1923,CB,4N1,130A 197A 402A 801 ,P,R,W,DO,L ,X,G,C,50,0,0,1,1769333,5577436
Wanganui District,28/04/2014,Mon,1100,MD,CS1V,371B 801 ,,R,W,O ,L ,T,G,C,50,0,0,0,1775736,5577513
Wanganui District,17/01/2014,Fri,2358,CA,PE1,103A 130A ,,R,D,DO,F , , ,C,50,0,0,1,1775581,5577638
Wanganui District,22/02/2014,Sat,1200,MO,CE1C,371B ,M,R,D,B ,F , , ,C,50,0,0,0,1775673,5577563
Wanganui District,08/06/2014,Sun,1305,HA,CS2C,302A ,,E,D,B ,F ,R,G,R,50,0,0,0,1775247,5578997
Wanganui District,26/04/2014,Sat,2325,HA,4N2C,103B 111B 130B ,,S,W,DO,F ,R,G,R,50,0,0,0,1775247,5578997
Wanganui District,04/10/2014,Sat,2140,HA,CE1C,302A 375A ,,R,D,DO,F ,R,G,R,50,0,0,0,1775234,5579000
Wanganui District,24/08/2014,Sun,2101,HA,CS2C,302A ,,M,D,DO,F ,R,G,R,50,0,0,0,1775247,5578997
Wanganui District,04/07/2014,Fri,1629,KA,PW1C,302B ,,E,D,B ,F ,R,G,R,50,0,0,0,1775239,5579023
Wanganui District,06/01/2014,Mon,1020,NE,CE1E,307A ,,R,D,B ,F ,X,T,C,50,0,0,1,1774630,5578246
Wanganui District,09/10/2014,Thu,1640,HA,CW2V,301A 377A 902 ,,R,D,B ,F ,X,S,R,50,0,0,0,1774707,5578342
Wanganui District,15/04/2014,Tue,610,BA,CE1T,101A 129A ,,R,D,TO,F , , ,C,50,0,0,0,1775534,5579073
Wanganui District,26/12/2014,Fri,1832,FB,CE1M,331A 352A 402A ,,R,D,B ,F ,R,G,R,50,0,0,0,1775578,5579083
Wanganui District,18/03/2014,Tue,950,BE,CW14,108A 129A ,,R,D,OF,F , ,N,L,50,0,0,1,1775344,5579032
Wanganui District,28/07/2014,Mon,802,FB,CS1V,331A 353A 387A ,,E,D,OF,F ,T,G,R,50,0,0,0,1772654,5577834
Wanganui District,03/02/2014,Mon,1205,MC,CS1V,372B 375B ,,R,D,BN,F , ,N,C,100,0,0,1,1770117,5580763
Wanganui District,23/09/2014,Tue,800,LB,CN1S,303B 375B 382B ,,R,D,O ,F ,X,G,C,50,0,1,0,1774436,5578714
Wanganui District,21/03/2014,Fri,1900,LB,CS1C,308B 375B 929 ,,R,D,TF,F ,D,N,C,50,0,0,0,1775064,5579495
Wanganui District,05/10/2014,Sun,1140,HA,CE2C,302A 375A ,,R,D,B ,F ,X,G,P,50,0,0,0,1774587,5578905
Wanganui District,15/08/2014,Fri,1620,KB,CW1C,302B 375B ,,R,D,O ,F ,X,G,C,50,0,0,0,1774587,5578905
Wanganui District,14/02/2014,Fri,1430,KB,CW1C,302B 375B ,,R,D,OF,F ,X,G,C,50,0,0,0,1775195,5579658
Wanganui District,12/08/2014,Tue,1430,KB,CN1C,302B 375B ,,R,D,OF,L ,X,G,C,50,0,0,0,1774816,5579188
Wanganui District,07/05/2014,Wed,845,FB,CN1C,181A ,,R,D,B ,F ,T,N,C,50,0,0,0,1775243,5579707
Wanganui District,08/01/2014,Wed,1540,NF,CS1E,308A 376A 927 ,,R,D,O ,F ,D,N,C,50,0,0,1,1774292,5578537
Wanganui District,07/07/2014,Mon,1215,MO,CE1C,386A 926 ,,R,D,B ,F ,D,N,C,50,0,0,0,1774220,5578448
Wanganui District,10/06/2014,Tue,1705,HA,CW2C,322B 427B 801 ,,R,W,DO,L ,X,T,N,50,0,0,0,1774283,5578525
Wanganui District,30/07/2014,Wed,2330,HA,CN2C,322A 330A ,,R,D,DO,F ,X,T,C,50,0,0,0,1774283,5578525
Wanganui District,20/06/2014,Fri,1256,NF,CN2E,330A 370A 402A 711B ,,R,D,B ,F ,X,G,R,50,0,0,1,1774361,5578621
Wanganui District,25/07/2014,Fri,1100,MO,CN1C,371A ,M,R,D, F,F , ,N,N,50,0,0,0,1770651,5577366
Wanganui District,05/03/2014,Wed,1910,GE,CS1V,160A 333A 929 ,,E,D,O ,F ,D, ,C,50,0,0,2,1773505,5576541
Wanganui District,08/05/2014,Thu,2155,HA,CN2C,302A 375A ,,E,W,DO,F ,R,G,R,50,0,0,0,1773480,5578397
Wanganui District,23/01/2014,Thu,1040,HA,4N1C,302B ,,R,D,B ,F ,X,G,R,50,0,0,0,1775299,5578019
Wanganui District,12/12/2014,Fri,1000,DA,TS1,330A 682A 687A ,,M,D,B ,F ,X,G,C,50,0,0,0,1774801,5576897
Wanganui District,07/08/2014,Thu,1605,EA,CS1C,108A 504A ,M,E,D,O ,F ,X,G,C,50,0,0,0,1774801,5576897
Wanganui District,15/10/2014,Wed,1234,FA,CN1C,181A 331A 191B 197B ,,E,D,B ,F ,T,G,R,50,0,0,0,1774812,5577414
Wanganui District,18/10/2014,Sat,1830,EO,VS1,386A ,S,R,D,TF,F , ,N,C,50,0,0,0,1775255,5577965
Wanganui District,22/10/2014,Wed,1640,MO,CN1C,371A ,,R,D,B ,F , ,N,N,50,0,0,0,1777234,5579387
Wanganui District,01/07/2014,Tue,1715,HA,CW1C,302A 375A ,,R,W,O ,F ,R,G,C,50,0,0,0,1774963,5579382
Wanganui District,30/12/2014,Tue,1209,JA,VS1CC,384A 375B ,,R,D,O ,F ,T,N,C,50,0,0,0,1772123,5576897
Wanganui District,14/01/2014,Tue,1535,NB,VS1K,727B 929 ,,R,D,B ,FF,D,N,C,50,0,0,1,1772123,5576897
Wanganui District,26/11/2014,Wed,655,MO,CW14,353A ,Q,R,W,OF,L , ,N,P,50,0,0,0,1774326,5576574
Wanganui District,03/12/2014,Wed,1237,DB,ME1,129A 386A 921 ,K,R,D,BF,F ,D,N,C,50,0,0,1,1771204,5576249
Wanganui District,29/04/2014,Tue,1225,MB,4E1C,313A 372B 691B ,,R,D,O ,F , , ,C,50,0,0,0,1773636,5575935
Wanganui District,15/07/2014,Tue,1534,DB,CE1,103A 111A 359A ,T,E,D,O ,F ,T,G,P,50,0,1,2,1773560,5575929
Wanganui District,01/12/2014,Mon,1917,LB,PS1C,303A ,,M,D,TF,F ,T,G,C,50,0,0,1,1774508,5576777
Wanganui District,30/05/2014,Fri,1635,EA,TE1T,129A 363A 902 ,M,R,D,BF,F , ,N,C,50,0,0,0,1771877,5576047
Wanganui District,04/11/2014,Tue,830,MA,VE1C,373B ,,E,D,O ,F ,X,G,C,50,0,0,0,1770610,5576603
Wanganui District,26/09/2014,Fri,1205,KA,CE1T,302B 330B ,,R,D,B ,F ,T,G,C,50,0,0,0,1771591,5576126
Wanganui District,21/12/2014,Sun,1612,DB,CN1,412A ,KS,E,D,O ,F ,R,G,R,50,0,0,0,1774442,5576713
Wanganui District,08/11/2014,Sat,2127,DA,CE1,101A 131A ,EF,E,D,DO,F , ,N,C,50,0,0,1,1775133,5576935
Wanganui District,17/03/2014,Mon,1600,KB,SS1C,302B 375B ,,M,D,BN,F ,T,G,C,50,0,0,1,1774008,5576207
Wanganui District,02/10/2014,Thu,2110,MO,CN1C,371A 929 ,M,R,W,DO,LS,D,N,N,50,0,0,0,1772616,5578539
Wanganui District,10/07/2014,Thu,1235,CC,MN1,101A 112A 350A ,,R,D,B ,F , ,N,C,50,1,0,0,1769729,5577045
Wanganui District,12/06/2014,Thu,915,FD,CS1C,181A ,,R,D,OF,F , ,N,C,50,0,0,1,1774864,5577833
Wanganui District,27/05/2014,Tue,1442,NF,CW2E,307A ,,R,D,B ,F ,X,T,C,50,0,1,0,1774896,5577871
Wanganui District,07/06/2014,Sat,1030,HA,CE24,322A 334A ,,R,D,O ,F ,X,T,C,50,0,0,0,1774896,5577871
Wanganui District,18/07/2014,Fri,942,HA,CN2C,197A 302A 377A 197B 832 ,,R,D,B ,F ,X,G,R,50,0,0,0,1775053,5578063
Wanganui District,20/08/2014,Wed,1505,FE,CN14,181A ,,R,D,OF,F ,X,T,C,50,0,0,0,1774743,5577684
Wanganui District,18/11/2014,Tue,1750,DA,CW1,104A 138A ,CV,M,D,TN,F , , ,N,100,0,1,0,1774145,5581535
Wanganui District,07/10/2014,Tue,1409,JA,CS1C,308B 929 ,,R,D,OF,F ,D,N,C,50,0,0,0,1773545,5575954
Wanganui District,17/06/2014,Tue,2000,EA,CE1C,129A ,M,R,D,DO,F ,T,N,C,50,0,0,0,1773959,5576722
Wanganui District,27/05/2014,Tue,2000,DA,CE1,138A 402A ,C,E,D,DN,F , ,N,N,100,0,0,0,1773546,5575117
Wanganui District,08/06/2014,Sun,2130,CB,CN1,103A 112A ,P,R,D,DO,F ,X,G,C,50,0,0,0,1774606,5578572
Wanganui District,11/07/2014,Fri,1841,HA,CN1C,302A 375A 862 ,F,R,D,DO,F ,X,G,C,50,0,0,0,1776048,5579075
Wanganui District,25/04/2014,Fri,1426,DB,CN1C,308B 378B 834 837 929 ,F,M,D,ON,F ,D,N,C,70,0,0,1,1771284,5577806
Wanganui District,16/09/2014,Tue,810,FA,VS1C,181A 330A 191B ,,R,W,O ,L , ,N,C,70,0,0,0,1771492,5578031
Wanganui District,23/11/2014,Sun,1429,HA,CE2C,101A 301A ,,R,D,B ,F ,X,S,C,50,0,0,2,1770716,5576896
Wanganui District,14/11/2014,Fri,1155,EA,CW1C,129A ,M,R,D,BF,F , ,N,C,50,0,0,0,1774777,5579063
Wanganui District,10/05/2014,Sat,47,DB,CE1,101A 111A ,FHP,S,D,DO,F ,T,N,C,50,0,0,0,1776414,5578916
Wanganui District,02/09/2014,Tue,1130,JC,CS1C,302A 350A ,,R,D,B ,F ,X,G,R,50,0,0,0,1776152,5579134
Wanganui District,31/07/2014,Thu,720,DB,VE1,131A 359A ,V,E,D,O ,F , , ,C,100,0,0,0,1781591,5578415