TLANAME,CRASHDATE,CRASHDOW,CRASHTIME,MVMT,VEHICLES,CAUSES,OBJECTSSTRUCK,ROADCURVE,ROADWET,LIGHT,WTHRa,JUNCTYPE,TRAFCTRL,ROADMARK,SPDLIM,CRASHFATALCNT,CRASHSEVCNT,CRASHMINCNT,EASTING,NORTHING
Wanganui District,24/02/2014,Mon,1300,GB,CE1V,144B 927 ,,R,D,BN,F ,D,N,C,100,0,0,1,1778134,5579371
Wanganui District,31/10/2014,Fri,2130,HA,VE2C,302B 335B 402B ,,R,D,DO,F ,X,G,C,50,0,0,0,1773922,5579110
Wanganui District,19/07/2014,Sat,1414,MA,MN1C,373B ,,R,D,O ,F ,X,G,C,50,0,0,1,1773983,5579046
Wanganui District,09/05/2014,Fri,1315,KA,CN24,101A 101B 302B 375B ,,R,D,B ,F ,R,G,R,50,0,0,1,1773468,5578382
Wanganui District,14/08/2014,Thu,745,HA,CN2S,302A ,,R,D,O ,F ,R,G,R,50,0,0,1,1773482,5578383
Wanganui District,06/04/2014,Sun,1205,LB,CN1S,302A 375A ,,E,D,B ,F ,R,G,R,50,0,0,1,1773480,5578397
Wanganui District,02/12/2014,Tue,1945,HA,CN1S,302A ,,R,D,BF,F ,R,G,C,50,0,0,1,1773480,5578397
Wanganui District,26/06/2014,Thu,1900,HA,CS2C,302A ,,E,W,DO,L ,R,G,R,50,0,0,0,1773467,5578397
Wanganui District,25/05/2014,Sun,1233,MD,SE1C,204A 308B 929 ,,R,D,BF,F ,D,N,C,50,0,0,1,1773900,5578837
Wanganui District,16/05/2014,Fri,935,NC,4N1E,711B 724B ,,R,D,OF,F ,T,G,C,50,0,0,1,1773921,5578815
Wanganui District,29/09/2014,Mon,2240,HA,PE1C,101A 302B ,,R,D,DO,F ,X,G,C,50,0,1,0,1774990,5579048
Wanganui District,16/05/2014,Fri,1005,BC,CN1C,108A 129A ,,M,W,BF,F , ,N,C,50,0,0,2,1776741,5577252
Wanganui District,12/09/2014,Fri,1815,DA,PW1,131A ,,R,W,TO,F ,T,N,C,50,0,0,0,1771884,5576999
Wanganui District,08/06/2014,Sun,1944,EA,ME1C,103A 112A 402A ,M,R,D,DO,F , , ,C,50,0,1,0,1771056,5576772
Wanganui District,22/09/2014,Mon,900,MO,CS1C,371A 929 ,M,R,D,O ,F ,D,N,N,50,0,0,0,1772575,5576991
Wanganui District,06/02/2014,Thu,832,CB,CE1,136A 621A ,P,R,D,BF,F ,T,N,C,50,0,0,0,1774258,5577485
Wanganui District,06/07/2014,Sun,1649,HA,CW1C,302B 375B ,,R,D,TF,F ,X,G,C,50,0,0,0,1774581,5577443
Wanganui District,23/06/2014,Mon,838,KB,CW1C,302B ,,R,D,O ,F ,T,G,C,50,0,0,0,1774548,5577447
Wanganui District,30/10/2014,Thu,840,MO,CE1C,371A 930 ,M,R,D,B ,F ,D,N,C,50,0,0,0,1773852,5577537
Wanganui District,05/11/2014,Wed,1600,EA,CW1C,129A ,M,R,D,O ,F , , ,C,50,0,0,0,1773459,5577622
Wanganui District,09/11/2014,Sun,1620,DA,CS1,138A 504A 507A ,F,M,D,B ,F , , ,N,100,0,0,0,1765439,5595805
Wanganui District,27/09/2014,Sat,100,DA,CS1,104A 350A 407A ,FT,S,D,DN,F , ,N,C,100,0,1,0,1759846,5592240
Wanganui District,10/10/2014,Fri,1634,NA,4S1E,352A 370A 726B ,,R,D,B ,F , , ,C,50,0,0,1,1776239,5580230
Wanganui District,10/08/2014,Sun,2330,DA,CW1,111A 131A 402A ,F,M,D,DN,F , ,N,C,100,0,0,0,1770650,5581748
Wanganui District,10/04/2014,Thu,2030,BC,CW1C,121A 131A 197B 901 ,CV,S,W,DN,H , , ,C,100,0,0,0,1770911,5581757
Wanganui District,09/09/2014,Tue,1250,MO,CS1V,370A 371A ,,R,D,B ,F , , ,C,50,0,0,0,1775659,5577765
Wanganui District,02/12/2014,Tue,745,MB,CN1V,370B ,,R,D,B ,F , , ,C,50,0,0,0,1775422,5577463
Wanganui District,05/03/2014,Wed,1515,FE,CN1C,181A 387A ,,R,W,OF,L ,X,T,C,50,0,0,0,1775412,5577451
Wanganui District,19/05/2014,Mon,810,MO,MW1,669A ,,R,D,B ,F , , ,N,50,0,0,1,1772221,5576713
Wanganui District,01/06/2014,Sun,2125,EA,CN1C,103A 129A ,M,R,D,DO,F ,T,G,C,50,0,0,0,1771552,5577178
Wanganui District,12/11/2014,Wed,2006,BF,CN1CC,111A 131A ,,E,W,DN,H , ,N,C,100,0,0,2,0,0
Wanganui District,25/03/2014,Tue,1440,DC,CS2C,423A ,F,R,D,O ,F ,T,N,P,50,0,0,2,1773136,5577451
Wanganui District,11/01/2014,Sat,1718,EC,CN1,129A 504A ,P,R,D,BF,F ,T,S,C,50,0,0,1,1776172,5580837
Wanganui District,24/04/2014,Thu,815,HA,CS1C,302A 375A ,,M,D,O ,F ,R,G,C,50,0,0,0,1775247,5578997
Wanganui District,05/11/2014,Wed,900,FB,CN1C,331A 350A ,,R,D,OF,F ,R,G,C,50,0,0,1,1775248,5578993
Wanganui District,28/10/2014,Tue,1510,HA,CS1C,302A 330A ,,M,D,B ,F ,R,G,R,50,0,0,0,1775247,5578997
Wanganui District,01/12/2014,Mon,830,HA,CN1S,210B 300B ,,M,D,OF,F ,R,G,C,50,0,0,1,1775247,5578997
Wanganui District,24/06/2014,Tue,1920,LB,CS1C,302A 375A ,,M,D,DO,F ,R,G,C,50,0,0,0,1775247,5578997
Wanganui District,28/09/2014,Sun,920,HA,CE2C,302A 375A ,,M,W,OF,H ,R,G,N,50,0,0,0,1775234,5579000
Wanganui District,21/09/2014,Sun,1720,HA,4W2C,302A 363A 902 ,,E,D,B ,F ,R,G,R,50,0,0,0,1775256,5579013
Wanganui District,03/12/2014,Wed,851,FD,VW1CV,181A 330A 610A ,,R,D,B ,F ,T,N,C,50,0,0,0,1776377,5580975
Wanganui District,27/11/2014,Thu,1057,MC,CN1C,372B ,,R,D,BF,F , ,N,P,50,0,0,0,1775777,5580485
Wanganui District,16/09/2014,Tue,1234,MA,TN1C,373B ,,R,D,O ,F , , ,C,50,0,0,0,1775613,5580259
Wanganui District,26/06/2014,Thu,1300,JA,CN1C,308B 839 925 ,,R,D,BF,F ,D,N,C,50,0,0,0,1775608,5580251
Wanganui District,04/11/2014,Tue,1528,FE,CS1C,331A 351A ,,R,D,OF,FF, ,T,C,50,0,0,0,1773391,5578476
Wanganui District,18/06/2014,Wed,1400,AO,CW1C,372A ,,R,D,O ,F ,X,T,C,50,0,0,0,1774896,5577871
Wanganui District,04/02/2014,Tue,1614,JA,CE1C,301B 375B ,,R,D,BF,F ,T,S,C,50,0,0,1,1775240,5577592
Wanganui District,04/11/2014,Tue,1120,LB,CE1C,303B 377B ,,R,W,OO,F ,X,T,C,50,0,0,0,1775412,5577451
Wanganui District,02/06/2014,Mon,1350,CB,PN1,130A 352A 402A ,K,R,D,B ,F , , ,C,50,0,1,0,1772402,5578610
Wanganui District,31/12/2014,Wed,1241,DB,CN2,111A 131A 514A 517A ,FH,R,W,ON,F ,T,N,C,50,0,0,0,1776604,5579468
Wanganui District,05/10/2014,Sun,2308,CC,CW1,101A 129A ,C,R,D,DO,F ,T,N,C,50,0,0,1,1774548,5576436
Wanganui District,26/05/2014,Mon,1255,GD,CN1C,333A 817 ,,R,D,O ,F ,X,G,C,50,0,0,0,1775697,5577544
Wanganui District,13/11/2014,Thu,1530,GE,CS14,160A 927 ,,R,D,O ,F ,D,N,C,50,0,0,0,1775012,5576746
Wanganui District,12/03/2014,Wed,1715,LB,CS1C,303B 375B 926 ,,R,D,BF,F ,D,N,C,50,0,0,0,1775550,5577360
Wanganui District,29/03/2014,Sat,1750,LB,CN14,303B ,,R,D,B ,F ,X,T,P,50,0,0,0,1775620,5577448
Wanganui District,02/10/2014,Thu,920,MO,CW1C,371A 423A ,M,E,D,O ,F , ,N,N,50,0,0,0,1775454,5577240
Wanganui District,09/06/2014,Mon,713,CB,CW1,129A 130A 801 ,P,R,W,DN,L , , ,C,100,0,0,0,1771718,5579423
Wanganui District,04/09/2014,Thu,1650,JA,SS1C,308B 375B 930 ,,R,D,O ,F ,D,N,C,50,0,1,0,1772261,5577264
Wanganui District,12/05/2014,Mon,930,JA,4E2C,302B ,,R,D,BF,F ,R,G,C,50,0,0,0,1772306,5577091
Wanganui District,02/01/2014,Thu,1515,MD,SN1C,204A 308B 371B 929 ,,E,D,BN,F ,D,N,C,50,0,0,1,1772304,5577513
Wanganui District,22/10/2014,Wed,1600,EA,4N1M,386A ,M,R,D,B ,F , ,N,C,50,0,0,0,1774614,5578259
Wanganui District,09/06/2014,Mon,1730,KB,CE1C,308B 927 ,,R,W,O ,F ,D,N,C,50,0,0,0,1774322,5578494
Wanganui District,24/12/2014,Wed,1300,JA,CE1C,314A 377A 925 ,,R,D,B ,F ,D, ,P,50,0,0,0,1774361,5578463
Wanganui District,20/02/2014,Thu,1740,FD,CN1CC,181A ,,R,D,BF,F , ,N,C,50,0,0,0,1774244,5578557
Wanganui District,30/10/2014,Thu,1600,LB,CN1C,303B 377B 925 ,,R,D,BF,F ,D,N,R,50,0,0,0,1774299,5578513
Wanganui District,06/08/2014,Wed,1249,NF,CS1,330A 370A 710B 801 925 ,,R,W,O ,L ,D, ,C,50,0,0,1,1774306,5578506
Wanganui District,25/06/2014,Wed,1720,FD,CN1CC,181A 181B ,,R,D,DO,F , , ,P,50,0,0,0,1774400,5578431
Wanganui District,16/04/2014,Wed,1825,MG,CS1C,371B 925 ,,R,W,DO,F ,D,N,C,50,0,0,0,1774267,5578538
Wanganui District,27/10/2014,Mon,944,FA,CE1C,331A 352A ,,R,W,OF,H , ,N,C,50,0,0,0,1774260,5578544
Wanganui District,22/09/2014,Mon,823,HA,CN2V,322A 334A ,,R,W,O ,F ,X,T,N,50,0,0,0,1774283,5578525
Wanganui District,11/02/2014,Tue,1438,BF,CS1C,137A ,,R,D,ON,F ,X,T,R,50,0,0,0,1774283,5578525
Wanganui District,04/02/2014,Tue,1415,HA,CN1CV,322B ,,R,D,BF,F ,X,T,C,50,0,0,0,1774283,5578525
Wanganui District,24/07/2014,Thu,1140,FB,4N1M,331A 353A ,,M,D,B ,F ,X,T,R,50,0,0,1,1774283,5578525
Wanganui District,13/08/2014,Wed,1130,MO,CE1C,371B ,Q,R,D,OF,F , ,N,C,50,0,0,0,1775163,5577817
Wanganui District,01/07/2014,Tue,1100,MF,CS14,371B ,,R,D,B ,F , , ,C,50,0,0,0,1775186,5577798
Wanganui District,05/11/2014,Wed,1430,FD,CW1CC,427A ,,R,D,OF,F , ,N,R,50,0,0,0,1775006,5577943
Wanganui District,17/09/2014,Wed,935,MA,CE14,372B ,,R,D,O ,F ,T,N,C,50,0,0,0,1774464,5578380
Wanganui District,10/05/2014,Sat,1330,FA,CE1C,181A 330A ,,R,D,B ,F ,T,N,C,50,0,0,0,1774472,5578374
Wanganui District,24/12/2014,Wed,1330,FA,CN1O,387A ,,R,D,B ,F ,X,G,C,50,0,0,0,1774448,5578392
Wanganui District,17/04/2014,Thu,1650,FD,CW1C,112A 181A 331A 402A 801 ,,R,W,O ,L , , ,C,50,0,0,1,1774433,5578405
Wanganui District,01/09/2014,Mon,1718,FD,CE1C,181A 331A 351A ,,R,D,O ,F , , ,C,50,0,0,0,1774425,5578411
Wanganui District,17/09/2014,Wed,1607,HA,CE14,301B 353B ,,R,D,B ,F ,X,S,C,50,0,0,0,1774456,5578386
Wanganui District,07/01/2014,Tue,1909,MO,CN1,423A ,X,R,D,B ,F , , ,C,50,0,0,0,1775582,5577479
Wanganui District,14/05/2014,Wed,805,FE,CN1C,181A 330A ,,R,D,O ,F ,X,T,C,50,0,0,0,1775620,5577448
Wanganui District,26/06/2014,Thu,1600,JA,PW1C,308B 378B 835 929 ,,R,D,BF,F ,D,N,C,50,0,0,1,1776218,5580929
Wanganui District,19/12/2014,Fri,1800,MO,CE1E,341A 929 ,,R,D,BF,F ,D,N,C,50,0,0,1,1774327,5580104
Wanganui District,28/02/2014,Fri,1825,DA,CS2,111A 131A ,F,E,D,BF,F ,Y,G,P,50,0,0,0,1777642,5579391
Wanganui District,29/05/2014,Thu,2025,CB,4W1,135A 804 ,C,R,D,DN,F , ,N,C,100,0,0,1,1785616,5572199
Wanganui District,25/05/2014,Sun,1555,CB,CS1,112A 350A 817 ,C,R,D,ON,F , ,N,N,100,0,0,2,1785421,5571998
Wanganui District,09/11/2014,Sun,1730,GF,CS2C,129A 386A ,,E,D,B ,F ,R,G,R,50,0,0,0,1772314,5577103
Wanganui District,10/06/2014,Tue,1350,AF,TS1C,150A 137B ,P,M,W,O ,L , ,N,N,100,0,0,0,1777043,5620296
Wanganui District,01/08/2014,Fri,1600,DA,CS1,103A 131A ,ET,E,D,O ,F , , ,N,100,0,1,0,1783966,5589271
Wanganui District,05/07/2014,Sat,2130,DA,CS1,131A 801 ,X,S,W,DN,H , , ,N,100,0,0,0,1783737,5590482
Wanganui District,17/12/2014,Wed,1315,MO,4W1C,341A ,,R,D,BF,F , ,N,C,50,0,0,0,1775287,5577873
Wanganui District,23/05/2014,Fri,1100,JA,CN1C,308B 377B 839 927 ,,R,D,O ,F ,D,N,C,50,0,0,0,1774769,5578292
Wanganui District,16/05/2014,Fri,,EA,CS1C,129A ,M,R,D,DO,F , , ,C,50,0,0,0,1774330,5578646
Wanganui District,06/07/2014,Sun,1740,MO,CN1C,371A 386A 929 ,M,R,D,DO,F ,D,N,C,50,0,0,0,1775216,5577932
Wanganui District,15/10/2014,Wed,1925,AA,CS1C,112A 159A 434A ,,R,D,TF,F , , ,C,50,0,0,0,1775115,5578013
Wanganui District,24/03/2014,Mon,1658,HA,CW14,302B 375B ,,R,D,BF,F ,X,G,C,50,0,0,1,1774534,5578482
Wanganui District,09/10/2014,Thu,1346,DB,400,111A 131A 357A ,F,M,D,B ,F ,T,G,N,100,0,0,0,1774501,5575123
Wanganui District,15/10/2014,Wed,1840,CB,VS1,130A 358A 402A ,K,R,D,B ,F , , ,C,50,0,0,2,1775093,5575767
Wanganui District,11/04/2014,Fri,1018,CC,CW1,136A 653A ,CS,R,D,O ,F ,X,T,C,50,0,0,0,1774743,5577684
Wanganui District,26/03/2014,Wed,1506,HA,CN2C,301A ,,R,D,B ,F ,X,S,R,50,0,0,0,1775262,5577264
Wanganui District,27/09/2014,Sat,1015,FB,CS1C,387A ,,E,D,B ,F ,T,G,C,50,0,0,0,1775392,5577161
Wanganui District,29/04/2014,Tue,819,NB,CE1E,711B 727B ,,R,W,O ,F , , ,P,50,0,0,1,1772934,5576946
Wanganui District,26/02/2014,Wed,1800,CA,MW1,135A 812 ,,R,D,BN,FS, ,N,N,50,0,1,0,1769063,5576841
Wanganui District,13/09/2014,Sat,1640,AD,VW1C,102A 110A 150A ,FP,R,W,O ,H , ,N,C,100,0,0,0,1755850,5591261
Wanganui District,26/12/2014,Fri,934,AA,TS1S,372A 381A 671A ,,E,D,B ,F , , ,L,100,0,0,1,1757195,5590513
Wanganui District,29/07/2014,Tue,120,EC,CE1,912,W,E,D,DN,F , , ,L,100,0,1,1,1760287,5590180
Wanganui District,03/02/2014,Mon,1020,ED,TE1O,341A ,Q,R,D,BN,F , ,N,C,100,0,1,0,1766361,5586584
Wanganui District,26/04/2014,Sat,1921,EC,CN1,915,W,R,D,DN,F , , ,C,100,0,0,0,1768283,5585852
Wanganui District,21/09/2014,Sun,1630,CB,CW1,130A 410A ,FV,R,D,B ,F , ,N,C,100,0,0,0,1768368,5585799
Wanganui District,03/05/2014,Sat,1450,MC,CN14,372B ,,E,D,B ,F , , ,C,100,0,0,0,1768728,5585627
Wanganui District,05/07/2014,Sat,1620,GC,CN1V,130A 197A 174B 330B 671B 929 ,T,R,D,TN,F ,D,N,C,100,0,0,0,1770129,5584688
Wanganui District,18/05/2014,Sun,1216,FD,VS1C,331A 352A ,,R,D,BF,F , ,N,C,100,0,0,0,1770516,5584392
Wanganui District,31/03/2014,Mon,1430,CC,CS1,410A 504A ,FP,R,D,B ,F , ,N,C,100,0,0,1,1771010,5583904
Wanganui District,30/11/2014,Sun,221,EC,VS1,363A 912 ,W,R,W,DN,F , , ,C,100,0,0,0,1771634,5582288
Wanganui District,03/10/2014,Fri,1728,BE,CN1C,110A 135A 800 803 ,,R,I,TF,S , , ,C,100,0,0,1,1772147,5581327
Wanganui District,17/03/2014,Mon,1640,FA,CS1V,130A 400A 410A ,,R,D,B ,F , ,N,C,70,0,0,0,1772474,5580969
Wanganui District,15/10/2014,Wed,1920,QD,4S1CC,420A ,M,E,D,O ,F , , ,C,50,0,0,0,1773751,5579618
Wanganui District,07/06/2014,Sat,1842,GD,CW1C,181A 358A 385A ,,R,D,DO,F ,T,G,C,50,0,0,0,1774011,5579558
Wanganui District,02/06/2014,Mon,1140,KB,VS1C,301B 314B 370B ,,E,D,B ,F ,M,S,R,50,0,0,0,1774102,5578672
Wanganui District,08/04/2014,Tue,1520,KA,TS1C,303B 353B ,,M,D,O ,F ,T,N,R,50,0,0,0,1773880,5578379
Wanganui District,27/10/2014,Mon,935,CB,VN1C,133A ,,R,W,OF,H , ,N,C,50,0,0,0,1773812,5578295
Wanganui District,28/01/2014,Tue,1516,LB,CN1M,303B ,,R,D,OF,F ,X,T,C,50,0,0,1,1773727,5578189
Wanganui District,22/07/2014,Tue,1530,FD,CN1CCV,181A 331A 351A ,,R,D,B ,F ,X,T,C,50,0,0,0,1773664,5578111
Wanganui District,05/12/2014,Fri,1610,FD,CN1CV,331A 350A ,,R,D,B ,F , ,N,C,50,0,0,0,1773664,5578111
Wanganui District,19/11/2014,Wed,2240,CB,CN1,129A 358A ,T,R,D,DO,F ,X,T,P,50,0,0,1,1773664,5578111
Wanganui District,22/10/2014,Wed,1640,FD,CN1C,181A 331A 350A ,,R,D,B ,F , , ,P,50,0,0,1,1773601,5578034
Wanganui District,22/01/2014,Wed,940,JC,CS1V,302A 402A ,,M,D,OF,F ,Y,G,C,50,0,0,0,1773347,5577721
Wanganui District,16/08/2014,Sat,2100,HA,CE1C,302A ,,E,D,DO,F ,R,G,R,50,0,0,0,1773325,5577714
Wanganui District,19/08/2014,Tue,1640,JA,CS1C,302B ,,R,D,O ,F ,T,G,R,50,0,0,0,1773381,5577642
Wanganui District,08/08/2014,Fri,816,FB,CS1C,331A 350A ,,R,W,OF,L ,T,G,C,50,0,0,2,1773381,5577642
Wanganui District,19/04/2014,Sat,1700,PC,CS1E,350A 371A 402A 929 ,,R,D,B ,F ,D, ,P,50,0,0,1,1773686,5577319
Wanganui District,18/02/2014,Tue,608,HA,CS1C,301B 402B ,,R,D,DO,F ,X,S,C,50,0,0,0,1773768,5577232
Wanganui District,27/09/2014,Sat,1645,LB,CE1C,302A ,,R,D,O ,F ,R,G,C,50,0,0,0,1774479,5576750
Wanganui District,06/10/2014,Mon,730,BF,CS1C,131A 402A 632A 801 903 ,,S,W,O ,LS,R,G,R,50,0,0,0,1774479,5576750
Wanganui District,28/02/2014,Fri,1100,CB,CW1,501A ,F,R,D,O ,F , , ,C,50,0,0,1,1774650,5576520
Wanganui District,13/03/2014,Thu,1930,DB,CE2,103A 131A ,,E,D,BF,F ,R,G,R,50,0,0,0,1775199,5575941
Wanganui District,07/12/2014,Sun,210,CC,CW1,358A 414A ,IS,R,D,DO,F , , ,R,100,0,0,0,1775378,5575818
Wanganui District,09/06/2014,Mon,1945,EC,CE1,912,W,R,D,DO,F , ,N,C,100,0,0,0,1776003,5575478
Wanganui District,30/09/2014,Tue,1407,DA,VW1,131A ,EF,E,D,B ,F , , ,C,100,0,0,1,1777408,5574857
Wanganui District,25/08/2014,Mon,1045,BB,VE1C,123A ,,E,D,O ,F ,T,S,L,100,0,0,0,1777712,5574877
Wanganui District,29/08/2014,Fri,1859,AD,CN1V,131A 159A ,,E,D,DN,F , , ,C,100,0,0,1,1780084,5573419
Wanganui District,12/11/2014,Wed,1430,BC,CE1V,110A 121A 692A ,,E,D,B ,F , ,N,C,100,1,1,0,1781260,5572849
Wanganui District,13/08/2014,Wed,628,CC,CS1,135A 407A 803 901 ,F,R,W,O ,H , , ,C,100,0,0,0,1783800,5571799
Wanganui District,27/04/2014,Sun,630,CC,CS1,130A 412A ,FV,R,D,O ,F , , ,L,100,0,0,0,1784404,5571290
Wanganui District,15/12/2014,Mon,2258,CC,CN1,410A ,TV,R,D,DN,F , , ,C,100,0,0,1,1784942,5570827
Wanganui District,08/08/2014,Fri,1800,EC,CS1,801 912 ,W,M,W,DN,L , , ,C,100,0,0,0,1799138,5610100
Wanganui District,05/03/2014,Wed,800,DA,CS1,111A 131A ,C,M,W,ON,H , ,N,C,100,0,0,0,1800160,5603400
Wanganui District,21/04/2014,Mon,1340,BF,CS1C,102A 111A 131A 102B ,,S,W,B ,F , , ,C,100,0,0,2,1799444,5601938
Wanganui District,02/08/2014,Sat,1430,CB,MN1,135A 402A 801 809 ,V,R,W,O ,L , , ,C,100,0,0,1,1799496,5597444
Wanganui District,10/04/2014,Thu,110,DA,VN1,102A 111A 131A 402A 904 ,C,M,D,DN,M , , ,C,100,0,0,1,1797928,5593625
Wanganui District,20/01/2014,Mon,2150,DB,TS1,131A 197A ,V,E,W,DN,H , , ,C,100,0,0,1,1797976,5593433
Wanganui District,01/02/2014,Sat,330,DB,CW1,410A ,C,E,D,DN,F , , ,C,100,0,0,0,1792499,5593295
Wanganui District,14/03/2014,Fri,800,DA,CS1,131A ,ET,M,D,ON,M , ,N,C,100,0,0,1,1789333,5592949
Wanganui District,09/04/2014,Wed,840,DB,CN1,111A 131A 503A 632A ,V,M,W,O ,F , , ,C,100,0,0,2,1789297,5592915
Wanganui District,25/10/2014,Sat,2100,CC,CS1,130A 506A 510A ,EF,R,D,TN,F , , ,C,100,0,1,0,1788886,5592777
Wanganui District,26/12/2014,Fri,1015,DA,MS1,130A 181A 197A ,F,M,D,B ,F ,T,G,C,100,0,1,0,1784323,5587472
Wanganui District,22/11/2014,Sat,545,CB,VS1,102A 407A 410A ,BG,R,D,TF,F , , ,C,70,0,0,1,1780828,5584618
Wanganui District,08/06/2014,Sun,1436,HA,CN1S,302A 375A ,,E,D,B ,F ,R,G,C,50,0,0,1,1775594,5579100
Wanganui District,17/04/2014,Thu,1105,MO,CS1C,501A 817 ,P,R,W,OF,L , ,N,N,30,0,0,0,1776030,5577695
Wanganui District,04/11/2014,Tue,855,FB,CW14,181A ,,M,D,O ,F ,T,G,C,50,0,0,0,1775952,5577497
Wanganui District,02/04/2014,Wed,1640,MB,CW2C,302A ,,E,D,O ,F ,T,G,R,50,0,0,0,1775952,5577497
Wanganui District,10/05/2014,Sat,1540,GF,CS1C,150A 381A 386A ,,M,D,O ,F ,X,G,C,50,0,0,0,1775819,5577288
Wanganui District,09/12/2014,Tue,1125,EA,4N1C,129A 501A ,M,R,D,O ,F , , ,C,50,0,0,0,1775597,5576840
Wellington City,09/09/2014,Tue,1525,MC,4W1C,372B ,,R,D,B ,F ,T,N,C,70,0,0,0,1748603,5426808
Wellington City,10/04/2014,Thu,1100,MC,SN1C,372B ,,R,D,O ,F ,T,G,P,50,0,0,1,1748989,5426219
Wellington City,23/03/2014,Sun,2201,LB,CN1C,303B 375B ,,R,D,DO,F ,X,T,P,50,0,0,0,1748579,5424122
Wellington City,18/10/2014,Sat,1430,EA,CN1C,129A 330A ,M,R,D,B ,F , , ,C,50,0,0,0,1748920,5425953
Wellington City,08/04/2014,Tue,1545,FD,4S1C,181A ,,R,W,OF,L ,T,G,C,50,0,0,0,1748960,5426106
Wellington City,17/11/2014,Mon,1105,CC,CN1V,125A 350A ,M,R,D,O ,S ,T,S,P,50,0,0,0,1748888,5425825
Wellington City,19/08/2014,Tue,1732,LB,PN1C,303B ,,R,D,TF,F ,T,G,P,50,0,0,1,1748893,5425844
Wellington City,28/02/2014,Fri,827,GB,MN1C,101B 372B ,,R,D,BF,F ,T,G,C,50,0,0,1,1748893,5425844
Wellington City,03/09/2014,Wed,1215,AD,CN1V,129A 150A ,,R,D,B ,F ,T,G,P,50,0,0,0,1748893,5425844
Wellington City,30/10/2014,Thu,838,NA,TS1E,712B 713B 727B ,,R,D,BF,F , ,N,L,50,0,1,0,1748556,5423741
Wellington City,02/12/2014,Tue,155,CB,CS1CC,101A 129A ,M,R,D,DO,F , ,N,C,50,0,0,0,1748753,5425295
Wellington City,04/09/2014,Thu,30,AO,CS1S,183A 434A ,,R,D,DO,F ,X,T,C,50,0,0,1,1748739,5425236
Wellington City,09/07/2014,Wed,1245,NF,XS1E,370A 714B 930 ,,R,D,B ,F ,D,N,C,50,0,0,1,1748857,5425705
Wellington City,11/07/2014,Fri,1210,KA,CN1C,387B 927 ,,R,D,BF,F ,D,N,P,50,0,0,0,1748857,5425705
Wellington City,24/02/2014,Mon,1135,FE,VN1C,420A 610A ,,R,D,B ,F ,X,T,C,50,0,0,1,1748832,5425608
Wellington City,15/07/2014,Tue,1600,FE,CN14,181A ,,R,D,BF,F ,X,T,C,50,0,0,0,1748832,5425608
Wellington City,08/07/2014,Tue,1248,FD,CN1CCC,181A 359A 181B 181C ,,R,D,B ,F ,T,G,C,50,0,0,1,1748937,5426020
Wellington City,19/12/2014,Fri,1256,JA,CN1V,302B 375B ,,R,D,B ,F ,T,G,C,50,0,0,1,1748937,5426020
Wellington City,30/01/2014,Thu,1556,LB,MN1V,303B 314B ,,R,D,B ,F ,T,G,C,50,0,0,1,1748937,5426020
Wellington City,24/06/2014,Tue,830,LB,MN1V,314B 377B ,,R,D,B ,F ,T,G,P,50,0,0,2,1748937,5426020
Wellington City,08/12/2014,Mon,758,FD,CS14,181A 922 ,,R,W,BF,F ,D,N,P,50,0,0,0,1748947,5426057
Wellington City,10/04/2014,Thu,1638,JA,SS1C,308B 375B 839 922 ,,R,W,OF,L ,D,N,P,50,0,0,1,1748951,5426072
Wellington City,08/07/2014,Tue,2228,KB,CN1C,302B ,,R,D,DO,F ,T,G,P,50,0,0,0,1748946,5426053
Wellington City,03/02/2014,Mon,1930,EA,CN1C,129A ,Q,R,D,BF,F , ,N,C,50,0,0,0,1748807,5425511
Wellington City,13/08/2014,Wed,822,AA,CN1S,353A 372A ,,R,D,B ,F , ,N,C,50,0,0,1,1748995,5426246
Wellington City,15/05/2014,Thu,1036,GB,SN1C,158A 175B 372B 924 ,,R,D,B ,F ,D, ,P,50,0,0,1,1748980,5426188
Wellington City,22/04/2014,Tue,1718,ME,CE1C,387A 372B ,,R,D,O ,F , , ,N,50,0,0,0,1749007,5428966
Wellington City,12/10/2014,Sun,500,DA,CN1C,101A 111A 131A ,,M,D,TO,F , , ,C,50,0,0,0,1752147,5425486
Wellington City,26/12/2014,Fri,120,DA,CS1,101A 129A ,X,M,D,DO,F , ,N,C,50,0,0,0,1749720,5425015
Wellington City,13/07/2014,Sun,330,EA,BS1C,386A ,M,S,W,DN,F , ,N,C,50,0,0,0,1750536,5426788
Wellington City,11/01/2014,Sat,300,MO,4N1X,103A 386A ,M,R,D,DO,F ,T,N,N,30,0,0,0,1749211,5427111