TLANAME,CRASHDATE,CRASHDOW,CRASHTIME,MVMT,VEHICLES,CAUSES,OBJECTSSTRUCK,ROADCURVE,ROADWET,LIGHT,WTHRa,JUNCTYPE,TRAFCTRL,ROADMARK,SPDLIM,CRASHFATALCNT,CRASHSEVCNT,CRASHMINCNT,EASTING,NORTHING
Wellington City,10/08/2014,Sun,28,MF,CN1C,372B ,,R,D,DO,F , , ,N,50,0,0,0,1749247,5427193
Wellington City,17/02/2014,Mon,1627,CC,CW1,501A ,C,R,D,B ,F , , ,C,50,0,0,0,1744161,5427693
Wellington City,09/06/2014,Mon,1625,FD,CN1CC,331A ,,R,W,OF,H , ,N,C,50,0,0,0,1749622,5429760
Wellington City,04/05/2014,Sun,1120,AA,CN1C,372A 381A ,,R,D,B ,F ,T,N,C,70,0,0,0,1749546,5430121
Wellington City,25/10/2014,Sat,,EA,CN1T,386A ,M,R,D,B ,F , ,N,N,70,0,0,0,1749638,5429674
Wellington City,21/11/2014,Fri,2335,MO,CW1C,386A ,M,R,D,DO,F , ,N,C,50,0,0,0,1750297,5423338
Wellington City,12/02/2014,Wed,1600,MO,CS1V,101A 371A 926 ,,E,D,B ,F ,D,N,N,50,0,0,0,1748388,5426506
Wellington City,26/03/2014,Wed,1648,LB,4E1S,303B 375B ,,M,D,BF,F ,T,N,C,50,0,0,1,1747600,5427050
Wellington City,11/06/2014,Wed,435,CB,CW1,131A 514A ,P,R,W,DO,F , ,N,C,50,0,0,0,1748062,5426925
Wellington City,24/09/2014,Wed,1835,CB,4W1CCC,195A ,M,R,D,DO,F , ,N,C,50,0,0,0,1747699,5426974
Wellington City,09/06/2014,Mon,830,GE,CE1C,160A ,,R,D,O ,F ,T,G,C,50,0,0,0,1747653,5427007
Wellington City,17/06/2014,Tue,435,MG,PE1C,371B 514B 517B ,,R,W,DO,F ,T,G,R,50,0,0,0,1748241,5426844
Wellington City,30/08/2014,Sat,1600,DA,CW2CC,111A 131A ,M,M,D,BF,F ,T,G,C,50,0,0,0,1751671,5434985
Wellington City,26/05/2014,Mon,818,MO,BN1,129A 371A 385A ,C,R,D,BF,F ,T,S,C,50,0,0,0,1749459,5426198
Wellington City,25/11/2014,Tue,800,QD,4E1C,428A ,M,R,D,OF,M , ,N,C,50,0,0,0,1748453,5422708
Wellington City,06/05/2014,Tue,1620,BA,CN14,363A 370A 386A 818 902 ,,R,D,B ,F , , ,N,50,0,0,1,1748584,5432454
Wellington City,08/04/2014,Tue,2230,EA,CN1C,386A ,M,R,D,DO,F , ,N,C,50,0,0,0,1748776,5428609
Wellington City,05/03/2014,Wed,840,LB,CE1C,302A 353A ,,E,D,OF,L ,X,G,C,50,0,0,0,1748888,5428443
Wellington City,11/08/2014,Mon,951,MO,XS1V,130A 423A 929 ,FX,E,D,O ,F ,D, ,N,50,0,1,0,1747762,5428615
Wellington City,09/12/2014,Tue,1327,MG,CN1C,371B ,,R,D,B ,F , , ,N,50,0,0,0,1749293,5427402
Wellington City,24/10/2014,Fri,845,HA,CE1C,302A 375A ,,M,D,ON,F ,R,G,R,50,0,0,0,1751519,5435189
Wellington City,30/01/2014,Thu,1227,MO,TS1C,386B 902 927 ,,R,D,B ,F ,D,N,C,50,0,0,0,1750179,5424180
Wellington City,30/04/2014,Wed,1130,AO,4N1C,150A 386A ,,R,D,B ,F , , ,C,50,0,0,0,1750182,5424194
Wellington City,21/08/2014,Thu,1649,MO,VS1,402A 420A ,H,R,W,BF,LS, ,N,C,50,0,0,0,1750204,5424271
Wellington City,03/10/2014,Fri,1105,LB,CS1T,303B 927 ,,R,D,O ,F ,D,N,C,30,0,0,0,1750247,5424422
Wellington City,26/09/2014,Fri,1515,AO,CN1C,381A ,,R,D,B ,F , ,N,C,50,0,0,0,1750235,5424379
Wellington City,26/02/2014,Wed,1620,EA,CS14,129A ,M,R,D,BF,F , ,N,C,50,0,0,0,1750229,5424359
Wellington City,26/11/2014,Wed,1305,GD,BS1C,179A ,Q,R,D,BF,F ,X,T,C,50,0,0,0,1750240,5424398
Wellington City,19/04/2014,Sat,2340,BF,CN1C,111A 131A ,,E,W,DN,L ,T,N,N,50,0,0,0,1752979,5423386
Wellington City,26/03/2014,Wed,1630,MO,CN1C,350B 371B ,,M,D,O ,F ,T,G,P,50,0,0,0,1745452,5428164
Wellington City,24/02/2014,Mon,750,EA,CE1T,330A 370A ,M,R,D,B ,F ,T,N,C,50,0,0,1,1752605,5435778
Wellington City,30/12/2014,Tue,1335,EA,CW1C,129A 385A ,M,R,D,BF,F , ,N,C,50,0,0,0,1748426,5426196
Wellington City,23/01/2014,Thu,1740,LB,SN1C,303B 375B ,,R,D,BF,F ,T,N,C,50,0,0,1,1748621,5428691
Wellington City,24/06/2014,Tue,1030,MO,CE1P,371A ,M,E,W,O ,L ,T,N,C,50,0,0,0,1748678,5428694
Wellington City,28/05/2014,Wed,802,AO,TE1C,125A 129A ,,R, , F,  , ,N,N,50,0,0,0,1748673,5428695
Wellington City,30/05/2014,Fri,2000,JC,CW1C,302A 375A ,,R,D,DO,F ,T,G,N,50,0,0,0,1748711,5427594
Wellington City,17/12/2014,Wed,1159,MB,CW1C,372B ,,E,D,B ,F ,T,N,R,50,0,0,1,1748449,5428856
Wellington City,09/04/2014,Wed,850,MC,4N1C,372B ,,R,D,B ,F ,X,T,C,50,0,0,0,1748819,5428688
Wellington City,21/08/2014,Thu,2010,MB,CE1C,303A 375A ,,S,W,DO,S , ,N,C,50,0,0,0,1748806,5428753
Wellington City,27/11/2014,Thu,816,LB,SE1T,303B 375B ,,S,D,B ,F ,T,T,C,50,0,0,1,1748701,5428774
Wellington City,07/02/2014,Fri,2208,JA,CW1X,322A 334A ,,R,D,DO,F ,T,T,R,50,0,0,0,1748701,5428774
Wellington City,05/09/2014,Fri,1425,NF,XE1E,711B ,,E,D,B ,F , ,N,C,50,0,0,1,1748430,5428839
Wellington City,10/07/2014,Thu,1428,GD,CS14C,331A 387A ,,R,D,B ,F ,T,G,C,50,0,0,1,1750191,5432817
Wellington City,07/06/2014,Sat,1915,KA,CN1C,145A 370A 302B 387B ,,E,D,DO,F ,T,G,C,50,0,0,0,1750048,5432525
Wellington City,05/04/2014,Sat,1150,FC,CS14,181A ,,R,D,BF,F ,T,G,C,50,0,0,1,1750048,5432525
Wellington City,13/01/2014,Mon,1327,NB,CS1E,719B ,,R,D,B ,F , , ,C,50,0,0,1,1750106,5432636
Wellington City,26/08/2014,Tue,830,NA,CS1E,712B 713B ,,R,W,O ,F , , ,C,50,0,0,0,1750106,5432636
Wellington City,16/05/2014,Fri,1529,GD,CN1C,333A 363A 370A 902 929 ,,E,D,B ,F ,D, ,C,50,0,0,0,1752781,5435096
Wellington City,18/07/2014,Fri,1110,FA,XW1C,181A ,,R,W,O ,F , ,N,N,50,0,0,0,1748849,5428226
Wellington City,04/11/2014,Tue,930,AO,CW1C,385A ,,R,D,BF,F ,T,T,C,50,0,0,0,1748688,5428300
Wellington City,11/05/2014,Sun,1504,MC,MS1C,372B 402B ,,E,D,B ,F , , ,C,50,0,1,0,1753146,5422830
Wellington City,10/10/2014,Fri,2341,EA,CE1C,386A ,M,R,D,DO,F , ,N,C,50,0,0,0,1748549,5424124
Wellington City,14/07/2014,Mon,759,EA,CE1CC,129A 197A ,CM,R,W,O ,L , ,N,C,50,0,0,0,1748519,5424126
Wellington City,04/12/2014,Thu,1445,NF,CE1E,307A 376A ,,M,D,O ,L ,X,T,C,50,0,0,1,1748579,5424122
Wellington City,27/07/2014,Sun,1452,DA,CS1C,131A 358A ,MP,M,D,B ,F , , ,P,50,0,0,0,1752871,5423610
Wellington City,11/04/2014,Fri,1308,JA,CE1C,302B ,,R,W,O ,L ,T,G,C,50,0,0,0,1751895,5423548
Wellington City,02/09/2014,Tue,930,EA,4W1C,129A ,M,R,D,BF,F , ,N,N,50,0,0,0,1752412,5423630
Wellington City,03/08/2014,Sun,1100,EA,CE1CC,101A 129A 410A ,M,R,D,OF,F , ,N,C,30,0,0,1,1752283,5423592
Wellington City,07/10/2014,Tue,1635,JO,CW1C,308A 924 ,,R,D,B ,F ,D,G,N,10,0,0,0,1751477,5423533
Wellington City,30/01/2014,Thu,1945,HA,CW1C,302A 375A ,,R,D,DO,F ,R,G,R,30,0,0,0,1752348,5423615
Wellington City,19/11/2014,Wed,1011,HA,CW1S,302A 375A ,,E,D,B ,F ,R,G,P,30,0,0,1,1752348,5423615
Wellington City,18/04/2014,Fri,2343,CC,CW1CC,104A 112A ,MMP,R,W,DO,L , ,N,P,50,0,0,1,1752103,5423554
Wellington City,23/03/2014,Sun,122,CC,CE1C,103A 130A ,M,R,D,DO,F , , ,C,50,0,0,0,1751709,5423542
Wellington City,12/08/2014,Tue,1200,FE,CE1C,353A 387A ,,R, , F,  ,T,T,C,50,0,0,0,1751473,5434720
Wellington City,03/04/2014,Thu,1740,FD,CW1M,181A 902 ,,R,D,B ,F , , ,C,50,0,0,0,1751468,5434721
Wellington City,09/06/2014,Mon,1730,NB,CE1E,306A ,,R,W,DO,H , ,N,X,50,0,0,1,1751423,5434728
Wellington City,09/11/2014,Sun,1000,FA,CN14,181A 434A ,,E,D,B ,F , , ,C,50,0,0,0,1748122,5426091
Wellington City,19/07/2014,Sat,1150,BF,CS1C,111A 131A 801 ,,M,W,O ,L , , ,C,50,0,0,0,1747983,5426151
Wellington City,25/09/2014,Thu,1551,MC,CN1C,372B 831 ,,M,D,O ,F , , ,C,50,0,0,0,1748166,5426727
Wellington City,18/07/2014,Fri,1928,MC,MS1X,372B ,,M,D,DO,F , ,N,P,50,0,1,0,1748069,5426409
Wellington City,07/04/2014,Mon,835,MC,MN1C,372B ,,E,W,O ,L , , ,L,50,0,0,1,1748110,5426359
Wellington City,17/05/2014,Sat,1620,FD,CE1C,110A 181A ,,M,D,B ,F , , ,C,50,0,0,0,1747723,5426136
Wellington City,11/08/2014,Mon,825,JA,SE1C,302B 377B ,,M,W,OF,F ,T,G,C,50,0,0,1,1747693,5426137
Wellington City,11/08/2014,Mon,1840,JC,MN2C,302B 375B ,,M,D,DO,F ,T,G,C,50,0,1,0,1747693,5426137
Wellington City,12/05/2014,Mon,1555,DA,BW1,330A 386A ,P,M,D,O ,F ,T,G,P,50,0,0,1,1747693,5426137
Wellington City,15/03/2014,Sat,2155,DA,CN1,132A 402A 901 ,P,M,W,DO,HS,T,G,C,50,0,0,0,1747693,5426137
Wellington City,20/11/2014,Thu,630,EA,CS1CCC,410A ,MM,R,D,B ,F , , ,C,50,0,0,0,1748066,5426506
Wellington City,20/02/2014,Thu,1723,FE,PW24,181A ,,R,D,BF,F ,T,T,C,50,0,0,0,1748205,5426734
Wellington City,24/02/2014,Mon,830,LB,XS1C,302A 375A ,,M,D,BF,F ,Y,G,C,50,0,0,0,1747687,5426126
Wellington City,06/05/2014,Tue,950,AC,CN1C,372A ,,R,D,B ,F ,X,G,C,50,0,0,0,1752226,5424849
Wellington City,02/10/2014,Thu,1930,MO,4S1CC,371A 386A ,M,M,D,DO,F , ,N,N,50,0,0,0,1749865,5423608
Wellington City,04/06/2014,Wed,908,MC,CE1S,372B ,,S,D,BF,F , ,N,C,50,0,0,1,1749092,5426456
Wellington City,18/10/2014,Sat,1439,FD,CW1C,181A 331A ,,R,D,B ,F , , ,C,50,0,0,0,1749068,5426467
Wellington City,29/03/2014,Sat,1900,EA,CN1C,129A ,M,R,D,DO,F , ,N,C,50,0,0,0,1748794,5421499
Wellington City,06/03/2014,Thu,2330,EA,CS1V,129A ,M,R,D,DO,F , ,N,C,50,0,0,0,1749226,5422785
Wellington City,09/05/2014,Fri,400,EA,CS1C,101A 129A ,M,M,D,DO,F , , ,C,50,0,0,0,1749307,5422496
Wellington City,19/12/2014,Fri,1940,MO,CE1C,371A ,M,R,D,O ,F ,T,T,R,50,0,0,0,1749014,5428673
Wellington City,12/02/2014,Wed,1457,PC,VE1E,371A 926 ,,R,D,B ,F ,D,N,C,50,0,0,1,1749091,5428613
Wellington City,17/12/2014,Wed,1518,FD,CE1C,181A 330A ,,R,D,B ,F , ,N,R,50,0,0,0,1748988,5428700
Wellington City,13/04/2014,Sun,20,FE,CE1C,112A 181A ,,R,D,DO,F ,T,T,C,50,0,0,0,1749102,5428604
Wellington City,05/02/2014,Wed,1635,FC,CN1CC,181A 331A 181B ,,R,D,O ,F , , ,P,50,0,0,0,1750712,5433968
Wellington City,16/05/2014,Fri,1518,DA,CS14,111A 131A 507A ,MP,M,D,BF,F ,R,G,R,50,0,0,1,1750877,5434210
Wellington City,04/04/2014,Fri,1350,KB,CN1V,302B 375B ,,R,D,BF,F ,T,G,C,50,0,0,0,1750687,5433490
Wellington City,09/04/2014,Wed,945,AA,CE1X,372A ,,R,W,O ,M ,T,T,C,50,0,0,0,1749344,5427312
Wellington City,31/08/2014,Sun,1526,FD,SE1C,181A 331A 353A ,,R,D,BF,F , ,N,X,50,0,0,1,1749452,5427261
Wellington City,18/12/2014,Thu,1310,EE,CE1C,374B ,Q,R,W,OF,L , ,N,C,50,0,0,0,,
Wellington City,10/05/2014,Sat,1750,AC,TW1C,372A 671A ,,R,D,DO,F , ,N,C,50,0,0,0,1749150,5427398
Wellington City,03/01/2014,Fri,1330,FE,CE1X,181A ,,R,W,OF,H ,T,T,C,50,0,0,0,1749241,5427357
Wellington City,14/02/2014,Fri,2250,CA,CE1,101A 130A ,IT,R,D,DO,F , ,N,R,50,0,0,0,1751583,5424012
Wellington City,07/06/2014,Sat,2103,CC,CN1C,358A 645A 801 ,M,R,W,DO,L ,T,G,C,50,0,0,0,1751346,5436173
Wellington City,10/11/2014,Mon,1700,AC,CN1C,353A 372A ,,R,D,TF,F , , ,C,50,0,0,0,1749145,5426619
Wellington City,27/11/2014,Thu,930,EA,XN1T,129A ,M,R,D,O ,FS, , ,C,50,0,0,0,1749112,5426544
Wellington City,27/11/2014,Thu,845,AA,CN1P,372A 381A ,,R,D,O ,F ,X,T,C,50,0,0,1,1749201,5426743
Wellington City,26/06/2014,Thu,2126,AA,CN1P,197A 372A ,,R,W,DO,H , ,N,R,50,0,0,1,1749184,5426706
Wellington City,15/01/2014,Wed,2200,MO,CN1C,371A ,M,R,D,DO,F , , ,C,50,0,0,0,1749156,5426642
Wellington City,08/12/2014,Mon,1425,CB,4W1C4,129A ,MM,R,D,BF,F , ,N,C,50,0,0,1,,
Wellington City,01/04/2014,Tue,,MO,CN1C,386A ,M,R,W,B ,F ,T,N,C,50,0,0,0,1750844,5427681
Wellington City,22/02/2014,Sat,1435,BF,MS1C,131A 402A 903 ,,M,D,B ,FS,T,N,C,50,0,0,1,1750845,5427671
Wellington City,22/08/2014,Fri,1036,DB,CW1C,129A 358A ,M,M,D,O ,F , , ,L,50,0,0,0,1750762,5427745
Wellington City,09/12/2014,Tue,1138,MB,VS1M,303B ,,R,D,O ,F , , ,N,50,0,0,1,1749774,5423279
Wellington City,04/06/2014,Wed,1215,EA,CS1C,129A ,M,R,D,B ,F , , ,L,50,0,0,1,1750455,5432431
Wellington City,03/09/2014,Wed,1640,EA,CW1CC,129A 363A 902 ,M,E,D,B ,F , , ,C,50,0,0,0,1750733,5432127
Wellington City,14/08/2014,Thu,1420,EA,CS14,129A ,M,S,W,OF,H , ,N,C,50,0,0,1,1748459,5430497
Wellington City,03/10/2014,Fri,2206,DB,CN1,111A 131A 402A ,CK,M,D,DO,F , , ,R,80,0,1,0,1751940,5432262
Wellington City,08/05/2014,Thu,837,LB,SE14,377A 377B ,,R,D,B ,F ,T,S,P,100,0,0,1,1751931,5432729
Wellington City,05/12/2014,Fri,1420,FD,CS1C,386A ,,R,D,B ,F , , ,P,80,0,0,0,1751942,5432217
Wellington City,07/12/2014,Sun,1556,DB,CS1,131A 330A ,G,E,W,O ,L , ,N,C,80,0,0,1,1751954,5432278
Wellington City,14/10/2014,Tue,2108,FD,CN1C,181A 331A 191B ,,R,D,DO,F , ,N,C,50,0,0,0,1746934,5427949
Wellington City,30/10/2014,Thu,755,GA,SE1C,181A ,,R,D,BF,F ,T,G,P,50,0,0,1,1746843,5428162
Wellington City,04/11/2014,Tue,843,LB,SE1C,303B 387B ,,E,D,B ,F ,T,G,P,50,0,0,1,1746887,5428152
Wellington City,10/07/2014,Thu,2353,DA,CW1,111A 131A ,KT,M,D,DO,F ,T,S,C,50,0,0,0,1746942,5427876
Wellington City,23/10/2014,Thu,2130,CC,CS1C,130A ,M,R,D,DO,F , , ,N,50,0,0,0,1751870,5434894
Wellington City,20/07/2014,Sun,530,EA,CS1C,103A 129A 801 ,M,R,W,DO,L , , ,N,50,0,0,0,1751841,5434747
Wellington City,28/12/2014,Sun,357,BC,CE24,129A ,M,S,D,DO,F ,T,S,C,50,0,0,0,1751880,5434943
Wellington City,18/04/2014,Fri,1250,LB,CE1C,303B 375B 925 ,,R,D,BF,F ,D,N,C,50,0,0,0,1748478,5423962
Wellington City,29/10/2014,Wed,2335,BC,CN1C,111A 121A ,,M,D,DO,F , ,N,C,50,0,1,0,1747873,5430809
Wellington City,16/04/2014,Wed,1645,DB,CS1,129A 131A ,K,E,W,OF,H ,T,G,R,50,0,0,0,1747702,5430570
Wellington City,30/01/2014,Thu,1830,CC,CN1,137A ,Z,R,D,BF,F , ,N,N,50,0,0,0,1751588,5436648
Wellington City,22/05/2014,Thu,1530,BB,CS2P,124A ,,E,D,O ,F ,T,S,C,50,0,0,1,1747900,5425860
Wellington City,18/08/2014,Mon,1700,MO,VS1C,308A 929 ,,R,D,B ,F ,D,N,C,50,0,0,0,1748438,5428095
Wellington City,20/12/2014,Sat,1115,QD,VN1,330A 611A ,F,R,D,O ,F , ,N,C,50,0,0,0,1748490,5428320
Wellington City,24/08/2014,Sun,1120,FO,CN1C,129A 130A 358A ,M,R,D,O ,F ,X,S,C,50,0,0,0,1748430,5422244
Wellington City,25/11/2014,Tue,832,FD,CS1CC,331A 358A 181B ,,R,D,O ,M , , ,R,70,0,0,0,1751507,5424609
Wellington City,18/02/2014,Tue,1540,FD,CS1C,423A ,,R,D,B ,F , , ,R,70,0,0,0,1751471,5424561
Wellington City,31/05/2014,Sat,2325,CA,CN1,103A 402A 433A ,CH,R,D,DO,F , , ,C,50,0,0,0,1750943,5423309
Wellington City,21/10/2014,Tue,1100,MA,CE1T,373B 817 ,,E,D,B ,F , ,P,C,50,0,0,0,1748921,5431730
Wellington City,24/05/2014,Sat,1230,EA,CS1C,129A 378A 831 901 ,M,M,W,O ,H , , ,C,50,0,0,1,1748886,5431586
Wellington City,09/06/2014,Mon,1424,MB,CW1C,372B 380B ,,R,W,O ,L , ,N,C,50,0,0,0,1753722,5442156
Wellington City,27/09/2014,Sat,2209,BA,CE1C,112A 125A 137B ,,R,W,DO,L , ,N,N,50,0,0,0,1748847,5425044
Wellington City,08/02/2014,Sat,1353,MD,4W1C,308B 371B 929 ,,R,W,O ,L ,D,N,C,50,0,0,0,1749522,5424996
Wellington City,13/02/2014,Thu,1925,LB,SE1C,303B 375B ,,M,D,B ,F ,X,T,C,40,0,0,1,1749193,5424928
Wellington City,03/04/2014,Thu,1415,ND,CE1E,194A 711B ,P,R,D,B ,F ,T,N,C,50,0,0,0,1749445,5424982
Wellington City,08/06/2014,Sun,1741,QD,CS1CC,929,HMS,R,D,DO,F ,D, ,N,50,0,0,0,1749542,5424972
Wellington City,31/08/2014,Sun,1910,EA,CW1T,101A 130A ,M,R,D,DO,F ,T,N,N,50,0,0,0,1752180,5434367
Wellington City,31/08/2014,Sun,1910,EA,CW1T,129A ,M,R,D,DO,F , ,N,C,50,0,0,1,1752180,5434367
Wellington City,13/07/2014,Sun,55,AC,XE1X,372A ,,R,W,DO,L ,T,T,C,50,0,0,0,1749209,5427107
Wellington City,29/04/2014,Tue,1700,CB,VE1X,112A 129A ,,R,W,TO,F , ,N,C,50,0,0,0,1749322,5427084
Wellington City,06/04/2014,Sun,1215,MO,CW1C,371B ,,R,D,O ,F , , ,P,30,0,0,0,1749320,5427052
Wellington City,22/08/2014,Fri,1946,DA,VS2XC,197A 323A 334A 801 ,,R,W,TO,L ,X,T,R,50,0,0,1,1749351,5427078
Wellington City,03/08/2014,Sun,1612,AA,BW1C,330A 372A ,,R,D,O ,F ,X,T,R,30,0,0,0,1748957,5427242
Wellington City,07/02/2014,Fri,1618,EA,CW14,129A ,M,R,D,BF,F , ,N,C,50,0,0,0,1748973,5427230
Wellington City,30/03/2014,Sun,205,NB,CE1E,713B ,,R,D,DO,F , ,N,R,50,0,1,0,1748989,5427218
Wellington City,06/03/2014,Thu,2120,NB,SE1E,105B 713B ,,R,D,DO,F , , ,R,50,0,0,2,1749029,5427188
Wellington City,01/06/2014,Sun,1930,FE,CW1C,331A 350A ,,R,D,TF,F ,X,T,N,50,0,0,0,1748949,5427247
Wellington City,02/11/2014,Sun,325,MG,CE1C,109B 512B 514B ,,M,D,DO,F ,X,T,R,50,0,0,0,1749145,5427135
Wellington City,03/11/2014,Mon,825,EE,BW1C,374B ,Q,R, , F,  ,X,T,C,50,0,0,0,1749122,5427145
Wellington City,30/07/2014,Wed,1628,MO,XE1C,371A ,M,R,W,OF,L , ,N,R,50,0,0,0,1749113,5427149
Wellington City,11/02/2014,Tue,1630,MO,CE1C,371A 926 ,M,R,D,B ,F ,D,N,N,50,0,0,0,1749090,5427159
Wellington City,11/04/2014,Fri,1730,FC,VW1X,181A ,,R,W,OF,L ,X,T,R,50,0,0,0,1749136,5427139
Wellington City,06/08/2014,Wed,1520,MA,CW1T,371B 927 ,,R,D,O ,F ,D,N,P,50,0,0,0,1750197,5424170
Wellington City,26/04/2014,Sat,730,MO,TE1V,371A 386A 927 ,,R,D,O ,F ,D,N,C,50,0,0,0,1750226,5424163
Wellington City,15/02/2014,Sat,1516,MO,TE1C,385A ,M,R,D,BF,F , ,N,P,50,0,0,0,1750237,5424160
Wellington City,27/06/2014,Fri,1020,KB,CE1C,302B 382B ,,R,D,B ,F ,X,G,C,50,0,0,0,1750565,5424069
Wellington City,30/06/2014,Mon,,EA,CN1C,386A ,M,R,D,B ,F , ,N,C,50,0,0,0,1751893,5423608
Wellington City,03/09/2014,Wed,1130,JA,VS2C,302A 375A ,,E,D,B ,F ,R,G,C,50,0,0,0,1749773,5424942
Wellington City,10/08/2014,Sun,1105,MO,CS2S,370A 204B 330B 505B ,,E,D,B ,F ,R,G,R,50,0,1,0,1749773,5424942
Wellington City,13/07/2014,Sun,0,MO,4S1C,103A 352A 371A 514A ,M,M,D,DO,F , , ,L,50,0,0,0,1749874,5424824
Wellington City,21/01/2014,Tue,1138,KA,MS1C,302B 901 ,,E,W,O ,H ,R,G,R,50,0,0,0,1749773,5424942
Wellington City,29/10/2014,Wed,1745,JA,SS1C,302B 375B ,,R,D,OF,F ,R,G,R,50,0,0,1,1749773,5424942
Wellington City,08/06/2014,Sun,315,DA,CE1,111A 131A ,EF,M,D,DO,F , ,N,N,50,0,0,0,1751688,5434433
Wellington City,24/08/2014,Sun,2000,MO,CN1C,385A ,M,M,D,DN,F , ,N,C,50,0,0,0,1746210,5427243
Wellington City,01/09/2014,Mon,920,EE,CN1C,129A ,M,R,D,B ,F , , ,C,30,0,0,0,1748555,5426884
Wellington City,06/09/2014,Sat,1800,EA,CN14,129A ,M,R,D,O ,F , , ,C,50,0,0,0,1748526,5426820
Wellington City,03/07/2014,Thu,1515,BA,CS1X,125A 839 ,,R,D,BF,F ,M,S,C,50,0,0,0,1748534,5426838
Wellington City,03/03/2014,Mon,1137,QD,CN1C,428A ,M,R,D,BF,F , ,N,N,50,0,0,0,1748643,5427080
Wellington City,25/01/2014,Sat,2145,MO,CS1C,371A 385A ,M,R,D,DO,F , ,N,C,50,0,0,0,1748615,5427018
Wellington City,01/01/2014,Wed,10,EA,CN1C,129A ,M,R,D,DO,F , ,N,C,50,0,0,0,1748615,5427018
Wellington City,25/01/2014,Sat,1743,QD,CN1C,428A ,M,R,D,BF,F , ,N,P,50,0,0,0,1748525,5426818
Wellington City,18/10/2014,Sat,1425,KB,CN1C,302A 375A ,,R,D,B ,F ,R,G,R,50,0,0,0,1747088,5429114
Wellington City,31/07/2014,Thu,1825,EA,TS1C,129A ,M,R,D,DO,F ,T,G,C,50,0,0,0,1746843,5428182
Wellington City,01/04/2014,Tue,1600,EA,CN1C,129A ,M,R,D,B ,F , ,N,C,50,0,0,0,1746843,5428182
Wellington City,16/05/2014,Fri,1335,AO,CN1V,129A ,,R,D,B ,F ,T,T,R,50,0,0,0,1748876,5428214
Wellington City,30/10/2014,Thu,1120,MO,CN1X,371A ,,R,D,BF,F , ,N,C,50,0,0,0,1748796,5428051
Wellington City,21/06/2014,Sat,1028,FB,CE1M,181A ,,R,D,O ,F ,T,G,C,50,0,0,0,1748869,5428191
Wellington City,24/09/2014,Wed,2205,FE,CN1V,181A 331A ,,R,D,DO,F ,X,T,N,50,0,0,0,1748906,5428278
Wellington City,29/05/2014,Thu,750,FE,TN1C,181A 801 ,,R,W,O ,L ,T,T,R,50,0,0,0,1748982,5428438
Wellington City,11/04/2014,Fri,2208,MF,XW2C,129A 129B ,,M,W,DO,F ,X,T,C,30,0,0,0,1748740,5427923
Wellington City,15/08/2014,Fri,1530,NB,CS1,191A 710B 727B ,,R,D,O ,F , , ,C,50,0,0,1,1749213,5424830
Wellington City,08/03/2014,Sat,1232,MA,CN1C,386A 371B ,,R,D,B ,F , , ,N,50,0,0,0,1749156,5425110
Wellington City,26/08/2014,Tue,1645,KB,CS1C,302B ,,R,D,O ,F ,T,G,N,50,0,0,0,1749205,5424869
Wellington City,27/11/2014,Thu,1208,EA,VS14C,129A 350A ,MM,R,D,OF,F ,T,N,C,50,0,0,0,1749258,5424608
Wellington City,24/01/2014,Fri,2300,EA,CN1C,129A ,M,R,D,DO,F , ,N,C,50,0,0,0,1752845,5425555
Wellington City,13/05/2014,Tue,,EA,CE1C,129A ,M,R,W,DO,L , ,N,N,50,0,0,0,1749361,5429230
Wellington City,06/07/2014,Sun,1630,AE,CS1C,129A ,M,R,D,DO,F , ,N,C,50,0,0,0,1747932,5427100
Wellington City,01/05/2014,Thu,2014,EA,VN1C,386A ,M,E,D,TF,F , ,N,N,50,0,0,0,1747935,5427133
Wellington City,01/11/2014,Sat,2049,MO,CW1C,330A 330B ,,R,D,DO,F , , ,N,50,0,0,0,1748693,5427362
Wellington City,06/06/2014,Fri,1245,MG,CW1V,371B ,,R,D,O ,F ,X,G,C,50,0,0,0,1748825,5427303
Wellington City,20/01/2014,Mon,755,QD,OE1,611A ,K,M,D,B ,F ,T,N,C,50,0,0,0,1748454,5427469
Wellington City,06/05/2014,Tue,1230,NB,CW1E,712B 713B ,,R,D,BF,F , ,N,N,50,0,0,1,1748876,5427280
Wellington City,25/11/2014,Tue,1039,EA,VW1C,129A 353A ,M,M,D,OF,M ,T,G,C,50,0,0,0,1748329,5427525
Wellington City,18/03/2014,Tue,1811,AA,CW1V,372A ,,R,D,OF,F , ,N,C,50,0,0,0,1748588,5427409
Wellington City,05/11/2014,Wed,1301,EE,CW1C,374B ,M,R,D,O ,F , , ,C,50,0,0,0,1748543,5427429
Wellington City,16/04/2014,Wed,1010,MA,TW1C,371B ,,E,D,OF,F , ,N,C,50,0,0,0,1748566,5427419
Wellington City,14/02/2014,Fri,1740,FE,CE14,181A ,,R, , F,  ,X,T,C,50,0,0,0,1748511,5427443