TLANAME,CRASHDATE,CRASHDOW,CRASHTIME,MVMT,VEHICLES,CAUSES,OBJECTSSTRUCK,ROADCURVE,ROADWET,LIGHT,WTHRa,JUNCTYPE,TRAFCTRL,ROADMARK,SPDLIM,CRASHFATALCNT,CRASHSEVCNT,CRASHMINCNT,EASTING,NORTHING
Wellington City,07/02/2014,Fri,1100,MO,VW1C,371A ,M,R,D,BF,F , ,N,C,50,0,0,0,1748497,5427449
Wellington City,19/09/2014,Fri,1652,NA,CN1E,713B 714B ,,R,D,B ,F ,T,N,C,50,0,1,0,1745902,5428190
Wellington City,01/12/2014,Mon,850,KA,CW1C,308B 375B 929 ,,M,W,O ,F ,D,N,C,50,0,0,0,1748487,5423293
Wellington City,08/12/2014,Mon,200,DA,CE1C,103A 131A 517A ,M,M,D,DO,F , ,N,C,50,0,0,0,1749964,5424705
Wellington City,03/12/2014,Wed,37,DB,CS1,111A 131A 517A ,C,M,D,DO,F , , ,N,50,0,0,0,1749825,5424142
Wellington City,21/03/2014,Fri,1509,DA,CN1T,111A 134A ,M,S,D,B ,F ,T,N,C,50,0,0,0,1746220,5428162
Wellington City,16/05/2014,Fri,1528,JC,CE24,101A 302A 404A ,,R,D,B ,F ,T,G,C,50,0,0,0,1746328,5427880
Wellington City,06/07/2014,Sun,1504,BO,CW2S,124A 370A ,,R,D,O ,F ,T,G,C,50,0,0,1,1751139,5435050
Wellington City,09/12/2014,Tue,300,DB,CS1C,103A 129A ,HM,M,D,DO,F ,T,N,N,50,0,0,1,1750075,5423930
Wellington City,26/04/2014,Sat,1430,AC,CS1S,128A 129A 370A ,,R,D,B ,F , , ,C,50,0,0,1,1751027,5427387
Wellington City,19/12/2014,Fri,1411,EA,CN1C,129A 350A ,M,M,D,ON,F , ,N,C,50,0,0,0,1750602,5425639
Wellington City,03/12/2014,Wed,730,EA,VN1C,386A ,M,E,D,B ,F , ,N,C,80,0,0,0,1750493,5425345
Wellington City,10/03/2014,Mon,1747,EA,SS14,129A 350A ,M,R,D,BF,F , ,N,C,50,0,0,1,1750953,5427167
Wellington City,21/09/2014,Sun,415,DB,CS1,131A 402A ,H,M,W,DO,L , ,N,C,50,0,0,0,1750923,5427237
Wellington City,08/07/2014,Tue,826,EA,SN1C,374B ,Q,E,D,BF,F , ,N,C,50,0,0,1,1751006,5427553
Wellington City,26/01/2014,Sun,1139,MC,SW1C,372B ,,R,D,O ,F , , ,C,50,0,0,1,1750637,5425747
Wellington City,27/08/2014,Wed,1730,GD,4N1C,181A 331A 930 ,,E,D,OO,F ,D,N,C,50,0,0,0,1750353,5425095
Wellington City,13/01/2014,Mon,1350,FE,CN1C,331A ,,M,D,BF,F ,X,T,C,50,0,0,0,1750299,5424995
Wellington City,31/07/2014,Thu,2020,BF,CS1C,129A 131A ,,E,D,DO,F ,T,N,N,50,0,0,0,1747896,5427251
Wellington City,28/03/2014,Fri,2350,CB,4S1,103A 130A 862 ,X,R,D,DO,F , , ,L,50,0,0,0,1748098,5424280
Wellington City,07/03/2014,Fri,930,FE,VS1C,351A 387A ,,R,D,B ,F ,X,T,C,50,0,0,1,1748800,5428249
Wellington City,09/06/2014,Mon,1805,NF,CS1E,307A 350A 376A 645A 801 ,,R,W,DO,L ,X,T,C,50,0,0,1,1748800,5428249
Wellington City,06/05/2014,Tue,1910,MO,XS1X,371A ,Q,R,D,TO,F , ,N,N,50,0,0,0,1748990,5428656
Wellington City,15/07/2014,Tue,1028,FE,VS1C,181A 501A ,,R,D,O ,F ,X,T,R,50,0,0,0,1748999,5428685
Wellington City,09/03/2014,Sun,1459,MG,CS1C,371B ,,R,D,BF,F ,X,T,C,50,0,0,0,1748862,5428387
Wellington City,05/08/2014,Tue,1615,MO,CS14,330A 387A ,,R,D,O ,F ,X,T,C,50,0,0,0,1748858,5428378
Wellington City,28/07/2014,Mon,1653,HA,CW2C,322B 334B ,,R,D,B ,F ,X,T,C,50,0,0,0,1748858,5428378
Wellington City,24/10/2014,Fri,1730,MO,XW1X,371A ,M,R,D,BF,F , ,N,C,50,0,0,0,1748937,5428548
Wellington City,25/03/2014,Tue,2045,LB,CW2C,303B ,,M,W,DO,H ,X,T,C,50,0,0,0,1748924,5428522
Wellington City,02/04/2014,Wed,1707,FA,CN1S,112A 181A ,,R,D,B ,F ,X,G,P,50,0,1,0,1753691,5442189
Wellington City,05/02/2014,Wed,2130,EA,CS1C,129A ,M,R, ,DO,  , ,N,N,50,0,0,0,1753691,5442189
Wellington City,01/06/2014,Sun,1511,NA,CN1E,191A 378A 713B 726B ,,R,D,B ,F ,T,N,N,50,0,0,0,1749101,5429583
Wellington City,04/12/2014,Thu,1328,JA,CS1CC,308B 377B 839 929 ,M,R,D,O ,F ,D, ,C,50,0,0,0,1748926,5424627
Wellington City,30/05/2014,Fri,1555,DB,MS1C,132A 407A 818 ,,S,D,O ,F ,T,N,C,50,0,1,0,1747889,5425116
Wellington City,23/12/2014,Tue,843,FB,4W1C,181A 357A ,,R,D,B ,F ,T,G,C,50,0,0,0,1751194,5435039
Wellington City,29/12/2014,Mon,2010,DB,CS1,613A ,P,E,D,BF,F , ,N,C,50,0,0,0,1751140,5433925
Wellington City,29/12/2014,Mon,1225,EA,CW1C,129A 353A ,M,R,D,BF,F , ,N,C,50,0,0,0,1751311,5434233
Wellington City,05/01/2014,Sun,2025,HA,CW2C,101A 321A ,,R,D,TN,F ,X,S,C,50,0,0,0,1750095,5423527
Wellington City,02/10/2014,Thu,1820,NA,CE1E,711B ,,R,D,TO,F ,T,N,C,50,0,0,1,1748330,5427324
Wellington City,01/05/2014,Thu,1930,FA,CE1C,181A ,,R,D,DO,F ,X,G,C,50,0,0,0,1748686,5427164
Wellington City,09/05/2014,Fri,1431,EE,CW1V,374B ,M,R,D,O ,F , , ,P,50,0,0,0,1748695,5427159
Wellington City,27/12/2014,Sat,113,MD,CE1C,308B 927 ,,R,D,DO,F ,D,N,C,50,0,0,0,1748699,5427157
Wellington City,09/11/2014,Sun,150,NA,CE1E,105B 713B ,,R,D,DO,F , ,N,N,50,0,0,1,1748727,5427145
Wellington City,12/03/2014,Wed,800,FF,4E1C,181A 387A ,,R,D,BF,F ,T,N,N,50,0,0,0,1748799,5427110
Wellington City,19/08/2014,Tue,1601,NA,CW1E,711B ,,R,D,O ,F , , ,R,50,0,0,1,1748776,5427122
Wellington City,29/05/2014,Thu,1130,JA,CS1C,302A 375A ,,E,W,OF,L ,T,G,C,50,0,0,0,1748255,5427358
Wellington City,31/08/2014,Sun,1044,FE,CE1C,181A 423A ,,R,D,B ,F ,X,T,C,50,0,0,0,1748533,5427232
Wellington City,20/11/2014,Thu,1826,BB,BS1V,129A ,,M,D,OF,F , ,N,C,50,0,0,0,1752780,5434404
Wellington City,12/06/2014,Thu,45,DB,CE1,131A ,CS,M,W,DO,F ,T,N,N,50,0,0,0,1752658,5434397
Wellington City,08/08/2014,Fri,1725,MC,CN1C,372B ,,R,W,TF,F , , ,C,50,0,0,0,1747425,5428154
Wellington City,28/01/2014,Tue,1325,MO,BS1C,386A ,M,R,D,B ,F , , ,C,50,0,0,0,1747766,5428459
Wellington City,05/05/2014,Mon,1449,AO,CS1CCC,129A 410A 801 903 ,,R,W,O ,LS, , ,C,50,0,0,0,1747852,5428510
Wellington City,31/12/2014,Wed,949,DA,CS1,111A 131A ,C,S,W,O ,F , ,N,C,50,0,0,0,1747159,5427711
Wellington City,03/03/2014,Mon,820,FD,CS1C,181A 331A ,,R,D,B ,F , , ,C,50,0,0,0,1747101,5427865
Wellington City,24/08/2014,Sun,855,MO,CN1,410A 427A 926 ,H,R,D,O ,F ,D,N,R,30,0,0,1,1751346,5434812
Wellington City,06/11/2014,Thu,1355,EA,CE1C,386A 818 ,M,R,D,B ,F , ,N,C,50,0,0,0,1748956,5429834
Wellington City,25/07/2014,Fri,1345,MO,XE1C,386A ,M,R,D,B ,F ,X,G,N,50,0,0,0,1748750,5428116
Wellington City,18/03/2014,Tue,728,FB,CW1S,181A ,,M,D,TO,F ,T,N,N,50,0,0,1,1747792,5427679
Wellington City,11/10/2014,Sat,12,DB,CN1C,103A 111A 131A ,HKM,M,D,DO,F , , ,N,50,0,0,0,1747829,5423897
Wellington City,13/04/2014,Sun,55,DB,CN1CC,131A ,M,M,D,DO,F , ,N,C,50,0,0,0,1747797,5423759
Wellington City,22/09/2014,Mon,1730,HA,CW1V,322B 330B ,,R,W,O ,L ,X,T,C,50,0,0,0,1748741,5425246
Wellington City,21/01/2014,Tue,805,DB,PS1,135A 400A 807 901 ,,S,W,O ,H , , ,C,50,0,1,0,1751843,5436641
Wellington City,24/03/2014,Mon,812,EA,CE1V,129A 363A 902 ,M,E,D,BF,F , ,N,C,50,0,0,0,1751369,5436669
Wellington City,05/03/2014,Wed,1115,BA,MS1C,197A 197B 801 818 ,,R,W,O ,L , , ,N,50,0,0,1,1748789,5425828
Wellington City,09/12/2014,Tue,38,EA,CS1CC,129A ,M,R,D,DF,F , ,N,C,50,0,0,0,1748763,5425725
Wellington City,10/07/2014,Thu,46,EA,CN1T,103A 129A 630A ,M,R,D,DO,F , , ,C,50,0,1,1,1747096,5422514
Wellington City,06/07/2014,Sun,1010,CC,CS1CC,130A 402A 412A ,MS,R,D,B ,F , , ,C,50,0,0,0,1747133,5422434
Wellington City,06/02/2014,Thu,345,CC,TN1,197A ,V,R,D,DO,F , , ,C,70,0,0,0,1747177,5423618
Wellington City,29/05/2014,Thu,430,DC,CN1,103A 111A 131A 801 ,C,S,W,DO,L , , ,C,50,0,1,0,1750136,5426431
Wellington City,07/10/2014,Tue,1440,FD,4N1C,181A ,,R,D,BF,F , ,N,C,50,0,0,0,1749916,5426276
Wellington City,02/08/2014,Sat,1900,MO,VS1C,371A 901 ,M,E,W,DO,H , , ,C,50,0,0,0,1750789,5426648
Wellington City,25/03/2014,Tue,853,HA,CN2C,302A 375A ,,S,D,BF,F ,R,G,N,50,0,0,0,1750880,5434203
Wellington City,15/01/2014,Wed,1011,MO,XW1V,333A 387A ,,R,D,BF,F , ,N,C,50,0,0,0,1749721,5427100
Wellington City,13/07/2014,Sun,445,EA,CE1C,129A 410A ,M,M,D,DO,F , , ,C,50,0,0,0,1744251,5427287
Wellington City,19/03/2014,Wed,1145,BB,CE1C,123A 818 ,,E,D,BF,F , ,N,N,50,0,0,0,1747964,5425928
Wellington City,28/08/2014,Thu,740,GO,TW1C,179A ,,E,D,B ,F ,R,G,C,50,0,0,0,1751535,5435177
Wellington City,14/07/2014,Mon,2050,MA,CE1C,373B ,,M,D,DO,F ,T,N,N,30,0,0,0,1748993,5424099
Wellington City,17/04/2014,Thu,845,MO,CE1C,385A ,M,R,W,OF,H , ,N,C,50,0,0,0,1748729,5428982
Wellington City,28/03/2014,Fri,1532,NA,CE1E,712B 713B 727B ,,R,D,BF,F , ,N,C,50,0,0,1,1748779,5428979
Wellington City,29/06/2014,Sun,1256,MC,4N1C,372B 402B ,,R,D,B ,F , ,N,C,50,0,0,0,1751780,5424024
Wellington City,22/10/2014,Wed,827,EE,CS1X,374B ,M,R,D,B ,F , , ,C,50,0,0,0,1749118,5429547
Wellington City,09/11/2014,Sun,1807,CB,CN1CC,129A 358A ,M,R,D,BF,F , ,N,N,50,0,0,0,1748545,5426586
Wellington City,15/04/2014,Tue,1030,MC,VN14,372B ,,M,D,B ,F ,T,N,C,50,0,0,0,1749542,5422847
Wellington City,17/01/2014,Fri,2119,DA,CN2,111A 131A ,F,S,D,DO,F ,T,G,C,50,0,0,0,1752948,5434871
Wellington City,07/02/2014,Fri,945,BA,VN14,125A ,,R,D,BF,F , ,N,C,50,0,0,0,1749646,5422757
Wellington City,20/02/2014,Thu,1331,KA,BE14,300B 404B ,,M,D,BF,F ,M,T,N,50,0,0,0,1748708,5428049
Wellington City,26/04/2014,Sat,1853,AA,VS2B,209A 370A ,,E,D,TO,F ,M,T,C,50,0,0,0,1748708,5428049
Wellington City,06/11/2014,Thu,1734,AO,CE1T,386A ,,E,D,B ,F , , ,C,80,0,0,0,1752067,5432269
Wellington City,10/11/2014,Mon,1649,FB,CS1C,181A 387A ,,R,D,B ,F ,T,G,R,80,0,0,1,1751911,5432171
Wellington City,19/07/2014,Sat,1812,BF,CN1C,103A 111A ,IP,E,D,DO,F ,X,T,R,80,0,3,1,1751905,5432182
Wellington City,13/08/2014,Wed,1115,MO,CS1C,357A 386A 209B 357B ,M,R,D,B ,F , , ,R,80,0,0,0,1751865,5432128
Wellington City,04/06/2014,Wed,755,AA,SS1CV,130A 150A 440C ,,R,D,B ,F , , ,P,60,0,1,1,1750295,5431154
Wellington City,07/10/2014,Tue,830,FE,TS14,181A 331A ,,M,D,B ,F ,X,T,N,60,0,0,0,1749930,5430814
Wellington City,19/07/2014,Sat,1806,FE,CN1C,101A 112A ,,R,D,DO,F ,T,T,R,60,0,0,0,1750842,5431430
Wellington City,29/09/2014,Mon,946,AO,TN1T,150A 381A 381B ,,R,D,B ,F , ,N,P,60,0,0,0,1750099,5430993
Wellington City,28/06/2014,Sat,200,CC,CN1,101A 112A 386A ,HP,R,D,DO,L , ,N,P,60,0,0,1,1749753,5430633
Wellington City,15/01/2014,Wed,1843,FA,CN1C,181A 410A ,,R,D,O ,F , , ,R,50,0,0,0,1749753,5430633
Wellington City,21/10/2014,Tue,1725,LB,VN1C,303B ,,R,D,B ,F ,T,G,L,60,0,0,0,1749893,5430775
Wellington City,22/07/2014,Tue,634,CC,CN1,410A ,FP,R,D,DO,F , ,N,C,50,0,0,0,1750004,5430900
Wellington City,11/02/2014,Tue,859,GB,SS1V,142B 192B 927 ,,R,D,O ,F ,D,N,C,50,0,0,1,1749994,5430890
Wellington City,25/10/2014,Sat,1101,HA,SN1C,112B 302B 330B ,,R,D,B ,F ,X,G,R,50,0,0,1,1753373,5423765
Wellington City,16/04/2014,Wed,730,HA,CE2V,302A 375A ,,R,W,OF,L ,X,G,C,50,0,0,0,1753373,5423765
Wellington City,18/05/2014,Sun,450,EA,CN1C,129A 358A ,M,R,D,DO,F , , ,C,50,0,0,0,1752350,5424065
Wellington City,12/09/2014,Fri,2305,EA,CN1C,101A 129A ,M,R,W,DO,L , ,N,C,50,0,0,1,1752308,5423771
Wellington City,04/11/2014,Tue,730,MO,CE1C,371A 386A ,M,R,D,B ,F ,T,N,C,50,0,0,0,1751311,5435248
Wellington City,17/07/2014,Thu,600,CA,VN1C,129A 130A 361A ,,R,W,DO,L , , ,N,50,0,0,0,1753995,5438905
Wellington City,20/02/2014,Thu,1859,MO,VN1C,386A ,M,R,D,B ,F , , ,N,50,0,0,0,1747797,5425952
Wellington City,19/09/2014,Fri,2230,NC,XW1E,376A ,,R,W,DO,L ,T,G,C,50,0,0,1,1748869,5428191
Wellington City,18/12/2014,Thu,1555,FD,CS1CC,331A 358A ,,R,W,OF,L , ,N,C,50,0,0,0,1748919,5427697
Wellington City,07/02/2014,Fri,1319,KB,CS1C,322B ,,R,W,O ,L ,T,T,C,50,0,0,0,1748916,5427717
Wellington City,16/04/2014,Wed,1710,FE,CS14,181A ,,R,W,DO,M ,T,T,C,50,0,0,0,1748916,5427717
Wellington City,07/07/2014,Mon,1407,KB,CS1C,322A 334A ,,R,D,O ,F ,T,T,R,50,0,0,0,1748916,5427717
Wellington City,27/10/2014,Mon,10,MO,CN1,136A 613A 926 ,P,E,W,DO,L ,D,T,C,50,0,0,1,1748881,5427984
Wellington City,10/10/2014,Fri,1633,MO,CS1C,353A 420A ,,R,D,B ,F , , ,C,50,0,0,0,1748940,5427555
Wellington City,24/01/2014,Fri,1328,FE,CS1C,181A ,,R,D,BF,F ,T,T,R,50,0,0,0,1748897,5427866
Wellington City,01/02/2014,Sat,,QD,CN1C,428A ,,R, , F,F , ,N,R,50,0,0,0,1748902,5427831
Wellington City,16/05/2014,Fri,1410,FD,CN1V,181A 387A ,,R,D,BF,F ,T,T,R,50,0,0,0,1748899,5427851
Wellington City,31/08/2014,Sun,1730,CB,CW1P,129A ,M,R,D,DO,F ,T,N,C,50,0,0,0,1748825,5426966
Wellington City,28/02/2014,Fri,1933,NA,CW1E,376A ,,R,D,O ,FS, , ,C,50,0,0,1,1748812,5425613
Wellington City,11/07/2014,Fri,1205,BO,CE1C,109A 129A 386A ,,E,D,O ,F ,X,S,C,50,0,0,0,1748734,5425630
Wellington City,10/05/2014,Sat,1900,GF,CE1C,386A ,,R,D,DO,F ,X,T,C,50,0,0,0,1748832,5425608
Wellington City,11/01/2014,Sat,1718,DB,PE1,131A 402A ,,S,D,O ,F , , ,C,50,0,0,1,1748715,5425625
Wellington City,09/11/2014,Sun,1512,FD,CS1C,181A ,,R,D,B ,F , , ,N,50,0,0,0,1751687,5434160
Wellington City,23/07/2014,Wed,2259,LB,PN1C,303B 922 ,,E,D,DO,F ,D,N,C,50,0,0,1,1751476,5434504
Wellington City,15/08/2014,Fri,1229,JA,CN1C,370A 314B 377B 927 ,,R,D,O ,F ,D, ,P,50,0,0,0,1751472,5434654
Wellington City,26/08/2014,Tue,1253,GA,4S1C,181A 927 ,,R,D,B ,F ,D,N,C,50,0,0,0,1751471,5434644
Wellington City,27/06/2014,Fri,1730,AA,CN1C,372A ,,R,D,DO,F , ,N,P,50,0,0,0,1751467,5434615
Wellington City,28/06/2014,Sat,1420,AA,CN1M,372A ,,R,D,B ,F ,T,T,C,50,0,0,1,1751486,5434861
Wellington City,11/06/2014,Wed,245,MC,VN14,372B ,,R,D,DO,F ,T,N,C,80,0,0,0,1751498,5435035
Wellington City,29/03/2014,Sat,1325,MA,CN1B,373B 671B ,,R,D,O ,F , , ,C,50,0,0,0,1751497,5435020
Wellington City,05/06/2014,Thu,1640,HA,CN1S,302A ,,R,D,OF,FS,M,G,N,50,0,0,1,1751500,5435050
Wellington City,18/09/2014,Thu,1829,HA,CE1S,302A 375A ,,R,D,B ,L ,M,G,C,50,0,0,1,1751500,5435050
Wellington City,12/11/2014,Wed,1650,GF,TN1C,179A ,,M,D,BF,F ,R,G,C,50,0,0,0,,
Wellington City,10/04/2014,Thu,600,MG,CW1C,371B ,,R,D,B ,F ,X,T,C,50,0,0,0,1748906,5428278
Wellington City,25/10/2014,Sat,1400,MO,CW1C,371A 385A ,M,R, , F,  , ,N,N,50,0,0,0,1748732,5428357
Wellington City,21/04/2014,Mon,1645,DC,PN2,130A 400A 420A ,F,M,D,O ,F ,T,N,C,50,0,0,1,1752120,5425745
Wellington City,27/12/2014,Sat,1029,CC,CN1C,410A ,M,R,D,B ,F , , ,C,50,0,0,2,1749771,5430976
Wellington City,30/06/2014,Mon,640,DA,PE1,129A 903 ,,E,W,TO,FS, ,N,C,50,0,0,1,1749518,5431092
Wellington City,22/10/2014,Wed,800,LB,MS1C,303B 377B ,,E,D,BF,F ,T,G,C,50,0,1,0,1749664,5431074
Wellington City,25/09/2014,Thu,1503,EA,CW1C,129A 130A ,M,R,D,O ,F , , ,P,50,0,0,0,1745424,5428154
Wellington City,07/06/2014,Sat,1528,EA,CW1CC,330A 359A 402A ,M,E,D,O ,F , , ,C,50,0,0,0,1744925,5427983
Wellington City,21/06/2014,Sat,1344,CB,CW1C,501A ,M,R,D,O ,F , , ,R,50,0,0,0,1744896,5427979
Wellington City,04/08/2014,Mon,751,CA,CE1S,129A 386A 817 ,,R,D,B ,F , , ,C,50,0,0,0,1745887,5428319
Wellington City,01/11/2014,Sat,800,LB,SW14,303B 375B ,,R,D,BF,FS,T,T,C,50,0,1,0,1745859,5428309
Wellington City,04/09/2014,Thu,1430,FD,MW1CC,181A 191B ,,R,D,B ,F , ,N,P,50,0,0,1,1745078,5428028
Wellington City,02/06/2014,Mon,734,NA,CE1E,306A 645A ,,R,D,TF,F , , ,X,50,1,0,0,1745981,5428353
Wellington City,07/06/2014,Sat,600,EA,CE1CC,101A 129A ,M,R,D,DO,F ,T,N,P,50,0,0,0,1746434,5428492
Wellington City,10/09/2014,Wed,1150,MA,XW1C,129A 370B ,,R,D,O ,F , , ,C,50,0,0,0,1746188,5428425
Wellington City,13/04/2014,Sun,1600,JA,CE1C,302B 375B ,,R,W,B ,F ,T,G,C,50,0,0,0,1746112,5428399
Wellington City,01/05/2014,Thu,637,LB,PE1C,303B 377B ,,R,D,DO,F ,T,G,P,50,0,1,0,1745047,5428017
Wellington City,06/06/2014,Fri,1811,FC,ME1C,110A 181A 331A ,,E,D,DO,F , , ,X,50,0,0,1,1746534,5428506
Wellington City,26/06/2014,Thu,2304,NA,XW1E,306A 376A 724B 801 ,,E,W,DO,L , , ,X,50,0,0,1,1746562,5428516
Wellington City,22/08/2014,Fri,1203,GD,XS1C,181A 331A ,,R,D,O ,F ,T,G,C,50,0,0,0,1746606,5428554
Wellington City,21/02/2014,Fri,2120,NF,CN2E,124A 370A ,,R,D,DO,F ,T,N,C,50,0,0,1,1748885,5428885
Wellington City,26/04/2014,Sat,1035,CC,CS1,130A ,S,R,D,B ,F , , ,P,50,0,0,0,1748055,5427727
Wellington City,01/08/2014,Fri,1215,MA,CS1C,373B 377B 839 ,,R,W,OF,L , ,N,P,50,0,0,0,1748112,5427855
Wellington City,05/05/2014,Mon,1150,QD,VS1,428A ,S,R,D,OF,F , ,N,C,50,0,0,0,1748075,5427773
Wellington City,14/02/2014,Fri,710,JA,CE1C,302B 375B ,,E,D,BF,  ,Y,G,N,50,0,0,0,1748148,5427897
Wellington City,01/06/2014,Sun,530,DA,CW1C,131A ,M,M,W,DO,F , ,N,N,50,0,0,0,1753271,5434329
Wellington City,10/04/2014,Thu,1257,EA,CN1C,129A ,M,E,W,O ,M , , ,N,50,0,0,0,1753024,5434708
Wellington City,28/03/2014,Fri,2030,ND,CN2E,370A 724B 862 ,,R,D,DO,F ,T,G,C,50,0,0,1,1752948,5434871
Wellington City,14/03/2014,Fri,800,EA,CS1C,410A ,M,E,D,TF,F , , ,N,50,0,0,0,1753237,5434502
Wellington City,06/04/2014,Sun,30,CB,CS1,103A 130A 904 ,KP,R,W,DO,M , , ,R,50,0,0,0,1749263,5426817
Wellington City,19/02/2014,Wed,1900,FA,4N1X,181A ,,R,D,BF,F ,T,N,R,50,0,0,0,1749271,5426835
Wellington City,13/06/2014,Fri,1015,NG,CS1E,371A 714B 730B ,,R,D,B ,F , , ,P,50,0,0,1,1749364,5427042
Wellington City,09/04/2014,Wed,1540,MF,CS1C,386B ,,R,W,O ,F , , ,N,50,0,0,0,1748808,5424930
Wellington City,23/12/2014,Tue,655,DA,PW1,111A 131A ,,M,D,B ,F , ,N,C,50,0,0,1,1749699,5432170
Wellington City,28/08/2014,Thu,1518,MO,CW1,330A 423A 501A 926 ,F,R,D,B ,F ,D,N,C,50,0,0,0,1750169,5424582
Wellington City,06/03/2014,Thu,1035,MA,VN1C,373B ,,E,D,O ,F , ,N,N,50,0,0,0,1750066,5424759
Wellington City,13/06/2014,Fri,1153,EA,TN1B,613A ,Q,E,D,BF,F , ,N,R,50,0,0,0,1750077,5424722
Wellington City,25/03/2014,Tue,1035,CA,CS1C,927,CM,R,D,B ,F ,D,N,C,50,0,0,0,1750688,5423405
Wellington City,12/09/2014,Fri,1210,MO,CS1C,387A 330B 371B 671B ,,R,D,O ,F , , ,C,50,0,0,0,1750718,5423496
Wellington City,29/08/2014,Fri,1414,DA,CN1C,111A 431A 517A ,M,M,D,OF,F , ,N,C,50,0,0,0,1750780,5423625
Wellington City,20/11/2014,Thu,1927,QO,OE1OTC,422A 532A 428C ,QHM,R,D,BF,F , ,N,C,50,0,0,2,1747949,5421424
Wellington City,09/02/2014,Sun,2345,EA,4S1C,129A ,M,E,W,DO,L , ,N,N,50,0,0,0,1750248,5426094
Wellington City,01/05/2014,Thu,2205,NB,XS1E,178A ,,E,W,DO,F , , ,C,30,0,1,0,1748725,5428603
Wellington City,26/06/2014,Thu,1320,FE,CE1C,181A ,,R, , F,  ,X,T,C,50,0,0,0,1748819,5428688
Wellington City,09/06/2014,Mon,1721,FE,BN1B,423A 901 ,,R,W,DO,H ,T,T,R,50,0,0,2,1748688,5428300
Wellington City,29/07/2014,Tue,930,EO,TS1,129A 682A ,S,E,D,BF,F , ,N,L,50,0,0,0,1748694,5428059
Wellington City,27/01/2014,Mon,850,AO,BS1C,381A 671A ,,R,D,ON,F , ,N,C,50,0,0,0,1748680,5428247
Wellington City,12/03/2014,Wed,1940,PC,CN1E,357A 371A 926 ,,R,D,DO,F ,D,N,N,30,0,0,1,1748720,5427982
Wellington City,27/03/2014,Thu,945,MA,XS1B,350B 373B ,,R,D,O ,F , , ,C,30,0,0,0,1748726,5428518
Wellington City,15/04/2014,Tue,1459,MO,BS1X,129A 350A ,Q,R,D,B ,F , , ,R,50,0,0,0,1748807,5428679
Wellington City,18/05/2014,Sun,1045,MO,CE1C,386A 926 ,M,R,W,O ,F ,D,N,N,10,0,0,0,1746797,5422920
Wellington City,04/09/2014,Thu,830,JA,VS1C,302B ,,R,D,B ,F ,T,G,C,50,0,0,0,1748188,5425021
Wellington City,21/04/2014,Mon,2030,EA,CE14,129A ,M,R,D,DO,F ,T,G,C,50,0,0,0,1752871,5440876
Wellington City,12/11/2014,Wed,2117,CA,CE1V,504A ,M,R,W,DO,L , , ,N,50,0,0,0,1753577,5442208
Wellington City,29/03/2014,Sat,1330,EA,CN1C,129A ,M,R,D,BF,F , ,N,C,50,0,0,0,1749463,5427013
Wellington City,05/07/2014,Sat,1331,NA,MW1E,712B ,,R,D,B ,F , , ,C,50,0,1,0,1749236,5426858
Wellington City,23/05/2014,Fri,1623,MO,CS1C,386A 929 ,M,R,D,O ,F ,D, ,C,50,0,0,0,1749519,5432171
Wellington City,20/06/2014,Fri,1550,KA,VE1C,302B ,,R,D,B ,F ,T,G,C,50,0,0,0,1750081,5423053
Wellington City,16/02/2014,Sun,904,JA,SE1C,302B 375B ,,M,D,BF,F ,R,G,R,50,0,0,1,1750238,5423152
Wellington City,09/04/2014,Wed,2152,DA,CN1,131A 801 ,,S,W,DN,L , , ,N,50,0,0,0,1748243,5430643
Wellington City,09/04/2014,Wed,24,DB,CW1,108A 111A 131A 801 ,H,M,W,DO,L ,T,N,C,50,0,0,1,1748454,5427469
Wellington City,23/05/2014,Fri,1106,AA,VS1C,153A 197A ,,R,D,O ,F , , ,C,50,0,0,0,1750403,5424199
Wellington City,24/06/2014,Tue,945,EA,CN1CC,129A 350A ,M,R,D,BF,F , ,N,C,50,0,0,0,1750417,5424247
Wellington City,23/05/2014,Fri,100,DA,CN1,111A 131A ,F,M,D,DN,F , ,N,C,50,0,0,0,1752666,5426452
Wellington City,26/03/2014,Wed,700,KB,XN1V,301B 375B 403B 671B ,,R,D,B ,F ,T,S,C,50,0,0,0,1753151,5439148
Wellington City,10/01/2014,Fri,1522,JA,CN1C,302B 375B ,,R,D,BF,F ,T,G,C,50,0,0,0,1753063,5440481
Wellington City,01/05/2014,Thu,1820,MC,CN1C,372B 671B 801 ,,R,W,DO,L , , ,R,50,0,0,0,1753101,5440921
Wellington City,10/04/2014,Thu,1930,LB,CS1C,302A 375A ,,R,W,TO,L ,R,G,R,50,0,0,0,1753498,5442235
Wellington City,06/02/2014,Thu,1738,DA,PN1,129A 131A 402A ,K,R,D,B ,F ,T,G,C,50,0,0,1,1753332,5441667