TLANAME,CRASHDATE,CRASHDOW,CRASHTIME,MVMT,VEHICLES,CAUSES,OBJECTSSTRUCK,ROADCURVE,ROADWET,LIGHT,WTHRa,JUNCTYPE,TRAFCTRL,ROADMARK,SPDLIM,CRASHFATALCNT,CRASHSEVCNT,CRASHMINCNT,EASTING,NORTHING
Wellington City,25/08/2014,Mon,1400,EA,CN1V,129A 363A 902 ,M,R,D,B ,F , , ,P,50,0,0,0,1753044,5440347
Wellington City,22/07/2014,Tue,1830,GD,CN1C,331A 358A 427A 927 ,,R,D,DO,F ,D,N,P,50,0,0,1,1753118,5439983
Wellington City,07/12/2014,Sun,1325,EA,CN1CC,129A 353A 801 ,M,R,W,O ,L , , ,C,50,0,0,0,1753102,5439884
Wellington City,04/06/2014,Wed,1740,FD,CN1CC,181A 330A ,,R,D,TO,F , ,N,P,80,0,0,0,1752977,5439413
Wellington City,30/08/2014,Sat,1145,JA,CS1C,302B 375B ,,R,D,B ,F ,T,G,C,50,0,0,0,1753126,5441034
Wellington City,04/06/2014,Wed,800,KA,CS2C,111B 302B 330B ,,R,D,B ,F ,R,G,C,50,0,0,0,1753316,5439020
Wellington City,09/09/2014,Tue,1832,DA,CN1CC,111A 357A ,M,E,D,DO,F , ,N,N,50,0,0,0,1748267,5430542
Wellington City,15/05/2014,Thu,1800,MO,CE1C,371A ,M,R,W,DO,F ,T,G,C,50,0,0,0,1749455,5427033
Wellington City,15/12/2014,Mon,1823,BF,TS1C,123A 150A ,,M,D,B ,F , ,N,C,50,0,0,0,1743862,5428410
Wellington City,26/02/2014,Wed,1136,MA,CS1T,150A 378B ,,R,D,B ,F , ,N,C,50,0,0,0,1744213,5427809
Wellington City,18/06/2014,Wed,1420,BF,CE14,111A 131A ,,S,D,O ,F , , ,C,50,0,0,0,1743967,5428241
Wellington City,28/11/2014,Fri,1612,EO,TN1,129A 330A ,P,M,D,O ,F , ,N,C,50,0,0,0,1743137,5429036
Wellington City,22/10/2014,Wed,1718,MD,CN1C,387A 371B ,,R,D,B ,F , ,N,C,50,0,0,0,1747885,5425046
Wellington City,18/09/2014,Thu,1145,MO,TS1C,130A 423A ,FHM,R,D,B ,F , , ,N,50,0,0,1,1748743,5424968
Wellington City,24/02/2014,Mon,1430,NA,BW1E,711B ,,R,D,B ,F ,X,T,N,50,0,1,0,1748776,5427395
Wellington City,05/12/2014,Fri,2110,LB,XW1S,140A ,,R,D,DO,F ,M,T,C,30,0,0,1,1748949,5427247
Wellington City,29/01/2014,Wed,1715,NB,BN1E,712B 714B 732B ,,R,D,B ,F , , ,L,30,0,0,1,1748670,5427513
Wellington City,23/12/2014,Tue,1250,LB,CN1M,302A 375A ,,R,D,B ,F ,R,G,C,50,0,1,0,1749049,5424545
Wellington City,28/03/2014,Fri,1615,CB,VW1V,129A 197A ,,R,D,O ,F , , ,C,50,0,0,0,1752457,5436545
Wellington City,25/03/2014,Tue,,EA,CW1T,129A ,M,R,D,BF,F , ,N,C,50,0,0,0,1752312,5436070
Wellington City,17/05/2014,Sat,124,DB,CN1,103A 111A 131A ,X,M,W,DN,F , ,N,C,50,0,0,1,1753228,5427569
Wellington City,19/02/2014,Wed,1210,BB,SS1M,205A 330A 370B 831 ,,S,D,B ,F , , ,C,40,0,0,2,1753418,5426602
Wellington City,25/02/2014,Tue,1826,DA,CS1,111A 131A ,X,M,D,BN,F , ,N,C,50,0,0,0,1753670,5426675
Wellington City,02/08/2014,Sat,1425,EA,CN1C,129A 331A 801 ,M,M,W,O ,L , , ,C,50,0,0,0,1751846,5425105
Wellington City,08/05/2014,Thu,1635,NA,CW1E,711B ,,R,D,B ,F ,T,N,P,50,0,0,0,1753488,5441618
Wellington City,24/12/2014,Wed,1709,MG,CW1CC,371B ,M,E,D,B ,F ,T,S,C,50,0,0,0,1748372,5422555
Wellington City,02/09/2014,Tue,1210,EA,TE1C,129A ,M,R, ,BF,  , ,N,N,50,0,0,0,1749145,5425241
Wellington City,06/11/2014,Thu,910,KB,CW1C,308B 375B 930 ,,R,W,O ,F ,D,N,N,50,0,0,0,1749120,5425236
Wellington City,25/11/2014,Tue,1742,EA,VN1C,197A 386A ,M,R,D,O ,F , ,N,N,50,0,0,0,1749110,5425234
Wellington City,09/09/2014,Tue,1655,KA,CW1C,302B 375B ,,R,D,O ,F ,T,G,C,50,0,0,0,1749130,5425238
Wellington City,08/09/2014,Mon,1445,MA,CW1B,373B ,,R,D,BF,F , ,N,C,50,0,0,0,1749064,5425225
Wellington City,13/07/2014,Sun,1020,BA,CW1V,129A ,,R,W,OF,F , ,N,C,50,0,0,0,1749113,5425234
Wellington City,08/10/2014,Wed,1132,NB,CS1E,370A 818 ,,E,D,OF,FS, ,N,N,50,0,0,0,1748646,5423066
Wellington City,24/07/2014,Thu,2133,EA,CN1C,101A 129A 358A ,M,E,D,DO,F , , ,C,50,0,0,0,1748799,5422264
Wellington City,04/09/2014,Thu,930,EE,VE1C,129A 350A ,M,E,D,B ,F , ,N,C,50,0,0,0,1748644,5422177
Wellington City,20/12/2014,Sat,2235,EA,CE1C,103A 129A ,M,E,W,DO,L ,X,G,C,50,0,0,0,1748616,5422187
Wellington City,15/12/2014,Mon,1200,CC,CN1,130A 410A ,T,R,D,B ,F , ,N,C,50,0,0,0,1751716,5435600
Wellington City,20/12/2014,Sat,1841,GB,CS1C,175B 929 ,,R,W,O ,F ,D,N,C,50,0,0,0,1751848,5435955
Wellington City,08/07/2014,Tue,726,DA,CN1,131A 802 ,,E,I,TF,FF, , ,C,50,0,0,0,1751932,5436395
Wellington City,09/05/2014,Fri,2240,DA,CS1,111A 131A ,C,E,D,DN,F , , ,C,70,0,1,1,1752756,5437679
Wellington City,18/07/2014,Fri,1416,DA,CS1,111A 402A ,G,E,W,O ,F , ,N,C,70,0,0,0,1752829,5437774
Wellington City,17/07/2014,Thu,1835,NB,MN1E,711B 732B ,,R,W,DO,L , ,N,C,50,0,1,1,1747820,5425112
Wellington City,05/12/2014,Fri,15,EA,CN1C,129A 410A ,M,R,D,DO,F , ,N,C,50,0,0,0,1747761,5424701
Wellington City,04/07/2014,Fri,1858,JA,SE14,534A 302B 375B ,,R,D,DO,F ,T,G,C,50,0,0,1,1751725,5424711
Wellington City,30/05/2014,Fri,1645,MA,CE1C,373B ,,R,D,O ,F ,X,G,C,50,0,0,0,1752240,5424410
Wellington City,01/01/2014,Wed,1530,FA,CE1C,112A 331A ,,R,W,OF,L ,R,G,C,50,0,0,0,1752023,5424536
Wellington City,26/03/2014,Wed,1340,EA,400000000000000,357A 386A ,M,R,D,B ,F , , ,C,50,0,0,0,1751975,5424564
Wellington City,23/05/2014,Fri,1705,JB,CE1C,308A 308B 927 ,,R,D,DO,F ,D,N,C,50,0,0,0,1751777,5424681
Wellington City,27/03/2014,Thu,1100,KB,4W1C,308B 922 ,,R,D,O ,M ,D,N,C,50,0,0,0,1751808,5424662
Wellington City,09/05/2014,Fri,1345,KA,CE1T,308B 922 ,,R,D,B ,F ,D,N,C,50,0,0,0,1751808,5424662
Wellington City,17/04/2014,Thu,1350,BO,XW1C,120B 370B 801 925 ,,M,W,O ,L ,D, ,P,50,0,0,0,1751886,5424616
Wellington City,08/08/2014,Fri,1415,JA,4E1T,302B ,,R,W,O ,H ,R,G,R,50,0,0,0,1751783,5424677
Wellington City,19/02/2014,Wed,1430,AO,MS1C,381A ,,R,D,BF,F ,R,G,R,50,0,0,0,1751783,5424677
Wellington City,21/10/2014,Tue,1120,HA,CS1S,302A 375A ,,R,D,B ,F ,R,G,C,50,0,0,1,1751783,5424677
Wellington City,09/09/2014,Tue,633,DA,CN1C,129A ,M,E,D,TN,F , ,N,C,50,0,0,0,1747190,5425661
Wellington City,27/10/2014,Mon,1820,DB,CN1,103A ,X,M,D,BN,F , ,N,C,50,0,0,0,1751516,5421920
Wellington City,01/02/2014,Sat,1450,FE,4N1C,181A ,,R,D,BF,F ,X,T,C,50,0,0,0,1748889,5428972
Wellington City,10/10/2014,Fri,955,MO,VN1C,386A ,M,E,D,B ,F , , ,C,50,0,0,0,1748925,5428794
Wellington City,14/08/2014,Thu,1700,FD,CN1C,331A 353A ,,R,D,DO,F , ,N,C,50,0,0,1,1748907,5429312
Wellington City,07/09/2014,Sun,1218,HA,CW2S,302B 375B 410B ,,R,D,B ,F ,X,G,C,50,0,1,0,1753404,5423442
Wellington City,31/12/2014,Wed,1740,BC,CN14,122A 351A 400A ,,R,W,O ,F ,T,N,C,50,0,0,0,1747571,5423888
Wellington City,09/07/2014,Wed,1625,FB,CN1C,181A ,,R,D,O ,F ,X,T,C,50,0,0,1,1751177,5434767
Wellington City,07/02/2014,Fri,1745,NB,4N1E,306A 507A ,,R,D,TO,F , , ,X,50,0,0,1,1750900,5434230
Wellington City,15/08/2014,Fri,1830,LB,CS1C,302A 375A ,,M,W,DO,L ,M,G,N,50,0,0,0,1751503,5435082
Wellington City,08/12/2014,Mon,1030,MO,TE2C,817,,M,D,B ,F ,T,G,C,50,0,0,0,1751266,5434901
Wellington City,13/06/2014,Fri,1510,NA,CN1E,712B 713B 726B ,,R,D,O ,F , , ,C,50,0,0,1,1751380,5435262
Wellington City,17/10/2014,Fri,709,MO,CS1,433A ,ET,M,D,OF,L , ,N,C,50,0,0,0,1748969,5423617
Wellington City,28/06/2014,Sat,715,DA,CN1,103A 137A 831 ,F,M,W,BF,F , ,N,C,50,0,0,0,1749038,5423157
Wellington City,08/11/2014,Sat,500,DB,CS1,111A 131A 412A ,P,S,D,TO,F , , ,L,50,0,0,1,1748896,5423261
Wellington City,17/06/2014,Tue,920,BD,XS1C,129A 129B ,,M,W,O ,F , , ,L,50,0,0,0,1748889,5423263
Wellington City,02/09/2014,Tue,40,HA,CE24,321B 335B ,,R,D,DO,F ,T,S,C,50,0,0,2,1750046,5425404
Wellington City,08/04/2014,Tue,715,NB,BN1E,306A 713B 717B 901 ,,R,W,O ,H ,T,G,X,30,0,0,1,1750180,5425884
Wellington City,01/03/2014,Sat,241,DA,CE2,111A 131A 514A ,F,R,D,DO,F ,T,T,N,50,0,0,0,1749064,5428963
Wellington City,15/07/2014,Tue,1705,JC,CS1S,324A ,,R,D,BF,F ,T,T,C,50,0,0,0,1749064,5428963
Wellington City,18/07/2014,Fri,1710,ND,BS1,711B 718B ,,R,D,O ,L ,M,T,C,50,0,0,1,1749069,5428858
Wellington City,01/07/2014,Tue,914,FD,CE1CC,181A 181B ,,R,W,O ,F , , ,N,100,0,0,0,1748930,5429465
Wellington City,28/11/2014,Fri,1620,MA,CN1C,373B ,,R,D,B ,F ,T,N,C,50,0,0,0,1749038,5429184
Wellington City,03/09/2014,Wed,1240,PC,CS1E,308A 927 ,,R,D,B ,F ,D,S,R,50,0,0,1,1748992,5429295
Wellington City,21/10/2014,Tue,756,AA,CS1C,372A ,,R,D,O ,F ,X,G,C,50,0,0,0,1749038,5429184
Wellington City,17/11/2014,Mon,1926,DB,CS1,110A 131A ,K,M,D,O ,L ,T,N,N,50,0,0,0,1748931,5429445
Wellington City,28/10/2014,Tue,2153,DA,CS1,111A 131A 414A ,G,M,D,DO,L , ,N,N,80,0,0,0,1751458,5433728
Wellington City,18/10/2014,Sat,211,CB,CW1,103A 129A ,GI,R,D,DO,F , ,N,R,50,0,0,1,1751643,5433928
Wellington City,04/03/2014,Tue,1851,DB,CS1,131A 500A 901 ,X,E,W,TO,H , , ,R,80,0,0,0,1751718,5433999
Wellington City,20/05/2014,Tue,1347,DB,CS1,131A 501A ,G,S,D,B ,F , , ,N,70,0,0,0,1751552,5433828
Wellington City,22/06/2014,Sun,155,CB,CS1C,410A ,M,R,D,DO,F , ,N,P,50,0,0,0,1752428,5434314
Wellington City,15/10/2014,Wed,1424,PC,CN1E,308A 375A 929 ,,R,D,B ,F ,D,N,C,50,0,0,1,1752456,5434388
Wellington City,15/12/2014,Mon,2020,MA,CW1C,373B ,,R,D,O ,F , ,N,C,50,0,0,0,1752844,5434821
Wellington City,03/08/2014,Sun,1825,ME,CE1C,371B ,,R,W,DO,L , ,N,C,50,0,0,0,1752797,5434805
Wellington City,03/07/2014,Thu,1535,EA,CE1CCC,129A 386A ,M,R,D,B ,F , , ,C,50,0,0,0,1752701,5434776
Wellington City,21/11/2014,Fri,1428,EA,CE1C,129A ,M,E,D,B ,FS, , ,C,50,0,0,0,1752675,5434762
Wellington City,04/02/2014,Tue,1810,HA,CS2C,302A ,,E,D,BF,F ,R,G,R,50,0,0,0,1752868,5434842
Wellington City,15/05/2014,Thu,715,AC,TE1S,372A 671A ,,E, , F,  , ,N,N,80,0,0,0,1751974,5433980
Wellington City,04/04/2014,Fri,1615,EA,CN1C,129A ,M,E, , F,  , ,N,C,50,0,0,0,1752000,5433995
Wellington City,20/03/2014,Thu,842,KB,CS1C,301B 353B ,,R,D,BF,F ,T,S,P,50,0,0,0,1752393,5434215
Wellington City,10/09/2014,Wed,720,BE,CN1C,410A 414A ,,R,D,BF,F ,T,N,C,50,0,0,1,1752496,5434547
Wellington City,28/09/2014,Sun,745,DA,CS1,111A 131A ,CT,M,W,O ,L ,T,G,C,50,0,0,0,1752367,5434126
Wellington City,29/06/2014,Sun,1901,QD,CS1,428A ,C,E,W,DO,L ,T,N,C,50,0,0,1,1752509,5434590
Wellington City,09/07/2014,Wed,1415,DA,CN2C,122A 131A ,,M,D,BF,F ,T,G,R,50,0,0,0,1749073,5431191
Wellington City,25/05/2014,Sun,1645,DA,MS1,131A 903 ,,S,D,O ,FS, , ,C,50,0,0,0,1748565,5431236
Wellington City,03/05/2014,Sat,750,MO,CE14,371A 930 ,M,R,D,B ,F , ,N,C,50,0,0,0,1751568,5434915
Wellington City,10/07/2014,Thu,2025,MO,CW1C,197A 103B 371B 929 ,,E,D,DO,F ,D, ,C,50,0,0,0,1747195,5428304
Wellington City,10/08/2014,Sun,1605,GB,CW1M,175A 330A 372A 387B ,,S,D,O ,F ,T,G,C,50,0,1,0,1747185,5428305
Wellington City,26/02/2014,Wed,753,LB,SW1C,303B 363B 902 ,I,R,D,B ,F ,T,G,R,50,0,1,0,1747185,5428305
Wellington City,30/06/2014,Mon,1105,CC,VN1,134A 197A 358A ,C,R,W,O ,H , ,N,C,50,0,0,0,1751109,5435527
Wellington City,16/08/2014,Sat,1306,EA,MN1C,129A 191A 402A ,M,E,D,O ,F , , ,C,50,0,1,0,1751115,5435448
Wellington City,13/07/2014,Sun,1352,DA,PS1,131A 420A 648A ,P,S,W,O ,L , , ,C,50,0,0,1,1750575,5436087
Wellington City,02/04/2014,Wed,1134,AD,MS1,131A 812 ,,M,D,O ,F , , ,C,50,0,1,0,1749172,5437476
Wellington City,15/06/2014,Sun,1120,DA,CN1,137A 195A ,C,E,D,O ,F , ,N,C,80,0,0,0,1748947,5437146
Wellington City,27/02/2014,Thu,751,CB,VE1,103A 197A 205A ,S,R,D,B ,F ,X,G,C,50,0,0,0,1748719,5436459
Wellington City,10/05/2014,Sat,1523,LB,CS1S,302A ,,E,D,B ,F ,T,G,C,50,0,1,0,1747693,5426137
Wellington City,01/12/2014,Mon,841,QO,TS1CC,330A 663A 801 ,M,R,W,O ,L , , ,C,50,0,0,0,1747615,5425825
Wellington City,18/06/2014,Wed,1647,CA,VN1CCV,136A 669A ,M,R,D,TF,F , , ,C,50,0,0,0,1748000,5426636
Wellington City,28/11/2014,Fri,2015,EA,CS1CC,129A 130A 804 ,MM,E,W,DO,L , , ,C,50,0,0,0,1747437,5424947
Wellington City,28/02/2014,Fri,2150,EA,CN1C,129A 380A 443B 801 ,M,E,W,DO,L ,T, ,C,50,0,0,0,1747551,5425483
Wellington City,26/01/2014,Sun,1700,MO,CN1C,371A ,M,E,W,OF,H ,Y,N,C,50,0,0,0,1747783,5426342
Wellington City,08/07/2014,Tue,1800,LB,CN14,303B ,,E,D,DO,F ,X,T,C,50,0,0,0,1747614,5425845
Wellington City,15/10/2014,Wed,1500,LB,CN1C,303B ,,R,D,B ,F ,X,T,C,50,0,0,0,1747614,5425845
Wellington City,17/05/2014,Sat,1300,FD,CW1C,129A ,,R, , F,  , ,N,C,50,0,0,0,1748697,5426638
Wellington City,31/01/2014,Fri,1609,CB,VW1,501A 817 ,G,R,D,B ,F ,X,T,C,50,0,0,0,1748679,5426647
Wellington City,19/06/2014,Thu,1600,AA,CN1C,372A ,,R,D,BN,F ,X,T,N,50,0,0,0,1748679,5426647
Wellington City,08/04/2014,Tue,1300,CA,CW1V,130A ,G,R,W,OF,H , ,N,R,100,0,0,0,1748698,5426638
Wellington City,03/05/2014,Sat,1457,FE,CW1CC,331A 351A ,,R,D,BF,F ,X,T,C,50,0,0,0,1748888,5426548
Wellington City,25/09/2014,Thu,1238,FD,CW1CC,181A ,,R,D,BF,F , ,N,R,50,0,0,0,1748866,5426559
Wellington City,05/12/2014,Fri,1545,BB,CS1C,120A 120B 831 ,,S,D,B ,F , ,N,N,50,0,0,0,1749109,5431323
Wellington City,05/12/2014,Fri,1710,MA,TS1C,373B ,,R,D,B ,F ,T,G,P,50,0,0,0,1750249,5423466
Wellington City,23/04/2014,Wed,435,EA,CS1C,103A 129A ,M,R,D,DO,F , ,N,P,50,0,0,0,1750248,5423431
Wellington City,07/10/2014,Tue,1038,GB,VS1C,387A 141B 929 ,,R,D,BF,F ,D,N,C,50,0,0,0,1750270,5424079
Wellington City,09/06/2014,Mon,1534,AA,SN1C,372A ,,R,W,OF,H ,R,G,C,50,0,0,1,1750242,5423170
Wellington City,16/02/2014,Sun,1200,HA,SE2C,327A 817 ,,E,D,BF,F ,R,G,R,50,0,0,0,1750250,5423153
Wellington City,26/07/2014,Sat,1330,MO,VS1C,353A 371A 386A 927 ,,R,D,O ,F ,D, ,C,50,0,0,0,1750341,5424345
Wellington City,24/05/2014,Sat,1445,EA,CS1C,129A ,M,R,D,B ,F , , ,C,50,0,0,0,1750314,5424249
Wellington City,19/01/2014,Sun,2216,DB,4S1,101A 129A 131A ,C,E,D,DO,F , , ,C,50,0,0,1,1751181,5431888
Wellington City,01/10/2014,Wed,1630,AO,CN1S,183A 386A ,,E,D,BF,F , ,N,C,50,0,0,1,1751106,5431941
Wellington City,13/09/2014,Sat,4,MG,CE1X,330A 330B 371B ,,R,W,DO,L , ,N,C,50,0,0,0,1747534,5428399
Wellington City,12/02/2014,Wed,1737,JO,CN1S,308A 204B 359B 929 ,,R,D,B ,F ,D,N,R,50,0,0,0,1749495,5427232
Wellington City,26/09/2014,Fri,1252,KB,TS1C,322B 423B ,,R,D,OF,F ,M,T,R,50,0,0,0,1749487,5427226
Wellington City,12/11/2014,Wed,759,EE,SS1C,374B ,Q,R,D,BF,F , ,N,C,50,0,0,1,1750640,5427661
Wellington City,08/04/2014,Tue,1919,MC,CE1C,372B 901 903 ,,R,W,DO,HS, ,N,C,50,0,0,0,1749958,5427424
Wellington City,07/09/2014,Sun,1649,MO,CS1,130A ,F,R,D,B ,F , , ,C,40,0,0,0,1750450,5427450
Wellington City,17/03/2014,Mon,1740,MO,CW1C,385A ,M,R,D,OF,F , ,N,C,50,0,0,0,1750051,5427396
Wellington City,25/02/2014,Tue,859,MC,SW1C,372B ,,E,D,BF,F , ,N,P,50,0,0,1,1749640,5427318
Wellington City,26/11/2014,Wed,1804,MF,SE1V,330B ,,R,D,B ,F , , ,X,40,0,1,0,1749690,5427321
Wellington City,11/04/2014,Fri,2320,EA,CW1C,102A 358A ,M,R,D,DO,F , , ,P,40,0,0,0,1749770,5427328
Wellington City,17/09/2014,Wed,1114,JA,ME1CC,301B 927 ,,R,D,B ,F ,D,S,P,40,0,0,1,1749789,5427330
Wellington City,12/04/2014,Sat,814,GC,BN1S,174B 372B 929 ,,M,D,O ,F ,D,G,P,50,0,0,1,1749590,5427314
Wellington City,08/05/2014,Thu,1447,FD,CE14V,101A 181A ,,R,D,BF,F , ,N,C,50,0,0,0,1750144,5427353
Wellington City,21/12/2014,Sun,1300,GE,SE1C,157A 160A ,,R,D,B ,F ,T,G,C,50,0,0,0,1750174,5427350
Wellington City,01/09/2014,Mon,1310,FD,CE1C,331A 350A ,,R,D,B ,F , ,N,C,40,0,0,1,1750233,5427354
Wellington City,09/04/2014,Wed,915,LB,SW1CX,303B 375B ,,E,W,O ,L ,T,G,C,40,0,0,1,1750174,5427350
Wellington City,20/03/2014,Thu,1450,AO,TS1S,129A 183A ,,E,D,BF,F , ,N,C,50,0,0,1,1748688,5432213
Wellington City,31/03/2014,Mon,812,FB,SS14,181A ,IP,R,D,B ,F ,R,G,R,50,0,0,1,1748696,5432225
Wellington City,04/04/2014,Fri,2009,MO,4S1C,351A 371A ,M,R,D,DO,F ,T,N,C,50,0,0,0,1749432,5424641
Wellington City,27/02/2014,Thu,835,FE,CS14,181A ,,R,D,BF,F , ,T,C,50,0,0,0,1749360,5424984
Wellington City,03/05/2014,Sat,1230,GE,MS1C,160A ,,E,D,O ,F ,T,G,C,50,0,0,1,1749400,5424797
Wellington City,15/10/2014,Wed,1521,JA,CN1C,308B 382B 929 ,,R,D,BF,F ,D,N,C,50,0,0,0,1749441,5424596
Wellington City,02/02/2014,Sun,1640,DB,CE1,103A 131A ,K,M,D,B ,F ,T,N,C,50,0,0,1,1747313,5421147
Wellington City,25/03/2014,Tue,845,FA,SW1X,111A 181A 371B ,,M,D,B ,F , ,N,C,50,0,0,1,1750653,5427229
Wellington City,22/04/2014,Tue,2120,MO,4E1C,371A ,M,R,D,DO,F , , ,N,50,0,0,0,1748702,5428217
Wellington City,31/07/2014,Thu,220,EA,CS1V,101A 129A 130A ,M,R,D,DO,F , , ,C,50,0,0,1,1752239,5424899
Wellington City,17/04/2014,Thu,1515,MA,VS1C,373B 801 ,,R,W,O ,L , , ,C,50,0,0,0,1752531,5425501
Wellington City,19/02/2014,Wed,1621,LB,MW1C,534A 303B 375B ,,R,D,B ,F ,X,T,C,50,0,0,1,1749061,5429129
Wellington City,17/06/2014,Tue,1015,MO,TN1,386A ,P,M,D,B ,F , ,N,N,50,0,0,0,1749036,5429130
Wellington City,25/05/2014,Sun,236,BA,CW1CC,129A 351A ,MM,R,D,DO,F , ,N,C,50,0,0,0,1749690,5426513
Wellington City,18/03/2014,Tue,900,HA,CS2CV,301A ,M,E,W,O ,L ,X,S,C,50,0,0,0,1749617,5426545
Wellington City,12/09/2014,Fri,913,HA,VS2B,301A 377A 838 ,,R,D,B ,F ,X,S,C,50,0,0,0,1749617,5426545
Wellington City,26/02/2014,Wed,1225,MO,OE1C,386A ,M,R,D,B ,F , ,N,N,50,0,0,0,1749375,5426654
Wellington City,15/01/2014,Wed,1220,GD,CE1C,181A ,,R,D,BF,F ,T,N,L,50,0,0,0,1749289,5426692
Wellington City,26/08/2014,Tue,957,BF,CS1B,132A 407A ,,M,W,OF,F , ,N,L,50,0,0,0,1748029,5424164
Wellington City,21/07/2014,Mon,1803,EO,TN1,129A ,P,M,D,DO,F ,Y,N,C,50,0,0,0,1750145,5424182
Wellington City,30/10/2014,Thu,1922,CB,CS1C,103A 136A 631A ,M,R,D,ON,F , ,N,C,50,0,0,0,1749982,5423483
Wellington City,10/03/2014,Mon,1435,JA,CW1C,303B 375B 402B ,,M,D,B ,F ,T,N,L,50,0,0,0,1750563,5433343
Wellington City,07/02/2014,Fri,1950,EA,CN1C,129A ,M,E,D,BF,F , ,N,C,50,0,0,0,1750243,5426236
Wellington City,21/07/2014,Mon,1520,MO,CN1C,371A ,M,R, , F,  , ,N,N,50,0,0,0,1750822,5432340
Wellington City,07/04/2014,Mon,1346,DA,VN1,131A 410A 901 903 ,EFG,M,W,O ,HS, , ,C,50,0,0,1,1746962,5427905
Wellington City,24/03/2014,Mon,845,EA,SS1C,129A 350A ,M,E,D,B ,F ,T,N,C,50,0,0,1,1747006,5427857
Wellington City,13/03/2014,Thu,1009,FB,CN1M,181A ,,M,D,O ,F ,R,G,R,50,0,0,0,1747240,5427632
Wellington City,29/11/2014,Sat,533,EA,CN1C,101A 129A ,M,R,D,B ,F , , ,R,50,0,0,0,1751993,5422797
Wellington City,06/12/2014,Sat,1345,DA,40,138A 330A ,,E,D,B ,F , ,N,N,50,0,0,1,1746437,5421068
Wellington City,01/04/2014,Tue,810,MD,SS1M,308B 929 ,,R,D,B ,F ,D,N,N,50,0,0,0,1752829,5439784
Wellington City,06/04/2014,Sun,2033,FE,CN1CC,103A 181A ,,R,D,DO,F , ,T,C,50,0,0,0,1748836,5425588
Wellington City,29/10/2014,Wed,1827,FE,CN1C,181A ,,R,D,OF,F , ,T,P,50,0,0,0,1748852,5425510
Wellington City,19/06/2014,Thu,727,MC,CN1C,372B ,,R,D,DO,F , ,N,C,50,0,0,0,1748919,5425183
Wellington City,13/06/2014,Fri,2350,CB,4N1,103A 130A ,P,R,D,DO,F , ,N,C,50,0,0,1,1748973,5424912
Wellington City,07/11/2014,Fri,1145,FE,CN1C,181A ,,R,D,O ,F ,T,T,C,50,0,0,0,1748980,5424878
Wellington City,11/07/2014,Fri,607,LB,PS1C,303B 375B ,,R,D,TO,F ,T,T,C,50,0,0,1,1748979,5424883
Wellington City,09/06/2014,Mon,738,NB,CS1E,711B 718B ,,R,W,O ,F ,T,T,C,50,0,0,1,1748979,5424883
Wellington City,30/01/2014,Thu,1030,EA,CS1C,129A ,M,R,D,BF,F , ,N,C,50,0,0,0,1748929,5425118
Wellington City,01/03/2014,Sat,,FE,CS1S,181A ,,R,D,BF,F ,T,T,C,50,0,0,0,1748933,5425098
Wellington City,11/06/2014,Wed,1309,JA,CN1C,308B 375B 402B 801 922 ,,R,W,O ,L ,D, ,P,40,0,0,1,1749022,5424676
Wellington City,15/04/2014,Tue,1438,MA,VS1C,373B ,,R,D,O ,F , , ,C,50,0,0,0,1748942,5425055
Wellington City,23/10/2014,Thu,1228,MC,CN1C,372B ,,R,D,O ,F ,T,G,C,40,0,0,0,1748947,5425031
Wellington City,26/06/2014,Thu,1920,AA,TN1V,357A 372A 901 ,,R,W,DO,H , , ,P,50,0,0,0,1748953,5425001
Wellington City,08/09/2014,Mon,844,NA,SN1E,306A ,,R,D,BF,F , ,T,X,50,0,0,1,1748876,5425397
Wellington City,30/09/2014,Tue,1700,FE,CN1C,181A ,,R,D,BF,F ,X,T,C,50,0,0,1,1748917,5425201
Wellington City,18/03/2014,Tue,1155,FD,CN14C,181A ,,E,D,BF,F , ,N,C,50,0,0,0,1748835,5425593
Wellington City,18/07/2014,Fri,2047,FE,CN1V,181A ,,R,D,DO,F ,X,T,C,50,0,0,0,1748832,5425608
Wellington City,07/10/2014,Tue,1335,MA,CS1C,373B ,,R,D,BF,F , ,N,P,50,0,0,0,1748896,5425299
Wellington City,05/07/2014,Sat,1100,LB,CS1C,303B 370B 930 ,,R,D,B ,F ,D, ,P,50,0,0,0,1748896,5425299
Wellington City,03/09/2014,Wed,1840,GB,SN14,142B 330B 372B 927 ,,R,D,DO,F ,D,N,C,50,0,0,1,1748917,5425201
Wellington City,22/07/2014,Tue,1612,MA,4S1C,373B ,,R,D,O ,F , , ,C,50,0,0,0,1748996,5424804
Wellington City,02/11/2014,Sun,1548,EA,CN1C,129A 130A ,M,R,D,O ,F ,T,G,R,40,0,0,1,1749005,5424757
Wellington City,02/09/2014,Tue,1830,JA,C,308B 375B 925 ,,R,D,DO,F ,D,N,N,50,0,0,0,1749041,5424567