TLANAME,CRASHDATE,CRASHDOW,CRASHTIME,MVMT,VEHICLES,CAUSES,OBJECTSSTRUCK,ROADCURVE,ROADWET,LIGHT,WTHRa,JUNCTYPE,TRAFCTRL,ROADMARK,SPDLIM,CRASHFATALCNT,CRASHSEVCNT,CRASHMINCNT,EASTING,NORTHING
Wellington City,10/01/2014,Fri,230,DA,CS1,103A 111A 130A 812 ,SX,R,D,DO,F ,R,G,R,50,0,1,2,1749047,5424556
Wellington City,29/08/2014,Fri,1515,AA,CS1C,372A 381A ,,R,D,B ,F , ,N,C,40,0,0,0,1748925,5425142
Wellington City,01/03/2014,Sat,1245,AC,CN1V,372A ,,R,D,BF,F ,Y,T,C,50,0,0,0,1748930,5425112
Wellington City,03/07/2014,Thu,,EA,CS1C,386A ,M,R,D,B ,F , ,N,C,50,0,0,0,1748884,5424941
Wellington City,05/04/2014,Sat,800,MA,CS1C,373B ,,R,D,B ,F , , ,P,50,0,0,1,1748801,5424215
Wellington City,05/09/2014,Fri,1550,BB,CS1C,124A ,,M,D,O ,L ,T,S,C,50,0,0,0,1748800,5424200
Wellington City,24/03/2014,Mon,1445,FF,CE1C,132A 427A ,,R,D,BF,F ,Y,T,C,50,0,0,0,1748926,5425113
Wellington City,03/03/2014,Mon,1724,MA,BE1C,373B ,,R,W,OF,L , ,N,P,50,0,0,0,1750260,5424393
Wellington City,09/04/2014,Wed,1132,FE,BE1X,331A ,,R,D,O ,F ,X,T,C,50,0,0,0,1750240,5424398
Wellington City,05/10/2014,Sun,102,DA,CE1,111A 131A ,,M,D,DO,F ,T,G,R,50,0,0,0,1750448,5424354
Wellington City,15/05/2014,Thu,1550,JA,CW1C,302B 335B 901 ,,R,W,O ,H ,T,G,R,50,0,0,0,1750445,5424343
Wellington City,14/02/2014,Fri,1530,FC,CE1C,181A ,,R,D,BF,F , ,N,X,50,0,0,0,1750786,5424262
Wellington City,26/11/2014,Wed,1524,BF,CN2C,131A 205A 197B ,,M,D,B ,F ,T,N,C,50,0,0,0,1750648,5427144
Wellington City,03/01/2014,Fri,1400,MO,CS1C,385A 927 ,M,R,D,OF,F ,D,N,C,50,0,0,0,1750468,5424065
Wellington City,11/08/2014,Mon,1757,GB,CS14,112A 158A 142B 175B 402B 901 929 ,,R,W,DO,H ,D,N,C,50,0,0,0,1750511,5424210
Wellington City,01/02/2014,Sat,1930,EA,BW1X,129A 671A ,Q,R,D,BF,F , ,N,P,50,0,0,0,1752566,5424934
Wellington City,29/09/2014,Mon,1750,EA,CS1C,129A ,Q,M,D,BF,F , ,N,C,50,0,0,0,1749628,5427247
Wellington City,28/02/2014,Fri,2150,EA,CN1C,129A ,M,R,W,DO,L ,T,N,P,50,0,0,0,1749676,5427186
Wellington City,27/05/2014,Tue,700,MO,CN1C,371A ,M,R,D,DO,F ,T,N, ,50,0,0,0,1749113,5424279
Wellington City,18/02/2014,Tue,1820,MA,XN1V,373B ,,M,D,O ,F , ,N,C,50,0,0,0,1748304,5428410
Wellington City,15/04/2014,Tue,1730,MA,CS1C,371B ,,R,D,O ,F , , ,C,50,0,0,0,1748163,5428084
Wellington City,07/10/2014,Tue,1830,EA,CS1C,129A ,M,R,D,BF,F , ,N,C,50,0,0,0,1748139,5427947
Wellington City,15/11/2014,Sat,2100,EA,CS1C,129A ,M,R,D,DO,F ,T,N,C,50,0,0,0,1752195,5434371
Wellington City,08/01/2014,Wed,1810,EA,4S1CC,110A 197A 818 ,M,M,D,ON,F ,T,N,C,50,0,0,0,1752195,5434371
Wellington City,25/06/2014,Wed,2215,EA,CS1C,129A ,M,R,W,DO,L , , ,N,50,0,0,0,1750926,5437175
Wellington City,16/06/2014,Mon,1515,MO,CN1,421A 929 ,H,M,D,OF,F ,D,N,C,50,0,1,0,1752887,5424900
Wellington City,17/01/2014,Fri,1600,CA,PW1C,402A 420A 517A ,X,R,D,B ,F , , ,C,50,0,1,0,1754089,5441125
Wellington City,30/06/2014,Mon,1740,EA,CE1C,129A 801 ,M,R,W,DO,L , , ,C,50,0,0,0,1747786,5421816
Wellington City,08/03/2014,Sat,1412,DB,VN1,103A 131A ,GS,M,D,BF,F ,R,G,R,70,0,1,0,1750907,5424485
Wellington City,13/02/2014,Thu,830,AC,CN1MC,330A 372A 671A 130B 197B ,,E,D,O ,F , , ,R,100,0,0,1,0,0
Wellington City,10/01/2014,Fri,1610,GD,MS1C,137A 331A ,,R,D,BF,F ,T,G,P,50,0,0,1,1748188,5425021
Wellington City,16/11/2014,Sun,1812,DB,PW1,131A 402A ,,E,D,B ,F , ,N,C,50,0,0,1,1752577,5422846
Wellington City,29/05/2014,Thu,1940,EA,CW1C,129A 503A ,M,R,D,DO,F , , ,N,50,0,0,1,1747669,5431574
Wellington City,30/06/2014,Mon,620,JA,SE2C,302B 375B ,,R,D,DO,F ,X,G,C,50,0,0,1,1749451,5432318
Wellington City,08/02/2014,Sat,1747,AA,VS1C,372A 200B ,,R,W,OF,L , ,N,P,50,0,0,0,1749448,5429028
Wellington City,14/05/2014,Wed,907,LB,CS1C,303B ,,R,D,O ,F ,X,T,R,50,0,0,0,1749417,5428989
Wellington City,24/01/2014,Fri,28,MO,CN1C,103A 371A ,M,R,D,DO,F , ,N,C,50,0,0,0,,
Wellington City,31/07/2014,Thu,1430,EA,VS1C,371A ,M,R,D,O ,F ,T,N,C,50,0,0,0,1747835,5427364
Wellington City,30/01/2014,Thu,2100,EA,CS1C,129A ,M,R,D,DO,F , ,N,C,50,0,0,0,1749794,5426959
Wellington City,04/09/2014,Thu,930,FB,VN1C,351A 387A ,,R,D,B ,F ,T,G,R,50,0,0,0,1752836,5434948
Wellington City,03/10/2014,Fri,945,MB,CW1C,372B ,,R,D,B ,F ,T,N,C,50,0,0,0,1752301,5435091
Wellington City,26/03/2014,Wed,1132,MC,ME1C,387A 372B ,,E,D,B ,F , , ,C,50,0,0,1,1752110,5435005
Wellington City,24/12/2014,Wed,1744,MD,CW1C,341B 929 ,,R,D,BF,F ,D,N,C,50,0,0,0,1748711,5424851
Wellington City,05/08/2014,Tue,1533,HA,VN1C,322A 334A ,,R,D,B ,F ,X,T,R,50,0,0,0,1748881,5428585
Wellington City,04/09/2014,Thu,826,NA,CN1E,353A 711B ,,E,D,O ,F ,R,G,R,30,0,0,1,1752343,5423606
Wellington City,12/06/2014,Thu,1028,EA,VW1C,129A 517A ,M,E,D,O ,F , , ,N,50,0,0,0,1749527,5423772
Wellington City,03/03/2014,Mon,1344,FD,CE1C,331A ,,E,D,B ,F ,T,G,C,50,0,0,0,1749709,5423892
Wellington City,09/03/2014,Sun,300,DA,4W2CB,103A 131A ,,R,D,DO,F ,X,G,R,50,0,0,0,1749808,5422953
Wellington City,24/09/2014,Wed,2030,HA,CS1C,302A ,,R,D,DO,F ,X,G,C,50,0,0,0,1753701,5439145
Wellington City,11/08/2014,Mon,1642,DC,TE2EEC,130A 514A 517A ,KM,R,D,TF,F ,T,N,C,50,0,0,2,1748721,5426755
Wellington City,24/04/2014,Thu,1600,EO,TS1,330A 350A ,S,R,D,B ,F , ,N,C,50,0,0,0,1749062,5427495
Wellington City,04/08/2014,Mon,1620,EA,CN1V,112A 129A 330A ,M,R,D,O ,F , , ,C,50,0,0,0,1749045,5427459
Wellington City,06/10/2014,Mon,1510,NA,CN1E,713B 714B 801 ,,R,W,O ,L , , ,C,50,0,0,1,1748940,5427229
Wellington City,09/10/2014,Thu,730,AA,SS1C,372A ,,R,D,BF,F ,M,T,R,50,0,0,1,1748868,5427084
Wellington City,20/03/2014,Thu,915,JO,CE1C,377A 313B 830 ,,R,D,B ,F ,T,N,C,50,0,0,0,1748866,5427080
Wellington City,09/09/2014,Tue,1735,KA,CS1C,303B 363B 902 ,,E,D,B ,F ,T,N,C,50,0,0,0,1748749,5426818
Wellington City,02/09/2014,Tue,2226,MC,SN1C,372B ,,M,D,DO,F , , ,R,50,0,0,1,1748514,5426282
Wellington City,02/09/2014,Tue,1410,KA,VN1C,308B 330B 927 ,,R,D,O ,F ,D,N,C,50,0,0,0,1748560,5426382
Wellington City,25/06/2014,Wed,1305,NB,VS1E,713B 732B ,,R,W,O ,L , , ,X,50,0,0,1,1748588,5426446
Wellington City,30/04/2014,Wed,2300,FE,CS1V,331A 350A ,,R,D,DO,F ,X,T,C,50,0,0,0,1748679,5426647
Wellington City,17/07/2014,Thu,1515,FF,CS1C,387A ,,R,W,OF,L , ,N,C,50,0,0,0,1748670,5426629
Wellington City,03/03/2014,Mon,915,NA,CN1E,306A ,,R,D,BF,F , ,N,C,50,0,1,0,1748573,5426409
Wellington City,16/05/2014,Fri,1756,GE,CS1C,160A 410A ,,R,D,DO,F ,T,N,P,50,0,0,0,1748745,5426809
Wellington City,21/05/2014,Wed,358,MO,CS1,514A 930 ,F,E,D,DO,F ,D,N,N,70,0,0,0,1748832,5426351
Wellington City,28/02/2014,Fri,1800,JA,ME2C,302B 377B ,,R,D,OF,F ,T,G,P,50,0,0,0,1748696,5425620
Wellington City,13/07/2014,Sun,,CB,CS1C,103A 130A ,M,R,D,DO,FS, ,N,C,50,0,0,0,1748699,5425822
Wellington City,09/09/2014,Tue,1730,GA,CE1V,181A 331A ,,R,D,B ,F ,T,G,C,30,0,0,0,1750176,5425875
Wellington City,15/12/2014,Mon,1718,FD,TW1CC,331A 358A ,,R,D,B ,F ,T,N,C,50,0,0,0,1750057,5425890
Wellington City,11/10/2014,Sat,1215,MO,400000000000000,371A ,M,E,D,B ,F , , ,N,50,0,0,0,1749852,5423556
Wellington City,30/05/2014,Fri,1220,FB,VS1T,111A 181A 331A ,,E,D,O ,F ,X,G,C,50,0,0,0,1753701,5439145
Wellington City,11/11/2014,Tue,1424,LB,VE1C,303B ,,R,D,B ,FS,X,G,C,50,0,0,0,1753701,5439145
Wellington City,17/08/2014,Sun,212,CA,CS1CC4,103A 130A ,MM,R,D,DF,F , , ,C,50,0,0,0,1753345,5439959
Wellington City,19/09/2014,Fri,842,BC,CS1V,121A 131A ,,M,D,B ,F , ,N,C,50,0,0,0,1752135,5435114
Wellington City,13/07/2014,Sun,1330,MO,CW1C,385A ,M,R,D,BF,F , ,N,C,50,0,0,0,1749094,5426993
Wellington City,07/08/2014,Thu,830,MO,CE1C,371A ,M,R,D,O ,F , , ,N,50,0,0,0,1748522,5422499
Wellington City,26/06/2014,Thu,2300,BF,CE1V,101A 111A 198A ,,E,W,DO,L , , ,C,50,0,0,0,1748710,5421418
Wellington City,22/03/2014,Sat,1855,MA,XS1B,373B ,,R,D,O ,F ,T,G,C,50,0,0,0,1748403,5422714
Wellington City,26/06/2014,Thu,1745,MA,CS1C,372B ,,E,W,DO,H , ,N,R,50,0,0,0,1748448,5423155
Wellington City,14/05/2014,Wed,900,HA,CS1C,302B 377B ,,R,W,OF,L ,X,G,C,50,0,0,0,1748199,5421925
Wellington City,03/10/2014,Fri,1006,GD,CS1C,181A 331A 926 ,,R,W,B ,F ,D,N,C,30,0,0,0,1748385,5422538
Wellington City,16/10/2014,Thu,15,DB,CS14,111A 131A 514A ,M,R,D,DO,F ,Y,N,C,50,0,0,0,1748107,5421660
Wellington City,16/11/2014,Sun,2250,DB,CS1,103A 111A ,FHT,R,D,TO,F ,T,N,C,50,0,0,0,1747651,5424445
Wellington City,18/06/2014,Wed,1200,MO,CS1C,386A ,M,R,D,O ,F ,T,G,C,50,0,0,0,1748657,5428516
Wellington City,01/10/2014,Wed,1755,JA,SN14,302B ,,R,D,B ,F ,T,G,C,50,0,0,1,1748620,5428304
Wellington City,30/08/2014,Sat,1045,EA,TS1C,386A ,M,E,D,B ,F ,T,N,C,50,0,0,0,1748332,5427534
Wellington City,15/08/2014,Fri,2025,NA,CS1E,194A 719B ,,E,W,DO,L ,T,N,C,50,0,0,1,1748324,5427516
Wellington City,02/10/2014,Thu,1027,MA,VN1CV,191A 373B 181C ,,R,D,O ,F , , ,R,50,0,0,0,1748536,5428043
Wellington City,31/07/2014,Thu,707,KB,VN1C,308B 927 ,,R,D,TF,F ,D,N,N,50,0,0,0,1748579,5428170
Wellington City,06/11/2014,Thu,1620,FE,CN1C,181A ,,R,D,O ,F ,T,T,R,50,0,0,0,1748531,5428029
Wellington City,29/08/2014,Fri,1515,KB,CN1V,301B ,,R,D,B ,F ,T,S,C,50,0,0,0,1748304,5427470
Wellington City,12/06/2014,Thu,1205,MB,CS1C,372B ,,R,D,O ,F ,T,T,C,50,0,0,0,1748368,5427634
Wellington City,05/02/2014,Wed,1640,EA,TS1C,129A ,M,R, , F,  , ,N,C,50,0,0,0,1748397,5427718
Wellington City,01/04/2014,Tue,820,NA,CN1E,711B 712B ,,R,D,BF,F , ,N,C,50,0,1,0,1748427,5427792
Wellington City,28/10/2014,Tue,1828,MA,BN1CC,110B 373B ,M,R,D,O ,F , ,N,C,50,0,0,0,1748435,5427810
Wellington City,18/10/2014,Sat,2330,EA,TS1C,129A ,M,R,D,DO,F , ,N,C,50,0,0,0,1748376,5427656
Wellington City,11/08/2014,Mon,1515,MC,PS14,197A 372B 378B 832 901 ,,R,W,O ,H , , ,C,50,0,0,1,1748373,5427647
Wellington City,27/11/2014,Thu,1411,AA,CN1V,372A ,,R,D,BF,F , ,N,C,50,0,0,0,1748632,5428374
Wellington City,21/03/2014,Fri,703,FD,CS1C4,331A 352A ,,R,D,TO,F , ,N,R,50,0,0,1,1748571,5428145
Wellington City,05/03/2014,Wed,1038,AA,BS1C,372A ,,R,D,OF,FS, ,N,R,50,0,0,0,1749305,5429425
Wellington City,20/02/2014,Thu,1620,GB,SN1C,197A 355B 386B 927 ,,R,D,B ,F ,D, ,L,50,0,0,1,1749266,5429517
Wellington City,11/04/2014,Fri,1014,AC,VS1M,372A ,,R,W,OF,F , ,N,C,50,0,0,0,1749266,5429517
Wellington City,22/12/2014,Mon,1500,GB,VS1P,175B 372B 927 ,,R,D,B ,F ,D, ,C,60,0,0,1,1749199,5429705
Wellington City,19/07/2014,Sat,1115,FC,CS1C,181A 387A 191B ,,R,D,OF,F , ,N,X,50,0,0,0,1749361,5429149
Wellington City,29/04/2014,Tue,1014,JA,CN1X,322A ,,R,W,OF,L ,T,T,R,50,0,0,1,1749084,5428833
Wellington City,26/04/2014,Sat,1053,ME,SS1C,330B 372B ,,E,D,B ,F , , ,P,50,0,0,1,1749265,5429080
Wellington City,03/04/2014,Thu,810,FD,CW14,181A ,,E,D,BF,F , ,N,X,50,0,0,0,1749197,5429039
Wellington City,06/03/2014,Thu,921,ME,BS1C,372B ,,E,D,O ,F , , ,C,50,0,0,0,1749109,5428877
Wellington City,12/05/2014,Mon,1130,JA,CS14,308B 375B 927 ,,S,D,BF,F ,D,N,R,50,0,0,0,1749128,5428923
Wellington City,20/02/2014,Thu,1607,MO,BN1,371A ,P,R,D,B ,F , , ,P,50,0,0,0,1749320,5429108
Wellington City,02/05/2014,Fri,825,KA,CN1B,302B 377B ,,R,D,BF,F ,T,G,P,50,0,0,0,1749084,5428833
Wellington City,05/02/2014,Wed,1349,AC,VS1M,353A 381A ,,M,D,O ,F , ,N,L,50,0,0,1,1749192,5429950
Wellington City,01/08/2014,Fri,1619,MC,BS1V,372B ,,R,D,BF,F , ,N,C,50,0,0,0,1749182,5429911
Wellington City,07/03/2014,Fri,834,LB,SS1C,314B 377B 927 ,,R,D,B ,F ,D, ,C,50,0,0,1,1749189,5429734
Wellington City,24/03/2014,Mon,845,AO,CS1S,381A 671A ,,R,D,BF,F , ,N,C,50,0,0,0,1748904,5429577
Wellington City,26/10/2014,Sun,1505,FD,CN1C,181A ,,R,D,BF,F , , ,P,50,0,0,0,1748124,5428731
Wellington City,08/09/2014,Mon,750,LB,CN1C,303B 375B ,,R,D,B ,F ,T,N,C,50,0,0,0,1748142,5428750
Wellington City,17/10/2014,Fri,1650,FB,CE1C,181A ,,E,D,OF,F ,T,G,R,50,0,0,0,1749211,5430006
Wellington City,24/03/2014,Mon,1145,GF,TE1C,179A 158B 387B ,,R,D,OF,F ,T,G,R,50,0,0,0,1749211,5430006
Wellington City,17/03/2014,Mon,514,EA,CS1C,103A ,M,E,W,DO,L , ,N,C,50,0,0,0,1752587,5423720
Wellington City,04/08/2014,Mon,,EA,CN1C,129A 517A ,M,R,D,TN,F , , ,N,50,0,0,0,1751009,5424014
Wellington City,24/09/2014,Wed,1108,QD,TE14CC,428A 611A ,M,R,D,B ,F ,T,N,C,50,0,0,0,1747530,5425786
Wellington City,28/04/2014,Mon,915,EA,SN1T,386A ,M,R,D,B ,F , ,N,C,50,0,0,0,1749166,5427202
Wellington City,09/05/2014,Fri,2355,AO,CN1C,129A 381A ,,R,D,DO,F ,X,T,C,50,0,0,0,1749134,5427134
Wellington City,04/10/2014,Sat,1440,NG,CN1E,371A ,,R,D,B ,F ,X,T,C,50,0,0,1,1749128,5427120
Wellington City,25/01/2014,Sat,845,FE,CS1C,181A 191B ,,R,D,O ,F ,X,T,C,50,0,0,0,1749136,5427139
Wellington City,11/05/2014,Sun,1930,MO,VS1V,371A ,M,R,D,DO,F , , ,C,50,0,0,0,1749057,5426961
Wellington City,21/11/2014,Fri,1840,JA,CN1C,375B ,,R,D,BF,F ,T,N,C,50,0,0,0,1748968,5426763
Wellington City,07/09/2014,Sun,1156,EA,4N1C,371A 386A ,M,R,D,B ,F ,T,N,C,50,0,0,0,1748949,5426721
Wellington City,12/07/2014,Sat,2005,MG,CN14,371B ,,R,D,DO,F ,T,N,C,50,0,0,0,1749090,5427034
Wellington City,11/10/2014,Sat,1445,AA,4S1C,353A 381A ,,R,D,BF,F , ,N,C,50,0,0,0,1749042,5426930
Wellington City,15/02/2014,Sat,2030,MF,CS1C,371B ,,R,D,TF,F ,X,T,C,50,0,0,0,1749208,5427288
Wellington City,25/11/2014,Tue,2220,EE,XS1C,374B ,M,R,D,DO,F , , ,C,50,0,0,0,1749195,5427261
Wellington City,04/04/2014,Fri,1838,DA,CN1V,131A ,M,M,W,B ,F , , ,N,50,0,0,0,1752549,5424769
Wellington City,11/01/2014,Sat,1350,MO,CS1,133A 423A 929 ,FH,M,D,BF,F ,D,N,N,50,0,0,0,1750926,5426141
Wellington City,21/09/2014,Sun,1323,NA,CE1K,191A 713B 929 ,,R,D,B ,F ,D, ,N,50,0,0,1,1748263,5421737
Wellington City,07/04/2014,Mon,1620,AC,CN1C,159A 357A 357B ,K,E,D,O ,F , , ,C,50,0,0,0,1750855,5424329
Wellington City,28/03/2014,Fri,848,MD,CS1E,371A 929 ,,E,D,B ,F , , ,C,50,0,0,0,1750542,5434709
Wellington City,04/06/2014,Wed,815,EA,CE1C,122A 363A 386A 446B 902 ,M,R,D,B ,F ,T,G,C,50,0,0,0,1750343,5434443
Wellington City,09/08/2014,Sat,1600,MC,CN1C,205A 372B ,,R,D,B ,F , , ,N,50,0,0,0,1752251,5422554
Wellington City,28/08/2014,Thu,,EA,CE1C,386A ,M,R,D,B ,F , ,N,C,50,0,0,0,1750078,5424630
Wellington City,07/04/2014,Mon,755,EA,CE14,129A ,M,R, , F,  , ,N,N,50,0,0,0,1751718,5432783
Wellington City,07/02/2014,Fri,835,FC,CN1CC,181A ,,R,D,BF,F , ,N,X,50,0,0,0,1747828,5427740
Wellington City,22/04/2014,Tue,2002,EA,CS1C,103A 129A ,M,R,D,DO,F , ,N,C,50,0,0,0,1747489,5427770
Wellington City,29/07/2014,Tue,1808,KA,CN1V,302B ,,R,W,DO,F ,X,G,C,50,0,0,0,1747520,5427696
Wellington City,01/10/2014,Wed,2300,GE,CS1C,171B 372B ,,R,D,DO,F ,T,G,C,50,0,0,0,1748711,5427594
Wellington City,05/06/2014,Thu,936,MG,CE2C,371B ,,R,D,O ,F ,T,G,C,50,0,0,0,1748711,5427594
Wellington City,19/04/2014,Sat,1215,MO,CN14,371B 927 ,,R,D,O ,F ,D,N,C,50,0,0,0,1748583,5427307
Wellington City,25/07/2014,Fri,1115,FE,VS1C,181A ,,R,D,B ,F ,X,T,C,50,0,0,0,1748533,5427232
Wellington City,22/10/2014,Wed,1700,MO,CS1C,385A ,M,R,D,BF,F , ,N,N,50,0,0,0,1748730,5427712
Wellington City,27/01/2014,Mon,1000,FF,CN1S,357A 512A ,,M,D,OF,F , ,N,N,50,0,0,0,1748724,5427681
Wellington City,19/07/2014,Sat,1647,DA,CS24,130A 195A ,M,M,D,O ,F ,T,G,C,50,0,0,0,1744898,5428314
Wellington City,13/12/2014,Sat,1203,MO,CN1,133A 423A 929 ,CH,R,W,O ,F ,D,N,N,50,0,0,0,1749690,5422652
Wellington City,11/02/2014,Tue,1328,CB,CW1,129A 358A ,C,R,D,B ,F , ,N,C,50,0,0,1,1748158,5430692
Wellington City,22/09/2014,Mon,959,BO,BE1C,129A 197A 386A 197B 903 ,,M,W,O ,LS, , ,L,50,0,0,0,1748482,5430715
Wellington City,08/09/2014,Mon,1945,EA,CS1C,386A ,M,R,D,B ,F , ,N,C,50,0,0,0,1748894,5430192
Wellington City,11/06/2014,Wed,1750,AC,BE14,381A ,,M,D,DO,F , ,N,N,50,0,0,0,1748729,5430677
Wellington City,23/10/2014,Thu,810,BO,CW1C,120A 120B ,,E,D,BF,F , ,N,N,50,0,0,0,1750380,5425856
Wellington City,31/07/2014,Thu,625,EC,CW1,129A 350A ,P,R,D,DO,F ,T,G,C,50,0,0,0,1750334,5425877
Wellington City,08/12/2014,Mon,1010,GA,VW1C,181A 197A 402A ,,R,D,B ,F ,T,N,C,50,0,0,0,1749272,5427248
Wellington City,06/10/2014,Mon,1400,AO,XW1C,184A ,,E,D,BF,F ,T,N,C,50,0,0,0,1749394,5427177
Wellington City,27/04/2014,Sun,40,BB,BN1M,129A 386A ,,E,D,DO,F ,T,S,C,50,0,0,0,1749319,5427226
Wellington City,28/09/2014,Sun,655,BA,CN1C,125A 359A ,,R,W,DO,L , ,N,C,50,0,0,0,1748800,5427571
Wellington City,18/11/2014,Tue,1550,GF,BE1C,671A ,,E,D,O ,F ,M,T,C,50,0,0,0,1749013,5427391
Wellington City,01/01/2014,Wed,0,NA,CW1E,711B 714B 724B ,,R,D,DO,F ,X,T,X,50,0,0,1,1749021,5427385
Wellington City,12/07/2014,Sat,1810,AO,CW1C,150A 381A ,,R,W,DO,F ,X,G,C,50,0,0,0,1749195,5427283
Wellington City,30/08/2014,Sat,1610,NA,CW1E,711B ,,R,D,B ,F , , ,C,50,0,0,0,1749186,5427287
Wellington City,08/02/2014,Sat,2245,AC,CW14,372A 671A 801 ,,R,W,DO,L , , ,C,50,0,0,0,1749158,5427298
Wellington City,01/08/2014,Fri,2010,DB,VN1,103A 131A 901 ,P,M,W,DO,H ,T,N,R,50,0,0,2,1748725,5427666
Wellington City,07/06/2014,Sat,2245,JA,CS1C,303B 930 ,,R,W,DO,L ,D,N,C,50,0,0,0,1748536,5426190
Wellington City,20/12/2014,Sat,1100,MG,CS14,352B 371B ,,R,D,O ,F , ,N,P,50,0,0,0,1748543,5426172
Wellington City,30/09/2014,Tue,1510,QD,CE2T,611A ,,R,D,B ,F ,T,T,C,50,0,0,0,1748521,5426228
Wellington City,02/07/2014,Wed,1800,NA,CN1E,306A 376A ,,R,D,DO,F , ,N,X,50,0,0,1,1748599,5425908
Wellington City,16/12/2014,Tue,1945,MO,CS1C,386A 929 ,M,R,D,BF,F , ,N,C,50,0,0,0,1748599,5425848
Wellington City,29/05/2014,Thu,2015,NA,CS1E,711B ,,E,D,DO,F , ,N,P,50,0,0,0,1748576,5426081
Wellington City,01/08/2014,Fri,2005,NA,CS1E,711B ,,E,W,DO,HS, ,N,X,50,0,0,1,1748576,5426081
Wellington City,19/08/2014,Tue,933,FC,MN1C,331A 358A ,,R,D,B ,F , , ,X,50,0,1,0,1748577,5426071
Wellington City,30/05/2014,Fri,1758,GF,TN1C,381A ,,R,D,B ,F ,T,N,C,50,0,0,0,1748506,5426264
Wellington City,22/10/2014,Wed,1745,KB,CW1C,308B 375B 926 ,,R,D,BF,F ,D,N,N,50,0,0,0,1748813,5428399
Wellington City,27/09/2014,Sat,900,GA,CW1C,181A 331A ,,R,D,B ,F ,T,G,C,50,0,0,0,1748735,5428434
Wellington City,04/04/2014,Fri,2240,MO,CE1C,101A 371A ,M,R,D,DO,F , ,N,C,50,0,0,0,1748651,5424335
Wellington City,18/02/2014,Tue,300,DA,CE14C,103A 120A ,MM,M,D,DO,F , ,N,C,50,0,0,0,1747565,5429861
Wellington City,23/05/2014,Fri,255,EA,VS1C,101A 108A 129A ,M,R,D,DO,F , , ,C,50,0,0,0,1747907,5425946
Wellington City,09/10/2014,Thu,1654,BE,CS14,501A ,,R,D,B ,F , , ,R,50,0,0,1,1749220,5428753
Wellington City,11/12/2014,Thu,950,MC,VN1C,372B ,,R,D,OF,F , ,N,C,50,0,0,1,1749091,5428588
Wellington City,13/08/2014,Wed,1717,EE,SN1C,525B ,M,R,D,TO,F ,T,T,C,50,0,0,1,1749102,5428604
Wellington City,22/09/2014,Mon,1540,AA,CN1C,372A ,,R,D,OF,F ,T,T,C,50,0,0,0,1749102,5428604
Wellington City,30/12/2014,Tue,1450,AC,CS1C,372A ,,R,D,BF,F ,X,T,C,50,0,0,0,1749102,5428604
Wellington City,26/04/2014,Sat,2156,FE,CN1CC,331A 358A ,,R,D,DO,F ,X,T,C,50,0,0,0,1749409,5428994
Wellington City,18/09/2014,Thu,1124,MO,TN1B,179A 386A ,M,M,D,B ,F , ,N,N,50,0,0,0,1749189,5428714
Wellington City,24/03/2014,Mon,1255,FA,TN1S,181A 331A ,,R,D,B ,F , , ,C,50,0,0,1,1748991,5428450
Wellington City,14/08/2014,Thu,1537,MA,4N1C,373B ,,R,D,OF,F , ,N,C,50,0,0,0,1749041,5428519
Wellington City,23/05/2014,Fri,1303,NA,VS1E,718B ,,R,D,B ,F ,X,T,R,50,0,1,0,1748982,5428438
Wellington City,16/10/2014,Thu,1430,MD,CE1T,150A 371B ,,R,D,B ,F ,T,N,C,50,0,0,0,1748561,5426634
Wellington City,13/03/2014,Thu,755,FE,CE1C,181A ,,R,D,BF,F ,T,T,C,50,0,0,0,1748645,5426596
Wellington City,08/02/2014,Sat,1730,FE,CE1C,103A 331A ,,R,W,OF,H ,T,T,C,50,0,0,0,1748654,5426592
Wellington City,03/11/2014,Mon,1715,GF,TE1C,671A ,,R,D,BF,F ,T,T,C,50,0,0,0,1748229,5426784
Wellington City,07/06/2014,Sat,1150,JA,CS24,191A 302B 375B ,,M,D,O ,F ,R,G,R,50,0,0,0,1749773,5424942
Wellington City,20/08/2014,Wed,1155,CC,VS1C,130A 504A ,HM,R,W,O ,L , , ,C,50,0,0,1,1747590,5424426
Wellington City,11/03/2014,Tue,1200,KB,CE1T,302B 375B ,,M,D,BF,F ,X,G,R,50,0,0,1,1752620,5436975
Wellington City,26/09/2014,Fri,1551,EA,MN1C,129A 356A ,M,E,D,B ,F , ,N,N,50,0,0,1,1751263,5436897
Wellington City,13/10/2014,Mon,1216,HA,CN2C,302A ,,R,D,B ,F ,R,G,R,50,0,0,0,1752251,5437033
Wellington City,24/12/2014,Wed,1810,FE,VN1C,181A ,,E,D,B ,F ,M,T,P,50,0,0,0,1748300,5426947
Wellington City,02/05/2014,Fri,1545,AA,VN1C,173A ,,E,D,B ,F ,M,T,C,50,0,0,0,1748300,5426947
Wellington City,10/04/2014,Thu,1200,AA,VW1C,372A ,,E,W,ON,H ,M,T,C,50,0,0,0,1748300,5426947