TLANAME,CRASHDATE,CRASHDOW,CRASHTIME,MVMT,VEHICLES,CAUSES,OBJECTSSTRUCK,ROADCURVE,ROADWET,LIGHT,WTHRa,JUNCTYPE,TRAFCTRL,ROADMARK,SPDLIM,CRASHFATALCNT,CRASHSEVCNT,CRASHMINCNT,EASTING,NORTHING
Wellington City,10/04/2014,Thu,2310,BA,CS1C,201A ,,R,W,DO,L , ,N,N,50,0,0,0,1748257,5426854
Wellington City,07/03/2014,Fri,1400,FF,CN1C,387A ,,R,D,BF,F , ,N,C,50,0,0,0,1748257,5426854
Wellington City,07/04/2014,Mon,1335,FA,CS1T,181A ,,R,W,O ,F ,X,G,C,50,0,0,0,1748250,5426835
Wellington City,21/04/2014,Mon,2137,FC,CN1C,331A 359A ,,R,D,DO,F ,T,G,X,50,0,0,0,1748250,5426840
Wellington City,11/10/2014,Sat,1245,KA,TN1C,302B 387B ,,R,D,BF,F ,T,G,P,50,0,0,0,1748250,5426840
Wellington City,31/07/2014,Thu,931,PF,VN1E,720B 818 ,,R,D,B ,F , , ,N,50,0,0,0,1748617,5427650
Wellington City,02/05/2014,Fri,2214,NB,CS1E,711B 712B 714B ,,M,D,DO,F ,X,G,C,50,0,0,1,1748595,5427605
Wellington City,01/08/2014,Fri,1908,NB,PS1E4,713B ,M,R,W,DO,L ,X,T,C,50,0,0,2,1748591,5427596
Wellington City,22/08/2014,Fri,925,NB,CN1E,377A ,,E,D,O ,F , , ,C,50,0,0,1,1748583,5427578
Wellington City,31/03/2014,Mon,1730,AA,CS1M,372A 671A ,,R,D,BF,F ,T,T,C,50,0,0,0,1748205,5426734
Wellington City,20/09/2014,Sat,1135,DB,SE1,131A 410A ,CK,M,W,O ,H ,T,T,C,50,1,0,0,1748205,5426734
Wellington City,11/09/2014,Thu,900,NA,VS1E,711B ,,R,D,B ,F ,T,T,C,30,0,0,1,1748693,5427817
Wellington City,04/09/2014,Thu,1055,MO,TN1X,201A 371A 386A 201B ,,R,D,B ,F ,X,T,C,30,0,0,0,1748522,5427443
Wellington City,15/11/2014,Sat,2000,GE,XN1C,160A 927 ,,R,D,TO,F ,D, ,C,50,0,0,0,1748500,5427393
Wellington City,08/10/2014,Wed,712,MC,MN1V,372B 375B ,,R,W,OF,F , ,N,C,50,0,1,0,1748500,5427393
Wellington City,26/02/2014,Wed,2111,EA,VN1C,331A 377A ,Q,R,D,DO,F ,X,T,C,50,0,0,2,1748520,5427439
Wellington City,25/06/2014,Wed,2234,JA,CS1C,303B ,,R,W,DO,F ,T,N,C,30,0,0,0,1748572,5427554
Wellington City,06/06/2014,Fri,1105,MB,CS14,357B 512B 929 ,,R,D,O ,F ,D, ,C,50,0,0,0,1748568,5427546
Wellington City,10/02/2014,Mon,1609,MB,CS1C,372B ,,R,D,O ,F , ,N,C,50,0,0,0,1748478,5427345
Wellington City,15/02/2014,Sat,2021,DB,CS1,193A 336A ,I,R,D,TF,F ,X,T,R,50,0,0,0,1748446,5427272
Wellington City,27/08/2014,Wed,1145,AC,VN1B,184A ,,R,D,B ,F , , ,L,30,0,0,0,1748720,5427877
Wellington City,29/01/2014,Wed,1800,FE,CN1V,181A 387A ,,E,D,BF,F ,X,T,C,50,0,0,0,1748740,5427923
Wellington City,11/08/2014,Mon,850,NA,CN1E,712B 713B ,,R,D,O ,F , , ,L,30,0,0,1,1748641,5427700
Wellington City,20/04/2014,Sun,1000,MO,CN1C,371A ,,R,D,OF,F , ,N,C,50,0,0,0,1748388,5427143
Wellington City,08/06/2014,Sun,520,EA,CN14,103A 129A ,M,R,D,DO,F , ,N,C,50,0,0,0,1748278,5426902
Wellington City,06/08/2014,Wed,1850,NB,4N1E,711B 712B ,,M,D,DO,F , ,N,C,50,0,0,1,1748218,5426761
Wellington City,13/03/2014,Thu,150,MO,CS1,357A 371A ,S,R,D,DO,F ,T,T,C,50,0,0,0,1748229,5426784
Wellington City,22/12/2014,Mon,1400,GF,TW2C,129B ,,M,D,BF,F ,T,T,C,50,0,0,0,1748229,5426784
Wellington City,22/12/2014,Mon,1400,GF,TW2C,129A 129B ,,M,D,B ,F ,T,T,C,50,0,0,0,1748229,5426784
Wellington City,17/11/2014,Mon,1245,NA,BN1E,711B ,,R,D,OF,F , ,N,C,50,0,0,0,1748732,5427904
Wellington City,18/02/2014,Tue,1627,EE,CE1C,374B ,Q,R,D,O ,F ,T,N,N,50,0,0,0,1748970,5424971
Wellington City,25/11/2014,Tue,1045,MO,CW1C,371A 929 ,M,R,D,B ,F ,D,N,C,50,0,0,0,1750064,5432704
Wellington City,25/02/2014,Tue,330,NA,VE1E,350A 710B ,,R,D,DN,F , , ,N,50,0,0,1,1748714,5428407
Wellington City,10/01/2014,Fri,1015,MO,CW1,130A 420A ,C,E,D,B ,F , , ,N,20,0,0,1,1749056,5427450
Wellington City,14/10/2014,Tue,1847,NA,CW1E,191A 713B ,,R,D,TO,F , , ,N,30,0,0,1,1749091,5424829
Wellington City,06/12/2014,Sat,1018,PO,CN1K,370A 720B ,,R,D,B ,F , , ,N,10,0,0,1,1752707,5425911
Wellington City,04/10/2014,Sat,1256,QD,CE1,130A 421A 423A ,JP,E,D,O ,F ,T,G,N,50,0,0,2,1748572,5428316
Wellington City,09/05/2014,Fri,1220,JA,CS1S,370A 377A 201B 370B 378B 839 ,,R,D,O ,F ,T,N,N,50,0,0,1,1748705,5426505
Wellington City,10/02/2014,Mon,640,FD,CS14CC,181A ,,R,W,OF,H , ,N,C,100,0,0,3,1754326,5442342
Wellington City,03/02/2014,Mon,1947,CB,CN1,130A ,JT,R,D,B ,F , , ,C,100,0,0,0,1754312,5442342
Wellington City,17/11/2014,Mon,1450,FD,VN1CC,112A 350A 350B 350C ,,R,W,O ,LS,T,N,C,100,0,0,1,1754125,5441961
Wellington City,08/04/2014,Tue,843,FD,4S14C,181A 181B ,,R,W,O ,HS, , ,C,100,0,0,0,1754061,5441776
Wellington City,18/12/2014,Thu,1240,FA,CN1C,181A 191B 817 ,,R,W,O ,H , ,N,C,100,0,0,0,1753732,5441044
Wellington City,18/12/2014,Thu,1320,CB,VN1,191A 197A ,C,R,W,OF,H , ,N,C,100,0,0,0,1753606,5440562
Wellington City,12/11/2014,Wed,2230,AF,CN1T,150A 381A 137B ,,R,W,DN,F , ,N,N,100,0,0,0,1753587,5440464
Wellington City,26/02/2014,Wed,1835,AC,TN1C,381A 671A ,G,R,D,O ,F , , ,C,100,0,0,0,1753578,5440419
Wellington City,12/06/2014,Thu,2335,BA,CN1C,103A 110A 514A ,,R,D,DN,F , ,N,C,100,0,1,0,1753496,5439954
Wellington City,20/06/2014,Fri,715,FO,CS1C,110A 181A ,,R,D,TN,F , ,N,C,100,0,0,0,1753398,5439523
Wellington City,20/09/2014,Sat,1843,DB,CN1,134A 402A ,G,M,W,DO,F ,T,N,P,100,0,0,0,1753494,5439335
Wellington City,27/10/2014,Mon,1800,FA,CN1C,181A ,,E,D,B ,F ,T,N,P,80,0,0,0,1753501,5439327
Wellington City,19/11/2014,Wed,120,FD,CN1C,181A 817 ,,R,D,DO,FS, ,N,C,100,0,0,3,1753585,5439223
Wellington City,27/05/2014,Tue,1156,CC,4N1,129A 504A ,CG,R,D,BF,F , ,N,C,100,0,0,1,1753660,5439077
Wellington City,20/03/2014,Thu,1952,FD,CS1C,181A ,,E,W,DO,F , ,N,R,100,0,0,0,1753674,5438957
Wellington City,09/03/2014,Sun,2009,DB,CN14,102A 111A 131A 402A 514A 517A 198B +,DG,E,D,DO,F ,T,N,C,100,0,0,0,1753602,5438733
Wellington City,29/09/2014,Mon,400,DB,CN1,102A 131A 410A 631A ,G,E,D,DN,F , ,N,C,100,0,0,0,1753509,5438251
Wellington City,17/11/2014,Mon,1502,AC,VN1C,372A ,,E,W,O ,L , , ,R,100,0,0,0,1753476,5438199
Wellington City,22/05/2014,Thu,838,AA,CN1C,129A 358A ,CS,M,W,BF,F , ,N,C,100,0,1,0,1753455,5438153
Wellington City,25/03/2014,Tue,1754,DA,CN1,410A ,C,E,D,BF,F , ,N,C,100,0,0,0,1753226,5437966
Wellington City,01/06/2014,Sun,649,DB,CN1,103A 410A ,GT,E,W,DN,F , ,N,R,100,0,0,1,1753211,5437935
Wellington City,10/06/2014,Tue,1205,QG,CN1,130A 615A 687A 801 ,,R,W,O ,L , , ,C,100,0,0,0,1752937,5437462
Wellington City,25/09/2014,Thu,735,KA,VS1C,112A 184A ,,R,D,B ,F ,T,N,C,50,0,0,0,1752875,5437261
Wellington City,28/11/2014,Fri,1421,CB,CS1,410A ,P,R,W,O ,L , , ,R,100,0,0,0,1752840,5437189
Wellington City,26/12/2014,Fri,1313,DA,CS1,134A 350A ,G,E,D,B ,F , ,N,C,100,0,0,1,1752788,5437081
Wellington City,25/10/2014,Sat,1733,AA,MN1,103A 110A 134A 150A ,G,E,D,O ,F , ,N,C,100,0,1,0,1752739,5437027
Wellington City,04/11/2014,Tue,813,FD,TS1CV,112A 130A 331A ,,R,D,B ,F , , ,C,100,0,0,1,1752681,5436944
Wellington City,14/06/2014,Sat,1620,CB,CN1,130A 330A ,T,R,D,O ,F , , ,C,100,0,0,1,1752456,5436789
Wellington City,11/11/2014,Tue,1730,KB,CW14,301B ,,M,D,B ,F ,M,S,C,50,0,0,0,1752353,5436619
Wellington City,28/11/2014,Fri,1427,FD,CN1C,181A ,,R,D,B ,F , , ,C,100,0,0,0,1752337,5436545
Wellington City,19/11/2014,Wed,2013,CB,CN1,358A 363A 407A 902 ,X,R,D,B ,F , , ,C,100,0,0,1,1752124,5436107
Wellington City,11/04/2014,Fri,1300,CC,CS1C,129A ,GC,R,W,OF,H , ,N,C,100,0,0,0,1752089,5435998
Wellington City,02/04/2014,Wed,1705,FD,CN14,181A ,,R,D,BF,F , ,N,R,100,0,0,0,1751907,5435656
Wellington City,18/05/2014,Sun,445,CB,CN1,410A ,C,R,W,DO,F , , ,C,100,0,1,0,1751864,5435566
Wellington City,21/12/2014,Sun,1540,FA,CN1C,181A 330A 191B ,,R,D,O ,F , ,N,C,100,0,0,0,1751820,5435476
Wellington City,10/04/2014,Thu,618,CB,CN1,129A 134A ,G,R,W,DN,L , ,N,N,80,0,0,1,1751799,5435431
Wellington City,06/11/2014,Thu,1030,AA,CN1C,372A ,,R,W,O ,L ,T,N,R,100,0,0,0,1751781,5435395
Wellington City,18/02/2014,Tue,720,AA,CN1C,372A ,,R, ,BF,  ,Y,N,N,10,0,0,0,1751777,5435386
Wellington City,21/12/2014,Sun,1543,AA,TN1C,372A 381A ,,R,D,B ,F , ,N,C,100,0,0,0,1751663,5435142
Wellington City,29/10/2014,Wed,751,AC,TN1C,372A 671A ,,E,D,O ,F , ,N,R,100,0,0,0,1751635,5435056
Wellington City,26/09/2014,Fri,1236,EA,4S1T,331A 387A ,Q,E,D,BF,F , ,N,R,80,0,0,0,1751568,5434563
Wellington City,03/06/2014,Tue,1733,FA,4N1CC,110A 331A 191B ,,R,D,DO,F , , ,R,80,0,0,0,1751550,5434368
Wellington City,12/10/2014,Sun,1327,AA,CN1T,372A 386A ,,R,D,B ,F ,T,N,C,80,0,2,0,1751594,5434278
Wellington City,12/10/2014,Sun,1327,FD,CN1CC,331A 191B 191C ,,R,D,B ,F , , ,C,80,0,0,0,1751601,5434265
Wellington City,06/11/2014,Thu,1850,AF,SS1,129A 407A ,,R,D,O ,F , ,N,C,80,0,1,0,1751655,5434193
Wellington City,20/09/2014,Sat,1422,AC,CN1C,372A 386A ,,R,W,O ,F ,T,N,C,80,0,0,0,1751578,5433843
Wellington City,15/05/2014,Thu,1255,AC,TS1C,184A 372A 671A 184B 801 ,,R,W,O ,L , , ,C,80,0,0,0,1751591,5433834
Wellington City,01/12/2014,Mon,1630,FA,VN1V,181A 331A ,,R,D,O ,F , , ,C,80,0,0,1,1751546,5433804
Wellington City,14/08/2014,Thu,754,AC,TS1C,372A ,,R,D,BF,F ,Y,N,R,80,0,0,0,1751527,5433757
Wellington City,14/06/2014,Sat,2320,BA,CS1C,101A 201A ,,R,D,DO,F ,T,N,N,80,0,0,0,1751350,5433570
Wellington City,14/03/2014,Fri,1215,QG,VS1,131A 682A ,G,M,D,BF,F , ,N,R,80,0,0,0,1751297,5433383
Wellington City,17/10/2014,Fri,1856,FD,VN1T,112A 181A 331A ,,R,W,TF,F , , ,C,80,0,0,0,1751281,5433368
Wellington City,05/06/2014,Thu,735,FD,CS1C,181A ,,R,D,OF,F , ,N,C,100,0,0,0,1751601,5432944
Wellington City,17/11/2014,Mon,1710,FD,4S1C,110A 181A ,,E,W,O ,F , ,N,C,80,0,0,0,1751661,5432869
Wellington City,05/11/2014,Wed,700,DA,TN1,101A 110A 134A ,G,E,W,O ,L , ,N,C,80,0,0,1,1751695,5432814
Wellington City,09/06/2014,Mon,709,FD,CE1C,181A ,,E,W,OO,L , ,N,C,80,0,0,0,1751722,5432818
Wellington City,01/08/2014,Fri,1005,EB,VN1C,331A 377A ,Q,R,D,OF,F , ,N,C,80,0,0,0,1751724,5432796
Wellington City,15/07/2014,Tue,1240,AA,CW1C,372A ,,E,D,BF,F , ,N,C,80,0,0,0,1751774,5432772
Wellington City,26/11/2014,Wed,1800,FA,VN1C,181A 191B ,,R,D,B ,F ,T,N,C,80,0,0,0,1751801,5432776
Wellington City,13/08/2014,Wed,1215,MO,VW1C,330A 386A 927 ,,E,D,B ,F ,D,N,N,70,0,0,0,1751819,5432767
Wellington City,01/07/2014,Tue,1342,FD,CN1V,132A 614A ,,E,D,O ,F , ,N,P,80,0,0,2,1751820,5432751
Wellington City,24/04/2014,Thu,830,EA,SS1VC,129A 150A ,M,E,D,B ,F , ,N,N,50,0,0,1,1751895,5432713
Wellington City,06/10/2014,Mon,2156,DA,CS1,102A 111A 131A ,G,M,W,DO,L , , ,C,100,0,0,0,1752022,5432568
Wellington City,10/06/2014,Tue,1340,DB,CN1,131A 407A 801 ,G,E,W,O ,L , , ,C,100,0,0,0,1752018,5432541
Wellington City,22/05/2014,Thu,15,DA,CS1,103A 402A ,,E,D,DO,F , ,N,R,80,0,0,0,1752024,5432173
Wellington City,05/08/2014,Tue,755,AC,CS1MC,372A ,,R,D,B ,F , , ,C,100,0,0,1,1751822,5432011
Wellington City,09/10/2014,Thu,525,PE,CS1EEC,129A ,M,R,D,DO,F , , ,C,100,0,1,1,1751757,5431973
Wellington City,25/02/2014,Tue,306,CB,CN1,103A 410A ,G,R,D,DN,F , ,N,C,100,0,0,0,1751695,5431955
Wellington City,19/03/2014,Wed,1720,AC,4N1M,372A ,,R,D,OF,F , ,N,C,100,0,1,0,1751372,5431706
Wellington City,21/09/2014,Sun,1800,AC,TN1C,372A ,G,R,D,O ,F , , ,C,100,0,0,0,1751312,5431637
Wellington City,17/02/2014,Mon,946,AC,TS1C,372A 671A ,G,E,D,B ,F , , ,R,100,0,0,1,1751213,5431517
Wellington City,10/06/2014,Tue,615,DB,CS1,137A 197A ,G,E,W,DO,L , ,N,N,100,0,0,0,1751213,5431517
Wellington City,03/02/2014,Mon,910,FD,VW1C,331A 358A ,,R,D,BF,F , ,N,R,100,0,0,0,1750852,5431329
Wellington City,12/06/2014,Thu,1810,FD,CN14,112A 331A ,,R,D,DN,F , ,N,C,80,0,0,0,1750529,5431196
Wellington City,23/09/2014,Tue,345,CA,CS1,103A 112A 130A ,G,R,D,DO,F , , ,C,100,0,0,0,1750275,5430998
Wellington City,21/11/2014,Fri,1536,CC,TN1,903,G,R,D,OF,FS, ,N,R,100,0,0,0,1750211,5430958
Wellington City,16/04/2014,Wed,824,FA,CN1C,181A 800 901 ,,E,W,O ,H , , ,C,100,0,0,0,1750174,5430917
Wellington City,01/05/2014,Thu,558,FD,4N14,181A ,,R,D,DO,F , ,N,N,100,0,0,0,1750146,5430882
Wellington City,17/07/2014,Thu,2027,CB,CS1,110A 403A 404A ,G,R,W,DO,F , ,N,C,100,0,0,0,1750112,5430809
Wellington City,16/09/2014,Tue,1555,AC,TN1C,372A 381A ,,R,D,B ,F , ,N,C,80,0,0,0,1750087,5430801
Wellington City,30/07/2014,Wed,2107,DA,CS1,111A 131A ,G,E,W,DO,F , , ,C,100,0,0,0,1750020,5430690
Wellington City,26/01/2014,Sun,1634,CC,CN1,112A 901 ,G,R,W,OF,H , ,N,C,100,0,0,0,1750006,5430699
Wellington City,20/04/2014,Sun,934,DA,MN1,129A ,I,E,D,BF,FS, ,N,R,100,0,0,1,1749992,5430685
Wellington City,10/12/2014,Wed,747,DB,CN1,130A 191A 901 ,G,E,W,O ,H , , ,R,100,0,0,0,1749952,5430655
Wellington City,26/11/2014,Wed,955,FD,CS1C4,331A 352A ,,R,D,BF,F , ,N,C,100,0,0,0,1749940,5430631
Wellington City,11/08/2014,Mon,1750,FD,CN1CC,181A ,,R,W,TO,L , ,N,C,100,0,0,0,1749867,5430603
Wellington City,26/11/2014,Wed,954,AA,LS1C,330A 372A ,G,E,D,B ,F , , ,R,100,0,0,0,1749855,5430579
Wellington City,29/03/2014,Sat,852,DB,CS1,111A 131A 402A 903 ,G,M,D,O ,FS, , ,C,100,0,0,1,1749829,5430563
Wellington City,13/01/2014,Mon,737,FD,VS1CV,110A 181A 350A ,,E,D,B ,F , ,N,C,60,0,0,0,1749711,5430443
Wellington City,16/09/2014,Tue,1050,FA,CS1C,181A ,,E,D,O ,F , , ,N,100,0,0,0,1749711,5430443
Wellington City,26/11/2014,Wed,955,FD,TS1CCC,181A 181B 181C ,,E,D,B ,F , , ,R,100,0,0,0,1749711,5430443
Wellington City,04/08/2014,Mon,1740,AA,CN1M,372A ,,E,W,DO,L , ,N,C,100,0,0,0,1749711,5430443
Wellington City,27/06/2014,Fri,845,FD,CS1CC,181A ,,R,D,BF,F , ,N,R,100,0,0,0,1749651,5430363
Wellington City,24/06/2014,Tue,1805,FD,CN1CCC,181A 191B 191C 191D ,,E,W,DO,F , , ,R,100,0,0,0,1749625,5430349
Wellington City,15/05/2014,Thu,1700,AC,CS1C,372A ,,R,W,DO,H , , ,C,100,0,0,0,1749605,5430298
Wellington City,14/12/2014,Sun,1700,DB,CS2,129A ,G,M,D,BF,F ,Y,N,N,70,0,0,0,1749592,5430282
Wellington City,21/05/2014,Wed,1042,MO,TS1CCC,682A ,,R,D,B ,F , , ,R,100,0,0,0,1749461,5430131
Wellington City,22/06/2014,Sun,1728,FD,CN1CCC,197A 331A 197B 387B 370C 191D ,,R,D,DO,F , , ,C,100,0,0,1,1749403,5430085
Wellington City,16/06/2014,Mon,810,FA,CS1C,331A 353A 380A ,,R,D,O ,F , , ,C,100,0,0,0,1749296,5429918
Wellington City,11/04/2014,Fri,1446,FO,CN2C,184A ,,R,W,O ,L ,T,G,R,100,0,0,0,1749021,5429640
Wellington City,12/03/2014,Wed,1610,FA,CN1C,181A 331A 353A ,,R,D,B ,F ,T,G,C,100,0,0,0,1749021,5429640
Wellington City,07/04/2014,Mon,1855,FD,4N1CCC,110A 331A 801 ,,R,W,O ,L , , ,R,100,0,0,0,1748997,5429622
Wellington City,11/06/2014,Wed,736,FD,CN1C,331A 801 ,,R,W,TO,L , , ,C,100,0,0,2,1748641,5429251
Wellington City,09/05/2014,Fri,1610,DA,CN1,131A 358A ,T,E,D,OF,F , ,N,R,80,0,0,0,1748521,5429042
Wellington City,14/07/2014,Mon,650,AA,CS1C,372A 410A 801 ,,E,W,DO,L , , ,R,100,0,0,0,1748520,5428942
Wellington City,17/04/2014,Thu,1703,FD,CS1C,181A ,,R,W,O ,F , , ,C,100,0,0,0,1748504,5428884
Wellington City,19/02/2014,Wed,2228,CA,CN1,406A 410A ,,R,D,DO,F , ,N,C,100,0,0,0,1748514,5428660
Wellington City,14/01/2014,Tue,1412,CB,VN1,129A 130A ,C,R,D,B ,F , , ,C,100,0,0,0,1748515,5428642
Wellington City,29/07/2014,Tue,1745,AC,CS1C,372A ,G,R,W,OF,L , ,N,C,100,0,0,0,1748529,5428602
Wellington City,21/08/2014,Thu,2030,JA,MN1C,302B 375B ,,R,W,DO,L ,T,G,C,50,0,0,1,1748541,5428361
Wellington City,02/06/2014,Mon,45,DB,CN1,130A 501A ,G,E,D,DO,F , , ,C,100,0,0,0,1748535,5428298
Wellington City,11/02/2014,Tue,1618,AO,CS1C,184A 372A 184B 372B ,,E,D,B ,F , , ,C,80,0,0,0,1748482,5428127
Wellington City,05/02/2014,Wed,1533,FD,CS1XC,110A 331A 350A ,,R,D,O ,F , , ,R,100,0,0,0,1748477,5428116
Wellington City,09/11/2014,Sun,950,FD,CS1CC,181A 330A ,,R,D,B ,F , ,N,N,80,0,0,0,1748442,5428036
Wellington City,19/06/2014,Thu,1753,FD,4S1C,181A 358A ,,R,D,DO,F , , ,R,80,0,0,0,1748417,5427978
Wellington City,09/08/2014,Sat,1440,FD,4S1CC4,181A 331A ,,R,W,O ,L , , ,N,100,0,0,0,1748403,5427944
Wellington City,03/08/2014,Sun,1630,FD,CS1VC,331A 358A ,,R,W,OF,L , ,N,N,80,0,0,0,1748395,5427925
Wellington City,05/11/2014,Wed,1831,FD,CS1CCC,181A 330A ,,R,W,O ,L , ,N,R,60,0,0,0,1748376,5427900
Wellington City,25/11/2014,Tue,1524,FD,TS1CCV,181A 402A 191B 181D 331D 801 ,,R,W,O ,L , , ,C,70,0,0,0,1748368,5427866
Wellington City,04/03/2014,Tue,615,AC,TN1C,150A 372A ,,R,D,DO,F , ,N,C,70,0,0,0,1748348,5427708
Wellington City,17/03/2014,Mon,1745,FD,CS1O,181A ,,R,D,OF,F , ,N,L,70,0,0,0,1748346,5427561
Wellington City,17/05/2014,Sat,1413,FD,CS1MC,181A 181B 191C ,,R,D,O ,F , ,N,R,80,0,0,1,1748347,5427489
Wellington City,17/05/2014,Sat,1413,FD,CS1C,181A ,,E,D,B ,F , , ,C,80,0,0,0,1748354,5427389
Wellington City,18/10/2014,Sat,1145,FD,CS1C,181A ,,R,D,B ,F , ,N,C,80,0,0,0,1748353,5427390
Wellington City,30/11/2014,Sun,1430,AC,CN1T,372A ,,R,D,B ,F , ,N,C,70,0,0,0,1748353,5427390
Wellington City,01/09/2014,Mon,2320,BA,CS1T,112A 125A 514A ,,R,D,DO,F , ,N,C,70,0,0,0,1748356,5427339
Wellington City,11/05/2014,Sun,520,DB,CS1,102A 131A 358A ,GP,M,W,DO,F ,X,T,C,50,0,0,0,1748371,5427107
Wellington City,14/06/2014,Sat,2100,HA,CE1C,322B ,,E,D,DO,F ,X,T,C,50,0,0,2,1748371,5427107
Wellington City,24/01/2014,Fri,1112,HA,VE2CC,322A 334A ,,R,D,B ,F ,X,T,R,50,0,0,3,1748371,5427107
Wellington City,18/01/2014,Sat,2058,HA,CE2C,322B 334B 356B ,,R,D,TF,F ,X,T,C,50,0,0,0,1748371,5427107
Wellington City,18/07/2014,Fri,1100,HA,CS14C,322B ,,R,D,BF,F ,X,T,C,50,0,0,0,1748444,5427073
Wellington City,04/01/2014,Sat,836,HA,XS1C,322B 334B ,,R,D,O ,F ,X,T,C,50,0,0,0,1748444,5427073
Wellington City,09/07/2014,Wed,1903,CA,TN1C,666A 682A ,,R,W,DO,L ,X,T,C,50,0,0,0,1748300,5426947
Wellington City,01/06/2014,Sun,1540,FE,CN1C,331A ,,E,D,O ,F ,X,T,C,50,0,0,0,1748300,5426947
Wellington City,01/12/2014,Mon,530,HA,CN2C,322A 410A ,,R,D,O ,F ,X,T,C,50,0,0,0,1748300,5426947
Wellington City,03/03/2014,Mon,1819,FD,CS1CV,181A ,,R,W,OF,L , ,N,R,70,0,0,0,1748553,5427024
Wellington City,09/09/2014,Tue,1930,KB,CN1C,382B ,,M,D,TF,F ,X,T,R,50,0,0,0,1748338,5426862
Wellington City,05/02/2014,Wed,1048,GD,ME1P,333A 352A ,,R,D,O ,F ,T,G,C,50,0,0,1,1748655,5426979
Wellington City,11/07/2014,Fri,2105,FA,MW1C,102A 110A 380A ,,E,D,DO,F , , ,C,50,0,1,0,1748381,5426801
Wellington City,27/11/2014,Thu,1141,EA,CE1CCV,101A 129A 386A ,M,R,D,B ,F , ,N,N,50,0,0,0,1748676,5426970
Wellington City,18/04/2014,Fri,1610,FA,ME1C,181A ,,R,D,B ,F ,T,G,C,50,0,0,1,1748732,5426945
Wellington City,06/08/2014,Wed,2010,AA,CW1C,112A 381A ,,R,D,DO,F , ,N,N,50,0,0,0,1748464,5426755
Wellington City,24/11/2014,Mon,810,FD,CS1C,181A ,,R,D,B ,F , , ,N,60,0,0,0,1748762,5426931
Wellington City,24/08/2014,Sun,2041,NA,4W1E,713B 718B ,,R,D,DO,F ,X,T,C,50,0,0,1,1748488,5426734
Wellington City,31/08/2014,Sun,139,NB,CE1E,105B 711B ,,R,D,DO,F ,X,T,C,50,1,0,0,1748792,5426917
Wellington City,30/03/2014,Sun,912,NB,CE1E,306A 324A 402A ,,R,D,O ,F ,X,T,X,50,0,0,1,1748792,5426917
Wellington City,24/07/2014,Thu,1240,AA,VS14,372A ,,R,D,B ,F ,X,T,R,50,0,0,0,1748792,5426917
Wellington City,27/08/2014,Wed,1613,NA,CN1E,712B 713B ,,R,D,BF,F ,X,T,R,50,0,0,1,1748792,5426917
Wellington City,24/02/2014,Mon,745,FA,CE1C,181A ,,R,D,OF,F , ,N,C,50,0,0,0,1748883,5426876
Wellington City,06/08/2014,Wed,917,FD,CW1C,181A 330A ,,R,D,O ,F , ,N,C,50,0,0,0,1748950,5426846
Wellington City,10/12/2014,Wed,924,GF,TE1C,179A 386A 671A ,H,R,D,B ,F ,X,T,C,50,0,0,0,1748996,5426825
Wellington City,28/07/2014,Mon,845,FE,CE1C,181A ,,R,D,BF,F ,X,T,C,50,0,0,0,1748996,5426825
Wellington City,07/05/2014,Wed,1959,NB,CN1E,711B 718B 732B ,,R,W,DO,L ,X,T,C,50,0,0,1,1748996,5426825
Wellington City,12/02/2014,Wed,1108,AA,CW1X,184A ,,E,D,O ,F , , ,C,50,0,0,0,1749087,5426785
Wellington City,30/12/2014,Tue,1820,QD,TE1C,428A 611A ,M,R,D,B ,F , ,N,C,50,0,0,1,1749133,5426764
Wellington City,13/10/2014,Mon,401,HA,CE1C,322A 334A ,,R,D,DO,F ,X,T,R,50,0,0,1,1749197,5426734
Wellington City,16/11/2014,Sun,1105,FE,CE1C,181A ,,R,D,B ,F ,T,T,C,50,0,0,0,1749197,5426734
Wellington City,26/03/2014,Wed,1130,HA,CE1C,132A 322B ,,R,D,B ,F ,X,T,C,50,0,0,0,1749197,5426734
Wellington City,08/11/2014,Sat,1100,AC,CS1BC,372A ,,R,D,B ,F ,X,T,R,50,0,0,0,1749216,5426713
Wellington City,02/05/2014,Fri,1135,AC,CN1V,381A ,,R,D,B ,F , , ,C,50,0,0,0,1748969,5426474
Wellington City,14/05/2014,Wed,1755,FD,VN14,181A 801 ,,R,W,TO,L , , ,C,50,0,0,0,1748969,5426474
Wellington City,12/10/2014,Sun,2355,AC,CS1S,357A 512A 357B 510B ,,R,D,DO,F , , ,C,50,0,0,0,1749179,5426631