TLANAME,CRASHDATE,CRASHDOW,CRASHTIME,MVMT,VEHICLES,CAUSES,OBJECTSSTRUCK,ROADCURVE,ROADWET,LIGHT,WTHRa,JUNCTYPE,TRAFCTRL,ROADMARK,SPDLIM,CRASHFATALCNT,CRASHSEVCNT,CRASHMINCNT,EASTING,NORTHING
Wellington City,05/06/2014,Thu,1623,AA,CN1B,372A ,,R,D,O ,F , , ,C,50,0,0,0,1749137,5426538
Wellington City,12/08/2014,Tue,2109,DA,CN1,111A 131A ,F,M,W,DO,L , ,N,R,50,0,0,0,1748917,5426353
Wellington City,18/12/2014,Thu,605,DA,CN1,111A 330A ,P,M,W,O ,F ,T,N,C,50,0,0,0,1748919,5426369
Wellington City,08/02/2014,Sat,1937,DA,CN1C,131A ,M,M,W,DO,L ,T,G,C,50,0,0,0,1748926,5426325
Wellington City,09/04/2014,Wed,925,CA,MS1,130A 191A 801 ,,R,W,O ,L , , ,C,50,0,0,1,1749117,5426492
Wellington City,02/08/2014,Sat,,DA,CW2C,131A 801 ,M,S,W,O ,L ,T,N,C,50,0,0,0,1748932,5426317
Wellington City,07/12/2014,Sun,1546,DA,CN1C,111A 131A ,M,M,W,OF,L ,T,T,C,50,0,0,0,1748919,5426338
Wellington City,28/11/2014,Fri,2115,DA,VN1,131A 403A ,F,E,W,DO,L , , ,N,50,0,0,0,1748923,5426329
Wellington City,14/05/2014,Wed,815,DB,MN1,131A 801 ,,S,W,O ,L ,T,T,C,50,0,0,0,1749005,5426284
Wellington City,02/07/2014,Wed,1810,GF,CW1S,129A ,,E,D,DO,F ,T,T,C,50,0,0,1,1749005,5426284
Wellington City,11/07/2014,Fri,2215,FD,XW1C,181A 330A ,,R,W,DO,L ,T,T,C,80,0,0,0,1749024,5426276
Wellington City,19/03/2014,Wed,1953,FE,XW1CX,181A ,,R,D,DO,F ,T,T,C,50,0,0,0,1749033,5426272
Wellington City,18/02/2014,Tue,,AA,4E1C,381A ,,M,D,BF,F , ,N,C,50,0,0,0,1749033,5426272
Wellington City,16/12/2014,Tue,1835,AC,CS1C,372A ,,M,D,B ,F ,T,N,C,60,0,0,0,1749169,5426406
Wellington City,21/09/2014,Sun,1935,AA,CS1C,372A ,,E,D,TO,F ,M,T,C,50,0,0,0,1749173,5426387
Wellington City,25/06/2014,Wed,1805,KA,SW1C,302B ,,R,W,DO,H ,T,G,C,50,0,0,1,1749077,5426253
Wellington City,07/02/2014,Fri,1519,AC,CS1C,372A ,,E,W,OF,L , ,N,C,50,0,0,0,1749165,5426359
Wellington City,20/11/2014,Thu,1820,FD,CS1C,331A ,,M,D,B ,F ,T,N,C,50,0,0,0,1749171,5426348
Wellington City,28/12/2014,Sun,2139,DB,CE1C,111A 131A ,,M,W,DO,L ,T,T,C,50,0,0,0,1749183,5426328
Wellington City,25/10/2014,Sat,1630,AA,CE1C,372A ,,E,D,OF,F , ,N,N,50,0,0,0,1749133,5426285
Wellington City,24/05/2014,Sat,1531,BC,CE1C,111A 122A ,,R,D,O ,F ,T,T,C,50,0,0,0,1749183,5426328
Wellington City,15/10/2014,Wed,1745,AO,BS1S,129A ,,R,D,B ,F ,T,T,P,50,0,0,1,1749183,5426328
Wellington City,10/12/2014,Wed,711,BF,CS1C,111A 131A ,,M,W,OF,L ,T,T,L,50,0,0,0,1749183,5426328
Wellington City,26/03/2014,Wed,810,AO,CE1C,184A ,,E,D,O ,F , , ,C,50,0,0,0,1749184,5426328
Wellington City,06/09/2014,Sat,1046,BF,4E1C,111A 131A ,,S,W,O ,L , , ,L,50,0,0,0,1749217,5426307
Wellington City,19/11/2014,Wed,1208,FA,VW1C,181A ,,R,D,B ,F , , ,L,50,0,0,0,1749278,5426261
Wellington City,12/12/2014,Fri,1600,FD,CW1C,504A ,,R,D,OF,F , ,N,N,50,0,0,0,1749308,5426247
Wellington City,25/10/2014,Sat,1609,FD,CW1CCC,181A ,,R,D,DO,F , ,N,L,50,0,0,0,1749332,5426235
Wellington City,06/12/2014,Sat,1610,FA,VE1V,181A 353A ,,R,D,O ,F , , ,L,50,0,0,0,1749350,5426226
Wellington City,14/07/2014,Mon,1700,FD,VW1CCC,331A 352A ,,R,W,O ,F , ,N,N,50,0,0,0,1749422,5426191
Wellington City,17/04/2014,Thu,815,FD,CE1C,331A 801 ,,R,W,O ,L , , ,L,50,0,0,0,1749602,5426104
Wellington City,27/06/2014,Fri,1513,FD,CW1C4C,181A 330A 191D ,,R,D,O ,F , ,N,L,50,0,0,0,1749864,5425979
Wellington City,04/12/2014,Thu,1730,FA,4E1M,181A 357A ,,R,D,B ,F , ,N,C,80,0,0,0,1749985,5425920
Wellington City,27/06/2014,Fri,710,JA,PE1C,302B 375B ,,M,W,DO,F ,T,G,P,50,0,1,0,1750042,5425890
Wellington City,18/09/2014,Thu,1935,FA,CE2X,181A 331A 402A 191B 197B 901 ,,E,W,DO,H ,T,G,C,50,0,0,0,1750042,5425890
Wellington City,01/12/2014,Mon,1600,FB,CW1C,181A 331A ,,E,D,O ,F ,T,G,C,50,0,0,0,1750042,5425890
Wellington City,14/02/2014,Fri,1524,FD,XE1XC,181A ,,R,D,BF,F , ,N,L,50,0,0,0,1750061,5425866
Wellington City,26/09/2014,Fri,1630,FD,CN1C,330A 353A ,,R,D,O ,F , ,N,C,70,0,0,0,1750032,5425615
Wellington City,20/01/2014,Mon,1240,FD,CN14,181A ,,R,D,O ,F , , ,C,50,0,0,0,1750032,5425615
Wellington City,27/03/2014,Thu,1730,AA,CN1M,143A 372A ,,R,D,O ,F ,T,N,C,70,0,0,1,1749970,5425420
Wellington City,13/05/2014,Tue,1750,FD,CN1C4,181A 350A ,,R,W,DO,L , ,N,C,70,0,0,0,1749967,5425410
Wellington City,03/11/2014,Mon,1337,CB,CN1,130A 197A 423A ,P,R,D,B ,F , , ,C,70,0,0,0,1749910,5425227
Wellington City,04/09/2014,Thu,1425,FD,CN1X,181A ,,R,D,B ,F , , ,C,50,0,0,0,1749888,5425161
Wellington City,29/09/2014,Mon,1730,KA,CN1C,302B ,,E,D,B ,F ,T,G,C,80,0,0,0,1749873,5425084
Wellington City,04/10/2014,Sat,1145,FB,CW1C,331A ,,M,D,O ,F ,T,G,P,50,0,0,1,1749873,5425084
Wellington City,12/07/2014,Sat,1425,FB,CN2C,181A ,,E,W,OF,L ,T,G,R,50,0,0,0,1749873,5425084
Wellington City,14/06/2014,Sat,2100,JA,CN14,302B 375B ,,M,D,DO,F ,R,G,C,50,0,0,0,1749873,5425084
Wellington City,29/09/2014,Mon,1710,JC,CS2C,302B 330B ,,E,D,O ,F ,T,G,C,50,0,0,0,1749873,5425084
Wellington City,01/03/2014,Sat,830,LB,CN1C,303B 382B ,,M,D,O ,F ,T,G,R,50,0,0,1,1749873,5425084
Wellington City,27/03/2014,Thu,1430,FA,CE1C,181A ,,E,D,B ,F ,T,G,R,60,0,0,0,1749873,5425084
Wellington City,22/11/2014,Sat,500,JA,CE14,103B 302B ,,R,D,DO,F ,T,G,P,50,0,0,0,1749941,5425068
Wellington City,13/08/2014,Wed,1902,FD,CW1CC,181A 181B ,,R,D,DO,F ,T,N,L,50,0,0,0,1750029,5425063
Wellington City,07/06/2014,Sat,1230,AA,CE1C,184A 353A 387A 184B 387B ,,R,D,O ,F ,T,N,L,50,0,0,0,1750039,5425061
Wellington City,22/02/2014,Sat,809,MD,ME14,308B 375B 929 ,,R,D,B ,F ,D, ,L,50,0,0,1,1750093,5425052
Wellington City,24/09/2014,Wed,854,LB,BN2CS,191A 197A 191B 353B 210C 309C ,,R,D,B ,F ,X,T,R,50,0,0,0,1750123,5425048
Wellington City,08/02/2014,Sat,1449,LB,CW1C,171B 303B 801 ,,R,W,O ,L ,X,T,C,50,0,0,1,1750123,5425048
Wellington City,01/07/2014,Tue,855,FD,CE1M,181A ,,R,D,O ,F , , ,R,50,0,0,0,1750252,5425019
Wellington City,05/12/2014,Fri,1750,HA,CN1C,423A 427A ,,R,D,B ,F ,X,T,C,50,0,0,0,1750300,5425000
Wellington City,07/06/2014,Sat,1920,GA,CN1P,181A ,,R,D,B ,F ,X,G, ,50,0,0,0,1750300,5425000
Wellington City,21/09/2014,Sun,850,MO,TN2C,129A ,Q,R,D,BF,F ,X,T,C,50,0,0,0,1750300,5425000
Wellington City,09/02/2014,Sun,2215,LB,4N1M,303B 375B ,,R,D,DO,F ,X,T,R,50,0,0,1,1750300,5425000
Wellington City,07/04/2014,Mon,830,GD,CW1C,333A ,,R,W,OF,L ,X,T,C,50,0,0,0,1750300,5425000
Wellington City,17/04/2014,Thu,1930,CB,CE1,133A 402A ,FP,R,D,DO,L , ,N,N,70,0,0,1,1750477,5424928
Wellington City,20/06/2014,Fri,1513,FB,CN1C,181A 330A ,,E,D,B ,F ,R,G,C,70,0,0,0,1750892,5424471
Wellington City,10/06/2014,Tue,940,DB,VN2,110A 131A 801 ,K,E,W,O ,L ,R,G,R,70,0,1,0,1750889,5424441
Wellington City,20/09/2014,Sat,100,LB,CS14,302A 903 ,,M,D,DO,FS,R,G,R,70,0,0,0,1750931,5424492
Wellington City,07/09/2014,Sun,1200,FB,CW1C,331A ,,R,D,O ,F ,R,G,R,70,0,0,0,1750927,5424495
Wellington City,20/01/2014,Mon,1650,FB,CS1C,331A ,,E,D,OF,  ,R,N,N,50,0,0,0,1750927,5424495
Wellington City,19/01/2014,Sun,215,FB,CW1C,181A ,,E,D,DO,F ,R,G,R,70,0,0,0,1750927,5424495
Wellington City,20/11/2014,Thu,1553,FB,CE1C,181A 331A ,,E,D,B ,F ,R,G,C,70,0,0,0,1750966,5424479
Wellington City,04/12/2014,Thu,2000,DA,ME1,110A 402A ,,E,W,O ,L ,R,G,R,70,0,0,1,1750947,5424489
Wellington City,14/01/2014,Tue,1602,AA,CE1M,177A 404A 671A ,,R,D,O ,F ,R,G,R,70,0,0,1,1750947,5424489
Wellington City,01/06/2014,Sun,1611,GF,CE1M,129B 131B 387B ,,M,D,B ,F ,R,G,R,50,0,0,1,1751397,5424522
Wellington City,12/07/2014,Sat,1400,FB,CN1C,181A ,,E,W,O ,L ,R,G,C,70,0,0,0,1751452,5424455
Wellington City,25/03/2014,Tue,1340,FB,CE1C,181A 387A ,,E,D,BF,F ,R,G,R,70,0,0,0,1751452,5424455
Wellington City,06/10/2014,Mon,1815,AA,4N1X,357A 372A ,,M,W,O ,L ,R,G,C,70,0,0,0,1751427,5424454
Wellington City,12/12/2014,Fri,1533,FD,CN1C,181A ,,R,W,OF,L , ,N,C,70,0,0,0,1751453,5424410
Wellington City,22/07/2014,Tue,1307,KB,CN1C,302B 353B ,,R,D,OF,L ,T,G,R,70,0,0,0,1751424,5424061
Wellington City,10/07/2014,Thu,740,FB,CN1CB,181A 191B 122C ,,R,D,B ,F ,T,G,C,70,0,0,1,1751424,5424061
Wellington City,03/01/2014,Fri,955,JA,CS14,302B ,,R,D,O ,F ,T,G,R,70,0,0,0,1751424,5424061
Wellington City,04/04/2014,Fri,1408,KB,CN1C,302B 375B ,,R,D,BF,F ,T,G,C,70,0,0,0,1751424,5424061
Wellington City,15/04/2014,Tue,818,FA,CW1CC,331A 427A ,,E,D,B ,F , , ,R,100,0,0,0,1754989,5434366
Wellington City,23/08/2014,Sat,710,CA,CS1,103A 130A 402A ,G,R,W,O ,L , , ,C,100,0,0,2,1754932,5434348
Wellington City,28/08/2014,Thu,840,FD,CS1CC,181A 330A ,,R,D,B ,F , ,N,C,100,0,0,2,1754925,5434359
Wellington City,29/08/2014,Fri,907,FD,CW1CC,181A 181B ,,R,D,B ,F , , ,C,100,0,0,0,1754830,5434329
Wellington City,29/08/2014,Fri,728,FD,CE1CC,181A ,,R,D,BF,F , ,N,C,100,0,0,0,1754830,5434329
Wellington City,08/05/2014,Thu,702,FD,TS1C,181A ,,R,D,TN,F , ,N,N,100,0,0,0,1754759,5434294
Wellington City,13/11/2014,Thu,851,FA,CW1C,112A 331A 402A ,,R,D,B ,F , , ,C,100,0,0,1,1754732,5434285
Wellington City,16/07/2014,Wed,1248,FA,TE1C,111A 331A 350A 801 ,C,M,W,O ,L , , ,C,100,0,0,1,1754588,5434252
Wellington City,18/03/2014,Tue,245,DB,CS1,103A 131A 132A ,C,M,W,DO,F , , ,C,100,0,0,2,1754552,5434225
Wellington City,30/05/2014,Fri,413,DB,CN1,101A 111A 410A ,G,E,D,DO,F , ,N,C,100,0,0,0,1754409,5434130
Wellington City,28/10/2014,Tue,1800,FD,4S1V,181A ,,M,D,O ,F , ,N,R,100,0,0,0,1754335,5434028
Wellington City,16/07/2014,Wed,1249,FA,TN144,132A 181A 830 ,,M,W,O ,L , ,N,C,100,0,0,0,1754335,5434028
Wellington City,10/08/2014,Sun,1400,FA,CN1C,181A 331A ,,R,D,B ,F ,T,G,R,100,0,0,0,1754201,5433919
Wellington City,28/02/2014,Fri,2253,AD,CN1C,110A 130A 901 903 ,,E,W,DO,HS, , ,C,100,0,1,0,1754196,5433916
Wellington City,09/06/2014,Mon,1730,FD,CS1C,181A ,,R,W,DO,H , , ,C,100,0,0,0,1754177,5433908
Wellington City,14/08/2014,Thu,1644,AC,CN1M,350A 372A ,,R,D,O ,F , , ,C,100,0,0,1,1754084,5433872
Wellington City,18/09/2014,Thu,1858,DA,CE1,131A 901 ,P,E,W,OO,H , , ,C,100,0,0,2,1753996,5433825
Wellington City,15/04/2014,Tue,1810,FD,CE1CCC,181A 331A ,G,R,D,DO,F , , ,C,100,0,0,0,1753925,5433755
Wellington City,04/04/2014,Fri,654,FD,MS1TVV,181A 181B 353B ,,R,D,DO,F , ,N,R,100,0,0,1,1753809,5433612
Wellington City,28/05/2014,Wed,918,CC,TS1,191A 197A ,,R,D,O ,F , , ,R,100,0,0,0,1753671,5433481
Wellington City,17/04/2014,Thu,650,FD,CS1C,110A 181A ,,R,W,O ,F , ,N,C,100,0,0,0,1753526,5433387
Wellington City,29/11/2014,Sat,530,CA,CN1,103A 402A 430A ,G,R,D,O ,F , , ,C,100,0,0,0,1753342,5433252
Wellington City,11/08/2014,Mon,1715,FD,VN1C,110A 181A ,,E,D,O ,F , ,N,C,100,0,0,0,1753039,5432992
Wellington City,18/02/2014,Tue,1615,FD,CN1C4C,181A 331A 191B 191C ,,R,D,O ,F , , ,C,80,0,0,2,1752985,5432963
Wellington City,10/09/2014,Wed,1635,FD,VN1CCC,181A 181D ,,R,D,OF,F , ,N,R,80,0,0,0,1752985,5432963
Wellington City,06/08/2014,Wed,1053,EC,VS1,137A ,DG,R,W,O ,L , ,N,C,100,0,0,0,1752959,5432932
Wellington City,04/06/2014,Wed,755,FD,CN1C,181A ,,R,D,BF,F , ,N,C,100,0,0,1,1752770,5432813
Wellington City,12/11/2014,Wed,0,DA,CS1,101A 111A 131A ,C,M,D,DO,F ,M,N,C,100,0,1,0,1752729,5432784
Wellington City,14/07/2014,Mon,1255,AA,CN2V,112A 177A 184A 901 903 ,,R,W,O ,HS,M,N,C,100,0,0,0,1752729,5432784
Wellington City,25/06/2014,Wed,1615,FD,CN1CCT,181A 331A 402A 112B 331B 358B 181C 801+,,R,W,O ,L , , ,R,100,0,0,0,1752705,5432767
Wellington City,03/11/2014,Mon,656,AA,VS14,381A ,,R,W,OF,L , ,N,C,100,0,0,0,1752648,5432726
Wellington City,24/11/2014,Mon,1817,AC,TS1C,372A 671A ,,R,D,B ,F , , ,C,100,0,0,0,1752554,5432639
Wellington City,08/05/2014,Thu,1826,FD,CN14C,331A 350A ,,R,W,DO,F , ,N,R,100,0,0,1,1752538,5432643
Wellington City,09/06/2014,Mon,1755,FD,CS1V,181A ,,R,W,DO,L , ,N,R,100,0,0,0,1752440,5432573
Wellington City,31/07/2014,Thu,1755,FD,CN1C,181A ,,R,D,DO,F , , ,C,100,0,0,0,1752338,5432493
Wellington City,11/04/2014,Fri,1800,FD,CN1C,181A ,,R,W,DO,F , , ,C,80,0,0,0,1752256,5432417
Wellington City,21/03/2014,Fri,930,FD,VS1CC,181A 330A ,,E,D,B ,F ,T,N,R,80,0,0,1,1752244,5432387
Wellington City,21/08/2014,Thu,1945,FA,TN1C,110A 181A 801 ,,R,W,DO,L , , ,R,100,0,0,0,1752121,5432286
Wellington City,13/02/2014,Thu,1620,FA,CN1C,423A ,,R,D,B ,F , , ,C,100,0,0,0,1752076,5432247
Wellington City,06/06/2014,Fri,1700,FD,CN1C,331A 410A ,,R,D,OF,F , ,N,N,100,0,0,0,1752007,5432189
Wellington City,11/03/2014,Tue,1804,FD,CS1V,181A ,,R,D,O ,F , , ,C,100,0,0,0,1751968,5432157
Wellington City,31/07/2014,Thu,1756,FD,4N1V,181A ,,R,D,DO,F , ,N,R,100,0,0,0,1751891,5432094
Western Bay Of Plenty District,16/01/2014,Thu,8,DB,CS1,103A 111A ,T,E,D,DO,F , ,N,N,50,0,0,2,1905249,5815846
Western Bay Of Plenty District,21/03/2014,Fri,929,DA,CN1,111A 131A ,E,E,D,O ,F , , ,C,100,0,0,1,1904772,5814058
Western Bay Of Plenty District,03/01/2014,Fri,36,DB,CS1,102A 131A ,CT,M,D,DN,F , ,N,C,70,0,0,0,1904805,5814148
Western Bay Of Plenty District,09/05/2014,Fri,2207,CC,CW1,103A 433A ,F,R,D,DN,F , ,N,C,50,0,0,0,1861798,5851493
Western Bay Of Plenty District,01/02/2014,Sat,2155,DC,MN2,103A ,F,R,D,DO,F ,T,G,C,50,0,0,2,1858425,5839859
Western Bay Of Plenty District,10/01/2014,Fri,1700,KB,CN1C,308B 370B 929 ,F,R,D,O ,F ,D,N,C,50,0,0,2,1859960,5856705
Western Bay Of Plenty District,12/06/2014,Thu,1455,NB,CN1E,306A 507A ,S,R,W,OF,L , ,P,X,50,0,0,1,1904309,5815456
Western Bay Of Plenty District,13/08/2014,Wed,1810,FO,CE1C,357A 512A 433B 929 ,T,R,D,DN,F ,D,N,C,80,0,1,0,1860436,5840108
Western Bay Of Plenty District,22/09/2014,Mon,2006,DB,CN1,131A 402A ,T,S,D,DN,F , , ,N,100,0,0,1,1872418,5813448
Western Bay Of Plenty District,01/08/2014,Fri,650,DA,CN1,131A 501A 904 ,F,E,D,DN,M , , ,N,100,0,0,0,1871315,5816227
Western Bay Of Plenty District,24/05/2014,Sat,905,DA,CN1,110A 134A ,C,E,W,O ,F , ,N,C,100,0,0,0,1871862,5815229
Western Bay Of Plenty District,09/12/2014,Tue,1700,MC,VE1C,372B ,,R,D,O ,M , , ,C,80,0,0,0,1891376,5818669
Western Bay Of Plenty District,09/02/2014,Sun,1800,AC,VE1V,357A 372A ,,R,D,O ,F , , ,C,100,0,0,0,1890711,5818693
Western Bay Of Plenty District,19/10/2014,Sun,1,DB,CS1,111A 131A 402A ,V,M,W,DN,H , , ,C,100,0,0,0,1892158,5818626
Western Bay Of Plenty District,10/04/2014,Thu,1950,CB,CE1,103A ,FP,R,W,DO,L , ,N,C,50,0,0,0,1892550,5811719
Western Bay Of Plenty District,20/09/2014,Sat,1936,EA,CS1C,103A 129A ,M,R,W,DO,L , , ,C,50,0,0,0,1892776,5812259
Western Bay Of Plenty District,01/10/2014,Wed,2150,DA,VS1,101A 131A 410A ,F,M,D,DO,FS, ,N,C,50,0,0,0,1860310,5856447
Western Bay Of Plenty District,03/10/2014,Fri,1520,MO,CS1,104A 386A 926 ,D,M,D,B ,F ,D,N,C,50,0,0,0,1892093,5812331
Western Bay Of Plenty District,08/04/2014,Tue,1325,DA,CW1,111A 131A ,TX,M,W,OF,L , ,N,C,50,0,0,0,1892029,5811480
Western Bay Of Plenty District,27/05/2014,Tue,1120,EA,CN1C,129A 363A 902 ,M,R,D,B ,F , , ,C,50,0,0,0,1892010,5811714
Western Bay Of Plenty District,26/04/2014,Sat,1636,ME,CE1C,371B ,,R,D,O ,F ,T,G,N,50,0,0,0,1893015,5812977
Western Bay Of Plenty District,22/02/2014,Sat,750,DA,CN1,111A 131A ,T,M,W,ON,L , ,N,C,100,0,0,1,1870531,5820219
Western Bay Of Plenty District,07/11/2014,Fri,2000,DB,4W1,131A ,F,E,D,DN,F , ,N,C,100,0,0,0,1872399,5821199
Western Bay Of Plenty District,30/01/2014,Thu,1005,MO,CN1C,330A 371A 929 ,,R,D,B ,F , ,N,N,50,0,0,0,1891787,5813157
Western Bay Of Plenty District,01/12/2014,Mon,1100,PC,CE1E,929,,R,D,BF,F ,D,N,C,50,0,0,1,1891756,5813091
Western Bay Of Plenty District,01/08/2014,Fri,1740,DC,CW2,501A ,C,R,D,DO,F ,T,G,C,50,0,0,0,1891715,5812978
Western Bay Of Plenty District,17/04/2014,Thu,1419,DB,CS1,111A 131A 402A 801 ,P,S,W,O ,L , , ,C,100,0,0,0,1860535,5852313
Western Bay Of Plenty District,03/10/2014,Fri,1805,DA,CE1,359A 402A ,T,E,D,B ,F , ,N,C,100,0,0,0,1862770,5826971
Western Bay Of Plenty District,13/07/2014,Sun,900,BC,CW1C,111A 121A 132A 800 ,,M,W,B ,F , , ,C,100,0,0,1,1863185,5827034
Western Bay Of Plenty District,24/03/2014,Mon,1846,BB,CS1V,129A 358A ,,E,D,BN,F , ,N,C,80,0,1,1,1864410,5828080
Western Bay Of Plenty District,29/01/2014,Wed,633,HA,VW14,302B 375B ,,R,D,BF,F ,X,G,C,50,0,0,1,1857885,5839320
Western Bay Of Plenty District,15/11/2014,Sat,2000,EA,CE1C,129A ,M,E,D,DO,F , ,N,C,50,0,0,0,1892562,5812530
Western Bay Of Plenty District,13/11/2014,Thu,1030,MO,CW1T,371B ,,R,D,OF,F , ,N,C,50,0,0,0,1892522,5812531
Western Bay Of Plenty District,13/09/2014,Sat,1744,DC,CW1C4,101A 330A 801 ,FHX,R,W,O ,L , , ,C,80,0,0,1,1870661,5821988
Western Bay Of Plenty District,03/06/2014,Tue,1830,EC,CW1,912,W,R,D,DN,F , , ,C,100,0,0,0,1854905,5836094
Western Bay Of Plenty District,07/11/2014,Fri,1709,DB,CS1,330A 427A ,CS,R,D,B ,F ,R,G,R,50,0,0,0,1892902,5812809
Western Bay Of Plenty District,23/10/2014,Thu,1645,MC,VS14,372B ,,R,D,O ,F , , ,C,50,0,0,1,1857704,5839606
Western Bay Of Plenty District,23/04/2014,Wed,1200,MF,CN1C,371B ,,R,D,BF,F ,R,G,R,50,0,0,0,1892979,5812943
Western Bay Of Plenty District,13/02/2014,Thu,1844,GD,TN14,130A 387A 925 ,,E,D,B ,F ,D,N,C,50,0,0,1,1857764,5839603
Western Bay Of Plenty District,07/02/2014,Fri,1325,KA,4E1C,308B 926 ,,R,D,O ,F ,D,N,C,50,0,0,0,1857694,5839606
Western Bay Of Plenty District,13/05/2014,Tue,545,CC,CN1,130A 358A 402A 407A ,C,R,D,DN,F , , ,L,100,0,0,1,1875542,5815128
Western Bay Of Plenty District,20/06/2014,Fri,1230,JA,VN1C,308B 375B 929 ,,R,D,ON,F ,D,N,C,100,0,0,1,1905112,5811120
Western Bay Of Plenty District,18/10/2014,Sat,1545,DA,CE1,131A 195A 813 817 ,C,M,W,O ,L , , ,N,50,0,0,1,1881450,5816914
Western Bay Of Plenty District,28/10/2014,Tue,2227,DA,VN1,111A 134A 904 ,P,M,W,DN,M , ,N,C,100,0,0,0,1881834,5815950
Western Bay Of Plenty District,03/12/2014,Wed,1520,FA,CN1B,386A 501A ,,R,D,B ,F , , ,C,100,0,0,1,1859240,5843581
Western Bay Of Plenty District,17/07/2014,Thu,738,DB,CW1,103A 131A ,T,E,D,BF,F , ,N,C,100,0,0,1,1858735,5843898
Western Bay Of Plenty District,08/02/2014,Sat,300,DB,CN1,131A ,X,E,W,DN,L , , ,N,50,0,0,0,1893719,5812574
Western Bay Of Plenty District,04/11/2014,Tue,612,DA,CE1,111A 404A ,C,M,D,O ,F , ,N,C,100,0,0,1,1857273,5839785
Western Bay Of Plenty District,31/07/2014,Thu,1540,DA,CE1,102A 111A 134A ,T,M,W,ON,F , ,N,N,100,0,0,0,1854959,5841041
Western Bay Of Plenty District,21/05/2014,Wed,2020,BA,VN1C,205A 404A 197B ,,R,D,DN,F , , ,C,100,0,2,4,1901584,5813104
Western Bay Of Plenty District,10/04/2014,Thu,210,DA,CE1,111A 131A 801 ,C,M,W,DN,L , , ,C,100,0,0,0,1900964,5812463
Western Bay Of Plenty District,21/01/2014,Tue,1313,DB,CN1,110A 131A ,C,M,W,O ,F , ,N,C,100,0,0,0,1900964,5812463
Western Bay Of Plenty District,14/05/2014,Wed,945,DB,4N1,131A ,F,M,W,BN,F , ,N,C,100,0,0,0,1900911,5812391
Western Bay Of Plenty District,30/03/2014,Sun,940,MC,CS1C,372B ,,R,D,BN,F , ,N,C,100,0,0,0,1899027,5811689
Western Bay Of Plenty District,18/09/2014,Thu,1727,FA,CE1M,181A 331A 801 ,,R,W,O ,L , , ,C,100,0,0,0,1899054,5811697
Western Bay Of Plenty District,23/11/2014,Sun,1830,BB,CE1C,129A ,,S,D,TN,F , ,N,N,100,0,0,2,1882499,5799665
Western Bay Of Plenty District,27/11/2014,Thu,2300,DB,CE1,133A 407A 423A ,C,M,D,DN,F , ,N,N,80,0,0,0,1880428,5798778
Western Bay Of Plenty District,24/07/2014,Thu,2200,DA,CS1,111A 131A 402A ,X,M,D,DN,F , , ,N,100,0,0,0,1889087,5811873
Western Bay Of Plenty District,24/04/2014,Thu,1901,BA,VN1C,205A 404A ,,R,W,DN,F , , ,C,100,0,0,0,1868842,5808153
Western Bay Of Plenty District,26/01/2014,Sun,1610,MO,VN1C,110A 371A ,M,R,D,B ,F , ,N,N,50,0,0,0,1868582,5809158
Western Bay Of Plenty District,16/08/2014,Sat,730,MO,CN1C,371A 929 ,M,R,D,BF,F ,D,N,C,50,0,0,0,1891787,5812823
Western Bay Of Plenty District,23/06/2014,Mon,2125,DB,CN1,111A 131A ,GV,E,W,DN,L , , ,C,100,0,0,0,1891842,5808051
Western Bay Of Plenty District,01/05/2014,Thu,330,FD,CN1CC,181A ,,R,D,DN,F , ,N,C,100,0,0,0,1893493,5811299
Western Bay Of Plenty District,03/05/2014,Sat,1600,DB,CN1,111A 131A 404A 927 ,C,R,D,BF,F ,D,N,C,70,0,0,0,1893697,5812350
Western Bay Of Plenty District,01/05/2014,Thu,1005,KB,VN1C,308B 375B 929 ,,M,D,BN,F ,D,N,C,100,0,0,0,1889979,5807216
Western Bay Of Plenty District,29/12/2014,Mon,1258,DA,CS1,111A 131A 402A ,C,M,D,B ,F , , ,C,100,0,0,0,1889977,5809404
Western Bay Of Plenty District,09/01/2014,Thu,1520,GE,CN1C,160A 929 ,,E,W,O ,L ,D,N,C,100,0,0,0,1889274,5807356
Western Bay Of Plenty District,26/07/2014,Sat,1930,DA,CS1,131A 804 ,C,M,D,DN,F , , ,C,100,0,0,1,1890351,5810050