TLANAME,CRASHDATE,CRASHDOW,CRASHTIME,MVMT,VEHICLES,CAUSES,OBJECTSSTRUCK,ROADCURVE,ROADWET,LIGHT,WTHRa,JUNCTYPE,TRAFCTRL,ROADMARK,SPDLIM,CRASHFATALCNT,CRASHSEVCNT,CRASHMINCNT,EASTING,NORTHING
Western Bay Of Plenty District,26/08/2014,Tue,1530,DB,CN1,131A 811 ,F,M,D,B ,F , , ,N,100,0,0,0,1880960,5809015
Western Bay Of Plenty District,18/02/2014,Tue,1935,DA,4S1,101A 131A ,CFP,E,D,TN,F ,Y,N,C,80,0,0,1,1880187,5814762
Western Bay Of Plenty District,27/06/2014,Fri,1030,DA,TW1,111A 131A ,,E,D,B ,F , , ,C,100,0,0,0,1911939,5805670
Western Bay Of Plenty District,28/12/2014,Sun,1240,DA,CS1,111A 131A 404A ,F,M,D,B ,F , , ,C,100,0,0,0,1903785,5805840
Western Bay Of Plenty District,22/02/2014,Sat,810,DA,TE1,131A ,,M,W,ON,L , ,N,C,100,0,0,1,1902856,5806067
Western Bay Of Plenty District,25/05/2014,Sun,1005,DA,CW1,131A 813 ,C,E,D,BN,F , ,N,N,100,0,0,1,1901830,5805205
Western Bay Of Plenty District,05/01/2014,Sun,1607,DA,CN1,111A 131A ,C,M,W,ON,L , ,N,C,100,0,0,0,1869870,5814671
Western Bay Of Plenty District,03/04/2014,Thu,1502,DB,CS1,111A 131A 801 ,F,E,W,O ,L , , ,C,100,0,0,0,1869903,5815156
Western Bay Of Plenty District,27/05/2014,Tue,1745,DA,VN1,111A 129A 131A ,C,M,D,DN,F , , ,C,100,0,0,0,1870476,5813221
Western Bay Of Plenty District,23/03/2014,Sun,742,CC,CN1,410A ,C,R,D,OF,F , ,N,C,50,0,0,1,1868469,5829929
Western Bay Of Plenty District,03/04/2014,Thu,1536,DA,CN1,131A 801 ,,M,W,O ,L , , ,C,60,0,0,0,1866858,5828248
Western Bay Of Plenty District,03/04/2014,Thu,1536,FA,CW1C,181A 331A ,,M,W,O ,L , , ,C,60,0,0,0,1866858,5828248
Western Bay Of Plenty District,13/03/2014,Thu,1213,LB,CN1C,303B 352B 817 ,,M,D,B ,F ,T,G,C,50,0,0,0,1868789,5830544
Western Bay Of Plenty District,28/02/2014,Fri,2151,DA,CW1,111A 131A ,F,E,D,DN,F , ,N,N,80,0,0,0,1876861,5807297
Western Bay Of Plenty District,03/01/2014,Fri,915,KA,VN1C,302B 375B ,,R,D,BF,F ,T,G,C,100,0,0,0,1876568,5812514
Western Bay Of Plenty District,23/05/2014,Fri,1545,DB,CN1,111A 131A ,,M,W,O ,F , ,N,C,100,0,0,0,1876640,5812748
Western Bay Of Plenty District,01/11/2014,Sat,2200,GD,VS1C,103A 181A ,,R,D,DO,F ,T,N,C,100,0,0,0,1876560,5812502
Western Bay Of Plenty District,30/07/2014,Wed,658,BF,4N1C,110A 135A 801 806 ,G,M,W,O ,L , , ,C,100,0,0,2,1876598,5813637
Western Bay Of Plenty District,17/01/2014,Fri,911,DB,CN1,111A 131A 402A ,F,M,W,O ,F , , ,C,100,0,0,0,1876565,5814600
Western Bay Of Plenty District,14/12/2014,Sun,1407,DB,CS1,111A 402A ,G,M,W,O ,L , ,N,C,100,0,0,0,1876520,5814666
Western Bay Of Plenty District,09/06/2014,Mon,1525,DB,CS1,111A 131A 407A ,EF,S,W,O ,F , , ,C,100,0,1,0,1876436,5814223
Western Bay Of Plenty District,17/12/2014,Wed,955,DB,CN1,110A 129A 131A 801 ,GK,M,W,O ,L , , ,C,100,0,0,0,1876598,5813636
Western Bay Of Plenty District,19/02/2014,Wed,142,EA,CS1T,104A 370A 605B ,M,R,D,DO,F , , ,N,50,0,0,2,1858283,5840024
Western Bay Of Plenty District,12/11/2014,Wed,1140,DA,TS1,129A 137A ,FT,S,D,BN,F , ,N,N,100,0,0,1,1905371,5797412
Western Bay Of Plenty District,14/06/2014,Sat,1529,GA,CS1C,181A 927 ,,E,D,BF,F ,D,N,C,100,0,0,0,1907411,5805425
Western Bay Of Plenty District,23/11/2014,Sun,317,CC,4S1,103A 129A ,V,R,D,DN,F , ,N,C,100,0,0,0,1868293,5815852
Western Bay Of Plenty District,23/02/2014,Sun,920,EC,BS1,821,X,M,D,B ,F , , ,C,100,0,0,0,1909187,5808924
Western Bay Of Plenty District,30/05/2014,Fri,2250,CC,MN1,103A 631A ,P,R,D,DO,F , ,N,C,50,0,0,1,1909392,5812690
Western Bay Of Plenty District,30/10/2014,Thu,1530,EA,CW1V,129A ,M,R,D,OF,F , ,N,C,50,0,0,0,1892359,5812855
Western Bay Of Plenty District,06/11/2014,Thu,1044,DB,CN1,111A 131A 402A ,,M,W,O ,H , ,N,C,100,0,0,0,1897129,5808830
Western Bay Of Plenty District,20/06/2014,Fri,2130,AD,CW1,129A 130A ,F,R,W,DN,F , , ,C,80,0,0,0,1864298,5821865
Western Bay Of Plenty District,20/10/2014,Mon,1550,NA,CN1E,713B 727B ,,R,D,B ,F , , ,C,50,0,1,0,1862022,5852939
Western Bay Of Plenty District,20/01/2014,Mon,1513,FA,CN1C,181A 330A ,,R,W,O ,L ,T,N,C,50,0,0,1,1861082,5854539
Western Bay Of Plenty District,08/09/2014,Mon,1357,DA,CS2,133A 404A 423A ,F,M,D,BF,F ,T,N,C,80,0,0,0,1858690,5839158
Western Bay Of Plenty District,20/01/2014,Mon,1850,DB,CN1,110A 135A 801 901 ,CF,M,W,O ,H , ,N,C,100,0,0,1,1860885,5851268
Western Bay Of Plenty District,22/03/2014,Sat,1625,DA,CW1,111A 131A ,P,E,D,B ,F ,R,G,C,50,0,0,0,1890888,5820748
Western Bay Of Plenty District,21/07/2014,Mon,1534,DB,CE1,111A ,CT,M,D,B ,F , ,N,C,100,0,0,0,1876880,5800955
Western Bay Of Plenty District,01/08/2014,Fri,2118,CB,CN1,103A 130A 804 817 ,C,R,W,DN,F , , ,N,100,0,0,1,1894299,5810578
Western Bay Of Plenty District,14/08/2014,Thu,430,DB,CW1,110A 138A ,,E,W,DN,H , ,N,N,100,0,0,0,1878938,5794407
Western Bay Of Plenty District,13/03/2014,Thu,1200,LB,CW1C,303B 375B 927 ,,R,D,B ,F ,D, ,C,100,0,0,0,1889466,5814151
Western Bay Of Plenty District,23/09/2014,Tue,2230,DA,4S1,129A ,V,E,D,DN,F , ,N,C,80,0,0,0,1872686,5824412
Western Bay Of Plenty District,16/09/2014,Tue,1730,DA,TW1,111A 131A ,,S,D,O ,F , , ,C,100,0,0,0,1871402,5824978
Western Bay Of Plenty District,19/04/2014,Sat,2000,DA,VW1,132A 410A 423A ,V,M,W,DN,L , ,N,N,100,0,0,0,1871494,5824938
Western Bay Of Plenty District,01/02/2014,Sat,1646,DB,CS1,103A 111A 131A ,VZ,M,D,B ,F , , ,C,80,0,0,0,1871326,5825030
Western Bay Of Plenty District,30/11/2014,Sun,1359,EC,MS1,341A ,V,R,D,BN,F , ,N,C,80,0,1,0,1872695,5824318
Western Bay Of Plenty District,03/09/2014,Wed,805,DA,CE1,138A ,C,E,D,B ,F , ,N,N,100,0,0,1,1870047,5809645
Western Bay Of Plenty District,21/01/2014,Tue,1200,DA,CE1,131A 801 806 ,C,M,W,O ,H , , ,C,100,0,0,0,1859097,5855468
Western Bay Of Plenty District,10/04/2014,Thu,1600,DA,CE1,136A 631A ,C,M,W,ON,L , ,N,C,100,0,0,0,1858485,5855434
Western Bay Of Plenty District,14/01/2014,Tue,2025,PF,4W1C,442B 443B 831 ,Q,M,D,BN,F , ,N,C,100,0,0,1,1857560,5855144
Western Bay Of Plenty District,16/01/2014,Thu,1920,DA,CN1,111A 131A 804 ,F,E,D,B ,F , , ,N,100,0,0,0,1861735,5828882
Western Bay Of Plenty District,13/07/2014,Sun,1054,DA,MN1,128A 131A 402A 813 ,G,E,D,B ,F , ,N,C,100,0,1,0,1861650,5828543
Western Bay Of Plenty District,21/06/2014,Sat,850,EC,CN1,341A 820 ,X,R,W,BF,F , ,N,C,50,0,0,1,1872785,5823050
Western Bay Of Plenty District,26/01/2014,Sun,1914,DA,CW1,103A 111A 131A ,F,E,W,ON,L , ,N,C,80,0,0,0,1886245,5820300
Western Bay Of Plenty District,07/06/2014,Sat,1005,FA,CE1S,108A 501A ,,R,D,B ,F , , ,C,100,0,0,1,1884441,5820493
Western Bay Of Plenty District,22/10/2014,Wed,855,BF,CW1B,111A 131A ,,S,W,O ,F , ,N,C,60,1,0,0,1885498,5820530
Western Bay Of Plenty District,22/03/2014,Sat,815,DA,CN1,110A 135A 136A 632A 801 ,C,M,W,BN,L , ,N,C,80,0,0,1,1863550,5820287
Western Bay Of Plenty District,05/05/2014,Mon,805,DA,CN1,111A 131A ,C,M,W,O ,M , , ,C,100,0,0,0,1866024,5824104
Western Bay Of Plenty District,08/06/2014,Sun,1512,QD,VN1,101A 428A 505A 801 ,IS,R,W,O ,L ,T,S,R,100,0,0,0,1864396,5821884
Western Bay Of Plenty District,21/02/2014,Fri,1850,DA,4N1,111A 131A 402A ,C,M,D,TN,F , , ,C,80,0,0,1,1865231,5822819
Western Bay Of Plenty District,05/04/2014,Sat,853,LB,VE1C,303B 382B ,,R,D,BN,F ,T,G,C,100,0,0,0,1854244,5837807
Western Bay Of Plenty District,10/05/2014,Sat,1800,BF,CS2C,103A 111A 131A ,,R,D,TO,F ,R,G,R,50,0,0,2,1859827,5855876
Western Bay Of Plenty District,13/07/2014,Sun,2100,DA,VN1,131A 358A ,JX,E,D,DN,F , ,N,C,100,0,0,0,1901380,5810368
Western Bay Of Plenty District,02/11/2014,Sun,2045,DA,CN1,131A 402A ,V,E,D,DO,F ,T,G,C,50,0,0,0,1904131,5815065
Western Bay Of Plenty District,26/09/2014,Fri,530,DA,CN1,101A 131A ,T,E,D,O ,F , ,N,C,100,0,0,0,1902929,5812528
Western Bay Of Plenty District,11/06/2014,Wed,1309,CB,CN1,130A 501A 901 ,F,R,W,O ,H , , ,C,70,0,0,0,1900787,5809841
Western Bay Of Plenty District,20/12/2014,Sat,1345,DA,MN1,129A ,,M,D,ON,F , ,N,C,100,0,0,1,1858910,5831835
Western Bay Of Plenty District,02/08/2014,Sat,1402,JA,4E1C,308B 375B 929 ,,R,D,ON,F ,D,N,C,100,0,0,1,1858784,5831319
Western Bay Of Plenty District,13/10/2014,Mon,1800,DA,CN1,111A 131A 813 ,F,M,D,TN,F , , ,N,100,0,0,0,1857646,5828730
Western Bay Of Plenty District,06/01/2014,Mon,927,FA,TW1V,181A ,,R,D,B ,F , , ,C,60,0,0,0,1898345,5811899
Western Bay Of Plenty District,10/01/2014,Fri,1521,CA,PN1,130A 402A 420A ,,R,D,B ,F , , ,N,30,0,0,1,1861423,5846481
Western Bay Of Plenty District,04/02/2014,Tue,800,MO,CN1E,371A 711B ,,R,D,B ,F , ,N,C,50,0,0,1,1871230,5824367
Western Bay Of Plenty District,13/04/2014,Sun,1135,CC,CN1,132A 386A ,T,R,W,ON,L , ,N,C,100,0,0,1,1854675,5851297
Western Bay Of Plenty District,13/06/2014,Fri,1820,DA,CE1,129A 350A ,ET,M,D,DN,F , ,N,L,100,0,0,0,1855629,5851028
Western Bay Of Plenty District,26/01/2014,Sun,1446,DA,CS1,131A ,C,M,D,O ,F , , ,C,100,0,0,1,1856081,5850597
Western Bay Of Plenty District,06/01/2014,Mon,2145,CC,CN1,195A ,G,R,D,DN,F , , ,C,100,0,0,0,1857397,5850044
Western Bay Of Plenty District,13/12/2014,Sat,1424,LB,CE1V,303B ,,R,D,ON,F ,T,N,P,100,0,5,1,1859171,5850130
Western Bay Of Plenty District,09/12/2014,Tue,1140,MC,TS1V,387A 145B 372B ,,R,D,OF,M , ,N,C,100,0,0,1,1859338,5850020
Western Bay Of Plenty District,13/10/2014,Mon,931,BC,TS1VV,111A 121A 137B ,,E,D,B ,F , ,N,L,100,0,0,0,1859150,5847864
Western Bay Of Plenty District,06/04/2014,Sun,2025,DB,4N1,131A 137A ,ET,E,D,DN,F , ,N,C,100,0,1,1,1859120,5847326
Western Bay Of Plenty District,25/10/2014,Sat,240,CB,CS1,103A 130A ,F,R,D,DN,F , , ,C,100,0,0,0,1858722,5845862
Western Bay Of Plenty District,07/05/2014,Wed,530,AB,CN1TC,155A 156A 831 ,G,M,D,DN,F , , ,L,100,0,0,1,1858627,5845492
Western Bay Of Plenty District,23/05/2014,Fri,1635,CB,CN1,197A 331A ,,R,D,OF,F ,T,S,C,100,0,0,1,1858315,5844898
Western Bay Of Plenty District,02/03/2014,Sun,1815,FD,MN1C,181A 350A ,,R,D,BF,F , ,N,C,100,0,0,1,1858284,5844824
Western Bay Of Plenty District,07/02/2014,Fri,1815,BF,CS1V,130A 500A ,P,E,W,ON,L ,T,S,L,100,1,0,0,1858024,5843527
Western Bay Of Plenty District,15/03/2014,Sat,1830,DA,4N1,111A 131A ,F,M,W,ON,LS, ,N,C,100,0,0,0,1857567,5842643
Western Bay Of Plenty District,21/02/2014,Fri,1509,DB,CN1,501A ,X,M,D,BN,F , ,N,L,100,0,0,0,1857587,5842022
Western Bay Of Plenty District,14/05/2014,Wed,734,FA,CS1C,181A ,,M,W,O ,L , , ,L,100,0,0,0,1857356,5841703
Western Bay Of Plenty District,24/05/2014,Sat,1330,DA,CS1,131A 402A ,F,M,W,O ,F , , ,C,100,0,0,0,1857301,5841221
Western Bay Of Plenty District,14/09/2014,Sun,230,DA,CN1,111A 131A 402A ,CSV,M,W,DO,F , , ,C,50,0,0,0,1857141,5840596
Western Bay Of Plenty District,29/01/2014,Wed,1900,KA,VS1C4,104B 132B 301B ,M,M,D,B ,F ,T,S,C,50,0,0,0,1857773,5839922
Western Bay Of Plenty District,20/06/2014,Fri,755,JA,CS1C,301B 382B ,,R,D,BF,F ,T,S,C,50,0,0,0,1857773,5839922
Western Bay Of Plenty District,24/07/2014,Thu,1215,FC,4S1C,427A ,,R,D,BF,F , ,T,C,50,0,0,0,1857780,5839889
Western Bay Of Plenty District,07/02/2014,Fri,1750,CC,CN1CC,104A 110A 130A 800 901 ,KMX,R,W,TF,H , , ,P,50,0,0,3,1857687,5839622
Western Bay Of Plenty District,26/06/2014,Thu,1330,MO,CN1C,371A 385A ,M,R,D,OF,F , ,N,C,50,0,0,0,1857680,5839577
Western Bay Of Plenty District,15/12/2014,Mon,1100,KA,CS1C,301B 375B ,,R,D,O ,F ,T,S,C,50,0,0,2,1857510,5838959
Western Bay Of Plenty District,18/12/2014,Thu,1220,FA,VN1CC,112A 181A ,,R,D,O ,F , , ,C,50,0,0,1,1857470,5838858
Western Bay Of Plenty District,15/02/2014,Sat,625,CB,CN1,130A 410A ,FHP,R,D,TN,F , ,N,P,100,0,0,1,1857154,5838265
Western Bay Of Plenty District,13/01/2014,Mon,1655,CB,CN1,134A 350A 410A ,,R,D,B ,F ,T,S,P,100,0,0,1,1857149,5838257
Western Bay Of Plenty District,20/06/2014,Fri,802,DC,400,103A 111A 130A ,P,R,D,B ,F ,T,S,C,100,0,0,1,1857144,5838248
Western Bay Of Plenty District,31/12/2014,Wed,215,CB,CN1,410A ,V,R,D,DN,F , ,N,C,100,0,0,0,1857088,5838109
Western Bay Of Plenty District,14/11/2014,Fri,1515,KB,CN1C,308B 921 ,,R,D,B ,F ,D,N,L,100,0,0,0,1857016,5837923
Western Bay Of Plenty District,08/05/2014,Thu,1740,MG,CW1C,357B 371B ,,R,D,TF,F ,X,S,C,70,0,0,0,1856950,5837429
Western Bay Of Plenty District,24/06/2014,Tue,1615,DB,CS1,109A 131A 402A 412A ,FT,E,D,O ,F , , ,L,100,0,0,1,1857064,5835132
Western Bay Of Plenty District,14/06/2014,Sat,715,QG,TN1,111A 131A 191A ,GPV,M,D,B ,F , , ,C,100,0,0,1,1857490,5834536
Western Bay Of Plenty District,14/12/2014,Sun,1438,CB,CN1,129A 410A ,V,R,W,OF,L , ,N,L,100,0,0,1,1857708,5834416
Western Bay Of Plenty District,29/08/2014,Fri,1150,GD,TS1C,331A 351A ,,R,D,B ,F ,T,S,C,100,0,0,0,1860108,5833115
Western Bay Of Plenty District,09/10/2014,Thu,2126,FA,CS1C,103A 112A 130A ,,R,D,DN,F , , ,L,100,0,0,3,1860304,5832828
Western Bay Of Plenty District,22/06/2014,Sun,1630,FA,CW1C,111A 331A 358A 402A 197B ,,E,D,B ,F , , ,L,80,0,0,1,1860687,5831806
Western Bay Of Plenty District,09/04/2014,Wed,1203,DB,CN1,111A 131A ,T,M,D,OF,F , , ,C,100,1,0,0,1861256,5830595
Western Bay Of Plenty District,08/09/2014,Mon,1610,CB,CS1,410A ,ET,R,D,B ,F , , ,C,100,0,0,0,1861426,5830417
Western Bay Of Plenty District,26/04/2014,Sat,1532,BF,CS1C,111A 131A ,,E,D,B ,F ,T,N,L,100,0,0,2,1861441,5830369
Western Bay Of Plenty District,15/04/2014,Tue,1418,DB,CS1,131A 410A ,C,E,D,ON,F , ,N,C,100,0,0,0,1862101,5828849
Western Bay Of Plenty District,24/07/2014,Thu,1200,BF,VS1CC,131A 412A ,,M,D,B ,F , , ,L,100,1,0,2,1863346,5829293
Western Bay Of Plenty District,12/09/2014,Fri,2123,DA,CE1,131A 410A ,S,E,W,DN,L , ,N,L,100,0,0,0,1863749,5829210
Western Bay Of Plenty District,21/11/2014,Fri,1336,FC,TW1C,181A ,,R,D,O ,F , , ,X,50,0,0,0,1864287,5828553
Western Bay Of Plenty District,31/10/2014,Fri,1224,GD,TE1CC,181A 331A 929 ,,R,D,O ,F ,D,N,C,100,0,0,0,1864307,5828441
Western Bay Of Plenty District,01/07/2014,Tue,1755,FD,CN1C,181A 331A 402A 901 ,,R,W,DO,H , , ,C,50,0,0,0,1864308,5828435
Western Bay Of Plenty District,19/12/2014,Fri,935,FD,VN1C,112A 181A 331A ,,R,D,B ,F , , ,L,100,0,0,0,1864711,5828022
Western Bay Of Plenty District,08/09/2014,Mon,1405,CC,TN1,130A 420A 615A ,V,R,D,B ,F , , ,C,100,0,0,0,1865184,5827659
Western Bay Of Plenty District,06/04/2014,Sun,945,LB,CS1C,303B ,C,R,D,B ,F ,T,S,C,100,0,0,0,1865582,5827356
Western Bay Of Plenty District,28/03/2014,Fri,820,FB,TW1C,331A 353A ,,R,D,B ,F ,T,S,C,100,0,0,0,1865948,5827066
Western Bay Of Plenty District,05/12/2014,Fri,1545,LB,CN1C,303B 929 ,,R,D,B ,F ,T,S,C,100,0,1,0,1865948,5827066
Western Bay Of Plenty District,07/02/2014,Fri,1500,FD,CN1CC,181A 181B 191C 801 ,,R,W,O ,L , , ,L,100,0,0,0,1867838,5824753
Western Bay Of Plenty District,07/02/2014,Fri,1500,BA,4N1C,197A ,,R,W,ON,L , ,N,L,90,0,0,1,1867866,5824712
Western Bay Of Plenty District,07/02/2014,Fri,1500,FO,TN1C,181A 197A 191B 801 ,,R,W,O ,L , , ,C,100,0,0,0,1867893,5824670
Western Bay Of Plenty District,13/11/2014,Thu,1015,AA,CS1C,339A 352A 372A 817 ,,R,D,B ,F , , ,C,100,0,0,0,1868060,5824417
Western Bay Of Plenty District,14/08/2014,Thu,1413,GD,CS1C,333A ,,R,D,B ,F ,T,S,C,90,0,1,1,1868068,5824404
Western Bay Of Plenty District,26/12/2014,Fri,1412,BC,CS1C,121A 410A ,,E,D,B ,F , ,N,C,90,1,2,0,1868186,5824224
Western Bay Of Plenty District,07/11/2014,Fri,2012,LB,MS1T,303B 375B ,,R,D,TO,F ,T,S,L,50,1,0,0,1868415,5824033
Western Bay Of Plenty District,16/06/2014,Mon,639,AC,VW1C,372A 386A ,,M,D,O ,F ,T,S,L,90,0,0,0,1870214,5823421
Western Bay Of Plenty District,21/04/2014,Mon,1155,FA,CE1C,181A 331A ,,E,D,B ,F ,T,S,C,90,0,0,1,1870214,5823421
Western Bay Of Plenty District,11/08/2014,Mon,1700,JA,CE1V,301B ,,E,W,OF,F ,T,S,L,90,0,0,0,1870214,5823421
Western Bay Of Plenty District,03/05/2014,Sat,1229,BF,CE1C,130A 359A ,G,E,D,B ,F , , ,P,100,1,2,1,1870243,5823416
Western Bay Of Plenty District,22/06/2014,Sun,1455,CC,CE1,198A ,P,R,D,BF,F , ,N,C,80,0,0,0,1870544,5823389
Western Bay Of Plenty District,04/07/2014,Fri,1940,LB,4E1V,303B 375B ,,R,W,DO,L ,X,S,R,80,0,0,0,1870933,5823482
Western Bay Of Plenty District,30/04/2014,Wed,1810,LB,4E1C,303B 314B 377B ,,R,D,DO,F ,X,S,R,80,0,0,0,1870933,5823482
Western Bay Of Plenty District,27/04/2014,Sun,531,DB,CW1,102A 131A ,,M,W,DO,F ,X,S,C,80,0,0,0,1870933,5823482
Western Bay Of Plenty District,05/04/2014,Sat,111,DA,CE1,131A 631A 632A ,V,M,W,DF,L , ,N,C,80,0,0,0,1871130,5823499
Western Bay Of Plenty District,03/07/2014,Thu,922,JC,CE1C,301A 370A ,,R,D,O ,F ,T,S,C,100,0,0,0,1889502,5819854
Western Bay Of Plenty District,01/02/2014,Sat,24,DB,CS1,132A 410A ,,E,D,DN,F , , ,C,100,0,0,0,1889555,5819770
Western Bay Of Plenty District,14/11/2014,Fri,1445,FA,CN1C,331A 350A 817 ,,R,D,B ,F , , ,C,100,0,0,0,1889909,5819602
Western Bay Of Plenty District,23/07/2014,Wed,1346,GC,CS1C,101B 174B 372B 929 ,,E,D,B ,F ,D, ,C,100,0,0,2,1890675,5818544
Western Bay Of Plenty District,27/03/2014,Thu,1924,JA,VN1C,308B 929 ,,E,D,TN,F ,D,N,L,100,0,0,1,1890521,5818259
Western Bay Of Plenty District,25/03/2014,Tue,754,AC,TN1C,159A 357A 512A ,,E,D,B ,F ,T,S,P,100,0,0,0,1890371,5817842
Western Bay Of Plenty District,23/02/2014,Sun,1745,CC,MN1,132A 420A ,,R,D,B ,F , , ,C,100,0,0,1,1890660,5817207
Western Bay Of Plenty District,22/12/2014,Mon,1715,FA,CS1C,331A 351A ,,R,D,B ,F , , ,C,100,0,0,0,1890790,5816947
Western Bay Of Plenty District,12/03/2014,Wed,2256,FO,CS1T,103A 129A 330A 402A 197B ,X,R,D,DN,F , , ,C,100,0,0,0,1890678,5815993
Western Bay Of Plenty District,11/08/2014,Mon,2320,DA,CN1,131A 800 ,T,E,W,DN,F , , ,C,100,0,0,0,1890590,5815759
Western Bay Of Plenty District,09/03/2014,Sun,1210,BC,CS1C,129A ,,E,D,BN,F , ,N,C,100,1,1,0,1890577,5815690
Western Bay Of Plenty District,18/04/2014,Fri,1500,BF,CS1C,131A 350A 402A ,,E,D,B ,F , , ,C,100,0,0,1,1890592,5815512
Western Bay Of Plenty District,14/10/2014,Tue,1836,LB,4N1C,303B 375B ,,M,D,TN,F ,T,G,L,100,0,0,1,1890647,5815320
Western Bay Of Plenty District,09/07/2014,Wed,1812,KB,TN1C,302B 375B ,,E,D,DN,F ,T,G,C,100,0,0,0,1891297,5814878
Western Bay Of Plenty District,03/01/2014,Fri,1720,DA,MS1,131A 801 ,,E,W,OF,L ,T,G,C,100,0,0,0,1891297,5814878
Western Bay Of Plenty District,30/09/2014,Tue,1100,QG,TS1C,330A 682A ,,R,D,B ,F , ,N,C,70,0,0,0,1891415,5813982
Western Bay Of Plenty District,08/08/2014,Fri,315,DB,4S1,412A ,CV,E,W,DO,F , , ,C,70,0,0,1,1891514,5813795
Western Bay Of Plenty District,29/04/2014,Tue,600,JA,CN1C,145A 301B 387B ,,R,W,TO,L ,T,S,P,50,0,0,0,1891952,5813312
Western Bay Of Plenty District,06/10/2014,Mon,750,JA,TE1V,301B 375B ,,R,D,OF,FS,X,S,C,50,0,0,0,1892221,5813168
Western Bay Of Plenty District,27/02/2014,Thu,1105,JA,4E1M,301B 353B 377B ,,R,D,B ,F ,X,S,P,50,0,1,0,1892221,5813168
Western Bay Of Plenty District,24/06/2014,Tue,1417,AA,CW1T,184A ,,E,D,O ,F , , ,C,50,0,0,0,1892604,5813112
Western Bay Of Plenty District,01/08/2014,Fri,800,AA,CW1T,184A ,,R,D,B ,F , , ,R,50,0,0,0,1892773,5813030
Western Bay Of Plenty District,20/06/2014,Fri,1100,LB,CW14,303B 375B ,,R,D,O ,F ,X,G,R,50,0,0,0,1892799,5813014
Western Bay Of Plenty District,23/04/2014,Wed,805,HA,CE1C,302A 375A ,,E,D,BF,F ,X,G,R,50,0,0,0,1892799,5813014
Western Bay Of Plenty District,23/01/2014,Thu,1540,AA,TS1C,184A 330A 372A ,,R,D,BF,F , ,N,C,50,0,0,0,1892824,5812998
Western Bay Of Plenty District,09/04/2014,Wed,635,MF,VW1CT,197A 371B ,,R,W,OF,L , ,N,R,50,0,0,0,1892841,5812987
Western Bay Of Plenty District,28/11/2014,Fri,1426,MA,VE1C,373B ,,R,D,BF,F , ,N,R,50,0,0,0,1892883,5812960
Western Bay Of Plenty District,24/12/2014,Wed,830,CA,CE1,112A 402A ,IK,R,D,O ,F ,R,G,R,50,0,0,1,1892957,5812927
Western Bay Of Plenty District,06/07/2014,Sun,110,DB,CW1,103A 111A 131A ,IX,M,D,DO,F ,R,G,R,50,0,0,0,1892957,5812927
Western Bay Of Plenty District,02/07/2014,Wed,1445,LB,TE1C,302A ,,E,W,B ,L ,R,G,R,50,0,0,0,1892947,5812921
Western Bay Of Plenty District,21/08/2014,Thu,1850,HA,CN2C,302A 375A ,,E,D,DO,F ,R,G,R,50,0,0,0,1892968,5812926
Western Bay Of Plenty District,13/11/2014,Thu,949,KA,CE1C,302B ,,E,D,B ,F ,R,G,R,50,0,0,0,1892968,5812926
Western Bay Of Plenty District,15/12/2014,Mon,1828,FD,VN1V,330A 427A ,,R,D,B ,F ,R,G,R,50,0,0,0,1892982,5812901
Western Bay Of Plenty District,27/09/2014,Sat,1215,FC,CW1C,181A ,,R,D,BF,F , ,N,R,50,0,0,0,1893041,5812864