TLANAME,CRASHDATE,CRASHDOW,CRASHTIME,MVMT,VEHICLES,CAUSES,OBJECTSSTRUCK,ROADCURVE,ROADWET,LIGHT,WTHRa,JUNCTYPE,TRAFCTRL,ROADMARK,SPDLIM,CRASHFATALCNT,CRASHSEVCNT,CRASHMINCNT,EASTING,NORTHING
Western Bay Of Plenty District,04/07/2014,Fri,1230,MF,CW1C,371B ,,R,D,B ,F , ,N,R,50,0,0,0,1893041,5812864
Western Bay Of Plenty District,21/02/2014,Fri,955,MF,TW1C,377B 839 ,,R,D,B ,F , , ,R,50,0,0,0,1893100,5812827
Western Bay Of Plenty District,12/11/2014,Wed,1615,HA,CE2C,302A ,,E,W,O ,L ,R,G,R,50,0,0,0,1893132,5812784
Western Bay Of Plenty District,27/06/2014,Fri,1152,JA,4W1C,372A ,,R,D,B ,F ,R,G,C,50,0,0,0,1893132,5812784
Western Bay Of Plenty District,04/09/2014,Thu,1730,MO,VE1C,371A 371B ,,R,D,OF,F , ,N,R,50,0,0,0,1893168,5812788
Western Bay Of Plenty District,03/05/2014,Sat,1700,FF,CE1CC,331A 350A ,,R,D,OF,F , ,N,R,50,0,0,0,1893211,5812778
Western Bay Of Plenty District,11/02/2014,Tue,2155,AC,TE1C,671A 404B ,,R,D,DO,F , , ,R,50,0,0,0,1893278,5812762
Western Bay Of Plenty District,08/07/2014,Tue,745,MO,CS2C,331A 927 ,,R,D,O ,F ,D,S,C,50,0,0,0,1893327,5812750
Western Bay Of Plenty District,11/08/2014,Mon,1835,JA,4E1C,301B 387B ,,R,D,DO,F ,T,S,R,50,0,0,0,1893327,5812750
Western Bay Of Plenty District,10/01/2014,Fri,1035,QG,VE1,687A ,,R,D,B ,F , , ,C,100,0,0,0,1893868,5812247
Western Bay Of Plenty District,06/12/2014,Sat,2200,EC,CW1,912,W,R,D,DO,F , , ,C,100,0,0,0,1894403,5812144
Western Bay Of Plenty District,17/07/2014,Thu,1755,FA,4W1V,110A 331A ,,R,D,DN,F , , ,C,100,0,0,0,1894941,5812157
Western Bay Of Plenty District,17/07/2014,Thu,1755,FD,VW1VCC,110A 130A 331A 352A ,,R,D,DN,F , , ,C,100,0,1,0,1894955,5812154
Western Bay Of Plenty District,07/11/2014,Fri,808,GD,CE1C,181A 331A ,,R,D,B ,F ,T,S,C,100,0,0,0,1895359,5812083
Western Bay Of Plenty District,11/02/2014,Tue,823,JA,TE1B,308B 930 ,,E,D,OF,F ,D,N,P,70,0,1,0,1895840,5811903
Western Bay Of Plenty District,11/12/2014,Thu,1040,NA,CE1E,105B 711B 724B ,,R,D,O ,F , , ,C,70,0,0,1,1896134,5811737
Western Bay Of Plenty District,14/04/2014,Mon,1340,GF,CN2T,387A 817 ,,M,D,OF,F ,T,G,P,70,0,0,0,1896194,5811729
Western Bay Of Plenty District,05/11/2014,Wed,1615,LB,CE1CC,303B 375B 929 ,,E,D,B ,F ,D,N,C,100,0,0,1,1896697,5812120
Western Bay Of Plenty District,16/09/2014,Tue,1445,FA,TW1C,181A ,,R,D,BF,F , , ,C,100,0,0,0,1898586,5811660
Western Bay Of Plenty District,12/05/2014,Mon,823,CB,CS1,129A 351A ,E,R,D,ON,F , ,N,L,100,0,0,0,1898677,5811617
Western Bay Of Plenty District,30/08/2014,Sat,2100,FA,4W1C,101A 181A ,,R,D,DN,F ,X,S,C,100,0,0,0,1898767,5811574
Western Bay Of Plenty District,19/12/2014,Fri,1055,GC,VN1T,171B ,,M,D,B ,F ,R,G,R,100,0,0,0,1899586,5810353
Western Bay Of Plenty District,24/08/2014,Sun,1000,BB,CS1C,201A 400A 840 ,,M,D,B ,F ,R,G,C,100,0,0,1,1899586,5810353
Western Bay Of Plenty District,27/02/2014,Thu,1625,FD,CW1C4,181A ,,R,D,BF,F , ,N,R,100,0,0,0,1899638,5810376
Western Bay Of Plenty District,22/02/2014,Sat,1110,FD,CW1C,181A 331A 402A 812 817 ,,R,D,BF,F , , ,C,100,0,0,0,1899705,5810374
Western Bay Of Plenty District,07/01/2014,Tue,715,AD,CE1,130A ,CF,R,D,B ,F , , ,L,100,0,0,0,1901146,5810319
Western Bay Of Plenty District,28/12/2014,Sun,755,JA,TW1C,301B 375B ,,R,D,B ,F ,X,S,C,100,2,2,1,1901345,5810310
Western Bay Of Plenty District,15/10/2014,Wed,1757,MB,4N1C,303B ,,R,D,B ,F , , ,C,100,0,0,0,1902129,5810204
Western Bay Of Plenty District,16/04/2014,Wed,1527,CB,TW1,358A ,,R,D,O ,F , , ,C,100,0,0,0,1902951,5809836
Western Bay Of Plenty District,04/03/2014,Tue,528,EC,CW1,912,W,R,D,DN,F , ,N,C,100,0,0,0,1903684,5809505
Western Bay Of Plenty District,18/04/2014,Fri,1753,FF,CE1C,181A ,,R,W,ON,L , ,N,C,100,0,0,0,1903940,5809380
Western Bay Of Plenty District,15/11/2014,Sat,1335,DA,CW1,410A ,E,E,W,O ,F , , ,C,100,0,0,0,1906524,5808036
Western Bay Of Plenty District,16/08/2014,Sat,1000,QG,CE1,687A ,V,R,D,BN,F , ,N,C,100,0,0,0,1906777,5808086
Western Bay Of Plenty District,06/01/2014,Mon,1455,BA,CW1T,129A 410A ,,R,D,BN,F , ,N,C,100,0,0,1,1909744,5808768
Western Bay Of Plenty District,21/01/2014,Tue,330,CC,4W1,410A ,FV,R,W,DO,L , ,N,C,100,0,0,2,1909892,5808746
Western Bay Of Plenty District,07/11/2014,Fri,120,DA,CE1,137A ,C,E,D,DN,F , ,N,C,100,0,0,0,1911173,5808529
Western Bay Of Plenty District,13/11/2014,Thu,1330,GC,CE1V,171B ,,R,D,B ,F ,X,S,C,100,0,0,1,1913823,5807997
Western Bay Of Plenty District,07/08/2014,Thu,1942,EC,VW1C,912,W,R,D,DN,F , ,N,C,100,0,0,0,1914112,5807989
Western Bay Of Plenty District,19/10/2014,Sun,48,CC,CN1,103A 410A ,F,R,W,DN,F , , ,C,100,0,0,1,1915728,5807170
Western Bay Of Plenty District,17/09/2014,Wed,849,CC,4E1V,130A 130B 197B ,L,R,D,O ,F , , ,L,100,0,0,0,1916280,5806429
Western Bay Of Plenty District,04/01/2014,Sat,1220,DA,MW1,131A 350A 403A ,S,M,D,B ,F , ,N,L,100,0,1,0,1916307,5806416
Western Bay Of Plenty District,06/05/2014,Tue,600,AA,TW1V,372A ,,R,D,DO,F , ,N,C,100,0,0,0,1916681,5806374
Western Bay Of Plenty District,09/04/2014,Wed,1120,FA,CS1C,181A 500A ,CST,R,D,O ,F , ,N,C,100,0,1,0,1872184,5817239
Western Bay Of Plenty District,16/06/2014,Mon,1204,JA,CS1C,301B 377B ,,E,D,OF,F ,T,S,C,100,0,0,2,1870822,5816742
Western Bay Of Plenty District,12/05/2014,Mon,755,JA,CS1C,145A 301B 387B ,,R,D,BF,F ,T,S,L,100,0,0,1,1870822,5816742
Western Bay Of Plenty District,24/03/2014,Mon,1245,DB,TN1T,108A 501A ,D,E,D,BN,F , ,N,C,100,0,1,0,1869351,5814683
Western Bay Of Plenty District,04/07/2014,Fri,1010,DB,CN2C,111A 131A 402A ,,R,D,B ,F ,T,G,C,100,0,0,0,1868699,5813996
Western Bay Of Plenty District,30/12/2014,Tue,1500,GD,VS1V,181A 387A ,,E,D,B ,F ,T,G,L,100,0,0,0,1868699,5813996
Western Bay Of Plenty District,26/05/2014,Mon,1406,LB,CN1T,303B ,,E,D,B ,F ,T,G,C,100,0,0,0,1868699,5813996
Western Bay Of Plenty District,21/03/2014,Fri,1950,DA,CS1,506A 512A ,T,E,D,DN,F , ,N,C,100,0,0,1,1868688,5813947
Western Bay Of Plenty District,31/03/2014,Mon,1630,CB,TS1,129A 130A 817 ,T,R,D,B ,F , , ,L,100,0,1,0,1868666,5813799
Western Bay Of Plenty District,10/09/2014,Wed,921,AA,CS1T,386A 524A 801 ,,E,W,O ,L , , ,L,100,0,0,0,1868381,5812774
Western Bay Of Plenty District,26/03/2014,Wed,1000,FF,CS14,181A 817 ,,R,D, N,  ,T,S,C,100,0,0,0,1867664,5812005
Western Bay Of Plenty District,01/07/2014,Tue,1225,JA,CS1V,301B 375B ,,R,D,BF,F ,T,S,C,100,0,0,0,1867664,5812005
Western Bay Of Plenty District,08/02/2014,Sat,849,DB,CE1,135A 404A 901 ,C,E,W,ON,H , ,N,L,100,0,0,0,1863148,5808862
Western Bay Of Plenty District,24/12/2014,Wed,1539,CB,CS1,129A 350A ,C,R,D,BN,F , ,N,L,100,0,0,0,1862364,5808361
Western Bay Of Plenty District,19/10/2014,Sun,1819,FA,VS1T,386A ,,E,D,OF,F , , ,C,100,0,0,0,1861466,5807662
Western Bay Of Plenty District,29/05/2014,Thu,1604,BC,VS1CC,101A 121A 800 ,,E,W,O ,F , , ,L,100,2,4,1,1859119,5805417
Western Bay Of Plenty District,06/03/2014,Thu,200,EC,TS1,912,W,E,D,DN,F , ,N,C,100,0,0,0,1859054,5805342
Western Bay Of Plenty District,28/03/2014,Fri,2050,DA,MN1C4,131A 132A 198C ,,M,D,DN,F , , ,L,100,1,0,0,1896411,5795532
Western Bay Of Plenty District,03/06/2014,Tue,1350,BF,CS1V,131A 407A ,G,R,D,B ,F , , ,L,100,0,0,1,1897033,5796867
Western Bay Of Plenty District,06/11/2014,Thu,1722,DA,TS1,129A 131A 191A ,TV,M,D,O ,F , , ,L,100,0,0,0,1897172,5798839
Western Bay Of Plenty District,26/01/2014,Sun,1745,DB,CN1,410A ,T,M,W,ON,L , ,N,L,100,0,0,2,1897494,5801413
Western Bay Of Plenty District,20/12/2014,Sat,1710,GD,CN1V,112A 181A 929 ,,R,W,O ,L ,D,N,C,100,0,0,0,1898895,5804927
Western Bay Of Plenty District,02/08/2014,Sat,1907,DB,CS1,103A 131A ,C,M,D,DN,F , ,N,C,100,0,0,0,1898785,5805325
Western Bay Of Plenty District,30/10/2014,Thu,1910,MC,VS1C,372B ,,M,D,TN,F , ,N,C,100,0,0,0,1898653,5805472
Western Bay Of Plenty District,26/12/2014,Fri,1617,CC,CN1,130A ,FV,R,D,B ,F , , ,C,100,0,0,0,1899358,5806966
Western Bay Of Plenty District,30/07/2014,Wed,1550,CB,CN1,129A 134A 331A ,C,R,W,OF,H ,T,S,C,100,0,0,0,1900023,5809675
Western Bay Of Plenty District,22/05/2014,Thu,1710,FA,CN1C,101A 112A ,,R,D,O ,F , ,N,C,100,0,0,0,1899849,5810035
Western Bay Of Plenty District,07/01/2014,Tue,800,JC,CW1C,302A 375A ,,R,D,B ,F ,T,G,C,100,0,0,0,1899586,5810353
Western Bay Of Plenty District,25/06/2014,Wed,1050,KB,CN1C,308B 927 ,,R,D,O ,F ,D,N,C,80,0,0,0,1874483,5815100
Western Bay Of Plenty District,18/05/2014,Sun,1201,GE,CS1C,157A ,,R,D,B ,F ,T,G,C,100,0,0,0,1874478,5814693
Western Bay Of Plenty District,21/02/2014,Fri,841,CB,CN1,101A 129A ,FP,R,D,BN,F , ,N,C,100,0,0,1,1874626,5813309
Western Bay Of Plenty District,13/10/2014,Mon,1530,JA,CS14,308B 353B 402B 930 ,,R,D,B ,F ,D,N,N,60,0,0,0,1874892,5812513
Western Bay Of Plenty District,15/08/2014,Fri,902,CB,4N1,129A 134A ,CT,R,D,B ,F , ,N,C,100,0,0,1,1874908,5812456
Western Bay Of Plenty District,31/10/2014,Fri,1532,KA,CS1T,308B 375B 929 ,,R,D,ON,F ,D,N,C,100,0,0,0,1874954,5811920
Western Bay Of Plenty District,26/01/2014,Sun,2150,EC,4S1CC,195A 331C 387C 800 862 912 ,W,M,W,DO,L , ,N, ,100,0,0,0,1875016,5810662
Western Bay Of Plenty District,03/07/2014,Thu,600,DB,CN1,135A 806 ,,M,W,DN,M , ,N,C,100,0,0,1,1875123,5808630
Western Bay Of Plenty District,03/07/2014,Thu,600,DB,CN1,135A 806 ,C,M,W,DN,M , ,N,C,100,0,0,1,1875127,5808580
Western Bay Of Plenty District,24/12/2014,Wed,653,DB,TN1,110A 132A 615A 801 ,E,M,W,O ,L , , ,P,100,0,0,0,1875040,5808468
Western Bay Of Plenty District,08/12/2014,Mon,1823,DA,CN1,131A 358A ,,M,D,B ,F , , ,C,100,0,0,1,1874801,5807816
Western Bay Of Plenty District,17/12/2014,Wed,1740,DA,CN1,110A 131A ,T,E,W,O ,H , ,N,C,100,0,0,0,1874474,5806279
Western Bay Of Plenty District,29/11/2014,Sat,1629,DA,4N1,131A 412A ,F,E,D,B ,F , , ,C,100,0,0,0,1876966,5802889
Western Bay Of Plenty District,03/07/2014,Thu,630,DB,CN1,135A 330A 806 ,G,M,W,DN,F , ,N,C,100,0,0,1,1877075,5801928
Western Bay Of Plenty District,27/07/2014,Sun,1740,DB,CS1,111A 131A 817 ,,E,D,DF,F , ,N,N,80,0,1,0,1876987,5798822
Western Bay Of Plenty District,22/09/2014,Mon,1557,DB,CS1,111A 131A 350A ,F,M,D,BN,F , ,N,C,100,0,0,0,1877510,5798148
Western Bay Of Plenty District,11/11/2014,Tue,2115,DA,4S1,111A 131A 901 903 ,,M,W,DN,HS, , ,C,100,0,0,0,1877115,5797191
Western Bay Of Plenty District,08/07/2014,Tue,1615,AO,4W1CV,387A ,,E,D,ON,F , ,N,C,100,0,0,0,1877988,5794243
Westland District,28/01/2014,Tue,1700,DA,CS1,111A 131A 402A 420A ,T,E,D,B ,F , , ,N,100,0,0,1,1387255,5214658
Westland District,17/08/2014,Sun,100,CC,CW1,103A 130A ,B,R,D,DO,F , , ,C,50,0,0,0,1358428,5183354
Westland District,17/02/2014,Mon,2030,HA,VN1C,375A 112B 205B 330B 801 ,,R,W,O ,L ,X,G,C,50,0,0,1,1371858,5192323
Westland District,11/04/2014,Fri,2230,DA,CS1,101A 111A ,T,S,D,DN,F , ,N,N,100,0,0,0,1349980,5185465
Westland District,12/10/2014,Sun,1655,BB,CS1C,123A 404A ,,M,W,O ,F , ,N,N,100,0,0,0,1349910,5185497
Westland District,01/11/2014,Sat,930,DB,CN1,103A 129A 138A ,,S,D,O ,F , , ,N,100,0,0,0,1346678,5187937
Westland District,11/10/2014,Sat,1220,HA,CS2C,302A ,,R,D,B ,F ,X,G,C,50,0,0,2,1433826,5268625
Westland District,18/07/2014,Fri,851,FB,CW1C,331A 352A ,,R,D,BN,F , ,N,C,50,0,0,0,1433605,5268777
Westland District,29/10/2014,Wed,2230,CC,CS1,410A ,V,R,W,DN,L , ,N,C,100,0,0,0,1439188,5261410
Westland District,18/01/2014,Sat,919,BB,CE14,101A 410A ,,E,D,BN,F , ,N,C,70,0,0,0,1436883,5265259
Westland District,13/12/2014,Sat,200,CA,CW1,101A 130A 402A 813 ,F,R,D,DN,F , , ,N,100,0,0,0,1435043,5251601
Westland District,20/04/2014,Sun,2045,DA,40,135A 402A 840 901 ,F,S,W,DN,H , ,N,N,100,0,0,0,1439185,5250762
Westland District,27/11/2014,Thu,1350,DA,CE1,111A 131A 813 ,,M,D,O ,F , , ,N,100,0,0,0,1450896,5267189
Westland District,03/07/2014,Thu,1350,DA,VE1,134A 138A 811 ,,M,D,B ,F , ,N,N,100,0,0,0,1456457,5268843
Westland District,28/05/2014,Wed,1505,HA,CE1C,302B 375B 402B ,,R,W,OF,L ,X,G,C,50,0,0,0,1434057,5268748
Westland District,21/11/2014,Fri,1230,EA,BN1C,179A ,M,R,D,OF,F , ,N,C,50,0,0,0,1433136,5268623
Westland District,05/05/2014,Mon,1615,DA,CE1,103A 131A ,V,E,W,O ,L , , ,N,50,0,0,0,1434315,5268902
Westland District,12/04/2014,Sat,950,HA,CN1M,302A 353A 632A ,,R,D,O ,F ,R,G,R,50,0,0,0,1433271,5268472
Westland District,23/02/2014,Sun,1009,HA,CS24,302A 375A ,,R,D,O ,F ,X,G,C,50,0,0,2,1434407,5267951
Westland District,14/02/2014,Fri,1540,MO,CN1,130A 423A ,H,R,D,B ,F , , ,N,50,0,0,0,1433203,5268578
Westland District,17/08/2014,Sun,1430,DB,CN1,131A 402A 813 ,,M,D,B ,F , , ,N,100,0,0,0,1385012,5216618
Westland District,06/04/2014,Sun,835,CA,MS1,130A 800 ,,R,W,O ,F , ,G,N,100,0,1,0,1447789,5286127
Westland District,26/01/2014,Sun,1300,DA,MN1,135A 810 ,,E,W,ON,H , ,G,N,100,0,0,1,1447791,5286122
Westland District,23/05/2014,Fri,1720,GA,CW14,181A 331A 929 ,,R,W,DN,H ,D,N,C,100,0,0,2,1447051,5284052
Westland District,25/10/2014,Sat,1530,KB,CS1M,302A 375A ,,M,D,O ,F ,R,G,R,100,0,0,1,1446546,5283579
Westland District,14/08/2014,Thu,1828,BF,CE2C,111A 131A ,Q,M,D,TN,F ,T,S,C,100,0,0,0,1445700,5284329
Westland District,11/01/2014,Sat,1400,CB,CN1,103A 130A ,BG,R,D,B ,F , , ,C,100,0,0,0,1441802,5278043
Westland District,07/06/2014,Sat,1155,DC,CW1,131A 191A ,IS,M,W,O ,L ,R,G,R,80,0,0,1,1438176,5273590
Westland District,05/10/2014,Sun,1340,FA,4S1C,181A ,,R,D,O ,F ,T,N,N,80,0,0,0,1434121,5269576
Westland District,04/01/2014,Sat,1515,HA,CE2C,302A ,,R,D,B ,F ,X,G,R,50,0,0,1,1433621,5268766
Westland District,17/11/2014,Mon,2020,DA,VS1,103A 131A ,FV,E,D,O ,F , , ,C,100,0,0,0,1432703,5266797
Westland District,28/11/2014,Fri,1440,GE,4S1C,160A 929 ,,R,D,B ,F ,D,N,C,100,0,0,0,1431033,5265541
Westland District,15/11/2014,Sat,1250,DA,CW1,111A 131A ,C,E,D,ON,F , ,N,C,100,0,0,0,1414786,5239080
Westland District,17/07/2014,Thu,2230,DB,VN1,131A 802 ,C,M,I,DN,FF, , ,C,100,0,0,1,1411883,5238500
Westland District,12/01/2014,Sun,1409,FF,CS14,191A 331A ,,M,W,O ,L , ,G,C,100,0,0,0,1411227,5238746
Westland District,28/07/2014,Mon,838,DB,CS1,135A 802 804 810 ,,E,I,B ,FF, , ,C,100,0,0,0,1407744,5231725
Westland District,06/11/2014,Thu,1400,DB,CN1,110A 131A 800 801 ,EX,M,W,O ,L , , ,C,100,0,0,0,1406834,5228438
Westland District,30/12/2014,Tue,1615,CB,CW1,112A 404A ,BG,R,D,B ,F , ,N,N,100,2,0,0,1407307,5219324
Westland District,04/08/2014,Mon,804,EC,TW1,914,W,M,D,B ,F , , ,C,100,0,0,1,1407229,5219263
Westland District,23/02/2014,Sun,1210,AD,VW1,111A 130A ,C,M,D,O ,F , , ,C,100,0,1,0,1394383,5217985
Westland District,19/05/2014,Mon,1300,DA,CS1,111A 131A 901 ,C,S,W,O ,H , , ,C,100,0,0,0,1393104,5216226
Westland District,03/10/2014,Fri,1045,CB,CN1,134A 330A 801 ,FT,R,W,O ,L , , ,C,100,0,0,0,1390457,5206812
Westland District,24/01/2014,Fri,850,DA,4W1,111A 131A 404A ,T,E,D,BN,F , ,N,C,100,0,0,0,1389057,5204190
Westland District,07/08/2014,Thu,1635,CB,CW1,129A 350A ,V,R,W,ON,L , ,N,C,100,0,0,0,1387596,5205154
Westland District,08/08/2014,Fri,1455,BA,VN1V,129A ,,R,D,BN,F , ,N,C,100,0,0,0,1387324,5205897
Westland District,11/10/2014,Sat,2110,EC,CN1,911,W,R,D,DN,F , , ,C,100,0,0,0,1387105,5206174
Westland District,20/11/2014,Thu,1900,DB,CN1,131A 507A 801 ,FP,M,W,O ,L ,T,N,C,100,0,1,0,1386886,5206443
Westland District,17/04/2014,Thu,1015,CC,VN1,130A 903 ,EF,R,D,O ,FS, , ,C,100,0,0,1,1385448,5205948
Westland District,17/04/2014,Thu,1030,QG,4S1,130A 903 ,F,R,D,O , S, , ,C,100,0,0,0,1384197,5204672
Westland District,03/11/2014,Mon,1145,DA,4N1,129A 134A 198A 407A 801 ,VX,E,W,O ,L , , ,C,100,0,0,0,1376365,5204948
Westland District,25/04/2014,Fri,220,DB,CN1,104A 131A 410A 801 ,V,E,W,DN,L , , ,C,100,0,1,0,1374144,5197474
Westland District,28/02/2014,Fri,400,DA,CN1,103A 111A 131A ,TV,M,W,DO,F , ,N,L,80,0,0,1,1371447,5193234
Westland District,15/03/2014,Sat,1330,MO,CS1M,371A ,M,R,D,O ,F , , ,P,50,0,0,0,1371742,5192173
Westland District,05/04/2014,Sat,1800,MO,CN1C,371A 801 ,M,R,W,O ,L , , ,C,50,0,0,0,1371750,5192074
Westland District,01/06/2014,Sun,1030,DB,CW1,110A 135A 404A 802 ,V,M,I,B ,FF, , ,L,100,0,0,0,1365594,5189910
Westland District,27/10/2014,Mon,1830,DA,CS1,111A 131A ,PV,S,D,B ,F , ,N,C,100,0,0,0,1365369,5189585
Westland District,27/12/2014,Sat,615,CB,CS1,110A ,G,R,W,O ,HS, ,N,N,50,0,0,0,1358078,5181826
Westland District,28/06/2014,Sat,1400,AC,VS1C,372A ,,R,D,BN,F , ,N,C,100,0,0,0,1355668,5180574
Westland District,03/02/2014,Mon,1530,CB,4S1,410A ,VZ,R,D,ON,F , ,N,C,100,0,0,0,1332706,5171416
Westland District,03/04/2014,Thu,1500,CC,CS1,129A 411A ,C,R,D,OF,F , ,N,C,100,0,0,0,1321657,5157818
Westland District,21/07/2014,Mon,1015,DB,4W1,111A 131A 802 ,C,M,I,B ,FF, , ,C,100,0,0,0,1312054,5154192
Westland District,22/03/2014,Sat,1630,JA,CE1C,308B 363B 375B 902 930 ,,R,D,B ,F ,D, ,C,100,0,0,4,1299545,5152724
Westland District,13/07/2014,Sun,1400,DA,CE1,131A 336A ,E,S,W,O ,F , ,N,C,100,0,0,0,1294963,5152098
Westland District,17/04/2014,Thu,1600,CC,TS1,110A 130A 901 903 ,BEZ,R,W,O ,HS, , ,C,100,0,1,0,1282587,5136582
Westland District,15/02/2014,Sat,910,CB,CS1,130A 195A 407A ,TV,R,D,B ,F , , ,C,100,0,0,0,1286467,5128906
Westland District,26/02/2014,Wed,1745,BC,TE1C,121A 387B 404B 818 ,,S,D,B ,F , , ,C,100,0,0,3,1296440,5124351
Westland District,30/07/2014,Wed,1400,DA,CN1,131A 404A ,X,M,W,O ,L , , ,C,100,0,0,0,1309666,5112690
Westland District,25/10/2014,Sat,1645,CC,TN1,136A 631A ,E,R,D,B ,F , , ,C,100,0,1,2,1486242,5262449
Westland District,23/08/2014,Sat,1650,DA,4N1,103A 131A ,,S,D,BN,F , ,T,C,100,0,1,0,1487417,5263423
Westland District,31/12/2014,Wed,1600,DA,CN1,103A 111A 131A 801 ,P,M,W,O ,H , ,T,L,100,0,0,0,1487417,5263423
Westland District,09/01/2014,Thu,200,DA,4N1,131A 412A ,F,M,D,DN,F , ,N,C,100,0,0,0,1486208,5264706
Westland District,04/12/2014,Thu,2033,DB,CN1,131A 404A 407A ,SV,M,W,DN,L , , ,C,100,0,0,1,1480472,5266105
Westland District,18/04/2014,Fri,1730,DA,BE1C,137A 350B 442B 831 901 ,E,E,W,DN,H , ,N,C,100,0,0,0,1472332,5267466
Westland District,03/10/2014,Fri,2055,DA,VS1,101A 131A 402A ,X,S,W,DN,LS, , ,C,100,0,0,0,1469253,5265089
Westland District,18/04/2014,Fri,1800,DA,CE1,110A 131A 404A ,S,M,W,DN,F , ,N,C,100,0,0,1,1468182,5264510
Westland District,30/07/2014,Wed,1005,GE,CE1O,160A 387A 926 ,,M,W,B ,F ,D,N,C,100,0,0,0,1466319,5264392
Westland District,10/07/2014,Thu,1405,BC,CS1T,121A 801 ,,E,W,O ,L , , ,C,100,0,0,0,1463097,5264660
Westland District,27/10/2014,Mon,2220,CC,CN1,129A 350A ,F,R,D,DN,F , ,N,C,100,0,0,0,1460982,5266528
Westland District,27/10/2014,Mon,1525,DB,ME1,131A 650A ,EZ,E,D,B ,F , , ,L,100,0,1,1,1459007,5267490
Westland District,03/12/2014,Wed,1700,BC,CS1T,121A 205A 404A ,Z,E,D,B ,F , ,N,C,100,1,2,1,1454851,5271742
Westland District,22/12/2014,Mon,1530,GD,4S1C,333A 414A 927 ,,R,D,B ,F ,D, ,C,100,0,0,0,1449873,5280133
Westland District,14/08/2014,Thu,900,CB,CN1,112A ,S,R,W,OF,L ,R,G,L,100,0,0,0,1446534,5283532
Whakatane District,23/07/2014,Wed,824,DA,CN1,129A 130A 191A 645A 802 ,FV,M,D,B ,FF,T,G,C,100,0,0,1,1942017,5790356
Whakatane District,07/05/2014,Wed,811,MC,CS1C,372B ,,R,D,ON,F ,T,G,C,50,0,0,1,1949188,5790090
Whakatane District,26/08/2014,Tue,2240,DA,CN1,103A 111A 131A ,FHX,S,D,DO,F , , ,C,50,0,0,2,1949213,5789598
Whakatane District,11/09/2014,Thu,1520,FF,TE1C,358A 428A ,,R,D,BF,F ,T,G,R,50,0,0,0,1950158,5789302
Whakatane District,07/06/2014,Sat,1400,HA,CW1C,302A 375A ,,R,D,BF,F ,R,G,R,50,0,0,0,1949176,5790156
Whakatane District,18/06/2014,Wed,1135,MF,4N1C,371B ,,R,D,B ,F , , ,C,50,0,0,0,1951008,5791736
Whakatane District,23/04/2014,Wed,1420,MO,VN1C,371B ,M,R,D,B ,F , , ,C,50,0,0,0,1951013,5791862
Whakatane District,16/10/2014,Thu,1016,EA,CN1C,129A ,M,R,D,O ,F , , ,N,50,0,0,0,1951016,5791958
Whakatane District,26/12/2014,Fri,2200,CC,CN1,423A 601A ,FP,R,D,DN,F , ,N,C,100,0,0,0,1927231,5789264
Whakatane District,05/07/2014,Sat,802,JA,CW2C,302B 375B 801 ,,E,W,O ,L ,R,G,R,50,0,0,2,1950838,5792062
Whakatane District,12/08/2014,Tue,1245,MA,VN1C,382B ,,R,D,B ,F , , ,P,50,0,0,0,1951040,5791570
Whakatane District,30/09/2014,Tue,1420,NA,CN1E,713B ,,R,D,BF,F , , ,C,50,0,0,1,1951013,5791527
Whakatane District,02/04/2014,Wed,1247,LB,4N1P,303B 375B ,,R,D,B ,F ,T,G,P,50,0,0,1,1951127,5791852