TLANAME,CRASHDATE,CRASHDOW,CRASHTIME,MVMT,VEHICLES,CAUSES,OBJECTSSTRUCK,ROADCURVE,ROADWET,LIGHT,WTHRa,JUNCTYPE,TRAFCTRL,ROADMARK,SPDLIM,CRASHFATALCNT,CRASHSEVCNT,CRASHMINCNT,EASTING,NORTHING
Whakatane District,29/06/2014,Sun,2200,EA,CE1C,129A ,M,R,D,DO,F , ,N,C,50,0,0,0,1950784,5791265
Whakatane District,01/01/2014,Wed,1315,FD,CE14C,103A 181A ,,R,D,BF,F ,T,S,P,50,0,0,0,1950570,5791276
Whakatane District,02/02/2014,Sun,1020,DB,MW1,131A 922 ,K,R,D,B ,F ,D, ,C,50,0,0,1,1949917,5791307
Whakatane District,04/05/2014,Sun,1545,HA,CW1S,302A 377A ,,R,D,BF,F ,R,G,R,50,0,0,1,1950671,5791271
Whakatane District,06/06/2014,Fri,2200,DB,4N1,103A 111A 131A ,P,M,D,DN,F , ,N,C,100,0,0,0,1937362,5791481
Whakatane District,25/04/2014,Fri,1340,DA,CS1,131A 351A 402A ,,M,D,B ,F , , ,C,100,0,0,0,1947818,5793593
Whakatane District,05/07/2014,Sat,1535,DC,CE1,103A 112A 130A 402A 506A 801 ,TZ,R,W,O ,L ,T,S,C,80,0,0,1,1949579,5793136
Whakatane District,10/04/2014,Thu,400,CB,CS1,129A ,V,R,W,DN,L , ,N,N,100,0,0,0,1944757,5787521
Whakatane District,15/06/2014,Sun,10,DA,4N1,103A 129A 134A ,V,E,D,DN,M , ,N,C,100,0,1,0,1929157,5746787
Whakatane District,19/04/2014,Sat,1151,DA,4N1,110A 131A ,CV,M,W,O ,F , ,N,C,100,0,0,1,1933270,5769691
Whakatane District,23/05/2014,Fri,2110,DB,CE1,103A 111A 131A ,CT,M,D,DO,F , ,N,R,70,0,0,1,1951962,5790630
Whakatane District,13/09/2014,Sat,1600,JA,CW1C,308B 801 929 ,,M,W,O ,L ,D, ,C,100,0,0,0,1951248,5790619
Whakatane District,21/01/2014,Tue,1448,MC,CE1T,372B ,,R,W,O ,L , , ,L,70,0,0,0,1951170,5790679
Whakatane District,06/06/2014,Fri,1945,DA,CN1,131A 134A 407A 412A 904 ,,M,D,DN,M , , , ,100,0,0,0,1934191,5792228
Whakatane District,13/09/2014,Sat,30,EC,CS1,912,W,R,W,DN,L , ,N,C,100,0,0,0,1931225,5783933
Whakatane District,21/06/2014,Sat,2330,CC,VS1,103A 112A ,C,R,W,DN,F , ,N,C,100,0,0,1,1927086,5800508
Whakatane District,12/06/2014,Thu,1403,BF,CS1C,101A 131A ,,E,W,OF,L , ,N,C,50,0,0,0,1951575,5791318
Whakatane District,31/07/2014,Thu,717,HA,CN1S,302A 375A ,,E,D,TF,FF,R,G,R,50,0,0,1,1949152,5791052
Whakatane District,28/02/2014,Fri,1500,DA,CN1,103A 111A 131A ,,M,D,B ,F , ,N,C,100,0,0,0,1936323,5788554
Whakatane District,25/09/2014,Thu,1506,NA,CE1E,713B 727B ,,R,D,BF,F ,T,N,C,50,0,0,1,1948616,5791086
Whakatane District,18/08/2014,Mon,1530,MO,BS1V,124A 330A ,,M,D,B ,F ,T,S,C,50,0,0,0,1949888,5791196
Whakatane District,20/09/2014,Sat,2330,DB,VN1,101A 111A 131A 402A ,F,M,D,DN,F , , ,N,100,0,0,1,1952857,5791002
Whakatane District,18/07/2014,Fri,28,DA,CW1,103A 111A 131A ,F,M,D,DN,F , ,N,N,80,0,0,1,1952759,5790939
Whakatane District,10/04/2014,Thu,730,DB,4S1,111A 131A ,,S,W,ON,L , ,N,C,100,0,1,0,1924969,5744548
Whakatane District,11/04/2014,Fri,1545,CB,CN1,130A 631A ,C,R,W,O ,F , ,N,N,100,0,0,0,1924300,5742820
Whakatane District,04/12/2014,Thu,1130,FD,CE1C,181A 427A ,,R,D,B ,F , , ,C,50,0,0,0,1949751,5791314
Whakatane District,31/03/2014,Mon,1455,HA,4S2C,302A 375A ,,R,D,OF,F ,R,G,R,50,0,0,0,1949822,5791321
Whakatane District,12/11/2014,Wed,840,FD,4E1CC,181A 330A ,,R,D,B ,F , ,N,C,50,0,1,0,1949434,5791331
Whakatane District,24/07/2014,Thu,1430,MA,CS1C,373B ,,E,D,B ,F , , ,N,50,0,0,0,1949698,5789905
Whakatane District,17/09/2014,Wed,1555,BB,SE14,124A ,,R,D,B ,F ,T,G,C,50,0,0,1,1950010,5791077
Whakatane District,25/02/2014,Tue,2051,EO,TE1,330A 386A ,B,R,D,DO,F , ,N,C,50,0,0,0,1936351,5789778
Whakatane District,21/11/2014,Fri,1630,FO,CS1C,331A 387A ,,R,D,O ,F , , ,C,50,0,0,0,1950664,5791331
Whakatane District,13/01/2014,Mon,1052,NA,CS1E,376A 902 ,,R,D,B ,F ,R,G,R,50,0,0,0,1950661,5791282
Whakatane District,12/06/2014,Thu,1154,MA,CS1C,373B 671B 801 ,,R,W,O ,L ,T,G,C,50,0,0,0,1950692,5791922
Whakatane District,20/03/2014,Thu,1217,EA,TS1C,385A 671A ,M,M,D,BF,F ,R,G,R,50,0,0,0,1950681,5791740
Whakatane District,04/12/2014,Thu,1505,FO,CS1C,130A 427A ,,R,D,B ,F ,T,G,C,50,0,0,0,1950668,5791382
Whakatane District,25/07/2014,Fri,845,MA,CS1C,373B ,,R,D,B ,F , , ,C,50,0,0,0,1950289,5791499
Whakatane District,30/11/2014,Sun,200,CB,40,101A 130A ,V,R,D,DN,F , , ,C,100,0,0,1,1940349,5791156
Whakatane District,03/06/2014,Tue,2002,CB,CW1,103A 129A 192A 350A ,FV,R,D,DN,F , ,N,C,100,0,0,1,1939664,5791442
Whakatane District,03/07/2014,Thu,,MO,CN1C,371A 929 ,M,R,D,B ,F ,D, ,C,50,0,0,0,1951724,5779634
Whakatane District,04/03/2014,Tue,723,FA,VE1S,181A 363A ,,R,D,B ,F ,T,N,C,50,0,0,1,1958237,5789055
Whakatane District,01/11/2014,Sat,1532,DA,CW1,101A 131A 504A ,G,E,D,B ,F ,T,S,C,80,0,0,0,1952795,5790118
Whakatane District,29/07/2014,Tue,1600,BF,CS1C,111A 130A ,,M,D,O ,F , , ,L,80,0,0,0,1953911,5790619
Whakatane District,05/05/2014,Mon,1720,DB,CS1,110A 402A ,TV,S,W,DO,F ,R,S,R,80,0,0,0,1951975,5790751
Whakatane District,14/12/2014,Sun,1525,DA,CW1,131A 407A 632A 801 ,X,M,W,O ,L , , ,L,80,0,0,0,1953959,5790427
Whakatane District,31/07/2014,Thu,216,DB,CN1,101A 111A 131A ,FP,E,D,DN,F , , ,C,100,0,0,1,1927369,5781852
Whakatane District,27/01/2014,Mon,103,DA,CN1,101A 131A ,FT,M,W,DO,F , ,N,C,50,0,0,0,1923217,5737692
Whakatane District,26/02/2014,Wed,2210,DA,CE1,111A 131A 632A ,F,M,D,DO,F , , ,C,50,0,0,0,1923488,5737688
Whakatane District,16/08/2014,Sat,145,CA,VE1,103A 195A ,,R,D,DO,F , , ,C,100,0,0,0,1935781,5788920
Whakatane District,03/08/2014,Sun,1830,CC,CS1,112A 125A ,V,R,W,DN,F ,X,G,C,70,0,0,0,1946845,5791512
Whakatane District,16/07/2014,Wed,1255,HA,CS1M,302A 375A ,,E,D,BF,F ,R,G,R,50,0,0,1,1950679,5791832
Whakatane District,05/02/2014,Wed,1140,CB,CS1C,129A 423A ,M,R,D,BF,F , ,N,C,50,0,0,1,1950507,5791819
Whakatane District,13/06/2014,Fri,1545,MO,CE1C,371A 929 ,M,R,D, N,  ,D, ,N,50,0,0,0,1950097,5790387
Whakatane District,30/07/2014,Wed,805,GA,VN1C,181A 331A 801 927 ,,E,W,O ,L ,D, ,R,40,0,0,0,1955634,5789938
Whakatane District,14/10/2014,Tue,1215,CB,CN1,501A ,P,R,D,O ,F , , ,C,50,0,0,1,1954886,5790307
Whakatane District,04/07/2014,Fri,1600,AC,CW1C,357A 512A ,,R,D,ON,F , ,N,C,50,0,0,0,1956899,5789364
Whakatane District,17/08/2014,Sun,1349,EA,VE1C,410A ,FM,R,D,B ,F , , ,C,60,0,0,0,1956899,5789364
Whakatane District,10/10/2014,Fri,1330,CC,CW1,125A 129A ,FKT,R,D,B ,F , ,N,C,60,1,0,1,1956804,5789397
Whakatane District,09/04/2014,Wed,1835,DB,CW1,103A 111A 131A 801 ,P,M,W,TN,L , , ,C,100,1,0,1,1951273,5778554
Whakatane District,05/04/2014,Sat,2252,MG,CS14C,512B 514B ,,R,D,DN,F , , ,C,100,0,0,1,1950395,5774951
Whakatane District,11/01/2014,Sat,1500,DA,CE1,131A 138A 404A 810 ,ET,M,D,B ,F , , ,N,100,0,0,1,1931360,5722120
Whakatane District,29/11/2014,Sat,1720,DB,4N1,101A 111A 131A 517A ,,M,D,B ,F , , ,C,100,0,0,0,1951182,5769854
Whakatane District,07/01/2014,Tue,946,CC,VS1,130A 412A ,F,R,D,OF,F , ,N,C,50,0,0,0,1950339,5790551
Whakatane District,23/02/2014,Sun,930,DA,CN1,110A 131A ,C,M,W,O ,F , ,N,C,100,0,0,0,1950582,5781150
Whakatane District,08/02/2014,Sat,945,DA,CN1,111A 129A 134A 407A 801 ,V,M,W,O ,L , , ,C,100,0,0,0,1950493,5781488
Whakatane District,16/11/2014,Sun,1927,DA,MN1,111A 129A 131A ,,M,D,B ,F , , ,C,100,0,0,2,1950760,5783329
Whakatane District,04/07/2014,Fri,1934,FA,VN1C,103A 181A ,,R,D,DN,F , ,N,C,100,0,0,0,1950876,5783984
Whakatane District,23/02/2014,Sun,445,DB,CN1,111A 131A ,F,E,W,DN,F , ,N,C,100,0,0,0,1950956,5785033
Whakatane District,11/04/2014,Fri,1400,DB,CS1,111A 131A ,F,M,W,O ,H , ,N,C,100,0,0,0,1936078,5788803
Whakatane District,04/11/2014,Tue,220,EC,4N1,912,W,R,D,DN,F , ,N,N,100,0,0,0,1934524,5785378
Whakatane District,12/04/2014,Sat,1613,QE,CS1Q,914 929 ,A,R,D,O ,F ,D,N,C,100,0,0,1,1934597,5785862
Whakatane District,07/03/2014,Fri,605,EC,VN1,912,W,E,D,DN,F , ,N,C,100,0,0,0,1934027,5784512
Whakatane District,02/07/2014,Wed,1255,DA,4N1,137A 195A 800 ,FPX,E,W,O ,F , , ,C,100,0,0,1,1929352,5722941
Whakatane District,15/03/2014,Sat,1939,BA,4W1CCV,103A 205A 505A 510A ,IMS,R,D,DO,F , , ,R,50,0,1,1,1951072,5792002
Whakatane District,05/02/2014,Wed,1000,MF,CE14,371B ,,R,D,B ,F , , ,C,50,0,0,0,1950985,5791979
Whakatane District,16/12/2014,Tue,1638,ME,CW1C,371B ,,R,D,B ,F , , ,C,50,0,0,0,1950985,5791979
Whakatane District,13/03/2014,Thu,1005,NA,4E1E,306A 376A ,,R,D,B ,F ,X,G,X,50,0,0,1,1951004,5791985
Whakatane District,07/02/2014,Fri,950,MF,CE1C,371B ,,R,D,B ,F ,T,N,P,50,0,0,0,1950847,5791923
Whakatane District,08/12/2014,Mon,1150,MF,CW1C,371B ,,R,D,B ,F ,R,G,R,50,0,0,0,1950821,5791908
Whakatane District,06/01/2014,Mon,1130,MO,CE1V,371A 445B ,,R,D,B ,F , , ,C,50,0,0,0,1951168,5792035
Whakatane District,09/10/2014,Thu,1230,MF,CW1C,371B ,,R,D,BF,F , ,N,C,50,0,0,0,1951088,5792006
Whakatane District,11/09/2014,Thu,2300,MO,CN1C,330A 386A ,,R,D,DO,F , , ,C,50,0,0,0,1951332,5792149
Whakatane District,23/06/2014,Mon,953,HA,CN2C,302A 386A ,ST,R,D,B ,F ,R,G,R,50,0,0,0,1950689,5791847
Whakatane District,17/05/2014,Sat,115,MO,CW1C,385A ,M,R,D,DO,F , ,N,C,50,0,0,0,1951524,5792129
Whakatane District,01/09/2014,Mon,1323,DA,CE1,129A 131A ,F,E,D,ON,F , ,N,C,100,0,0,1,1935900,5798152
Whakatane District,01/03/2014,Sat,2134,EC,MN1,130A 341A 912 ,W,R,D,DO,F , , ,C,100,0,1,1,1945637,5793013
Whakatane District,15/03/2014,Sat,1315,BF,VE14,111A 135A 901 ,,M,W,ON,H , ,N,C,100,0,0,3,1943827,5794312
Whakatane District,25/04/2014,Fri,1948,LB,CN1C,130A 197A 303B 375B 402B 929 ,CV,R,D,DN,F ,D, ,C,100,0,0,1,1945043,5793620
Whakatane District,05/01/2014,Sun,545,CB,CN1,129A 410A 692A ,FT,R,D,BN,F , ,N,L,100,1,0,0,1939976,5795656
Whakatane District,09/02/2014,Sun,1348,BE,CS1T,130A 412A ,,R,D,OF,F , , ,C,100,1,3,0,1939861,5795826
Whakatane District,31/10/2014,Fri,1716,EC,MS1,112A 914 ,W,R,D,BN,F , ,N,C,100,0,0,1,1931045,5740781
Whakatane District,31/01/2014,Fri,,KA,4W2V,302B 375B ,S,R,D,TO,F ,R,G,R,50,0,0,1,1950699,5790758
Whakatane District,30/08/2014,Sat,702,DB,CN1,103A 111A 131A ,F,E,D,B ,F , , ,C,70,0,0,0,1950706,5790548
Whakatane District,15/09/2014,Mon,804,HA,TN2S,302A 375A ,,E,D,B ,F ,R,G,C,70,0,0,1,1950699,5790758
Whakatane District,14/06/2014,Sat,1250,CB,CE1V,501A ,Q,R,D,B ,F , , ,C,50,0,0,1,1949736,5791173
Whakatane District,13/07/2014,Sun,200,PO,VE1E,105B 722B 801 ,,R,W,DO,L , , ,C,50,0,1,0,1957199,5770456
Whakatane District,10/06/2014,Tue,748,DA,CS1,111A 131A 801 ,C,M,W,O ,L , , ,C,100,0,0,1,1956743,5787122
Whakatane District,09/04/2014,Wed,1720,DB,CS1,135A 801 806 ,,M,W,O ,L , , ,C,100,0,0,0,1956454,5786108
Whakatane District,30/05/2014,Fri,1459,DA,CS1,135A 351A 358A 901 ,C,S,W,OF,H , ,N,C,80,0,0,0,1956653,5786086
Whakatane District,10/01/2014,Fri,1330,DB,CN1,131A 410A ,T,M,D,BN,F , ,N,C,100,0,0,1,1956674,5786066
Whakatane District,04/09/2014,Thu,1740,DA,CN1,135A 801 ,,M,W,DN,L , ,N,C,100,0,0,0,1956701,5785992
Whakatane District,30/05/2014,Fri,630,DA,CS1,111A 131A 801 ,V,M,W,TN,H , , ,C,100,0,0,0,1956701,5785992
Whakatane District,01/01/2014,Wed,1350,FD,CN1CCC,181A 181B 181C ,,R,D,O ,F , , ,C,100,0,0,0,1956980,5788283
Whakatane District,31/07/2014,Thu,1920,DB,CE1,129A 131A 197A ,EV,M,W,DN,F , , ,C,100,0,0,0,1956770,5784561
Whakatane District,08/06/2014,Sun,1129,DA,VW1,111A 131A ,EX,M,W,ON,H , ,N,L,100,0,0,0,1956631,5784613
Whakatane District,22/02/2014,Sat,1030,DA,CW1,111A 402A ,F,M,W,O ,F , ,N,C,100,0,0,0,1956558,5784679
Whakatane District,23/02/2014,Sun,,EC,CS1,821,X,E,D,DN,F , ,N,C,100,0,0,0,1937777,5794318
Whakatane District,08/08/2014,Fri,930,FA,CN1V,181A ,,E,D,B ,F ,R,G,C,50,0,0,0,1954362,5790676
Whakatane District,06/05/2014,Tue,600,AA,TW1V,372A ,,R,D,DO,F , ,N,C,100,0,0,0,1917072,5806320
Whakatane District,14/01/2014,Tue,1305,CB,CE1,136A 668A ,,R,D,BN,F , ,N,C,100,0,0,0,1920125,5804974
Whakatane District,17/04/2014,Thu,1225,QC,CN1,330A 354A 930 ,N,R,D,O ,F ,D,S,C,100,0,0,1,1926246,5801917
Whakatane District,03/03/2014,Mon,1340,BE,CS1T,131A 412A ,,E,W,O ,F , , ,L,60,0,0,2,1929406,5800376
Whakatane District,19/12/2014,Fri,2345,DB,CS1,131A 801 ,FHK,S,W,DO,L , , ,C,100,0,0,0,1929813,5800081
Whakatane District,02/09/2014,Tue,720,BA,CN1TT,125A 410A ,D,R,D,O ,F ,T,N,C,100,0,0,0,1930365,5797112
Whakatane District,16/04/2014,Wed,1830,GD,VW1C,331A ,,R,D,DO,F ,X,S,C,100,0,0,1,1932632,5792619
Whakatane District,29/09/2014,Mon,1340,BB,TE24,124A ,,M,D,B ,F ,T,S,C,100,0,0,0,1932632,5792619
Whakatane District,25/01/2014,Sat,1500,CB,CW1,137A ,V,R,D,BN,F , ,N,C,100,0,0,1,1933038,5792327
Whakatane District,25/10/2014,Sat,2030,EC,VS1,912,W,R,D,DN,F , ,N,C,100,0,0,1,1933955,5791597
Whakatane District,20/08/2014,Wed,1235,CB,VN2C,130A 502A ,T,R,D,B ,F ,T,S,C,50,0,0,2,1936594,5789585
Whakatane District,16/11/2014,Sun,1430,DB,CE2,111A 131A 514A ,V,E,D,O ,F ,T,S,C,100,0,0,0,1936749,5789470
Whakatane District,29/06/2014,Sun,1830,CB,CN1,402A 410A ,P,R,D,DN,F , ,N,C,100,0,0,0,1940187,5787728
Whakatane District,29/10/2014,Wed,1810,BC,ME1C,111A 121A 692A ,,E,D,O ,F , ,N,C,100,1,0,1,1945110,5786483
Whakatane District,20/09/2014,Sat,1930,DA,CS1,133A 371A 402A 410A ,S,E,W,DN,L ,Y,T,C,50,0,0,0,1949666,5781340
Whakatane District,11/06/2014,Wed,1715,GD,CS1C,103A 333A 101B 901 903 929 ,,R,W,DO,HS,D, ,C,50,0,0,0,1951216,5779503
Whakatane District,10/03/2014,Mon,1830,CC,CS1,410A ,FP,R,D,BN,F , ,N,C,100,0,0,0,1952650,5778426
Whakatane District,29/04/2014,Tue,758,CB,CN1,410A ,FJ,R,W,O ,L , , ,C,100,0,0,0,1954913,5774588
Whakatane District,02/07/2014,Wed,630,DA,CN1,195A ,E,E,D,BN,F , ,N,L,100,0,0,0,1956298,5772191
Whakatane District,19/02/2014,Wed,1337,BF,TE1T,358A ,,M,D,B ,F , , ,C,100,0,0,1,1958296,5771435
Whakatane District,15/02/2014,Sat,1530,CA,4W1MM,129A 205A 330A 137B 407B 137C ,G,R,D,B ,F , , ,C,100,0,0,2,1960322,5771318
Whakatane District,23/03/2014,Sun,1430,DB,CW1,111A 131A 402A ,,S,W,ON,L , ,N,C,100,0,0,0,1917467,5780170
Whakatane District,26/10/2014,Sun,1950,NA,MW1E,713B 726B ,,E,D,TF,F , ,N,C,100,1,0,0,1917668,5780199
Whakatane District,12/10/2014,Sun,2328,DA,4W1,131A 412A ,C,E,D,DN,F , , ,C,100,0,0,0,1917796,5780032
Whakatane District,17/03/2014,Mon,915,DB,CE1,111A 134A ,C,E,D,B ,F , ,N,C,100,0,0,1,1918172,5780245
Whakatane District,07/03/2014,Fri,1800,FA,VW1M,331A 350A ,,R,D,BN,F , ,N,C,100,0,0,0,1919705,5781584
Whakatane District,25/12/2014,Thu,515,CC,CW1,410A ,C,R,D,DF,F , , ,C,100,0,1,0,1919902,5781618
Whakatane District,21/01/2014,Tue,1345,DB,CW1,131A ,,M,W,ON,F , ,N,C,100,0,0,2,1920111,5781723
Whakatane District,04/08/2014,Mon,211,MO,CE1,103A 372A 386A ,ET,R,D,DN,F , , ,C,100,0,0,0,1921881,5782136
Whakatane District,26/10/2014,Sun,2014,BF,CW14C,104A 111A 131A ,,M,D,DN,F , ,N,C,100,0,0,1,1922526,5782586
Whakatane District,10/04/2014,Thu,830,BF,CE1T,109A 111A 131A 801 ,,E,W,O ,L , , ,C,100,1,0,0,1924150,5783572
Whakatane District,10/09/2014,Wed,1410,DA,CE1,110A 402A 410A ,C,E,W,O ,H , ,N,C,100,0,0,0,1926383,5784955
Whakatane District,23/04/2014,Wed,2328,DA,CW1,131A ,FT,R,D,DO,M ,T,S,C,100,0,0,0,1931185,5783737
Whakatane District,20/10/2014,Mon,1403,FB,4N1C,181A 387A ,,S,D,B ,F ,T,S,R,100,0,0,0,1931299,5783708
Whakatane District,07/02/2014,Fri,1723,DB,4W2,111A 131A 402A 801 ,F,M,W,O ,L ,T,G,R,100,0,0,0,1931299,5783708
Whakatane District,09/01/2014,Thu,1640,EC,CW1,911,W,R,D,O ,F , , ,C,70,0,0,0,1931975,5783359
Whakatane District,06/06/2014,Fri,1755,CA,ME1C,130A 402A 602A ,X,R,D,DN,F , , ,C,100,0,0,1,1932191,5783282
Whakatane District,07/11/2014,Fri,1610,MB,ME1C,370B ,,R,D,B ,F , , ,C,100,0,0,1,1932459,5783286
Whakatane District,07/12/2014,Sun,1545,BE,CE14,504A ,,R,D,BF,F , ,N,P,50,0,2,0,1932559,5783298
Whakatane District,04/11/2014,Tue,1635,NA,4E1E,727B 930 ,,E,D,B ,F ,D,N,P,70,0,0,1,1934175,5783158
Whakatane District,01/05/2014,Thu,720,BF,CE14,131A ,,M,D,BF,F , ,N,C,100,0,0,0,1936132,5784616
Whakatane District,14/12/2014,Sun,1755,CB,4W1,411A ,P,R,D,ON,F , ,N,C,100,0,1,3,1936317,5784648
Whakatane District,27/12/2014,Sat,1426,CB,4N1,129A ,F,R,D,BN,F , ,N,C,100,0,1,0,1938473,5785606
Whakatane District,30/07/2014,Wed,1945,EC,CW1,912,W,R,D,DN,M , , ,C,100,0,0,0,1940394,5787344
Whakatane District,28/07/2014,Mon,1700,GB,CE1T,158A 929 ,,E,D,B ,F ,D,N,C,70,0,0,0,1941165,5787303
Whakatane District,25/02/2014,Tue,1800,QG,4S1,429A 682A ,F,R,D,B ,F , ,N,C,70,0,0,0,1942443,5787738
Whakatane District,26/05/2014,Mon,2040,DB,VS1,129A 350A ,,E,D,DO,F , ,N,C,100,0,1,0,1944513,5790042
Whakatane District,22/09/2014,Mon,1210,BE,CS1V,130A 622A 197B 903 ,,R,D,B ,FS, , ,C,100,0,0,0,1944912,5790833
Whakatane District,20/09/2014,Sat,1421,MC,4S1C,330B 372B ,,R,D,B ,FS, , ,C,100,0,0,0,1945299,5791782
Whakatane District,01/11/2014,Sat,2138,EC,4N1,912,W,R,D,DN,F , , ,C,100,0,0,0,1945413,5792059
Whakatane District,16/01/2014,Thu,1900,CC,CE1,112A 129A ,T,R,D,B ,F , ,N,C,100,0,0,1,1947000,5792265
Whakatane District,11/06/2014,Wed,1730,FB,4E1C,110A 181A 331A 387A 633A 901 ,,M,W,DO,H ,R,G,C,80,0,0,1,1948428,5792022
Whakatane District,30/07/2014,Wed,820,HA,CN2C,302A ,,R,W,O ,L ,R,G,R,50,0,0,0,1948891,5791831
Whakatane District,13/05/2014,Tue,129,EC,CN1,912,W,R,D,DN,F , ,N,C,100,0,1,0,1930598,5788190
Whakatane District,19/02/2014,Wed,1640,FB,CS1C,331A 353A ,,R,D,BF,F ,T,G,C,100,0,0,0,1931098,5783764
Whakatane District,24/04/2014,Thu,708,AD,CW1,130A ,V,R,D,B ,F , , ,C,100,0,0,0,1929477,5782477
Whakatane District,08/04/2014,Tue,1135,DA,CN1,501A ,C,M,D,BN,F , ,N,C,100,0,0,0,1928100,5781646
Whakatane District,23/03/2014,Sun,2110,BF,CN14,101A 111A 131A 514A ,,S,D,DN,F , ,N,L,100,0,0,0,1928043,5781495
Whakatane District,10/02/2014,Mon,1800,DB,VE1,131A 350A ,C,E,D,TN,F , ,N,C,100,0,0,1,1920299,5737724
Whangarei District,04/10/2014,Sat,1645,MO,CS1T,103A 371A 929 ,M,R,D,O ,F ,D,N,C,50,0,0,0,1716552,6059564
Whangarei District,06/09/2014,Sat,2326,DA,CS1,103A 131A ,JK,M,D,DO,F , ,N,C,50,0,0,0,1719108,6044495
Whangarei District,01/02/2014,Sat,2150,NB,VS1E,722B 732B ,,R,D,DO,F , , ,N,50,0,1,0,1719472,6046462
Whangarei District,31/08/2014,Sun,345,DB,VE1,129A 402A ,PV,E,W,DN,H , ,N,C,100,0,0,0,1716157,6055257
Whangarei District,05/02/2014,Wed,1935,DA,MS1,103A ,F,E,D,BF,F , ,N,N,50,0,0,0,1718379,6043729
Whangarei District,09/02/2014,Sun,10,DA,CN1,103A 105A 131A 357A 692A 801 ,C,M,W,DN,L , , ,C,50,0,0,2,1714727,6042639
Whangarei District,06/08/2014,Wed,1136,MA,CS1C,373B ,,R,D,O ,F ,T,N,C,50,0,0,0,1719516,6046379
Whangarei District,17/07/2014,Thu,1720,FE,CN1CC,103A 331A ,,R,D,B ,F , ,T,X,50,0,0,1,1719574,6046550
Whangarei District,25/02/2014,Tue,945,AA,CN1C,372A ,,R,D,ON,F ,X,T,C,50,0,0,0,1719349,6045804
Whangarei District,08/08/2014,Fri,1530,EA,BS1C,129A ,M,R,D,BF,F , ,N,C,50,0,0,0,1719351,6045814
Whangarei District,07/01/2014,Tue,1344,DB,TW2,131A ,,R,D,BF,F ,X,T,C,50,0,0,0,1719344,6045784
Whangarei District,15/10/2014,Wed,1503,HA,CN1C,322B 334B ,,R,D,B ,F ,X,T,C,50,0,0,0,1719344,6045784
Whangarei District,06/04/2014,Sun,1240,FD,CS1C,427A ,,R,D,B ,F ,T, ,P,50,0,0,0,1719607,6046652
Whangarei District,07/05/2014,Wed,1026,FD,CS1C,181A 331A 402A ,,R,D,B ,F ,T,N,C,50,0,0,1,1719607,6046652
Whangarei District,24/09/2014,Wed,810,PC,CN1E,371A 730B 927 ,,R,D,O ,F ,D,N,C,50,0,0,2,1719602,6046638
Whangarei District,11/06/2014,Wed,1750,FD,VS1C,181A ,,R,W,O ,F ,R,T,C,50,0,0,0,1719425,6046104
Whangarei District,25/06/2014,Wed,1700,FB,CN1C,331A 386A 420B ,,R,W,DO,L ,R,G,R,50,0,0,0,1719417,6046072
Whangarei District,19/08/2014,Tue,1710,NB,CS1E,711B ,,R,W,TF,H , ,N,C,50,0,1,0,1719480,6046270
Whangarei District,16/12/2014,Tue,1800,JA,VN1O,308B 375B 926 ,,R,W,TF,L ,D,N,C,50,0,0,0,1719483,6046280
Whangarei District,16/10/2014,Thu,1240,FE,CN1C,322A ,P,E,D,O ,F ,M,T,C,50,0,0,0,1719661,6046824
Whangarei District,27/07/2014,Sun,1610,FE,VN1C,181A 387A ,,R,D,B ,F ,M,T,C,50,0,0,0,1719661,6046824
Whangarei District,04/12/2014,Thu,1725,FD,CN1C,331A ,,R,D,BF,F , ,N,C,50,0,0,0,1719483,6046280
Whangarei District,15/06/2014,Sun,2,NA,CN1E,105B 711B ,,R,D,DO,F , ,N,P,50,0,0,1,1719486,6046289
Whangarei District,31/07/2014,Thu,1400,FD,CS1C,181A ,,R,D,BF,F ,T,S,C,50,0,0,0,1719467,6046232
Whangarei District,14/01/2014,Tue,1329,BB,CS1C,129A ,,R,D,BF,F ,X,T,C,50,0,0,2,1719342,6045775
Whangarei District,30/01/2014,Thu,1140,FE,VN1C,181A ,,R,D,BF,F ,X,T,C,50,0,0,0,1719342,6045775