TLANAME,CRASHDATE,CRASHDOW,CRASHTIME,MVMT,VEHICLES,CAUSES,OBJECTSSTRUCK,ROADCURVE,ROADWET,LIGHT,WTHRa,JUNCTYPE,TRAFCTRL,ROADMARK,SPDLIM,CRASHFATALCNT,CRASHSEVCNT,CRASHMINCNT,EASTING,NORTHING
Whangarei District,24/09/2014,Wed,1652,AO,CN14,184A 184B ,,R,D,B ,F ,X,T,C,50,0,0,0,1719342,6045775
Whangarei District,01/08/2014,Fri,2230,FE,CS1C,181A ,,R,D,DO,F ,X,T,C,50,0,0,0,1719322,6045674
Whangarei District,18/01/2014,Sat,945,KB,CW1C,110B 308B 929 ,,R,D,B ,F ,D,N,N,50,0,0,0,1717758,6049967
Whangarei District,20/03/2014,Thu,2330,DB,CE1,131A 402A 813 ,F,S,D,DN,F , , ,N,100,0,0,0,1726340,6012654
Whangarei District,20/05/2014,Tue,2145,CA,MN1,103A 517A ,,R,D,DO,F , ,N,C,50,0,2,0,1719544,6048814
Whangarei District,21/01/2014,Tue,1350,MO,4N1C,371A ,M,R,D,OF,F , ,N,C,50,0,0,0,1719774,6045384
Whangarei District,22/12/2014,Mon,1430,FD,4E1C,331A 350A ,,R,D,OF,F ,X,T,C,50,0,0,0,1719557,6045586
Whangarei District,16/07/2014,Wed,1430,AA,CS1C,372A ,,R,D,OF,F ,X,T,C,50,0,0,0,1719572,6045573
Whangarei District,16/10/2014,Thu,1320,LB,VE1C,303B 375B ,,R,D,O ,F ,X,T,C,50,0,0,0,1719572,6045573
Whangarei District,04/11/2014,Tue,1100,HA,CS2V,301A 375A ,,R,D,OF,F ,X,S,C,50,0,0,1,1718877,6045625
Whangarei District,06/11/2014,Thu,930,KA,VN1VVC,129B 402B ,M,R,D,B ,F ,T,S,C,50,0,0,0,1718877,6045625
Whangarei District,23/10/2014,Thu,1700,AC,TN1C,385A 671A ,M,R,W,OF,H , ,N,C,50,0,0,0,1718797,6045687
Whangarei District,07/06/2014,Sat,1230,LB,CS1C,303B 377B 927 ,,R,D,B ,F ,D, ,C,50,0,0,0,1719052,6045491
Whangarei District,10/04/2014,Thu,2110,BC,CS2C,124A ,,R,D,DO,F ,X,T,C,50,0,0,0,1719068,6045479
Whangarei District,05/07/2014,Sat,2300,DA,VN1,111A 402A ,F,E,D,DO,F , ,N,C,50,0,0,1,1723707,6040793
Whangarei District,06/05/2014,Tue,1350,CB,CS1,130A 358A ,F,R,D,B ,F , , ,R,50,0,0,0,1723587,6041583
Whangarei District,06/04/2014,Sun,1130,MA,CN1C,373B ,,R,D,B ,F , , ,N,50,0,0,0,1719664,6048154
Whangarei District,28/10/2014,Tue,1345,JA,CE1C,308B 387B 929 ,,R,D,BN,F ,D,N,C,50,0,0,0,1719757,6045158
Whangarei District,28/11/2014,Fri,830,FB,4E1C,181A ,,R,W,O ,L ,R,G,R,50,0,0,0,1719207,6050756
Whangarei District,13/12/2014,Sat,2030,DA,PE1,103A 129A 385A 901 ,I,E,W,DO,H ,R,G,R,50,0,1,0,1719207,6050756
Whangarei District,30/05/2014,Fri,1515,GD,CN1C,331A 351A 904 ,,R,W,B ,M ,T,S,C,50,0,0,0,1720053,6050412
Whangarei District,19/05/2014,Mon,937,GB,CN1C,158A 333A 929 ,,R,D,B ,F ,D, ,C,50,0,0,0,1720079,6050376
Whangarei District,25/12/2014,Thu,1246,BF,CE14,111B 131B ,,S,D,O ,F , , ,C,100,0,0,0,1731293,6016282
Whangarei District,07/01/2014,Tue,1710,CB,4N2,130A ,P,R,D,BF,F ,T,N,C,50,0,0,0,1730714,6016700
Whangarei District,07/01/2014,Tue,1845,GE,4N1C4,101A 157A 160A ,,R,D,B ,F ,T,N,C,100,0,0,1,1734615,6012706
Whangarei District,28/12/2014,Sun,1055,DA,CE1,129A 350A ,FV,M,D,BN,F , ,N,C,100,0,0,1,1731927,6015766
Whangarei District,09/06/2014,Mon,2353,DB,CN1,101A 111A ,,E,W,DN,L , ,N,C,100,0,0,0,1731589,6016079
Whangarei District,20/06/2014,Fri,2200,CB,CN1,103A 385A ,BV,E,D,DN,F , , ,L,100,0,0,0,1738656,6009192
Whangarei District,05/05/2014,Mon,1800,EA,4N1O,370A 386A ,M,R,W,DN,M , ,N,C,100,0,0,0,1733262,6014388
Whangarei District,25/06/2014,Wed,1530,DB,CW1,110A 131A 402A 901 ,F,E,W,O ,H , , ,C,100,0,0,1,1715906,6054389
Whangarei District,27/09/2014,Sat,1045,CC,CW1,195A 330A ,IPS,R,D,B ,F , ,N,R,50,0,0,0,1719485,6046698
Whangarei District,06/12/2014,Sat,905,MO,VE1C,371A 929 ,M,R,D,ON,F ,D,N,C,50,0,0,0,1719997,6049578
Whangarei District,14/10/2014,Tue,1330,EA,CN1M,386A 926 ,M,R,D,B ,F ,D,N,N,20,0,0,0,1719908,6045691
Whangarei District,26/11/2014,Wed,1720,FD,CW1C,331A 359A ,,R,D,B ,F ,T,G,C,50,0,0,0,1719507,6046054
Whangarei District,18/09/2014,Thu,1215,AA,CS14C,330A 372A 191B 181C 330C ,,S,D,B ,F ,R,G,R,50,0,0,0,1719941,6045655
Whangarei District,09/11/2014,Sun,1840,AA,CE1C,103A 143A 372A ,,R,D,BF,F ,X,T,C,50,0,0,0,1719807,6045807
Whangarei District,04/01/2014,Sat,1800,AA,CE1C,372A ,,R,D,BF,F , ,N,P,50,0,0,0,1719860,6045737
Whangarei District,20/08/2014,Wed,1545,CC,CN1,131A 354A ,P,R,D,OF,F ,X,T,R,50,0,0,0,1719805,6045816
Whangarei District,05/05/2014,Mon,1030,EA,CE1C,386A ,M,R,D,B ,F , ,N,C,50,0,0,0,1719899,6046965
Whangarei District,19/06/2014,Thu,1540,BC,CS1C,121A ,,M,W,O ,F , , ,C,50,0,0,0,1716593,6050227
Whangarei District,23/11/2014,Sun,1330,EE,CN1C,374B ,M,R,D,B ,F , , ,C,50,0,0,0,1718376,6051114
Whangarei District,03/06/2014,Tue,1530,DA,CS1,111A 131A 801 ,K,E,W,O ,L , , ,C,50,0,0,0,1717949,6043002
Whangarei District,06/07/2014,Sun,228,DA,VS1,103A ,F,R,W,DO,L ,D,N,C,50,0,0,0,1717677,6049762
Whangarei District,29/03/2014,Sat,2330,CB,CN1,112A 129A 130A 517A ,IT,R,D,DO,F , , ,R,50,0,0,1,1717997,6049146
Whangarei District,09/01/2014,Thu,2059,CC,VW1C,129A 500A ,M,R,D,TO,F , ,N,C,50,0,0,0,1717158,6049579
Whangarei District,12/03/2014,Wed,1450,LB,SE2C,204A ,,R,D,B ,F ,T,G,C,50,0,0,1,1717323,6050345
Whangarei District,20/02/2014,Thu,1845,DA,CS2C,111A 131A 801 ,M,S,W,O ,L ,T,G,R,50,0,0,0,1716659,6059606
Whangarei District,15/02/2014,Sat,1130,DA,MS2,101A 111A 131A 517A ,,M,D,B ,F ,T,G,C,50,0,1,0,1716659,6059606
Whangarei District,17/02/2014,Mon,1730,BF,CW1V,111A 131A 402A ,,S,D,B ,F , , ,N,100,0,0,1,1730264,6010818
Whangarei District,19/02/2014,Wed,1200,QD,TE1C,428A 801 927 ,X,R,W,O ,L ,D, ,N,50,0,0,0,1718563,6042785
Whangarei District,16/05/2014,Fri,2020,JA,MW1C,302B 375B 927 ,,R,D,DO,F ,D,G,C,50,0,0,1,1723275,6041065
Whangarei District,30/12/2014,Tue,1730,MA,CW1B,373B ,,R,D,O ,F , , ,N,50,0,0,0,1723321,6041086
Whangarei District,13/07/2014,Sun,1930,EC,CE1,912,W,M,D,DN,F , ,N,C,100,0,0,0,1722356,6051153
Whangarei District,26/01/2014,Sun,1130,AC,CN1V,159A ,,E,D,O ,F , , ,N,50,0,0,0,1719678,6046054
Whangarei District,07/10/2014,Tue,1954,AO,CN1C,129A 691A 129B ,,R,D,O ,F , , ,C,50,0,0,0,1719986,6046589
Whangarei District,19/09/2014,Fri,1530,EA,CS1C,331A 350A ,M,R,D,OF,F , ,N,C,50,0,0,0,1719801,6046267
Whangarei District,10/10/2014,Fri,1415,AA,VN1C,372A ,,R,D,O ,F , ,N,C,50,0,0,0,1719730,6046158
Whangarei District,10/12/2014,Wed,1830,FB,CS1C,181A 387A ,,R,D,BF,F ,T,G,C,50,0,0,0,1719675,6045975
Whangarei District,29/12/2014,Mon,1600,HA,VS1C,302A ,,R,D,BN,F ,R,G,C,50,0,0,0,1720378,6045353
Whangarei District,01/02/2014,Sat,1100,GB,CN1V,387A 140B 929 ,,R,D,OF,F ,D,N,N,50,0,0,0,1721198,6043886
Whangarei District,17/07/2014,Thu,1338,MO,CE1C,330A ,M,R,D,B ,F , , ,L,50,0,0,0,1719366,6045961
Whangarei District,04/07/2014,Fri,450,DB,CS2,101A 131A 517A ,P,R,W,DO,F ,T,G,C,50,0,0,0,1719378,6048836
Whangarei District,30/05/2014,Fri,1330,MA,CE1C,371B ,,R,D,O ,F ,R,G,R,50,0,0,0,1719568,6045795
Whangarei District,25/07/2014,Fri,1100,FB,VN1C,387A 801 ,,R,W,O ,L ,T,S,N,50,0,0,0,1719749,6045869
Whangarei District,12/12/2014,Fri,1730,KA,CN1C,302B 375B ,,S,D,B ,F ,R,G,N,50,0,0,0,1719631,6045737
Whangarei District,21/11/2014,Fri,1026,DA,MN1,130A ,F,M,D,B ,F , , ,N,100,0,1,0,1711020,6071087
Whangarei District,14/04/2014,Mon,915,DB,VS1,111A 131A 402A 801 ,V,M,W,O ,L ,R,G,R,100,0,1,0,1711514,6060141
Whangarei District,21/08/2014,Thu,1655,FB,4N1C,331A ,,R,D,BN,F , ,G,C,100,0,0,0,1712261,6059276
Whangarei District,14/08/2014,Thu,1440,CB,CW1,130A 402A 501A 903 ,P,R,D,O ,FS, , ,C,50,0,0,0,1717722,6043525
Whangarei District,15/12/2014,Mon,1615,DA,PW2,135A 903 ,,M,W,ON,HS,T,S,C,100,0,0,1,1731247,6055785
Whangarei District,02/12/2014,Tue,810,CB,VN1CC,359A ,M,R,D,BN,F , ,N,C,50,0,0,0,1719450,6044718
Whangarei District,22/05/2014,Thu,910,FD,4S1CV4,181A 331A 181B 181C ,,R,D,O ,F , , ,C,50,0,0,0,1719653,6046883
Whangarei District,19/02/2014,Wed,1138,JA,CS1T,301B 353B ,,R,W,O ,F ,M,S,C,50,0,0,0,1718756,6048744
Whangarei District,12/03/2014,Wed,1556,FD,CN1VC,181A 330A ,,R,D,B ,F ,T,N,C,50,0,0,1,1717928,6049914
Whangarei District,24/09/2014,Wed,2240,GA,VS1C,181A 929 ,,R,D,DO,F ,D,N,C,50,0,0,0,1719622,6047099
Whangarei District,18/12/2014,Thu,1434,FA,CN1C,181A ,,R,D,B ,F , , ,C,50,0,0,0,1719609,6047199
Whangarei District,01/10/2014,Wed,1214,EA,CS1CM,152A 330A 181C 197C ,M,R,D,B ,F , , ,C,50,0,1,0,1719611,6047184
Whangarei District,20/12/2014,Sat,1930,MO,CS1C,371A ,M,R,D,O ,F , , ,C,50,0,0,0,1717716,6050404
Whangarei District,12/03/2014,Wed,1625,BA,VN1C,112A 129A ,Q,R,D,DO,F , ,N,R,50,0,0,1,1717729,6050372
Whangarei District,22/04/2014,Tue,2148,LB,CS1C,303B ,,R,D,DO,F ,X,T,C,50,0,0,0,1719557,6047580
Whangarei District,11/12/2014,Thu,910,AO,CS1C,381A ,,M,D,OF,L ,X,T,C,50,0,0,0,1719557,6047580
Whangarei District,05/12/2014,Fri,1030,NA,4E1E,713B ,,R,D,B ,F , , ,C,50,0,0,1,1719255,6048016
Whangarei District,07/02/2014,Fri,1030,EA,CE1C,129A ,M,R,W,OF,F , ,N,C,50,0,0,0,1719251,6048020
Whangarei District,16/06/2014,Mon,855,MB,CN1C,370B ,,R,D,O ,F , , ,C,50,0,0,0,1719376,6047871
Whangarei District,01/06/2014,Sun,1000,GB,CN1C,158A 930 ,,R,D,B ,F ,D,N,R,50,0,0,0,1719346,6047912
Whangarei District,11/11/2014,Tue,1549,MO,CS1C,330A 371A 371B 925 ,,R,D,B ,F , ,N,N,50,0,0,0,1719659,6046865
Whangarei District,10/11/2014,Mon,1500,FD,VN1CC,181A 427A ,,E,D,B ,F , ,N,C,50,0,0,0,1718943,6048407
Whangarei District,12/12/2014,Fri,1500,FC,4S1C,331A ,,R,D,B ,F , ,P,X,50,0,0,0,1719006,6048252
Whangarei District,20/01/2014,Mon,1620,KB,4N1V,302B 375B 801 ,,E,W,OF,L ,T,G,C,50,0,0,0,1719074,6048181
Whangarei District,16/05/2014,Fri,1745,NG,4S1E,371A 730B ,,R,D,DO,F , , ,C,50,0,1,0,1719559,6047562
Whangarei District,28/06/2014,Sat,900,LB,CS1C,303B 402B ,,R,W,B ,F ,T,T,R,50,0,0,1,1719552,6047611
Whangarei District,01/05/2014,Thu,1345,LB,4S1CC,181A 331A 443C ,,E,D,B ,F ,T,T,C,50,0,0,0,1719552,6047611
Whangarei District,04/03/2014,Tue,1145,LB,VS1C,303B 402B ,,R,D,B ,F ,T,T,P,50,0,0,0,1719552,6047611
Whangarei District,10/04/2014,Thu,1250,LB,CS1C,303B 334B ,,R,D,B ,F ,T,T,L,50,0,0,0,1719552,6047611
Whangarei District,04/04/2014,Fri,1730,QG,TS1C,682A ,,E,D,B ,F ,M,N,P,50,0,0,0,1719552,6047611
Whangarei District,02/07/2014,Wed,1130,MC,CN1C,372B ,,R,W,OF,L ,T,N,R,50,0,0,0,1719012,6048236
Whangarei District,06/06/2014,Fri,130,DC,CW1,103A 112A 402A 801 ,F,R,W,DO,L ,T,S,C,50,0,0,0,1717572,6050821
Whangarei District,04/08/2014,Mon,830,FD,CS1CC,181A 331A ,,E,D,B ,F , , ,C,50,0,0,0,1718039,6049697
Whangarei District,30/06/2014,Mon,805,MC,CS1C,372B 801 ,,R,W,O ,L , , ,P,50,0,0,0,1718027,6049713
Whangarei District,27/05/2014,Tue,920,AO,CS1C,386A ,,R,D,B ,F ,X,T,C,50,0,0,0,1717664,6050527
Whangarei District,20/06/2014,Fri,1013,EA,TN1V,129A 330A ,M,R,D,O ,F , , ,R,50,0,0,0,1717699,6050444
Whangarei District,27/09/2014,Sat,2028,LB,VS1C,303B 375B 402B 801 ,,R,W,DO,L ,X,T,C,50,0,0,2,1717667,6050517
Whangarei District,20/01/2014,Mon,935,JA,4N1C,323A 334A 350A 801 ,,R,W,O ,L ,T,T,C,50,0,0,2,1718768,6048699
Whangarei District,22/01/2014,Wed,1909,DB,CE2,103A 111A 131A ,C,M,D,BF,F ,T,G,R,50,0,0,1,1718768,6048699
Whangarei District,21/01/2014,Tue,805,KA,CS1C,301B 375B ,,R,D,O ,F ,T,S,C,50,0,0,0,1717782,6050249
Whangarei District,29/07/2014,Tue,1610,EA,VN1C,386A ,M,R,D,B ,F , ,N,C,50,0,0,0,1719585,6047370
Whangarei District,14/04/2014,Mon,1240,DA,CN1,111A 131A ,V,M,W,ON,L , ,N,C,100,0,0,0,1709436,6045721
Whangarei District,12/11/2014,Wed,1715,CB,CW1,112A 130A ,HK,R,D,OF,F , ,N,R,50,0,0,0,1719507,6047569
Whangarei District,12/02/2014,Wed,1545,MA,CW1C,373B ,,R,D,B ,F , ,N,P,50,0,0,0,1719391,6047540
Whangarei District,16/09/2014,Tue,1525,MA,CE1C,330B 373B ,,R,D,B ,F ,X,G,P,50,0,0,1,1719367,6047534
Whangarei District,04/03/2014,Tue,1804,DA,CS2C,122A 131A 363A ,M,R,D,B ,F ,T,G,C,50,0,0,1,1719357,6047532
Whangarei District,17/04/2014,Thu,1535,HA,CW1C,302B 377B ,,R,D,O ,F ,X,G,P,50,0,0,0,1719357,6047532
Whangarei District,31/10/2014,Fri,845,MB,CW1C,371B ,,R,D,BF,F ,T,S,R,50,0,0,0,1718808,6047398
Whangarei District,01/01/2014,Wed,230,CB,CN1,130A ,B,R,D,DN,F , ,N,N,100,0,0,0,1736725,6039878
Whangarei District,24/09/2014,Wed,1525,BA,CN1C,129A 350A 839 ,,R,D,B ,F , , ,C,50,0,0,0,1719301,6048121
Whangarei District,19/07/2014,Sat,139,CC,4N1,103A 130A ,F,R,W,DO,F , , ,C,50,0,0,0,1716238,6060633
Whangarei District,23/05/2014,Fri,1640,EA,CN1C,103A 410A ,M,R,D,B ,F , , ,C,50,0,0,1,1716449,6060230
Whangarei District,19/11/2014,Wed,1805,GA,CE1C,181A 333A 927 ,,R,D,O ,F ,D, ,P,60,0,0,0,1720239,6043698
Whangarei District,21/09/2014,Sun,250,DA,CN1,103A 111A 131A ,T,E,W,DO,F , , ,C,60,0,0,1,1719608,6043439
Whangarei District,17/03/2014,Mon,1625,EA,CN1C,386A ,M,R,D,B ,F , ,N,C,60,0,0,0,1719952,6043604
Whangarei District,05/08/2014,Tue,1730,FD,CN1CC,181A 181B 350C 402C 423C ,,E,D,O ,F , , ,P,50,0,0,0,1719944,6048989
Whangarei District,27/03/2014,Thu,830,NB,CW1E,712B 713B ,,R,D,OF,F , ,N,C,50,0,0,1,1720232,6050191
Whangarei District,28/07/2014,Mon,840,FC,CW14,331A 363A 191B 902 ,,R,D,B ,F , , ,X,50,0,0,1,1720124,6050103
Whangarei District,04/03/2014,Tue,1020,EA,CN1C,353A ,M,E,D,BF,F , ,N,C,50,0,0,0,1719990,6048761
Whangarei District,12/09/2014,Fri,2300,CB,CN1,132A 801 ,KT,R,W,DO,L , , ,C,50,0,0,1,1719982,6048839
Whangarei District,14/04/2014,Mon,1938,CB,CS1,195A 801 ,P,R,W,O ,L , , ,C,50,0,0,0,1720063,6049986
Whangarei District,13/05/2014,Tue,1737,FA,CN1C,331A 402A ,,R,D,TF,F , ,N,C,50,0,0,1,1720063,6049976
Whangarei District,11/05/2014,Sun,1730,CB,CE1,138A 402A 433A 632A ,ES,R,D,TN,F ,T,G,N,100,0,0,0,1734635,6039879
Whangarei District,06/06/2014,Fri,653,DA,CS1,111A 131A 191A 904 ,P,M,W,DN,M , , ,C,100,0,0,1,1707188,6049080
Whangarei District,05/05/2014,Mon,815,CB,CE1,191A ,F,R,D,B ,F , , ,C,100,0,0,0,1703934,6048033
Whangarei District,20/02/2014,Thu,1830,DB,CN1,111A 131A 402A 904 ,,M,W,O ,M ,T,N,C,100,0,0,1,1707052,6047653
Whangarei District,02/02/2014,Sun,1030,BA,CN1C,137A 310A 330A 402A ,BG,R,D,B ,F , ,N,C,100,0,0,0,1717649,6038754
Whangarei District,21/11/2014,Fri,1530,MO,BN1C,371A ,,R,D,O ,F ,T,G,C,50,0,0,0,1719475,6047734
Whangarei District,27/09/2014,Sat,430,EA,CS1V,129A ,M,R,D,DO,F , ,N,N,50,0,0,0,1720238,6049455
Whangarei District,17/05/2014,Sat,130,DB,CS1,101A 131A 357A ,FST,R,D,DN,F ,T,N,C,100,0,1,0,1690147,6047641
Whangarei District,17/01/2014,Fri,500,EC,CS1,912,W,M,D,DN,F , ,N,C,100,0,0,0,1701830,6044774
Whangarei District,26/10/2014,Sun,615,DB,CE1,103A 410A ,T,E,D,BN,F , ,N,C,100,0,0,0,1692326,6048106
Whangarei District,24/02/2014,Mon,1132,DA,ME1,129A 135A 804 818 ,V,M,D,B ,F ,T,G,C,100,0,0,1,1690442,6047823
Whangarei District,10/04/2014,Thu,100,EC,CW1,912,W,E,D,DN,F , ,N,C,100,0,0,0,1685708,6047304
Whangarei District,14/11/2014,Fri,1220,CB,CE1,129A 130A ,V,R,D,O ,F , , ,C,100,0,0,0,1699640,6045373
Whangarei District,27/11/2014,Thu,1210,GA,TW1C,181A 333A 929 ,,R,D,B ,F ,D,N,C,80,0,1,1,1699788,6045396
Whangarei District,13/03/2014,Thu,1300,CB,CE1,129A ,C,R,D,B ,F , ,N,C,80,0,0,0,1704352,6043752
Whangarei District,27/03/2014,Thu,1255,DA,CE1,111A 404A ,,E,D,O ,F , ,N,C,100,0,0,0,1697055,6045202
Whangarei District,07/11/2014,Fri,1350,DA,CS1,414A ,T,E,D,BF,F , ,N,C,100,0,0,1,1682327,6049291
Whangarei District,13/09/2014,Sat,430,CC,CN1,130A 901 ,CV,R,W,DN,H , , ,L,100,0,0,0,1705759,6042925
Whangarei District,05/03/2014,Wed,822,BE,CE1C,130A 412A 197B ,,R,D,O ,F , , ,C,100,0,0,1,1695947,6045168
Whangarei District,01/12/2014,Mon,1418,CB,4N1,197A 614A ,ET,R,D,O ,F , ,G,C,100,0,1,0,1680065,6052752
Whangarei District,15/04/2014,Tue,1200,BF,CS1C,131A 801 ,,M,W,O ,L , , ,C,100,0,0,0,1713090,6031148
Whangarei District,09/12/2014,Tue,1715,DA,CE1,111A 131A ,EF,E,W,ON,L , ,N,C,100,0,0,1,1717542,6033148
Whangarei District,29/10/2014,Wed,1240,DA,CE1,111A 134A ,,E,W,O ,H , ,N,C,100,0,0,0,1717537,6033140
Whangarei District,11/03/2014,Tue,900,GD,VW1V,191A 333A 632A 929 ,,E,D,O ,F ,D, ,L,100,0,0,1,1716784,6032560
Whangarei District,01/01/2014,Wed,733,DA,CE1,103A 131A ,F,E,D,BN,F , ,N,C,100,0,0,0,1717414,6032952
Whangarei District,04/06/2014,Wed,1850,DB,CE1,131A 402A ,,M,W,DN,F , ,N,C,100,0,0,1,1717961,6033361
Whangarei District,21/09/2014,Sun,1950,DB,CW1,129A 134A ,F,S,W,DN,F , ,N,C,100,0,0,0,1717960,6033351
Whangarei District,20/02/2014,Thu,1415,DB,TW1,131A ,V,M,W,O ,L , , ,C,100,0,0,0,1714154,6031923
Whangarei District,25/05/2014,Sun,1155,GE,4N1V,160A 333A 929 ,,R,D,O ,F ,D,N,C,50,0,0,0,1732973,6033213
Whangarei District,12/09/2014,Fri,1030,DA,CS1,131A 901 ,C,E,W,O ,H , , ,C,100,0,0,0,1733358,6032268
Whangarei District,23/09/2014,Tue,634,FA,CN1V,112A 181A 330A ,,R,D,B ,F ,T,N,C,100,0,0,2,1732375,6030882
Whangarei District,30/12/2014,Tue,1410,CA,MW1,191A 804 ,,R,D,BN,F , ,N,C,100,0,1,0,1729349,6061237
Whangarei District,28/11/2014,Fri,1305,CB,CW1,504A ,H,R,D,B ,F ,T,N,C,50,0,0,0,1736141,6063191
Whangarei District,18/06/2014,Wed,1205,DB,MS1,131A 330A 810 ,,M,D,BN,F ,T,N,C,100,0,0,1,1710407,6054258
Whangarei District,28/12/2014,Sun,1500,CB,CN1,112A ,C,R,D,BF,F , ,N,C,80,0,0,0,1711344,6052431
Whangarei District,07/04/2014,Mon,1530,CC,CS1,130A ,K,R,D,B ,F , , ,C,100,0,0,0,1713702,6036627
Whangarei District,18/05/2014,Sun,1320,DA,VS1,129A 139A ,F,E,D,O ,F ,T,N,C,100,0,0,0,1713571,6036553
Whangarei District,28/10/2014,Tue,815,DA,VE1,111A 131A 358A ,,M,W,ON,L , ,N,C,100,0,0,0,1714917,6037162
Whangarei District,09/01/2014,Thu,2100,DA,CW1,111A 131A ,,M,D,DN,F , , ,C,100,0,0,0,1715277,6037365
Whangarei District,17/04/2014,Thu,1800,DA,CN1,111A 131A ,F,M,D,TN,F , , ,C,100,0,0,0,1715381,6037400
Whangarei District,20/02/2014,Thu,815,DA,CE1,111A 131A ,V,M,W,O ,L , , ,C,100,0,0,0,1715864,6037708
Whangarei District,02/09/2014,Tue,1422,MC,CW1C,372B ,,R,D,BF,F ,T,G,C,50,0,0,0,1718567,6045070
Whangarei District,23/02/2014,Sun,1215,GE,CW1C,160A 929 ,,R,D,O ,F ,D,N,P,50,0,0,0,1718653,6045118
Whangarei District,18/02/2014,Tue,855,AO,4S1C,129A 386A ,,R,D,O ,F ,T,G,C,50,0,0,0,1718966,6045348
Whangarei District,06/02/2014,Thu,1710,JA,CS1C,301B ,,R,W,O ,F ,T,S,C,50,0,0,0,1718966,6045348
Whangarei District,05/08/2014,Tue,1415,DB,CE2CCC,131A 197A ,M,R,D,O ,F ,T,S,C,50,0,0,0,1718966,6045348
Whangarei District,09/06/2014,Mon,1750,MC,CE1C,370B 372B 801 ,,R,W,DO,L , , ,R,50,0,0,0,1718445,6044986
Whangarei District,19/08/2014,Tue,821,HA,VE1C,302A 375A ,,R,D,B ,F ,X,G,C,50,0,0,1,1719805,6047754
Whangarei District,12/02/2014,Wed,1020,MC,4N1C,372B ,,R,D,OF,F ,T,S,C,50,0,0,0,1719905,6047665
Whangarei District,09/09/2014,Tue,825,HA,CN1C,301B 351B ,,R,D,OF,F ,X,S,R,50,0,1,1,1719721,6047022
Whangarei District,06/11/2014,Thu,845,HA,CE24,301A 375A ,,R,D,B ,F ,X,S,C,50,0,0,1,1719721,6047022
Whangarei District,28/02/2014,Fri,1337,KB,CS1C,112A 302B 382B ,,R,D,B ,F ,T,G,C,50,0,0,0,1719979,6047921
Whangarei District,02/08/2014,Sat,5,HA,CS1C,321B 330B ,,R,D,DO,L ,X,S,C,50,0,0,0,1719828,6047340
Whangarei District,13/02/2014,Thu,1000,AC,4N1C,372A ,,R,D,OF,F , ,N,C,50,0,0,0,1719877,6047568
Whangarei District,23/04/2014,Wed,925,GD,TN1CC,331A 358A ,,R,D,O ,F ,T,G,C,50,0,0,2,1719791,6047193
Whangarei District,20/12/2014,Sat,1005,DA,CE1,131A ,P,E,D,BF,F , ,N,C,50,0,0,1,1719216,6044144
Whangarei District,20/02/2014,Thu,1629,KB,CS1C,308B 377B 929 ,,R,W,O ,L ,D,N,C,50,0,0,0,1718186,6043660
Whangarei District,05/07/2014,Sat,805,DB,CN1,135A 801 ,,S,W,ON,L , ,N,C,100,0,0,0,1728281,6045502
Whangarei District,13/11/2014,Thu,840,FA,400000000000000,181A 331A 929 ,,R,W,B ,L ,D,N,C,50,0,0,0,1717802,6043522
Whangarei District,12/03/2014,Wed,1610,GA,CE1C,331A 929 ,,R,D,O ,F ,D, ,C,100,0,0,1,1731932,6055890
Whangarei District,18/10/2014,Sat,650,DA,CN1,129A 410A ,V,M,D,ON,F , ,N,C,100,0,0,1,1732026,6055925
Whangarei District,03/12/2014,Wed,1332,MF,4N1CE,130A 402A 407A ,H,R,D,B ,F , , ,C,50,0,0,1,1736203,6056050
Whangarei District,03/01/2014,Fri,500,CC,CS1,112A 130A 517A ,F,R,D,DN,F , , ,C,50,0,0,2,1736196,6056037
Whangarei District,11/11/2014,Tue,1445,JA,VE1C,423B 427B 930 ,,M,D,B ,F ,D,N,C,100,0,0,2,1722640,6052019
Whangarei District,22/03/2014,Sat,1310,DB,CW1,131A 332A ,FT,M,D,BF,F ,T,N,L,80,0,0,0,1722616,6052012
Whangarei District,29/10/2014,Wed,841,JA,CN1C,375B ,,E,W,ON,L ,T,N,C,100,0,0,2,1722616,6052012
Whangarei District,09/11/2014,Sun,1930,DA,CS1,103A 111A 131A 407A ,V,M,D,TN,F , , ,N,100,0,0,4,1727006,6053611