TLANAME,CRASHDATE,CRASHDOW,CRASHTIME,MVMT,VEHICLES,CAUSES,OBJECTSSTRUCK,ROADCURVE,ROADWET,LIGHT,WTHRa,JUNCTYPE,TRAFCTRL,ROADMARK,SPDLIM,CRASHFATALCNT,CRASHSEVCNT,CRASHMINCNT,EASTING,NORTHING
Whangarei District,19/02/2014,Wed,1030,BF,CN1C,111A 131A ,,S,W,ON,L , ,N,C,100,0,0,0,1726382,6053585
Whangarei District,19/02/2014,Wed,1830,BF,CN1C,129A 131A 404A 801 ,,M,W,O ,L , , ,C,100,0,1,2,1726233,6053566
Whangarei District,10/09/2014,Wed,820,DB,CS1,111A 131A ,F,S,W,ON,L , ,N,C,100,0,0,0,1726233,6053566
Whangarei District,11/12/2014,Thu,915,BF,CE1V,136A 801 ,,S,W,ON,L , ,N,L,100,0,0,0,1733342,6055943
Whangarei District,09/06/2014,Mon,0,DB,CN1,111A 131A ,V,M,W,DN,L , ,N,C,100,0,0,1,1732277,6055848
Whangarei District,06/02/2014,Thu,1640,DA,CE1,111A 131A 402A ,,M,W,ON,H , ,N,C,100,0,0,0,1725705,6053478
Whangarei District,05/09/2014,Fri,910,BF,CE1C,111A 135A 901 ,,M,W,OF,H , ,N,C,100,0,0,0,1725754,6053489
Whangarei District,25/03/2014,Tue,1700,LB,CE1C,303B 375B ,,R,D,B ,F ,T,S,C,50,0,0,0,1719749,6047554
Whangarei District,01/07/2014,Tue,2300,CB,CW1,110A 137A 801 ,F,R,W,DO,L , , ,C,50,0,0,0,1719960,6047497
Whangarei District,22/07/2014,Tue,1700,MO,VW1V,371B 929 ,,R,D,TF,F ,D,N,C,50,0,0,0,1719767,6047548
Whangarei District,11/08/2014,Mon,1920,LB,CE1C,303B 375B ,,R,D,DO,F ,X,T,C,50,0,0,1,1719863,6047520
Whangarei District,25/10/2014,Sat,1400,MA,CS1C,181A 333A ,,M,D,BN,F , ,N,C,100,0,0,0,1731002,6017491
Whangarei District,19/12/2014,Fri,1630,MC,CN1C,372B 927 ,,R,D,B ,F ,D, ,C,50,0,0,0,1730528,6016869
Whangarei District,17/03/2014,Mon,1610,LB,CE1V,303B ,,R,D,BF,F ,T,G,C,100,0,1,2,1731056,6018332
Whangarei District,06/09/2014,Sat,2115,MO,VN1C,371A ,M,R,W,DO,F , , ,C,50,0,0,0,1718116,6045193
Whangarei District,13/10/2014,Mon,1115,KA,4S1C,308B 375B 927 ,,R,D,O ,F ,D,N,P,50,0,0,0,1720440,6044426
Whangarei District,07/02/2014,Fri,900,MO,CW1C,308B 375B 925 ,,R,W,O ,F ,D,N,C,50,0,0,0,1720440,6044426
Whangarei District,13/04/2014,Sun,830,DA,CN1,131A 402A 813 ,,M,D,B ,F , , ,N,100,0,0,0,1709071,6034276
Whangarei District,17/04/2014,Thu,1235,DA,CN1,129A 134A ,V,E,D,BN,F , ,N,C,100,0,0,0,1730275,6032194
Whangarei District,18/01/2014,Sat,1625,HA,CW2V,302A 423A ,,R,D,B ,F ,X,G,C,100,0,0,0,1730149,6031921
Whangarei District,14/06/2014,Sat,2050,CA,4N1,103A ,,R,W,DN,L , ,N,C,100,0,0,0,1731066,6033610
Whangarei District,14/10/2014,Tue,808,KB,CN1C,302B 375B ,,R,D,B ,F ,T,G,C,50,0,0,0,1723722,6042293
Whangarei District,16/04/2014,Wed,1930,GB,CN14,181A 331A 929 ,,R,W,DO,LS,D,N,P,50,0,0,0,1723631,6043158
Whangarei District,25/06/2014,Wed,1319,BF,CW14,131A 806 901 ,,S,W,O ,H , , ,C,100,0,0,2,1678488,6049038
Whangarei District,10/05/2014,Sat,135,DA,CS1,103A 410A ,T,M,D,DN,F , ,N,C,100,0,1,0,1725316,6022191
Whangarei District,08/01/2014,Wed,1220,LB,CN1C,303B 375B ,,R,D,BF,F ,T,G,C,50,0,0,0,1718621,6044565
Whangarei District,18/02/2014,Tue,1040,JA,CS1C,302B 375B ,,R,D,B ,F ,T,G,C,50,0,0,0,1718621,6044565
Whangarei District,30/11/2014,Sun,130,DB,VE1,103A 111A 131A ,V,S,D,DN,F , ,N,C,100,0,0,0,1710958,6041251
Whangarei District,04/02/2014,Tue,815,BB,TS1C,124A ,,R,D,B ,F ,T,G,C,100,0,0,0,1717726,6039341
Whangarei District,09/12/2014,Tue,811,BO,CN1C,330A 377A 904 ,F,R,D,O ,M , , ,C,100,0,0,0,1730071,6042684
Whangarei District,06/11/2014,Thu,930,BC,CS1V,121A ,,S,D,B ,FF, ,N,N,100,0,0,0,1705170,6066618
Whangarei District,23/11/2014,Sun,12,FA,CE1C,357A 512A ,F,R,D,DO,F , ,N,C,50,0,0,1,1719354,6050624
Whangarei District,08/04/2014,Tue,2205,NA,CS1E,370A 722B 724B ,,R,D,DN,F , ,N,C,50,0,0,0,1719984,6050129
Whangarei District,17/04/2014,Thu,2100,MD,CE1C,371B 929 ,,R,D,DO,F ,D,N,N,50,0,0,0,1716571,6059443
Whangarei District,06/12/2014,Sat,1910,CC,CW1,130A 433A ,E,R,D,B ,F ,T,N,N,100,0,0,0,1721365,6069391
Whangarei District,12/12/2014,Fri,1100,FD,CW14,181A 333A 350A ,,R,W,ON,L , ,N,C,50,0,0,0,1716029,6051182
Whangarei District,02/11/2014,Sun,1230,BF,4S1M,103A 129A 131A 104B ,,E,D,B ,F , , ,C,100,0,1,0,1691363,6059040
Whangarei District,18/10/2014,Sat,1834,DA,CE1,111A 131A ,SV,E,W,OF,L ,T,N,P,100,0,0,0,1711349,6052412
Whangarei District,07/02/2014,Fri,1115,DA,CW1,111A 131A 801 ,V,M,W,O ,L , , ,L,80,0,0,1,1716612,6051342
Whangarei District,21/02/2014,Fri,314,DB,VW1,131A 410A ,C,M,W,DN,L , ,N,C,100,0,0,1,1716175,6051336
Whangarei District,19/08/2014,Tue,1610,CC,LE1,130A 330A 801 ,TV,R,W,O ,L , , ,C,100,0,0,1,1709199,6051922
Whangarei District,20/02/2014,Thu,1555,FB,TW1C,181A ,,E,W,O ,M ,T,S,C,50,0,0,0,1718966,6045348
Whangarei District,22/10/2014,Wed,1605,FB,4W1C,181A ,,R,D,OF,F ,T,S,R,50,0,0,0,1718966,6045348
Whangarei District,25/06/2014,Wed,1643,JA,TW1C,308B 375B 930 ,,R,W,TF,L ,D,N,C,50,0,0,0,1719745,6044813
Whangarei District,24/07/2014,Thu,650,FE,CS1C,181A 331A 904 ,,R,W,DO,M ,X,T,C,50,0,0,0,1719136,6045185
Whangarei District,12/03/2014,Wed,2039,CB,CN1,102A 198A ,,R,D,DN,F , ,N,C,50,0,0,0,1721744,6043334
Whangarei District,16/02/2014,Sun,1645,KA,CN1C,302A 375A 404A ,,E,D,B ,F ,R,G,C,50,0,0,0,1719940,6045395
Whangarei District,04/02/2014,Tue,1353,HA,CN1C,302A 375A ,,R,D,O ,F ,R,G,R,50,0,0,0,1719946,6045393
Whangarei District,30/10/2014,Thu,1325,EC,VW1,820,D,R,D,BF,FS, ,N,C,50,0,0,0,1720747,6044170
Whangarei District,24/09/2014,Wed,1205,LB,VN1C,303B 353B 375B ,,R,D,B ,F ,T,G,C,50,0,0,0,1720709,6044202
Whangarei District,24/01/2014,Fri,1709,JA,CN1C,302B ,,E,D,B ,F ,X,G,R,50,0,0,0,1720709,6044202
Whangarei District,07/08/2014,Thu,1701,MB,4W1C,303B 375B ,,R,D,OF,F , ,N,C,50,0,0,0,1720533,6044350
Whangarei District,12/08/2014,Tue,1055,MC,4E1C,372B ,,R,W,DO,F , ,N,C,50,0,0,0,1720556,6044331
Whangarei District,20/01/2014,Mon,1617,MC,VE1C,372B ,,R,W,OF,L , ,N,C,50,0,1,2,1720595,6044299
Whangarei District,09/08/2014,Sat,925,AD,CN1C,111A 130A 150A ,F,E,W,B ,F , , ,P,50,0,0,0,1720747,6044170
Whangarei District,22/07/2014,Tue,1300,GE,MN1V,160A 333A 925 ,,E,D,O ,F ,D, ,P,50,0,1,0,1720862,6044089
Whangarei District,06/11/2014,Thu,1830,MO,CE1C,371A 371B 929 ,,E,D,O ,F ,D,N,N,50,0,0,0,1717608,6050839
Whangarei District,28/07/2014,Mon,1040,GA,CS1C,181A 331A ,,R,D,O ,F ,T,N,C,50,0,0,0,1719448,6045780
Whangarei District,29/01/2014,Wed,1120,FC,CS1C,181A ,,R,D,B ,F , ,N,X,50,0,0,0,1719415,6045745
Whangarei District,18/11/2014,Tue,1200,MO,VN1EC,330A 371A ,,R,D,B ,F , ,N,N,50,0,0,1,1719588,6045930
Whangarei District,13/11/2014,Thu,1850,MO,4E1C,371A ,M,R,D,TF,F ,T,N,C,50,0,0,0,1719518,6045856
Whangarei District,30/07/2014,Wed,1530,MO,CS1C,386A 926 ,M,R,D,B ,F ,D,N,C,50,0,0,0,1719518,6045856
Whangarei District,07/08/2014,Thu,1400,EA,CS1C,385A ,M,R,D,BF,F , ,N,C,50,0,0,0,1719491,6045827
Whangarei District,26/02/2014,Wed,2042,DA,CS1,103A 111A 131A 930 ,X,E,D,DO,F ,D, ,P,50,0,0,0,1718378,6044194
Whangarei District,07/11/2014,Fri,730,EA,CW1C,386A ,M,M,D,B ,F , ,N,C,50,0,0,0,1723707,6042294
Whangarei District,07/03/2014,Fri,1200,QO,ON1,652A ,,R,D,BN,F , ,N,N,50,0,0,1,1735222,6034511
Whangarei District,03/07/2014,Thu,1235,JA,CE1C,308B 375B 929 ,,R,D,B ,F ,D,N,C,50,0,0,0,1718836,6042737
Whangarei District,10/10/2014,Fri,940,MA,CW14,373B ,,R,D,BN,F , ,N,C,50,0,0,0,1718495,6042734
Whangarei District,06/08/2014,Wed,805,GD,VE1V,181A 387A ,,R,D,BF,F ,T,G,P,50,0,0,1,1719008,6042738
Whangarei District,09/07/2014,Wed,1430,GB,CN1C,172A 801 ,,E,W,O ,L ,R,G,R,50,0,0,0,1719933,6045653
Whangarei District,25/11/2014,Tue,918,LB,CS1C,302A ,,S,D,BN,F ,R,G,R,50,0,0,0,1719945,6045408
Whangarei District,20/09/2014,Sat,2038,KA,VW2C,302B 375B 801 ,,E,W,DO,L ,R,G,R,50,0,0,0,1719946,6045393
Whangarei District,21/03/2014,Fri,1700,DB,CS1S,191A 130B 610B 650B ,,E,D,O ,F ,T,N,N,50,0,0,1,1718462,6050386
Whangarei District,29/06/2014,Sun,2140,CC,CN1,103A ,G,R,W,DN,F , ,N, ,100,0,0,0,1701015,6058346
Whangarei District,24/02/2014,Mon,1100,MC,TE1S,372B ,,R,D,BN,F , ,N,C,80,0,1,0,1722524,6044344
Whangarei District,11/02/2014,Tue,745,FE,4W1C,181A 334A ,,E,D,B ,F ,R,T,C,50,0,0,0,1719675,6045975
Whangarei District,25/01/2014,Sat,848,DB,CS1,103A 111A ,X,E,D,O ,F , ,N,C,50,0,0,0,1720082,6045814
Whangarei District,26/04/2014,Sat,2227,DA,CN1,101A 111A 131A ,IP,E,D,DO,F , , ,R,50,0,0,0,1720087,6045805
Whangarei District,23/04/2014,Wed,1113,MC,CS1C,330B 372B ,,R,D,BF,F ,T,G,R,50,0,0,1,1720813,6045389
Whangarei District,18/02/2014,Tue,1550,JA,CN1C,308B 386B 929 ,,R,D,O ,F ,D,N,C,50,0,0,0,1720374,6045729
Whangarei District,08/03/2014,Sat,920,MC,CE1V,372B ,,E,D,B ,F ,X,G,R,50,0,0,0,1720324,6045763
Whangarei District,19/12/2014,Fri,1215,AC,CW1C,159A 191A 357A 510A ,,E,D,B ,F , , ,C,50,0,0,0,1721470,6045044
Whangarei District,14/04/2014,Mon,2100,DB,CW1,131A 197A 901 903 ,,M,W,DO,HS, , ,R,50,0,0,0,1719973,6045965
Whangarei District,19/06/2014,Thu,1220,KB,CS1C,302B 375B ,,R,D,B ,F ,R,G,C,50,0,0,0,1719568,6045795
Whangarei District,05/08/2014,Tue,1539,CB,MS1,130A ,K,R,D,OF,F ,X,G,C,50,0,0,0,1723066,6042909
Whangarei District,18/05/2014,Sun,1528,NG,CW1EC,402A 427A ,,R,D,B ,F , , ,R,50,1,0,1,1720073,6047132
Whangarei District,03/05/2014,Sat,151,DA,CE1,104A 111A 131A ,P,M,D,DN,F , , ,C,100,0,1,0,1720567,6081988
Whangarei District,23/04/2014,Wed,1750,DA,CN1,111A 129A 134A ,C,M,D,O ,F , , ,C,100,0,0,1,1717547,6072120
Whangarei District,28/06/2014,Sat,2058,DA,VW1,131A 407A 631A 800 ,P,S,W,DN,F , , ,C,100,0,0,3,1716077,6065892
Whangarei District,28/06/2014,Sat,100,DB,CN1,134A 402A ,T,M,W,DN,L , ,N,C,50,0,0,0,1718581,6047269
Whangarei District,10/04/2014,Thu,2130,EC,CN1,912,W,M,D,DN,F , , ,C,100,0,0,0,1721856,6079079
Whangarei District,01/11/2014,Sat,901,DB,CN2,136A 402A 632A ,SV,M,W,ON,F ,T,G,C,100,0,0,0,1717796,6054735
Whangarei District,21/05/2014,Wed,845,NB,CW1E,713B ,,R,D,BF,F ,T,T,C,50,0,0,1,1718946,6046054
Whangarei District,26/05/2014,Mon,925,DA,CE1,131A 631A ,C,M,W,O ,L , , ,C,100,0,0,1,1728501,6018522
Whangarei District,31/05/2014,Sat,949,QD,CE2C,428A 527A ,FHX,E,D,B ,F ,T,G,C,50,0,0,1,1718369,6042522
Whangarei District,26/02/2014,Wed,1412,CC,CS1,130A ,T,R,D,BF,F ,T,N,C,50,0,0,0,1718369,6042522
Whangarei District,31/03/2014,Mon,930,DA,CS1,131A 134A 813 ,ET,M,D,BN,F ,T,N,C,100,0,1,0,1707115,6037312
Whangarei District,15/04/2014,Tue,1125,MO,VW14,371A 801 927 ,,R,W,OF,L ,D, , ,50,0,0,0,1718406,6043124
Whangarei District,02/08/2014,Sat,1715,MA,MW1C,373B ,,R,D,O ,F , ,N,C,50,0,0,0,1719992,6050003
Whangarei District,23/01/2014,Thu,1600,DB,CW1,138A 402A 800 ,E,M,W,B ,F , , ,N,100,0,0,0,1720284,6025327
Whangarei District,27/08/2014,Wed,1525,GD,CE1C,181A 331A ,,R,D,O ,F ,X,G,C,50,0,0,0,1718293,6050790
Whangarei District,27/09/2014,Sat,40,EA,CE1C,129A ,M,R,D,DO,F , ,N,C,50,0,0,0,1718579,6050997
Whangarei District,27/05/2014,Tue,1740,BB,CE1T,103A 123A ,,M,D,DF,F , ,N,C,50,0,0,1,1718517,6050949
Whangarei District,11/06/2014,Wed,1645,MO,BS1C,371A 929 ,M,R,D,O ,F ,D,N,N,50,0,0,0,1716277,6060368
Whangarei District,24/06/2014,Tue,1530,DA,MW1,104A 131A 330A 810 ,SV,E,D,O ,F , ,N,C,100,0,1,0,1709442,6022230
Whangarei District,26/01/2014,Sun,2030,EC,CW1,912,W,E,D,TN,F ,T,N,C,100,0,0,0,1708470,6022507
Whangarei District,23/10/2014,Thu,720,DB,CN1,103A 131A ,V,M,D,TN,F ,T,N,C,100,0,0,0,1728060,6033427
Whangarei District,31/07/2014,Thu,1638,DA,CS1,103A 111A 131A 929 ,F,E,D,B ,F ,D,N,C,50,0,0,0,1731508,6028409
Whangarei District,09/01/2014,Thu,930,AC,CS1C,381A ,,S,D,OF,F , ,N,C,50,0,0,0,1719056,6045135
Whangarei District,03/03/2014,Mon,745,KB,CE1C,301B 375B ,,R,W,BF,F ,T,S,C,50,0,0,0,1719091,6045154
Whangarei District,04/07/2014,Fri,2340,MO,VS1,434A ,P,R,D,DO,F , ,N,C,50,0,0,0,1718634,6044580
Whangarei District,04/02/2014,Tue,1445,AA,CN1C,381A ,,R,D,OF,F , ,N,C,50,0,0,0,1719168,6045224
Whangarei District,09/11/2014,Sun,2245,MO,CE1,371A 402A 930 ,C,R,D,DO,F ,D,N,N,50,0,0,0,1719181,6045239
Whangarei District,24/05/2014,Sat,940,AO,VN1C,184A 330A ,,R,D,O ,F , , ,C,50,0,0,0,1719200,6045262
Whangarei District,14/04/2014,Mon,1845,LB,4S1C,303B ,,R,W,DO,L ,X,T,C,50,0,0,0,1719136,6045185
Whangarei District,30/10/2014,Thu,1517,FD,CW1C,181A ,,R,D,BF,F , ,N,C,50,0,0,0,1718617,6044555
Whangarei District,02/12/2014,Tue,1340,GB,MS1C,387A 142B 175B 402B 929 ,,R,D,B ,F ,D, ,C,50,0,0,0,1718594,6044500
Whangarei District,08/03/2014,Sat,819,HA,CN1S,302A 363A 375A ,,M,D,B ,F ,R,G,R,50,0,0,1,1719295,6045457
Whangarei District,18/03/2014,Tue,813,CB,CN1C,331A 363A 902 ,Q,R,D,B ,F , , ,C,100,0,0,1,1713957,6049593
Whangarei District,10/04/2014,Thu,2205,JA,CW1C,103B 321B 375B ,,R,D,DO,F ,T,S,C,50,0,0,4,1717518,6050442
Whangarei District,20/03/2014,Thu,1715,HA,CN1C,302A 387A ,,E,D,B ,F ,R,G,R,50,0,0,1,1717116,6050239
Whangarei District,22/10/2014,Wed,1615,DA,MW1,111A 131A 809 ,C,M,D,BF,F , ,N,C,100,0,0,1,1713552,6049442
Whangarei District,18/04/2014,Fri,30,DA,CN1,103A 131A ,F,E,D,DN,F , ,N,C,100,0,0,0,1709893,6051550
Whangarei District,13/12/2014,Sat,2250,DB,CW1,111A 131A ,F,M,W,DO,H , ,N,C,80,0,0,0,1713730,6049547
Whangarei District,27/10/2014,Mon,1110,DB,CS1,135A 402A 813 ,F,M,D,BN,F , ,N,N,100,0,0,0,1709991,6053637
Whangarei District,22/04/2014,Tue,1415,MO,CS1,420A ,HK,R,D,B ,F , , ,N,50,0,0,0,1715983,6044162
Whangarei District,23/12/2014,Tue,1454,MO,CN1C44,133A 423A 507A ,MQ,R,D,OF,F , ,N,C,50,0,0,2,1715995,6044146
Whangarei District,14/05/2014,Wed,1000,MA,CE1C,373B ,,R,D,BF,F , ,N,C,50,0,0,0,1719999,6045997
Whangarei District,09/12/2014,Tue,2315,DA,CE1,101A 111A 131A ,PS,E,W,DO,F , ,N,C,50,0,0,0,1716731,6060266
Whangarei District,14/05/2014,Wed,1204,MA,CW1C,373B 377B 830 ,,R,D,B ,F , ,N,C,50,0,0,0,1719358,6045640
Whangarei District,13/06/2014,Fri,1210,MO,CN1P,371A 386A ,M,R,D,O ,F ,T,G,C,50,0,0,0,1719472,6045534
Whangarei District,10/06/2014,Tue,1243,DB,VN1,111A 131A 901 ,V,M,W,O ,H , , ,C,80,0,0,0,1719222,6052806
Whangarei District,06/11/2014,Thu,900,MA,CN1S,373B ,,R,D,B ,F , ,N,C,50,0,0,0,1719941,6050698
Whangarei District,23/09/2014,Tue,740,FB,CS14,386A 403A ,,R,D,B ,F ,T,G,C,50,0,0,0,1719916,6050601
Whangarei District,28/06/2014,Sat,1600,DA,CS1,111A 131A 402A ,,M,D,BN,F , ,N,C,100,0,0,0,1718420,6053663
Whangarei District,03/06/2014,Tue,923,BF,CN1C,131A 407A 197B 801 ,,M,W,O ,L , , ,C,100,0,0,0,1718915,6053120
Whangarei District,14/03/2014,Fri,1815,DA,CS1,135A 630A 801 ,FX,M,W,ON,L , ,N,C,100,0,0,0,1718831,6053317
Whangarei District,04/05/2014,Sun,740,DA,CS1,111A 131A ,CV,M,W,B ,F , , ,C,100,0,0,0,1718702,6053411
Whangarei District,07/05/2014,Wed,1415,DA,MS1,129A 131A 197A ,CV,M,D,B ,F , , ,C,100,0,1,0,1718275,6053794
Whangarei District,06/05/2014,Tue,730,DA,CS1,111A 131A 801 ,CV,E,W,O ,L , , ,C,100,0,0,0,1718049,6054369
Whangarei District,20/02/2014,Thu,1729,DA,CS1,131A 801 ,V,M,W,O ,L , , ,C,100,0,0,0,1718029,6054467
Whangarei District,10/10/2014,Fri,2025,EC,CN1,101A 112A 912 ,W,R,D,DN,F , ,N,C,100,0,0,0,1717861,6054660
Whangarei District,01/04/2014,Tue,1608,CB,VS1C,410A ,M,R,D,B ,F , , ,C,50,0,1,0,1719823,6048448
Whangarei District,03/12/2014,Wed,923,EA,CN1C,385A ,M,R,D,BF,F , ,N,C,50,0,0,0,1720015,6048174
Whangarei District,13/01/2014,Mon,1830,DA,TS1,131A 330A ,F,M,D,O ,F , ,N,C,100,0,0,1,1711107,6029619
Whangarei District,01/07/2014,Tue,1800,AB,CS1C,153A 137B ,FV,E,W,DN,L , ,N,N,100,0,0,0,1710967,6028836
Whangarei District,26/03/2014,Wed,2200,DA,CN1,101A 111A 131A ,P,E,D,DN,F , , ,C,100,0,0,0,1736132,6057166
Whangarei District,16/08/2014,Sat,1002,KA,CE1C,302B 375B 402B ,,M,D,OF,F ,R,G,C,50,0,0,0,1719337,6045465
Whangarei District,23/10/2014,Thu,1020,MO,CE1C,385A ,M,R,D,BF,F , ,N,C,50,0,0,0,1719600,6045602
Whangarei District,16/05/2014,Fri,1307,FA,CE14,181A 350A ,,R,D,B ,F ,T,G,C,50,0,0,0,1719494,6045534
Whangarei District,20/09/2014,Sat,1030,GB,CE1C,181A 386A ,,R,W,O ,F ,T,G,C,50,0,0,0,1719494,6045534
Whangarei District,01/05/2014,Thu,1200,MG,CS1C,371B 925 ,,R,D,B ,F ,D,N,C,50,0,0,0,1719771,6045780
Whangarei District,06/01/2014,Mon,1700,MC,CN1C,372B ,,R,D,BF,F , ,N,R,50,0,0,0,1719693,6045699
Whangarei District,16/12/2014,Tue,1530,FD,CW1C,181A ,,E,W,OF,F , ,N,C,50,0,0,0,1719114,6045457
Whangarei District,01/07/2014,Tue,940,JA,CS1C,308B 377B 839 927 ,,R,D,BF,F ,D,N,C,50,0,0,0,1719137,6045569
Whangarei District,07/10/2014,Tue,1345,DA,CN1,136A 621A ,V,M,D,B ,F ,T,N,C,100,0,0,0,1718292,6065694
Whangarei District,26/04/2014,Sat,910,CB,CE1,129A 130A ,B,R,W,O ,L , , ,C,100,0,0,0,1729717,6070102
Whangarei District,26/05/2014,Mon,1225,BC,TN1T,129A 818 ,,M,W,B ,F , , ,C,100,0,0,0,1721629,6069017
Whangarei District,09/09/2014,Tue,515,EC,CN1,195A 912 ,W,E,D,DN,F , , ,C,100,0,0,0,1735612,6037951
Whangarei District,10/01/2014,Fri,1430,MC,VN1C,372B 378B 831 ,,E,D,B ,F , , ,P,80,0,0,0,1730899,6039846
Whangarei District,16/06/2014,Mon,1600,KA,CS1C,308B 330B 801 929 ,,E,W,O ,L ,D, ,C,100,0,0,2,1725213,6041834
Whangarei District,19/02/2014,Wed,1250,DA,CN1,131A 197A ,FST,E,W,ON,L , ,N,C,100,0,0,0,1725213,6041844
Whangarei District,22/05/2014,Thu,820,DA,CS1,131A 800 ,TX,M,W,O ,F , , ,C,100,0,0,0,1725409,6041589
Whangarei District,20/02/2014,Thu,1010,DA,CN1,131A 801 ,CGS,E,W,O ,L , , ,C,100,0,0,1,1725423,6041575
Whangarei District,22/02/2014,Sat,1740,DA,CN1,111A 131A 504A 801 ,F,S,W,O ,L ,T,G,C,100,0,0,1,1734471,6040771
Whangarei District,07/02/2014,Fri,1750,DA,CE1,111A 386A 402A ,,M,W,O ,L , ,N,C,100,0,0,0,1729909,6039769
Whangarei District,08/05/2014,Thu,2230,DA,CE1,111A 131A 402A ,EK,M,W,DN,F , , ,C,100,0,1,0,1729918,6039770
Whangarei District,10/05/2014,Sat,1729,DA,CE1,104A 111A ,,E,W,TN,F ,T,N,C,100,0,0,1,1729862,6039751
Whangarei District,07/02/2014,Fri,1705,DA,CE1,131A 801 815 ,V,S,W,O ,H , , ,C,100,0,0,1,1728497,6039710
Whangarei District,09/02/2014,Sun,2125,BA,CW1C,205A 404A ,,R,D,DN,F , , ,C,80,0,2,2,1733201,6041201
Whangarei District,19/09/2014,Fri,545,DB,CS1,111A 131A ,ET,S,W,O ,F , , ,C,100,0,0,0,1738306,6033462
Whangarei District,12/12/2014,Fri,1530,DA,CW1,131A 632A ,V,S,W,ON,L , ,N,L,100,0,0,1,1726890,6039936
Whangarei District,02/07/2014,Wed,1450,DB,VS1,135A 806 901 ,C,S,W,O ,H , , ,C,100,0,0,0,1726944,6039708
Whangarei District,01/09/2014,Mon,1030,DA,CW1,111A 131A 402A 801 ,T,S,W,O ,L , , ,C,100,0,0,0,1721432,6048926
Whangarei District,04/12/2014,Thu,1148,DB,CW1,131A 402A ,T,M,D,B ,F , , ,C,100,0,0,0,1721083,6048915
Whangarei District,19/02/2014,Wed,1928,DA,CE1,111A 131A 402A 801 ,C,M,W,O ,L , , ,C,100,0,0,1,1721083,6048915
Whangarei District,18/10/2014,Sat,950,DA,CE1,111A 131A ,T,M,W,ON,L , ,N,C,70,0,1,1,1720535,6048461
Whangarei District,19/08/2014,Tue,1310,DA,CW1,111A 131A 801 ,T,E,W,O ,L , , ,C,50,0,0,0,1720285,6048315
Whangarei District,12/08/2014,Tue,843,GD,CE1C,181A 331A 501A 929 ,,E,W,B ,F ,D,N,C,50,0,0,0,1718193,6048884
Whangarei District,28/01/2014,Tue,2130,GF,CE1V,381B ,,R,D,DO,F ,T,N,L,50,0,0,0,1718768,6048699
Whangarei District,24/10/2014,Fri,1840,MC,CS1C,330B 372B ,,R,D,O ,F ,T,N,C,50,0,0,0,1719023,6049286
Whangarei District,26/01/2014,Sun,1728,CC,CE1C,112A 351A 357A 402A ,HM,R,W,O ,F , ,N,C,50,0,0,0,1719143,6049465
Whangarei District,29/04/2014,Tue,1345,BF,CN1V,124A 131A 402A ,,R,D,O ,F ,T,G,C,50,0,0,0,1719561,6045370
Whangarei District,24/11/2014,Mon,1510,BC,CS14,111A 121A ,,M,D,O ,F , ,N,N,100,0,0,0,1694270,6053829
Whangarei District,10/04/2014,Thu,1626,PE,CN1ECC,427A 507A 721B ,M,R,D,B ,F , , ,N,30,0,1,0,1720125,6045123
Whangarei District,06/08/2014,Wed,900,FB,CW1C,181A ,,R,D,B ,F ,X,G,C,50,0,0,1,1718433,6044977
Whangarei District,05/03/2014,Wed,1510,AO,TE1C,129A 381A ,,R,D,B ,F ,X,T,C,50,0,0,0,1718429,6044974
Whangarei District,14/05/2014,Wed,825,NA,CW1E,306A 376A 402A 717B ,,R,D,B ,F , , ,X,50,0,1,0,1718131,6044778
Whangarei District,11/02/2014,Tue,1400,MO,4E1C,371A 386A ,M,R,D,B ,F , ,N,P,50,0,0,0,1718024,6044739
Whangarei District,07/07/2014,Mon,1025,MA,CW1C,373B ,,R,D,B ,F ,T,N,P,50,0,0,0,1718001,6044729
Whangarei District,02/08/2014,Sat,1500,CB,CW1,130A 350A 801 ,KX,R,W,O ,L , , ,C,50,0,0,0,1717455,6044763
Whangarei District,02/11/2014,Sun,823,JA,SW1C,302B 375B ,,E,D,BF,FF,T,G,C,50,0,0,1,1717257,6044739
Whangarei District,04/12/2014,Thu,1845,BC,CW2C,103A 129A ,,E,D,BF,F ,T,G,C,50,0,0,0,1717257,6044739