TLANAME,CRASHDATE,CRASHDOW,CRASHTIME,MVMT,VEHICLES,CAUSES,OBJECTSSTRUCK,ROADCURVE,ROADWET,LIGHT,WTHRa,JUNCTYPE,TRAFCTRL,ROADMARK,SPDLIM,CRASHFATALCNT,CRASHSEVCNT,CRASHMINCNT,EASTING,NORTHING
Whangarei District,29/12/2014,Mon,1100,DB,CE1,131A 501A 930 ,F,R,D,O ,F ,D, ,C,60,0,0,0,1716434,6044677
Whangarei District,07/08/2014,Thu,1401,JA,CW1V,301B 377B ,,E,D,BF,F ,T,S,P,60,0,0,0,1715966,6044186
Whangarei District,22/04/2014,Tue,1328,JA,CS1C,301B 375B ,,R,D,B ,F ,T,S,L,60,0,0,0,1715966,6044186
Whangarei District,06/06/2014,Fri,1500,QG,VE1,682A ,FP,E,D,O ,F , , ,L,70,0,0,0,1714391,6043981
Whangarei District,28/08/2014,Thu,1714,MC,VW14,197A 372B 903 ,,R,W,DN, S, , ,C,100,0,0,0,1712927,6044095
Whangarei District,28/08/2014,Thu,759,DB,CE1,135A 806 ,C,E,W,O ,F , , ,L,100,0,0,0,1712395,6043988
Whangarei District,10/06/2014,Tue,1850,CC,40,110A 130A 804 901 ,V,R,W,DN,H , , ,C,100,0,0,0,1711390,6043823
Whangarei District,11/06/2014,Wed,2124,DA,CW1,501A ,FT,M,W,DO,SF,T,T,L,100,0,0,1,1711118,6043711
Whangarei District,18/04/2014,Fri,1657,LB,CS1C,303B 375B 922 ,,R,D,O ,F ,D, ,C,50,0,0,0,1709200,6042566
Whangarei District,08/05/2014,Thu,,MC,CN1C,372B ,,R,D,O ,F ,X,G,C,70,0,0,0,1709187,6042537
Whangarei District,14/07/2014,Mon,1035,JA,TN1C,301B 375B ,,R,D,BF,F ,T,S,C,70,0,0,0,1709182,6042522
Whangarei District,24/10/2014,Fri,1915,DA,MW2,102A 133A ,,M,D,TN,F ,T,G,C,100,0,1,0,1708837,6041443
Whangarei District,14/02/2014,Fri,351,DB,CW1,103A 111A 131A ,F,M,W,DN,L , ,N,C,100,0,0,0,1707397,6040776
Whangarei District,11/05/2014,Sun,145,EC,XE1,341A 820 ,D,R,D,DN,F , , ,C,100,0,0,0,1706904,6040695
Whangarei District,19/05/2014,Mon,1938,DB,CN1,111A 131A 817 ,C,E,D,DN,F , , ,N,100,0,0,1,1705911,6040024
Whangarei District,25/11/2014,Tue,1003,CA,CW1T,410A ,,R,D,B ,F , , ,C,100,0,0,1,1705627,6039791
Whangarei District,20/06/2014,Fri,810,GE,VS1V,197A 333A 902 ,V,R,D,B ,F ,X,S,C,100,0,0,0,1704998,6039300
Whangarei District,16/02/2014,Sun,400,CB,CW1,103A 130A 402A 412A ,C,R,D,DN,F , ,N,C,100,0,0,0,1699804,6036557
Whangarei District,28/06/2014,Sat,813,DB,CE1,111A 131A ,V,M,W,O ,L , , ,C,100,0,0,0,1698972,6036423
Whangarei District,18/07/2014,Fri,1005,GD,TN1C4C,333A 358A ,,R,D,B ,F ,T,G,C,100,0,1,0,1729624,6028202
Whangarei District,03/12/2014,Wed,1650,DB,VW2,501A ,,M,D,BF,F ,T,S,C,100,0,0,1,1730004,6029558
Whangarei District,23/01/2014,Thu,244,DC,CS1,111A 131A 402A 634A ,P,E,D,DO,F ,T,S,C,100,0,1,1,1730004,6029558
Whangarei District,10/05/2014,Sat,1900,DC,4S1,103A 111A 321A ,F,R,W,DO,L ,T,S,R,100,0,0,0,1730041,6029584
Whangarei District,02/01/2014,Thu,1100,GO,400000000000000,922,,R,D,O ,F ,D,N,C,100,0,0,0,1732638,6031350
Whangarei District,13/09/2014,Sat,100,CC,CE1,103A 410A 801 ,C,R,W,DN,L , , ,L,100,0,0,1,1708086,6068916
Whangarei District,22/05/2014,Thu,1130,QG,TN1C4,668A 669A 817 ,,R,D,B ,F , ,S,C,100,0,0,0,1710779,6067685
Whangarei District,29/08/2014,Fri,2120,EC,4N1V,195B 801 912 ,W,R,W,DN,L , , ,C,100,0,0,0,1711422,6067186
Whangarei District,31/01/2014,Fri,1720,FA,CS1C,181A 350A 387A ,,R,D,BN,F , ,N,C,100,0,0,0,1712400,6066454
Whangarei District,21/08/2014,Thu,1550,BC,CW1CC,129A 410A 504A ,,M,D,O ,F , ,N,C,100,1,3,1,1714140,6066120
Whangarei District,03/06/2014,Tue,1830,DA,VE1,111A 131A 801 904 ,V,M,W,DN,M , , ,L,100,0,0,0,1714748,6066464
Whangarei District,05/05/2014,Mon,1645,QG,TS1C,682A ,,M,D,O ,F , , ,C,100,0,0,0,1715042,6066499
Whangarei District,01/05/2014,Thu,2210,DA,VS1,103A 129A ,EV,E,D,DF,F ,T,S,C,100,0,0,2,1715915,6065839
Whangarei District,25/02/2014,Tue,1808,LB,CN1C,303B 375B 503B 922 ,,E,D,B ,F ,D, ,C,100,0,0,2,1715832,6065552
Whangarei District,21/08/2014,Thu,1610,JA,CN1CV,308B 922 ,,E,D,O ,F ,D,N,C,100,0,0,2,1715852,6065396
Whangarei District,15/04/2014,Tue,1016,CC,VS1,131A 191A ,EF,R,W,ON,L , ,N,C,100,0,0,1,1716264,6063672
Whangarei District,12/09/2014,Fri,1134,DB,CN1,111A 135A 801 ,C,M,W,ON,H , ,N,C,100,0,0,0,1716525,6061805
Whangarei District,09/09/2014,Tue,1230,JA,4S1C,301B 375B 801 ,,R,W,O ,L ,T,S,C,100,0,0,1,1716181,6061104
Whangarei District,01/02/2014,Sat,1911,CC,VN1,104A 501A ,T,R,D,B ,F , , ,C,100,0,1,0,1716085,6060514
Whangarei District,12/10/2014,Sun,1530,DA,CN1,410A 504A ,G,E,D,O ,F , ,N,C,100,0,0,0,1716152,6059223
Whangarei District,26/08/2014,Tue,1830,EC,CS1,912,W,R,D,DN,F , ,N,C,100,0,0,0,1716176,6059147
Whangarei District,26/08/2014,Tue,1830,EC,4S1,912,W,R,D,DN,F , ,N,C,100,0,0,0,1716176,6059147
Whangarei District,03/08/2014,Sun,101,CB,CS1,110A 130A 901 ,F,R,W,DO,H , , ,C,100,0,1,1,1716211,6059053
Whangarei District,07/03/2014,Fri,37,DB,CS1,103A 116A 804 817 ,G,E,D,DN,F , , ,N,100,0,1,0,1716963,6057006
Whangarei District,05/03/2014,Wed,1620,FD,CN1C,181A 817 ,,R,D,BN,F , ,N,C,100,0,0,0,1717355,6056270
Whangarei District,15/12/2014,Mon,2055,EC,VN1,131A 823 ,FLS,E,W,DO,HS, , ,C,100,0,0,0,1717358,6055850
Whangarei District,23/05/2014,Fri,549,GD,CN1C,103A 331A 927 ,,R,D,DO,F ,D,N,P,100,0,0,1,1717378,6055651
Whangarei District,30/07/2014,Wed,1520,CA,VS1C,130A 191A 353A 407A ,,R,D,B ,F , , ,C,100,0,0,0,1717416,6055313
Whangarei District,19/11/2014,Wed,1530,JA,CN1C,301B 377B ,,R,D,B ,F ,T,S,L,100,0,0,1,1717297,6054454
Whangarei District,15/04/2014,Tue,1245,GB,CS14,181A ,,R,W,O ,F ,T,N,C,50,0,0,0,1717285,6054141
Whangarei District,07/02/2014,Fri,1239,BF,CN1C,111A 131A 197B 801 ,F,E,W,O ,L , , ,L,100,0,0,3,1717278,6053941
Whangarei District,11/02/2014,Tue,900,NC,CS1E,711B ,,E,D,B ,F , , ,N,100,0,1,0,1717294,6053459
Whangarei District,02/01/2014,Thu,908,DB,CS1,131A ,P,E,D,BN,F , ,N,C,100,0,0,0,1717223,6053390
Whangarei District,07/08/2014,Thu,545,AD,CN1C,150A 381A ,,E,D,DN,F , ,N,C,100,0,0,0,1717062,6053248
Whangarei District,10/09/2014,Wed,1410,DA,CN1,130A 412A ,F,E,D,O ,F , , ,C,100,0,0,0,1717053,6053123
Whangarei District,24/10/2014,Fri,110,CB,CN1,101A 130A ,FI,R,W,DO,L , ,N,R,60,0,0,0,1717810,6051782
Whangarei District,27/05/2014,Tue,720,AO,VS1C,150A 381A ,,R,D,B ,F , ,N,C,80,0,0,0,1718221,6050432
Whangarei District,14/08/2014,Thu,1045,FD,CS1CV,112A 181A 331A ,,R,D,O ,FS, , ,R,50,0,0,0,1718761,6049277
Whangarei District,25/01/2014,Sat,1522,FE,4N1C,181A ,,R,D,BF,F ,T,T,C,100,0,0,0,1718775,6049239
Whangarei District,20/11/2014,Thu,1550,LB,CS1V,322A 334A ,,R,D,B ,F ,T,T,R,50,0,0,0,1718775,6049239
Whangarei District,13/06/2014,Fri,1530,KA,TS1C,302B 375B ,,R,D,B ,F ,T,G,C,50,0,0,0,1718777,6049235
Whangarei District,22/01/2014,Wed,2158,LB,CE1M,322A ,,R,D,DO,F ,X,T,C,50,0,0,2,1718849,6048558
Whangarei District,21/05/2014,Wed,915,HA,CE2T,322A ,,R,D,OF,F ,X,T,R,50,0,0,1,1718849,6048558
Whangarei District,20/06/2014,Fri,1920,AD,BS1C,151A 386A ,,R,D,DO,F ,X,T,R,50,0,0,0,1718849,6048558
Whangarei District,20/01/2014,Mon,1415,FE,TS1T,181A 331A 801 ,,R,W,O ,L ,X,T,C,50,0,0,0,1718849,6048558
Whangarei District,04/03/2014,Tue,1400,FE,VW2C,181A ,,R,D,BF,F ,X,T,C,50,0,0,0,1718849,6048558
Whangarei District,27/08/2014,Wed,1410,FE,CN1C,181A 334A ,,R,D,B ,F ,T,T,P,50,0,0,0,1718849,6048558
Whangarei District,22/12/2014,Mon,1530,FE,TS1C,181A ,,E,D,B ,F ,M,T,R,50,0,0,0,1718849,6048558
Whangarei District,13/08/2014,Wed,830,GD,VE1C,363A 386A 402A 902 930 ,,R,D,B ,F ,D, ,C,50,0,0,0,1718841,6048529
Whangarei District,17/03/2014,Mon,940,KA,CS1C,301B 386B ,,R,D,B ,F ,T,S,C,50,0,0,0,1718777,6048279
Whangarei District,07/01/2014,Tue,1430,QO,CN1C,668A ,D,R,D,B ,F , , ,C,80,0,0,0,1718726,6048073
Whangarei District,13/12/2014,Sat,1400,FA,CS1C,181A ,,R,D,O ,F , , ,P,50,0,0,0,1718711,6048013
Whangarei District,17/09/2014,Wed,2230,DA,CN1,103A 111A 131A 402A ,F,M,D,DO,F , , ,C,50,0,0,1,1718678,6047684
Whangarei District,14/01/2014,Tue,1145,FA,CN1C,181A 434A ,,R,D,B ,F , , ,C,50,0,0,0,1718769,6047491
Whangarei District,18/02/2014,Tue,1430,FB,CW1C,181A ,,R,D,O ,F ,T,N,C,50,0,0,0,1718794,6047394
Whangarei District,08/10/2014,Wed,1417,JA,TS1CC,301B 375B ,,R,D,O ,F ,T,S,C,50,0,0,0,1718794,6047394
Whangarei District,01/07/2014,Tue,1830,LB,CN1C,302B 375B ,,R,W,DN,F ,T,G,C,50,0,0,0,1719072,6047101
Whangarei District,19/12/2014,Fri,1630,JA,CS1C,301B ,,E,D,B ,F ,T,S,R,50,0,0,0,1719072,6047101
Whangarei District,12/05/2014,Mon,1246,CC,CN1,133A ,P,R,D,BF,F , ,N,R,70,0,0,0,1719044,6046719
Whangarei District,29/01/2014,Wed,1500,LB,VN1C,303B 375B ,,R,D,B ,F ,X,T,C,50,0,0,0,1718899,6046070
Whangarei District,06/10/2014,Mon,1844,CB,CS1C,112A 133A 402A 817 ,KG,R,D,O ,F , , ,N,50,0,0,0,1718882,6046023
Whangarei District,02/10/2014,Thu,1530,AA,CN1T,372A 381A ,,E,D,B ,F , ,N,C,50,0,0,0,1718871,6045995
Whangarei District,27/11/2014,Thu,1748,LB,SN1C,303B 377B 929 ,,R,D,BF,F ,D,N,C,50,0,0,1,1718749,6045850
Whangarei District,06/05/2014,Tue,1550,LB,CS1C,334A 303B 334B ,,R,D,B ,F ,X,T,C,50,0,0,1,1718684,6045773
Whangarei District,22/12/2014,Mon,1255,HA,CE2C,322B ,,R,D,BF,F ,X,T,C,50,0,0,0,1718684,6045773
Whangarei District,07/02/2014,Fri,1237,HA,CN1C,322B 501B ,,R,W,OF,L ,X,T,C,50,0,0,0,1718684,6045773
Whangarei District,06/04/2014,Sun,1615,NB,CN1E,713B 726B ,,R,D,O ,F , , ,P,50,0,0,1,1718534,6045609
Whangarei District,27/08/2014,Wed,1730,FD,CN1C,331A 350A ,,R,D,OF,F , , ,P,50,0,0,0,1718477,6045561
Whangarei District,10/04/2014,Thu,955,AA,CS1V,158A ,,E,D,B ,F , , ,R,50,0,0,0,1718418,6045507
Whangarei District,10/02/2014,Mon,840,FD,CS1CC,331A 350A ,,E,D,B ,F , ,N,R,50,0,0,0,1718390,6045394
Whangarei District,31/03/2014,Mon,1115,AC,CW1C,372A 386A ,,R,D,B ,F , ,N,C,50,0,0,0,1718415,6045146
Whangarei District,27/03/2014,Thu,1945,AA,CS1C,372A ,,R,D,DO,F ,X,T,R,50,0,0,0,1718431,6044997
Whangarei District,20/03/2014,Thu,1330,FA,TS1C,112A 181A ,,R,D,B ,F ,X,G,C,50,0,0,0,1718434,6044967
Whangarei District,03/11/2014,Mon,1820,GB,CN1T,157A 927 ,,R,D,BF,F ,D,N,C,50,0,0,0,1718529,6044644
Whangarei District,09/06/2014,Mon,830,KA,VS1C,301B 901 ,,E,W,O ,H ,T,S,R,50,0,0,0,1718586,6044461
Whangarei District,17/06/2014,Tue,1542,AF,TN1S,129A 150A 386A ,,E,W,O ,F ,T,G,R,50,0,1,0,1718586,6044461
Whangarei District,11/03/2014,Tue,1200,FD,CS1C,181A ,,E,D,BF,F , ,N,C,50,0,0,0,1718583,6044441
Whangarei District,15/11/2014,Sat,1645,MO,VS1V,371A ,M,E,D,O ,F , ,N,C,30,0,0,0,1718500,6044273
Whangarei District,24/09/2014,Wed,1329,BE,4S1C,410A ,,R,D,B ,F , , ,P,50,0,0,0,1718454,6044221
Whangarei District,13/02/2014,Thu,615,CA,TN1C,136A 630A ,D,R,D,DO,F ,T,G,C,50,0,0,0,1718426,6044179
Whangarei District,29/01/2014,Wed,1500,JA,CN1C,308B 927 ,,R,D,B ,F ,D, ,C,50,0,0,0,1718413,6044131
Whangarei District,26/09/2014,Fri,1514,AO,CS1V,129A 370A 929 ,,R,D,BF,F ,D,N,C,50,0,0,0,1718332,6043937
Whangarei District,30/09/2014,Tue,1420,FC,CN1C,181A 331A ,,R,D,B ,F , ,N,C,50,0,0,0,1718321,6043916
Whangarei District,22/04/2014,Tue,1015,FD,CS1C,181A ,,R,D,OF,F , ,N,C,50,0,0,0,1718254,6043805
Whangarei District,05/12/2014,Fri,1715,FC,CN1C,331A 613A ,,R,D,B ,F , , ,X,50,0,0,0,1718217,6043754
Whangarei District,22/05/2014,Thu,1930,NA,CN1E,711B 727B ,,R,D,DN,F , , ,P,50,0,0,1,1718176,6043696
Whangarei District,19/09/2014,Fri,1845,JC,4E2C,301A 375A ,,M,D,B ,F ,T,S,C,50,0,0,0,1718344,6042888
Whangarei District,24/03/2014,Mon,835,LB,CN1B,303B 375B ,,R,D,BF,F ,T,S,R,80,0,0,1,1718344,6042888
Whangarei District,20/06/2014,Fri,1435,JA,VN1C,102B 302B 375B ,,R,D,O ,F ,T,G,C,80,0,1,0,1718344,6042888
Whangarei District,25/03/2014,Tue,1113,FB,4E1C,357A ,,R,D,O ,F ,T,S,C,80,0,0,0,1718344,6042888
Whangarei District,07/03/2014,Fri,1218,FB,CE1C,181A 387A ,,R,D,BN,F ,T,S,C,50,0,0,1,1718344,6042888
Whangarei District,23/10/2014,Thu,1410,FD,CS14,103A 331A ,,R,D,OF,F , ,N,L,80,0,0,0,1718391,6042736
Whangarei District,08/12/2014,Mon,1148,FE,CS1V,181A ,,R,D,OF,F ,T,T,R,80,0,0,0,1718394,6042727
Whangarei District,01/07/2014,Tue,1920,JA,CS1C,322B ,,M,W,DO,F ,T,T,R,80,0,0,0,1718397,6042717
Whangarei District,03/06/2014,Tue,1254,FE,TS1CC,181A 191B ,P,R,W,O ,L ,T,T,R,80,0,0,0,1718397,6042717
Whangarei District,22/02/2014,Sat,2150,CB,CN1,130A ,S,R,W,DN,L , ,N,C,80,0,0,0,1718457,6042580
Whangarei District,16/12/2014,Tue,1315,CB,CN1,129A 130A 404A ,SV,R,W,O ,L , , ,C,80,0,0,1,1718486,6042516
Whangarei District,22/11/2014,Sat,1920,CB,CS1,103A 130A 817 ,CRS,R,D,O ,F , , ,L,100,0,0,0,1718360,6040621
Whangarei District,21/11/2014,Fri,1230,BF,CN1T,111A 131A ,,E,D,B ,F , ,N,L,100,1,0,1,1718421,6040337
Whangarei District,28/11/2014,Fri,1530,FD,CN1CV,111A 181A 331A 402A 801 817 ,,E,W,O ,L , , ,L,100,0,0,0,1718479,6040232
Whangarei District,05/08/2014,Tue,459,BF,CS1T,130A 412A ,,E,W,DN,L , , ,C,100,0,0,0,1718199,6039596
Whangarei District,31/10/2014,Fri,1600,FD,4S14,181A ,,R,D,BN,F , ,N,L,100,0,0,0,1718044,6039346
Whangarei District,20/10/2014,Mon,840,FD,TN1C4,331A 181B ,,R,D,B ,F , , ,C,100,0,0,0,1717825,6038705
Whangarei District,05/02/2014,Wed,600,GD,TN1C,181A 331A 926 ,,R,D,DN,F ,D,N,P,100,0,0,0,1717414,6035419
Whangarei District,24/09/2014,Wed,1141,DB,CN1,129A 410A ,G,E,D,BN,F , ,N,C,100,0,0,0,1717574,6035314
Whangarei District,08/12/2014,Mon,110,CB,CN1,410A ,TVX,R,D,DN,F , , ,C,100,0,0,1,1717582,6035310
Whangarei District,15/12/2014,Mon,1320,DA,CN1,131A 350A ,T,M,W,ON,L , ,N,C,100,0,0,0,1718045,6034797
Whangarei District,09/05/2014,Fri,919,QO,TS14,668A ,D,R,D,O ,F , , ,C,100,0,0,0,1718577,6034239
Whangarei District,17/11/2014,Mon,1539,JA,CN1C,301B ,,M,D,O ,F ,T,S,L,100,0,1,2,1718818,6033802
Whangarei District,24/06/2014,Tue,1630,LB,CN1C,303B 375B ,,R,D,BF,F ,T,G,C,100,0,1,1,1718818,6033802
Whangarei District,22/09/2014,Mon,730,DB,CN1C,111A 131A 517A ,I,S,D,BF,F ,T,G,R,100,0,0,0,1718818,6033802
Whangarei District,06/10/2014,Mon,1000,CC,TS1C,130A 650A 191B ,CGD,R,D,O ,F ,T,S,L,100,0,1,0,1719468,6033312
Whangarei District,04/04/2014,Fri,2005,CC,CS1,130A 358A ,,R,D,DN,F , , ,L,100,0,0,0,1721275,6032662
Whangarei District,11/01/2014,Sat,1200,CC,CE1,410A ,T,R,D,OF,F , ,N,C,100,0,0,2,1721599,6032528
Whangarei District,11/02/2014,Tue,1630,BD,CS1CC,156A 377A 156B 377B 130C 197C 831 ,C,E,D,B ,F , , ,L,100,0,0,3,1721824,6032274
Whangarei District,07/07/2014,Mon,1450,AA,CN1T,381A ,,R,D,ON,F , ,N,C,100,0,0,0,1721860,6032154
Whangarei District,01/09/2014,Mon,338,DA,CW1,129A 410A ,V,M,W,DN,L , ,N,C,100,0,0,1,1722045,6031722
Whangarei District,19/07/2014,Sat,1510,FA,VN1C,331A 354A ,,R,W,ON,L , ,N,C,100,0,0,0,1723321,6031598
Whangarei District,08/12/2014,Mon,1500,QG,TN1,137A 817 ,,R,D,ON,F , ,N,L,100,0,0,0,1723897,6031432
Whangarei District,17/12/2014,Wed,1505,CC,CW1,410A 800 ,Z,R,D,B ,F , , ,C,100,0,0,0,1725343,6030829
Whangarei District,05/04/2014,Sat,725,BF,TN1T,131A 412A 904 ,,E,D,BN,M , , ,C,100,1,0,1,1725554,6030700
Whangarei District,18/12/2014,Thu,620,AO,CS1T,129A 386A ,,R,D,BN,F , ,N,C,100,0,0,0,1725679,6030544
Whangarei District,13/04/2014,Sun,2040,BA,CS14,125A ,,R,D,DN,F , ,N,C,100,0,0,0,1725982,6030145
Whangarei District,02/11/2014,Sun,2110,CB,CN1,112A 817 ,,R,D,DN,F , ,N,N,100,0,0,0,1726402,6029718
Whangarei District,19/09/2014,Fri,215,EC,4W1,341A 377A 912 ,W,R,D,DN,F , ,N,C,100,0,0,0,1726838,6029306
Whangarei District,10/02/2014,Mon,1514,BE,CN1V,125A 410A ,,R,D,B ,F , ,N,N,80,0,0,0,1727552,6028631
Whangarei District,07/08/2014,Thu,1850,DA,CS1,131A 501A ,V,E,D,DN,F , , ,L,100,0,0,0,1727754,6028445
Whangarei District,24/02/2014,Mon,830,FD,TS1V,358A 363A 817 902 ,,E,D,BN,F , ,N,N,100,0,0,0,1728112,6028265
Whangarei District,24/03/2014,Mon,944,FD,TS1T,181A 817 ,F,R,D,BN,F , ,N,C,100,0,0,0,1728646,6027787
Whangarei District,26/01/2014,Sun,300,CB,CS1,116A 817 ,F,R,D,DN,F , ,N,N,100,0,0,0,1728739,6027696
Whangarei District,27/02/2014,Thu,1,CB,VS1,130A 412A ,,R,D,DO,F , , ,C,100,0,0,1,1729664,6026799
Whangarei District,20/06/2014,Fri,2356,CC,CN1,103A 410A ,V,R,D,DN,F , ,N,C,100,0,1,0,1729753,6026713
Whangarei District,21/11/2014,Fri,1420,GA,CS1C,333A 358A 929 ,,R,D,B ,F ,D, ,C,100,0,0,0,1729932,6026538
Whangarei District,29/06/2014,Sun,520,EC,CS1,912,W,R,D,DN,F , ,N,C,100,0,0,0,1730442,6025781
Whangarei District,06/03/2014,Thu,1520,CC,TS1,130A 412A 501A ,C,R,D,B ,F , , ,C,100,0,0,1,1730823,6024954
Whangarei District,04/05/2014,Sun,700,CB,CN1,102A 130A 412A ,T,R,D,DN,F , , ,C,100,0,0,0,1731124,6023612
Whangarei District,28/06/2014,Sat,10,CB,CS1,130A 410A ,H,R,W,DO,F , , ,C,100,0,0,0,1731271,6022473
Whangarei District,29/06/2014,Sun,1635,CC,CN1,410A ,F,R,D,ON,F , ,N,C,100,0,0,0,1731321,6022076
Whangarei District,18/04/2014,Fri,1200,CC,CN1,129A 134A 407A ,F,R,D,O ,F , , ,C,100,0,0,1,1731305,6021417
Whangarei District,23/12/2014,Tue,1255,MC,TN14,330B 372B ,,R,D,B ,F , ,N,C,100,4,1,1,1730971,6020179
Whangarei District,24/12/2014,Wed,2335,CB,CS1,410A ,F,R,D,DO,F , ,N,C,100,0,0,0,1729532,6017721
Whangarei District,12/09/2014,Fri,1110,CC,CN1,130A 517A 901 ,F,R,W,O ,H , , ,C,100,0,0,0,1729264,6017300
Whangarei District,06/10/2014,Mon,1520,JA,BS1C,301B 375B ,,R,D,BF,F ,T,S,L,100,0,0,2,1728869,6016715
Whangarei District,26/05/2014,Mon,340,EC,CN1,912,W,E,D,DN,F , , ,C,100,0,0,1,1728411,6016187
Whangarei District,27/09/2014,Sat,1649,BE,CN1TC,130A 410A ,,R,D,O ,F , , ,C,100,0,0,0,1727691,6014209
Whangarei District,19/12/2014,Fri,1950,CB,CS1,130A 501A ,C,R,D,TN,F , , ,L,100,0,0,1,1727765,6012564
Whangarei District,22/02/2014,Sat,,DA,CS1,137A ,F,E,D,BN,F , ,N,C,100,0,0,0,1727535,6011737
Whangarei District,08/11/2014,Sat,1304,JA,CN1C,302B 375B ,,E,D,B ,F ,T,G,C,100,0,0,2,1727470,6011445
Whangarei District,18/01/2014,Sat,315,EC,TN1,912,W,M,D,DN,F , , ,C,100,0,0,0,1727515,6011253
Whangarei District,08/07/2014,Tue,2017,DB,TS1,135A 901 903 ,G,E,W,DN,HS, ,N,L,80,0,0,0,1727563,6009665
Whangarei District,27/10/2014,Mon,1420,BB,CN1B,123A 137B ,,M,D,BN,F , ,N,L,80,0,0,0,1727811,6009429
Whangarei District,11/10/2014,Sat,810,DB,4N1,110A 131A ,,M,W,O ,M , ,N,C,100,0,0,0,1728263,6009196
Whangarei District,10/10/2014,Fri,2240,DA,CN1,111A 131A 801 901 903 ,C,M,W,DN,HS, , ,L,80,0,0,0,1728400,6009084
Whangarei District,14/12/2014,Sun,1250,BF,CN1C,131A 801 901 ,,E,W,O ,H , , ,L,80,0,0,0,1728409,6009064
Whangarei District,03/10/2014,Fri,1323,DA,CS1V,129A 359A ,Q,E,W,ON,L , ,N,C,80,0,0,1,1728418,6008928
Whangarei District,14/12/2014,Sun,1800,DA,CN1,111A 131A 801 ,V,M,W,TN,F , ,N,L,80,0,0,0,1728453,6008815
Whangarei District,13/09/2014,Sat,1625,DA,CN1,135A 806 ,G,M,W,ON,L , ,N,C,80,0,0,0,1728473,6008779
Whangarei District,26/01/2014,Sun,1700,DB,CN1,131A 801 ,C,M,W,O ,L , , ,L,80,0,0,1,1728534,6008529
Whangarei District,16/11/2014,Sun,1245,MO,CS1,385A ,G,E,D,B ,F , , ,L,80,0,0,0,1728302,6007984
Whangarei District,26/10/2014,Sun,1508,DA,MN1,131A 191A 402A ,,E,D,B ,F , , ,L,80,0,0,1,1727995,6007542
Whangarei District,05/01/2014,Sun,1815,BC,CN1C,121A ,,M,W,O ,F , ,N,C,80,0,0,0,1727926,6007314
Whangarei District,29/11/2014,Sat,930,AC,CN1C,184A ,,E,D,O ,F , , ,L,80,0,0,0,1727808,6007238
Whangarei District,18/10/2014,Sat,1220,DA,CS1,131A 631A 801 901 ,,M,W,O ,H , , ,C,80,0,0,0,1727808,6007238
Whangarei District,07/02/2014,Fri,1520,BF,CS1V,135A 801 ,,S,W,ON,H , ,N,L,80,0,0,0,1727772,6007204
Whangarei District,06/02/2014,Thu,1350,DA,CN1,131A ,C,S,W,ON,L , ,N,L,80,0,0,1,1727772,6007204
Whangarei District,26/01/2014,Sun,2215,DB,CS1,111A 131A 402A 524A ,C,M,W,DN,F , , ,L,80,0,1,0,1727744,6007163
Whangarei District,20/01/2014,Mon,1215,DA,CS1,131A 687A 901 ,C,S,W,O ,H , , ,C,80,0,0,0,1727923,6007055
Whangarei District,20/06/2014,Fri,2115,DA,BS1,131A 613A 614A ,,M,D,DN,F , , ,L,80,0,0,0,1727946,6007014
Whangarei District,30/07/2014,Wed,1940,DA,TS1,131A ,C,S,D,DN,F , , ,L,80,0,0,0,1727926,6006970
Whangarei District,20/02/2014,Thu,739,BC,MN1C,129A ,,M,W,ON,L , ,N,L,80,1,0,1,1728085,6006616
Whangarei District,27/12/2014,Sat,1430,AO,CN1V,184A 386A ,,M,D,ON,F , ,N,L,80,0,0,0,1728111,6006601
Whangarei District,05/01/2014,Sun,1605,BF,VN1C,131A 800 901 903 ,,M,W,O ,HS, , ,L,80,0,0,2,1728198,6006562
Whangarei District,06/02/2014,Thu,1748,DB,CS1,131A 801 ,C,S,W,O ,L , , ,C,80,0,0,0,1728305,6006485
Whangarei District,06/02/2014,Thu,1830,DA,CN1,800,C,M,W,ON,LS, , ,C,80,0,0,0,1728384,6006343
Whangarei District,20/01/2014,Mon,1820,BF,CN14,131A 801 806 ,,S,W,O ,H , , ,C,80,0,1,0,1728617,6006189